user_id; scenario; distraction; ehmi; timestamp; userPositionX; userPositionY; userPositionZ; playerPositon; time; focused object
33; Bicycle; Noise; None; 15.11.2023 08:59:59; 869.3503; 0.83; 107.1881; HI; null
33; Bicycle; Noise; None; 15.11.2023 08:59:59; 869.3503; 0.8269753; 107.1881; Before; 0.02; Checking Box Human
33; Bicycle; Noise; None; 15.11.2023 09:00:00; 869.3503; 0.8269753; 107.1881; Before; 0.02; Checking Box Human
33; Bicycle; Noise; None; 15.11.2023 09:00:00; 869.3503; 0.8269753; 107.1881; Before; 0.02; Checking Box Human
33; Bicycle; Noise; None; 15.11.2023 09:00:00; 869.3503; 0.8269753; 107.1881; Before; 0.02; Checking Box Human
33; Bicycle; Noise; None; 15.11.2023 09:00:00; 869.3503; 0.8269753; 107.1881; Before; 0.02; Checking Box Human
33; Bicycle; Noise; None; 15.11.2023 09:00:00; 869.3503; 0.8269753; 107.1881; Before; 0.02; Checking Box Human
33; Bicycle; Noise; None; 15.11.2023 09:00:00; 869.3503; 0.8269753; 107.1881; Before; 0.02; Checking Box Human
33; Bicycle; Noise; None; 15.11.2023 09:00:00; 869.3503; 0.8269753; 107.1881; Before; 0.02; Checking Box Human
33; Bicycle; Noise; None; 15.11.2023 09:00:00; 869.3503; 0.8269753; 107.1881; Before; 0.02; Checking Box Human
33; Bicycle; Noise; None; 15.11.2023 09:00:00; 869.3503; 0.8269753; 107.1881; Before; 0.02; Checking Box Human
33; Bicycle; Noise; None; 15.11.2023 09:00:00; 869.3503; 0.8269753; 107.1881; Before; 0.02; Checking Box Human
33; Bicycle; Noise; None; 15.11.2023 09:00:00; 869.3503; 0.8269753; 107.1881; Before; 0.02; Checking Box Human
33; Bicycle; Noise; None; 15.11.2023 09:00:00; 869.3503; 0.8269753; 107.1881; Before; 0.02; Checking Box Human
33; Bicycle; Noise; None; 15.11.2023 09:00:00; 869.3503; 0.8269753; 107.1881; Before; 0.02; Checking Box Human
33; Bicycle; Noise; None; 15.11.2023 09:00:00; 869.3503; 0.8269753; 107.1881; Before; 0.02; Checking Box Human
33; Bicycle; Noise; None; 15.11.2023 09:00:00; 869.3503; 0.8269753; 107.1881; Before; 0.02; Checking Box Human
33; Bicycle; Noise; None; 15.11.2023 09:00:00; 869.3503; 0.8269753; 107.1881; Before; 0.02; Checking Box Human
33; Bicycle; Noise; None; 15.11.2023 09:00:01; 869.3503; 0.7692157; 107.1881; Before; 0.04; null
33; Bicycle; Noise; None; 15.11.2023 09:00:01; 869.3503; 0.7692157; 107.1881; Before; 0.04; null
33; Bicycle; Noise; None; 15.11.2023 09:00:01; 869.3503; 0.7692157; 107.1881; Before; 0.04; null
33; Bicycle; Noise; None; 15.11.2023 09:00:01; 869.3503; 0.7692157; 107.1881; Before; 0.04; null
33; Bicycle; Noise; None; 15.11.2023 09:00:01; 869.3503; 0.7692157; 107.1881; Before; 0.04; null
33; Bicycle; Noise; None; 15.11.2023 09:00:01; 869.3503; 0.7692157; 107.1881; Before; 0.04; null
33; Bicycle; Noise; None; 15.11.2023 09:00:01; 869.3503; 0.7584119; 107.1881; Before; 0.3733333; null
33; Bicycle; Noise; None; 15.11.2023 09:00:01; 869.3503; 0.7584119; 107.1881; Before; 0.3733333; null
33; Bicycle; Noise; None; 15.11.2023 09:00:01; 869.3503; 0.7584119; 107.1881; Before; 0.3733333; null
33; Bicycle; Noise; None; 15.11.2023 09:00:01; 869.3503; 0.7549865; 107.1881; Before; 0.4939284; null
33; Bicycle; Noise; None; 15.11.2023 09:00:01; 869.3503; 0.7536671; 107.1881; Before; 0.5504335; null
33; Bicycle; Noise; None; 15.11.2023 09:00:01; 869.3503; 0.752759; 107.1881; Before; 0.5766651; null
33; Bicycle; Noise; None; 15.11.2023 09:00:01; 869.3503; 0.7521653; 107.1881; Before; 0.5967267; null
33; Bicycle; Noise; None; 15.11.2023 09:00:01; 869.3503; 0.751451; 107.1881; Before; 0.6109419; null
33; Bicycle; Noise; None; 15.11.2023 09:00:01; 869.3503; 0.750705; 107.1881; Before; 0.6293255; null
33; Bicycle; Noise; None; 15.11.2023 09:00:01; 869.3503; 0.7498059; 107.1881; Before; 0.6503679; null
33; Bicycle; Noise; None; 15.11.2023 09:00:01; 869.3503; 0.7492025; 107.1881; Before; 0.6787616; null
33; Bicycle; Noise; None; 15.11.2023 09:00:01; 869.3503; 0.74875; 107.1881; Before; 0.7001467; null
33; Bicycle; Noise; None; 15.11.2023 09:00:01; 869.3503; 0.7484176; 107.1881; Before; 0.7176915; null
33; Bicycle; Noise; None; 15.11.2023 09:00:01; 869.3503; 0.7477398; 107.1881; Before; 0.7476705; null
33; Bicycle; Noise; None; 15.11.2023 09:00:01; 869.3503; 0.7473259; 107.1881; Before; 0.7629912; null
33; Bicycle; Noise; None; 15.11.2023 09:00:01; 869.3503; 0.7469736; 107.1881; Before; 0.7847537; null
33; Bicycle; Noise; None; 15.11.2023 09:00:01; 869.3503; 0.7469736; 107.1881; Before; 0.7847537; null
33; Bicycle; Noise; None; 15.11.2023 09:00:01; 869.3503; 0.7465711; 107.1881; Before; 0.8052089; null
33; Bicycle; Noise; None; 15.11.2023 09:00:01; 869.3503; 0.7462598; 107.1881; Before; 0.8312141; null
33; Bicycle; Noise; None; 15.11.2023 09:00:01; 869.3503; 0.746033; 107.1881; Before; 0.8538023; null
33; Bicycle; Noise; None; 15.11.2023 09:00:01; 869.3503; 0.7457743; 107.1881; Before; 0.8719398; null
33; Bicycle; Noise; None; 15.11.2023 09:00:01; 869.3503; 0.7455652; 107.1881; Before; 0.8946739; null
33; Bicycle; Noise; None; 15.11.2023 09:00:01; 869.3501; 0.7454994; 107.1881; Before; 0.9166077; null
33; Bicycle; Noise; None; 15.11.2023 09:00:01; 869.35; 0.745685; 107.1881; Before; 0.938928; null
33; Bicycle; Noise; None; 15.11.2023 09:00:01; 869.35; 0.7462232; 107.1881; Before; 0.9613393; null
33; Bicycle; Noise; None; 15.11.2023 09:00:01; 869.3499; 0.7470286; 107.1881; Before; 0.9849796; null
33; Bicycle; Noise; None; 15.11.2023 09:00:01; 869.3499; 0.7470286; 107.1881; Before; 0.9849796; null
33; Bicycle; Noise; None; 15.11.2023 09:00:01; 869.3496; 0.7482083; 107.1881; Before; 1.005781; null
33; Bicycle; Noise; None; 15.11.2023 09:00:01; 869.3494; 0.7497789; 107.1881; Before; 1.027595; null
33; Bicycle; Noise; None; 15.11.2023 09:00:01; 869.3492; 0.7515975; 107.1881; Before; 1.050165; null
33; Bicycle; Noise; None; 15.11.2023 09:00:01; 869.349; 0.7536173; 107.1881; Before; 1.07198; null
33; Bicycle; Noise; None; 15.11.2023 09:00:01; 869.3488; 0.755816; 107.1881; Before; 1.094194; null
33; Bicycle; Noise; None; 15.11.2023 09:00:01; 869.3486; 0.7580087; 107.1881; Before; 1.11789; null
33; Bicycle; Noise; None; 15.11.2023 09:00:01; 869.3484; 0.7595719; 107.1881; Before; 1.14222; null
33; Bicycle; Noise; None; 15.11.2023 09:00:01; 869.3482; 0.7614112; 107.1881; Before; 1.160679; null
33; Bicycle; Noise; None; 15.11.2023 09:00:01; 869.348; 0.7629297; 107.1881; Before; 1.184191; null
33; Bicycle; Noise; None; 15.11.2023 09:00:01; 869.348; 0.7629297; 107.1881; Before; 1.184191; null
33; Bicycle; Noise; None; 15.11.2023 09:00:01; 869.3478; 0.7643003; 107.1881; Before; 1.205896; null
33; Bicycle; Noise; None; 15.11.2023 09:00:01; 869.3473; 0.7659272; 107.1881; Before; 1.24329; null
33; Bicycle; Noise; None; 15.11.2023 09:00:01; 869.3471; 0.7665484; 107.1881; Before; 1.259699; null
33; Bicycle; Noise; None; 15.11.2023 09:00:01; 869.3468; 0.7673562; 107.1881; Before; 1.273972; null
33; Bicycle; Noise; None; 15.11.2023 09:00:01; 869.3464; 0.7678378; 107.1881; Before; 1.295525; null
33; Bicycle; Noise; None; 15.11.2023 09:00:01; 869.3462; 0.7682943; 107.1881; Before; 1.310619; null
33; Bicycle; Noise; None; 15.11.2023 09:00:01; 869.3456; 0.7690173; 107.1881; Before; 1.345371; null
33; Bicycle; Noise; None; 15.11.2023 09:00:01; 869.3453; 0.7692547; 107.1881; Before; 1.361465; null
33; Bicycle; Noise; None; 15.11.2023 09:00:01; 869.3446; 0.7696139; 107.1881; Before; 1.391561; null
33; Bicycle; Noise; None; 15.11.2023 09:00:01; 869.3446; 0.7696139; 107.1881; Before; 1.391561; null
33; Bicycle; Noise; None; 15.11.2023 09:00:02; 869.3435; 0.7698677; 107.1882; Before; 1.421253; null
33; Bicycle; Noise; None; 15.11.2023 09:00:02; 869.3424; 0.7699819; 107.1881; Before; 1.437931; null
33; Bicycle; Noise; None; 15.11.2023 09:00:02; 869.3416; 0.7700348; 107.1881; Before; 1.461279; null
33; Bicycle; Noise; None; 15.11.2023 09:00:02; 869.3407; 0.7700715; 107.1881; Before; 1.477121; null
33; Bicycle; Noise; None; 15.11.2023 09:00:02; 869.3396; 0.7700927; 107.1882; Before; 1.494412; null
33; Bicycle; Noise; None; 15.11.2023 09:00:02; 869.3383; 0.7701015; 107.1882; Before; 1.511541; null
33; Bicycle; Noise; None; 15.11.2023 09:00:02; 869.3361; 0.7700899; 107.1882; Before; 1.547364; null
33; Bicycle; Noise; None; 15.11.2023 09:00:02; 869.335; 0.7700782; 107.1882; Before; 1.561377; null
33; Bicycle; Noise; None; 15.11.2023 09:00:02; 869.3335; 0.7700586; 107.1882; Before; 1.5763; null
33; Bicycle; Noise; None; 15.11.2023 09:00:02; 869.3335; 0.7700586; 107.1882; Before; 1.5763; null
33; Bicycle; Noise; None; 15.11.2023 09:00:02; 869.331; 0.7700226; 107.1882; Before; 1.593777; null
33; Bicycle; Noise; None; 15.11.2023 09:00:02; 869.3282; 0.7699819; 107.1882; Before; 1.621259; null
33; Bicycle; Noise; None; 15.11.2023 09:00:02; 869.3244; 0.769933; 107.1882; Before; 1.668347; null
33; Bicycle; Noise; None; 15.11.2023 09:00:02; 869.3226; 0.7699136; 107.1882; Before; 1.68547; null
33; Bicycle; Noise; None; 15.11.2023 09:00:02; 869.3207; 0.769895; 107.1883; Before; 1.701085; null
33; Bicycle; Noise; None; 15.11.2023 09:00:02; 869.319; 0.7698793; 107.1883; Before; 1.716833; null
33; Bicycle; Noise; None; 15.11.2023 09:00:02; 869.317; 0.7698635; 107.1883; Before; 1.731439; null
33; Bicycle; Noise; None; 15.11.2023 09:00:02; 869.3119; 0.7698299; 107.1883; Before; 1.768305; null
33; Bicycle; Noise; None; 15.11.2023 09:00:02; 869.3097; 0.7698197; 107.1883; Before; 1.785716; null
33; Bicycle; Noise; None; 15.11.2023 09:00:02; 869.3074; 0.7698088; 107.1884; Before; 1.8009; null
33; Bicycle; Noise; None; 15.11.2023 09:00:02; 869.3052; 0.7698007; 107.1884; Before; 1.817278; null
33; Bicycle; Noise; None; 15.11.2023 09:00:02; 869.3021; 0.7697902; 107.1884; Before; 1.831541; null
33; Bicycle; Noise; None; 15.11.2023 09:00:02; 869.2967; 0.7697772; 107.1884; Before; 1.870152; null
33; Bicycle; Noise; None; 15.11.2023 09:00:02; 869.2942; 0.7697734; 107.1884; Before; 1.88578; null
33; Bicycle; Noise; None; 15.11.2023 09:00:02; 869.2942; 0.7697734; 107.1884; Before; 1.88578; null
33; Bicycle; Noise; None; 15.11.2023 09:00:02; 869.2899; 0.7697675; 107.1884; Before; 1.900361; null
33; Bicycle; Noise; None; 15.11.2023 09:00:02; 869.2864; 0.7697649; 107.1885; Before; 1.925791; null
33; Bicycle; Noise; None; 15.11.2023 09:00:02; 869.2797; 0.7697595; 107.1885; Before; 1.964884; null
33; Bicycle; Noise; None; 15.11.2023 09:00:02; 869.2767; 0.7697581; 107.1885; Before; 1.981982; null
33; Bicycle; Noise; None; 15.11.2023 09:00:02; 869.2739; 0.7697573; 107.1885; Before; 1.997717; null
33; Bicycle; Noise; None; 15.11.2023 09:00:02; 869.2702; 0.7697566; 107.1885; Before; 2.012224; null
33; Bicycle; Noise; None; 15.11.2023 09:00:02; 869.2658; 0.7697561; 107.1885; Before; 2.03062; null
33; Bicycle; Noise; None; 15.11.2023 09:00:02; 869.2604; 0.7697562; 107.1885; Before; 2.052281; null
33; Bicycle; Noise; None; 15.11.2023 09:00:02; 869.2562; 0.7697566; 107.1885; Before; 2.078417; null
33; Bicycle; Noise; None; 15.11.2023 09:00:02; 869.2522; 0.7697566; 107.1885; Before; 2.098126; null
33; Bicycle; Noise; None; 15.11.2023 09:00:02; 869.2488; 0.7697573; 107.1886; Before; 2.116226; null
33; Bicycle; Noise; None; 15.11.2023 09:00:02; 869.2416; 0.7697577; 107.1886; Before; 2.148452; null
33; Bicycle; Noise; None; 15.11.2023 09:00:02; 869.2372; 0.7697583; 107.1886; Before; 2.162658; null
33; Bicycle; Noise; None; 15.11.2023 09:00:02; 869.2329; 0.7697589; 107.1886; Before; 2.181399; null
33; Bicycle; Noise; None; 15.11.2023 09:00:02; 869.2288; 0.7697591; 107.1886; Before; 2.199528; null
33; Bicycle; Noise; None; 15.11.2023 09:00:02; 869.2229; 0.7697598; 107.1886; Before; 2.216741; null
33; Bicycle; Noise; None; 15.11.2023 09:00:02; 869.2185; 0.7697605; 107.1886; Before; 2.240441; null
33; Bicycle; Noise; None; 15.11.2023 09:00:02; 869.2145; 0.7697603; 107.1887; Before; 2.257914; null
33; Bicycle; Noise; None; 15.11.2023 09:00:02; 869.2059; 0.7697597; 107.1887; Before; 2.289567; null
33; Bicycle; Noise; None; 15.11.2023 09:00:02; 869.2059; 0.7697597; 107.1887; Before; 2.289567; null
33; Bicycle; Noise; None; 15.11.2023 09:00:02; 869.1974; 0.7697601; 107.1887; Before; 2.322101; null
33; Bicycle; Noise; None; 15.11.2023 09:00:02; 869.1934; 0.7697601; 107.1887; Before; 2.338289; null
33; Bicycle; Noise; None; 15.11.2023 09:00:02; 869.1891; 0.7697607; 107.1887; Before; 2.353112; null
33; Bicycle; Noise; None; 15.11.2023 09:00:02; 869.1818; 0.7697605; 107.1888; Before; 2.368564; null
33; Bicycle; Noise; None; 15.11.2023 09:00:02; 869.177; 0.7697613; 107.1888; Before; 2.394321; null
33; Bicycle; Noise; None; 15.11.2023 09:00:03; 869.1707; 0.7697613; 107.1888; Before; 2.410396; null
33; Bicycle; Noise; None; 15.11.2023 09:00:03; 869.1583; 0.7697611; 107.1888; Before; 2.444483; null
33; Bicycle; Noise; None; 15.11.2023 09:00:03; 869.1518; 0.7697613; 107.1888; Before; 2.460398; null
33; Bicycle; Noise; None; 15.11.2023 09:00:03; 869.1357; 0.7697618; 107.1889; Before; 2.489524; null
33; Bicycle; Noise; None; 15.11.2023 09:00:03; 869.1357; 0.7697618; 107.1889; Before; 2.489524; null
33; Bicycle; Noise; None; 15.11.2023 09:00:03; 869.1273; 0.7697628; 107.1889; Before; 2.507728; null
33; Bicycle; Noise; None; 15.11.2023 09:00:03; 869.1032; 0.7697611; 107.1889; Before; 2.546978; null
33; Bicycle; Noise; None; 15.11.2023 09:00:03; 869.0944; 0.7697613; 107.189; Before; 2.563855; null
33; Bicycle; Noise; None; 15.11.2023 09:00:03; 869.0835; 0.769761; 107.189; Before; 2.577527; null
33; Bicycle; Noise; None; 15.11.2023 09:00:03; 869.071; 0.7697623; 107.189; Before; 2.593441; null
33; Bicycle; Noise; None; 15.11.2023 09:00:03; 869.0475; 0.7697628; 107.189; Before; 2.627312; null
33; Bicycle; Noise; None; 15.11.2023 09:00:03; 869.0361; 0.7697632; 107.1891; Before; 2.641929; null
33; Bicycle; Noise; None; 15.11.2023 09:00:03; 869.0109; 0.7697619; 107.1891; Before; 2.671383; null
33; Bicycle; Noise; None; 15.11.2023 09:00:03; 868.9924; 0.7697612; 107.1891; Before; 2.686054; null
33; Bicycle; Noise; None; 15.11.2023 09:00:03; 868.9924; 0.7697612; 107.1891; Before; 2.686054; null
33; Bicycle; Noise; None; 15.11.2023 09:00:03; 868.9595; 0.7697608; 107.1892; Before; 2.722732; null
33; Bicycle; Noise; None; 15.11.2023 09:00:03; 868.9414; 0.7697605; 107.1892; Before; 2.741676; null
33; Bicycle; Noise; None; 15.11.2023 09:00:03; 868.9272; 0.7697605; 107.1893; Before; 2.759752; null
33; Bicycle; Noise; None; 15.11.2023 09:00:03; 868.8942; 0.7697605; 107.1893; Before; 2.787775; null
33; Bicycle; Noise; None; 15.11.2023 09:00:03; 868.8773; 0.769761; 107.1894; Before; 2.804714; null
33; Bicycle; Noise; None; 15.11.2023 09:00:03; 868.8629; 0.7697612; 107.1894; Before; 2.819981; null
33; Bicycle; Noise; None; 15.11.2023 09:00:03; 868.844; 0.7697611; 107.1894; Before; 2.832696; null
33; Bicycle; Noise; None; 15.11.2023 09:00:03; 868.8145; 0.7697616; 107.1895; Before; 2.849055; null
33; Bicycle; Noise; None; 15.11.2023 09:00:03; 868.7948; 0.7697619; 107.1895; Before; 2.873831; null
33; Bicycle; Noise; None; 15.11.2023 09:00:03; 868.7705; 0.769762; 107.1896; Before; 2.889762; null
33; Bicycle; Noise; None; 15.11.2023 09:00:03; 868.7294; 0.7697617; 107.1896; Before; 2.925907; null
33; Bicycle; Noise; None; 15.11.2023 09:00:03; 868.7018; 0.7697613; 107.1897; Before; 2.94039; null
33; Bicycle; Noise; None; 15.11.2023 09:00:03; 868.678; 0.769762; 107.1897; Before; 2.960679; null
33; Bicycle; Noise; None; 15.11.2023 09:00:03; 868.6528; 0.7697618; 107.1897; Before; 2.977659; null
33; Bicycle; Noise; None; 15.11.2023 09:00:03; 868.6304; 0.7697626; 107.1898; Before; 2.995274; null
33; Bicycle; Noise; None; 15.11.2023 09:00:03; 868.5955; 0.7697623; 107.1898; Before; 3.010525; null
33; Bicycle; Noise; None; 15.11.2023 09:00:03; 868.5641; 0.769762; 107.1898; Before; 3.033728; null
33; Bicycle; Noise; None; 15.11.2023 09:00:03; 868.5354; 0.7697618; 107.1899; Before; 3.054034; null
33; Bicycle; Noise; None; 15.11.2023 09:00:03; 868.4792; 0.7697619; 107.1899; Before; 3.08847; null
33; Bicycle; Noise; None; 15.11.2023 09:00:03; 868.4792; 0.7697619; 107.1899; Before; 3.08847; null
33; Bicycle; Noise; None; 15.11.2023 09:00:03; 868.4219; 0.7697618; 107.19; Before; 3.123932; null
33; Bicycle; Noise; None; 15.11.2023 09:00:03; 868.3964; 0.7697618; 107.19; Before; 3.140234; null
33; Bicycle; Noise; None; 15.11.2023 09:00:03; 868.3691; 0.7697613; 107.19; Before; 3.154823; null
33; Bicycle; Noise; None; 15.11.2023 09:00:03; 868.3013; 0.7697619; 107.1901; Before; 3.190812; null
33; Bicycle; Noise; None; 15.11.2023 09:00:03; 868.3013; 0.7697619; 107.1901; Before; 3.190812; null
33; Bicycle; Noise; None; 15.11.2023 09:00:03; 868.2396; 0.7697623; 107.1901; Before; 3.221291; null
33; Bicycle; Noise; None; 15.11.2023 09:00:03; 868.2133; 0.7697628; 107.1902; Before; 3.240268; null
33; Bicycle; Noise; None; 15.11.2023 09:00:03; 868.1793; 0.769762; 107.1902; Before; 3.253979; null
33; Bicycle; Noise; None; 15.11.2023 09:00:03; 868.109; 0.7697623; 107.1903; Before; 3.287613; null
33; Bicycle; Noise; None; 15.11.2023 09:00:03; 868.109; 0.7697623; 107.1903; Before; 3.287613; null
33; Bicycle; Noise; None; 15.11.2023 09:00:03; 868.0762; 0.7697631; 107.1903; Before; 3.30655; null
33; Bicycle; Noise; None; 15.11.2023 09:00:03; 867.9983; 0.7697618; 107.1905; Before; 3.344347; null
33; Bicycle; Noise; None; 15.11.2023 09:00:03; 867.9703; 0.7697613; 107.1906; Before; 3.359894; null
33; Bicycle; Noise; None; 15.11.2023 09:00:03; 867.8968; 0.7697611; 107.1907; Before; 3.390299; null
33; Bicycle; Noise; None; 15.11.2023 09:00:03; 867.8968; 0.7697611; 107.1907; Before; 3.390299; null
33; Bicycle; Noise; None; 15.11.2023 09:00:04; 867.8534; 0.7697607; 107.1908; Before; 3.406792; null
33; Bicycle; Noise; None; 15.11.2023 09:00:04; 867.7753; 0.7697611; 107.191; Before; 3.444395; null
33; Bicycle; Noise; None; 15.11.2023 09:00:04; 867.7377; 0.7697618; 107.1911; Before; 3.46024; null
33; Bicycle; Noise; None; 15.11.2023 09:00:04; 867.6838; 0.7697608; 107.1912; Before; 3.476237; null
33; Bicycle; Noise; None; 15.11.2023 09:00:04; 867.6449; 0.7697611; 107.1913; Before; 3.498749; null
33; Bicycle; Noise; None; 15.11.2023 09:00:04; 867.6063; 0.7697613; 107.1914; Before; 3.514761; null
33; Bicycle; Noise; None; 15.11.2023 09:00:04; 867.5287; 0.7697618; 107.1917; Before; 3.545182; null
33; Bicycle; Noise; None; 15.11.2023 09:00:04; 867.4911; 0.7697628; 107.1918; Before; 3.561235; null
33; Bicycle; Noise; None; 15.11.2023 09:00:04; 867.4119; 0.7697612; 107.1921; Before; 3.591034; null
33; Bicycle; Noise; None; 15.11.2023 09:00:04; 867.4119; 0.7697612; 107.1921; Before; 3.591034; null
33; Bicycle; Noise; None; 15.11.2023 09:00:04; 867.3254; 0.7697607; 107.1924; Before; 3.621369; null
33; Bicycle; Noise; None; 15.11.2023 09:00:04; 867.2708; 0.7697604; 107.1926; Before; 3.638533; null
33; Bicycle; Noise; None; 15.11.2023 09:00:04; 867.2248; 0.76976; 107.1928; Before; 3.658507; null
33; Bicycle; Noise; None; 15.11.2023 09:00:04; 867.1356; 0.7697606; 107.1933; Before; 3.689905; null
33; Bicycle; Noise; None; 15.11.2023 09:00:04; 867.1356; 0.7697606; 107.1933; Before; 3.689905; null
33; Bicycle; Noise; None; 15.11.2023 09:00:04; 867.0437; 0.7697616; 107.1937; Before; 3.722242; null
33; Bicycle; Noise; None; 15.11.2023 09:00:04; 867.0034; 0.7697618; 107.1939; Before; 3.738723; null
33; Bicycle; Noise; None; 15.11.2023 09:00:04; 866.9553; 0.769762; 107.1942; Before; 3.752517; null
33; Bicycle; Noise; None; 15.11.2023 09:00:04; 866.8524; 0.7697619; 107.1947; Before; 3.787231; null
33; Bicycle; Noise; None; 15.11.2023 09:00:04; 866.8524; 0.7697619; 107.1947; Before; 3.787231; null
33; Bicycle; Noise; None; 15.11.2023 09:00:04; 866.7336; 0.7697617; 107.1954; Before; 3.824754; null
33; Bicycle; Noise; None; 15.11.2023 09:00:04; 866.69; 0.7697626; 107.1957; Before; 3.841848; null
33; Bicycle; Noise; None; 15.11.2023 09:00:04; 866.6399; 0.7697619; 107.196; Before; 3.855839; null
33; Bicycle; Noise; None; 15.11.2023 09:00:04; 866.5789; 0.7697616; 107.1964; Before; 3.87176; null
33; Bicycle; Noise; None; 15.11.2023 09:00:04; 866.5178; 0.7697618; 107.1969; Before; 3.890971; null
33; Bicycle; Noise; None; 15.11.2023 09:00:04; 866.4479; 0.7697623; 107.1974; Before; 3.909973; null
33; Bicycle; Noise; None; 15.11.2023 09:00:04; 866.3805; 0.7697617; 107.1979; Before; 3.931519; null
33; Bicycle; Noise; None; 15.11.2023 09:00:04; 866.3254; 0.7697616; 107.1983; Before; 3.95203; null
33; Bicycle; Noise; None; 15.11.2023 09:00:04; 866.2361; 0.7697614; 107.199; Before; 3.968613; null
33; Bicycle; Noise; None; 15.11.2023 09:00:04; 866.1751; 0.769762; 107.1995; Before; 3.995261; null
33; Bicycle; Noise; None; 15.11.2023 09:00:04; 866.1198; 0.7697616; 107.1999; Before; 4.013201; null
33; Bicycle; Noise; None; 15.11.2023 09:00:04; 866.012; 0.7697617; 107.2009; Before; 4.043517; null
33; Bicycle; Noise; None; 15.11.2023 09:00:04; 865.9588; 0.7697628; 107.2013; Before; 4.0605; null
33; Bicycle; Noise; None; 15.11.2023 09:00:04; 865.8462; 0.7697616; 107.2024; Before; 4.091525; null
33; Bicycle; Noise; None; 15.11.2023 09:00:04; 865.8462; 0.7697616; 107.2024; Before; 4.091525; null
33; Bicycle; Noise; None; 15.11.2023 09:00:04; 865.7831; 0.7697623; 107.203; Before; 4.107474; null
33; Bicycle; Noise; None; 15.11.2023 09:00:04; 865.6842; 0.7697616; 107.2039; Before; 4.125109; null
33; Bicycle; Noise; None; 15.11.2023 09:00:04; 865.5701; 0.7697623; 107.205; Before; 4.168176; null
33; Bicycle; Noise; None; 15.11.2023 09:00:04; 865.5109; 0.7697628; 107.2056; Before; 4.183546; null
33; Bicycle; Noise; None; 15.11.2023 09:00:04; 865.4462; 0.7697613; 107.2062; Before; 4.199575; null
33; Bicycle; Noise; None; 15.11.2023 09:00:04; 865.384; 0.7697616; 107.2069; Before; 4.216932; null
33; Bicycle; Noise; None; 15.11.2023 09:00:04; 865.2684; 0.7697604; 107.2081; Before; 4.249082; null
33; Bicycle; Noise; None; 15.11.2023 09:00:04; 865.2065; 0.7697601; 107.2087; Before; 4.263954; null
33; Bicycle; Noise; None; 15.11.2023 09:00:04; 865.1032; 0.7697608; 107.2098; Before; 4.280125; null
33; Bicycle; Noise; None; 15.11.2023 09:00:04; 865.1032; 0.7697608; 107.2098; Before; 4.280125; null
33; Bicycle; Noise; None; 15.11.2023 09:00:04; 864.979; 0.7697614; 107.2111; Before; 4.322676; null
33; Bicycle; Noise; None; 15.11.2023 09:00:04; 864.9192; 0.7697618; 107.2117; Before; 4.338743; null
33; Bicycle; Noise; None; 15.11.2023 09:00:04; 864.8038; 0.7697611; 107.2129; Before; 4.36919; null
33; Bicycle; Noise; None; 15.11.2023 09:00:04; 864.7434; 0.7697618; 107.2136; Before; 4.383011; null
33; Bicycle; Noise; None; 15.11.2023 09:00:04; 864.6824; 0.7697617; 107.2142; Before; 4.398119; null
33; Bicycle; Noise; None; 15.11.2023 09:00:05; 864.6077; 0.7697614; 107.215; Before; 4.41329; null
33; Bicycle; Noise; None; 15.11.2023 09:00:05; 864.5176; 0.7697613; 107.2159; Before; 4.431759; null
33; Bicycle; Noise; None; 15.11.2023 09:00:05; 864.3901; 0.7697608; 107.2172; Before; 4.470189; null
33; Bicycle; Noise; None; 15.11.2023 09:00:05; 864.3276; 0.7697616; 107.2179; Before; 4.484906; null
33; Bicycle; Noise; None; 15.11.2023 09:00:05; 864.2615; 0.7697611; 107.2186; Before; 4.499987; null
33; Bicycle; Noise; None; 15.11.2023 09:00:05; 864.1899; 0.7697616; 107.2193; Before; 4.515857; null
33; Bicycle; Noise; None; 15.11.2023 09:00:05; 864.1124; 0.7697616; 107.22; Before; 4.532966; null
33; Bicycle; Noise; None; 15.11.2023 09:00:05; 863.9742; 0.7697623; 107.2214; Before; 4.567132; null
33; Bicycle; Noise; None; 15.11.2023 09:00:05; 863.8789; 0.7697632; 107.2223; Before; 4.583957; null
33; Bicycle; Noise; None; 15.11.2023 09:00:05; 863.8789; 0.7697632; 107.2223; Before; 4.583957; null
33; Bicycle; Noise; None; 15.11.2023 09:00:05; 863.7376; 0.7697629; 107.2237; Before; 4.622777; null
33; Bicycle; Noise; None; 15.11.2023 09:00:05; 863.6783; 0.7697628; 107.2243; Before; 4.638977; null
33; Bicycle; Noise; None; 15.11.2023 09:00:05; 863.5482; 0.7697625; 107.2256; Before; 4.666775; null
33; Bicycle; Noise; None; 15.11.2023 09:00:05; 863.4844; 0.769762; 107.2262; Before; 4.682415; null
33; Bicycle; Noise; None; 15.11.2023 09:00:05; 863.4266; 0.7697625; 107.2268; Before; 4.696901; null
33; Bicycle; Noise; None; 15.11.2023 09:00:05; 863.2886; 0.7697608; 107.2282; Before; 4.725948; null
33; Bicycle; Noise; None; 15.11.2023 09:00:05; 863.1872; 0.7697604; 107.2292; Before; 4.741076; null
33; Bicycle; Noise; None; 15.11.2023 09:00:05; 863.1055; 0.7697601; 107.2301; Before; 4.763731; null
33; Bicycle; Noise; None; 15.11.2023 09:00:05; 863.0326; 0.7697606; 107.2308; Before; 4.781909; null
33; Bicycle; Noise; None; 15.11.2023 09:00:05; 862.9579; 0.7697607; 107.2316; Before; 4.798036; null
33; Bicycle; Noise; None; 15.11.2023 09:00:05; 862.8932; 0.7697604; 107.2323; Before; 4.814472; null
33; Bicycle; Noise; None; 15.11.2023 09:00:05; 862.7306; 0.7697611; 107.2341; Before; 4.847114; null
33; Bicycle; Noise; None; 15.11.2023 09:00:05; 862.6494; 0.7697616; 107.2351; Before; 4.864172; null
33; Bicycle; Noise; None; 15.11.2023 09:00:05; 862.5766; 0.7697611; 107.2359; Before; 4.881757; null
33; Bicycle; Noise; None; 15.11.2023 09:00:05; 862.4772; 0.769762; 107.2371; Before; 4.897485; null
33; Bicycle; Noise; None; 15.11.2023 09:00:05; 862.4088; 0.7697625; 107.2379; Before; 4.918848; null
33; Bicycle; Noise; None; 15.11.2023 09:00:05; 862.3161; 0.7697613; 107.239; Before; 4.933504; null
33; Bicycle; Noise; None; 15.11.2023 09:00:05; 862.1695; 0.7697613; 107.2408; Before; 4.967222; null
33; Bicycle; Noise; None; 15.11.2023 09:00:05; 862.0966; 0.7697611; 107.2417; Before; 4.984326; null
33; Bicycle; Noise; None; 15.11.2023 09:00:05; 862.0132; 0.769761; 107.2428; Before; 4.999707; null
33; Bicycle; Noise; None; 15.11.2023 09:00:05; 861.9471; 0.7697612; 107.2437; Before; 5.017242; null
33; Bicycle; Noise; None; 15.11.2023 09:00:05; 861.8013; 0.7697616; 107.2456; Before; 5.044964; null
33; Bicycle; Noise; None; 15.11.2023 09:00:05; 861.6896; 0.7697618; 107.2471; Before; 5.061449; null
33; Bicycle; Noise; None; 15.11.2023 09:00:05; 861.5999; 0.7697618; 107.2484; Before; 5.084605; null
33; Bicycle; Noise; None; 15.11.2023 09:00:05; 861.5267; 0.7697614; 107.2494; Before; 5.103093; null
33; Bicycle; Noise; None; 15.11.2023 09:00:05; 861.4612; 0.7697614; 107.2503; Before; 5.118162; null
33; Bicycle; Noise; None; 15.11.2023 09:00:05; 861.3047; 0.7697611; 107.2526; Before; 5.149247; null
33; Bicycle; Noise; None; 15.11.2023 09:00:05; 861.2382; 0.7697614; 107.2535; Before; 5.163525; null
33; Bicycle; Noise; None; 15.11.2023 09:00:05; 861.0894; 0.7697614; 107.2557; Before; 5.192035; null
33; Bicycle; Noise; None; 15.11.2023 09:00:05; 861.0894; 0.7697614; 107.2557; Before; 5.192035; null
33; Bicycle; Noise; None; 15.11.2023 09:00:05; 861.014; 0.769762; 107.2569; Before; 5.207128; null
33; Bicycle; Noise; None; 15.11.2023 09:00:05; 860.8224; 0.7697622; 107.2597; Before; 5.244267; null
33; Bicycle; Noise; None; 15.11.2023 09:00:05; 860.7527; 0.7698524; 107.2608; Before; 5.260721; null
33; Bicycle; Noise; None; 15.11.2023 09:00:05; 860.5929; 0.7700543; 107.2632; Before; 5.290005; null
33; Bicycle; Noise; None; 15.11.2023 09:00:05; 860.524; 0.7701123; 107.2642; Before; 5.306357; null
33; Bicycle; Noise; None; 15.11.2023 09:00:05; 860.4417; 0.7701603; 107.2655; Before; 5.319988; null
33; Bicycle; Noise; None; 15.11.2023 09:00:05; 860.3655; 0.7701906; 107.2666; Before; 5.336228; null
33; Bicycle; Noise; None; 15.11.2023 09:00:05; 860.1994; 0.77022; 107.2691; Before; 5.366669; null
33; Bicycle; Noise; None; 15.11.2023 09:00:05; 860.0844; 0.7702196; 107.2708; Before; 5.383773; null
33; Bicycle; Noise; None; 15.11.2023 09:00:05; 860.0844; 0.7702196; 107.2708; Before; 5.383773; null
33; Bicycle; Noise; None; 15.11.2023 09:00:06; 859.9125; 0.7702007; 107.2732; Before; 5.423406; null
33; Bicycle; Noise; None; 15.11.2023 09:00:06; 859.8448; 0.7701898; 107.2742; Before; 5.439408; null
33; Bicycle; Noise; None; 15.11.2023 09:00:06; 859.6954; 0.7701633; 107.2762; Before; 5.465741; null
33; Bicycle; Noise; None; 15.11.2023 09:00:06; 859.6055; 0.7701459; 107.2774; Before; 5.480768; null
33; Bicycle; Noise; None; 15.11.2023 09:00:06; 859.5361; 0.7701336; 107.2784; Before; 5.497695; null
33; Bicycle; Noise; None; 15.11.2023 09:00:06; 859.3677; 0.7701032; 107.2806; Before; 5.526986; null
33; Bicycle; Noise; None; 15.11.2023 09:00:06; 859.2516; 0.7700855; 107.2821; Before; 5.541932; null
33; Bicycle; Noise; None; 15.11.2023 09:00:06; 859.1639; 0.7700732; 107.2831; Before; 5.563256; null
33; Bicycle; Noise; None; 15.11.2023 09:00:06; 859.0734; 0.7700609; 107.2843; Before; 5.579219; null
33; Bicycle; Noise; None; 15.11.2023 09:00:06; 858.9955; 0.7700514; 107.2852; Before; 5.595634; null
33; Bicycle; Noise; None; 15.11.2023 09:00:06; 858.8241; 0.7700328; 107.2872; Before; 5.625004; null
33; Bicycle; Noise; None; 15.11.2023 09:00:06; 858.7445; 0.7700261; 107.2881; Before; 5.640339; null
33; Bicycle; Noise; None; 15.11.2023 09:00:06; 858.6431; 0.7700183; 107.2892; Before; 5.654458; null
33; Bicycle; Noise; None; 15.11.2023 09:00:06; 858.4465; 0.7700064; 107.2913; Before; 5.689981; null
33; Bicycle; Noise; None; 15.11.2023 09:00:06; 858.4465; 0.7700064; 107.2913; Before; 5.689981; null
33; Bicycle; Noise; None; 15.11.2023 09:00:06; 858.3154; 0.7700012; 107.2927; Before; 5.70673; null
33; Bicycle; Noise; None; 15.11.2023 09:00:06; 858.2163; 0.7699982; 107.2937; Before; 5.729432; null
33; Bicycle; Noise; None; 15.11.2023 09:00:06; 858.0093; 0.7699928; 107.2959; Before; 5.764482; null
33; Bicycle; Noise; None; 15.11.2023 09:00:06; 857.9172; 0.7699908; 107.2969; Before; 5.78179; null
33; Bicycle; Noise; None; 15.11.2023 09:00:06; 857.8358; 0.7699904; 107.2978; Before; 5.797395; null
33; Bicycle; Noise; None; 15.11.2023 09:00:06; 857.7081; 0.769989; 107.2991; Before; 5.811097; null
33; Bicycle; Noise; None; 15.11.2023 09:00:06; 857.519; 0.7699867; 107.3012; Before; 5.849123; null
33; Bicycle; Noise; None; 15.11.2023 09:00:06; 857.3914; 0.7699862; 107.3026; Before; 5.863925; null
33; Bicycle; Noise; None; 15.11.2023 09:00:06; 857.2783; 0.7699856; 107.3038; Before; 5.885001; null
33; Bicycle; Noise; None; 15.11.2023 09:00:06; 857.2783; 0.7699856; 107.3038; Before; 5.885001; null
33; Bicycle; Noise; None; 15.11.2023 09:00:06; 857.0801; 0.7699863; 107.306; Before; 5.920142; null
33; Bicycle; Noise; None; 15.11.2023 09:00:06; 856.9869; 0.7699862; 107.3071; Before; 5.935844; null
33; Bicycle; Noise; None; 15.11.2023 09:00:06; 856.7859; 0.7699866; 107.3094; Before; 5.965649; null
33; Bicycle; Noise; None; 15.11.2023 09:00:06; 856.682; 0.7699873; 107.3105; Before; 5.98325; null
33; Bicycle; Noise; None; 15.11.2023 09:00:06; 856.5905; 0.769987; 107.3116; Before; 5.999866; null
33; Bicycle; Noise; None; 15.11.2023 09:00:06; 856.4559; 0.7699866; 107.3131; Before; 6.014426; null
33; Bicycle; Noise; None; 15.11.2023 09:00:06; 856.3293; 0.7699869; 107.3146; Before; 6.035736; null
33; Bicycle; Noise; None; 15.11.2023 09:00:06; 856.2252; 0.7699863; 107.3158; Before; 6.0557; null
33; Bicycle; Noise; None; 15.11.2023 09:00:06; 856.1162; 0.7699865; 107.317; Before; 6.072028; null
33; Bicycle; Noise; None; 15.11.2023 09:00:06; 855.9867; 0.7699866; 107.3185; Before; 6.089074; null
33; Bicycle; Noise; None; 15.11.2023 09:00:06; 855.7853; 0.7699858; 107.3207; Before; 6.124458; null
33; Bicycle; Noise; None; 15.11.2023 09:00:06; 855.6808; 0.7699858; 107.3218; Before; 6.140371; null
33; Bicycle; Noise; None; 15.11.2023 09:00:06; 855.5701; 0.7699853; 107.323; Before; 6.156435; null
33; Bicycle; Noise; None; 15.11.2023 09:00:06; 855.4165; 0.7699857; 107.3245; Before; 6.173398; null
33; Bicycle; Noise; None; 15.11.2023 09:00:06; 855.2892; 0.7699864; 107.3257; Before; 6.19681; null
33; Bicycle; Noise; None; 15.11.2023 09:00:06; 855.184; 0.7699869; 107.3267; Before; 6.216129; null
33; Bicycle; Noise; None; 15.11.2023 09:00:06; 855.0696; 0.769987; 107.3277; Before; 6.232038; null
33; Bicycle; Noise; None; 15.11.2023 09:00:06; 854.8513; 0.7699878; 107.3296; Before; 6.265326; null
33; Bicycle; Noise; None; 15.11.2023 09:00:06; 854.7516; 0.7699875; 107.3303; Before; 6.282002; null
33; Bicycle; Noise; None; 15.11.2023 09:00:06; 854.6589; 0.7699879; 107.3311; Before; 6.296868; null
33; Bicycle; Noise; None; 15.11.2023 09:00:06; 854.5458; 0.7699881; 107.3319; Before; 6.310661; null
33; Bicycle; Noise; None; 15.11.2023 09:00:06; 854.3901; 0.7699876; 107.333; Before; 6.327435; null
33; Bicycle; Noise; None; 15.11.2023 09:00:06; 854.1757; 0.7699878; 107.3344; Before; 6.365171; null
33; Bicycle; Noise; None; 15.11.2023 09:00:06; 854.0731; 0.7699876; 107.335; Before; 6.381935; null
33; Bicycle; Noise; None; 15.11.2023 09:00:06; 853.9872; 0.7699881; 107.3356; Before; 6.396935; null
33; Bicycle; Noise; None; 15.11.2023 09:00:07; 853.7743; 0.7699873; 107.3369; Before; 6.42613; null
33; Bicycle; Noise; None; 15.11.2023 09:00:07; 853.6772; 0.7699879; 107.3374; Before; 6.4404; null
33; Bicycle; Noise; None; 15.11.2023 09:00:07; 853.4619; 0.7699876; 107.3387; Before; 6.471943; null
33; Bicycle; Noise; None; 15.11.2023 09:00:07; 853.312; 0.7699871; 107.3395; Before; 6.48547; null
33; Bicycle; Noise; None; 15.11.2023 09:00:07; 853.312; 0.7699871; 107.3395; Before; 6.48547; null
33; Bicycle; Noise; None; 15.11.2023 09:00:07; 853.0816; 0.7699876; 107.3408; Before; 6.524135; null
33; Bicycle; Noise; None; 15.11.2023 09:00:07; 852.9913; 0.7699876; 107.3413; Before; 6.53989; null
33; Bicycle; Noise; None; 15.11.2023 09:00:07; 852.7789; 0.7699871; 107.3425; Before; 6.56709; null
33; Bicycle; Noise; None; 15.11.2023 09:00:07; 852.6725; 0.7699877; 107.3431; Before; 6.582844; null
33; Bicycle; Noise; None; 15.11.2023 09:00:07; 852.569; 0.7699875; 107.3438; Before; 6.597865; null
33; Bicycle; Noise; None; 15.11.2023 09:00:07; 852.3572; 0.7699873; 107.345; Before; 6.625981; null
33; Bicycle; Noise; None; 15.11.2023 09:00:07; 852.3572; 0.7699873; 107.345; Before; 6.625981; null
33; Bicycle; Noise; None; 15.11.2023 09:00:07; 852.068; 0.7699873; 107.3468; Before; 6.66469; null
33; Bicycle; Noise; None; 15.11.2023 09:00:07; 851.9608; 0.769987; 107.3474; Before; 6.682573; null
33; Bicycle; Noise; None; 15.11.2023 09:00:07; 851.8671; 0.7699871; 107.348; Before; 6.697474; null
33; Bicycle; Noise; None; 15.11.2023 09:00:07; 851.6404; 0.7699866; 107.3493; Before; 6.727317; null
33; Bicycle; Noise; None; 15.11.2023 09:00:07; 851.5296; 0.769987; 107.35; Before; 6.741834; null
33; Bicycle; Noise; None; 15.11.2023 09:00:07; 851.3984; 0.7699866; 107.3508; Before; 6.757096; null
33; Bicycle; Noise; None; 15.11.2023 09:00:07; 851.1724; 0.7699871; 107.352; Before; 6.790637; null
33; Bicycle; Noise; None; 15.11.2023 09:00:07; 851.1724; 0.7699871; 107.352; Before; 6.790637; null
33; Bicycle; Noise; None; 15.11.2023 09:00:07; 851.0127; 0.769987; 107.3529; Before; 6.806132; null
33; Bicycle; Noise; None; 15.11.2023 09:00:07; 850.7746; 0.7699866; 107.354; Before; 6.843108; null
33; Bicycle; Noise; None; 15.11.2023 09:00:07; 850.6649; 0.7699865; 107.3545; Before; 6.860325; null
33; Bicycle; Noise; None; 15.11.2023 09:00:07; 850.437; 0.7699871; 107.3554; Before; 6.889812; null
33; Bicycle; Noise; None; 15.11.2023 09:00:07; 850.437; 0.7699871; 107.3554; Before; 6.889812; null
33; Bicycle; Noise; None; 15.11.2023 09:00:07; 850.2101; 0.7699873; 107.3561; Before; 6.922122; null
33; Bicycle; Noise; None; 15.11.2023 09:00:07; 850.0953; 0.7699864; 107.3565; Before; 6.936626; null
33; Bicycle; Noise; None; 15.11.2023 09:00:07; 849.9882; 0.7699876; 107.3568; Before; 6.952059; null
33; Bicycle; Noise; None; 15.11.2023 09:00:07; 849.7821; 0.7699866; 107.3573; Before; 6.966442; null
33; Bicycle; Noise; None; 15.11.2023 09:00:07; 849.6673; 0.7699871; 107.3575; Before; 6.994049; null
33; Bicycle; Noise; None; 15.11.2023 09:00:07; 849.4342; 0.7699866; 107.358; Before; 7.024566; null
33; Bicycle; Noise; None; 15.11.2023 09:00:07; 849.31; 0.769987; 107.3582; Before; 7.040506; null
33; Bicycle; Noise; None; 15.11.2023 09:00:07; 849.1865; 0.7699866; 107.3584; Before; 7.057036; null
33; Bicycle; Noise; None; 15.11.2023 09:00:07; 848.9308; 0.7699863; 107.3588; Before; 7.091243; null
33; Bicycle; Noise; None; 15.11.2023 09:00:07; 848.9308; 0.7699863; 107.3588; Before; 7.091243; null
33; Bicycle; Noise; None; 15.11.2023 09:00:07; 848.8223; 0.7699873; 107.359; Before; 7.107362; null
33; Bicycle; Noise; None; 15.11.2023 09:00:07; 848.5144; 0.7699864; 107.3594; Before; 7.14439; null
33; Bicycle; Noise; None; 15.11.2023 09:00:07; 848.4111; 0.7699872; 107.3596; Before; 7.162366; null
33; Bicycle; Noise; None; 15.11.2023 09:00:07; 848.167; 0.7699871; 107.3599; Before; 7.192316; null
33; Bicycle; Noise; None; 15.11.2023 09:00:07; 848.167; 0.7699871; 107.3599; Before; 7.192316; null
33; Bicycle; Noise; None; 15.11.2023 09:00:07; 847.9148; 0.7699873; 107.3604; Before; 7.223834; null
33; Bicycle; Noise; None; 15.11.2023 09:00:07; 847.79; 0.7699873; 107.3606; Before; 7.24114; null
33; Bicycle; Noise; None; 15.11.2023 09:00:07; 847.6704; 0.7699866; 107.3608; Before; 7.257463; null
33; Bicycle; Noise; None; 15.11.2023 09:00:07; 847.5056; 0.7699865; 107.3611; Before; 7.273106; null
33; Bicycle; Noise; None; 15.11.2023 09:00:07; 847.3652; 0.7699876; 107.3613; Before; 7.294629; null
33; Bicycle; Noise; None; 15.11.2023 09:00:07; 847.2433; 0.7699873; 107.3615; Before; 7.312908; null
33; Bicycle; Noise; None; 15.11.2023 09:00:07; 846.9842; 0.7699876; 107.362; Before; 7.344368; null
33; Bicycle; Noise; None; 15.11.2023 09:00:07; 846.8597; 0.7699883; 107.3622; Before; 7.36245; null
33; Bicycle; Noise; None; 15.11.2023 09:00:07; 846.7427; 0.7699877; 107.3623; Before; 7.378584; null
33; Bicycle; Noise; None; 15.11.2023 09:00:07; 846.6177; 0.7699881; 107.3625; Before; 7.393748; null
33; Bicycle; Noise; None; 15.11.2023 09:00:08; 846.493; 0.7699872; 107.3626; Before; 7.409921; null
33; Bicycle; Noise; None; 15.11.2023 09:00:08; 846.3259; 0.7699875; 107.3628; Before; 7.426047; null
33; Bicycle; Noise; None; 15.11.2023 09:00:08; 846.0602; 0.7699877; 107.3629; Before; 7.465923; null
33; Bicycle; Noise; None; 15.11.2023 09:00:08; 845.9456; 0.7699876; 107.363; Before; 7.481931; null
33; Bicycle; Noise; None; 15.11.2023 09:00:08; 845.8063; 0.7699881; 107.3629; Before; 7.4967; null
33; Bicycle; Noise; None; 15.11.2023 09:00:08; 845.6809; 0.7699873; 107.3629; Before; 7.514671; null
33; Bicycle; Noise; None; 15.11.2023 09:00:08; 845.4335; 0.7699873; 107.3627; Before; 7.546635; null
33; Bicycle; Noise; None; 15.11.2023 09:00:08; 845.3141; 0.7699876; 107.3626; Before; 7.562684; null
33; Bicycle; Noise; None; 15.11.2023 09:00:08; 845.1477; 0.7699872; 107.3624; Before; 7.578043; null
33; Bicycle; Noise; None; 15.11.2023 09:00:08; 845.0197; 0.7699871; 107.3622; Before; 7.599459; null
33; Bicycle; Noise; None; 15.11.2023 09:00:08; 844.9091; 0.7699873; 107.362; Before; 7.615923; null
33; Bicycle; Noise; None; 15.11.2023 09:00:08; 844.6711; 0.7699885; 107.3616; Before; 7.64469; null
33; Bicycle; Noise; None; 15.11.2023 09:00:08; 844.5529; 0.7699888; 107.3614; Before; 7.660706; null
33; Bicycle; Noise; None; 15.11.2023 09:00:08; 844.3065; 0.7699876; 107.3609; Before; 7.69266; null
33; Bicycle; Noise; None; 15.11.2023 09:00:08; 844.3065; 0.7699876; 107.3609; Before; 7.69266; null
33; Bicycle; Noise; None; 15.11.2023 09:00:08; 844.0742; 0.7699883; 107.3605; Before; 7.721427; null
33; Bicycle; Noise; None; 15.11.2023 09:00:08; 843.9092; 0.7699884; 107.3601; Before; 7.737304; null
33; Bicycle; Noise; None; 15.11.2023 09:00:08; 843.774; 0.7699885; 107.3598; Before; 7.758467; null
33; Bicycle; Noise; None; 15.11.2023 09:00:08; 843.6332; 0.7699877; 107.3596; Before; 7.775784; null
33; Bicycle; Noise; None; 15.11.2023 09:00:08; 843.5031; 0.7699876; 107.3593; Before; 7.793831; null
33; Bicycle; Noise; None; 15.11.2023 09:00:08; 843.3743; 0.7699872; 107.3591; Before; 7.810496; null
33; Bicycle; Noise; None; 15.11.2023 09:00:08; 843.1245; 0.7699869; 107.3586; Before; 7.842246; null
33; Bicycle; Noise; None; 15.11.2023 09:00:08; 842.9185; 0.7699864; 107.3582; Before; 7.871831; null
33; Bicycle; Noise; None; 15.11.2023 09:00:08; 842.7876; 0.7699871; 107.3579; Before; 7.885282; null
33; Bicycle; Noise; None; 15.11.2023 09:00:08; 842.7876; 0.7699871; 107.3579; Before; 7.885282; null
33; Bicycle; Noise; None; 15.11.2023 09:00:08; 842.5756; 0.7699864; 107.3575; Before; 7.902011; null
33; Bicycle; Noise; None; 15.11.2023 09:00:08; 842.3102; 0.7699866; 107.3569; Before; 7.945731; null
33; Bicycle; Noise; None; 15.11.2023 09:00:08; 842.1791; 0.7699878; 107.3566; Before; 7.963153; null
33; Bicycle; Noise; None; 15.11.2023 09:00:08; 842.0553; 0.7699882; 107.3563; Before; 7.97999; null
33; Bicycle; Noise; None; 15.11.2023 09:00:08; 841.9302; 0.7699883; 107.3559; Before; 7.995897; null
33; Bicycle; Noise; None; 15.11.2023 09:00:08; 841.7024; 0.7699877; 107.3552; Before; 8.027667; null
33; Bicycle; Noise; None; 15.11.2023 09:00:08; 841.5938; 0.7699884; 107.3549; Before; 8.041372; null
33; Bicycle; Noise; None; 15.11.2023 09:00:08; 841.4213; 0.7699876; 107.3542; Before; 8.055405; null
33; Bicycle; Noise; None; 15.11.2023 09:00:08; 841.1993; 0.7699866; 107.3534; Before; 8.093115; null
33; Bicycle; Noise; None; 15.11.2023 09:00:08; 841.1993; 0.7699866; 107.3534; Before; 8.093115; null
33; Bicycle; Noise; None; 15.11.2023 09:00:08; 840.9716; 0.7699869; 107.3524; Before; 8.120512; null
33; Bicycle; Noise; None; 15.11.2023 09:00:08; 840.7609; 0.7699879; 107.3514; Before; 8.149255; null
33; Bicycle; Noise; None; 15.11.2023 09:00:08; 840.6406; 0.7699884; 107.3508; Before; 8.163483; null
33; Bicycle; Noise; None; 15.11.2023 09:00:08; 840.415; 0.7699878; 107.3497; Before; 8.194246; null
33; Bicycle; Noise; None; 15.11.2023 09:00:08; 840.415; 0.7699878; 107.3497; Before; 8.194246; null
33; Bicycle; Noise; None; 15.11.2023 09:00:08; 840.2325; 0.7699883; 107.3487; Before; 8.208653; null
33; Bicycle; Noise; None; 15.11.2023 09:00:08; 840.0972; 0.7699877; 107.3479; Before; 8.232519; null
33; Bicycle; Noise; None; 15.11.2023 09:00:08; 839.8592; 0.7699875; 107.3466; Before; 8.265159; null
33; Bicycle; Noise; None; 15.11.2023 09:00:08; 839.658; 0.7699871; 107.3454; Before; 8.295367; null
33; Bicycle; Noise; None; 15.11.2023 09:00:08; 839.658; 0.7699871; 107.3454; Before; 8.295367; null
33; Bicycle; Noise; None; 15.11.2023 09:00:08; 839.4258; 0.7699867; 107.3439; Before; 8.323006; null
33; Bicycle; Noise; None; 15.11.2023 09:00:08; 839.3054; 0.7699869; 107.3432; Before; 8.338574; null
33; Bicycle; Noise; None; 15.11.2023 09:00:08; 839.1646; 0.7699863; 107.3423; Before; 8.354473; null
33; Bicycle; Noise; None; 15.11.2023 09:00:08; 838.9993; 0.7699871; 107.3412; Before; 8.373076; null
33; Bicycle; Noise; None; 15.11.2023 09:00:08; 838.8748; 0.7699875; 107.3404; Before; 8.394958; null
33; Bicycle; Noise; None; 15.11.2023 09:00:09; 838.7484; 0.7699871; 107.3395; Before; 8.411466; null
33; Bicycle; Noise; None; 15.11.2023 09:00:09; 838.5134; 0.7699875; 107.3379; Before; 8.443079; null
33; Bicycle; Noise; None; 15.11.2023 09:00:09; 838.4161; 0.7699871; 107.3372; Before; 8.459575; null
33; Bicycle; Noise; None; 15.11.2023 09:00:09; 838.1812; 0.7699867; 107.3356; Before; 8.487603; null
33; Bicycle; Noise; None; 15.11.2023 09:00:09; 838.0841; 0.7699869; 107.3348; Before; 8.504051; null
33; Bicycle; Noise; None; 15.11.2023 09:00:09; 837.9871; 0.7699867; 107.3341; Before; 8.517088; null
33; Bicycle; Noise; None; 15.11.2023 09:00:09; 837.8345; 0.7699869; 107.3329; Before; 8.530158; null
33; Bicycle; Noise; None; 15.11.2023 09:00:09; 837.5886; 0.7699872; 107.3309; Before; 8.565902; null
33; Bicycle; Noise; None; 15.11.2023 09:00:09; 837.4678; 0.7699871; 107.3299; Before; 8.584068; null
33; Bicycle; Noise; None; 15.11.2023 09:00:09; 837.3372; 0.7699866; 107.3288; Before; 8.600474; null
33; Bicycle; Noise; None; 15.11.2023 09:00:09; 837.2373; 0.7699873; 107.3279; Before; 8.618255; null
33; Bicycle; Noise; None; 15.11.2023 09:00:09; 837.0037; 0.7699864; 107.3258; Before; 8.650324; null
33; Bicycle; Noise; None; 15.11.2023 09:00:09; 836.9016; 0.7699873; 107.3248; Before; 8.66386; null
33; Bicycle; Noise; None; 15.11.2023 09:00:09; 836.7814; 0.7699866; 107.3236; Before; 8.67787; null
33; Bicycle; Noise; None; 15.11.2023 09:00:09; 836.6249; 0.7699865; 107.3221; Before; 8.694405; null
33; Bicycle; Noise; None; 15.11.2023 09:00:09; 836.5173; 0.7699871; 107.321; Before; 8.715992; null
33; Bicycle; Noise; None; 15.11.2023 09:00:09; 836.3096; 0.7699873; 107.3188; Before; 8.74389; null
33; Bicycle; Noise; None; 15.11.2023 09:00:09; 836.201; 0.7699873; 107.3176; Before; 8.759652; null
33; Bicycle; Noise; None; 15.11.2023 09:00:09; 835.9658; 0.7699872; 107.315; Before; 8.791704; null
33; Bicycle; Noise; None; 15.11.2023 09:00:09; 835.9658; 0.7699872; 107.315; Before; 8.791704; null
33; Bicycle; Noise; None; 15.11.2023 09:00:09; 835.7514; 0.7699872; 107.3125; Before; 8.821157; null
33; Bicycle; Noise; None; 15.11.2023 09:00:09; 835.66; 0.7699871; 107.3114; Before; 8.837486; null
33; Bicycle; Noise; None; 15.11.2023 09:00:09; 835.4987; 0.7699871; 107.3095; Before; 8.850284; null
33; Bicycle; Noise; None; 15.11.2023 09:00:09; 835.2711; 0.7699882; 107.3067; Before; 8.888347; null
33; Bicycle; Noise; None; 15.11.2023 09:00:09; 835.1745; 0.7699879; 107.3055; Before; 8.905035; null
33; Bicycle; Noise; None; 15.11.2023 09:00:09; 835.0718; 0.7699883; 107.3042; Before; 8.918683; null
33; Bicycle; Noise; None; 15.11.2023 09:00:09; 834.853; 0.7699872; 107.3014; Before; 8.949347; null
33; Bicycle; Noise; None; 15.11.2023 09:00:09; 834.7418; 0.7699871; 107.2999; Before; 8.964261; null
33; Bicycle; Noise; None; 15.11.2023 09:00:09; 834.6354; 0.7699873; 107.2985; Before; 8.980077; null
33; Bicycle; Noise; None; 15.11.2023 09:00:09; 834.5389; 0.7699881; 107.2971; Before; 8.995236; null
33; Bicycle; Noise; None; 15.11.2023 09:00:09; 834.382; 0.7699876; 107.295; Before; 9.009007; null
33; Bicycle; Noise; None; 15.11.2023 09:00:09; 834.1694; 0.7699865; 107.292; Before; 9.047434; null
33; Bicycle; Noise; None; 15.11.2023 09:00:09; 834.0431; 0.7699872; 107.2902; Before; 9.061941; null
33; Bicycle; Noise; None; 15.11.2023 09:00:09; 833.9091; 0.7699876; 107.2882; Before; 9.080109; null
33; Bicycle; Noise; None; 15.11.2023 09:00:09; 833.8064; 0.7699871; 107.2867; Before; 9.0994; null
33; Bicycle; Noise; None; 15.11.2023 09:00:09; 833.7099; 0.7699864; 107.2853; Before; 9.114211; null
33; Bicycle; Noise; None; 15.11.2023 09:00:09; 833.4756; 0.7699864; 107.2816; Before; 9.143903; null
33; Bicycle; Noise; None; 15.11.2023 09:00:09; 833.3254; 0.7699867; 107.2793; Before; 9.162083; null
33; Bicycle; Noise; None; 15.11.2023 09:00:09; 833.2061; 0.7699875; 107.2774; Before; 9.183898; null
33; Bicycle; Noise; None; 15.11.2023 09:00:09; 833.092; 0.7699873; 107.2755; Before; 9.201276; null
33; Bicycle; Noise; None; 15.11.2023 09:00:09; 833.0043; 0.769987; 107.274; Before; 9.217901; null
33; Bicycle; Noise; None; 15.11.2023 09:00:09; 832.7911; 0.7699876; 107.2704; Before; 9.247306; null
33; Bicycle; Noise; None; 15.11.2023 09:00:09; 832.6853; 0.7699883; 107.2686; Before; 9.261892; null
33; Bicycle; Noise; None; 15.11.2023 09:00:09; 832.5818; 0.7699872; 107.2667; Before; 9.277418; null
33; Bicycle; Noise; None; 15.11.2023 09:00:09; 832.4612; 0.7699876; 107.2646; Before; 9.292606; null
33; Bicycle; Noise; None; 15.11.2023 09:00:09; 832.353; 0.7699875; 107.2626; Before; 9.310342; null
33; Bicycle; Noise; None; 15.11.2023 09:00:09; 832.1936; 0.7699872; 107.2596; Before; 9.326286; null
33; Bicycle; Noise; None; 15.11.2023 09:00:09; 831.9703; 0.7699878; 107.2554; Before; 9.365619; null
33; Bicycle; Noise; None; 15.11.2023 09:00:09; 831.8624; 0.7699885; 107.2533; Before; 9.382846; null
33; Bicycle; Noise; None; 15.11.2023 09:00:09; 831.7612; 0.7699879; 107.2513; Before; 9.398858; null
33; Bicycle; Noise; None; 15.11.2023 09:00:10; 831.5769; 0.7699869; 107.2477; Before; 9.427345; null
33; Bicycle; Noise; None; 15.11.2023 09:00:10; 831.4639; 0.7699873; 107.2454; Before; 9.44136; null
33; Bicycle; Noise; None; 15.11.2023 09:00:10; 831.351; 0.7699871; 107.2431; Before; 9.458277; null
33; Bicycle; Noise; None; 15.11.2023 09:00:10; 831.2517; 0.7699876; 107.241; Before; 9.47521; null
33; Bicycle; Noise; None; 15.11.2023 09:00:10; 831.1049; 0.7699873; 107.2379; Before; 9.490161; null
33; Bicycle; Noise; None; 15.11.2023 09:00:10; 830.911; 0.7699873; 107.2338; Before; 9.52832; null
33; Bicycle; Noise; None; 15.11.2023 09:00:10; 830.8256; 0.7699876; 107.2319; Before; 9.54179; null
33; Bicycle; Noise; None; 15.11.2023 09:00:10; 830.6199; 0.7699873; 107.2274; Before; 9.573116; null
33; Bicycle; Noise; None; 15.11.2023 09:00:10; 830.527; 0.7699876; 107.2253; Before; 9.58634; null
33; Bicycle; Noise; None; 15.11.2023 09:00:10; 830.4153; 0.7699871; 107.2228; Before; 9.600611; null
33; Bicycle; Noise; None; 15.11.2023 09:00:10; 830.3303; 0.7699869; 107.2208; Before; 9.617859; null
33; Bicycle; Noise; None; 15.11.2023 09:00:10; 830.2404; 0.7699876; 107.2187; Before; 9.631004; null
33; Bicycle; Noise; None; 15.11.2023 09:00:10; 829.999; 0.7699869; 107.213; Before; 9.667652; null
33; Bicycle; Noise; None; 15.11.2023 09:00:10; 829.9064; 0.7699866; 107.2108; Before; 9.682586; null
33; Bicycle; Noise; None; 15.11.2023 09:00:10; 829.8245; 0.7699876; 107.2088; Before; 9.697083; null
33; Bicycle; Noise; None; 15.11.2023 09:00:10; 829.6434; 0.7699878; 107.2043; Before; 9.724769; null
33; Bicycle; Noise; None; 15.11.2023 09:00:10; 829.5285; 0.7699882; 107.2015; Before; 9.738488; null
33; Bicycle; Noise; None; 15.11.2023 09:00:10; 829.3876; 0.7699883; 107.1979; Before; 9.756673; null
33; Bicycle; Noise; None; 15.11.2023 09:00:10; 829.2471; 0.7699876; 107.1942; Before; 9.779063; null
33; Bicycle; Noise; None; 15.11.2023 09:00:10; 829.2471; 0.7699876; 107.1942; Before; 9.779063; null
33; Bicycle; Noise; None; 15.11.2023 09:00:10; 829.0991; 0.7699873; 107.1904; Before; 9.801457; null
33; Bicycle; Noise; None; 15.11.2023 09:00:10; 828.972; 0.7699869; 107.187; Before; 9.825178; null
33; Bicycle; Noise; None; 15.11.2023 09:00:10; 828.8301; 0.769987; 107.1831; Before; 9.845607; null
33; Bicycle; Noise; None; 15.11.2023 09:00:10; 828.6934; 0.7699873; 107.1793; Before; 9.868507; null
33; Bicycle; Noise; None; 15.11.2023 09:00:10; 828.562; 0.7699872; 107.1757; Before; 9.890668; null
33; Bicycle; Noise; None; 15.11.2023 09:00:10; 828.4261; 0.7699876; 107.1718; Before; 9.91205; null
33; Bicycle; Noise; None; 15.11.2023 09:00:10; 828.281; 0.7699876; 107.1677; Before; 9.93421; null
33; Bicycle; Noise; None; 15.11.2023 09:00:10; 828.1407; 0.769987; 107.1636; Before; 9.95797; null
33; Bicycle; Noise; None; 15.11.2023 09:00:10; 828.0115; 0.769987; 107.1598; Before; 9.981043; null
33; Bicycle; Noise; None; 15.11.2023 09:00:10; 828.0115; 0.769987; 107.1598; Before; 9.981043; null
33; Bicycle; Noise; None; 15.11.2023 09:00:10; 827.8824; 0.7699873; 107.1559; Before; 10.00237; null
33; Bicycle; Noise; None; 15.11.2023 09:00:10; 827.7521; 0.7699873; 107.1519; Before; 10.02375; null
33; Bicycle; Noise; None; 15.11.2023 09:00:10; 827.6205; 0.7699877; 107.1479; Before; 10.0454; null
33; Bicycle; Noise; None; 15.11.2023 09:00:10; 827.4813; 0.7699885; 107.1436; Before; 10.06735; null
33; Bicycle; Noise; None; 15.11.2023 09:00:10; 827.3389; 0.7699879; 107.1391; Before; 10.09067; null
33; Bicycle; Noise; None; 15.11.2023 09:00:10; 827.1882; 0.7699873; 107.1342; Before; 10.1146; null
33; Bicycle; Noise; None; 15.11.2023 09:00:10; 827.0778; 0.7699878; 107.1307; Before; 10.14004; null
33; Bicycle; Noise; None; 15.11.2023 09:00:10; 826.9644; 0.7699876; 107.127; Before; 10.15877; null
33; Bicycle; Noise; None; 15.11.2023 09:00:10; 826.8369; 0.7699883; 107.1228; Before; 10.17848; null
33; Bicycle; Noise; None; 15.11.2023 09:00:10; 826.8369; 0.7699883; 107.1228; Before; 10.17848; null
33; Bicycle; Noise; None; 15.11.2023 09:00:10; 826.6446; 0.7699881; 107.1164; Before; 10.22285; null
33; Bicycle; Noise; None; 15.11.2023 09:00:10; 826.5847; 0.76992; 107.1143; Before; 10.23879; null
33; Bicycle; Noise; None; 15.11.2023 09:00:10; 826.5197; 0.7698283; 107.1121; Before; 10.25106; null
33; Bicycle; Noise; None; 15.11.2023 09:00:10; 826.3328; 0.7696428; 107.1057; Before; 10.28817; null
33; Bicycle; Noise; None; 15.11.2023 09:00:10; 826.3328; 0.7696428; 107.1057; Before; 10.28817; null
33; Bicycle; Noise; None; 15.11.2023 09:00:10; 826.2071; 0.769575; 107.1013; Before; 10.32108; null
33; Bicycle; Noise; None; 15.11.2023 09:00:10; 826.1586; 0.7695591; 107.0995; Before; 10.33831; null
33; Bicycle; Noise; None; 15.11.2023 09:00:10; 826.0502; 0.7695429; 107.0956; Before; 10.36611; null
33; Bicycle; Noise; None; 15.11.2023 09:00:10; 825.9954; 0.7695441; 107.0937; Before; 10.38175; null
33; Bicycle; Noise; None; 15.11.2023 09:00:10; 825.948; 0.7695487; 107.0919; Before; 10.39835; null
33; Bicycle; Noise; None; 15.11.2023 09:00:11; 825.9014; 0.7695566; 107.0902; Before; 10.41355; null
33; Bicycle; Noise; None; 15.11.2023 09:00:11; 825.8371; 0.7695732; 107.0878; Before; 10.42926; null
33; Bicycle; Noise; None; 15.11.2023 09:00:11; 825.7935; 0.769587; 107.0861; Before; 10.45255; null
33; Bicycle; Noise; None; 15.11.2023 09:00:11; 825.718; 0.7696152; 107.0832; Before; 10.48669; null
33; Bicycle; Noise; None; 15.11.2023 09:00:11; 825.6881; 0.7696276; 107.0821; Before; 10.50262; null
33; Bicycle; Noise; None; 15.11.2023 09:00:11; 825.6617; 0.7696385; 107.081; Before; 10.51713; null
33; Bicycle; Noise; None; 15.11.2023 09:00:11; 825.6092; 0.7696643; 107.0789; Before; 10.54637; null
33; Bicycle; Noise; None; 15.11.2023 09:00:11; 825.5854; 0.7696764; 107.078; Before; 10.56206; null
33; Bicycle; Noise; None; 15.11.2023 09:00:11; 825.5651; 0.7696869; 107.0771; Before; 10.5784; null
33; Bicycle; Noise; None; 15.11.2023 09:00:11; 825.54; 0.7696997; 107.0761; Before; 10.59422; null
33; Bicycle; Noise; None; 15.11.2023 09:00:11; 825.5239; 0.7697096; 107.0755; Before; 10.61669; null
33; Bicycle; Noise; None; 15.11.2023 09:00:11; 825.5109; 0.7697172; 107.0749; Before; 10.63433; null
33; Bicycle; Noise; None; 15.11.2023 09:00:11; 825.4951; 0.7697291; 107.0743; Before; 10.66571; null
33; Bicycle; Noise; None; 15.11.2023 09:00:11; 825.4903; 0.7697341; 107.0741; Before; 10.68225; null
33; Bicycle; Noise; None; 15.11.2023 09:00:11; 825.4883; 0.7697387; 107.074; Before; 10.69767; null
33; Bicycle; Noise; None; 15.11.2023 09:00:11; 825.4871; 0.7697432; 107.0739; Before; 10.71021; null
33; Bicycle; Noise; None; 15.11.2023 09:00:11; 825.4866; 0.7697517; 107.074; Before; 10.74276; null
33; Bicycle; Noise; None; 15.11.2023 09:00:11; 825.4866; 0.7697561; 107.074; Before; 10.75832; null
33; Bicycle; Noise; None; 15.11.2023 09:00:11; 825.4866; 0.7697594; 107.074; Before; 10.78264; null
33; Bicycle; Noise; None; 15.11.2023 09:00:11; 825.4866; 0.7697616; 107.0741; Before; 10.80036; null
33; Bicycle; Noise; None; 15.11.2023 09:00:11; 825.4866; 0.7697635; 107.0741; Before; 10.8188; null
33; Bicycle; Noise; None; 15.11.2023 09:00:11; 825.4866; 0.7697656; 107.0741; Before; 10.84659; null
33; Bicycle; Noise; None; 15.11.2023 09:00:11; 825.4867; 0.769767; 107.0742; Before; 10.86212; null
33; Bicycle; Noise; None; 15.11.2023 09:00:11; 825.4866; 0.7697676; 107.0742; Before; 10.89264; null
33; Bicycle; Noise; None; 15.11.2023 09:00:11; 825.4866; 0.7697676; 107.0742; Before; 10.89264; null
33; Bicycle; Noise; None; 15.11.2023 09:00:11; 825.4866; 0.7697682; 107.0742; Before; 10.9069; null
33; Bicycle; Noise; None; 15.11.2023 09:00:11; 825.4866; 0.7697687; 107.0743; Before; 10.94349; null
33; Bicycle; Noise; None; 15.11.2023 09:00:11; 825.4866; 0.7697686; 107.0743; Before; 10.97151; null
33; Bicycle; Noise; None; 15.11.2023 09:00:11; 825.4866; 0.769769; 107.0743; Before; 10.98603; null
33; Bicycle; Noise; None; 15.11.2023 09:00:11; 825.4866; 0.7697692; 107.0743; Before; 11.0009; null
33; Bicycle; Noise; None; 15.11.2023 09:00:11; 825.4866; 0.7697687; 107.0744; Before; 11.0152; null
33; Bicycle; Noise; None; 15.11.2023 09:00:11; 825.4866; 0.7697682; 107.0744; Before; 11.04339; null
33; Bicycle; Noise; None; 15.11.2023 09:00:11; 825.4866; 0.7697678; 107.0744; Before; 11.05846; null
33; Bicycle; Noise; None; 15.11.2023 09:00:11; 825.4866; 0.7697673; 107.0744; Before; 11.07063; null
33; Bicycle; Noise; None; 15.11.2023 09:00:11; 825.4866; 0.7697676; 107.0744; Before; 11.09486; null
33; Bicycle; Noise; None; 15.11.2023 09:00:11; 825.4866; 0.7697672; 107.0744; Before; 11.10945; null
33; Bicycle; Noise; None; 15.11.2023 09:00:11; 825.4866; 0.769767; 107.0744; Before; 11.14332; null
33; Bicycle; Noise; None; 15.11.2023 09:00:11; 825.4866; 0.7697661; 107.0745; Before; 11.17366; null
33; Bicycle; Noise; None; 15.11.2023 09:00:11; 825.4866; 0.7697655; 107.0745; Before; 11.18639; null
33; Bicycle; Noise; None; 15.11.2023 09:00:11; 825.4866; 0.7697642; 107.0745; Before; 11.20203; null
33; Bicycle; Noise; None; 15.11.2023 09:00:11; 825.4867; 0.7697641; 107.0745; Before; 11.21989; null
33; Bicycle; Noise; None; 15.11.2023 09:00:11; 825.4866; 0.7697629; 107.0745; Before; 11.23404; null
33; Bicycle; Noise; None; 15.11.2023 09:00:11; 825.4866; 0.769762; 107.0745; Before; 11.25788; null
33; Bicycle; Noise; None; 15.11.2023 09:00:11; 825.4866; 0.7697618; 107.0746; Before; 11.28703; null
33; Bicycle; Noise; None; 15.11.2023 09:00:11; 825.4866; 0.769761; 107.0746; Before; 11.30153; null
33; Bicycle; Noise; None; 15.11.2023 09:00:11; 825.4866; 0.7697607; 107.0746; Before; 11.31716; null
33; Bicycle; Noise; None; 15.11.2023 09:00:11; 825.4866; 0.7697598; 107.0746; Before; 11.34693; null
33; Bicycle; Noise; None; 15.11.2023 09:00:11; 825.4866; 0.7697605; 107.0746; Before; 11.36198; null
33; Bicycle; Noise; None; 15.11.2023 09:00:11; 825.4866; 0.7697605; 107.0746; Before; 11.37607; null
33; Bicycle; Noise; None; 15.11.2023 09:00:11; 825.4866; 0.7697601; 107.0746; Before; 11.39052; null
33; Bicycle; Noise; None; 15.11.2023 09:00:12; 825.4866; 0.7697597; 107.0746; Before; 11.42715; null
33; Bicycle; Noise; None; 15.11.2023 09:00:12; 825.4867; 0.7697599; 107.0746; Before; 11.44047; null
33; Bicycle; Noise; None; 15.11.2023 09:00:12; 825.4866; 0.7697587; 107.0746; Before; 11.47084; null
33; Bicycle; Noise; None; 15.11.2023 09:00:12; 825.4866; 0.7697589; 107.0746; Before; 11.48395; null
33; Bicycle; Noise; None; 15.11.2023 09:00:12; 825.4866; 0.7697587; 107.0746; Before; 11.50081; null
33; Bicycle; Noise; None; 15.11.2023 09:00:12; 825.4866; 0.7697585; 107.0746; Before; 11.51758; null
33; Bicycle; Noise; None; 15.11.2023 09:00:12; 825.4866; 0.7697588; 107.0746; Before; 11.53064; null
33; Bicycle; Noise; None; 15.11.2023 09:00:12; 825.4866; 0.7697581; 107.0746; Before; 11.57092; null
33; Bicycle; Noise; None; 15.11.2023 09:00:12; 825.4867; 0.7697581; 107.0746; Before; 11.58526; null
33; Bicycle; Noise; None; 15.11.2023 09:00:12; 825.4866; 0.7697573; 107.0746; Before; 11.59893; null
33; Bicycle; Noise; None; 15.11.2023 09:00:12; 825.4866; 0.7697568; 107.0746; Before; 11.61511; null
33; Bicycle; Noise; None; 15.11.2023 09:00:12; 825.4866; 0.7697572; 107.0746; Before; 11.64502; null
33; Bicycle; Noise; None; 15.11.2023 09:00:12; 825.4866; 0.7697574; 107.0746; Before; 11.66073; null
33; Bicycle; Noise; None; 15.11.2023 09:00:12; 825.4866; 0.7697582; 107.0746; Before; 11.68919; null
33; Bicycle; Noise; None; 15.11.2023 09:00:12; 825.4866; 0.7697582; 107.0746; Before; 11.68919; null
33; Bicycle; Noise; None; 15.11.2023 09:00:12; 825.4866; 0.7697592; 107.0746; Before; 11.70445; null
33; Bicycle; Noise; None; 15.11.2023 09:00:12; 825.4866; 0.7697603; 107.0746; Before; 11.7429; null
33; Bicycle; Noise; None; 15.11.2023 09:00:12; 825.4867; 0.7697611; 107.0746; Before; 11.77165; null
33; Bicycle; Noise; None; 15.11.2023 09:00:12; 825.4867; 0.769762; 107.0746; Before; 11.78438; null
33; Bicycle; Noise; None; 15.11.2023 09:00:12; 825.4867; 0.7697623; 107.0746; Before; 11.79861; null
33; Bicycle; Noise; None; 15.11.2023 09:00:12; 825.4866; 0.769763; 107.0746; Before; 11.82583; null
33; Bicycle; Noise; None; 15.11.2023 09:00:12; 825.4866; 0.7697637; 107.0746; Before; 11.83884; null
33; Bicycle; Noise; None; 15.11.2023 09:00:12; 825.4866; 0.7697635; 107.0746; Before; 11.85362; null
33; Bicycle; Noise; None; 15.11.2023 09:00:12; 825.4867; 0.7696629; 107.0746; Before; 11.88808; null
33; Bicycle; Noise; None; 15.11.2023 09:00:12; 825.4866; 0.7693962; 107.0746; Before; 11.90474; null
33; Bicycle; Noise; None; 15.11.2023 09:00:12; 825.4864; 0.7689981; 107.0746; Before; 11.9173; null
33; Bicycle; Noise; None; 15.11.2023 09:00:12; 825.4861; 0.7678556; 107.0746; Before; 11.94488; null
33; Bicycle; Noise; None; 15.11.2023 09:00:12; 825.4858; 0.7668424; 107.0745; Before; 11.97181; null
33; Bicycle; Noise; None; 15.11.2023 09:00:12; 825.4858; 0.7662954; 107.0745; Before; 11.98506; null
33; Bicycle; Noise; None; 15.11.2023 09:00:12; 825.4857; 0.765748; 107.0745; Before; 12.00027; null
33; Bicycle; Noise; None; 15.11.2023 09:00:12; 825.4854; 0.7653335; 107.0745; Before; 12.01835; null
33; Bicycle; Noise; None; 15.11.2023 09:00:12; 825.4854; 0.7651235; 107.0745; Before; 12.03768; null
33; Bicycle; Noise; None; 15.11.2023 09:00:12; 825.4849; 0.76513; 107.0745; Before; 12.07171; null
33; Bicycle; Noise; None; 15.11.2023 09:00:12; 825.4847; 0.7652546; 107.0745; Before; 12.08629; null
33; Bicycle; Noise; None; 15.11.2023 09:00:12; 825.4846; 0.7654699; 107.0745; Before; 12.10023; null
33; Bicycle; Noise; None; 15.11.2023 09:00:12; 825.4846; 0.7656701; 107.0745; Before; 12.11727; null
33; Bicycle; Noise; None; 15.11.2023 09:00:12; 825.4843; 0.766187; 107.0745; Before; 12.14374; null
33; Bicycle; Noise; None; 15.11.2023 09:00:12; 825.4843; 0.7664225; 107.0745; Before; 12.15928; null
33; Bicycle; Noise; None; 15.11.2023 09:00:12; 825.4839; 0.7670954; 107.0745; Before; 12.19278; null
33; Bicycle; Noise; None; 15.11.2023 09:00:12; 825.4839; 0.7670954; 107.0745; Before; 12.19278; null
33; Bicycle; Noise; None; 15.11.2023 09:00:12; 825.4835; 0.7677147; 107.0745; Before; 12.2253; null
33; Bicycle; Noise; None; 15.11.2023 09:00:12; 825.4832; 0.7679396; 107.0745; Before; 12.2416; null
33; Bicycle; Noise; None; 15.11.2023 09:00:12; 825.4829; 0.7683496; 107.0745; Before; 12.27037; null
33; Bicycle; Noise; None; 15.11.2023 09:00:12; 825.4827; 0.7685375; 107.0744; Before; 12.28337; null
33; Bicycle; Noise; None; 15.11.2023 09:00:12; 825.4825; 0.7686889; 107.0744; Before; 12.29767; null
33; Bicycle; Noise; None; 15.11.2023 09:00:12; 825.4822; 0.7688572; 107.0744; Before; 12.31027; null
33; Bicycle; Noise; None; 15.11.2023 09:00:12; 825.4816; 0.7691729; 107.0744; Before; 12.34611; null
33; Bicycle; Noise; None; 15.11.2023 09:00:12; 825.4814; 0.7692776; 107.0744; Before; 12.36072; null
33; Bicycle; Noise; None; 15.11.2023 09:00:12; 825.4801; 0.7694597; 107.0743; Before; 12.3887; null
33; Bicycle; Noise; None; 15.11.2023 09:00:12; 825.4792; 0.7695239; 107.0743; Before; 12.40523; null
33; Bicycle; Noise; None; 15.11.2023 09:00:13; 825.478; 0.7695899; 107.0742; Before; 12.41855; null
33; Bicycle; Noise; None; 15.11.2023 09:00:13; 825.4751; 0.7696825; 107.0741; Before; 12.449; null
33; Bicycle; Noise; None; 15.11.2023 09:00:13; 825.4734; 0.7697186; 107.074; Before; 12.46327; null
33; Bicycle; Noise; None; 15.11.2023 09:00:13; 825.4703; 0.7697606; 107.0739; Before; 12.4779; null
33; Bicycle; Noise; None; 15.11.2023 09:00:13; 825.468; 0.7697811; 107.0738; Before; 12.49969; null
33; Bicycle; Noise; None; 15.11.2023 09:00:13; 825.4656; 0.7697973; 107.0737; Before; 12.51404; null
33; Bicycle; Noise; None; 15.11.2023 09:00:13; 825.4602; 0.7698189; 107.0734; Before; 12.54281; null
33; Bicycle; Noise; None; 15.11.2023 09:00:13; 825.4539; 0.7698292; 107.0732; Before; 12.56952; null
33; Bicycle; Noise; None; 15.11.2023 09:00:13; 825.4504; 0.7698318; 107.073; Before; 12.5866; null
33; Bicycle; Noise; None; 15.11.2023 09:00:13; 825.447; 0.7698317; 107.0728; Before; 12.60099; null
33; Bicycle; Noise; None; 15.11.2023 09:00:13; 825.4433; 0.7698307; 107.0727; Before; 12.61526; null
33; Bicycle; Noise; None; 15.11.2023 09:00:13; 825.4376; 0.7698274; 107.0724; Before; 12.6292; null
33; Bicycle; Noise; None; 15.11.2023 09:00:13; 825.4285; 0.7698205; 107.072; Before; 12.66499; null
33; Bicycle; Noise; None; 15.11.2023 09:00:13; 825.4199; 0.7698132; 107.0716; Before; 12.69501; null
33; Bicycle; Noise; None; 15.11.2023 09:00:13; 825.4155; 0.7698094; 107.0714; Before; 12.70689; null
33; Bicycle; Noise; None; 15.11.2023 09:00:13; 825.4113; 0.7698071; 107.0712; Before; 12.7199; null
33; Bicycle; Noise; None; 15.11.2023 09:00:13; 825.4001; 0.7697989; 107.0707; Before; 12.74825; null
33; Bicycle; Noise; None; 15.11.2023 09:00:13; 825.3938; 0.7697959; 107.0704; Before; 12.76205; null
33; Bicycle; Noise; None; 15.11.2023 09:00:13; 825.3871; 0.7697911; 107.0701; Before; 12.77828; null
33; Bicycle; Noise; None; 15.11.2023 09:00:13; 825.3784; 0.7697859; 107.0697; Before; 12.79491; null
33; Bicycle; Noise; None; 15.11.2023 09:00:13; 825.3713; 0.7697831; 107.0694; Before; 12.81577; null
33; Bicycle; Noise; None; 15.11.2023 09:00:13; 825.3571; 0.7697767; 107.0687; Before; 12.84925; null
33; Bicycle; Noise; None; 15.11.2023 09:00:13; 825.3494; 0.7697746; 107.0684; Before; 12.86335; null
33; Bicycle; Noise; None; 15.11.2023 09:00:13; 825.3354; 0.7697699; 107.0677; Before; 12.8935; null
33; Bicycle; Noise; None; 15.11.2023 09:00:13; 825.3354; 0.7697699; 107.0677; Before; 12.8935; null
33; Bicycle; Noise; None; 15.11.2023 09:00:13; 825.3185; 0.769767; 107.0669; Before; 12.92074; null
33; Bicycle; Noise; None; 15.11.2023 09:00:13; 825.3101; 0.7697659; 107.0665; Before; 12.93601; null
33; Bicycle; Noise; None; 15.11.2023 09:00:13; 825.2942; 0.7697649; 107.0658; Before; 12.94905; null
33; Bicycle; Noise; None; 15.11.2023 09:00:13; 825.2717; 0.7697632; 107.0648; Before; 12.98729; null
33; Bicycle; Noise; None; 15.11.2023 09:00:13; 825.2595; 0.7697617; 107.0642; Before; 13.00189; null
33; Bicycle; Noise; None; 15.11.2023 09:00:13; 825.2469; 0.7697616; 107.0636; Before; 13.01695; null
33; Bicycle; Noise; None; 15.11.2023 09:00:13; 825.2188; 0.7697604; 107.0623; Before; 13.04775; null
33; Bicycle; Noise; None; 15.11.2023 09:00:13; 825.2036; 0.7697604; 107.0616; Before; 13.06285; null
33; Bicycle; Noise; None; 15.11.2023 09:00:13; 825.1748; 0.7697589; 107.0602; Before; 13.09327; null
33; Bicycle; Noise; None; 15.11.2023 09:00:13; 825.1748; 0.7697589; 107.0602; Before; 13.09327; null
33; Bicycle; Noise; None; 15.11.2023 09:00:13; 825.1368; 0.7697601; 107.0585; Before; 13.12709; null
33; Bicycle; Noise; None; 15.11.2023 09:00:13; 825.1204; 0.7697608; 107.0577; Before; 13.14171; null
33; Bicycle; Noise; None; 15.11.2023 09:00:13; 825.0869; 0.7697598; 107.0562; Before; 13.16998; null
33; Bicycle; Noise; None; 15.11.2023 09:00:13; 825.0692; 0.7697598; 107.0553; Before; 13.18378; null
33; Bicycle; Noise; None; 15.11.2023 09:00:13; 825.0484; 0.7697588; 107.0544; Before; 13.19793; null
33; Bicycle; Noise; None; 15.11.2023 09:00:13; 825.0113; 0.7697583; 107.0526; Before; 13.22844; null
33; Bicycle; Noise; None; 15.11.2023 09:00:13; 824.9906; 0.7697591; 107.0517; Before; 13.24183; null
33; Bicycle; Noise; None; 15.11.2023 09:00:13; 824.9705; 0.7697585; 107.0507; Before; 13.25676; null
33; Bicycle; Noise; None; 15.11.2023 09:00:13; 824.9305; 0.7697592; 107.0488; Before; 13.27098; null
33; Bicycle; Noise; None; 15.11.2023 09:00:13; 824.9058; 0.7697589; 107.0476; Before; 13.29817; null
33; Bicycle; Noise; None; 15.11.2023 09:00:13; 824.8652; 0.7697599; 107.0457; Before; 13.3273; null
33; Bicycle; Noise; None; 15.11.2023 09:00:13; 824.8433; 0.7697605; 107.0447; Before; 13.34042; null
33; Bicycle; Noise; None; 15.11.2023 09:00:13; 824.8113; 0.7697601; 107.0432; Before; 13.35414; null
33; Bicycle; Noise; None; 15.11.2023 09:00:13; 824.7615; 0.7697601; 107.0408; Before; 13.3881; null
33; Bicycle; Noise; None; 15.11.2023 09:00:13; 824.7378; 0.76976; 107.0397; Before; 13.40269; null
33; Bicycle; Noise; None; 15.11.2023 09:00:14; 824.716; 0.7697599; 107.0386; Before; 13.41605; null
33; Bicycle; Noise; None; 15.11.2023 09:00:14; 824.6769; 0.7697604; 107.0368; Before; 13.42812; null
33; Bicycle; Noise; None; 15.11.2023 09:00:14; 824.6155; 0.7697616; 107.0339; Before; 13.46608; null
33; Bicycle; Noise; None; 15.11.2023 09:00:14; 824.5869; 0.7697616; 107.0325; Before; 13.48067; null
33; Bicycle; Noise; None; 15.11.2023 09:00:14; 824.556; 0.7697618; 107.031; Before; 13.49481; null
33; Bicycle; Noise; None; 15.11.2023 09:00:14; 824.4944; 0.7697608; 107.0281; Before; 13.52446; null
33; Bicycle; Noise; None; 15.11.2023 09:00:14; 824.4629; 0.769761; 107.0266; Before; 13.53876; null
33; Bicycle; Noise; None; 15.11.2023 09:00:14; 824.4153; 0.7697613; 107.0244; Before; 13.55313; null
33; Bicycle; Noise; None; 15.11.2023 09:00:14; 824.3668; 0.7697616; 107.022; Before; 13.57432; null
33; Bicycle; Noise; None; 15.11.2023 09:00:14; 824.3668; 0.7697616; 107.022; Before; 13.57432; null
33; Bicycle; Noise; None; 15.11.2023 09:00:14; 824.2642; 0.7697623; 107.0171; Before; 13.62034; null
33; Bicycle; Noise; None; 15.11.2023 09:00:14; 824.234; 0.7697618; 107.0157; Before; 13.63809; null
33; Bicycle; Noise; None; 15.11.2023 09:00:14; 824.1595; 0.7697629; 107.0121; Before; 13.66497; null
33; Bicycle; Noise; None; 15.11.2023 09:00:14; 824.0938; 0.7697635; 107.0089; Before; 13.69161; null
33; Bicycle; Noise; None; 15.11.2023 09:00:14; 824.0938; 0.7697635; 107.0089; Before; 13.69161; null
33; Bicycle; Noise; None; 15.11.2023 09:00:14; 824.0051; 0.7697634; 107.0046; Before; 13.72266; null
33; Bicycle; Noise; None; 15.11.2023 09:00:14; 823.9707; 0.7697626; 107.0029; Before; 13.73751; null
33; Bicycle; Noise; None; 15.11.2023 09:00:14; 823.9032; 0.7697623; 106.9996; Before; 13.74998; null
33; Bicycle; Noise; None; 15.11.2023 09:00:14; 823.8116; 0.7697617; 106.995; Before; 13.78954; null
33; Bicycle; Noise; None; 15.11.2023 09:00:14; 823.7707; 0.7697613; 106.993; Before; 13.80572; null
33; Bicycle; Noise; None; 15.11.2023 09:00:14; 823.7333; 0.7697623; 106.9911; Before; 13.81966; null
33; Bicycle; Noise; None; 15.11.2023 09:00:14; 823.6748; 0.769762; 106.9882; Before; 13.83219; null
33; Bicycle; Noise; None; 15.11.2023 09:00:14; 823.5789; 0.7697629; 106.9833; Before; 13.86561; null
33; Bicycle; Noise; None; 15.11.2023 09:00:14; 823.5352; 0.769763; 106.9811; Before; 13.88259; null
33; Bicycle; Noise; None; 15.11.2023 09:00:14; 823.4885; 0.7697647; 106.9787; Before; 13.89647; null
33; Bicycle; Noise; None; 15.11.2023 09:00:14; 823.4094; 0.7697636; 106.9747; Before; 13.91116; null
33; Bicycle; Noise; None; 15.11.2023 09:00:14; 823.3578; 0.7697632; 106.972; Before; 13.9356; null
33; Bicycle; Noise; None; 15.11.2023 09:00:14; 823.2542; 0.7697626; 106.9666; Before; 13.96832; null
33; Bicycle; Noise; None; 15.11.2023 09:00:14; 823.2044; 0.769762; 106.9639; Before; 13.98233; null
33; Bicycle; Noise; None; 15.11.2023 09:00:14; 823.1611; 0.7697629; 106.9617; Before; 13.99694; null
33; Bicycle; Noise; None; 15.11.2023 09:00:14; 823.063; 0.7697611; 106.9564; Before; 14.02435; null
33; Bicycle; Noise; None; 15.11.2023 09:00:14; 823.0032; 0.7697611; 106.9532; Before; 14.03778; null
33; Bicycle; Noise; None; 15.11.2023 09:00:14; 822.9513; 0.7697607; 106.9504; Before; 14.0547; null
33; Bicycle; Noise; None; 15.11.2023 09:00:14; 822.8209; 0.7697613; 106.9432; Before; 14.0899; null
33; Bicycle; Noise; None; 15.11.2023 09:00:14; 822.8209; 0.7697613; 106.9432; Before; 14.0899; null
33; Bicycle; Noise; None; 15.11.2023 09:00:14; 822.705; 0.7697618; 106.9368; Before; 14.12067; null
33; Bicycle; Noise; None; 15.11.2023 09:00:14; 822.602; 0.7697618; 106.931; Before; 14.14946; null
33; Bicycle; Noise; None; 15.11.2023 09:00:14; 822.5413; 0.769762; 106.9276; Before; 14.1637; null
33; Bicycle; Noise; None; 15.11.2023 09:00:14; 822.4318; 0.7697619; 106.9214; Before; 14.19306; null
33; Bicycle; Noise; None; 15.11.2023 09:00:14; 822.4318; 0.7697619; 106.9214; Before; 14.19306; null
33; Bicycle; Noise; None; 15.11.2023 09:00:14; 822.3763; 0.7697624; 106.9182; Before; 14.20785; null
33; Bicycle; Noise; None; 15.11.2023 09:00:14; 822.2657; 0.7697623; 106.9119; Before; 14.22201; null
33; Bicycle; Noise; None; 15.11.2023 09:00:14; 822.1273; 0.7697613; 106.9039; Before; 14.26766; null
33; Bicycle; Noise; None; 15.11.2023 09:00:14; 822.0712; 0.7697614; 106.9007; Before; 14.28424; null
33; Bicycle; Noise; None; 15.11.2023 09:00:14; 822.0064; 0.7697606; 106.897; Before; 14.29798; null
33; Bicycle; Noise; None; 15.11.2023 09:00:14; 821.9277; 0.7697608; 106.8925; Before; 14.31373; null
33; Bicycle; Noise; None; 15.11.2023 09:00:14; 821.8019; 0.7697608; 106.8852; Before; 14.34845; null
33; Bicycle; Noise; None; 15.11.2023 09:00:14; 821.745; 0.7697611; 106.8819; Before; 14.36263; null
33; Bicycle; Noise; None; 15.11.2023 09:00:14; 821.6476; 0.7697614; 106.8763; Before; 14.37604; null
33; Bicycle; Noise; None; 15.11.2023 09:00:14; 821.5813; 0.7697613; 106.8725; Before; 14.3988; null
33; Bicycle; Noise; None; 15.11.2023 09:00:15; 821.5141; 0.7697611; 106.8686; Before; 14.41412; null
33; Bicycle; Noise; None; 15.11.2023 09:00:15; 821.3785; 0.7697606; 106.8608; Before; 14.4433; null
33; Bicycle; Noise; None; 15.11.2023 09:00:15; 821.3063; 0.7697608; 106.8566; Before; 14.4602; null
33; Bicycle; Noise; None; 15.11.2023 09:00:15; 821.1794; 0.7697606; 106.8493; Before; 14.49081; null
33; Bicycle; Noise; None; 15.11.2023 09:00:15; 821.1128; 0.7697601; 106.8455; Before; 14.50432; null
33; Bicycle; Noise; None; 15.11.2023 09:00:15; 821.033; 0.7697605; 106.8409; Before; 14.51884; null
33; Bicycle; Noise; None; 15.11.2023 09:00:15; 820.928; 0.7697599; 106.835; Before; 14.53607; null
33; Bicycle; Noise; None; 15.11.2023 09:00:15; 820.8549; 0.7697592; 106.8308; Before; 14.55853; null
33; Bicycle; Noise; None; 15.11.2023 09:00:15; 820.71; 0.7697592; 106.8226; Before; 14.58941; null
33; Bicycle; Noise; None; 15.11.2023 09:00:15; 820.71; 0.7697592; 106.8226; Before; 14.58941; null
33; Bicycle; Noise; None; 15.11.2023 09:00:15; 820.5896; 0.7697597; 106.8159; Before; 14.60434; null
33; Bicycle; Noise; None; 15.11.2023 09:00:15; 820.4171; 0.7697599; 106.8062; Before; 14.64722; null
33; Bicycle; Noise; None; 15.11.2023 09:00:15; 820.3439; 0.7697608; 106.8022; Before; 14.66432; null
33; Bicycle; Noise; None; 15.11.2023 09:00:15; 820.2716; 0.769822; 106.7981; Before; 14.67903; null
33; Bicycle; Noise; None; 15.11.2023 09:00:15; 820.1576; 0.7699873; 106.7919; Before; 14.69347; null
33; Bicycle; Noise; None; 15.11.2023 09:00:15; 820.0835; 0.7700646; 106.7878; Before; 14.71605; null
33; Bicycle; Noise; None; 15.11.2023 09:00:15; 819.9252; 0.7701666; 106.7791; Before; 14.74486; null
33; Bicycle; Noise; None; 15.11.2023 09:00:15; 819.8547; 0.7701926; 106.7752; Before; 14.7614; null
33; Bicycle; Noise; None; 15.11.2023 09:00:15; 819.7103; 0.7702179; 106.7674; Before; 14.78794; null
33; Bicycle; Noise; None; 15.11.2023 09:00:15; 819.6282; 0.7702203; 106.7629; Before; 14.80258; null
33; Bicycle; Noise; None; 15.11.2023 09:00:15; 819.5616; 0.7702181; 106.7593; Before; 14.81814; null
33; Bicycle; Noise; None; 15.11.2023 09:00:15; 819.482; 0.7702118; 106.755; Before; 14.83068; null
33; Bicycle; Noise; None; 15.11.2023 09:00:15; 819.2675; 0.7701797; 106.7434; Before; 14.86902; null
33; Bicycle; Noise; None; 15.11.2023 09:00:15; 819.183; 0.7701654; 106.7388; Before; 14.88535; null
33; Bicycle; Noise; None; 15.11.2023 09:00:15; 819.1024; 0.7701504; 106.7345; Before; 14.90084; null
33; Bicycle; Noise; None; 15.11.2023 09:00:15; 819.035; 0.7701381; 106.7308; Before; 14.91555; null
33; Bicycle; Noise; None; 15.11.2023 09:00:15; 818.8614; 0.7701082; 106.7214; Before; 14.94341; null
33; Bicycle; Noise; None; 15.11.2023 09:00:15; 818.7124; 0.7700846; 106.7134; Before; 14.97188; null
33; Bicycle; Noise; None; 15.11.2023 09:00:15; 818.631; 0.7700738; 106.7089; Before; 14.98569; null
33; Bicycle; Noise; None; 15.11.2023 09:00:15; 818.631; 0.7700738; 106.7089; Before; 14.98569; null
33; Bicycle; Noise; None; 15.11.2023 09:00:15; 818.4165; 0.7700474; 106.6972; Before; 15.02259; null
33; Bicycle; Noise; None; 15.11.2023 09:00:15; 818.3419; 0.77004; 106.693; Before; 15.03789; null
33; Bicycle; Noise; None; 15.11.2023 09:00:15; 818.1727; 0.7700255; 106.6837; Before; 15.06478; null
33; Bicycle; Noise; None; 15.11.2023 09:00:15; 818.0945; 0.7700197; 106.6793; Before; 15.0803; null
33; Bicycle; Noise; None; 15.11.2023 09:00:15; 817.9948; 0.770014; 106.6738; Before; 15.0938; null
33; Bicycle; Noise; None; 15.11.2023 09:00:15; 817.8336; 0.770005; 106.6648; Before; 15.12533; null
33; Bicycle; Noise; None; 15.11.2023 09:00:15; 817.7548; 0.7700012; 106.6604; Before; 15.13846; null
33; Bicycle; Noise; None; 15.11.2023 09:00:15; 817.6304; 0.769997; 106.6534; Before; 15.15184; null
33; Bicycle; Noise; None; 15.11.2023 09:00:15; 817.4459; 0.7699933; 106.6432; Before; 15.18824; null
33; Bicycle; Noise; None; 15.11.2023 09:00:15; 817.3497; 0.7699916; 106.6379; Before; 15.20385; null
33; Bicycle; Noise; None; 15.11.2023 09:00:15; 817.2577; 0.769991; 106.6328; Before; 15.21991; null
33; Bicycle; Noise; None; 15.11.2023 09:00:15; 817.1502; 0.7699893; 106.6269; Before; 15.23519; null
33; Bicycle; Noise; None; 15.11.2023 09:00:15; 816.9683; 0.7699881; 106.617; Before; 15.2672; null
33; Bicycle; Noise; None; 15.11.2023 09:00:15; 816.9683; 0.7699881; 106.617; Before; 15.2672; null
33; Bicycle; Noise; None; 15.11.2023 09:00:15; 816.7585; 0.7699869; 106.6058; Before; 15.2829; null
33; Bicycle; Noise; None; 15.11.2023 09:00:15; 816.7585; 0.7699869; 106.6058; Before; 15.2829; null
33; Bicycle; Noise; None; 15.11.2023 09:00:15; 816.574; 0.7699865; 106.596; Before; 15.31716; null
33; Bicycle; Noise; None; 15.11.2023 09:00:15; 816.3358; 0.7699859; 106.5837; Before; 15.36778; null
33; Bicycle; Noise; None; 15.11.2023 09:00:15; 816.2379; 0.7699865; 106.5787; Before; 15.38532; null
33; Bicycle; Noise; None; 15.11.2023 09:00:15; 816.1367; 0.7699857; 106.5736; Before; 15.40096; null
33; Bicycle; Noise; None; 15.11.2023 09:00:16; 816.0171; 0.7699862; 106.5676; Before; 15.41708; null
33; Bicycle; Noise; None; 15.11.2023 09:00:16; 815.8947; 0.7699871; 106.5616; Before; 15.43605; null
33; Bicycle; Noise; None; 15.11.2023 09:00:16; 815.7975; 0.7699872; 106.5569; Before; 15.4554; null
33; Bicycle; Noise; None; 15.11.2023 09:00:16; 815.628; 0.7699876; 106.5488; Before; 15.4707; null
33; Bicycle; Noise; None; 15.11.2023 09:00:16; 815.4829; 0.7699871; 106.5419; Before; 15.49728; null
33; Bicycle; Noise; None; 15.11.2023 09:00:16; 815.3739; 0.7699876; 106.5369; Before; 15.51993; null
33; Bicycle; Noise; None; 15.11.2023 09:00:16; 815.2415; 0.7699873; 106.5308; Before; 15.53688; null
33; Bicycle; Noise; None; 15.11.2023 09:00:16; 815.1401; 0.7699871; 106.5263; Before; 15.5574; null
33; Bicycle; Noise; None; 15.11.2023 09:00:16; 814.9221; 0.7699866; 106.5166; Before; 15.58794; null
33; Bicycle; Noise; None; 15.11.2023 09:00:16; 814.9221; 0.7699866; 106.5166; Before; 15.58794; null
33; Bicycle; Noise; None; 15.11.2023 09:00:16; 814.809; 0.769987; 106.5117; Before; 15.60659; null
33; Bicycle; Noise; None; 15.11.2023 09:00:16; 814.6068; 0.7699883; 106.5031; Before; 15.62391; null
33; Bicycle; Noise; None; 15.11.2023 09:00:16; 814.4695; 0.7699881; 106.4974; Before; 15.65474; null
33; Bicycle; Noise; None; 15.11.2023 09:00:16; 814.3381; 0.7699876; 106.4919; Before; 15.67558; null
33; Bicycle; Noise; None; 15.11.2023 09:00:16; 814.2374; 0.7699878; 106.4878; Before; 15.69547; null
33; Bicycle; Noise; None; 15.11.2023 09:00:16; 814.1278; 0.7699876; 106.4834; Before; 15.71064; null
33; Bicycle; Noise; None; 15.11.2023 09:00:16; 813.911; 0.7699877; 106.4747; Before; 15.74272; null
33; Bicycle; Noise; None; 15.11.2023 09:00:16; 813.8229; 0.7699876; 106.4712; Before; 15.75965; null
33; Bicycle; Noise; None; 15.11.2023 09:00:16; 813.7227; 0.7699882; 106.4672; Before; 15.77279; null
33; Bicycle; Noise; None; 15.11.2023 09:00:16; 813.5441; 0.7699872; 106.4603; Before; 15.78773; null
33; Bicycle; Noise; None; 15.11.2023 09:00:16; 813.4138; 0.7699869; 106.4553; Before; 15.81425; null
33; Bicycle; Noise; None; 15.11.2023 09:00:16; 813.2914; 0.7699859; 106.4506; Before; 15.83354; null
33; Bicycle; Noise; None; 15.11.2023 09:00:16; 813.0618; 0.7699854; 106.442; Before; 15.86785; null
33; Bicycle; Noise; None; 15.11.2023 09:00:16; 812.9614; 0.7699859; 106.4383; Before; 15.88539; null
33; Bicycle; Noise; None; 15.11.2023 09:00:16; 812.8442; 0.7699852; 106.434; Before; 15.9001; null
33; Bicycle; Noise; None; 15.11.2023 09:00:16; 812.7491; 0.7699856; 106.4306; Before; 15.91725; null
33; Bicycle; Noise; None; 15.11.2023 09:00:16; 812.6279; 0.7699853; 106.4263; Before; 15.93114; null
33; Bicycle; Noise; None; 15.11.2023 09:00:16; 812.4653; 0.7699854; 106.4206; Before; 15.94883; null
33; Bicycle; Noise; None; 15.11.2023 09:00:16; 812.2162; 0.769985; 106.4122; Before; 15.99113; null
33; Bicycle; Noise; None; 15.11.2023 09:00:16; 812.2162; 0.769985; 106.4122; Before; 15.99113; null
33; Bicycle; Noise; None; 15.11.2023 09:00:16; 811.9984; 0.7699856; 106.4051; Before; 16.0238; null
33; Bicycle; Noise; None; 15.11.2023 09:00:16; 811.8969; 0.7699859; 106.4019; Before; 16.04044; null
33; Bicycle; Noise; None; 15.11.2023 09:00:16; 811.6911; 0.7699859; 106.3956; Before; 16.07035; null
33; Bicycle; Noise; None; 15.11.2023 09:00:16; 811.58; 0.7699863; 106.3924; Before; 16.08502; null
33; Bicycle; Noise; None; 15.11.2023 09:00:16; 811.58; 0.7699863; 106.3924; Before; 16.08502; null
33; Bicycle; Noise; None; 15.11.2023 09:00:16; 811.3794; 0.7699864; 106.3867; Before; 16.10111; null
33; Bicycle; Noise; None; 15.11.2023 09:00:16; 811.2247; 0.7699869; 106.3824; Before; 16.13014; null
33; Bicycle; Noise; None; 15.11.2023 09:00:16; 811.0029; 0.7699867; 106.3767; Before; 16.16769; null
33; Bicycle; Noise; None; 15.11.2023 09:00:16; 810.8901; 0.7699871; 106.3739; Before; 16.18451; null
33; Bicycle; Noise; None; 15.11.2023 09:00:16; 810.7811; 0.7699875; 106.3712; Before; 16.2008; null
33; Bicycle; Noise; None; 15.11.2023 09:00:16; 810.672; 0.7699881; 106.3687; Before; 16.21651; null
33; Bicycle; Noise; None; 15.11.2023 09:00:16; 810.4492; 0.7699881; 106.3637; Before; 16.24816; null
33; Bicycle; Noise; None; 15.11.2023 09:00:16; 810.4492; 0.7699881; 106.3637; Before; 16.24816; null
33; Bicycle; Noise; None; 15.11.2023 09:00:16; 810.2748; 0.7699893; 106.36; Before; 16.26432; null
33; Bicycle; Noise; None; 15.11.2023 09:00:16; 810.1235; 0.7699896; 106.357; Before; 16.28938; null
33; Bicycle; Noise; None; 15.11.2023 09:00:16; 809.9125; 0.7699894; 106.353; Intersection; 0; null
33; Bicycle; Noise; None; 15.11.2023 09:00:16; 809.793; 0.7699897; 106.3509; Intersection; 0.013701; null
33; Bicycle; Noise; None; 15.11.2023 09:00:16; 809.5989; 0.7699885; 106.3476; Intersection; 0.0445316; null
33; Bicycle; Noise; None; 15.11.2023 09:00:16; 809.4813; 0.7699881; 106.3457; Intersection; 0.0586492; null
33; Bicycle; Noise; None; 15.11.2023 09:00:16; 809.4813; 0.7699881; 106.3457; Intersection; 0.0586492; null
33; Bicycle; Noise; None; 15.11.2023 09:00:17; 809.3594; 0.7699883; 106.3438; Intersection; 0.0754833; null
33; Bicycle; Noise; None; 15.11.2023 09:00:17; 809.1409; 0.7699873; 106.3405; Intersection; 0.0929301; null
33; Bicycle; Noise; None; 15.11.2023 09:00:17; 808.9026; 0.7699866; 106.3373; Intersection; 0.1422301; null
33; Bicycle; Noise; None; 15.11.2023 09:00:17; 808.7986; 0.7699863; 106.336; Intersection; 0.1582073; null
33; Bicycle; Noise; None; 15.11.2023 09:00:17; 808.6887; 0.7699854; 106.3346; Intersection; 0.1730644; null
33; Bicycle; Noise; None; 15.11.2023 09:00:17; 808.5898; 0.7699854; 106.3335; Intersection; 0.1887345; null
33; Bicycle; Noise; None; 15.11.2023 09:00:17; 808.353; 0.7699857; 106.331; Intersection; 0.2177255; null
33; Bicycle; Noise; None; 15.11.2023 09:00:17; 808.2408; 0.7699859; 106.3299; Intersection; 0.2365844; null
33; Bicycle; Noise; None; 15.11.2023 09:00:17; 808.0568; 0.769986; 106.3283; Intersection; 0.2525493; null
33; Bicycle; Noise; None; 15.11.2023 09:00:17; 808.0568; 0.769986; 106.3283; Intersection; 0.2525493; null
33; Bicycle; Noise; None; 15.11.2023 09:00:17; 807.9132; 0.7699862; 106.3271; Intersection; 0.27875; null
33; Bicycle; Noise; None; 15.11.2023 09:00:17; 807.6577; 0.7699866; 106.3255; Intersection; 0.3149337; null
33; Bicycle; Noise; None; 15.11.2023 09:00:17; 807.5585; 0.7699871; 106.3249; Intersection; 0.3354629; null
33; Bicycle; Noise; None; 15.11.2023 09:00:17; 807.3448; 0.7699869; 106.324; Intersection; 0.3649036; null
33; Bicycle; Noise; None; 15.11.2023 09:00:17; 807.3448; 0.7699869; 106.324; Intersection; 0.3649036; null
33; Bicycle; Noise; None; 15.11.2023 09:00:17; 807.1385; 0.7699885; 106.3234; Intersection; 0.3940471; null
33; Bicycle; Noise; None; 15.11.2023 09:00:17; 806.9783; 0.7699885; 106.3231; Intersection; 0.4091045; null
33; Bicycle; Noise; None; 15.11.2023 09:00:17; 806.8441; 0.7699888; 106.323; Intersection; 0.4318126; null
33; Bicycle; Noise; None; 15.11.2023 09:00:17; 806.705; 0.7699893; 106.3231; Intersection; 0.4508044; null
33; Bicycle; Noise; None; 15.11.2023 09:00:17; 806.5959; 0.7699885; 106.3232; Intersection; 0.4704917; null
33; Bicycle; Noise; None; 15.11.2023 09:00:17; 806.4969; 0.7699885; 106.3234; Intersection; 0.4859219; null
33; Bicycle; Noise; None; 15.11.2023 09:00:17; 806.2721; 0.7699885; 106.3241; Intersection; 0.5152535; null
33; Bicycle; Noise; None; 15.11.2023 09:00:17; 806.1646; 0.7699883; 106.3245; Intersection; 0.5316876; null
33; Bicycle; Noise; None; 15.11.2023 09:00:17; 806.0618; 0.7699889; 106.325; Intersection; 0.546878; null
33; Bicycle; Noise; None; 15.11.2023 09:00:17; 805.8607; 0.7699885; 106.3262; Intersection; 0.5613949; null
33; Bicycle; Noise; None; 15.11.2023 09:00:17; 805.7347; 0.7699883; 106.3271; Intersection; 0.5898151; null
33; Bicycle; Noise; None; 15.11.2023 09:00:17; 805.6053; 0.7699881; 106.3281; Intersection; 0.6076319; null
33; Bicycle; Noise; None; 15.11.2023 09:00:17; 805.3841; 0.7699878; 106.33; Intersection; 0.6438861; null
33; Bicycle; Noise; None; 15.11.2023 09:00:17; 805.2854; 0.7699881; 106.3309; Intersection; 0.6574278; null
33; Bicycle; Noise; None; 15.11.2023 09:00:17; 805.1658; 0.7699879; 106.3322; Intersection; 0.6714952; null
33; Bicycle; Noise; None; 15.11.2023 09:00:17; 805.0569; 0.7699883; 106.3334; Intersection; 0.6885675; null
33; Bicycle; Noise; None; 15.11.2023 09:00:17; 804.9468; 0.7699881; 106.3346; Intersection; 0.704143; null
33; Bicycle; Noise; None; 15.11.2023 09:00:17; 804.7721; 0.7699869; 106.3368; Intersection; 0.7199323; null
33; Bicycle; Noise; None; 15.11.2023 09:00:17; 804.5297; 0.7699871; 106.34; Intersection; 0.7633057; null
33; Bicycle; Noise; None; 15.11.2023 09:00:17; 804.5297; 0.7699871; 106.34; Intersection; 0.7633057; null
33; Bicycle; Noise; None; 15.11.2023 09:00:17; 804.3256; 0.7699877; 106.343; Intersection; 0.7946255; null
33; Bicycle; Noise; None; 15.11.2023 09:00:17; 804.2084; 0.7699876; 106.3448; Intersection; 0.8095077; null
33; Bicycle; Noise; None; 15.11.2023 09:00:17; 804.0083; 0.7699876; 106.348; Intersection; 0.8413327; null
33; Bicycle; Noise; None; 15.11.2023 09:00:17; 803.8984; 0.7699882; 106.3499; Intersection; 0.8556311; null
33; Bicycle; Noise; None; 15.11.2023 09:00:17; 803.8984; 0.7699882; 106.3499; Intersection; 0.8556311; null
33; Bicycle; Noise; None; 15.11.2023 09:00:17; 803.7308; 0.7699877; 106.3529; Intersection; 0.8716512; null
33; Bicycle; Noise; None; 15.11.2023 09:00:17; 803.4772; 0.7699877; 106.3577; Intersection; 0.9161726; null
33; Bicycle; Noise; None; 15.11.2023 09:00:17; 803.3693; 0.7699878; 106.3598; Intersection; 0.9333555; null
33; Bicycle; Noise; None; 15.11.2023 09:00:17; 803.1694; 0.7699876; 106.364; Intersection; 0.9644939; null
33; Bicycle; Noise; None; 15.11.2023 09:00:17; 803.0803; 0.7699872; 106.3659; Intersection; 0.9787029; null
33; Bicycle; Noise; None; 15.11.2023 09:00:17; 802.9789; 0.7699871; 106.3681; Intersection; 0.9918408; null
33; Bicycle; Noise; None; 15.11.2023 09:00:17; 802.8757; 0.7699867; 106.3704; Intersection; 1.006856; null
33; Bicycle; Noise; None; 15.11.2023 09:00:17; 802.7139; 0.7699866; 106.3742; Intersection; 1.022139; null
33; Bicycle; Noise; None; 15.11.2023 09:00:17; 802.4872; 0.7699869; 106.3797; Intersection; 1.062816; null
33; Bicycle; Noise; None; 15.11.2023 09:00:17; 802.4872; 0.7699869; 106.3797; Intersection; 1.062816; null
33; Bicycle; Noise; None; 15.11.2023 09:00:18; 802.3029; 0.7699864; 106.3843; Intersection; 1.093176; null
33; Bicycle; Noise; None; 15.11.2023 09:00:18; 802.1328; 0.7699866; 106.3888; Intersection; 1.119359; null
33; Bicycle; Noise; None; 15.11.2023 09:00:18; 802.0408; 0.7699869; 106.3913; Intersection; 1.133051; null
33; Bicycle; Noise; None; 15.11.2023 09:00:18; 801.8411; 0.7699872; 106.3968; Intersection; 1.162019; null
33; Bicycle; Noise; None; 15.11.2023 09:00:18; 801.8411; 0.7699872; 106.3968; Intersection; 1.162019; null
33; Bicycle; Noise; None; 15.11.2023 09:00:18; 801.6179; 0.7699873; 106.4032; Intersection; 1.196315; null
33; Bicycle; Noise; None; 15.11.2023 09:00:18; 801.5306; 0.7699875; 106.4058; Intersection; 1.21091; null
33; Bicycle; Noise; None; 15.11.2023 09:00:18; 801.3441; 0.7699884; 106.4115; Intersection; 1.238461; null
33; Bicycle; Noise; None; 15.11.2023 09:00:18; 801.1697; 0.7699873; 106.4169; Intersection; 1.266738; null
33; Bicycle; Noise; None; 15.11.2023 09:00:18; 801.1697; 0.7699873; 106.4169; Intersection; 1.266738; null
33; Bicycle; Noise; None; 15.11.2023 09:00:18; 800.9875; 0.7699876; 106.4227; Intersection; 1.29229; null
33; Bicycle; Noise; None; 15.11.2023 09:00:18; 800.8081; 0.7699873; 106.4285; Intersection; 1.320168; null
33; Bicycle; Noise; None; 15.11.2023 09:00:18; 800.6815; 0.7699872; 106.4327; Intersection; 1.335247; null
33; Bicycle; Noise; None; 15.11.2023 09:00:18; 800.5903; 0.7699869; 106.4358; Intersection; 1.35489; null
33; Bicycle; Noise; None; 15.11.2023 09:00:18; 800.5063; 0.7699872; 106.4386; Intersection; 1.369076; null
33; Bicycle; Noise; None; 15.11.2023 09:00:18; 800.318; 0.7699866; 106.4451; Intersection; 1.396882; null
33; Bicycle; Noise; None; 15.11.2023 09:00:18; 800.2257; 0.7699876; 106.4483; Intersection; 1.41159; null
33; Bicycle; Noise; None; 15.11.2023 09:00:18; 800.0319; 0.7699871; 106.4551; Intersection; 1.442183; null
33; Bicycle; Noise; None; 15.11.2023 09:00:18; 799.9354; 0.7699881; 106.4585; Intersection; 1.456531; null
33; Bicycle; Noise; None; 15.11.2023 09:00:18; 799.8166; 0.7699871; 106.4627; Intersection; 1.471762; null
33; Bicycle; Noise; None; 15.11.2023 09:00:18; 799.6841; 0.7699869; 106.4675; Intersection; 1.490527; null
33; Bicycle; Noise; None; 15.11.2023 09:00:18; 799.577; 0.7699866; 106.4714; Intersection; 1.511533; null
33; Bicycle; Noise; None; 15.11.2023 09:00:18; 799.4572; 0.7699857; 106.4757; Intersection; 1.528539; null
33; Bicycle; Noise; None; 15.11.2023 09:00:18; 799.2635; 0.7699866; 106.4829; Intersection; 1.560976; null
33; Bicycle; Noise; None; 15.11.2023 09:00:18; 799.179; 0.7699869; 106.4861; Intersection; 1.578581; null
33; Bicycle; Noise; None; 15.11.2023 09:00:18; 799.0952; 0.7699876; 106.4892; Intersection; 1.59215; null
33; Bicycle; Noise; None; 15.11.2023 09:00:18; 798.9165; 0.7699867; 106.496; Intersection; 1.621459; null
33; Bicycle; Noise; None; 15.11.2023 09:00:18; 798.8282; 0.7699869; 106.4993; Intersection; 1.634552; null
33; Bicycle; Noise; None; 15.11.2023 09:00:18; 798.6951; 0.7699876; 106.5044; Intersection; 1.648905; null
33; Bicycle; Noise; None; 15.11.2023 09:00:18; 798.5828; 0.7699875; 106.5088; Intersection; 1.670619; null
33; Bicycle; Noise; None; 15.11.2023 09:00:18; 798.4932; 0.7699881; 106.5122; Intersection; 1.689054; null
33; Bicycle; Noise; None; 15.11.2023 09:00:18; 798.2971; 0.7699877; 106.5199; Intersection; 1.718021; null
33; Bicycle; Noise; None; 15.11.2023 09:00:18; 798.1968; 0.7699879; 106.5238; Intersection; 1.736227; null
33; Bicycle; Noise; None; 15.11.2023 09:00:18; 798.0871; 0.7699883; 106.5281; Intersection; 1.752929; null
33; Bicycle; Noise; None; 15.11.2023 09:00:18; 798.0094; 0.7699885; 106.5312; Intersection; 1.771246; null
33; Bicycle; Noise; None; 15.11.2023 09:00:18; 797.8411; 0.7699881; 106.5378; Intersection; 1.797597; null
33; Bicycle; Noise; None; 15.11.2023 09:00:18; 797.7101; 0.7699873; 106.543; Intersection; 1.812621; null
33; Bicycle; Noise; None; 15.11.2023 09:00:18; 797.6219; 0.7699875; 106.5465; Intersection; 1.834809; null
33; Bicycle; Noise; None; 15.11.2023 09:00:18; 797.4469; 0.7699871; 106.5535; Intersection; 1.865433; null
33; Bicycle; Noise; None; 15.11.2023 09:00:18; 797.4469; 0.7699871; 106.5535; Intersection; 1.865433; null
33; Bicycle; Noise; None; 15.11.2023 09:00:18; 797.267; 0.7699873; 106.5606; Intersection; 1.89313; null
33; Bicycle; Noise; None; 15.11.2023 09:00:18; 797.1821; 0.7699873; 106.564; Intersection; 1.910667; null
33; Bicycle; Noise; None; 15.11.2023 09:00:18; 797.0804; 0.7699877; 106.5681; Intersection; 1.925338; null
33; Bicycle; Noise; None; 15.11.2023 09:00:18; 796.8906; 0.7699871; 106.5757; Intersection; 1.959973; null
33; Bicycle; Noise; None; 15.11.2023 09:00:18; 796.8906; 0.7699871; 106.5757; Intersection; 1.959973; null
33; Bicycle; Noise; None; 15.11.2023 09:00:18; 796.7312; 0.7699879; 106.5821; Intersection; 1.976084; null
33; Bicycle; Noise; None; 15.11.2023 09:00:18; 796.5718; 0.7699872; 106.5884; Intersection; 2.0192; null
33; Bicycle; Noise; None; 15.11.2023 09:00:18; 796.4262; 0.7699866; 106.5943; Intersection; 2.044605; null
33; Bicycle; Noise; None; 15.11.2023 09:00:18; 796.336; 0.7699871; 106.5979; Intersection; 2.058069; null
33; Bicycle; Noise; None; 15.11.2023 09:00:18; 796.2391; 0.7699866; 106.6018; Intersection; 2.074161; null
33; Bicycle; Noise; None; 15.11.2023 09:00:19; 796.1658; 0.7699876; 106.6047; Intersection; 2.091501; null
33; Bicycle; Noise; None; 15.11.2023 09:00:19; 796.0148; 0.7699875; 106.6108; Intersection; 2.118258; null
33; Bicycle; Noise; None; 15.11.2023 09:00:19; 795.902; 0.7699876; 106.6154; Intersection; 2.131976; null
33; Bicycle; Noise; None; 15.11.2023 09:00:19; 795.8138; 0.7699878; 106.6189; Intersection; 2.152466; null
33; Bicycle; Noise; None; 15.11.2023 09:00:19; 795.7412; 0.7699883; 106.6218; Intersection; 2.168551; null
33; Bicycle; Noise; None; 15.11.2023 09:00:19; 795.5934; 0.7699881; 106.6278; Intersection; 2.196482; null
33; Bicycle; Noise; None; 15.11.2023 09:00:19; 795.5057; 0.7699881; 106.6314; Intersection; 2.209083; null
33; Bicycle; Noise; None; 15.11.2023 09:00:19; 795.3287; 0.7699881; 106.6385; Intersection; 2.238425; null
33; Bicycle; Noise; None; 15.11.2023 09:00:19; 795.2573; 0.7699888; 106.6414; Intersection; 2.258259; null
33; Bicycle; Noise; None; 15.11.2023 09:00:19; 795.1806; 0.769989; 106.6445; Intersection; 2.271639; null
33; Bicycle; Noise; None; 15.11.2023 09:00:19; 795.0684; 0.7699891; 106.6491; Intersection; 2.286072; null
33; Bicycle; Noise; None; 15.11.2023 09:00:19; 794.9863; 0.7699888; 106.6524; Intersection; 2.307263; null
33; Bicycle; Noise; None; 15.11.2023 09:00:19; 794.8343; 0.7699883; 106.6586; Intersection; 2.337074; null
33; Bicycle; Noise; None; 15.11.2023 09:00:19; 794.6986; 0.7699877; 106.6641; Intersection; 2.363949; null
33; Bicycle; Noise; None; 15.11.2023 09:00:19; 794.6265; 0.7699873; 106.667; Intersection; 2.377785; null
33; Bicycle; Noise; None; 15.11.2023 09:00:19; 794.5616; 0.7699882; 106.6696; Intersection; 2.391693; null
33; Bicycle; Noise; None; 15.11.2023 09:00:19; 794.407; 0.7699875; 106.6759; Intersection; 2.420017; null
33; Bicycle; Noise; None; 15.11.2023 09:00:19; 794.3364; 0.7699877; 106.6787; Intersection; 2.434259; null
33; Bicycle; Noise; None; 15.11.2023 09:00:19; 794.2263; 0.7699873; 106.6832; Intersection; 2.448041; null
33; Bicycle; Noise; None; 15.11.2023 09:00:19; 794.1602; 0.7699881; 106.6859; Intersection; 2.469649; null
33; Bicycle; Noise; None; 15.11.2023 09:00:19; 794.0173; 0.7699871; 106.6916; Intersection; 2.497251; null
33; Bicycle; Noise; None; 15.11.2023 09:00:19; 793.9496; 0.7699869; 106.6943; Intersection; 2.510906; null
33; Bicycle; Noise; None; 15.11.2023 09:00:19; 793.8008; 0.7699864; 106.7003; Intersection; 2.539177; null
33; Bicycle; Noise; None; 15.11.2023 09:00:19; 793.7325; 0.7699181; 106.7031; Intersection; 2.554087; null
33; Bicycle; Noise; None; 15.11.2023 09:00:19; 793.6643; 0.7698247; 106.7058; Intersection; 2.567819; null
33; Bicycle; Noise; None; 15.11.2023 09:00:19; 793.5811; 0.7697322; 106.7091; Intersection; 2.581788; null
33; Bicycle; Noise; None; 15.11.2023 09:00:19; 793.4288; 0.7696139; 106.7152; Intersection; 2.619006; null
33; Bicycle; Noise; None; 15.11.2023 09:00:19; 793.3242; 0.769567; 106.7194; Intersection; 2.646312; null
33; Bicycle; Noise; None; 15.11.2023 09:00:19; 793.2671; 0.7695532; 106.7217; Intersection; 2.65889; null
33; Bicycle; Noise; None; 15.11.2023 09:00:19; 793.2073; 0.7695445; 106.7241; Intersection; 2.673546; null
33; Bicycle; Noise; None; 15.11.2023 09:00:19; 793.1454; 0.7695422; 106.7266; Intersection; 2.689553; null
33; Bicycle; Noise; None; 15.11.2023 09:00:19; 793.0907; 0.7695452; 106.7287; Intersection; 2.706954; null
33; Bicycle; Noise; None; 15.11.2023 09:00:19; 792.9993; 0.7695608; 106.7324; Intersection; 2.738523; null
33; Bicycle; Noise; None; 15.11.2023 09:00:19; 792.9402; 0.7695763; 106.7348; Intersection; 2.752279; null
33; Bicycle; Noise; None; 15.11.2023 09:00:19; 792.8961; 0.7695899; 106.7366; Intersection; 2.772782; null
33; Bicycle; Noise; None; 15.11.2023 09:00:19; 792.8622; 0.7696016; 106.738; Intersection; 2.789192; null
33; Bicycle; Noise; None; 15.11.2023 09:00:19; 792.7922; 0.7696288; 106.7408; Intersection; 2.817445; null
33; Bicycle; Noise; None; 15.11.2023 09:00:19; 792.7631; 0.7696407; 106.742; Intersection; 2.832919; null
33; Bicycle; Noise; None; 15.11.2023 09:00:19; 792.7017; 0.7696674; 106.7444; Intersection; 2.863943; null
33; Bicycle; Noise; None; 15.11.2023 09:00:19; 792.7017; 0.7696674; 106.7444; Intersection; 2.863943; null
33; Bicycle; Noise; None; 15.11.2023 09:00:19; 792.6558; 0.7696878; 106.7463; Intersection; 2.895028; null
33; Bicycle; Noise; None; 15.11.2023 09:00:19; 792.6309; 0.7696995; 106.7473; Intersection; 2.910156; null
33; Bicycle; Noise; None; 15.11.2023 09:00:19; 792.5997; 0.7697144; 106.7486; Intersection; 2.944199; null
33; Bicycle; Noise; None; 15.11.2023 09:00:19; 792.5873; 0.7697215; 106.7491; Intersection; 2.958891; null
33; Bicycle; Noise; None; 15.11.2023 09:00:19; 792.5765; 0.7697275; 106.7495; Intersection; 2.973736; null
33; Bicycle; Noise; None; 15.11.2023 09:00:19; 792.5642; 0.7697353; 106.75; Intersection; 3.000642; null
33; Bicycle; Noise; None; 15.11.2023 09:00:19; 792.5601; 0.7697396; 106.7502; Intersection; 3.013458; null
33; Bicycle; Noise; None; 15.11.2023 09:00:19; 792.5557; 0.7697465; 106.7504; Intersection; 3.039475; null
33; Bicycle; Noise; None; 15.11.2023 09:00:19; 792.5554; 0.7697496; 106.7504; Intersection; 3.056076; null
33; Bicycle; Noise; None; 15.11.2023 09:00:19; 792.5553; 0.7697537; 106.7504; Intersection; 3.068816; null
33; Bicycle; Noise; None; 15.11.2023 09:00:20; 792.5553; 0.7697564; 106.7503; Intersection; 3.090231; null
33; Bicycle; Noise; None; 15.11.2023 09:00:20; 792.5553; 0.7697582; 106.7503; Intersection; 3.106328; null
33; Bicycle; Noise; None; 15.11.2023 09:00:20; 792.5553; 0.7697612; 106.7503; Intersection; 3.138888; null
33; Bicycle; Noise; None; 15.11.2023 09:00:20; 792.5553; 0.7697628; 106.7503; Intersection; 3.154071; null
33; Bicycle; Noise; None; 15.11.2023 09:00:20; 792.5553; 0.7697634; 106.7502; Intersection; 3.172544; null
33; Bicycle; Noise; None; 15.11.2023 09:00:20; 792.5553; 0.7697647; 106.7502; Intersection; 3.191928; null
33; Bicycle; Noise; None; 15.11.2023 09:00:20; 792.5553; 0.7697648; 106.7502; Intersection; 3.206383; null
33; Bicycle; Noise; None; 15.11.2023 09:00:20; 792.5553; 0.7697653; 106.7502; Intersection; 3.220944; null
33; Bicycle; Noise; None; 15.11.2023 09:00:20; 792.5553; 0.7697657; 106.7501; Intersection; 3.262096; null
33; Bicycle; Noise; None; 15.11.2023 09:00:20; 792.5553; 0.7697657; 106.7501; Intersection; 3.276988; null
33; Bicycle; Noise; None; 15.11.2023 09:00:20; 792.5553; 0.7697659; 106.7501; Intersection; 3.290187; null
33; Bicycle; Noise; None; 15.11.2023 09:00:20; 792.5553; 0.7697666; 106.75; Intersection; 3.315907; null
33; Bicycle; Noise; None; 15.11.2023 09:00:20; 792.5553; 0.7697666; 106.75; Intersection; 3.34379; null
33; Bicycle; Noise; None; 15.11.2023 09:00:20; 792.5553; 0.7697674; 106.75; Intersection; 3.357021; null
33; Bicycle; Noise; None; 15.11.2023 09:00:20; 792.5553; 0.7697674; 106.75; Intersection; 3.357021; null
33; Bicycle; Noise; None; 15.11.2023 09:00:20; 792.5553; 0.769768; 106.75; Intersection; 3.375744; null
33; Bicycle; Noise; None; 15.11.2023 09:00:20; 792.5553; 0.7697676; 106.75; Intersection; 3.41501; null
33; Bicycle; Noise; None; 15.11.2023 09:00:20; 792.5553; 0.7697678; 106.75; Intersection; 3.442419; null
33; Bicycle; Noise; None; 15.11.2023 09:00:20; 792.5553; 0.7697674; 106.7499; Intersection; 3.455485; null
33; Bicycle; Noise; None; 15.11.2023 09:00:20; 792.5553; 0.769768; 106.7499; Intersection; 3.468451; null
33; Bicycle; Noise; None; 15.11.2023 09:00:20; 792.5553; 0.7697681; 106.7499; Intersection; 3.497236; null
33; Bicycle; Noise; None; 15.11.2023 09:00:20; 792.5553; 0.7697676; 106.7499; Intersection; 3.510375; null
33; Bicycle; Noise; None; 15.11.2023 09:00:20; 792.5553; 0.7697681; 106.7499; Intersection; 3.524632; null
33; Bicycle; Noise; None; 15.11.2023 09:00:20; 792.5553; 0.7697667; 106.7499; Intersection; 3.56082; null
33; Bicycle; Noise; None; 15.11.2023 09:00:20; 792.5553; 0.769766; 106.7499; Intersection; 3.576439; null
33; Bicycle; Noise; None; 15.11.2023 09:00:20; 792.5553; 0.7697655; 106.7499; Intersection; 3.589928; null
33; Bicycle; Noise; None; 15.11.2023 09:00:20; 792.5553; 0.7697647; 106.7498; Intersection; 3.616239; null
33; Bicycle; Noise; None; 15.11.2023 09:00:20; 792.5553; 0.7697635; 106.7498; Intersection; 3.632426; null
33; Bicycle; Noise; None; 15.11.2023 09:00:20; 792.5553; 0.769762; 106.7498; Intersection; 3.661823; null
33; Bicycle; Noise; None; 15.11.2023 09:00:20; 792.5553; 0.769762; 106.7498; Intersection; 3.661823; null
33; Bicycle; Noise; None; 15.11.2023 09:00:20; 792.5554; 0.769762; 106.7498; Intersection; 3.679346; null
33; Bicycle; Noise; None; 15.11.2023 09:00:20; 792.5553; 0.7697604; 106.7498; Intersection; 3.719669; null
33; Bicycle; Noise; None; 15.11.2023 09:00:20; 792.5553; 0.7697599; 106.7498; Intersection; 3.733784; null
33; Bicycle; Noise; None; 15.11.2023 09:00:20; 792.5553; 0.7697595; 106.7497; Intersection; 3.759598; null
33; Bicycle; Noise; None; 15.11.2023 09:00:20; 792.5553; 0.7697594; 106.7497; Intersection; 3.774655; null
33; Bicycle; Noise; None; 15.11.2023 09:00:20; 792.5553; 0.7697595; 106.7497; Intersection; 3.788615; null
33; Bicycle; Noise; None; 15.11.2023 09:00:20; 792.5553; 0.7697587; 106.7497; Intersection; 3.820198; null
33; Bicycle; Noise; None; 15.11.2023 09:00:20; 792.5553; 0.7697583; 106.7497; Intersection; 3.83427; null
33; Bicycle; Noise; None; 15.11.2023 09:00:20; 792.5553; 0.7697579; 106.7497; Intersection; 3.847815; null
33; Bicycle; Noise; None; 15.11.2023 09:00:20; 792.5553; 0.7697582; 106.7497; Intersection; 3.867514; null
33; Bicycle; Noise; None; 15.11.2023 09:00:20; 792.5553; 0.7697568; 106.7496; Intersection; 3.898146; null
33; Bicycle; Noise; None; 15.11.2023 09:00:20; 792.5553; 0.769757; 106.7496; Intersection; 3.912324; null
33; Bicycle; Noise; None; 15.11.2023 09:00:20; 792.5553; 0.769757; 106.7496; Intersection; 3.941778; null
33; Bicycle; Noise; None; 15.11.2023 09:00:20; 792.5553; 0.7697579; 106.7496; Intersection; 3.957996; null
33; Bicycle; Noise; None; 15.11.2023 09:00:20; 792.5553; 0.7697573; 106.7496; Intersection; 3.973801; null
33; Bicycle; Noise; None; 15.11.2023 09:00:20; 792.5553; 0.7697572; 106.7496; Intersection; 3.988074; null
33; Bicycle; Noise; None; 15.11.2023 09:00:20; 792.5553; 0.769758; 106.7496; Intersection; 4.021014; null
33; Bicycle; Noise; None; 15.11.2023 09:00:20; 792.5553; 0.7697585; 106.7495; Intersection; 4.036557; null
33; Bicycle; Noise; None; 15.11.2023 09:00:20; 792.5553; 0.7697592; 106.7495; Intersection; 4.053946; null
33; Bicycle; Noise; None; 15.11.2023 09:00:20; 792.5553; 0.7697592; 106.7495; Intersection; 4.071226; null
33; Bicycle; Noise; None; 15.11.2023 09:00:20; 792.5553; 0.7697597; 106.7495; Intersection; 4.086984; null
33; Bicycle; Noise; None; 15.11.2023 09:00:21; 792.5553; 0.7697611; 106.7495; Intersection; 4.114627; null
33; Bicycle; Noise; None; 15.11.2023 09:00:21; 792.5553; 0.7697616; 106.7495; Intersection; 4.128332; null
33; Bicycle; Noise; None; 15.11.2023 09:00:21; 792.5553; 0.769762; 106.7495; Intersection; 4.158962; null
33; Bicycle; Noise; None; 15.11.2023 09:00:21; 792.5553; 0.769762; 106.7495; Intersection; 4.158962; null
33; Bicycle; Noise; None; 15.11.2023 09:00:21; 792.5553; 0.7697632; 106.7494; Intersection; 4.194867; null
33; Bicycle; Noise; None; 15.11.2023 09:00:21; 792.5553; 0.7697637; 106.7494; Intersection; 4.210866; null
33; Bicycle; Noise; None; 15.11.2023 09:00:21; 792.5553; 0.7697639; 106.7494; Intersection; 4.238207; null
33; Bicycle; Noise; None; 15.11.2023 09:00:21; 792.5553; 0.7697637; 106.7494; Intersection; 4.254736; null
33; Bicycle; Noise; None; 15.11.2023 09:00:21; 792.5553; 0.7697644; 106.7494; Intersection; 4.269942; null
33; Bicycle; Noise; None; 15.11.2023 09:00:21; 792.5553; 0.7697639; 106.7494; Intersection; 4.28425; null
33; Bicycle; Noise; None; 15.11.2023 09:00:21; 792.5553; 0.7697637; 106.7494; Intersection; 4.30174; null
33; Bicycle; Noise; None; 15.11.2023 09:00:21; 792.5553; 0.7697637; 106.7494; Intersection; 4.340695; null
33; Bicycle; Noise; None; 15.11.2023 09:00:21; 792.5554; 0.7697643; 106.7494; Intersection; 4.357364; null
33; Bicycle; Noise; None; 15.11.2023 09:00:21; 792.5553; 0.7697641; 106.7494; Intersection; 4.370882; null
33; Bicycle; Noise; None; 15.11.2023 09:00:21; 792.5553; 0.7697637; 106.7494; Intersection; 4.39738; null
33; Bicycle; Noise; None; 15.11.2023 09:00:21; 792.5553; 0.7697632; 106.7494; Intersection; 4.411263; null
33; Bicycle; Noise; None; 15.11.2023 09:00:21; 792.5553; 0.769763; 106.7494; Intersection; 4.439092; null
33; Bicycle; Noise; None; 15.11.2023 09:00:21; 792.5553; 0.7697628; 106.7494; Intersection; 4.455489; null
33; Bicycle; Noise; None; 15.11.2023 09:00:21; 792.5553; 0.7697622; 106.7494; Intersection; 4.468824; null
33; Bicycle; Noise; None; 15.11.2023 09:00:21; 792.5553; 0.7697625; 106.7494; Intersection; 4.490436; null
33; Bicycle; Noise; None; 15.11.2023 09:00:21; 792.5553; 0.7697622; 106.7494; Intersection; 4.520967; null
33; Bicycle; Noise; None; 15.11.2023 09:00:21; 792.5553; 0.7697624; 106.7494; Intersection; 4.535235; null
33; Bicycle; Noise; None; 15.11.2023 09:00:21; 792.5551; 0.7693379; 106.7494; Intersection; 4.566759; null
33; Bicycle; Noise; None; 15.11.2023 09:00:21; 792.5551; 0.7693379; 106.7494; Intersection; 4.566759; null
33; Bicycle; Noise; None; 15.11.2023 09:00:21; 792.5543; 0.7683843; 106.7494; Intersection; 4.594077; null
33; Bicycle; Noise; None; 15.11.2023 09:00:21; 792.5536; 0.7677139; 106.7494; Intersection; 4.607911; null
33; Bicycle; Noise; None; 15.11.2023 09:00:21; 792.5525; 0.7669212; 106.7495; Intersection; 4.62441; null
33; Bicycle; Noise; None; 15.11.2023 09:00:21; 792.5502; 0.7658508; 106.7496; Intersection; 4.659715; null
33; Bicycle; Noise; None; 15.11.2023 09:00:21; 792.5489; 0.7654994; 106.7496; Intersection; 4.675801; null
33; Bicycle; Noise; None; 15.11.2023 09:00:21; 792.5464; 0.7651296; 106.7497; Intersection; 4.701944; null
33; Bicycle; Noise; None; 15.11.2023 09:00:21; 792.5449; 0.7650748; 106.7498; Intersection; 4.714394; null
33; Bicycle; Noise; None; 15.11.2023 09:00:21; 792.5416; 0.7651887; 106.7499; Intersection; 4.741876; null
33; Bicycle; Noise; None; 15.11.2023 09:00:21; 792.538; 0.7654932; 106.7501; Intersection; 4.768185; null
33; Bicycle; Noise; None; 15.11.2023 09:00:21; 792.538; 0.7654932; 106.7501; Intersection; 4.768185; null
33; Bicycle; Noise; None; 15.11.2023 09:00:21; 792.5347; 0.7658339; 106.7502; Intersection; 4.780254; null
33; Bicycle; Noise; None; 15.11.2023 09:00:21; 792.5298; 0.7663653; 106.7504; Intersection; 4.815682; null
33; Bicycle; Noise; None; 15.11.2023 09:00:21; 792.5248; 0.766873; 106.7506; Intersection; 4.841577; null
33; Bicycle; Noise; None; 15.11.2023 09:00:21; 792.5223; 0.7671145; 106.7507; Intersection; 4.856266; null
33; Bicycle; Noise; None; 15.11.2023 09:00:21; 792.5195; 0.7673616; 106.7508; Intersection; 4.869066; null
33; Bicycle; Noise; None; 15.11.2023 09:00:21; 792.5132; 0.7678466; 106.7511; Intersection; 4.898272; null
33; Bicycle; Noise; None; 15.11.2023 09:00:21; 792.5102; 0.7680557; 106.7512; Intersection; 4.910858; null
33; Bicycle; Noise; None; 15.11.2023 09:00:21; 792.507; 0.7682489; 106.7514; Intersection; 4.924162; null
33; Bicycle; Noise; None; 15.11.2023 09:00:21; 792.4968; 0.7687535; 106.7518; Intersection; 4.959744; null
33; Bicycle; Noise; None; 15.11.2023 09:00:21; 792.4931; 0.7688969; 106.752; Intersection; 4.977293; null
33; Bicycle; Noise; None; 15.11.2023 09:00:21; 792.4896; 0.769017; 106.7521; Intersection; 4.990846; null
33; Bicycle; Noise; None; 15.11.2023 09:00:21; 792.4818; 0.7692374; 106.7525; Intersection; 5.015529; null
33; Bicycle; Noise; None; 15.11.2023 09:00:21; 792.4774; 0.7693365; 106.7526; Intersection; 5.030367; null
33; Bicycle; Noise; None; 15.11.2023 09:00:21; 792.4679; 0.7695018; 106.753; Intersection; 5.059046; null
33; Bicycle; Noise; None; 15.11.2023 09:00:21; 792.463; 0.7695637; 106.7533; Intersection; 5.074595; null
33; Bicycle; Noise; None; 15.11.2023 09:00:22; 792.4556; 0.7696347; 106.7536; Intersection; 5.088511; null
33; Bicycle; Noise; None; 15.11.2023 09:00:22; 792.4432; 0.7697142; 106.7541; Intersection; 5.122915; null
33; Bicycle; Noise; None; 15.11.2023 09:00:22; 792.4336; 0.7697539; 106.7545; Intersection; 5.136025; null
33; Bicycle; Noise; None; 15.11.2023 09:00:22; 792.4218; 0.7697864; 106.755; Intersection; 5.155998; null
33; Bicycle; Noise; None; 15.11.2023 09:00:22; 792.4218; 0.7697864; 106.755; Intersection; 5.155998; null
33; Bicycle; Noise; None; 15.11.2023 09:00:22; 792.405; 0.7698129; 106.7557; Intersection; 5.192947; null
33; Bicycle; Noise; None; 15.11.2023 09:00:22; 792.389; 0.7698256; 106.7564; Intersection; 5.220279; null
33; Bicycle; Noise; None; 15.11.2023 09:00:22; 792.38; 0.7698292; 106.7568; Intersection; 5.232849; null
33; Bicycle; Noise; None; 15.11.2023 09:00:22; 792.3667; 0.7698319; 106.7573; Intersection; 5.24648; null
33; Bicycle; Noise; None; 15.11.2023 09:00:22; 792.3545; 0.7698325; 106.7579; Intersection; 5.265467; null
33; Bicycle; Noise; None; 15.11.2023 09:00:22; 792.3336; 0.7698287; 106.7588; Intersection; 5.296686; null
33; Bicycle; Noise; None; 15.11.2023 09:00:22; 792.322; 0.7698257; 106.7593; Intersection; 5.309248; null
33; Bicycle; Noise; None; 15.11.2023 09:00:22; 792.2961; 0.7698177; 106.7604; Intersection; 5.337674; null
33; Bicycle; Noise; None; 15.11.2023 09:00:22; 792.2723; 0.7698097; 106.7614; Intersection; 5.367016; null
33; Bicycle; Noise; None; 15.11.2023 09:00:22; 792.2723; 0.7698097; 106.7614; Intersection; 5.367016; null
33; Bicycle; Noise; None; 15.11.2023 09:00:22; 792.2457; 0.7698016; 106.7625; Intersection; 5.392809; null
33; Bicycle; Noise; None; 15.11.2023 09:00:22; 792.2265; 0.7697959; 106.7634; Intersection; 5.408062; null
33; Bicycle; Noise; None; 15.11.2023 09:00:22; 792.195; 0.7697873; 106.7647; Intersection; 5.444087; null
33; Bicycle; Noise; None; 15.11.2023 09:00:22; 792.1807; 0.7697849; 106.7654; Intersection; 5.457568; null
33; Bicycle; Noise; None; 15.11.2023 09:00:22; 792.1649; 0.7697811; 106.7661; Intersection; 5.47082; null
33; Bicycle; Noise; None; 15.11.2023 09:00:22; 792.1472; 0.7697773; 106.7668; Intersection; 5.485035; null
33; Bicycle; Noise; None; 15.11.2023 09:00:22; 792.1131; 0.7697718; 106.7684; Intersection; 5.515478; null
33; Bicycle; Noise; None; 15.11.2023 09:00:22; 792.0817; 0.7697686; 106.7698; Intersection; 5.542066; null
33; Bicycle; Noise; None; 15.11.2023 09:00:22; 792.0642; 0.7697666; 106.7705; Intersection; 5.555805; null
33; Bicycle; Noise; None; 15.11.2023 09:00:22; 792.0642; 0.7697666; 106.7705; Intersection; 5.555805; null
33; Bicycle; Noise; None; 15.11.2023 09:00:22; 792.011; 0.7697638; 106.7729; Intersection; 5.593189; null
33; Bicycle; Noise; None; 15.11.2023 09:00:22; 791.9922; 0.7697623; 106.7738; Intersection; 5.609833; null
33; Bicycle; Noise; None; 15.11.2023 09:00:22; 791.9517; 0.7697613; 106.7756; Intersection; 5.636964; null
33; Bicycle; Noise; None; 15.11.2023 09:00:22; 791.9072; 0.7697601; 106.7776; Intersection; 5.664795; null
33; Bicycle; Noise; None; 15.11.2023 09:00:22; 791.9072; 0.7697601; 106.7776; Intersection; 5.664795; null
33; Bicycle; Noise; None; 15.11.2023 09:00:22; 791.8608; 0.7697595; 106.7797; Intersection; 5.693431; null
33; Bicycle; Noise; None; 15.11.2023 09:00:22; 791.8329; 0.7697591; 106.781; Intersection; 5.708792; null
33; Bicycle; Noise; None; 15.11.2023 09:00:22; 791.7942; 0.7697599; 106.7828; Intersection; 5.725507; null
33; Bicycle; Noise; None; 15.11.2023 09:00:22; 791.7392; 0.7697597; 106.7853; Intersection; 5.763742; null
33; Bicycle; Noise; None; 15.11.2023 09:00:22; 791.7392; 0.7697597; 106.7853; Intersection; 5.763742; null
33; Bicycle; Noise; None; 15.11.2023 09:00:22; 791.6841; 0.7697599; 106.7879; Intersection; 5.792356; null
33; Bicycle; Noise; None; 15.11.2023 09:00:22; 791.6602; 0.7697604; 106.789; Intersection; 5.808169; null
33; Bicycle; Noise; None; 15.11.2023 09:00:22; 791.5941; 0.7697606; 106.792; Intersection; 5.839603; null
33; Bicycle; Noise; None; 15.11.2023 09:00:22; 791.5413; 0.7697608; 106.7945; Intersection; 5.867248; null
33; Bicycle; Noise; None; 15.11.2023 09:00:22; 791.5413; 0.7697608; 106.7945; Intersection; 5.867248; null
33; Bicycle; Noise; None; 15.11.2023 09:00:22; 791.4954; 0.769762; 106.7966; Intersection; 5.879855; null
33; Bicycle; Noise; None; 15.11.2023 09:00:22; 791.4304; 0.7697626; 106.7996; Intersection; 5.916089; null
33; Bicycle; Noise; None; 15.11.2023 09:00:22; 791.3704; 0.7697634; 106.8023; Intersection; 5.944213; null
33; Bicycle; Noise; None; 15.11.2023 09:00:22; 791.3356; 0.7697644; 106.804; Intersection; 5.958294; null
33; Bicycle; Noise; None; 15.11.2023 09:00:22; 791.3019; 0.7697647; 106.8055; Intersection; 5.973493; null
33; Bicycle; Noise; None; 15.11.2023 09:00:22; 791.2714; 0.7697651; 106.8069; Intersection; 5.987976; null
33; Bicycle; Noise; None; 15.11.2023 09:00:22; 791.2009; 0.7697639; 106.8102; Intersection; 6.015168; null
33; Bicycle; Noise; None; 15.11.2023 09:00:22; 791.1489; 0.7697632; 106.8126; Intersection; 6.030225; null
33; Bicycle; Noise; None; 15.11.2023 09:00:22; 791.0768; 0.7697629; 106.8159; Intersection; 6.066415; null
33; Bicycle; Noise; None; 15.11.2023 09:00:22; 791.0768; 0.7697629; 106.8159; Intersection; 6.066415; null
33; Bicycle; Noise; None; 15.11.2023 09:00:23; 790.9951; 0.769762; 106.8197; Intersection; 6.093092; null
33; Bicycle; Noise; None; 15.11.2023 09:00:23; 790.9554; 0.7697626; 106.8215; Intersection; 6.111054; null
33; Bicycle; Noise; None; 15.11.2023 09:00:23; 790.9049; 0.7697622; 106.8238; Intersection; 6.125814; null
33; Bicycle; Noise; None; 15.11.2023 09:00:23; 790.8218; 0.7697625; 106.8276; Intersection; 6.159316; null
33; Bicycle; Noise; None; 15.11.2023 09:00:23; 790.7762; 0.7697623; 106.8297; Intersection; 6.173566; null
33; Bicycle; Noise; None; 15.11.2023 09:00:23; 790.7186; 0.7697628; 106.8323; Intersection; 6.189292; null
33; Bicycle; Noise; None; 15.11.2023 09:00:23; 790.6725; 0.769762; 106.8344; Intersection; 6.208782; null
33; Bicycle; Noise; None; 15.11.2023 09:00:23; 790.5841; 0.7697632; 106.8384; Intersection; 6.238213; null
33; Bicycle; Noise; None; 15.11.2023 09:00:23; 790.5295; 0.7697632; 106.8408; Intersection; 6.252818; null
33; Bicycle; Noise; None; 15.11.2023 09:00:23; 790.4832; 0.7697629; 106.8428; Intersection; 6.270176; null
33; Bicycle; Noise; None; 15.11.2023 09:00:23; 790.3911; 0.769763; 106.8469; Intersection; 6.298301; null
33; Bicycle; Noise; None; 15.11.2023 09:00:23; 790.3435; 0.7697632; 106.849; Intersection; 6.312835; null
33; Bicycle; Noise; None; 15.11.2023 09:00:23; 790.2886; 0.7697628; 106.8514; Intersection; 6.327118; null
33; Bicycle; Noise; None; 15.11.2023 09:00:23; 790.1644; 0.7697622; 106.8568; Intersection; 6.364801; null
33; Bicycle; Noise; None; 15.11.2023 09:00:23; 790.1644; 0.7697622; 106.8568; Intersection; 6.364801; null
33; Bicycle; Noise; None; 15.11.2023 09:00:23; 790.0569; 0.769762; 106.8615; Intersection; 6.393614; null
33; Bicycle; Noise; None; 15.11.2023 09:00:23; 789.9633; 0.7697614; 106.8655; After ; 0; null
33; Bicycle; Noise; None; 15.11.2023 09:00:23; 789.9138; 0.769762; 106.8677; After ; 0.0136596; null
33; Bicycle; Noise; None; 15.11.2023 09:00:23; 789.8038; 0.7697608; 106.8724; After ; 0.0406259; null
33; Bicycle; Noise; None; 15.11.2023 09:00:23; 789.8038; 0.7697608; 106.8724; After ; 0.0406259; null
33; Bicycle; Noise; None; 15.11.2023 09:00:23; 789.7455; 0.7697608; 106.8749; After ; 0.056413; null
33; Bicycle; Noise; None; 15.11.2023 09:00:23; 789.6042; 0.7697617; 106.881; After ; 0.09295381; null
33; Bicycle; Noise; None; 15.11.2023 09:00:23; 789.5533; 0.7697614; 106.8833; After ; 0.1081349; null
33; Bicycle; Noise; None; 15.11.2023 09:00:23; 789.4249; 0.7697613; 106.8888; After ; 0.1371901; null
33; Bicycle; Noise; None; 15.11.2023 09:00:23; 789.3699; 0.7697612; 106.8912; After ; 0.1530388; null
33; Bicycle; Noise; None; 15.11.2023 09:00:23; 789.3175; 0.7697608; 106.8935; After ; 0.1665708; null
33; Bicycle; Noise; None; 15.11.2023 09:00:23; 789.2012; 0.7697608; 106.8986; After ; 0.1930366; null
33; Bicycle; Noise; None; 15.11.2023 09:00:23; 789.0895; 0.7697595; 106.9035; After ; 0.2207789; null
33; Bicycle; Noise; None; 15.11.2023 09:00:23; 788.986; 0.7697592; 106.9081; After ; 0.2336307; null
33; Bicycle; Noise; None; 15.11.2023 09:00:23; 788.986; 0.7697592; 106.9081; After ; 0.2336307; null
33; Bicycle; Noise; None; 15.11.2023 09:00:23; 788.8511; 0.76976; 106.9142; After ; 0.2730384; null
33; Bicycle; Noise; None; 15.11.2023 09:00:23; 788.7878; 0.7697599; 106.917; After ; 0.2884784; null
33; Bicycle; Noise; None; 15.11.2023 09:00:23; 788.6553; 0.7697608; 106.923; After ; 0.3177394; null
33; Bicycle; Noise; None; 15.11.2023 09:00:23; 788.5846; 0.7697606; 106.9261; After ; 0.332242; null
33; Bicycle; Noise; None; 15.11.2023 09:00:23; 788.5258; 0.7697611; 106.9288; After ; 0.3477615; null
33; Bicycle; Noise; None; 15.11.2023 09:00:23; 788.3839; 0.769762; 106.9352; After ; 0.3767027; null
33; Bicycle; Noise; None; 15.11.2023 09:00:23; 788.2813; 0.7697622; 106.9397; After ; 0.3911505; null
33; Bicycle; Noise; None; 15.11.2023 09:00:23; 788.2148; 0.7697623; 106.9427; After ; 0.4129405; null
33; Bicycle; Noise; None; 15.11.2023 09:00:23; 788.087; 0.769762; 106.9483; After ; 0.4396289; null
33; Bicycle; Noise; None; 15.11.2023 09:00:23; 788.0229; 0.7697618; 106.9511; After ; 0.4535116; null
33; Bicycle; Noise; None; 15.11.2023 09:00:23; 787.9449; 0.769762; 106.9546; After ; 0.4667383; null
33; Bicycle; Noise; None; 15.11.2023 09:00:23; 787.8118; 0.7697618; 106.9603; After ; 0.496409; null
33; Bicycle; Noise; None; 15.11.2023 09:00:23; 787.7516; 0.769762; 106.9629; After ; 0.5096644; null
33; Bicycle; Noise; None; 15.11.2023 09:00:23; 787.5946; 0.7698953; 106.9696; After ; 0.5378928; null
33; Bicycle; Noise; None; 15.11.2023 09:00:23; 787.5946; 0.7698953; 106.9696; After ; 0.5378928; null
33; Bicycle; Noise; None; 15.11.2023 09:00:23; 787.4011; 0.7701032; 106.9777; After ; 0.5743406; null
33; Bicycle; Noise; None; 15.11.2023 09:00:23; 787.3284; 0.7701494; 106.9808; After ; 0.5907723; null
33; Bicycle; Noise; None; 15.11.2023 09:00:23; 787.1815; 0.7702013; 106.9869; After ; 0.6198434; null
33; Bicycle; Noise; None; 15.11.2023 09:00:23; 787.0454; 0.7702193; 106.9924; After ; 0.6466631; null
33; Bicycle; Noise; None; 15.11.2023 09:00:23; 787.0454; 0.7702193; 106.9924; After ; 0.6466631; null
33; Bicycle; Noise; None; 15.11.2023 09:00:24; 786.89; 0.7702148; 106.9987; After ; 0.6720307; null
33; Bicycle; Noise; None; 15.11.2023 09:00:24; 786.7498; 0.7701983; 107.0042; After ; 0.6993203; null
33; Bicycle; Noise; None; 15.11.2023 09:00:24; 786.6319; 0.7701795; 107.0087; After ; 0.7138321; null
33; Bicycle; Noise; None; 15.11.2023 09:00:24; 786.5308; 0.7701619; 107.0126; After ; 0.7354562; null
33; Bicycle; Noise; None; 15.11.2023 09:00:24; 786.4479; 0.7701465; 107.0157; After ; 0.7538731; null
33; Bicycle; Noise; None; 15.11.2023 09:00:24; 786.3607; 0.7701313; 107.0189; After ; 0.7688715; null
33; Bicycle; Noise; None; 15.11.2023 09:00:24; 786.194; 0.7701027; 107.0249; After ; 0.8010191; null
33; Bicycle; Noise; None; 15.11.2023 09:00:24; 786.0969; 0.770088; 107.0284; After ; 0.8143328; null
33; Bicycle; Noise; None; 15.11.2023 09:00:24; 785.9457; 0.7700665; 107.0335; After ; 0.8462033; null
33; Bicycle; Noise; None; 15.11.2023 09:00:24; 785.9457; 0.7700665; 107.0335; After ; 0.8462033; null
33; Bicycle; Noise; None; 15.11.2023 09:00:24; 785.8651; 0.7700572; 107.0362; After ; 0.8580924; null
33; Bicycle; Noise; None; 15.11.2023 09:00:24; 785.6616; 0.7700375; 107.0427; After ; 0.8930866; null
33; Bicycle; Noise; None; 15.11.2023 09:00:24; 785.5132; 0.7700255; 107.0472; After ; 0.919012; null
33; Bicycle; Noise; None; 15.11.2023 09:00:24; 785.3658; 0.7700157; 107.0516; After ; 0.9462047; null
33; Bicycle; Noise; None; 15.11.2023 09:00:24; 785.3658; 0.7700157; 107.0516; After ; 0.9462047; null
33; Bicycle; Noise; None; 15.11.2023 09:00:24; 785.2076; 0.7700073; 107.056; After ; 0.9709228; null
33; Bicycle; Noise; None; 15.11.2023 09:00:24; 785.063; 0.7700016; 107.0598; After ; 0.9971542; null
33; Bicycle; Noise; None; 15.11.2023 09:00:24; 784.9146; 0.7699976; 107.0636; After ; 1.020565; null
33; Bicycle; Noise; None; 15.11.2023 09:00:24; 784.7908; 0.769995; 107.0666; After ; 1.033382; null
33; Bicycle; Noise; None; 15.11.2023 09:00:24; 784.7043; 0.7699928; 107.0686; After ; 1.05382; null
33; Bicycle; Noise; None; 15.11.2023 09:00:24; 784.631; 0.7699919; 107.0702; After ; 1.068034; null
33; Bicycle; Noise; None; 15.11.2023 09:00:24; 784.4291; 0.7699897; 107.0745; After ; 1.096582; null
33; Bicycle; Noise; None; 15.11.2023 09:00:24; 784.3439; 0.7699895; 107.0762; After ; 1.112883; null
33; Bicycle; Noise; None; 15.11.2023 09:00:24; 784.178; 0.7699884; 107.0793; After ; 1.140328; null
33; Bicycle; Noise; None; 15.11.2023 09:00:24; 784.084; 0.7699881; 107.081; After ; 1.153304; null
33; Bicycle; Noise; None; 15.11.2023 09:00:24; 783.9847; 0.7699884; 107.0827; After ; 1.168317; null
33; Bicycle; Noise; None; 15.11.2023 09:00:24; 783.8423; 0.7699876; 107.085; After ; 1.184124; null
33; Bicycle; Noise; None; 15.11.2023 09:00:24; 783.663; 0.7699866; 107.0877; After ; 1.220956; null
33; Bicycle; Noise; None; 15.11.2023 09:00:24; 783.5659; 0.7699878; 107.0891; After ; 1.23489; null
33; Bicycle; Noise; None; 15.11.2023 09:00:24; 783.4729; 0.7699866; 107.0904; After ; 1.250097; null
33; Bicycle; Noise; None; 15.11.2023 09:00:24; 783.3001; 0.7699869; 107.0926; After ; 1.27869; null
33; Bicycle; Noise; None; 15.11.2023 09:00:24; 783.216; 0.7699876; 107.0936; After ; 1.291422; null
33; Bicycle; Noise; None; 15.11.2023 09:00:24; 783.0425; 0.7699871; 107.0955; After ; 1.316804; null
33; Bicycle; Noise; None; 15.11.2023 09:00:24; 782.9629; 0.769987; 107.0964; After ; 1.331065; null
33; Bicycle; Noise; None; 15.11.2023 09:00:24; 782.8241; 0.7699871; 107.0977; After ; 1.343257; null
33; Bicycle; Noise; None; 15.11.2023 09:00:24; 782.7232; 0.7699864; 107.0986; After ; 1.364427; null
33; Bicycle; Noise; None; 15.11.2023 09:00:24; 782.5293; 0.7699862; 107.1001; After ; 1.393813; null
33; Bicycle; Noise; None; 15.11.2023 09:00:24; 782.347; 0.7699854; 107.1013; After ; 1.422552; null
33; Bicycle; Noise; None; 15.11.2023 09:00:24; 782.2638; 0.7699857; 107.1018; After ; 1.436455; null
33; Bicycle; Noise; None; 15.11.2023 09:00:24; 782.1729; 0.7699847; 107.1023; After ; 1.448907; null
33; Bicycle; Noise; None; 15.11.2023 09:00:24; 781.993; 0.7699846; 107.103; After ; 1.475357; null
33; Bicycle; Noise; None; 15.11.2023 09:00:24; 781.9055; 0.7699845; 107.1033; After ; 1.489208; null
33; Bicycle; Noise; None; 15.11.2023 09:00:24; 781.7562; 0.7699844; 107.1035; After ; 1.502169; null
33; Bicycle; Noise; None; 15.11.2023 09:00:24; 781.5559; 0.7699853; 107.1036; After ; 1.538934; null
33; Bicycle; Noise; None; 15.11.2023 09:00:24; 781.4675; 0.7699858; 107.1035; After ; 1.553598; null
33; Bicycle; Noise; None; 15.11.2023 09:00:24; 781.2917; 0.7699857; 107.1031; After ; 1.579143; null
33; Bicycle; Noise; None; 15.11.2023 09:00:24; 781.1886; 0.7699864; 107.1028; After ; 1.592138; null
33; Bicycle; Noise; None; 15.11.2023 09:00:24; 780.9905; 0.7699862; 107.1018; After ; 1.621955; null
33; Bicycle; Noise; None; 15.11.2023 09:00:24; 780.8267; 0.7699869; 107.1007; After ; 1.647966; null
33; Bicycle; Noise; None; 15.11.2023 09:00:24; 780.8267; 0.7699869; 107.1007; After ; 1.647966; null
33; Bicycle; Noise; None; 15.11.2023 09:00:25; 780.6955; 0.7699876; 107.0996; After ; 1.659334; null
33; Bicycle; Noise; None; 15.11.2023 09:00:25; 780.4811; 0.7699882; 107.0976; After ; 1.692872; null
33; Bicycle; Noise; None; 15.11.2023 09:00:25; 780.2917; 0.7699876; 107.0955; After ; 1.722576; null
33; Bicycle; Noise; None; 15.11.2023 09:00:25; 780.1786; 0.7699885; 107.0941; After ; 1.73568; null
33; Bicycle; Noise; None; 15.11.2023 09:00:25; 780.0687; 0.7699882; 107.0926; After ; 1.751694; null
33; Bicycle; Noise; None; 15.11.2023 09:00:25; 779.9606; 0.7699883; 107.0911; After ; 1.767225; null
33; Bicycle; Noise; None; 15.11.2023 09:00:25; 779.7606; 0.7699876; 107.088; After ; 1.796438; null
33; Bicycle; Noise; None; 15.11.2023 09:00:25; 779.6207; 0.7699878; 107.0857; After ; 1.810526; null
33; Bicycle; Noise; None; 15.11.2023 09:00:25; 779.4296; 0.7699872; 107.0824; After ; 1.842836; null
33; Bicycle; Noise; None; 15.11.2023 09:00:25; 779.3357; 0.7699869; 107.0807; After ; 1.856744; null
33; Bicycle; Noise; None; 15.11.2023 09:00:25; 779.237; 0.7699866; 107.0788; After ; 1.869794; null
33; Bicycle; Noise; None; 15.11.2023 09:00:25; 779.0176; 0.7699864; 107.0745; After ; 1.897586; null
33; Bicycle; Noise; None; 15.11.2023 09:00:25; 778.9063; 0.7699873; 107.0722; After ; 1.913846; null
33; Bicycle; Noise; None; 15.11.2023 09:00:25; 778.6873; 0.7699869; 107.0675; After ; 1.94571; null
33; Bicycle; Noise; None; 15.11.2023 09:00:25; 778.6873; 0.7699869; 107.0675; After ; 1.94571; null
33; Bicycle; Noise; None; 15.11.2023 09:00:25; 778.5848; 0.7699873; 107.0652; After ; 1.959263; null
33; Bicycle; Noise; None; 15.11.2023 09:00:25; 778.3046; 0.7699871; 107.0586; After ; 1.993717; null
33; Bicycle; Noise; None; 15.11.2023 09:00:25; 778.124; 0.7699869; 107.0542; After ; 2.024962; null
33; Bicycle; Noise; None; 15.11.2023 09:00:25; 778.0344; 0.7699862; 107.0519; After ; 2.036079; null
33; Bicycle; Noise; None; 15.11.2023 09:00:25; 777.9482; 0.7699869; 107.0497; After ; 2.048221; null
33; Bicycle; Noise; None; 15.11.2023 09:00:25; 777.7357; 0.7699867; 107.044; After ; 2.075965; null
33; Bicycle; Noise; None; 15.11.2023 09:00:25; 777.5425; 0.7699863; 107.0386; After ; 2.100737; null
33; Bicycle; Noise; None; 15.11.2023 09:00:25; 777.4462; 0.7699867; 107.0358; After ; 2.114599; null
33; Bicycle; Noise; None; 15.11.2023 09:00:25; 777.2868; 0.7699866; 107.0311; After ; 2.127528; null
33; Bicycle; Noise; None; 15.11.2023 09:00:25; 777.1854; 0.7699864; 107.028; After ; 2.14889; null
33; Bicycle; Noise; None; 15.11.2023 09:00:25; 776.9833; 0.7699864; 107.0216; Goal ; Total Time: 24.92517; null
33; Bicycle; Noise; None; 15.11.2023 09:00:25; 776.8771; 0.7699864; 107.0182; Goal ; Total Time: 24.93888; null
33; Bicycle; Noise; None; 15.11.2023 09:00:25; 776.6732; 0.7699867; 107.0112; Goal ; Total Time: 24.96612; null
33; Bicycle; Noise; None; 15.11.2023 09:00:25; 776.4691; 0.7699871; 107.004; Goal ; Total Time: 24.99384; null
33; Bicycle; Noise; None; 15.11.2023 09:00:25; 776.4691; 0.7699871; 107.004; Goal ; Total Time: 24.99384; null
33; Bicycle; Noise; None; 15.11.2023 09:00:25; 776.2474; 0.7699876; 106.9958; Goal ; Total Time: 25.02205; null
33; Bicycle; Noise; None; 15.11.2023 09:00:25; 776.0971; 0.7699883; 106.99; Goal ; Total Time: 25.03636; null
33; Bicycle; Noise; None; 15.11.2023 09:00:25; 775.8822; 0.7699875; 106.9814; Goal ; Total Time: 25.07169; null
33; Bicycle; Noise; None; 15.11.2023 09:00:25; 775.7895; 0.7699876; 106.9777; Goal ; Total Time: 25.08437; null
33; Bicycle; Noise; None; 15.11.2023 09:00:25; 775.694; 0.7699885; 106.9737; Goal ; Total Time: 25.09652; null
33; Bicycle; Noise; None; 15.11.2023 09:00:25; 775.545; 0.7699877; 106.9674; Goal ; Total Time: 25.10901; null
