user_id; scenario; distraction; ehmi; timestamp; userPositionX; userPositionY; userPositionZ; playerPositon; time; focused object
22; Pedestrian; Interference; Intention; 23.10.2023 15:26:05; 805.1; -0.34; 241; HI; null
22; Pedestrian; Interference; Intention; 23.10.2023 15:26:06; 805.2721; -0.09819984; 241; Sidewalk; 0.02; null
22; Pedestrian; Interference; Intention; 23.10.2023 15:26:07; 805.2721; -0.09819984; 241; Sidewalk; 0.02; null
22; Pedestrian; Interference; Intention; 23.10.2023 15:26:07; 805.2721; -0.09819984; 241; Sidewalk; 0.02; null
22; Pedestrian; Interference; Intention; 23.10.2023 15:26:07; 805.2721; -0.09819984; 241; Sidewalk; 0.02; null
22; Pedestrian; Interference; Intention; 23.10.2023 15:26:07; 805.2721; -0.09819984; 241; Sidewalk; 0.02; null
22; Pedestrian; Interference; Intention; 23.10.2023 15:26:07; 805.2721; -0.09819984; 241; Sidewalk; 0.02; null
22; Pedestrian; Interference; Intention; 23.10.2023 15:26:07; 805.2721; -0.09819984; 241; Sidewalk; 0.02; null
22; Pedestrian; Interference; Intention; 23.10.2023 15:26:07; 805.2721; -0.09819984; 241; Sidewalk; 0.02; null
22; Pedestrian; Interference; Intention; 23.10.2023 15:26:07; 805.2721; -0.09819984; 241; Sidewalk; 0.02; null
22; Pedestrian; Interference; Intention; 23.10.2023 15:26:07; 805.2721; -0.09819984; 241; Sidewalk; 0.02; null
22; Pedestrian; Interference; Intention; 23.10.2023 15:26:07; 805.2721; -0.09819984; 241; Sidewalk; 0.02; null
22; Pedestrian; Interference; Intention; 23.10.2023 15:26:07; 805.2721; -0.09819984; 241; Sidewalk; 0.02; null
22; Pedestrian; Interference; Intention; 23.10.2023 15:26:07; 805.2721; -0.09819984; 241; Sidewalk; 0.02; null
22; Pedestrian; Interference; Intention; 23.10.2023 15:26:07; 805.2721; -0.09819984; 241; Sidewalk; 0.02; null
22; Pedestrian; Interference; Intention; 23.10.2023 15:26:07; 805.2721; -0.09819984; 241; Sidewalk; 0.02; null
22; Pedestrian; Interference; Intention; 23.10.2023 15:26:07; 805.2721; -0.09819984; 241; Sidewalk; 0.02; null
22; Pedestrian; Interference; Intention; 23.10.2023 15:26:07; 805.2721; -0.09819984; 241; Sidewalk; 0.02; null
22; Pedestrian; Interference; Intention; 23.10.2023 15:26:07; 804.6152; -0.09819984; 241.2448; Sidewalk; 0.04; null
22; Pedestrian; Interference; Intention; 23.10.2023 15:26:07; 804.6152; -0.09819984; 241.2448; Sidewalk; 0.04; null
22; Pedestrian; Interference; Intention; 23.10.2023 15:26:07; 804.6152; -0.09819984; 241.2448; Sidewalk; 0.04; null
22; Pedestrian; Interference; Intention; 23.10.2023 15:26:07; 804.6152; -0.09819984; 241.2448; Sidewalk; 0.04; null
22; Pedestrian; Interference; Intention; 23.10.2023 15:26:07; 804.5601; -0.09819984; 241.2195; Road; 0; null
22; Pedestrian; Interference; Intention; 23.10.2023 15:26:07; 804.5651; -0.09819984; 241.2129; Road; 0.0786638; null
22; Pedestrian; Interference; Intention; 23.10.2023 15:26:07; 804.5668; -0.09819984; 241.2113; Road; 0.1080457; null
22; Pedestrian; Interference; Intention; 23.10.2023 15:26:07; 804.5695; -0.09819984; 241.2081; Road; 0.1258835; null
22; Pedestrian; Interference; Intention; 23.10.2023 15:26:07; 804.5728; -0.09819984; 241.2051; Road; 0.1472515; null
22; Pedestrian; Interference; Intention; 23.10.2023 15:26:07; 804.576; -0.09819984; 241.2022; Road; 0.1690264; null
22; Pedestrian; Interference; Intention; 23.10.2023 15:26:07; 804.579; -0.09819984; 241.1992; Road; 0.1913025; null
22; Pedestrian; Interference; Intention; 23.10.2023 15:26:07; 804.5831; -0.09819984; 241.1959; Road; 0.213762; null
22; Pedestrian; Interference; Intention; 23.10.2023 15:26:07; 804.5854; -0.09819984; 241.1943; Road; 0.2247767; null
22; Pedestrian; Interference; Intention; 23.10.2023 15:26:07; 804.5903; -0.09819984; 241.1912; Road; 0.2555935; null
22; Pedestrian; Interference; Intention; 23.10.2023 15:26:07; 804.5963; -0.09819996; 241.1883; Road; 0.2763094; null
22; Pedestrian; Interference; Intention; 23.10.2023 15:26:07; 804.605; -0.09819996; 241.1842; Road; 0.3030781; null
22; Pedestrian; Interference; Intention; 23.10.2023 15:26:07; 804.611; -0.09819996; 241.1817; Road; 0.3250388; null
22; Pedestrian; Interference; Intention; 23.10.2023 15:26:07; 804.611; -0.09819996; 241.1817; Road; 0.3250388; null
22; Pedestrian; Interference; Intention; 23.10.2023 15:26:07; 804.6164; -0.09819996; 241.1797; Road; 0.3468228; null
22; Pedestrian; Interference; Intention; 23.10.2023 15:26:07; 804.6216; -0.09819996; 241.1782; Road; 0.3701181; null
22; Pedestrian; Interference; Intention; 23.10.2023 15:26:07; 804.6258; -0.09819996; 241.177; Road; 0.391386; null
22; Pedestrian; Interference; Intention; 23.10.2023 15:26:07; 804.6286; -0.09819996; 241.1762; Road; 0.4172041; null
22; Pedestrian; Interference; Intention; 23.10.2023 15:26:07; 804.6292; -0.09819996; 241.1758; Road; 0.4256942; null
22; Pedestrian; Interference; Intention; 23.10.2023 15:26:07; 804.6311; -0.09819996; 241.1752; Road; 0.4470972; null
22; Pedestrian; Interference; Intention; 23.10.2023 15:26:07; 804.6335; -0.09819996; 241.1746; Road; 0.4703346; null
22; Pedestrian; Interference; Intention; 23.10.2023 15:26:07; 804.6359; -0.09819996; 241.1739; Road; 0.5034317; null
22; Pedestrian; Interference; Intention; 23.10.2023 15:26:07; 804.6365; -0.09819996; 241.1736; Road; 0.5133156; null
22; Pedestrian; Interference; Intention; 23.10.2023 15:26:07; 804.6372; -0.09819996; 241.1734; Road; 0.5245411; null
22; Pedestrian; Interference; Intention; 23.10.2023 15:26:07; 804.6383; -0.09819996; 241.1731; Road; 0.5469782; null
22; Pedestrian; Interference; Intention; 23.10.2023 15:26:07; 804.6389; -0.09819996; 241.1729; Road; 0.5804995; null
22; Pedestrian; Interference; Intention; 23.10.2023 15:26:07; 804.6395; -0.09819996; 241.1727; Road; 0.6024051; null
22; Pedestrian; Interference; Intention; 23.10.2023 15:26:07; 804.6396; -0.09819996; 241.1726; Road; 0.6242685; null
22; Pedestrian; Interference; Intention; 23.10.2023 15:26:07; 804.6396; -0.09819996; 241.1726; Road; 0.6242685; null
22; Pedestrian; Interference; Intention; 23.10.2023 15:26:07; 804.6395; -0.09819996; 241.1725; Road; 0.6577649; null
22; Pedestrian; Interference; Intention; 23.10.2023 15:26:07; 804.6398; -0.09819996; 241.1726; Road; 0.6798143; null
22; Pedestrian; Interference; Intention; 23.10.2023 15:26:07; 804.6396; -0.09819996; 241.1726; Road; 0.6909825; null
22; Pedestrian; Interference; Intention; 23.10.2023 15:26:07; 804.6389; -0.09819996; 241.1726; Road; 0.7180685; null
22; Pedestrian; Interference; Intention; 23.10.2023 15:26:07; 804.6385; -0.09819996; 241.1727; Road; 0.727209; null
22; Pedestrian; Interference; Intention; 23.10.2023 15:26:07; 804.637; -0.09819996; 241.1733; Road; 0.7578149; null
22; Pedestrian; Interference; Intention; 23.10.2023 15:26:07; 804.6353; -0.09819996; 241.1741; Road; 0.7799529; null
22; Pedestrian; Interference; Intention; 23.10.2023 15:26:07; 804.6336; -0.09819996; 241.1748; Road; 0.8024848; null
22; Pedestrian; Interference; Intention; 23.10.2023 15:26:08; 804.6328; -0.09819996; 241.1751; Road; 0.8128099; null
22; Pedestrian; Interference; Intention; 23.10.2023 15:26:08; 804.6328; -0.09819996; 241.1751; Road; 0.8128099; null
22; Pedestrian; Interference; Intention; 23.10.2023 15:26:08; 804.6328; -0.09819996; 241.1751; Road; 0.8128099; null
22; Pedestrian; Interference; Intention; 23.10.2023 15:26:08; 804.6298; -0.09819996; 241.1761; Road; 0.8245777; null
22; Pedestrian; Interference; Intention; 23.10.2023 15:26:08; 804.6305; -0.09819996; 241.1761; Road; 0.8889222; null
22; Pedestrian; Interference; Intention; 23.10.2023 15:26:08; 804.6318; -0.09819996; 241.1759; Road; 0.91294; null
22; Pedestrian; Interference; Intention; 23.10.2023 15:26:08; 804.6328; -0.09819996; 241.1757; Road; 0.9253244; null
22; Pedestrian; Interference; Intention; 23.10.2023 15:26:08; 804.635; -0.09819996; 241.1752; Road; 0.9467412; null
22; Pedestrian; Interference; Intention; 23.10.2023 15:26:08; 804.6381; -0.09819996; 241.1745; Road; 0.9695536; null
22; Pedestrian; Interference; Intention; 23.10.2023 15:26:08; 804.6445; -0.09819996; 241.1731; Road; 1.002614; null
22; Pedestrian; Interference; Intention; 23.10.2023 15:26:08; 804.6469; -0.09819996; 241.1726; Road; 1.012961; null
22; Pedestrian; Interference; Intention; 23.10.2023 15:26:08; 804.6494; -0.09819996; 241.1722; Road; 1.02432; null
22; Pedestrian; Interference; Intention; 23.10.2023 15:26:08; 804.6553; -0.09819996; 241.1712; Road; 1.046909; null
22; Pedestrian; Interference; Intention; 23.10.2023 15:26:08; 804.6619; -0.09819996; 241.1701; Road; 1.075997; null
22; Pedestrian; Interference; Intention; 23.10.2023 15:26:08; 804.6725; -0.09819996; 241.1683; Road; 1.103817; Checking Box Human Car
22; Pedestrian; Interference; Intention; 23.10.2023 15:26:08; 804.6764; -0.09819996; 241.1677; Road; 1.112443; Checking Box Human Car
22; Pedestrian; Interference; Intention; 23.10.2023 15:26:08; 804.6847; -0.09819996; 241.1665; Road; 1.135661; Checking Box Human Car
22; Pedestrian; Interference; Intention; 23.10.2023 15:26:08; 804.689; -0.09819996; 241.1659; Road; 1.146294; Checking Box Human Car
22; Pedestrian; Interference; Intention; 23.10.2023 15:26:08; 804.7019; -0.09819996; 241.1643; Road; 1.180259; Checking Box Human Car
22; Pedestrian; Interference; Intention; 23.10.2023 15:26:08; 804.7064; -0.09819996; 241.1639; Road; 1.190771; Checking Box Human Car
22; Pedestrian; Interference; Intention; 23.10.2023 15:26:08; 804.7148; -0.09819996; 241.1632; Road; 1.219937; Checking Box Human Car
22; Pedestrian; Interference; Intention; 23.10.2023 15:26:08; 804.7191; -0.09819996; 241.1629; Road; 1.23041; Checking Box Human Car
22; Pedestrian; Interference; Intention; 23.10.2023 15:26:08; 804.7273; -0.09819996; 241.1625; Road; 1.247441; Checking Box Human Car
22; Pedestrian; Interference; Intention; 23.10.2023 15:26:08; 804.7383; -0.09819996; 241.1621; Road; 1.280015; Checking Box AICar
22; Pedestrian; Interference; Intention; 23.10.2023 15:26:08; 804.7452; -0.09819996; 241.1619; Road; 1.302646; Checking Box AICar
22; Pedestrian; Interference; Intention; 23.10.2023 15:26:08; 804.751; -0.09819996; 241.162; Road; 1.312804; BicycleInterference
22; Pedestrian; Interference; Intention; 23.10.2023 15:26:08; 804.7535; -0.09819996; 241.162; Road; 1.312804; BicycleInterference
22; Pedestrian; Interference; Intention; 23.10.2023 15:26:08; 804.7562; -0.09819996; 241.1621; Road; 1.312804; BicycleInterference
22; Pedestrian; Interference; Intention; 23.10.2023 15:26:08; 804.7606; -0.09819996; 241.1623; Sidewalk; 0.390556; BicycleInterference
22; Pedestrian; Interference; Intention; 23.10.2023 15:26:08; 804.765; -0.09819996; 241.1626; Sidewalk; 0.4179637; BicycleInterference
22; Pedestrian; Interference; Intention; 23.10.2023 15:26:08; 804.7673; -0.09819996; 241.1629; Sidewalk; 0.4395261; BicycleInterference
22; Pedestrian; Interference; Intention; 23.10.2023 15:26:08; 804.7686; -0.09819996; 241.163; Sidewalk; 0.44984; BicycleInterference
22; Pedestrian; Interference; Intention; 23.10.2023 15:26:08; 804.7698; -0.09819996; 241.1632; Sidewalk; 0.4724274; BicycleInterference
22; Pedestrian; Interference; Intention; 23.10.2023 15:26:08; 804.772; -0.09819996; 241.1635; Sidewalk; 0.4944933; BicycleInterference
22; Pedestrian; Interference; Intention; 23.10.2023 15:26:08; 804.773; -0.09819996; 241.1638; Sidewalk; 0.51705; BicycleInterference
22; Pedestrian; Interference; Intention; 23.10.2023 15:26:08; 804.774; -0.09819996; 241.1641; Sidewalk; 0.5277385; BicycleInterference
22; Pedestrian; Interference; Intention; 23.10.2023 15:26:08; 804.7745; -0.09819996; 241.1646; Sidewalk; 0.5533137; BicycleInterference
22; Pedestrian; Interference; Intention; 23.10.2023 15:26:08; 804.7747; -0.09819996; 241.165; Sidewalk; 0.5728971; BicycleInterference
22; Pedestrian; Interference; Intention; 23.10.2023 15:26:08; 804.7747; -0.09819996; 241.1654; Sidewalk; 0.5945826; BicycleInterference
22; Pedestrian; Interference; Intention; 23.10.2023 15:26:08; 804.7748; -0.09819996; 241.1663; Sidewalk; 0.6182296; BicycleInterference
22; Pedestrian; Interference; Intention; 23.10.2023 15:26:08; 804.7748; -0.09819996; 241.1674; Sidewalk; 0.6390343; BicycleInterference
22; Pedestrian; Interference; Intention; 23.10.2023 15:26:08; 804.7747; -0.09819996; 241.168; Sidewalk; 0.6501973; BicycleInterference
22; Pedestrian; Interference; Intention; 23.10.2023 15:26:08; 804.7745; -0.09819996; 241.1692; Sidewalk; 0.6723122; BicycleInterference
22; Pedestrian; Interference; Intention; 23.10.2023 15:26:08; 804.7742; -0.09819996; 241.1698; Sidewalk; 0.6835307; BicycleInterference
22; Pedestrian; Interference; Intention; 23.10.2023 15:26:08; 804.7742; -0.09819996; 241.1718; Sidewalk; 0.7188455; BicycleInterference
22; Pedestrian; Interference; Intention; 23.10.2023 15:26:08; 804.7745; -0.09819996; 241.1732; Sidewalk; 0.7389625; BicycleInterference
22; Pedestrian; Interference; Intention; 23.10.2023 15:26:08; 804.7745; -0.09819996; 241.174; Sidewalk; 0.7503417; BicycleInterference
22; Pedestrian; Interference; Intention; 23.10.2023 15:26:08; 804.7746; -0.09819996; 241.1748; Sidewalk; 0.7615421; BicycleInterference
22; Pedestrian; Interference; Intention; 23.10.2023 15:26:08; 804.7753; -0.09819996; 241.1772; Sidewalk; 0.7954611; BicycleInterference
22; Pedestrian; Interference; Intention; 23.10.2023 15:26:08; 804.7767; -0.09819996; 241.1791; Sidewalk; 0.8168266; BicycleInterference
22; Pedestrian; Interference; Intention; 23.10.2023 15:26:08; 804.7772; -0.09819996; 241.18; Sidewalk; 0.8275937; BicycleInterference
22; Pedestrian; Interference; Intention; 23.10.2023 15:26:08; 804.7778; -0.09819996; 241.1811; Sidewalk; 0.8392164; BicycleInterference
22; Pedestrian; Interference; Intention; 23.10.2023 15:26:09; 804.7802; -0.09819996; 241.184; Sidewalk; 0.8757336; BicycleInterference
22; Pedestrian; Interference; Intention; 23.10.2023 15:26:09; 804.7808; -0.09819996; 241.185; Sidewalk; 0.8838972; BicycleInterference
22; Pedestrian; Interference; Intention; 23.10.2023 15:26:09; 804.7833; -0.09819996; 241.1884; Sidewalk; 0.9171677; BicycleInterference
22; Pedestrian; Interference; Intention; 23.10.2023 15:26:09; 804.7855; -0.09819996; 241.1906; Sidewalk; 0.9390236; BicycleInterference
22; Pedestrian; Interference; Intention; 23.10.2023 15:26:09; 804.7867; -0.09819996; 241.1917; Sidewalk; 0.95008; BicycleInterference
22; Pedestrian; Interference; Intention; 23.10.2023 15:26:09; 804.7877; -0.09819996; 241.1928; Sidewalk; 0.9613452; BicycleInterference
22; Pedestrian; Interference; Intention; 23.10.2023 15:26:09; 804.79; -0.09819996; 241.195; Sidewalk; 0.9844482; BicycleInterference
22; Pedestrian; Interference; Intention; 23.10.2023 15:26:09; 804.7924; -0.09819996; 241.1969; Sidewalk; 1.011842; BicycleInterference
22; Pedestrian; Interference; Intention; 23.10.2023 15:26:09; 804.7967; -0.09819996; 241.1994; Sidewalk; 1.03957; BicycleInterference
22; Pedestrian; Interference; Intention; 23.10.2023 15:26:09; 804.7985; -0.09819996; 241.2002; Sidewalk; 1.0502; BicycleInterference
22; Pedestrian; Interference; Intention; 23.10.2023 15:26:09; 804.8018; -0.09819996; 241.2017; Sidewalk; 1.072522; BicycleInterference
22; Pedestrian; Interference; Intention; 23.10.2023 15:26:09; 804.8038; -0.09819996; 241.2025; Sidewalk; 1.083737; BicycleInterference
22; Pedestrian; Interference; Intention; 23.10.2023 15:26:09; 804.8116; -0.09819996; 241.2047; Sidewalk; 1.116609; BicycleInterference
22; Pedestrian; Interference; Intention; 23.10.2023 15:26:09; 804.8183; -0.09819996; 241.2058; Sidewalk; 1.13908; null
22; Pedestrian; Interference; Intention; 23.10.2023 15:26:09; 804.8183; -0.09819996; 241.2058; Sidewalk; 1.13908; null
22; Pedestrian; Interference; Intention; 23.10.2023 15:26:09; 804.8264; -0.09819996; 241.2066; Sidewalk; 1.165805; Checking Box AICar
22; Pedestrian; Interference; Intention; 23.10.2023 15:26:09; 804.8412; -0.09819996; 241.2076; Sidewalk; 1.19492; Checking Box AICar
22; Pedestrian; Interference; Intention; 23.10.2023 15:26:09; 804.8524; -0.09819996; 241.208; Sidewalk; 1.216619; Checking Box AICar
22; Pedestrian; Interference; Intention; 23.10.2023 15:26:09; 804.864; -0.09819996; 241.2083; Sidewalk; 1.238719; null
22; Pedestrian; Interference; Intention; 23.10.2023 15:26:09; 804.87; -0.09819996; 241.2085; Sidewalk; 1.249764; null
22; Pedestrian; Interference; Intention; 23.10.2023 15:26:09; 804.8821; -0.09819996; 241.2085; Sidewalk; 1.272123; null
22; Pedestrian; Interference; Intention; 23.10.2023 15:26:09; 804.894; -0.09819996; 241.208; Sidewalk; 1.294932; null
22; Pedestrian; Interference; Intention; 23.10.2023 15:26:09; 804.9; -0.09819996; 241.2077; Sidewalk; 1.305581; null
22; Pedestrian; Interference; Intention; 23.10.2023 15:26:09; 804.9178; -0.09819996; 241.2063; Sidewalk; 1.340892; null
22; Pedestrian; Interference; Intention; 23.10.2023 15:26:09; 804.9235; -0.09819996; 241.2056; Sidewalk; 1.3495; null
22; Pedestrian; Interference; Intention; 23.10.2023 15:26:09; 804.9357; -0.09819996; 241.2041; Sidewalk; 1.371995; null
22; Pedestrian; Interference; Intention; 23.10.2023 15:26:09; 804.9479; -0.09819996; 241.2021; Sidewalk; 1.394196; null
22; Pedestrian; Interference; Intention; 23.10.2023 15:26:09; 804.96; -0.09819996; 241.1998; Sidewalk; 1.417972; null
22; Pedestrian; Interference; Intention; 23.10.2023 15:26:09; 804.9714; -0.09819996; 241.197; Sidewalk; 1.438918; null
22; Pedestrian; Interference; Intention; 23.10.2023 15:26:09; 804.9775; -0.09819996; 241.1954; Sidewalk; 1.449317; null
22; Pedestrian; Interference; Intention; 23.10.2023 15:26:09; 804.9832; -0.09819996; 241.1937; Sidewalk; 1.460992; null
22; Pedestrian; Interference; Intention; 23.10.2023 15:26:09; 805.0013; -0.09819996; 241.1879; Sidewalk; 1.494133; null
22; Pedestrian; Interference; Intention; 23.10.2023 15:26:09; 805.0134; -0.09819996; 241.1835; Sidewalk; 1.516701; null
22; Pedestrian; Interference; Intention; 23.10.2023 15:26:09; 805.0256; -0.09819996; 241.1785; Sidewalk; 1.539351; null
22; Pedestrian; Interference; Intention; 23.10.2023 15:26:09; 805.0317; -0.09819996; 241.1759; Sidewalk; 1.549929; null
22; Pedestrian; Interference; Intention; 23.10.2023 15:26:09; 805.0439; -0.09819996; 241.1705; Sidewalk; 1.572007; null
22; Pedestrian; Interference; Intention; 23.10.2023 15:26:09; 805.0568; -0.09819996; 241.1651; Sidewalk; 1.593883; null
22; Pedestrian; Interference; Intention; 23.10.2023 15:26:09; 805.0634; -0.09819996; 241.1622; Sidewalk; 1.605339; null
22; Pedestrian; Interference; Intention; 23.10.2023 15:26:09; 805.0765; -0.09819996; 241.1564; Sidewalk; 1.631537; null
22; Pedestrian; Interference; Intention; 23.10.2023 15:26:09; 805.0895; -0.09819996; 241.1506; Sidewalk; 1.650731; null
22; Pedestrian; Interference; Intention; 23.10.2023 15:26:09; 805.1021; -0.09819996; 241.1445; Sidewalk; 1.672743; null
22; Pedestrian; Interference; Intention; 23.10.2023 15:26:09; 805.1144; -0.09819996; 241.1383; Sidewalk; 1.694257; null
22; Pedestrian; Interference; Intention; 23.10.2023 15:26:09; 805.1263; -0.09819996; 241.1321; Sidewalk; 1.716903; null
22; Pedestrian; Interference; Intention; 23.10.2023 15:26:09; 805.138; -0.09819996; 241.126; Sidewalk; 1.739002; null
22; Pedestrian; Interference; Intention; 23.10.2023 15:26:09; 805.1435; -0.09819996; 241.1232; Sidewalk; 1.749442; null
22; Pedestrian; Interference; Intention; 23.10.2023 15:26:09; 805.1488; -0.09819996; 241.1204; Sidewalk; 1.761087; null
22; Pedestrian; Interference; Intention; 23.10.2023 15:26:09; 805.1636; -0.09819996; 241.112; Sidewalk; 1.797977; null
22; Pedestrian; Interference; Intention; 23.10.2023 15:26:09; 805.1683; -0.09819996; 241.1093; Sidewalk; 1.805965; null
22; Pedestrian; Interference; Intention; 23.10.2023 15:26:09; 805.1815; -0.09819996; 241.1016; Sidewalk; 1.839551; null
22; Pedestrian; Interference; Intention; 23.10.2023 15:26:09; 805.1854; -0.09819996; 241.099; Sidewalk; 1.85019; null
22; Pedestrian; Interference; Intention; 23.10.2023 15:26:10; 805.1921; -0.09819996; 241.0946; Sidewalk; 1.872215; null
22; Pedestrian; Interference; Intention; 23.10.2023 15:26:10; 805.198; -0.09819996; 241.0902; Sidewalk; 1.894451; null
22; Pedestrian; Interference; Intention; 23.10.2023 15:26:10; 805.2023; -0.09819996; 241.0861; Sidewalk; 1.916526; null
22; Pedestrian; Interference; Intention; 23.10.2023 15:26:10; 805.2042; -0.09819996; 241.0842; Sidewalk; 1.927215; null
22; Pedestrian; Interference; Intention; 23.10.2023 15:26:10; 805.2056; -0.09819996; 241.0823; Sidewalk; 1.943336; null
22; Pedestrian; Interference; Intention; 23.10.2023 15:26:10; 805.2068; -0.09819996; 241.0774; Sidewalk; 1.972407; null
22; Pedestrian; Interference; Intention; 23.10.2023 15:26:10; 805.2065; -0.09819996; 241.0744; Sidewalk; 1.994348; null
22; Pedestrian; Interference; Intention; 23.10.2023 15:26:10; 805.2062; -0.09819996; 241.0717; Sidewalk; 2.016397; Checking Box AICar
22; Pedestrian; Interference; Intention; 23.10.2023 15:26:10; 805.2058; -0.09819996; 241.0693; Sidewalk; 2.039299; Checking Box AICar
22; Pedestrian; Interference; Intention; 23.10.2023 15:26:10; 805.2058; -0.09819996; 241.0693; Sidewalk; 2.039299; Checking Box AICar
22; Pedestrian; Interference; Intention; 23.10.2023 15:26:10; 805.2057; -0.09819996; 241.0656; Sidewalk; 2.072599; null
22; Pedestrian; Interference; Intention; 23.10.2023 15:26:10; 805.2062; -0.09819996; 241.0644; Sidewalk; 2.082981; null
22; Pedestrian; Interference; Intention; 23.10.2023 15:26:10; 805.2084; -0.09819996; 241.0604; Sidewalk; 2.11778; null
22; Pedestrian; Interference; Intention; 23.10.2023 15:26:10; 805.2109; -0.09819996; 241.058; Sidewalk; 2.138421; null
22; Pedestrian; Interference; Intention; 23.10.2023 15:26:10; 805.2123; -0.09819996; 241.0568; Sidewalk; 2.149131; null
22; Pedestrian; Interference; Intention; 23.10.2023 15:26:10; 805.2156; -0.09819996; 241.0542; Sidewalk; 2.171597; null
22; Pedestrian; Interference; Intention; 23.10.2023 15:26:10; 805.2188; -0.09819996; 241.0518; Sidewalk; 2.193645; null
22; Pedestrian; Interference; Intention; 23.10.2023 15:26:10; 805.2226; -0.09819996; 241.0493; Sidewalk; 2.216047; null
22; Pedestrian; Interference; Intention; 23.10.2023 15:26:10; 805.2244; -0.09819996; 241.0481; Sidewalk; 2.22687; null
22; Pedestrian; Interference; Intention; 23.10.2023 15:26:10; 805.2264; -0.09819996; 241.0469; Sidewalk; 2.239061; null
22; Pedestrian; Interference; Intention; 23.10.2023 15:26:10; 805.2327; -0.09819996; 241.0436; Sidewalk; 2.274204; null
22; Pedestrian; Interference; Intention; 23.10.2023 15:26:10; 805.2374; -0.09819996; 241.0415; Sidewalk; 2.293802; null
22; Pedestrian; Interference; Intention; 23.10.2023 15:26:10; 805.2418; -0.09819996; 241.0399; Sidewalk; 2.316015; null
22; Pedestrian; Interference; Intention; 23.10.2023 15:26:10; 805.247; -0.09819996; 241.0383; Sidewalk; 2.339088; null
22; Pedestrian; Interference; Intention; 23.10.2023 15:26:10; 805.2498; -0.09819996; 241.0376; Sidewalk; 2.349052; Checking Box AICar
22; Pedestrian; Interference; Intention; 23.10.2023 15:26:10; 805.2559; -0.09819996; 241.0362; Sidewalk; 2.371999; Checking Box AICar
22; Pedestrian; Interference; Intention; 23.10.2023 15:26:10; 805.2591; -0.09819996; 241.0356; Sidewalk; 2.382705; Checking Box AICar
22; Pedestrian; Interference; Intention; 23.10.2023 15:26:10; 805.2687; -0.09819996; 241.0341; Sidewalk; 2.419764; Checking Box AICar
22; Pedestrian; Interference; Intention; 23.10.2023 15:26:10; 805.275; -0.09819996; 241.0333; Sidewalk; 2.439396; Checking Box AICar
22; Pedestrian; Interference; Intention; 23.10.2023 15:26:10; 805.2785; -0.09819996; 241.0332; Sidewalk; 2.449152; Checking Box AICar
22; Pedestrian; Interference; Intention; 23.10.2023 15:26:10; 805.285; -0.09819996; 241.0329; Sidewalk; 2.471631; Checking Box AICar
22; Pedestrian; Interference; Intention; 23.10.2023 15:26:10; 805.2913; -0.09819996; 241.0326; Sidewalk; 2.494165; Checking Box AICar
22; Pedestrian; Interference; Intention; 23.10.2023 15:26:10; 805.2975; -0.09819996; 241.0325; Sidewalk; 2.516956; Checking Box AICar
22; Pedestrian; Interference; Intention; 23.10.2023 15:26:10; 805.3029; -0.09819996; 241.0326; Sidewalk; 2.538917; Checking Box AICar
22; Pedestrian; Interference; Intention; 23.10.2023 15:26:10; 805.3029; -0.09819996; 241.0326; Sidewalk; 2.538917; Checking Box AICar
22; Pedestrian; Interference; Intention; 23.10.2023 15:26:10; 805.3082; -0.09819996; 241.0329; Sidewalk; 2.568969; Checking Box AICar
22; Pedestrian; Interference; Intention; 23.10.2023 15:26:10; 805.3127; -0.09819996; 241.0333; Sidewalk; 2.590627; Checking Box AICar
22; Pedestrian; Interference; Intention; 23.10.2023 15:26:10; 805.3144; -0.09819996; 241.0335; Sidewalk; 2.599924; Checking Box AICar
22; Pedestrian; Interference; Intention; 23.10.2023 15:26:10; 805.3144; -0.09819996; 241.0335; Sidewalk; 2.599924; Checking Box AICar
22; Pedestrian; Interference; Intention; 23.10.2023 15:26:10; 805.3144; -0.09819996; 241.0335; Sidewalk; 2.599924; Checking Box AICar
22; Pedestrian; Interference; Intention; 23.10.2023 15:26:10; 805.3187; -0.09819996; 241.0354; Sidewalk; 2.666251; null
22; Pedestrian; Interference; Intention; 23.10.2023 15:26:10; 805.3158; -0.09819996; 241.0366; Sidewalk; 2.697268; null
22; Pedestrian; Interference; Intention; 23.10.2023 15:26:10; 805.3145; -0.09819996; 241.0369; Sidewalk; 2.705822; null
22; Pedestrian; Interference; Intention; 23.10.2023 15:26:10; 805.3106; -0.09819996; 241.0376; Sidewalk; 2.736029; Checking Box AICar
22; Pedestrian; Interference; Intention; 23.10.2023 15:26:10; 805.3081; -0.09819996; 241.0379; Sidewalk; 2.744327; Checking Box AICar
22; Pedestrian; Interference; Intention; 23.10.2023 15:26:10; 805.2997; -0.09819996; 241.039; Sidewalk; 2.772481; Checking Box AICar
22; Pedestrian; Interference; Intention; 23.10.2023 15:26:10; 805.2931; -0.09819996; 241.0398; Sidewalk; 2.793901; Checking Box AICar
22; Pedestrian; Interference; Intention; 23.10.2023 15:26:10; 805.2856; -0.09819996; 241.0408; Sidewalk; 2.816343; Checking Box AICar
22; Pedestrian; Interference; Intention; 23.10.2023 15:26:10; 805.2811; -0.09819996; 241.0414; Sidewalk; 2.826763; Checking Box AICar
22; Pedestrian; Interference; Intention; 23.10.2023 15:26:10; 805.271; -0.09819996; 241.043; Sidewalk; 2.85086; Checking Box AICar
22; Pedestrian; Interference; Intention; 23.10.2023 15:26:11; 805.2651; -0.09819996; 241.0439; Sidewalk; 2.861142; Checking Box AICar
22; Pedestrian; Interference; Intention; 23.10.2023 15:26:11; 805.2449; -0.09819996; 241.0479; Sidewalk; 2.895397; Checking Box AICar
22; Pedestrian; Interference; Intention; 23.10.2023 15:26:11; 805.2299; -0.09819996; 241.0517; Sidewalk; 2.915677; Checking Box AICar
22; Pedestrian; Interference; Intention; 23.10.2023 15:26:11; 805.2139; -0.09819996; 241.0568; Sidewalk; 2.938338; Checking Box AICar
22; Pedestrian; Interference; Intention; 23.10.2023 15:26:11; 805.2059; -0.09819996; 241.0595; Sidewalk; 2.948726; null
22; Pedestrian; Interference; Intention; 23.10.2023 15:26:11; 805.1896; -0.09819996; 241.0659; Sidewalk; 2.972584; null
22; Pedestrian; Interference; Intention; 23.10.2023 15:26:11; 805.1741; -0.09819996; 241.0731; Sidewalk; 2.993708; null
22; Pedestrian; Interference; Intention; 23.10.2023 15:26:11; 805.1674; -0.09819996; 241.0772; Sidewalk; 3.004804; null
22; Pedestrian; Interference; Intention; 23.10.2023 15:26:11; 805.1503; -0.09819996; 241.0902; Sidewalk; 3.041121; null
22; Pedestrian; Interference; Intention; 23.10.2023 15:26:11; 805.1458; -0.09819996; 241.0947; Sidewalk; 3.048787; null
22; Pedestrian; Interference; Intention; 23.10.2023 15:26:11; 805.1388; -0.09819996; 241.1035; Sidewalk; 3.071174; null
22; Pedestrian; Interference; Intention; 23.10.2023 15:26:11; 805.1333; -0.09819996; 241.1121; Sidewalk; 3.093078; null
22; Pedestrian; Interference; Intention; 23.10.2023 15:26:11; 805.1306; -0.09819996; 241.1207; Sidewalk; 3.115258; null
22; Pedestrian; Interference; Intention; 23.10.2023 15:26:11; 805.1293; -0.09819996; 241.1293; Sidewalk; 3.137849; null
22; Pedestrian; Interference; Intention; 23.10.2023 15:26:11; 805.1292; -0.09819996; 241.1334; Sidewalk; 3.148105; null
22; Pedestrian; Interference; Intention; 23.10.2023 15:26:11; 805.1296; -0.09819996; 241.1376; Sidewalk; 3.159546; null
22; Pedestrian; Interference; Intention; 23.10.2023 15:26:11; 805.1318; -0.09819996; 241.1495; Sidewalk; 3.195483; null
22; Pedestrian; Interference; Intention; 23.10.2023 15:26:11; 805.134; -0.09819996; 241.1575; Sidewalk; 3.214964; null
22; Pedestrian; Interference; Intention; 23.10.2023 15:26:11; 805.1362; -0.09819996; 241.1647; Sidewalk; 3.237087; null
22; Pedestrian; Interference; Intention; 23.10.2023 15:26:11; 805.1379; -0.09819996; 241.1683; Sidewalk; 3.248471; null
22; Pedestrian; Interference; Intention; 23.10.2023 15:26:11; 805.1413; -0.09819996; 241.1749; Sidewalk; 3.270635; null
22; Pedestrian; Interference; Intention; 23.10.2023 15:26:11; 805.1451; -0.09819996; 241.1812; Sidewalk; 3.292909; null
22; Pedestrian; Interference; Intention; 23.10.2023 15:26:11; 805.1494; -0.09819996; 241.1873; Sidewalk; 3.31469; null
22; Pedestrian; Interference; Intention; 23.10.2023 15:26:11; 805.1518; -0.09819996; 241.1903; Sidewalk; 3.326081; null
22; Pedestrian; Interference; Intention; 23.10.2023 15:26:11; 805.1566; -0.09819996; 241.1958; Sidewalk; 3.353383; null
22; Pedestrian; Interference; Intention; 23.10.2023 15:26:11; 805.1622; -0.09819996; 241.2011; Sidewalk; 3.369981; null
22; Pedestrian; Interference; Intention; 23.10.2023 15:26:11; 805.1675; -0.09819996; 241.206; Sidewalk; 3.392462; null
22; Pedestrian; Interference; Intention; 23.10.2023 15:26:11; 805.1731; -0.09819996; 241.2105; Sidewalk; 3.414614; null
22; Pedestrian; Interference; Intention; 23.10.2023 15:26:11; 805.1788; -0.09819996; 241.2144; Sidewalk; 3.436769; null
22; Pedestrian; Interference; Intention; 23.10.2023 15:26:11; 805.1815; -0.09819996; 241.2162; Sidewalk; 3.447868; null
22; Pedestrian; Interference; Intention; 23.10.2023 15:26:11; 805.1862; -0.09819996; 241.2194; Sidewalk; 3.470969; Checking Box AICar
22; Pedestrian; Interference; Intention; 23.10.2023 15:26:11; 805.1902; -0.09819996; 241.222; Sidewalk; 3.495853; Checking Box AICar
22; Pedestrian; Interference; Intention; 23.10.2023 15:26:11; 805.1938; -0.09819996; 241.2244; Sidewalk; 3.51491; Checking Box AICar
22; Pedestrian; Interference; Intention; 23.10.2023 15:26:11; 805.1956; -0.09819996; 241.2261; Sidewalk; 3.536908; Checking Box AICar
22; Pedestrian; Interference; Intention; 23.10.2023 15:26:11; 805.1962; -0.09819996; 241.2268; Sidewalk; 3.547733; Checking Box AICar
22; Pedestrian; Interference; Intention; 23.10.2023 15:26:11; 805.1963; -0.09819996; 241.2277; Sidewalk; 3.570378; Checking Box AICar
22; Pedestrian; Interference; Intention; 23.10.2023 15:26:11; 805.1963; -0.09819996; 241.2282; Sidewalk; 3.592177; Checking Box AICar
22; Pedestrian; Interference; Intention; 23.10.2023 15:26:11; 805.196; -0.09819996; 241.2289; Sidewalk; 3.61501; Checking Box AICar
22; Pedestrian; Interference; Intention; 23.10.2023 15:26:11; 805.1957; -0.09819996; 241.2291; Sidewalk; 3.62576; Checking Box AICar
22; Pedestrian; Interference; Intention; 23.10.2023 15:26:11; 805.196; -0.09819996; 241.2297; Sidewalk; 3.652717; Checking Box AICar
22; Pedestrian; Interference; Intention; 23.10.2023 15:26:11; 805.1961; -0.09819996; 241.2303; Sidewalk; 3.671022; Checking Box AICar
22; Pedestrian; Interference; Intention; 23.10.2023 15:26:11; 805.1975; -0.09819996; 241.231; Sidewalk; 3.692537; Checking Box AICar
22; Pedestrian; Interference; Intention; 23.10.2023 15:26:11; 805.1995; -0.09819996; 241.232; Sidewalk; 3.714583; Checking Box AICar
22; Pedestrian; Interference; Intention; 23.10.2023 15:26:11; 805.2023; -0.09819996; 241.2333; Sidewalk; 3.736896; Checking Box AICar
22; Pedestrian; Interference; Intention; 23.10.2023 15:26:11; 805.204; -0.09819996; 241.234; Sidewalk; 3.747866; Checking Box AICar
22; Pedestrian; Interference; Intention; 23.10.2023 15:26:11; 805.2075; -0.09819996; 241.2355; Sidewalk; 3.770628; Checking Box AICar
22; Pedestrian; Interference; Intention; 23.10.2023 15:26:11; 805.2095; -0.09819996; 241.2362; Sidewalk; 3.781785; Checking Box AICar
22; Pedestrian; Interference; Intention; 23.10.2023 15:26:11; 805.2134; -0.09819996; 241.2377; Sidewalk; 3.813792; Checking Box AICar
22; Pedestrian; Interference; Intention; 23.10.2023 15:26:11; 805.2195; -0.09819996; 241.2398; Sidewalk; 3.840108; Checking Box AICar
22; Pedestrian; Interference; Intention; 23.10.2023 15:26:11; 805.2216; -0.09819996; 241.2405; Sidewalk; 3.848473; Checking Box AICar
22; Pedestrian; Interference; Intention; 23.10.2023 15:26:12; 805.2255; -0.09819996; 241.2416; Sidewalk; 3.870374; Checking Box AICar
22; Pedestrian; Interference; Intention; 23.10.2023 15:26:12; 805.2289; -0.09819996; 241.2426; Sidewalk; 3.892573; Checking Box AICar
22; Pedestrian; Interference; Intention; 23.10.2023 15:26:12; 805.2325; -0.09819996; 241.2434; Sidewalk; 3.915322; Checking Box AICar
22; Pedestrian; Interference; Intention; 23.10.2023 15:26:12; 805.2362; -0.09819996; 241.2442; Sidewalk; 3.936628; Checking Box AICar
22; Pedestrian; Interference; Intention; 23.10.2023 15:26:12; 805.2362; -0.09819996; 241.2442; Sidewalk; 3.936628; Checking Box AICar
22; Pedestrian; Interference; Intention; 23.10.2023 15:26:12; 805.2415; -0.09819996; 241.245; Sidewalk; 3.972136; Checking Box AICar
22; Pedestrian; Interference; Intention; 23.10.2023 15:26:12; 805.2449; -0.09819996; 241.2455; Sidewalk; 3.992261; Checking Box AICar
22; Pedestrian; Interference; Intention; 23.10.2023 15:26:12; 805.2486; -0.09819996; 241.246; Sidewalk; 4.014508; Checking Box AICar
22; Pedestrian; Interference; Intention; 23.10.2023 15:26:12; 805.2518; -0.09819996; 241.2465; Sidewalk; 4.036763; Checking Box AICar
22; Pedestrian; Interference; Intention; 23.10.2023 15:26:12; 805.2535; -0.09819996; 241.2467; Sidewalk; 4.047712; null
22; Pedestrian; Interference; Intention; 23.10.2023 15:26:12; 805.2562; -0.09819996; 241.247; Sidewalk; 4.069774; null
22; Pedestrian; Interference; Intention; 23.10.2023 15:26:12; 805.2587; -0.09819996; 241.2474; Sidewalk; 4.093485; null
22; Pedestrian; Interference; Intention; 23.10.2023 15:26:12; 805.2609; -0.09819996; 241.2477; Sidewalk; 4.120625; null
22; Pedestrian; Interference; Intention; 23.10.2023 15:26:12; 805.2628; -0.09819996; 241.248; Sidewalk; 4.136591; null
22; Pedestrian; Interference; Intention; 23.10.2023 15:26:12; 805.2634; -0.09819996; 241.2481; Sidewalk; 4.147684; null
22; Pedestrian; Interference; Intention; 23.10.2023 15:26:12; 805.2651; -0.09819996; 241.2484; Sidewalk; 4.169843; null
22; Pedestrian; Interference; Intention; 23.10.2023 15:26:12; 805.2667; -0.09819996; 241.2488; Sidewalk; 4.192013; null
22; Pedestrian; Interference; Intention; 23.10.2023 15:26:12; 805.2679; -0.09819996; 241.2492; Sidewalk; 4.214914; null
22; Pedestrian; Interference; Intention; 23.10.2023 15:26:12; 805.2692; -0.09819996; 241.2496; Sidewalk; 4.236504; null
22; Pedestrian; Interference; Intention; 23.10.2023 15:26:12; 805.2699; -0.09819996; 241.2498; Sidewalk; 4.247352; null
22; Pedestrian; Interference; Intention; 23.10.2023 15:26:12; 805.2711; -0.09819996; 241.2503; Sidewalk; 4.273107; null
22; Pedestrian; Interference; Intention; 23.10.2023 15:26:12; 805.272; -0.09819996; 241.2506; Sidewalk; 4.292089; null
22; Pedestrian; Interference; Intention; 23.10.2023 15:26:12; 805.2725; -0.09819996; 241.251; Sidewalk; 4.314122; null
22; Pedestrian; Interference; Intention; 23.10.2023 15:26:12; 805.2726; -0.09819996; 241.2513; Sidewalk; 4.336464; null
22; Pedestrian; Interference; Intention; 23.10.2023 15:26:12; 805.2725; -0.09819996; 241.2513; Sidewalk; 4.347731; null
22; Pedestrian; Interference; Intention; 23.10.2023 15:26:12; 805.2721; -0.09819996; 241.2515; Sidewalk; 4.3698; null
22; Pedestrian; Interference; Intention; 23.10.2023 15:26:12; 805.2714; -0.09819996; 241.2514; Sidewalk; 4.391996; null
22; Pedestrian; Interference; Intention; 23.10.2023 15:26:12; 805.2703; -0.09819996; 241.2512; Sidewalk; 4.414402; null
22; Pedestrian; Interference; Intention; 23.10.2023 15:26:12; 805.2689; -0.09819996; 241.2509; Sidewalk; 4.436451; null
22; Pedestrian; Interference; Intention; 23.10.2023 15:26:12; 805.2683; -0.09819996; 241.2507; Sidewalk; 4.447453; null
22; Pedestrian; Interference; Intention; 23.10.2023 15:26:12; 805.267; -0.09819996; 241.2503; Sidewalk; 4.469755; null
22; Pedestrian; Interference; Intention; 23.10.2023 15:26:12; 805.2656; -0.09819996; 241.2497; Sidewalk; 4.492295; null
22; Pedestrian; Interference; Intention; 23.10.2023 15:26:12; 805.2642; -0.09819996; 241.2489; Sidewalk; 4.514283; null
22; Pedestrian; Interference; Intention; 23.10.2023 15:26:12; 805.2624; -0.09819996; 241.2481; Sidewalk; 4.536524; null
22; Pedestrian; Interference; Intention; 23.10.2023 15:26:12; 805.2614; -0.09819996; 241.2476; Sidewalk; 4.547645; null
22; Pedestrian; Interference; Intention; 23.10.2023 15:26:12; 805.2603; -0.09819996; 241.2471; Sidewalk; 4.559305; null
22; Pedestrian; Interference; Intention; 23.10.2023 15:26:12; 805.2573; -0.09819996; 241.2459; Sidewalk; 4.590204; null
22; Pedestrian; Interference; Intention; 23.10.2023 15:26:12; 805.2508; -0.09819996; 241.2436; Sidewalk; 4.617756; Checking Box AICar
22; Pedestrian; Interference; Intention; 23.10.2023 15:26:12; 805.2448; -0.09819996; 241.2415; Sidewalk; 4.63634; Checking Box AICar
22; Pedestrian; Interference; Intention; 23.10.2023 15:26:12; 805.2414; -0.09819996; 241.2403; Sidewalk; 4.647185; Checking Box AICar
22; Pedestrian; Interference; Intention; 23.10.2023 15:26:12; 805.2341; -0.09819996; 241.2376; Sidewalk; 4.669555; Checking Box AICar
22; Pedestrian; Interference; Intention; 23.10.2023 15:26:12; 805.226; -0.09819996; 241.2343; Sidewalk; 4.692017; Checking Box AICar
22; Pedestrian; Interference; Intention; 23.10.2023 15:26:12; 805.2175; -0.09819996; 241.2307; Sidewalk; 4.713986; Checking Box AICar
22; Pedestrian; Interference; Intention; 23.10.2023 15:26:12; 805.2133; -0.09819996; 241.2287; Sidewalk; 4.725334; Checking Box AICar
22; Pedestrian; Interference; Intention; 23.10.2023 15:26:12; 805.2049; -0.09819996; 241.2244; Sidewalk; 4.749441; Checking Box AICar
22; Pedestrian; Interference; Intention; 23.10.2023 15:26:12; 805.1969; -0.09819996; 241.2197; Sidewalk; 4.769894; Checking Box AICar
22; Pedestrian; Interference; Intention; 23.10.2023 15:26:12; 805.1899; -0.09819996; 241.2147; Sidewalk; 4.791881; Checking Box AICar
22; Pedestrian; Interference; Intention; 23.10.2023 15:26:12; 805.1833; -0.09819996; 241.2094; Sidewalk; 4.814189; Checking Box AICar
22; Pedestrian; Interference; Intention; 23.10.2023 15:26:12; 805.178; -0.09819996; 241.204; Sidewalk; 4.8363; Checking Box AICar
22; Pedestrian; Interference; Intention; 23.10.2023 15:26:12; 805.1756; -0.09819996; 241.2012; Sidewalk; 4.848082; Checking Box AICar
22; Pedestrian; Interference; Intention; 23.10.2023 15:26:13; 805.1714; -0.09819996; 241.1955; Sidewalk; 4.869429; Checking Box AICar
22; Pedestrian; Interference; Intention; 23.10.2023 15:26:13; 805.1683; -0.09819996; 241.1897; Sidewalk; 4.894163; null
22; Pedestrian; Interference; Intention; 23.10.2023 15:26:13; 805.1658; -0.09819996; 241.1837; Sidewalk; 4.913759; null
22; Pedestrian; Interference; Intention; 23.10.2023 15:26:13; 805.1646; -0.09819996; 241.1777; Sidewalk; 4.936102; null
22; Pedestrian; Interference; Intention; 23.10.2023 15:26:13; 805.1643; -0.09819996; 241.1748; Sidewalk; 4.947363; null
22; Pedestrian; Interference; Intention; 23.10.2023 15:26:13; 805.1646; -0.09819996; 241.1689; Sidewalk; 4.969361; null
22; Pedestrian; Interference; Intention; 23.10.2023 15:26:13; 805.1657; -0.09819996; 241.1629; Sidewalk; 4.992013; null
22; Pedestrian; Interference; Intention; 23.10.2023 15:26:13; 805.1671; -0.09819996; 241.157; Sidewalk; 5.014464; null
22; Pedestrian; Interference; Intention; 23.10.2023 15:26:13; 805.1679; -0.09819996; 241.1541; Sidewalk; 5.025359; null
22; Pedestrian; Interference; Intention; 23.10.2023 15:26:13; 805.1705; -0.09819996; 241.1487; Sidewalk; 5.050819; null
22; Pedestrian; Interference; Intention; 23.10.2023 15:26:13; 805.1734; -0.09819996; 241.1438; Sidewalk; 5.07012; null
22; Pedestrian; Interference; Intention; 23.10.2023 15:26:13; 805.1772; -0.09819996; 241.1389; Sidewalk; 5.092338; null
22; Pedestrian; Interference; Intention; 23.10.2023 15:26:13; 805.181; -0.09819996; 241.1344; Sidewalk; 5.11448; null
22; Pedestrian; Interference; Intention; 23.10.2023 15:26:13; 805.1849; -0.09819996; 241.1309; Sidewalk; 5.136494; null
22; Pedestrian; Interference; Intention; 23.10.2023 15:26:13; 805.1868; -0.09819996; 241.1293; Sidewalk; 5.14765; null
22; Pedestrian; Interference; Intention; 23.10.2023 15:26:13; 805.1909; -0.09819996; 241.1264; Sidewalk; 5.171249; null
22; Pedestrian; Interference; Intention; 23.10.2023 15:26:13; 805.1928; -0.09819996; 241.125; Sidewalk; 5.18195; null
22; Pedestrian; Interference; Intention; 23.10.2023 15:26:13; 805.1991; -0.09819996; 241.1214; Sidewalk; 5.217182; null
22; Pedestrian; Interference; Intention; 23.10.2023 15:26:13; 805.2031; -0.09819996; 241.1197; Sidewalk; 5.236756; null
22; Pedestrian; Interference; Intention; 23.10.2023 15:26:13; 805.2051; -0.09819996; 241.1189; Sidewalk; 5.247419; null
22; Pedestrian; Interference; Intention; 23.10.2023 15:26:13; 805.2081; -0.09819996; 241.1175; Sidewalk; 5.270425; null
22; Pedestrian; Interference; Intention; 23.10.2023 15:26:13; 805.2112; -0.09819996; 241.1163; Sidewalk; 5.292248; null
22; Pedestrian; Interference; Intention; 23.10.2023 15:26:13; 805.2133; -0.09819996; 241.1154; Sidewalk; 5.314432; null
22; Pedestrian; Interference; Intention; 23.10.2023 15:26:13; 805.2145; -0.09819996; 241.1147; Sidewalk; 5.336725; Checking Box Human Car
22; Pedestrian; Interference; Intention; 23.10.2023 15:26:13; 805.2145; -0.09819996; 241.1147; Sidewalk; 5.336725; Checking Box Human Car
22; Pedestrian; Interference; Intention; 23.10.2023 15:26:13; 805.2145; -0.09819996; 241.1147; Sidewalk; 5.336725; Checking Box Human Car
22; Pedestrian; Interference; Intention; 23.10.2023 15:26:13; 805.2155; -0.09819996; 241.1137; Sidewalk; 5.38963; Checking Box Human Car
22; Pedestrian; Interference; Intention; 23.10.2023 15:26:13; 805.2161; -0.09819996; 241.1129; Sidewalk; 5.409798; Checking Box Human Car
22; Pedestrian; Interference; Intention; 23.10.2023 15:26:13; 805.218; -0.09819996; 241.1117; Sidewalk; 5.436944; Checking Box Human Car
22; Pedestrian; Interference; Intention; 23.10.2023 15:26:13; 805.2186; -0.09819996; 241.1112; Sidewalk; 5.447294; Checking Box Human Car
22; Pedestrian; Interference; Intention; 23.10.2023 15:26:13; 805.2198; -0.09819996; 241.1104; Sidewalk; 5.470021; Checking Box Human Car
22; Pedestrian; Interference; Intention; 23.10.2023 15:26:13; 805.2211; -0.09819996; 241.1096; Sidewalk; 5.492465; Checking Box Human Car
22; Pedestrian; Interference; Intention; 23.10.2023 15:26:13; 805.2216; -0.09819996; 241.1092; Sidewalk; 5.504875; Checking Box Human Car
22; Pedestrian; Interference; Intention; 23.10.2023 15:26:13; 805.2228; -0.09819996; 241.1086; Sidewalk; 5.536112; Checking Box Human Car
22; Pedestrian; Interference; Intention; 23.10.2023 15:26:13; 805.2234; -0.09819996; 241.1083; Sidewalk; 5.545317; Checking Box Human Car
22; Pedestrian; Interference; Intention; 23.10.2023 15:26:13; 805.2245; -0.09819996; 241.1077; Sidewalk; 5.574514; Checking Box Human Car
22; Pedestrian; Interference; Intention; 23.10.2023 15:26:13; 805.2254; -0.09819996; 241.1075; Sidewalk; 5.592641; Checking Box Human Car
22; Pedestrian; Interference; Intention; 23.10.2023 15:26:13; 805.2255; -0.09819996; 241.1074; Sidewalk; 5.614601; Checking Box Human Car
22; Pedestrian; Interference; Intention; 23.10.2023 15:26:13; 805.2253; -0.09819996; 241.1073; Sidewalk; 5.636908; Checking Box Human Car
22; Pedestrian; Interference; Intention; 23.10.2023 15:26:13; 805.225; -0.09819996; 241.1073; Sidewalk; 5.647779; Checking Box Human Car
22; Pedestrian; Interference; Intention; 23.10.2023 15:26:13; 805.2249; -0.09819996; 241.1074; Sidewalk; 5.659554; Checking Box Human Car
22; Pedestrian; Interference; Intention; 23.10.2023 15:26:13; 805.2237; -0.09819996; 241.1074; Sidewalk; 5.693974; Checking Box Human Car
22; Pedestrian; Interference; Intention; 23.10.2023 15:26:13; 805.223; -0.09819996; 241.1073; Sidewalk; 5.714775; Checking Box Human Car
22; Pedestrian; Interference; Intention; 23.10.2023 15:26:13; 805.2222; -0.09819996; 241.1071; Sidewalk; 5.737387; Checking Box Human Car
22; Pedestrian; Interference; Intention; 23.10.2023 15:26:13; 805.2219; -0.09819996; 241.107; Sidewalk; 5.747527; Checking Box Human Car
22; Pedestrian; Interference; Intention; 23.10.2023 15:26:13; 805.2211; -0.09819996; 241.1068; Sidewalk; 5.771282; Checking Box Human Car
22; Pedestrian; Interference; Intention; 23.10.2023 15:26:13; 805.2205; -0.09819996; 241.1063; Sidewalk; 5.793765; Checking Box Human Car
22; Pedestrian; Interference; Intention; 23.10.2023 15:26:13; 805.2203; -0.09819996; 241.106; Sidewalk; 5.803184; Checking Box Human Car
22; Pedestrian; Interference; Intention; 23.10.2023 15:26:13; 805.2199; -0.09819996; 241.1053; Sidewalk; 5.833606; Checking Box Human Car
22; Pedestrian; Interference; Intention; 23.10.2023 15:26:13; 805.2199; -0.09819996; 241.1049; Sidewalk; 5.846095; Checking Box Human Car
22; Pedestrian; Interference; Intention; 23.10.2023 15:26:14; 805.22; -0.09819996; 241.104; Sidewalk; 5.865844; Checking Box Human Car
22; Pedestrian; Interference; Intention; 23.10.2023 15:26:14; 805.2206; -0.09819996; 241.1031; Sidewalk; 5.886528; Checking Box Human Car
22; Pedestrian; Interference; Intention; 23.10.2023 15:26:14; 805.2206; -0.09819996; 241.102; Sidewalk; 5.910209; Checking Box Human Car
22; Pedestrian; Interference; Intention; 23.10.2023 15:26:14; 805.2215; -0.09819996; 241.1009; Sidewalk; 5.93361; Checking Box Human Car
22; Pedestrian; Interference; Intention; 23.10.2023 15:26:14; 805.2218; -0.09819996; 241.1002; Sidewalk; 5.94453; Checking Box Human Car
22; Pedestrian; Interference; Intention; 23.10.2023 15:26:14; 805.2232; -0.09819996; 241.0984; Sidewalk; 5.965781; Checking Box Human Car
22; Pedestrian; Interference; Intention; 23.10.2023 15:26:14; 805.2234; -0.09819996; 241.0972; Sidewalk; 5.994665; Checking Box Human Car
22; Pedestrian; Interference; Intention; 23.10.2023 15:26:14; 805.2243; -0.09819996; 241.096; Sidewalk; 6.016536; Checking Box Human Car
22; Pedestrian; Interference; Intention; 23.10.2023 15:26:14; 805.2247; -0.09819996; 241.0949; Sidewalk; 6.038811; null
22; Pedestrian; Interference; Intention; 23.10.2023 15:26:14; 805.2249; -0.09819996; 241.0943; Sidewalk; 6.048581; null
22; Pedestrian; Interference; Intention; 23.10.2023 15:26:14; 805.2251; -0.09819996; 241.0929; Sidewalk; 6.069945; null
22; Pedestrian; Interference; Intention; 23.10.2023 15:26:14; 805.2253; -0.09819996; 241.0915; Sidewalk; 6.092968; null
22; Pedestrian; Interference; Intention; 23.10.2023 15:26:14; 805.2256; -0.09819996; 241.0901; Sidewalk; 6.11535; null
22; Pedestrian; Interference; Intention; 23.10.2023 15:26:14; 805.2256; -0.09819996; 241.0894; Sidewalk; 6.126564; null
22; Pedestrian; Interference; Intention; 23.10.2023 15:26:14; 805.2262; -0.09819996; 241.0878; Sidewalk; 6.1524; null
22; Pedestrian; Interference; Intention; 23.10.2023 15:26:14; 805.2271; -0.09819996; 241.0862; Sidewalk; 6.16973; null
22; Pedestrian; Interference; Intention; 23.10.2023 15:26:14; 805.2281; -0.09819996; 241.0845; Sidewalk; 6.192287; null
22; Pedestrian; Interference; Intention; 23.10.2023 15:26:14; 805.2295; -0.09819996; 241.0827; Sidewalk; 6.214557; null
22; Pedestrian; Interference; Intention; 23.10.2023 15:26:14; 805.2313; -0.09819996; 241.0809; Sidewalk; 6.236432; null
22; Pedestrian; Interference; Intention; 23.10.2023 15:26:14; 805.2323; -0.09819996; 241.08; Sidewalk; 6.247308; null
22; Pedestrian; Interference; Intention; 23.10.2023 15:26:14; 805.2343; -0.09819996; 241.0781; Sidewalk; 6.269608; null
22; Pedestrian; Interference; Intention; 23.10.2023 15:26:14; 805.2355; -0.09819996; 241.0772; Sidewalk; 6.281537; null
22; Pedestrian; Interference; Intention; 23.10.2023 15:26:14; 805.2397; -0.09819996; 241.0745; Sidewalk; 6.318448; null
22; Pedestrian; Interference; Intention; 23.10.2023 15:26:14; 805.243; -0.09819996; 241.0726; Sidewalk; 6.336829; null
22; Pedestrian; Interference; Intention; 23.10.2023 15:26:14; 805.2448; -0.09819996; 241.0717; Sidewalk; 6.348233; null
22; Pedestrian; Interference; Intention; 23.10.2023 15:26:14; 805.2487; -0.09819996; 241.0699; Sidewalk; 6.369712; null
22; Pedestrian; Interference; Intention; 23.10.2023 15:26:14; 805.2529; -0.09819996; 241.0682; Sidewalk; 6.392417; null
22; Pedestrian; Interference; Intention; 23.10.2023 15:26:14; 805.2571; -0.09819996; 241.0666; Sidewalk; 6.414125; null
22; Pedestrian; Interference; Intention; 23.10.2023 15:26:14; 805.2592; -0.09819996; 241.0658; Sidewalk; 6.425298; null
22; Pedestrian; Interference; Intention; 23.10.2023 15:26:14; 805.2634; -0.09819996; 241.0643; Sidewalk; 6.451525; null
22; Pedestrian; Interference; Intention; 23.10.2023 15:26:14; 805.2673; -0.09819996; 241.0629; Sidewalk; 6.469614; null
22; Pedestrian; Interference; Intention; 23.10.2023 15:26:14; 805.2716; -0.09819996; 241.0616; Sidewalk; 6.49205; null
22; Pedestrian; Interference; Intention; 23.10.2023 15:26:14; 805.2759; -0.09819996; 241.0604; Sidewalk; 6.514311; null
22; Pedestrian; Interference; Intention; 23.10.2023 15:26:14; 805.2805; -0.09819996; 241.0594; Sidewalk; 6.536649; null
22; Pedestrian; Interference; Intention; 23.10.2023 15:26:14; 805.2828; -0.09819996; 241.0591; Sidewalk; 6.547309; null
22; Pedestrian; Interference; Intention; 23.10.2023 15:26:14; 805.2867; -0.09819996; 241.0583; Sidewalk; 6.569513; null
22; Pedestrian; Interference; Intention; 23.10.2023 15:26:14; 805.2881; -0.09819996; 241.058; Sidewalk; 6.580772; null
22; Pedestrian; Interference; Intention; 23.10.2023 15:26:14; 805.2908; -0.09819996; 241.0569; Sidewalk; 6.619407; null
22; Pedestrian; Interference; Intention; 23.10.2023 15:26:14; 805.2925; -0.09819996; 241.0565; Sidewalk; 6.639139; null
22; Pedestrian; Interference; Intention; 23.10.2023 15:26:14; 805.2931; -0.09819996; 241.0562; Sidewalk; 6.64729; null
22; Pedestrian; Interference; Intention; 23.10.2023 15:26:14; 805.2943; -0.09819996; 241.0558; Sidewalk; 6.6695; null
22; Pedestrian; Interference; Intention; 23.10.2023 15:26:14; 805.2951; -0.09819996; 241.0555; Sidewalk; 6.692444; null
22; Pedestrian; Interference; Intention; 23.10.2023 15:26:14; 805.2958; -0.09819996; 241.055; Sidewalk; 6.714043; null
22; Pedestrian; Interference; Intention; 23.10.2023 15:26:14; 805.2963; -0.09819996; 241.0545; Sidewalk; 6.736261; null
22; Pedestrian; Interference; Intention; 23.10.2023 15:26:14; 805.2963; -0.09819996; 241.0545; Sidewalk; 6.736261; null
22; Pedestrian; Interference; Intention; 23.10.2023 15:26:14; 805.2979; -0.09819996; 241.0537; Sidewalk; 6.77595; null
22; Pedestrian; Interference; Intention; 23.10.2023 15:26:14; 805.299; -0.09819996; 241.0532; Sidewalk; 6.792297; null
22; Pedestrian; Interference; Intention; 23.10.2023 15:26:14; 805.2997; -0.09819996; 241.0529; Sidewalk; 6.814608; null
22; Pedestrian; Interference; Intention; 23.10.2023 15:26:14; 805.3004; -0.09819996; 241.0524; Sidewalk; 6.836576; null
22; Pedestrian; Interference; Intention; 23.10.2023 15:26:14; 805.3007; -0.09819996; 241.0522; Sidewalk; 6.848019; null
22; Pedestrian; Interference; Intention; 23.10.2023 15:26:15; 805.3011; -0.09819996; 241.0519; Sidewalk; 6.869246; null
22; Pedestrian; Interference; Intention; 23.10.2023 15:26:15; 805.3009; -0.09819996; 241.0518; Sidewalk; 6.892441; null
22; Pedestrian; Interference; Intention; 23.10.2023 15:26:15; 805.3008; -0.09819996; 241.052; Sidewalk; 6.919687; null
22; Pedestrian; Interference; Intention; 23.10.2023 15:26:15; 805.3002; -0.09819996; 241.0523; Sidewalk; 6.936409; null
22; Pedestrian; Interference; Intention; 23.10.2023 15:26:15; 805.3; -0.09819996; 241.0524; Sidewalk; 6.947235; null
22; Pedestrian; Interference; Intention; 23.10.2023 15:26:15; 805.2994; -0.09819996; 241.0528; Sidewalk; 6.969401; null
22; Pedestrian; Interference; Intention; 23.10.2023 15:26:15; 805.2994; -0.09819996; 241.0533; Sidewalk; 6.99203; null
22; Pedestrian; Interference; Intention; 23.10.2023 15:26:15; 805.2997; -0.09819996; 241.0538; Sidewalk; 7.014037; null
22; Pedestrian; Interference; Intention; 23.10.2023 15:26:15; 805.2998; -0.09819996; 241.0542; Sidewalk; 7.036098; null
22; Pedestrian; Interference; Intention; 23.10.2023 15:26:15; 805.2999; -0.09819996; 241.0544; Sidewalk; 7.046968; null
22; Pedestrian; Interference; Intention; 23.10.2023 15:26:15; 805.3002; -0.09819996; 241.0545; Sidewalk; 7.060518; null
22; Pedestrian; Interference; Intention; 23.10.2023 15:26:15; 805.3018; -0.09819996; 241.0547; Sidewalk; 7.089646; null
22; Pedestrian; Interference; Intention; 23.10.2023 15:26:15; 805.3044; -0.09819996; 241.0547; Sidewalk; 7.111846; null
22; Pedestrian; Interference; Intention; 23.10.2023 15:26:15; 805.3103; -0.09819996; 241.0543; Sidewalk; 7.141348; null
22; Pedestrian; Interference; Intention; 23.10.2023 15:26:15; 805.3126; -0.09819996; 241.0541; Sidewalk; 7.149224; null
22; Pedestrian; Interference; Intention; 23.10.2023 15:26:15; 805.3179; -0.09819996; 241.0538; Sidewalk; 7.169293; null
22; Pedestrian; Interference; Intention; 23.10.2023 15:26:15; 805.3228; -0.09819996; 241.0535; Sidewalk; 7.19245; null
22; Pedestrian; Interference; Intention; 23.10.2023 15:26:15; 805.3252; -0.09819996; 241.0533; Sidewalk; 7.203484; null
22; Pedestrian; Interference; Intention; 23.10.2023 15:26:15; 805.3298; -0.09819996; 241.053; Sidewalk; 7.233222; null
22; Pedestrian; Interference; Intention; 23.10.2023 15:26:15; 805.3319; -0.09819996; 241.0528; Sidewalk; 7.245953; null
22; Pedestrian; Interference; Intention; 23.10.2023 15:26:15; 805.3378; -0.09819996; 241.0524; Sidewalk; 7.271841; null
22; Pedestrian; Interference; Intention; 23.10.2023 15:26:15; 805.3408; -0.09819996; 241.0522; Sidewalk; 7.292204; null
22; Pedestrian; Interference; Intention; 23.10.2023 15:26:15; 805.343; -0.09819996; 241.0521; Sidewalk; 7.314108; null
22; Pedestrian; Interference; Intention; 23.10.2023 15:26:15; 805.3453; -0.09819996; 241.052; Sidewalk; 7.336386; null
22; Pedestrian; Interference; Intention; 23.10.2023 15:26:15; 805.3461; -0.09819996; 241.0521; Sidewalk; 7.347496; null
22; Pedestrian; Interference; Intention; 23.10.2023 15:26:15; 805.347; -0.09819996; 241.0522; Sidewalk; 7.359336; null
22; Pedestrian; Interference; Intention; 23.10.2023 15:26:15; 805.3488; -0.09819996; 241.0523; Sidewalk; 7.396387; null
22; Pedestrian; Interference; Intention; 23.10.2023 15:26:15; 805.3501; -0.09819996; 241.0525; Sidewalk; 7.414373; null
22; Pedestrian; Interference; Intention; 23.10.2023 15:26:15; 805.3512; -0.09819996; 241.0527; Sidewalk; 7.435957; null
22; Pedestrian; Interference; Intention; 23.10.2023 15:26:15; 805.3516; -0.09819996; 241.0528; Sidewalk; 7.446886; null
22; Pedestrian; Interference; Intention; 23.10.2023 15:26:15; 805.3526; -0.09819996; 241.053; Sidewalk; 7.469332; null
22; Pedestrian; Interference; Intention; 23.10.2023 15:26:15; 805.3533; -0.09819996; 241.0531; Sidewalk; 7.491841; null
22; Pedestrian; Interference; Intention; 23.10.2023 15:26:15; 805.3538; -0.09819996; 241.0533; Sidewalk; 7.514017; null
22; Pedestrian; Interference; Intention; 23.10.2023 15:26:15; 805.3539; -0.09819996; 241.0534; Sidewalk; 7.52539; null
22; Pedestrian; Interference; Intention; 23.10.2023 15:26:15; 805.3542; -0.09819996; 241.0535; Sidewalk; 7.551685; null
22; Pedestrian; Interference; Intention; 23.10.2023 15:26:15; 805.3542; -0.09819996; 241.0535; Sidewalk; 7.569898; null
22; Pedestrian; Interference; Intention; 23.10.2023 15:26:15; 805.3543; -0.09819996; 241.0536; Sidewalk; 7.591555; null
22; Pedestrian; Interference; Intention; 23.10.2023 15:26:15; 805.3543; -0.09819996; 241.0536; Sidewalk; 7.613805; null
22; Pedestrian; Interference; Intention; 23.10.2023 15:26:15; 805.3547; -0.09819996; 241.0537; Sidewalk; 7.636333; null
22; Pedestrian; Interference; Intention; 23.10.2023 15:26:15; 805.3547; -0.09819996; 241.0537; Sidewalk; 7.646939; null
22; Pedestrian; Interference; Intention; 23.10.2023 15:26:15; 805.3549; -0.09819996; 241.0536; Sidewalk; 7.669918; null
22; Pedestrian; Interference; Intention; 23.10.2023 15:26:15; 805.3546; -0.09819996; 241.0536; Sidewalk; 7.696004; null
22; Pedestrian; Interference; Intention; 23.10.2023 15:26:15; 805.3539; -0.09819996; 241.0535; Sidewalk; 7.71383; null
22; Pedestrian; Interference; Intention; 23.10.2023 15:26:15; 805.3532; -0.09819996; 241.0534; Sidewalk; 7.736002; null
22; Pedestrian; Interference; Intention; 23.10.2023 15:26:15; 805.3529; -0.09819996; 241.0532; Sidewalk; 7.747027; null
22; Pedestrian; Interference; Intention; 23.10.2023 15:26:15; 805.3523; -0.09819996; 241.0529; Sidewalk; 7.769027; null
22; Pedestrian; Interference; Intention; 23.10.2023 15:26:15; 805.352; -0.09819996; 241.0529; Sidewalk; 7.791674; null
22; Pedestrian; Interference; Intention; 23.10.2023 15:26:15; 805.3519; -0.09819996; 241.0527; Sidewalk; 7.814342; null
22; Pedestrian; Interference; Intention; 23.10.2023 15:26:15; 805.352; -0.09819996; 241.0526; Sidewalk; 7.824758; null
22; Pedestrian; Interference; Intention; 23.10.2023 15:26:15; 805.352; -0.09819996; 241.0524; Sidewalk; 7.837042; null
22; Pedestrian; Interference; Intention; 23.10.2023 15:26:16; 805.3523; -0.09819996; 241.0521; Sidewalk; 7.866697; null
22; Pedestrian; Interference; Intention; 23.10.2023 15:26:16; 805.3522; -0.09819996; 241.0517; Sidewalk; 7.892805; null
22; Pedestrian; Interference; Intention; 23.10.2023 15:26:16; 805.3522; -0.09819996; 241.0514; Sidewalk; 7.91381; null
22; Pedestrian; Interference; Intention; 23.10.2023 15:26:16; 805.3518; -0.09819996; 241.051; Sidewalk; 7.935948; null
22; Pedestrian; Interference; Intention; 23.10.2023 15:26:16; 805.3515; -0.09819996; 241.0507; Sidewalk; 7.947076; null
22; Pedestrian; Interference; Intention; 23.10.2023 15:26:16; 805.3511; -0.09819996; 241.0504; Sidewalk; 7.969067; null
22; Pedestrian; Interference; Intention; 23.10.2023 15:26:16; 805.3506; -0.09819996; 241.0502; Sidewalk; 7.98032; null
22; Pedestrian; Interference; Intention; 23.10.2023 15:26:16; 805.3499; -0.09819996; 241.0498; Sidewalk; 8.017265; null
22; Pedestrian; Interference; Intention; 23.10.2023 15:26:16; 805.3498; -0.09819996; 241.0495; Sidewalk; 8.036165; null
22; Pedestrian; Interference; Intention; 23.10.2023 15:26:16; 805.3494; -0.09819996; 241.0493; Sidewalk; 8.046658; null
22; Pedestrian; Interference; Intention; 23.10.2023 15:26:16; 805.3494; -0.09819996; 241.0489; Sidewalk; 8.068911; null
22; Pedestrian; Interference; Intention; 23.10.2023 15:26:16; 805.3497; -0.09819996; 241.0486; Sidewalk; 8.091856; null
22; Pedestrian; Interference; Intention; 23.10.2023 15:26:16; 805.3505; -0.09819996; 241.0483; Sidewalk; 8.114869; null
22; Pedestrian; Interference; Intention; 23.10.2023 15:26:16; 805.3513; -0.09819996; 241.048; Sidewalk; 8.136113; null
22; Pedestrian; Interference; Intention; 23.10.2023 15:26:16; 805.3513; -0.09819996; 241.048; Sidewalk; 8.136113; null
22; Pedestrian; Interference; Intention; 23.10.2023 15:26:16; 805.3517; -0.09819996; 241.0477; Sidewalk; 8.165421; null
22; Pedestrian; Interference; Intention; 23.10.2023 15:26:16; 805.3518; -0.09819996; 241.0472; Sidewalk; 8.195559; null
22; Pedestrian; Interference; Intention; 23.10.2023 15:26:16; 805.3521; -0.09819996; 241.047; Sidewalk; 8.214026; null
22; Pedestrian; Interference; Intention; 23.10.2023 15:26:16; 805.3522; -0.09819996; 241.0468; Sidewalk; 8.235733; null
22; Pedestrian; Interference; Intention; 23.10.2023 15:26:16; 805.3525; -0.09819996; 241.0468; Sidewalk; 8.246882; null
22; Pedestrian; Interference; Intention; 23.10.2023 15:26:16; 805.3525; -0.09819996; 241.0467; Sidewalk; 8.268852; null
22; Pedestrian; Interference; Intention; 23.10.2023 15:26:16; 805.3525; -0.09819996; 241.0467; Sidewalk; 8.291621; null
22; Pedestrian; Interference; Intention; 23.10.2023 15:26:16; 805.3525; -0.09819996; 241.0467; Sidewalk; 8.303246; null
22; Pedestrian; Interference; Intention; 23.10.2023 15:26:16; 805.3524; -0.09819996; 241.0467; Sidewalk; 8.339298; null
22; Pedestrian; Interference; Intention; 23.10.2023 15:26:16; 805.3522; -0.09819996; 241.0467; Sidewalk; 8.347805; null
22; Pedestrian; Interference; Intention; 23.10.2023 15:26:16; 805.352; -0.09819996; 241.0468; Sidewalk; 8.369464; null
22; Pedestrian; Interference; Intention; 23.10.2023 15:26:16; 805.3523; -0.09819996; 241.0471; Sidewalk; 8.391806; null
22; Pedestrian; Interference; Intention; 23.10.2023 15:26:16; 805.3522; -0.09819996; 241.0473; Sidewalk; 8.413581; null
22; Pedestrian; Interference; Intention; 23.10.2023 15:26:16; 805.3516; -0.09819996; 241.0475; Sidewalk; 8.436248; null
22; Pedestrian; Interference; Intention; 23.10.2023 15:26:16; 805.3513; -0.09819996; 241.0476; Sidewalk; 8.446641; null
22; Pedestrian; Interference; Intention; 23.10.2023 15:26:16; 805.3508; -0.09819996; 241.0479; Sidewalk; 8.473301; null
22; Pedestrian; Interference; Intention; 23.10.2023 15:26:16; 805.3501; -0.09819996; 241.0482; Sidewalk; 8.491692; null
22; Pedestrian; Interference; Intention; 23.10.2023 15:26:16; 805.3495; -0.09819996; 241.0484; Sidewalk; 8.513858; null
22; Pedestrian; Interference; Intention; 23.10.2023 15:26:16; 805.3488; -0.09819996; 241.0488; Sidewalk; 8.5358; null
22; Pedestrian; Interference; Intention; 23.10.2023 15:26:16; 805.3482; -0.09819996; 241.049; Sidewalk; 8.546668; null
22; Pedestrian; Interference; Intention; 23.10.2023 15:26:16; 805.3471; -0.09819996; 241.0494; Sidewalk; 8.569245; null
22; Pedestrian; Interference; Intention; 23.10.2023 15:26:16; 805.346; -0.09819996; 241.0498; Sidewalk; 8.591149; null
22; Pedestrian; Interference; Intention; 23.10.2023 15:26:16; 805.3457; -0.09819996; 241.0501; Sidewalk; 8.602476; null
22; Pedestrian; Interference; Intention; 23.10.2023 15:26:16; 805.3446; -0.09819996; 241.0507; Sidewalk; 8.631103; null
22; Pedestrian; Interference; Intention; 23.10.2023 15:26:16; 805.3439; -0.09819996; 241.051; Sidewalk; 8.642792; null
22; Pedestrian; Interference; Intention; 23.10.2023 15:26:16; 805.3422; -0.09819996; 241.0518; Sidewalk; 8.673654; null
22; Pedestrian; Interference; Intention; 23.10.2023 15:26:16; 805.3411; -0.09819996; 241.0524; Sidewalk; 8.692117; null
22; Pedestrian; Interference; Intention; 23.10.2023 15:26:16; 805.3401; -0.09819996; 241.0529; Sidewalk; 8.713655; null
22; Pedestrian; Interference; Intention; 23.10.2023 15:26:16; 805.3392; -0.09819996; 241.0533; Sidewalk; 8.735806; null
22; Pedestrian; Interference; Intention; 23.10.2023 15:26:16; 805.3391; -0.09819996; 241.0537; Sidewalk; 8.747331; null
22; Pedestrian; Interference; Intention; 23.10.2023 15:26:16; 805.3387; -0.09819996; 241.0539; Sidewalk; 8.758006; null
22; Pedestrian; Interference; Intention; 23.10.2023 15:26:16; 805.3383; -0.09819996; 241.0543; Sidewalk; 8.787222; null
22; Pedestrian; Interference; Intention; 23.10.2023 15:26:16; 805.337; -0.09819996; 241.0547; Sidewalk; 8.817347; null
22; Pedestrian; Interference; Intention; 23.10.2023 15:26:16; 805.3367; -0.09819996; 241.0551; Sidewalk; 8.835304; null
22; Pedestrian; Interference; Intention; 23.10.2023 15:26:16; 805.3362; -0.09819996; 241.0551; Sidewalk; 8.847594; null
22; Pedestrian; Interference; Intention; 23.10.2023 15:26:17; 805.3361; -0.09819996; 241.0552; Sidewalk; 8.868503; null
22; Pedestrian; Interference; Intention; 23.10.2023 15:26:17; 805.336; -0.09819996; 241.0555; Sidewalk; 8.890933; null
22; Pedestrian; Interference; Intention; 23.10.2023 15:26:17; 805.3357; -0.09819996; 241.0557; Sidewalk; 8.913592; null
22; Pedestrian; Interference; Intention; 23.10.2023 15:26:17; 805.3356; -0.09819996; 241.056; Sidewalk; 8.940171; null
22; Pedestrian; Interference; Intention; 23.10.2023 15:26:17; 805.3354; -0.09819996; 241.0561; Sidewalk; 8.949432; null
22; Pedestrian; Interference; Intention; 23.10.2023 15:26:17; 805.3354; -0.09819996; 241.0562; Sidewalk; 8.968705; null
22; Pedestrian; Interference; Intention; 23.10.2023 15:26:17; 805.335; -0.09819996; 241.0563; Sidewalk; 8.991017; null
22; Pedestrian; Interference; Intention; 23.10.2023 15:26:17; 805.335; -0.09819996; 241.0565; Sidewalk; 9.013873; null
22; Pedestrian; Interference; Intention; 23.10.2023 15:26:17; 805.335; -0.09819996; 241.0566; Sidewalk; 9.035222; null
22; Pedestrian; Interference; Intention; 23.10.2023 15:26:17; 805.3351; -0.09819996; 241.0567; Sidewalk; 9.046548; null
22; Pedestrian; Interference; Intention; 23.10.2023 15:26:17; 805.3353; -0.09819996; 241.0568; Sidewalk; 9.068241; null
22; Pedestrian; Interference; Intention; 23.10.2023 15:26:17; 805.3353; -0.09819996; 241.0568; Sidewalk; 9.095943; null
22; Pedestrian; Interference; Intention; 23.10.2023 15:26:17; 805.3357; -0.09819996; 241.0569; Sidewalk; 9.114671; null
22; Pedestrian; Interference; Intention; 23.10.2023 15:26:17; 805.3354; -0.09819996; 241.057; Sidewalk; 9.135317; null
22; Pedestrian; Interference; Intention; 23.10.2023 15:26:17; 805.3354; -0.09819996; 241.0569; Sidewalk; 9.146374; null
22; Pedestrian; Interference; Intention; 23.10.2023 15:26:17; 805.3354; -0.09819996; 241.0569; Sidewalk; 9.168676; null
22; Pedestrian; Interference; Intention; 23.10.2023 15:26:17; 805.3352; -0.09819996; 241.0568; Sidewalk; 9.19165; null
22; Pedestrian; Interference; Intention; 23.10.2023 15:26:17; 805.3351; -0.09819996; 241.0568; Sidewalk; 9.214012; null
22; Pedestrian; Interference; Intention; 23.10.2023 15:26:17; 805.335; -0.09819996; 241.0567; Sidewalk; 9.22406; null
22; Pedestrian; Interference; Intention; 23.10.2023 15:26:17; 805.335; -0.09819996; 241.0566; Sidewalk; 9.236112; null
22; Pedestrian; Interference; Intention; 23.10.2023 15:26:17; 805.3347; -0.09819996; 241.0565; Sidewalk; 9.26733; null
22; Pedestrian; Interference; Intention; 23.10.2023 15:26:17; 805.3345; -0.09819996; 241.0565; Sidewalk; 9.292817; null
22; Pedestrian; Interference; Intention; 23.10.2023 15:26:17; 805.3343; -0.09819996; 241.0565; Sidewalk; 9.312876; null
22; Pedestrian; Interference; Intention; 23.10.2023 15:26:17; 805.3343; -0.09819996; 241.0567; Sidewalk; 9.335335; null
22; Pedestrian; Interference; Intention; 23.10.2023 15:26:17; 805.3343; -0.09819996; 241.0567; Sidewalk; 9.347197; null
22; Pedestrian; Interference; Intention; 23.10.2023 15:26:17; 805.3343; -0.09819996; 241.0568; Sidewalk; 9.368334; null
22; Pedestrian; Interference; Intention; 23.10.2023 15:26:17; 805.3343; -0.09819996; 241.0569; Sidewalk; 9.380369; null
22; Pedestrian; Interference; Intention; 23.10.2023 15:26:17; 805.334; -0.09819996; 241.057; Sidewalk; 9.417726; null
22; Pedestrian; Interference; Intention; 23.10.2023 15:26:17; 805.3339; -0.09819996; 241.0569; Sidewalk; 9.435364; null
22; Pedestrian; Interference; Intention; 23.10.2023 15:26:17; 805.3339; -0.09819996; 241.0569; Sidewalk; 9.446391; null
22; Pedestrian; Interference; Intention; 23.10.2023 15:26:17; 805.3336; -0.09819996; 241.0568; Sidewalk; 9.468176; null
22; Pedestrian; Interference; Intention; 23.10.2023 15:26:17; 805.3334; -0.09819996; 241.0567; Sidewalk; 9.490569; null
22; Pedestrian; Interference; Intention; 23.10.2023 15:26:17; 805.3334; -0.09819996; 241.0565; Sidewalk; 9.513119; null
22; Pedestrian; Interference; Intention; 23.10.2023 15:26:17; 805.3334; -0.09819996; 241.0564; Sidewalk; 9.535108; null
22; Pedestrian; Interference; Intention; 23.10.2023 15:26:17; 805.3334; -0.09819996; 241.0564; Sidewalk; 9.535108; null
22; Pedestrian; Interference; Intention; 23.10.2023 15:26:17; 805.3341; -0.09819996; 241.0565; Sidewalk; 9.573895; null
22; Pedestrian; Interference; Intention; 23.10.2023 15:26:17; 805.3344; -0.09819996; 241.0565; Sidewalk; 9.590886; null
22; Pedestrian; Interference; Intention; 23.10.2023 15:26:17; 805.3351; -0.09819996; 241.0565; Sidewalk; 9.613151; null
22; Pedestrian; Interference; Intention; 23.10.2023 15:26:17; 805.3354; -0.09819996; 241.0566; Sidewalk; 9.635762; null
22; Pedestrian; Interference; Intention; 23.10.2023 15:26:17; 805.3357; -0.09819996; 241.0565; Sidewalk; 9.647133; null
22; Pedestrian; Interference; Intention; 23.10.2023 15:26:17; 805.3368; -0.09819996; 241.0565; Sidewalk; 9.668901; null
22; Pedestrian; Interference; Intention; 23.10.2023 15:26:17; 805.3379; -0.09819996; 241.0565; Sidewalk; 9.690948; null
22; Pedestrian; Interference; Intention; 23.10.2023 15:26:17; 805.339; -0.09819996; 241.0564; Sidewalk; 9.718143; null
22; Pedestrian; Interference; Intention; 23.10.2023 15:26:17; 805.3401; -0.09819996; 241.0564; Sidewalk; 9.734939; null
22; Pedestrian; Interference; Intention; 23.10.2023 15:26:17; 805.3408; -0.09819996; 241.0563; Sidewalk; 9.746506; null
22; Pedestrian; Interference; Intention; 23.10.2023 15:26:17; 805.3416; -0.09819996; 241.0562; Sidewalk; 9.768373; null
22; Pedestrian; Interference; Intention; 23.10.2023 15:26:17; 805.3429; -0.09819996; 241.0561; Sidewalk; 9.791036; null
22; Pedestrian; Interference; Intention; 23.10.2023 15:26:17; 805.3436; -0.09819996; 241.056; Sidewalk; 9.813375; null
22; Pedestrian; Interference; Intention; 23.10.2023 15:26:17; 805.3445; -0.09819996; 241.0559; Sidewalk; 9.835817; null
22; Pedestrian; Interference; Intention; 23.10.2023 15:26:17; 805.3449; -0.09819996; 241.0559; Sidewalk; 9.84706; null
22; Pedestrian; Interference; Intention; 23.10.2023 15:26:18; 805.346; -0.09819996; 241.056; Sidewalk; 9.873476; null
22; Pedestrian; Interference; Intention; 23.10.2023 15:26:18; 805.347; -0.09819996; 241.0559; Sidewalk; 9.890438; null
22; Pedestrian; Interference; Intention; 23.10.2023 15:26:18; 805.3478; -0.09819996; 241.0558; Sidewalk; 9.913502; null
22; Pedestrian; Interference; Intention; 23.10.2023 15:26:18; 805.3491; -0.09819996; 241.0559; Sidewalk; 9.93504; null
22; Pedestrian; Interference; Intention; 23.10.2023 15:26:18; 805.3492; -0.09819996; 241.0559; Sidewalk; 9.946274; null
22; Pedestrian; Interference; Intention; 23.10.2023 15:26:18; 805.3502; -0.09819996; 241.056; Sidewalk; 9.969056; null
22; Pedestrian; Interference; Intention; 23.10.2023 15:26:18; 805.3511; -0.09819996; 241.0562; Sidewalk; 9.990648; null
22; Pedestrian; Interference; Intention; 23.10.2023 15:26:18; 805.3514; -0.09819996; 241.0561; Sidewalk; 10.00163; null
22; Pedestrian; Interference; Intention; 23.10.2023 15:26:18; 805.3523; -0.09819996; 241.0562; Sidewalk; 10.04013; null
22; Pedestrian; Interference; Intention; 23.10.2023 15:26:18; 805.353; -0.09819996; 241.0562; Sidewalk; 10.04889; null
22; Pedestrian; Interference; Intention; 23.10.2023 15:26:18; 805.353; -0.09819996; 241.0563; Sidewalk; 10.06818; null
22; Pedestrian; Interference; Intention; 23.10.2023 15:26:18; 805.353; -0.09819996; 241.0563; Sidewalk; 10.09176; null
22; Pedestrian; Interference; Intention; 23.10.2023 15:26:18; 805.3535; -0.09819996; 241.0564; Sidewalk; 10.11424; null
22; Pedestrian; Interference; Intention; 23.10.2023 15:26:18; 805.3535; -0.09819996; 241.0565; Sidewalk; 10.1355; null
22; Pedestrian; Interference; Intention; 23.10.2023 15:26:18; 805.3535; -0.09819996; 241.0565; Sidewalk; 10.14621; null
22; Pedestrian; Interference; Intention; 23.10.2023 15:26:18; 805.3535; -0.09819996; 241.0565; Sidewalk; 10.15742; null
22; Pedestrian; Interference; Intention; 23.10.2023 15:26:18; 805.3536; -0.09819996; 241.0565; Sidewalk; 10.19383; null
22; Pedestrian; Interference; Intention; 23.10.2023 15:26:18; 805.3538; -0.09819996; 241.0566; Sidewalk; 10.20172; null
22; Pedestrian; Interference; Intention; 23.10.2023 15:26:18; 805.3539; -0.09819996; 241.0567; Sidewalk; 10.2347; null
22; Pedestrian; Interference; Intention; 23.10.2023 15:26:18; 805.3542; -0.09819996; 241.0568; Sidewalk; 10.24624; null
22; Pedestrian; Interference; Intention; 23.10.2023 15:26:18; 805.3544; -0.09819996; 241.0568; Sidewalk; 10.268; null
22; Pedestrian; Interference; Intention; 23.10.2023 15:26:18; 805.3549; -0.09819996; 241.0567; Sidewalk; 10.29007; null
22; Pedestrian; Interference; Intention; 23.10.2023 15:26:18; 805.3554; -0.09819996; 241.0567; Sidewalk; 10.31324; null
22; Pedestrian; Interference; Intention; 23.10.2023 15:26:18; 805.3557; -0.09819996; 241.0567; Sidewalk; 10.3397; null
22; Pedestrian; Interference; Intention; 23.10.2023 15:26:18; 805.3558; -0.09819996; 241.0567; Sidewalk; 10.34898; null
22; Pedestrian; Interference; Intention; 23.10.2023 15:26:18; 805.3564; -0.09819996; 241.0566; Sidewalk; 10.368; null
22; Pedestrian; Interference; Intention; 23.10.2023 15:26:18; 805.357; -0.09819996; 241.0566; Sidewalk; 10.39025; null
22; Pedestrian; Interference; Intention; 23.10.2023 15:26:18; 805.3572; -0.09819996; 241.0567; Sidewalk; 10.41246; null
22; Pedestrian; Interference; Intention; 23.10.2023 15:26:18; 805.3572; -0.09819996; 241.0566; Sidewalk; 10.43464; null
22; Pedestrian; Interference; Intention; 23.10.2023 15:26:18; 805.3574; -0.09819996; 241.0566; Sidewalk; 10.44601; null
22; Pedestrian; Interference; Intention; 23.10.2023 15:26:18; 805.3575; -0.09819996; 241.0565; Sidewalk; 10.46794; null
22; Pedestrian; Interference; Intention; 23.10.2023 15:26:18; 805.3577; -0.09819996; 241.0565; Sidewalk; 10.49516; null
22; Pedestrian; Interference; Intention; 23.10.2023 15:26:18; 805.3582; -0.09819996; 241.0566; Sidewalk; 10.51421; null
22; Pedestrian; Interference; Intention; 23.10.2023 15:26:18; 805.3582; -0.09819996; 241.0567; Sidewalk; 10.53492; null
22; Pedestrian; Interference; Intention; 23.10.2023 15:26:18; 805.3585; -0.09819996; 241.0567; Sidewalk; 10.54595; null
22; Pedestrian; Interference; Intention; 23.10.2023 15:26:18; 805.3578; -0.09819996; 241.0567; Sidewalk; 10.56766; null
22; Pedestrian; Interference; Intention; 23.10.2023 15:26:18; 805.3578; -0.09819996; 241.0568; Sidewalk; 10.58987; null
22; Pedestrian; Interference; Intention; 23.10.2023 15:26:18; 805.3574; -0.09819996; 241.0569; Sidewalk; 10.61271; null
22; Pedestrian; Interference; Intention; 23.10.2023 15:26:18; 805.3572; -0.09819996; 241.057; Sidewalk; 10.63486; null
22; Pedestrian; Interference; Intention; 23.10.2023 15:26:18; 805.3571; -0.09819996; 241.057; Sidewalk; 10.64994; null
22; Pedestrian; Interference; Intention; 23.10.2023 15:26:18; 805.3574; -0.09819996; 241.0571; Sidewalk; 10.66794; null
22; Pedestrian; Interference; Intention; 23.10.2023 15:26:18; 805.3572; -0.09819996; 241.0573; Sidewalk; 10.69137; null
22; Pedestrian; Interference; Intention; 23.10.2023 15:26:18; 805.357; -0.09819996; 241.0574; Sidewalk; 10.71356; null
22; Pedestrian; Interference; Intention; 23.10.2023 15:26:18; 805.3569; -0.09819996; 241.0575; Sidewalk; 10.7346; null
22; Pedestrian; Interference; Intention; 23.10.2023 15:26:18; 805.357; -0.09819996; 241.0577; Sidewalk; 10.74637; null
22; Pedestrian; Interference; Intention; 23.10.2023 15:26:18; 805.3569; -0.09819996; 241.0579; Sidewalk; 10.76804; null
22; Pedestrian; Interference; Intention; 23.10.2023 15:26:18; 805.3569; -0.09819996; 241.0579; Sidewalk; 10.77939; null
22; Pedestrian; Interference; Intention; 23.10.2023 15:26:18; 805.3563; -0.09819996; 241.0581; Sidewalk; 10.81063; null
22; Pedestrian; Interference; Intention; 23.10.2023 15:26:18; 805.3554; -0.09819996; 241.0583; Sidewalk; 10.83351; null
22; Pedestrian; Interference; Intention; 23.10.2023 15:26:18; 805.3547; -0.09819996; 241.0585; Sidewalk; 10.85243; null
22; Pedestrian; Interference; Intention; 23.10.2023 15:26:19; 805.3539; -0.09819996; 241.0585; Sidewalk; 10.86789; null
22; Pedestrian; Interference; Intention; 23.10.2023 15:26:19; 805.353; -0.09819996; 241.0585; Sidewalk; 10.89043; null
22; Pedestrian; Interference; Intention; 23.10.2023 15:26:19; 805.3522; -0.09819996; 241.0587; Sidewalk; 10.91339; null
22; Pedestrian; Interference; Intention; 23.10.2023 15:26:19; 805.351; -0.09819996; 241.0588; Sidewalk; 10.93534; null
22; Pedestrian; Interference; Intention; 23.10.2023 15:26:19; 805.351; -0.09819996; 241.0588; Sidewalk; 10.93534; null
22; Pedestrian; Interference; Intention; 23.10.2023 15:26:19; 805.3498; -0.09819996; 241.0591; Sidewalk; 10.96499; null
22; Pedestrian; Interference; Intention; 23.10.2023 15:26:19; 805.3485; -0.09819996; 241.0592; Sidewalk; 10.9961; null
22; Pedestrian; Interference; Intention; 23.10.2023 15:26:19; 805.3478; -0.09819996; 241.0593; Sidewalk; 11.01266; null
22; Pedestrian; Interference; Intention; 23.10.2023 15:26:19; 805.347; -0.09819996; 241.0593; Sidewalk; 11.03439; null
22; Pedestrian; Interference; Intention; 23.10.2023 15:26:19; 805.3469; -0.09819996; 241.0593; Sidewalk; 11.04627; null
22; Pedestrian; Interference; Intention; 23.10.2023 15:26:19; 805.3471; -0.09819996; 241.0595; Sidewalk; 11.06764; null
22; Pedestrian; Interference; Intention; 23.10.2023 15:26:19; 805.347; -0.09819996; 241.0596; Sidewalk; 11.08979; null
22; Pedestrian; Interference; Intention; 23.10.2023 15:26:19; 805.3469; -0.09819996; 241.0596; Sidewalk; 11.10227; null
22; Pedestrian; Interference; Intention; 23.10.2023 15:26:19; 805.346; -0.09819996; 241.0599; Sidewalk; 11.13834; null
22; Pedestrian; Interference; Intention; 23.10.2023 15:26:19; 805.346; -0.09819996; 241.0599; Sidewalk; 11.14576; null
22; Pedestrian; Interference; Intention; 23.10.2023 15:26:19; 805.3456; -0.09819996; 241.06; Sidewalk; 11.16832; null
22; Pedestrian; Interference; Intention; 23.10.2023 15:26:19; 805.3453; -0.09819996; 241.0601; Sidewalk; 11.19002; null
22; Pedestrian; Interference; Intention; 23.10.2023 15:26:19; 805.345; -0.09819996; 241.0602; Sidewalk; 11.21279; null
22; Pedestrian; Interference; Intention; 23.10.2023 15:26:19; 805.3448; -0.09819996; 241.0602; Sidewalk; 11.23475; null
22; Pedestrian; Interference; Intention; 23.10.2023 15:26:19; 805.3449; -0.09819996; 241.0601; Sidewalk; 11.24596; null
22; Pedestrian; Interference; Intention; 23.10.2023 15:26:19; 805.3449; -0.09819996; 241.0601; Sidewalk; 11.25767; null
22; Pedestrian; Interference; Intention; 23.10.2023 15:26:19; 805.3455; -0.09819996; 241.0599; Sidewalk; 11.2972; null
22; Pedestrian; Interference; Intention; 23.10.2023 15:26:19; 805.3459; -0.09819996; 241.0599; Sidewalk; 11.31435; null
22; Pedestrian; Interference; Intention; 23.10.2023 15:26:19; 805.346; -0.09819996; 241.0598; Sidewalk; 11.33436; null
22; Pedestrian; Interference; Intention; 23.10.2023 15:26:19; 805.3461; -0.09819996; 241.0598; Sidewalk; 11.34625; null
22; Pedestrian; Interference; Intention; 23.10.2023 15:26:19; 805.3464; -0.09819996; 241.0597; Sidewalk; 11.36746; null
22; Pedestrian; Interference; Intention; 23.10.2023 15:26:19; 805.3466; -0.09819996; 241.0595; Sidewalk; 11.38974; null
22; Pedestrian; Interference; Intention; 23.10.2023 15:26:19; 805.3466; -0.09819996; 241.0595; Sidewalk; 11.4012; null
22; Pedestrian; Interference; Intention; 23.10.2023 15:26:19; 805.3468; -0.09819996; 241.0594; Sidewalk; 11.44136; null
22; Pedestrian; Interference; Intention; 23.10.2023 15:26:19; 805.3468; -0.09819996; 241.0594; Sidewalk; 11.45007; null
22; Pedestrian; Interference; Intention; 23.10.2023 15:26:19; 805.3469; -0.09819996; 241.0594; Sidewalk; 11.46743; null
22; Pedestrian; Interference; Intention; 23.10.2023 15:26:19; 805.3474; -0.09819996; 241.0594; Sidewalk; 11.48974; null
22; Pedestrian; Interference; Intention; 23.10.2023 15:26:19; 805.3474; -0.09819996; 241.0593; Sidewalk; 11.51207; null
22; Pedestrian; Interference; Intention; 23.10.2023 15:26:19; 805.3475; -0.09819996; 241.0592; Sidewalk; 11.53427; null
22; Pedestrian; Interference; Intention; 23.10.2023 15:26:19; 805.3475; -0.09819996; 241.0592; Sidewalk; 11.54578; null
22; Pedestrian; Interference; Intention; 23.10.2023 15:26:19; 805.3476; -0.09819996; 241.0592; Sidewalk; 11.55682; null
22; Pedestrian; Interference; Intention; 23.10.2023 15:26:19; 805.3481; -0.09819996; 241.059; Sidewalk; 11.59506; null
22; Pedestrian; Interference; Intention; 23.10.2023 15:26:19; 805.3488; -0.09819996; 241.0587; Sidewalk; 11.61281; null
22; Pedestrian; Interference; Intention; 23.10.2023 15:26:19; 805.3499; -0.09819996; 241.0585; Sidewalk; 11.63441; null
22; Pedestrian; Interference; Intention; 23.10.2023 15:26:19; 805.3505; -0.09819996; 241.0582; Sidewalk; 11.64545; null
22; Pedestrian; Interference; Intention; 23.10.2023 15:26:19; 805.3517; -0.09819996; 241.0578; Sidewalk; 11.66767; null
22; Pedestrian; Interference; Intention; 23.10.2023 15:26:19; 805.3531; -0.09819996; 241.0575; Sidewalk; 11.68981; null
22; Pedestrian; Interference; Intention; 23.10.2023 15:26:19; 805.3548; -0.09819996; 241.0573; Sidewalk; 11.7129; null
22; Pedestrian; Interference; Intention; 23.10.2023 15:26:19; 805.356; -0.09819996; 241.0571; Sidewalk; 11.73954; null
22; Pedestrian; Interference; Intention; 23.10.2023 15:26:19; 805.3567; -0.09819996; 241.057; Sidewalk; 11.74855; null
22; Pedestrian; Interference; Intention; 23.10.2023 15:26:19; 805.358; -0.09819996; 241.0567; Sidewalk; 11.76774; null
22; Pedestrian; Interference; Intention; 23.10.2023 15:26:19; 805.3591; -0.09819996; 241.0566; Sidewalk; 11.78956; null
22; Pedestrian; Interference; Intention; 23.10.2023 15:26:19; 805.3604; -0.09819996; 241.0565; Sidewalk; 11.81256; null
22; Pedestrian; Interference; Intention; 23.10.2023 15:26:19; 805.3613; -0.09819996; 241.0564; Sidewalk; 11.83445; null
22; Pedestrian; Interference; Intention; 23.10.2023 15:26:19; 805.3619; -0.09819996; 241.0563; Sidewalk; 11.84628; null
22; Pedestrian; Interference; Intention; 23.10.2023 15:26:20; 805.3624; -0.09819996; 241.0562; Sidewalk; 11.86821; null
22; Pedestrian; Interference; Intention; 23.10.2023 15:26:20; 805.3633; -0.09819996; 241.056; Sidewalk; 11.89507; null
22; Pedestrian; Interference; Intention; 23.10.2023 15:26:20; 805.364; -0.09819996; 241.0558; Sidewalk; 11.91245; null
22; Pedestrian; Interference; Intention; 23.10.2023 15:26:20; 805.3644; -0.09819996; 241.0555; Sidewalk; 11.93425; null
22; Pedestrian; Interference; Intention; 23.10.2023 15:26:20; 805.3647; -0.09819996; 241.0554; Sidewalk; 11.94535; null
22; Pedestrian; Interference; Intention; 23.10.2023 15:26:20; 805.3654; -0.09819996; 241.0553; Sidewalk; 11.96766; null
22; Pedestrian; Interference; Intention; 23.10.2023 15:26:20; 805.3654; -0.09819996; 241.0551; Sidewalk; 11.99034; null
22; Pedestrian; Interference; Intention; 23.10.2023 15:26:20; 805.3652; -0.09819996; 241.055; Sidewalk; 12.012; null
22; Pedestrian; Interference; Intention; 23.10.2023 15:26:20; 805.3651; -0.09819996; 241.0549; Sidewalk; 12.02328; null
22; Pedestrian; Interference; Intention; 23.10.2023 15:26:20; 805.3648; -0.09819996; 241.0549; Sidewalk; 12.03438; null
22; Pedestrian; Interference; Intention; 23.10.2023 15:26:20; 805.3635; -0.09819996; 241.0551; Sidewalk; 12.07128; null
22; Pedestrian; Interference; Intention; 23.10.2023 15:26:20; 805.3627; -0.09819996; 241.0551; Sidewalk; 12.08935; null
22; Pedestrian; Interference; Intention; 23.10.2023 15:26:20; 805.3621; -0.09819996; 241.0551; Sidewalk; 12.10137; null
22; Pedestrian; Interference; Intention; 23.10.2023 15:26:20; 805.3611; -0.09819996; 241.0552; Sidewalk; 12.13218; null
22; Pedestrian; Interference; Intention; 23.10.2023 15:26:20; 805.3599; -0.09819996; 241.0552; Sidewalk; 12.15192; null
22; Pedestrian; Interference; Intention; 23.10.2023 15:26:20; 805.3595; -0.09819996; 241.0551; Sidewalk; 12.16696; null
22; Pedestrian; Interference; Intention; 23.10.2023 15:26:20; 805.3589; -0.09819996; 241.0551; Sidewalk; 12.18928; null
22; Pedestrian; Interference; Intention; 23.10.2023 15:26:20; 805.3582; -0.09819996; 241.0551; Sidewalk; 12.21403; null
22; Pedestrian; Interference; Intention; 23.10.2023 15:26:20; 805.3578; -0.09819996; 241.055; Sidewalk; 12.23428; null
22; Pedestrian; Interference; Intention; 23.10.2023 15:26:20; 805.3577; -0.09819996; 241.055; Sidewalk; 12.24487; null
22; Pedestrian; Interference; Intention; 23.10.2023 15:26:20; 805.3574; -0.09819996; 241.0549; Sidewalk; 12.26759; null
22; Pedestrian; Interference; Intention; 23.10.2023 15:26:20; 805.3572; -0.09819996; 241.0549; Sidewalk; 12.29015; null
22; Pedestrian; Interference; Intention; 23.10.2023 15:26:20; 805.3572; -0.09819996; 241.0548; Sidewalk; 12.31169; null
22; Pedestrian; Interference; Intention; 23.10.2023 15:26:20; 805.3572; -0.09819996; 241.0548; Sidewalk; 12.33423; null
22; Pedestrian; Interference; Intention; 23.10.2023 15:26:20; 805.3572; -0.09819996; 241.0548; Sidewalk; 12.33423; null
22; Pedestrian; Interference; Intention; 23.10.2023 15:26:20; 805.3569; -0.09819996; 241.0548; Sidewalk; 12.37453; null
22; Pedestrian; Interference; Intention; 23.10.2023 15:26:20; 805.3571; -0.09819996; 241.0547; Sidewalk; 12.39089; null
22; Pedestrian; Interference; Intention; 23.10.2023 15:26:20; 805.3573; -0.09819996; 241.0547; Sidewalk; 12.41221; null
22; Pedestrian; Interference; Intention; 23.10.2023 15:26:20; 805.3577; -0.09819996; 241.0547; Sidewalk; 12.43449; null
22; Pedestrian; Interference; Intention; 23.10.2023 15:26:20; 805.3578; -0.09819996; 241.0547; Sidewalk; 12.44558; null
22; Pedestrian; Interference; Intention; 23.10.2023 15:26:20; 805.3581; -0.09819996; 241.0548; Sidewalk; 12.46748; null
22; Pedestrian; Interference; Intention; 23.10.2023 15:26:20; 805.3583; -0.09819996; 241.0548; Sidewalk; 12.48959; null
22; Pedestrian; Interference; Intention; 23.10.2023 15:26:20; 805.3585; -0.09819996; 241.0549; Sidewalk; 12.51611; null
22; Pedestrian; Interference; Intention; 23.10.2023 15:26:20; 805.3586; -0.09819996; 241.0549; Sidewalk; 12.53613; null
22; Pedestrian; Interference; Intention; 23.10.2023 15:26:20; 805.3586; -0.09819996; 241.0549; Sidewalk; 12.54567; null
22; Pedestrian; Interference; Intention; 23.10.2023 15:26:20; 805.3587; -0.09819996; 241.055; Sidewalk; 12.56705; null
22; Pedestrian; Interference; Intention; 23.10.2023 15:26:20; 805.3588; -0.09819996; 241.0551; Sidewalk; 12.58906; null
22; Pedestrian; Interference; Intention; 23.10.2023 15:26:20; 805.3588; -0.09819996; 241.0552; Sidewalk; 12.61173; null
22; Pedestrian; Interference; Intention; 23.10.2023 15:26:20; 805.3588; -0.09819996; 241.0552; Sidewalk; 12.63402; null
22; Pedestrian; Interference; Intention; 23.10.2023 15:26:20; 805.3588; -0.09819996; 241.0552; Sidewalk; 12.64598; null
22; Pedestrian; Interference; Intention; 23.10.2023 15:26:20; 805.3588; -0.09819996; 241.0553; Sidewalk; 12.65661; null
22; Pedestrian; Interference; Intention; 23.10.2023 15:26:20; 805.3587; -0.09819996; 241.0554; Sidewalk; 12.69667; null
22; Pedestrian; Interference; Intention; 23.10.2023 15:26:20; 805.3585; -0.09819996; 241.0554; Sidewalk; 12.71329; null
22; Pedestrian; Interference; Intention; 23.10.2023 15:26:20; 805.3585; -0.09819996; 241.0555; Sidewalk; 12.734; null
22; Pedestrian; Interference; Intention; 23.10.2023 15:26:20; 805.3586; -0.09819996; 241.0556; Sidewalk; 12.74507; null
22; Pedestrian; Interference; Intention; 23.10.2023 15:26:20; 805.3583; -0.09819996; 241.0556; Sidewalk; 12.7673; null
22; Pedestrian; Interference; Intention; 23.10.2023 15:26:20; 805.3583; -0.09819996; 241.0558; Sidewalk; 12.78911; null
22; Pedestrian; Interference; Intention; 23.10.2023 15:26:20; 805.3578; -0.09819996; 241.0559; Sidewalk; 12.80083; null
22; Pedestrian; Interference; Intention; 23.10.2023 15:26:20; 805.3568; -0.09819996; 241.0561; Sidewalk; 12.83811; null
22; Pedestrian; Interference; Intention; 23.10.2023 15:26:20; 805.3564; -0.09819996; 241.0561; Sidewalk; 12.84582; null
22; Pedestrian; Interference; Intention; 23.10.2023 15:26:21; 805.3553; -0.09819996; 241.0561; Sidewalk; 12.86697; null
22; Pedestrian; Interference; Intention; 23.10.2023 15:26:21; 805.3539; -0.09819996; 241.0562; Sidewalk; 12.88907; null
22; Pedestrian; Interference; Intention; 23.10.2023 15:26:21; 805.3527; -0.09819996; 241.0564; Sidewalk; 12.91255; null
22; Pedestrian; Interference; Intention; 23.10.2023 15:26:21; 805.351; -0.09819996; 241.0566; Sidewalk; 12.93452; null
22; Pedestrian; Interference; Intention; 23.10.2023 15:26:21; 805.3504; -0.09819996; 241.0567; Sidewalk; 12.94445; null
22; Pedestrian; Interference; Intention; 23.10.2023 15:26:21; 805.3489; -0.09819996; 241.0568; Sidewalk; 12.9673; null
22; Pedestrian; Interference; Intention; 23.10.2023 15:26:21; 805.3474; -0.09819996; 241.0568; Sidewalk; 12.99113; null
22; Pedestrian; Interference; Intention; 23.10.2023 15:26:21; 805.3464; -0.09819996; 241.0569; Sidewalk; 13.01143; null
22; Pedestrian; Interference; Intention; 23.10.2023 15:26:21; 805.3452; -0.09819996; 241.0569; Sidewalk; 13.03385; null
22; Pedestrian; Interference; Intention; 23.10.2023 15:26:21; 805.3447; -0.09819996; 241.0569; Sidewalk; 13.0446; null
22; Pedestrian; Interference; Intention; 23.10.2023 15:26:21; 805.3442; -0.09819996; 241.0569; Sidewalk; 13.06684; null
22; Pedestrian; Interference; Intention; 23.10.2023 15:26:21; 805.3433; -0.09819996; 241.0567; Sidewalk; 13.08896; null
22; Pedestrian; Interference; Intention; 23.10.2023 15:26:21; 805.3428; -0.09819996; 241.0565; Sidewalk; 13.11242; null
22; Pedestrian; Interference; Intention; 23.10.2023 15:26:21; 805.3425; -0.09819996; 241.0564; Sidewalk; 13.12293; null
22; Pedestrian; Interference; Intention; 23.10.2023 15:26:21; 805.3426; -0.09819996; 241.0563; Sidewalk; 13.1515; null
22; Pedestrian; Interference; Intention; 23.10.2023 15:26:21; 805.3426; -0.09819996; 241.0562; Sidewalk; 13.16649; null
22; Pedestrian; Interference; Intention; 23.10.2023 15:26:21; 805.3427; -0.09819996; 241.0561; Sidewalk; 13.18976; null
22; Pedestrian; Interference; Intention; 23.10.2023 15:26:21; 805.3427; -0.09819996; 241.0559; Sidewalk; 13.21133; null
22; Pedestrian; Interference; Intention; 23.10.2023 15:26:21; 805.343; -0.09819996; 241.0558; Sidewalk; 13.23395; null
22; Pedestrian; Interference; Intention; 23.10.2023 15:26:21; 805.343; -0.09819996; 241.0558; Sidewalk; 13.2448; null
22; Pedestrian; Interference; Intention; 23.10.2023 15:26:21; 805.343; -0.09819996; 241.0557; Sidewalk; 13.26672; null
22; Pedestrian; Interference; Intention; 23.10.2023 15:26:21; 805.3435; -0.09819996; 241.0556; Sidewalk; 13.29473; null
22; Pedestrian; Interference; Intention; 23.10.2023 15:26:21; 805.3439; -0.09819996; 241.0555; Sidewalk; 13.3135; null
22; Pedestrian; Interference; Intention; 23.10.2023 15:26:21; 805.3441; -0.09819996; 241.0555; Sidewalk; 13.33367; null
22; Pedestrian; Interference; Intention; 23.10.2023 15:26:21; 805.3442; -0.09819996; 241.0555; Sidewalk; 13.345; null
22; Pedestrian; Interference; Intention; 23.10.2023 15:26:21; 805.3446; -0.09819996; 241.0555; Sidewalk; 13.36686; null
22; Pedestrian; Interference; Intention; 23.10.2023 15:26:21; 805.3447; -0.09819996; 241.0554; Sidewalk; 13.38896; null
22; Pedestrian; Interference; Intention; 23.10.2023 15:26:21; 805.3448; -0.09819996; 241.0553; Sidewalk; 13.41179; null
22; Pedestrian; Interference; Intention; 23.10.2023 15:26:21; 805.3452; -0.09819996; 241.0553; Sidewalk; 13.43362; null
22; Pedestrian; Interference; Intention; 23.10.2023 15:26:21; 805.3455; -0.09819996; 241.0553; Sidewalk; 13.44909; null
22; Pedestrian; Interference; Intention; 23.10.2023 15:26:21; 805.3452; -0.09819996; 241.0551; Sidewalk; 13.46757; null
22; Pedestrian; Interference; Intention; 23.10.2023 15:26:21; 805.3451; -0.09819996; 241.055; Sidewalk; 13.48872; null
22; Pedestrian; Interference; Intention; 23.10.2023 15:26:21; 805.3452; -0.09819996; 241.0549; Sidewalk; 13.51096; null
22; Pedestrian; Interference; Intention; 23.10.2023 15:26:21; 805.345; -0.09819996; 241.0547; Sidewalk; 13.53373; null
22; Pedestrian; Interference; Intention; 23.10.2023 15:26:21; 805.3447; -0.09819996; 241.0546; Sidewalk; 13.54575; null
22; Pedestrian; Interference; Intention; 23.10.2023 15:26:21; 805.3444; -0.09819996; 241.0544; Sidewalk; 13.56675; null
22; Pedestrian; Interference; Intention; 23.10.2023 15:26:21; 805.3437; -0.09819996; 241.0544; Sidewalk; 13.58908; null
22; Pedestrian; Interference; Intention; 23.10.2023 15:26:21; 805.3433; -0.09819996; 241.0543; Sidewalk; 13.61478; null
22; Pedestrian; Interference; Intention; 23.10.2023 15:26:21; 805.3425; -0.09819996; 241.0542; Sidewalk; 13.6343; null
22; Pedestrian; Interference; Intention; 23.10.2023 15:26:21; 805.3421; -0.09819996; 241.054; Sidewalk; 13.64424; null
22; Pedestrian; Interference; Intention; 23.10.2023 15:26:21; 805.3414; -0.09819996; 241.0539; Sidewalk; 13.66679; null
22; Pedestrian; Interference; Intention; 23.10.2023 15:26:21; 805.3404; -0.09819996; 241.0539; Sidewalk; 13.68871; null
22; Pedestrian; Interference; Intention; 23.10.2023 15:26:21; 805.3393; -0.09819996; 241.0539; Sidewalk; 13.71119; null
22; Pedestrian; Interference; Intention; 23.10.2023 15:26:21; 805.3383; -0.09819996; 241.0539; Sidewalk; 13.73379; null
22; Pedestrian; Interference; Intention; 23.10.2023 15:26:21; 805.3383; -0.09819996; 241.0539; Sidewalk; 13.73379; null
22; Pedestrian; Interference; Intention; 23.10.2023 15:26:21; 805.3371; -0.09819996; 241.0541; Sidewalk; 13.76421; null
22; Pedestrian; Interference; Intention; 23.10.2023 15:26:21; 805.3354; -0.09819996; 241.0542; Sidewalk; 13.79372; null
22; Pedestrian; Interference; Intention; 23.10.2023 15:26:21; 805.3344; -0.09819996; 241.0544; Sidewalk; 13.81091; null
22; Pedestrian; Interference; Intention; 23.10.2023 15:26:21; 805.3331; -0.09819996; 241.0546; Sidewalk; 13.83435; null
22; Pedestrian; Interference; Intention; 23.10.2023 15:26:21; 805.3326; -0.09819996; 241.0547; Sidewalk; 13.84456; null
22; Pedestrian; Interference; Intention; 23.10.2023 15:26:22; 805.3315; -0.09819996; 241.0549; Sidewalk; 13.86721; null
22; Pedestrian; Interference; Intention; 23.10.2023 15:26:22; 805.3306; -0.09819996; 241.055; Sidewalk; 13.88934; null
22; Pedestrian; Interference; Intention; 23.10.2023 15:26:22; 805.3297; -0.09819996; 241.0551; Sidewalk; 13.91574; null
22; Pedestrian; Interference; Intention; 23.10.2023 15:26:22; 805.3287; -0.09819996; 241.0554; Sidewalk; 13.93531; null
22; Pedestrian; Interference; Intention; 23.10.2023 15:26:22; 805.3282; -0.09819996; 241.0554; Sidewalk; 13.94417; null
22; Pedestrian; Interference; Intention; 23.10.2023 15:26:22; 805.3274; -0.09819996; 241.0556; Sidewalk; 13.96626; null
22; Pedestrian; Interference; Intention; 23.10.2023 15:26:22; 805.3267; -0.09819996; 241.0557; Sidewalk; 13.98846; null
22; Pedestrian; Interference; Intention; 23.10.2023 15:26:22; 805.3259; -0.09819996; 241.0558; Sidewalk; 14.01084; null
22; Pedestrian; Interference; Intention; 23.10.2023 15:26:22; 805.3254; -0.09819996; 241.056; Sidewalk; 14.0337; null
22; Pedestrian; Interference; Intention; 23.10.2023 15:26:22; 805.3248; -0.09819996; 241.056; Sidewalk; 14.04466; null
22; Pedestrian; Interference; Intention; 23.10.2023 15:26:22; 805.324; -0.09819996; 241.056; Sidewalk; 14.0708; null
22; Pedestrian; Interference; Intention; 23.10.2023 15:26:22; 805.3238; -0.09819996; 241.056; Sidewalk; 14.09008; null
22; Pedestrian; Interference; Intention; 23.10.2023 15:26:22; 805.3235; -0.09819996; 241.056; Sidewalk; 14.11229; null
22; Pedestrian; Interference; Intention; 23.10.2023 15:26:22; 805.3234; -0.09819996; 241.0559; Sidewalk; 14.13407; null
22; Pedestrian; Interference; Intention; 23.10.2023 15:26:22; 805.3232; -0.09819996; 241.0558; Sidewalk; 14.14433; null
22; Pedestrian; Interference; Intention; 23.10.2023 15:26:22; 805.3231; -0.09819996; 241.0557; Sidewalk; 14.1665; null
22; Pedestrian; Interference; Intention; 23.10.2023 15:26:22; 805.3231; -0.09819996; 241.0555; Sidewalk; 14.1888; null
22; Pedestrian; Interference; Intention; 23.10.2023 15:26:22; 805.3232; -0.09819996; 241.0555; Sidewalk; 14.20046; null
22; Pedestrian; Interference; Intention; 23.10.2023 15:26:22; 805.3234; -0.09819996; 241.0553; Sidewalk; 14.23998; null
22; Pedestrian; Interference; Intention; 23.10.2023 15:26:22; 805.3235; -0.09819996; 241.0551; Sidewalk; 14.24796; null
22; Pedestrian; Interference; Intention; 23.10.2023 15:26:22; 805.3236; -0.09819996; 241.0549; Sidewalk; 14.26652; null
22; Pedestrian; Interference; Intention; 23.10.2023 15:26:22; 805.3237; -0.09819996; 241.0548; Sidewalk; 14.28867; null
22; Pedestrian; Interference; Intention; 23.10.2023 15:26:22; 805.3239; -0.09819996; 241.0546; Sidewalk; 14.31155; null
22; Pedestrian; Interference; Intention; 23.10.2023 15:26:22; 805.3235; -0.09819996; 241.0545; Sidewalk; 14.33367; null
22; Pedestrian; Interference; Intention; 23.10.2023 15:26:22; 805.3236; -0.09819996; 241.0544; Sidewalk; 14.34439; null
22; Pedestrian; Interference; Intention; 23.10.2023 15:26:22; 805.3232; -0.09819996; 241.0543; Sidewalk; 14.3667; null
22; Pedestrian; Interference; Intention; 23.10.2023 15:26:22; 805.3229; -0.09819996; 241.0542; Sidewalk; 14.393; null
22; Pedestrian; Interference; Intention; 23.10.2023 15:26:22; 805.3224; -0.09819996; 241.0539; Sidewalk; 14.41081; null
22; Pedestrian; Interference; Intention; 23.10.2023 15:26:22; 805.3222; -0.09819996; 241.0539; Sidewalk; 14.43314; null
22; Pedestrian; Interference; Intention; 23.10.2023 15:26:22; 805.3222; -0.09819996; 241.0539; Sidewalk; 14.44401; null
22; Pedestrian; Interference; Intention; 23.10.2023 15:26:22; 805.3221; -0.09819996; 241.0538; Sidewalk; 14.46624; null
22; Pedestrian; Interference; Intention; 23.10.2023 15:26:22; 805.3218; -0.09819996; 241.0537; Sidewalk; 14.48821; null
22; Pedestrian; Interference; Intention; 23.10.2023 15:26:22; 805.3217; -0.09819996; 241.0536; Sidewalk; 14.51044; null
22; Pedestrian; Interference; Intention; 23.10.2023 15:26:22; 805.322; -0.09819996; 241.0535; Sidewalk; 14.53843; null
22; Pedestrian; Interference; Intention; 23.10.2023 15:26:22; 805.3218; -0.09819996; 241.0535; Sidewalk; 14.54697; null
22; Pedestrian; Interference; Intention; 23.10.2023 15:26:22; 805.3218; -0.09819996; 241.0535; Sidewalk; 14.56633; null
22; Pedestrian; Interference; Intention; 23.10.2023 15:26:22; 805.3218; -0.09819996; 241.0535; Sidewalk; 14.58979; null
22; Pedestrian; Interference; Intention; 23.10.2023 15:26:22; 805.3218; -0.09819996; 241.0535; Sidewalk; 14.61117; null
22; Pedestrian; Interference; Intention; 23.10.2023 15:26:22; 805.322; -0.09819996; 241.0537; Sidewalk; 14.63368; null
22; Pedestrian; Interference; Intention; 23.10.2023 15:26:22; 805.3219; -0.09819996; 241.0537; Sidewalk; 14.64394; null
22; Pedestrian; Interference; Intention; 23.10.2023 15:26:22; 805.3219; -0.09819996; 241.0538; Sidewalk; 14.66637; null
22; Pedestrian; Interference; Intention; 23.10.2023 15:26:22; 805.3218; -0.09819996; 241.0539; Sidewalk; 14.6932; null
22; Pedestrian; Interference; Intention; 23.10.2023 15:26:22; 805.3215; -0.09819996; 241.054; Sidewalk; 14.71211; null
22; Pedestrian; Interference; Intention; 23.10.2023 15:26:22; 805.3213; -0.09819996; 241.0541; Sidewalk; 14.73295; null
22; Pedestrian; Interference; Intention; 23.10.2023 15:26:22; 805.3213; -0.09819996; 241.0542; Sidewalk; 14.74425; null
22; Pedestrian; Interference; Intention; 23.10.2023 15:26:22; 805.3213; -0.09819996; 241.0542; Sidewalk; 14.76703; null
22; Pedestrian; Interference; Intention; 23.10.2023 15:26:22; 805.3214; -0.09819996; 241.0542; Sidewalk; 14.78824; null
22; Pedestrian; Interference; Intention; 23.10.2023 15:26:22; 805.3217; -0.09819996; 241.0543; Sidewalk; 14.81069; null
22; Pedestrian; Interference; Intention; 23.10.2023 15:26:22; 805.3218; -0.09819996; 241.0543; Sidewalk; 14.82194; null
22; Pedestrian; Interference; Intention; 23.10.2023 15:26:22; 805.322; -0.09819996; 241.0544; Sidewalk; 14.83383; null
22; Pedestrian; Interference; Intention; 23.10.2023 15:26:23; 805.3225; -0.09819996; 241.0544; Sidewalk; 14.87287; null
22; Pedestrian; Interference; Intention; 23.10.2023 15:26:23; 805.3226; -0.09819996; 241.0544; Sidewalk; 14.8899; null
22; Pedestrian; Interference; Intention; 23.10.2023 15:26:23; 805.3229; -0.09819996; 241.0544; Sidewalk; 14.91041; null
22; Pedestrian; Interference; Intention; 23.10.2023 15:26:23; 805.3233; -0.09819996; 241.0544; Sidewalk; 14.93348; null
22; Pedestrian; Interference; Intention; 23.10.2023 15:26:23; 805.3233; -0.09819996; 241.0544; Sidewalk; 14.94385; null
22; Pedestrian; Interference; Intention; 23.10.2023 15:26:23; 805.3237; -0.09819996; 241.0543; Sidewalk; 14.96621; null
22; Pedestrian; Interference; Intention; 23.10.2023 15:26:23; 805.324; -0.09819996; 241.0543; Sidewalk; 14.98889; null
22; Pedestrian; Interference; Intention; 23.10.2023 15:26:23; 805.3242; -0.09819996; 241.0541; Sidewalk; 15.015; null
22; Pedestrian; Interference; Intention; 23.10.2023 15:26:23; 805.3243; -0.09819996; 241.0541; Sidewalk; 15.03358; null
22; Pedestrian; Interference; Intention; 23.10.2023 15:26:23; 805.3245; -0.09819996; 241.054; Sidewalk; 15.04435; null
22; Pedestrian; Interference; Intention; 23.10.2023 15:26:23; 805.3242; -0.09819996; 241.054; Sidewalk; 15.06678; null
22; Pedestrian; Interference; Intention; 23.10.2023 15:26:23; 805.3242; -0.09819996; 241.054; Sidewalk; 15.08807; null
22; Pedestrian; Interference; Intention; 23.10.2023 15:26:23; 805.3243; -0.09819996; 241.0539; Sidewalk; 15.11065; null
22; Pedestrian; Interference; Intention; 23.10.2023 15:26:23; 805.3239; -0.09819996; 241.0538; Sidewalk; 15.13306; null
22; Pedestrian; Interference; Intention; 23.10.2023 15:26:23; 805.3239; -0.09819996; 241.0537; Sidewalk; 15.14393; null
22; Pedestrian; Interference; Intention; 23.10.2023 15:26:23; 805.3238; -0.09819996; 241.0536; Sidewalk; 15.16805; null
22; Pedestrian; Interference; Intention; 23.10.2023 15:26:23; 805.3237; -0.09819996; 241.0535; Sidewalk; 15.18859; null
22; Pedestrian; Interference; Intention; 23.10.2023 15:26:23; 805.3232; -0.09819996; 241.0534; Sidewalk; 15.21027; null
22; Pedestrian; Interference; Intention; 23.10.2023 15:26:23; 805.3228; -0.09819996; 241.0533; Sidewalk; 15.2333; null
22; Pedestrian; Interference; Intention; 23.10.2023 15:26:23; 805.3227; -0.09819996; 241.0531; Sidewalk; 15.24358; null
22; Pedestrian; Interference; Intention; 23.10.2023 15:26:23; 805.3224; -0.09819996; 241.0529; Sidewalk; 15.26651; null
22; Pedestrian; Interference; Intention; 23.10.2023 15:26:23; 805.3221; -0.09819996; 241.0527; Sidewalk; 15.28789; null
22; Pedestrian; Interference; Intention; 23.10.2023 15:26:23; 805.3216; -0.09819996; 241.0526; Sidewalk; 15.31625; null
22; Pedestrian; Interference; Intention; 23.10.2023 15:26:23; 805.3215; -0.09819996; 241.0526; Sidewalk; 15.33513; null
22; Pedestrian; Interference; Intention; 23.10.2023 15:26:23; 805.3209; -0.09819996; 241.0527; Sidewalk; 15.34461; null
22; Pedestrian; Interference; Intention; 23.10.2023 15:26:23; 805.3207; -0.09819996; 241.0527; Sidewalk; 15.36694; null
22; Pedestrian; Interference; Intention; 23.10.2023 15:26:23; 805.3198; -0.09819996; 241.0526; Sidewalk; 15.3881; null
22; Pedestrian; Interference; Intention; 23.10.2023 15:26:23; 805.3191; -0.09819996; 241.0526; Sidewalk; 15.41031; null
22; Pedestrian; Interference; Intention; 23.10.2023 15:26:23; 805.3187; -0.09819996; 241.0527; Sidewalk; 15.43376; null
22; Pedestrian; Interference; Intention; 23.10.2023 15:26:23; 805.3185; -0.09819996; 241.0527; Sidewalk; 15.44408; null
22; Pedestrian; Interference; Intention; 23.10.2023 15:26:23; 805.3181; -0.09819996; 241.0527; Sidewalk; 15.47039; null
22; Pedestrian; Interference; Intention; 23.10.2023 15:26:23; 805.3177; -0.09819996; 241.0528; Sidewalk; 15.48792; null
22; Pedestrian; Interference; Intention; 23.10.2023 15:26:23; 805.317; -0.09819996; 241.0527; Sidewalk; 15.50992; null
22; Pedestrian; Interference; Intention; 23.10.2023 15:26:23; 805.3164; -0.09819996; 241.0527; Sidewalk; 15.53266; null
22; Pedestrian; Interference; Intention; 23.10.2023 15:26:23; 805.3161; -0.09819996; 241.0527; Sidewalk; 15.54345; null
22; Pedestrian; Interference; Intention; 23.10.2023 15:26:23; 805.3154; -0.09819996; 241.0527; Sidewalk; 15.56698; null
22; Pedestrian; Interference; Intention; 23.10.2023 15:26:23; 805.3148; -0.09819996; 241.0527; Sidewalk; 15.58815; null
22; Pedestrian; Interference; Intention; 23.10.2023 15:26:23; 805.3143; -0.09819996; 241.0527; Sidewalk; 15.61058; null
22; Pedestrian; Interference; Intention; 23.10.2023 15:26:23; 805.3139; -0.09819996; 241.0527; Sidewalk; 15.6369; null
22; Pedestrian; Interference; Intention; 23.10.2023 15:26:23; 805.3135; -0.09819996; 241.0527; Sidewalk; 15.64488; null
22; Pedestrian; Interference; Intention; 23.10.2023 15:26:23; 805.313; -0.09819996; 241.0527; Sidewalk; 15.66629; null
22; Pedestrian; Interference; Intention; 23.10.2023 15:26:23; 805.3126; -0.09819996; 241.0527; Sidewalk; 15.68794; null
22; Pedestrian; Interference; Intention; 23.10.2023 15:26:23; 805.3118; -0.09819996; 241.0526; Sidewalk; 15.71034; null
22; Pedestrian; Interference; Intention; 23.10.2023 15:26:23; 805.3109; -0.09819996; 241.0526; Sidewalk; 15.73323; null
22; Pedestrian; Interference; Intention; 23.10.2023 15:26:23; 805.3105; -0.09819996; 241.0525; Sidewalk; 15.7434; null
22; Pedestrian; Interference; Intention; 23.10.2023 15:26:23; 805.3101; -0.09819996; 241.0526; Sidewalk; 15.7546; null
22; Pedestrian; Interference; Intention; 23.10.2023 15:26:23; 805.3092; -0.09819996; 241.0527; Sidewalk; 15.79507; Checking Box AICar
22; Pedestrian; Interference; Intention; 23.10.2023 15:26:23; 805.3083; -0.09819996; 241.0527; Sidewalk; 15.81231; Checking Box AICar
22; Pedestrian; Interference; Intention; 23.10.2023 15:26:23; 805.3077; -0.09819996; 241.0529; Sidewalk; 15.83379; Checking Box AICar
22; Pedestrian; Interference; Intention; 23.10.2023 15:26:23; 805.3073; -0.09819996; 241.0528; Sidewalk; 15.84375; Checking Box AICar
22; Pedestrian; Interference; Intention; 23.10.2023 15:26:24; 805.3063; -0.09819996; 241.0529; Sidewalk; 15.86674; Checking Box AICar
22; Pedestrian; Interference; Intention; 23.10.2023 15:26:24; 805.3059; -0.09819996; 241.0528; Sidewalk; 15.88771; Checking Box AICar
22; Pedestrian; Interference; Intention; 23.10.2023 15:26:24; 805.3055; -0.09819996; 241.0528; Sidewalk; 15.90991; Checking Box AICar
22; Pedestrian; Interference; Intention; 23.10.2023 15:26:24; 805.3052; -0.09819996; 241.0531; Sidewalk; 15.93658; Checking Box AICar
22; Pedestrian; Interference; Intention; 23.10.2023 15:26:24; 805.3051; -0.09819996; 241.0531; Sidewalk; 15.94495; Checking Box AICar
22; Pedestrian; Interference; Intention; 23.10.2023 15:26:24; 805.3047; -0.09819996; 241.053; Sidewalk; 15.96581; Checking Box AICar
22; Pedestrian; Interference; Intention; 23.10.2023 15:26:24; 805.3043; -0.09819996; 241.0532; Sidewalk; 15.98792; Checking Box AICar
22; Pedestrian; Interference; Intention; 23.10.2023 15:26:24; 805.3039; -0.09819996; 241.0533; Sidewalk; 16.00999; Checking Box AICar
22; Pedestrian; Interference; Intention; 23.10.2023 15:26:24; 805.3035; -0.09819996; 241.0533; Sidewalk; 16.03381; Checking Box AICar
22; Pedestrian; Interference; Intention; 23.10.2023 15:26:24; 805.3033; -0.09819996; 241.0534; Sidewalk; 16.04317; Checking Box AICar
22; Pedestrian; Interference; Intention; 23.10.2023 15:26:24; 805.3032; -0.09819996; 241.0536; Sidewalk; 16.06709; Checking Box AICar
22; Pedestrian; Interference; Intention; 23.10.2023 15:26:24; 805.3032; -0.09819996; 241.0537; Sidewalk; 16.09183; Checking Box AICar
22; Pedestrian; Interference; Intention; 23.10.2023 15:26:24; 805.303; -0.09819996; 241.0539; Sidewalk; 16.11265; Checking Box AICar
22; Pedestrian; Interference; Intention; 23.10.2023 15:26:24; 805.3032; -0.09819996; 241.054; Sidewalk; 16.13408; Checking Box AICar
22; Pedestrian; Interference; Intention; 23.10.2023 15:26:24; 805.3032; -0.09819996; 241.054; Sidewalk; 16.14461; Checking Box AICar
22; Pedestrian; Interference; Intention; 23.10.2023 15:26:24; 805.3036; -0.09819996; 241.0542; Sidewalk; 16.16553; Checking Box AICar
22; Pedestrian; Interference; Intention; 23.10.2023 15:26:24; 805.3038; -0.09819996; 241.0543; Sidewalk; 16.18787; Checking Box AICar
22; Pedestrian; Interference; Intention; 23.10.2023 15:26:24; 805.3041; -0.09819996; 241.0543; Sidewalk; 16.21; Checking Box AICar
22; Pedestrian; Interference; Intention; 23.10.2023 15:26:24; 805.3046; -0.09819996; 241.0542; Sidewalk; 16.22132; Checking Box AICar
22; Pedestrian; Interference; Intention; 23.10.2023 15:26:24; 805.3047; -0.09819996; 241.0543; Sidewalk; 16.23346; Checking Box AICar
22; Pedestrian; Interference; Intention; 23.10.2023 15:26:24; 805.3055; -0.09819996; 241.0544; Sidewalk; 16.27325; Checking Box AICar
22; Pedestrian; Interference; Intention; 23.10.2023 15:26:24; 805.3061; -0.09819996; 241.0545; Sidewalk; 16.29071; Checking Box AICar
22; Pedestrian; Interference; Intention; 23.10.2023 15:26:24; 805.3061; -0.09819996; 241.0545; Sidewalk; 16.31006; Checking Box AICar
22; Pedestrian; Interference; Intention; 23.10.2023 15:26:24; 805.306; -0.09819996; 241.0545; Sidewalk; 16.33265; Checking Box AICar
22; Pedestrian; Interference; Intention; 23.10.2023 15:26:24; 805.3057; -0.09819996; 241.0546; Sidewalk; 16.34326; Checking Box AICar
22; Pedestrian; Interference; Intention; 23.10.2023 15:26:24; 805.3054; -0.09819996; 241.0547; Sidewalk; 16.36525; Checking Box AICar
22; Pedestrian; Interference; Intention; 23.10.2023 15:26:24; 805.3053; -0.09819996; 241.0547; Sidewalk; 16.3884; Checking Box AICar
22; Pedestrian; Interference; Intention; 23.10.2023 15:26:24; 805.3051; -0.09819996; 241.0548; Sidewalk; 16.4153; Checking Box AICar
22; Pedestrian; Interference; Intention; 23.10.2023 15:26:24; 805.3046; -0.09819996; 241.0549; Sidewalk; 16.4361; Checking Box AICar
22; Pedestrian; Interference; Intention; 23.10.2023 15:26:24; 805.3045; -0.09819996; 241.0549; Sidewalk; 16.44434; Checking Box AICar
22; Pedestrian; Interference; Intention; 23.10.2023 15:26:24; 805.3046; -0.09819996; 241.055; Sidewalk; 16.46641; Checking Box AICar
22; Pedestrian; Interference; Intention; 23.10.2023 15:26:24; 805.3051; -0.09819996; 241.055; Sidewalk; 16.48779; Checking Box AICar
22; Pedestrian; Interference; Intention; 23.10.2023 15:26:24; 805.3051; -0.09819996; 241.055; Sidewalk; 16.50945; Checking Box AICar
22; Pedestrian; Interference; Intention; 23.10.2023 15:26:24; 805.3051; -0.09819996; 241.055; Sidewalk; 16.50945; Checking Box AICar
22; Pedestrian; Interference; Intention; 23.10.2023 15:26:24; 805.3054; -0.09819996; 241.0549; Sidewalk; 16.52097; Checking Box AICar
22; Pedestrian; Interference; Intention; 23.10.2023 15:26:24; 805.3054; -0.09819996; 241.0549; Sidewalk; 16.55699; null
22; Pedestrian; Interference; Intention; 23.10.2023 15:26:24; 805.3054; -0.09819996; 241.0548; Sidewalk; 16.59036; null
22; Pedestrian; Interference; Intention; 23.10.2023 15:26:24; 805.3054; -0.09819996; 241.0547; Sidewalk; 16.60999; null
22; Pedestrian; Interference; Intention; 23.10.2023 15:26:24; 805.3052; -0.09819996; 241.0546; Sidewalk; 16.63429; null
22; Pedestrian; Interference; Intention; 23.10.2023 15:26:24; 805.3051; -0.09819996; 241.0546; Sidewalk; 16.64404; null
22; Pedestrian; Interference; Intention; 23.10.2023 15:26:24; 805.3051; -0.09819996; 241.0545; Sidewalk; 16.66604; null
22; Pedestrian; Interference; Intention; 23.10.2023 15:26:24; 805.305; -0.09819996; 241.0545; Sidewalk; 16.68787; null
22; Pedestrian; Interference; Intention; 23.10.2023 15:26:24; 805.3049; -0.09819996; 241.0546; Sidewalk; 16.69993; null
22; Pedestrian; Interference; Intention; 23.10.2023 15:26:24; 805.3043; -0.09819996; 241.0544; Sidewalk; 16.73169; null
22; Pedestrian; Interference; Intention; 23.10.2023 15:26:24; 805.3042; -0.09819996; 241.0544; Sidewalk; 16.74389; null
22; Pedestrian; Interference; Intention; 23.10.2023 15:26:24; 805.3042; -0.09819996; 241.0543; Sidewalk; 16.76642; null
22; Pedestrian; Interference; Intention; 23.10.2023 15:26:24; 805.3041; -0.09819996; 241.0542; Sidewalk; 16.78777; null
22; Pedestrian; Interference; Intention; 23.10.2023 15:26:24; 805.3043; -0.09819996; 241.0542; Sidewalk; 16.80971; null
22; Pedestrian; Interference; Intention; 23.10.2023 15:26:24; 805.304; -0.09819996; 241.0543; Sidewalk; 16.83283; null
22; Pedestrian; Interference; Intention; 23.10.2023 15:26:24; 805.304; -0.09819996; 241.0543; Sidewalk; 16.84384; null
22; Pedestrian; Interference; Intention; 23.10.2023 15:26:25; 805.3034; -0.09819996; 241.0544; Sidewalk; 16.86671; null
22; Pedestrian; Interference; Intention; 23.10.2023 15:26:25; 805.3032; -0.09819996; 241.0544; Sidewalk; 16.88813; null
22; Pedestrian; Interference; Intention; 23.10.2023 15:26:25; 805.3027; -0.09819996; 241.0544; Sidewalk; 16.91028; null
22; Pedestrian; Interference; Intention; 23.10.2023 15:26:25; 805.3021; -0.09819996; 241.0544; Sidewalk; 16.93347; null
22; Pedestrian; Interference; Intention; 23.10.2023 15:26:25; 805.302; -0.09819996; 241.0544; Sidewalk; 16.94361; null
22; Pedestrian; Interference; Intention; 23.10.2023 15:26:25; 805.3014; -0.09819996; 241.0544; Sidewalk; 16.9658; null
22; Pedestrian; Interference; Intention; 23.10.2023 15:26:25; 805.3014; -0.09819996; 241.0544; Sidewalk; 16.98735; null
22; Pedestrian; Interference; Intention; 23.10.2023 15:26:25; 805.3008; -0.09819996; 241.0546; Sidewalk; 17.00942; null
22; Pedestrian; Interference; Intention; 23.10.2023 15:26:25; 805.3005; -0.09819996; 241.0547; Sidewalk; 17.03232; null
22; Pedestrian; Interference; Intention; 23.10.2023 15:26:25; 805.3005; -0.09819996; 241.0546; Sidewalk; 17.04293; null
22; Pedestrian; Interference; Intention; 23.10.2023 15:26:25; 805.2999; -0.09819996; 241.0547; Sidewalk; 17.06599; null
22; Pedestrian; Interference; Intention; 23.10.2023 15:26:25; 805.2995; -0.09819996; 241.0547; Sidewalk; 17.08774; null
22; Pedestrian; Interference; Intention; 23.10.2023 15:26:25; 805.2991; -0.09819996; 241.0548; Sidewalk; 17.11046; null
22; Pedestrian; Interference; Intention; 23.10.2023 15:26:25; 805.299; -0.09819996; 241.0549; Sidewalk; 17.13254; null
22; Pedestrian; Interference; Intention; 23.10.2023 15:26:25; 805.2986; -0.09819996; 241.055; Sidewalk; 17.14358; null
22; Pedestrian; Interference; Intention; 23.10.2023 15:26:25; 805.2979; -0.09819996; 241.055; Sidewalk; 17.16529; null
22; Pedestrian; Interference; Intention; 23.10.2023 15:26:25; 805.2973; -0.09819996; 241.0551; Sidewalk; 17.18814; null
22; Pedestrian; Interference; Intention; 23.10.2023 15:26:25; 805.2972; -0.09819996; 241.0553; Sidewalk; 17.21011; null
22; Pedestrian; Interference; Intention; 23.10.2023 15:26:25; 805.2964; -0.09819996; 241.0553; Sidewalk; 17.23192; null
22; Pedestrian; Interference; Intention; 23.10.2023 15:26:25; 805.2961; -0.09819996; 241.0554; Sidewalk; 17.24302; null
22; Pedestrian; Interference; Intention; 23.10.2023 15:26:25; 805.2961; -0.09819996; 241.0555; Sidewalk; 17.26544; null
22; Pedestrian; Interference; Intention; 23.10.2023 15:26:25; 805.2956; -0.09819996; 241.0556; Sidewalk; 17.28855; null
22; Pedestrian; Interference; Intention; 23.10.2023 15:26:25; 805.2955; -0.09819996; 241.0557; Sidewalk; 17.31114; null
22; Pedestrian; Interference; Intention; 23.10.2023 15:26:25; 805.295; -0.09819996; 241.0559; Sidewalk; 17.33505; null
22; Pedestrian; Interference; Intention; 23.10.2023 15:26:25; 805.2949; -0.09819996; 241.0559; Sidewalk; 17.34626; null
22; Pedestrian; Interference; Intention; 23.10.2023 15:26:25; 805.2947; -0.09819996; 241.0561; Sidewalk; 17.36762; null
22; Pedestrian; Interference; Intention; 23.10.2023 15:26:25; 805.2944; -0.09819996; 241.0562; Sidewalk; 17.38948; null
22; Pedestrian; Interference; Intention; 23.10.2023 15:26:25; 805.2943; -0.09819996; 241.0563; Sidewalk; 17.41296; null
22; Pedestrian; Interference; Intention; 23.10.2023 15:26:25; 805.2939; -0.09819996; 241.0563; Sidewalk; 17.43414; null
22; Pedestrian; Interference; Intention; 23.10.2023 15:26:25; 805.2938; -0.09819996; 241.0564; Sidewalk; 17.4445; null
22; Pedestrian; Interference; Intention; 23.10.2023 15:26:25; 805.2935; -0.09819996; 241.0565; Sidewalk; 17.46785; null
22; Pedestrian; Interference; Intention; 23.10.2023 15:26:25; 805.2933; -0.09819996; 241.0566; Sidewalk; 17.48888; null
22; Pedestrian; Interference; Intention; 23.10.2023 15:26:25; 805.2933; -0.09819996; 241.0568; Sidewalk; 17.51135; null
22; Pedestrian; Interference; Intention; 23.10.2023 15:26:25; 805.2934; -0.09819996; 241.0569; Sidewalk; 17.53397; null
22; Pedestrian; Interference; Intention; 23.10.2023 15:26:25; 805.2933; -0.09819996; 241.0569; Sidewalk; 17.54452; null
22; Pedestrian; Interference; Intention; 23.10.2023 15:26:25; 805.2937; -0.09819996; 241.0571; Sidewalk; 17.5671; null
22; Pedestrian; Interference; Intention; 23.10.2023 15:26:25; 805.2939; -0.09819996; 241.0572; Sidewalk; 17.58879; null
22; Pedestrian; Interference; Intention; 23.10.2023 15:26:25; 805.2942; -0.09819996; 241.0573; Sidewalk; 17.61109; null
22; Pedestrian; Interference; Intention; 23.10.2023 15:26:25; 805.2944; -0.09819996; 241.0575; Sidewalk; 17.63482; null
22; Pedestrian; Interference; Intention; 23.10.2023 15:26:25; 805.2944; -0.09819996; 241.0576; Sidewalk; 17.64472; null
22; Pedestrian; Interference; Intention; 23.10.2023 15:26:25; 805.2947; -0.09819996; 241.0577; Sidewalk; 17.6669; null
22; Pedestrian; Interference; Intention; 23.10.2023 15:26:25; 805.295; -0.09819996; 241.0578; Sidewalk; 17.68924; null
22; Pedestrian; Interference; Intention; 23.10.2023 15:26:25; 805.2952; -0.09819996; 241.0579; Sidewalk; 17.71103; null
22; Pedestrian; Interference; Intention; 23.10.2023 15:26:25; 805.2949; -0.09819996; 241.0579; Sidewalk; 17.73378; null
22; Pedestrian; Interference; Intention; 23.10.2023 15:26:25; 805.295; -0.09819996; 241.058; Sidewalk; 17.74431; null
22; Pedestrian; Interference; Intention; 23.10.2023 15:26:25; 805.2952; -0.09819996; 241.0582; Sidewalk; 17.76694; null
22; Pedestrian; Interference; Intention; 23.10.2023 15:26:25; 805.2947; -0.09819996; 241.0583; Sidewalk; 17.78886; null
22; Pedestrian; Interference; Intention; 23.10.2023 15:26:25; 805.2946; -0.09819996; 241.0583; Sidewalk; 17.81237; null
22; Pedestrian; Interference; Intention; 23.10.2023 15:26:25; 805.2945; -0.09819996; 241.0584; Sidewalk; 17.83412; null
22; Pedestrian; Interference; Intention; 23.10.2023 15:26:25; 805.2945; -0.09819996; 241.0585; Sidewalk; 17.84578; null
22; Pedestrian; Interference; Intention; 23.10.2023 15:26:26; 805.2943; -0.09819996; 241.0586; Sidewalk; 17.86682; null
22; Pedestrian; Interference; Intention; 23.10.2023 15:26:26; 805.2941; -0.09819996; 241.0587; Sidewalk; 17.8889; null
22; Pedestrian; Interference; Intention; 23.10.2023 15:26:26; 805.2937; -0.09819996; 241.0589; Sidewalk; 17.91087; null
22; Pedestrian; Interference; Intention; 23.10.2023 15:26:26; 805.2937; -0.09819996; 241.0589; Sidewalk; 17.93497; null
22; Pedestrian; Interference; Intention; 23.10.2023 15:26:26; 805.2937; -0.09819996; 241.0589; Sidewalk; 17.94421; null
22; Pedestrian; Interference; Intention; 23.10.2023 15:26:26; 805.2934; -0.09819996; 241.0591; Sidewalk; 17.96674; null
22; Pedestrian; Interference; Intention; 23.10.2023 15:26:26; 805.2935; -0.09819996; 241.0593; Sidewalk; 17.98872; null
22; Pedestrian; Interference; Intention; 23.10.2023 15:26:26; 805.2935; -0.09819996; 241.0594; Sidewalk; 18.01136; null
22; Pedestrian; Interference; Intention; 23.10.2023 15:26:26; 805.2938; -0.09819996; 241.0596; Sidewalk; 18.03421; null
22; Pedestrian; Interference; Intention; 23.10.2023 15:26:26; 805.2939; -0.09819996; 241.0597; Sidewalk; 18.04439; null
22; Pedestrian; Interference; Intention; 23.10.2023 15:26:26; 805.2943; -0.09819996; 241.0598; Sidewalk; 18.06767; null
22; Pedestrian; Interference; Intention; 23.10.2023 15:26:26; 805.2946; -0.09819996; 241.0601; Sidewalk; 18.08896; null
22; Pedestrian; Interference; Intention; 23.10.2023 15:26:26; 805.2947; -0.09819996; 241.0602; Sidewalk; 18.11172; null
22; Pedestrian; Interference; Intention; 23.10.2023 15:26:26; 805.2947; -0.09819996; 241.0605; Sidewalk; 18.13467; null
22; Pedestrian; Interference; Intention; 23.10.2023 15:26:26; 805.2948; -0.09819996; 241.0605; Sidewalk; 18.14442; null
22; Pedestrian; Interference; Intention; 23.10.2023 15:26:26; 805.2952; -0.09819996; 241.0607; Sidewalk; 18.16836; null
22; Pedestrian; Interference; Intention; 23.10.2023 15:26:26; 805.2955; -0.09819996; 241.0608; Sidewalk; 18.18977; Checking Box AICar
22; Pedestrian; Interference; Intention; 23.10.2023 15:26:26; 805.296; -0.09819996; 241.0608; Sidewalk; 18.21184; Checking Box AICar
22; Pedestrian; Interference; Intention; 23.10.2023 15:26:26; 805.2962; -0.09819996; 241.0609; Sidewalk; 18.23444; Checking Box AICar
22; Pedestrian; Interference; Intention; 23.10.2023 15:26:26; 805.2962; -0.09819996; 241.061; Sidewalk; 18.24438; Checking Box AICar
22; Pedestrian; Interference; Intention; 23.10.2023 15:26:26; 805.2968; -0.09819996; 241.061; Sidewalk; 18.2669; Checking Box AICar
22; Pedestrian; Interference; Intention; 23.10.2023 15:26:26; 805.2972; -0.09819996; 241.0612; Sidewalk; 18.29247; Checking Box AICar
22; Pedestrian; Interference; Intention; 23.10.2023 15:26:26; 805.2975; -0.09819996; 241.0613; Sidewalk; 18.30858; Checking Box AICar
22; Pedestrian; Interference; Intention; 23.10.2023 15:26:26; 805.2977; -0.09819996; 241.0614; Sidewalk; 18.33124; Checking Box AICar
22; Pedestrian; Interference; Intention; 23.10.2023 15:26:26; 805.2979; -0.09819996; 241.0614; Sidewalk; 18.34267; Checking Box AICar
22; Pedestrian; Interference; Intention; 23.10.2023 15:26:26; 805.2987; -0.09819996; 241.0616; Sidewalk; 18.36612; Checking Box AICar
22; Pedestrian; Interference; Intention; 23.10.2023 15:26:26; 805.2996; -0.09819996; 241.0618; Sidewalk; 18.38745; Checking Box AICar
22; Pedestrian; Interference; Intention; 23.10.2023 15:26:26; 805.3002; -0.09819996; 241.0619; Sidewalk; 18.40981; Checking Box AICar
22; Pedestrian; Interference; Intention; 23.10.2023 15:26:26; 805.3007; -0.09819996; 241.0619; Sidewalk; 18.43109; Checking Box AICar
22; Pedestrian; Interference; Intention; 23.10.2023 15:26:26; 805.301; -0.09819996; 241.0619; Sidewalk; 18.44313; Checking Box AICar
22; Pedestrian; Interference; Intention; 23.10.2023 15:26:26; 805.3016; -0.09819996; 241.062; Sidewalk; 18.46439; Checking Box AICar
22; Pedestrian; Interference; Intention; 23.10.2023 15:26:26; 805.3024; -0.09819996; 241.062; Sidewalk; 18.48691; null
22; Pedestrian; Interference; Intention; 23.10.2023 15:26:26; 805.3031; -0.09819996; 241.062; Sidewalk; 18.5092; null
22; Pedestrian; Interference; Intention; 23.10.2023 15:26:26; 805.3035; -0.09819996; 241.062; Sidewalk; 18.53111; Checking Box AICar
22; Pedestrian; Interference; Intention; 23.10.2023 15:26:26; 805.3038; -0.09819996; 241.062; Sidewalk; 18.54235; Checking Box AICar
22; Pedestrian; Interference; Intention; 23.10.2023 15:26:26; 805.3043; -0.09819996; 241.0619; Sidewalk; 18.56461; Checking Box AICar
22; Pedestrian; Interference; Intention; 23.10.2023 15:26:26; 805.3047; -0.09819996; 241.0618; Sidewalk; 18.58689; Checking Box AICar
22; Pedestrian; Interference; Intention; 23.10.2023 15:26:26; 805.3047; -0.09819996; 241.0617; Sidewalk; 18.60863; Checking Box AICar
22; Pedestrian; Interference; Intention; 23.10.2023 15:26:26; 805.3052; -0.09819996; 241.0616; Sidewalk; 18.63158; Checking Box AICar
22; Pedestrian; Interference; Intention; 23.10.2023 15:26:26; 805.3055; -0.09819996; 241.0616; Sidewalk; 18.64255; Checking Box AICar
22; Pedestrian; Interference; Intention; 23.10.2023 15:26:26; 805.3057; -0.09819996; 241.0614; Sidewalk; 18.66426; Checking Box AICar
22; Pedestrian; Interference; Intention; 23.10.2023 15:26:26; 805.3064; -0.09819996; 241.0613; Sidewalk; 18.6869; Checking Box AICar
22; Pedestrian; Interference; Intention; 23.10.2023 15:26:26; 805.3065; -0.09819996; 241.061; Sidewalk; 18.71034; Checking Box AICar
22; Pedestrian; Interference; Intention; 23.10.2023 15:26:26; 805.3066; -0.09819996; 241.0609; Sidewalk; 18.72102; Checking Box AICar
22; Pedestrian; Interference; Intention; 23.10.2023 15:26:26; 805.3066; -0.09819996; 241.0609; Sidewalk; 18.72102; Checking Box AICar
22; Pedestrian; Interference; Intention; 23.10.2023 15:26:26; 805.3072; -0.09819996; 241.0607; Sidewalk; 18.73243; null
22; Pedestrian; Interference; Intention; 23.10.2023 15:26:26; 805.3074; -0.09819996; 241.0606; Sidewalk; 18.78757; Checking Box AICar
22; Pedestrian; Interference; Intention; 23.10.2023 15:26:26; 805.3077; -0.09819996; 241.0606; Sidewalk; 18.81043; Checking Box AICar
22; Pedestrian; Interference; Intention; 23.10.2023 15:26:26; 805.3076; -0.09819996; 241.0605; Sidewalk; 18.83352; Checking Box AICar
22; Pedestrian; Interference; Intention; 23.10.2023 15:26:26; 805.3077; -0.09819996; 241.0605; Sidewalk; 18.84422; Checking Box AICar
22; Pedestrian; Interference; Intention; 23.10.2023 15:26:27; 805.3078; -0.09819996; 241.0603; Sidewalk; 18.86578; Checking Box AICar
22; Pedestrian; Interference; Intention; 23.10.2023 15:26:27; 805.3081; -0.09819996; 241.0601; Sidewalk; 18.88887; Checking Box AICar
22; Pedestrian; Interference; Intention; 23.10.2023 15:26:27; 805.3083; -0.09819996; 241.06; Sidewalk; 18.91415; Checking Box AICar
22; Pedestrian; Interference; Intention; 23.10.2023 15:26:27; 805.3083; -0.09819996; 241.0597; Sidewalk; 18.93364; Checking Box AICar
22; Pedestrian; Interference; Intention; 23.10.2023 15:26:27; 805.3085; -0.09819996; 241.0597; Sidewalk; 18.94304; Checking Box AICar
22; Pedestrian; Interference; Intention; 23.10.2023 15:26:27; 805.3087; -0.09819996; 241.0595; Sidewalk; 18.96638; Checking Box AICar
22; Pedestrian; Interference; Intention; 23.10.2023 15:26:27; 805.3087; -0.09819996; 241.0593; Sidewalk; 18.9881; Checking Box AICar
22; Pedestrian; Interference; Intention; 23.10.2023 15:26:27; 805.3087; -0.09819996; 241.0591; Sidewalk; 19.00915; Checking Box AICar
22; Pedestrian; Interference; Intention; 23.10.2023 15:26:27; 805.3086; -0.09819996; 241.059; Sidewalk; 19.03145; Checking Box AICar
22; Pedestrian; Interference; Intention; 23.10.2023 15:26:27; 805.3086; -0.09819996; 241.059; Sidewalk; 19.0428; Checking Box AICar
22; Pedestrian; Interference; Intention; 23.10.2023 15:26:27; 805.308; -0.09819996; 241.0588; Sidewalk; 19.06983; Checking Box AICar
22; Pedestrian; Interference; Intention; 23.10.2023 15:26:27; 805.3076; -0.09819996; 241.0588; Sidewalk; 19.08862; Checking Box AICar
22; Pedestrian; Interference; Intention; 23.10.2023 15:26:27; 805.3068; -0.09819996; 241.0589; Sidewalk; 19.10951; Checking Box AICar
22; Pedestrian; Interference; Intention; 23.10.2023 15:26:27; 805.3053; -0.09819996; 241.0592; Sidewalk; 19.13223; Checking Box AICar
22; Pedestrian; Interference; Intention; 23.10.2023 15:26:27; 805.3043; -0.09819996; 241.0594; Sidewalk; 19.14338; Checking Box AICar
22; Pedestrian; Interference; Intention; 23.10.2023 15:26:27; 805.3022; -0.09819996; 241.0598; Sidewalk; 19.16493; Checking Box AICar
22; Pedestrian; Interference; Intention; 23.10.2023 15:26:27; 805.3; -0.09819996; 241.0603; Sidewalk; 19.18734; Checking Box AICar
22; Pedestrian; Interference; Intention; 23.10.2023 15:26:27; 805.2973; -0.09819996; 241.0611; Sidewalk; 19.21128; Checking Box AICar
22; Pedestrian; Interference; Intention; 23.10.2023 15:26:27; 805.2939; -0.09819996; 241.0622; Sidewalk; 19.23281; Checking Box AICar
22; Pedestrian; Interference; Intention; 23.10.2023 15:26:27; 805.292; -0.09819996; 241.0627; Sidewalk; 19.24226; Checking Box AICar
22; Pedestrian; Interference; Intention; 23.10.2023 15:26:27; 805.2899; -0.09819996; 241.0633; Sidewalk; 19.25399; Checking Box AICar
22; Pedestrian; Interference; Intention; 23.10.2023 15:26:27; 805.2899; -0.09819996; 241.0633; Sidewalk; 19.25399; Checking Box AICar
22; Pedestrian; Interference; Intention; 23.10.2023 15:26:27; 805.2784; -0.09819996; 241.0668; Sidewalk; 19.31526; Checking Box AICar
22; Pedestrian; Interference; Intention; 23.10.2023 15:26:27; 805.2736; -0.09819996; 241.068; Sidewalk; 19.33834; Checking Box AICar
22; Pedestrian; Interference; Intention; 23.10.2023 15:26:27; 805.2715; -0.09819996; 241.0688; Sidewalk; 19.34695; Checking Box AICar
22; Pedestrian; Interference; Intention; 23.10.2023 15:26:27; 805.268; -0.09819996; 241.07; Sidewalk; 19.36942; Checking Box AICar
22; Pedestrian; Interference; Intention; 23.10.2023 15:26:27; 805.2657; -0.09819996; 241.0708; Sidewalk; 19.3919; Checking Box AICar
22; Pedestrian; Interference; Intention; 23.10.2023 15:26:27; 805.2646; -0.09819996; 241.0712; Sidewalk; 19.41064; Checking Box AICar
22; Pedestrian; Interference; Intention; 23.10.2023 15:26:27; 805.2638; -0.09819996; 241.0715; Sidewalk; 19.43092; Checking Box AICar
22; Pedestrian; Interference; Intention; 23.10.2023 15:26:27; 805.2638; -0.09819996; 241.0717; Sidewalk; 19.4424; Checking Box AICar
22; Pedestrian; Interference; Intention; 23.10.2023 15:26:27; 805.2642; -0.09819996; 241.0719; Sidewalk; 19.46414; Checking Box AICar
22; Pedestrian; Interference; Intention; 23.10.2023 15:26:27; 805.2646; -0.09819996; 241.072; Sidewalk; 19.48653; Checking Box AICar
22; Pedestrian; Interference; Intention; 23.10.2023 15:26:27; 805.2655; -0.09819996; 241.0722; Sidewalk; 19.50866; Checking Box AICar
22; Pedestrian; Interference; Intention; 23.10.2023 15:26:27; 805.2656; -0.09819996; 241.0727; Sidewalk; 19.53562; Checking Box AICar
22; Pedestrian; Interference; Intention; 23.10.2023 15:26:27; 805.2652; -0.09819996; 241.073; Sidewalk; 19.54389; Checking Box AICar
22; Pedestrian; Interference; Intention; 23.10.2023 15:26:27; 805.2642; -0.09819996; 241.0738; Sidewalk; 19.56431; Checking Box AICar
22; Pedestrian; Interference; Intention; 23.10.2023 15:26:27; 805.2626; -0.09819996; 241.0747; Sidewalk; 19.58738; Checking Box AICar
22; Pedestrian; Interference; Intention; 23.10.2023 15:26:27; 805.2592; -0.09819996; 241.0755; Sidewalk; 19.60856; Checking Box AICar
22; Pedestrian; Interference; Intention; 23.10.2023 15:26:27; 805.2551; -0.09819996; 241.0766; Sidewalk; 19.63053; Checking Box AICar
22; Pedestrian; Interference; Intention; 23.10.2023 15:26:27; 805.2523; -0.09819996; 241.0773; Sidewalk; 19.64296; Checking Box AICar
22; Pedestrian; Interference; Intention; 23.10.2023 15:26:27; 805.2455; -0.09819996; 241.0787; Sidewalk; 19.66435; Checking Box AICar
22; Pedestrian; Interference; Intention; 23.10.2023 15:26:27; 805.2382; -0.09819996; 241.0804; Sidewalk; 19.68932; Checking Box AICar
22; Pedestrian; Interference; Intention; 23.10.2023 15:26:27; 805.2299; -0.09819996; 241.0824; Sidewalk; 19.70845; Checking Box AICar
22; Pedestrian; Interference; Intention; 23.10.2023 15:26:27; 805.2219; -0.09819996; 241.0845; Sidewalk; 19.73146; Checking Box AICar
22; Pedestrian; Interference; Intention; 23.10.2023 15:26:27; 805.2178; -0.09819996; 241.0855; Sidewalk; 19.74197; Checking Box AICar
22; Pedestrian; Interference; Intention; 23.10.2023 15:26:27; 805.211; -0.09819996; 241.0872; Sidewalk; 19.7649; Checking Box AICar
22; Pedestrian; Interference; Intention; 23.10.2023 15:26:27; 805.2047; -0.09819996; 241.0888; Sidewalk; 19.78636; Checking Box AICar
22; Pedestrian; Interference; Intention; 23.10.2023 15:26:27; 805.1993; -0.09819996; 241.0899; Sidewalk; 19.80826; Checking Box AICar
22; Pedestrian; Interference; Intention; 23.10.2023 15:26:27; 805.194; -0.09819996; 241.0907; Sidewalk; 19.83194; Checking Box AICar
22; Pedestrian; Interference; Intention; 23.10.2023 15:26:27; 805.1915; -0.09819996; 241.0911; Sidewalk; 19.84665; Checking Box AICar
22; Pedestrian; Interference; Intention; 23.10.2023 15:26:28; 805.1862; -0.09819996; 241.0924; Sidewalk; 19.86578; Checking Box AICar
22; Pedestrian; Interference; Intention; 23.10.2023 15:26:28; 805.1798; -0.09819996; 241.094; Sidewalk; 19.8867; null
22; Pedestrian; Interference; Intention; 23.10.2023 15:26:28; 805.1732; -0.09819996; 241.096; Sidewalk; 19.90843; null
22; Pedestrian; Interference; Intention; 23.10.2023 15:26:28; 805.1658; -0.09819996; 241.0982; Sidewalk; 19.9305; null
22; Pedestrian; Interference; Intention; 23.10.2023 15:26:28; 805.1623; -0.09819996; 241.0996; Sidewalk; 19.94142; null
22; Pedestrian; Interference; Intention; 23.10.2023 15:26:28; 805.1553; -0.09819996; 241.1023; Sidewalk; 19.96387; null
22; Pedestrian; Interference; Intention; 23.10.2023 15:26:28; 805.152; -0.09819996; 241.1038; Sidewalk; 19.97471; null
22; Pedestrian; Interference; Intention; 23.10.2023 15:26:28; 805.143; -0.09819996; 241.1084; Sidewalk; 20.01603; null
22; Pedestrian; Interference; Intention; 23.10.2023 15:26:28; 805.1382; -0.09819996; 241.1118; Sidewalk; 20.03283; null
22; Pedestrian; Interference; Intention; 23.10.2023 15:26:28; 805.1363; -0.09819996; 241.1134; Sidewalk; 20.04187; null
22; Pedestrian; Interference; Intention; 23.10.2023 15:26:28; 805.1331; -0.09819996; 241.116; Sidewalk; 20.06341; null
22; Pedestrian; Interference; Intention; 23.10.2023 15:26:28; 805.1311; -0.09819996; 241.1176; Sidewalk; 20.08624; null
22; Pedestrian; Interference; Intention; 23.10.2023 15:26:28; 805.1289; -0.09819996; 241.1187; Sidewalk; 20.10806; null
22; Pedestrian; Interference; Intention; 23.10.2023 15:26:28; 805.1271; -0.09819996; 241.1187; Sidewalk; 20.13029; null
22; Pedestrian; Interference; Intention; 23.10.2023 15:26:28; 805.1264; -0.09819996; 241.1184; Sidewalk; 20.14233; null
22; Pedestrian; Interference; Intention; 23.10.2023 15:26:28; 805.1246; -0.09819996; 241.117; Sidewalk; 20.16324; null
22; Pedestrian; Interference; Intention; 23.10.2023 15:26:28; 805.1241; -0.09819996; 241.1145; Sidewalk; 20.18596; null
22; Pedestrian; Interference; Intention; 23.10.2023 15:26:28; 805.1237; -0.09819996; 241.1117; Sidewalk; 20.20782; null
22; Pedestrian; Interference; Intention; 23.10.2023 15:26:28; 805.1238; -0.09819996; 241.1086; Sidewalk; 20.23016; null
22; Pedestrian; Interference; Intention; 23.10.2023 15:26:28; 805.1241; -0.09819996; 241.107; Sidewalk; 20.24191; null
22; Pedestrian; Interference; Intention; 23.10.2023 15:26:28; 805.1245; -0.09819996; 241.1037; Sidewalk; 20.26338; null
22; Pedestrian; Interference; Intention; 23.10.2023 15:26:28; 805.1256; -0.09819996; 241.1003; Sidewalk; 20.28664; null
22; Pedestrian; Interference; Intention; 23.10.2023 15:26:28; 805.1265; -0.09819996; 241.0971; Sidewalk; 20.31527; null
22; Pedestrian; Interference; Intention; 23.10.2023 15:26:28; 805.1273; -0.09819996; 241.0942; Sidewalk; 20.33263; null
22; Pedestrian; Interference; Intention; 23.10.2023 15:26:28; 805.1274; -0.09819996; 241.093; Sidewalk; 20.34157; null
22; Pedestrian; Interference; Intention; 23.10.2023 15:26:28; 805.1277; -0.09819996; 241.0908; Sidewalk; 20.36367; null
22; Pedestrian; Interference; Intention; 23.10.2023 15:26:28; 805.1276; -0.09819996; 241.089; Sidewalk; 20.38567; null
22; Pedestrian; Interference; Intention; 23.10.2023 15:26:28; 805.1272; -0.09819996; 241.0874; Sidewalk; 20.40806; null
22; Pedestrian; Interference; Intention; 23.10.2023 15:26:28; 805.1265; -0.09819996; 241.0857; Sidewalk; 20.43001; null
22; Pedestrian; Interference; Intention; 23.10.2023 15:26:28; 805.1262; -0.09819996; 241.0847; Sidewalk; 20.44208; null
22; Pedestrian; Interference; Intention; 23.10.2023 15:26:28; 805.1257; -0.09819996; 241.0826; Sidewalk; 20.46702; null
22; Pedestrian; Interference; Intention; 23.10.2023 15:26:28; 805.1262; -0.09819996; 241.0804; Sidewalk; 20.48664; Checking Box AICar
22; Pedestrian; Interference; Intention; 23.10.2023 15:26:28; 805.1284; -0.09819996; 241.0784; Sidewalk; 20.50907; Checking Box AICar
22; Pedestrian; Interference; Intention; 23.10.2023 15:26:28; 805.131; -0.09819996; 241.0771; Sidewalk; 20.5305; Checking Box AICar
22; Pedestrian; Interference; Intention; 23.10.2023 15:26:28; 805.1324; -0.09819996; 241.0766; Sidewalk; 20.5418; Checking Box AICar
22; Pedestrian; Interference; Intention; 23.10.2023 15:26:28; 805.1351; -0.09819996; 241.0762; Sidewalk; 20.56343; Checking Box AICar
22; Pedestrian; Interference; Intention; 23.10.2023 15:26:28; 805.1367; -0.09819996; 241.0772; Sidewalk; 20.58611; Checking Box AICar
22; Pedestrian; Interference; Intention; 23.10.2023 15:26:28; 805.1365; -0.09819996; 241.0788; Sidewalk; 20.61543; Checking Box AICar
22; Pedestrian; Interference; Intention; 23.10.2023 15:26:28; 805.1343; -0.09819996; 241.0816; Sidewalk; 20.63746; Checking Box AICar
22; Pedestrian; Interference; Intention; 23.10.2023 15:26:28; 805.1323; -0.09819996; 241.0832; Sidewalk; 20.64808; Checking Box AICar
22; Pedestrian; Interference; Intention; 23.10.2023 15:26:28; 805.1276; -0.09819996; 241.0878; Sidewalk; 20.66932; Checking Box AICar
22; Pedestrian; Interference; Intention; 23.10.2023 15:26:28; 805.1178; -0.09819996; 241.0929; Sidewalk; 20.69008; Checking Box AICar
22; Pedestrian; Interference; Intention; 23.10.2023 15:26:28; 805.1049; -0.09819996; 241.0984; Sidewalk; 20.71085; Checking Box AICar
22; Pedestrian; Interference; Intention; 23.10.2023 15:26:28; 805.0887; -0.09819996; 241.1041; Sidewalk; 20.73028; Checking Box AICar
22; Pedestrian; Interference; Intention; 23.10.2023 15:26:28; 805.0802; -0.09819996; 241.1071; Sidewalk; 20.74174; Checking Box AICar
22; Pedestrian; Interference; Intention; 23.10.2023 15:26:28; 805.0624; -0.09819996; 241.1133; Sidewalk; 20.76507; Checking Box AICar
22; Pedestrian; Interference; Intention; 23.10.2023 15:26:28; 805.0419; -0.09819996; 241.12; Sidewalk; 20.78809; Checking Box AICar
22; Pedestrian; Interference; Intention; 23.10.2023 15:26:28; 805.0204; -0.09819996; 241.1266; Sidewalk; 20.80819; Checking Box AICar
22; Pedestrian; Interference; Intention; 23.10.2023 15:26:28; 804.9995; -0.09819996; 241.1334; Sidewalk; 20.83027; Checking Box AICar
22; Pedestrian; Interference; Intention; 23.10.2023 15:26:28; 804.9888; -0.09819996; 241.1368; Sidewalk; 20.84191; Checking Box AICar
22; Pedestrian; Interference; Intention; 23.10.2023 15:26:29; 804.9678; -0.09819996; 241.1436; Sidewalk; 20.86356; Checking Box AICar
22; Pedestrian; Interference; Intention; 23.10.2023 15:26:29; 804.9464; -0.09819996; 241.1504; Sidewalk; 20.88601; Checking Box AICar
22; Pedestrian; Interference; Intention; 23.10.2023 15:26:29; 804.9247; -0.09819996; 241.1571; Sidewalk; 20.90861; Checking Box AICar
22; Pedestrian; Interference; Intention; 23.10.2023 15:26:29; 804.9026; -0.09819996; 241.1636; Sidewalk; 20.93376; Checking Box AICar
22; Pedestrian; Interference; Intention; 23.10.2023 15:26:29; 804.8912; -0.09819996; 241.1669; Sidewalk; 20.94307; Checking Box AICar
22; Pedestrian; Interference; Intention; 23.10.2023 15:26:29; 804.8682; -0.09819996; 241.1733; Sidewalk; 20.96348; Checking Box AICar
22; Pedestrian; Interference; Intention; 23.10.2023 15:26:29; 804.8446; -0.09819996; 241.1798; Sidewalk; 20.98616; Checking Box AICar
22; Pedestrian; Interference; Intention; 23.10.2023 15:26:29; 804.8214; -0.09819996; 241.1861; Sidewalk; 21.00852; Checking Box AICar
22; Pedestrian; Interference; Intention; 23.10.2023 15:26:29; 804.7984; -0.09819996; 241.1925; Sidewalk; 21.03005; Checking Box AICar
22; Pedestrian; Interference; Intention; 23.10.2023 15:26:29; 804.7869; -0.09819996; 241.1956; Sidewalk; 21.04184; Checking Box AICar
22; Pedestrian; Interference; Intention; 23.10.2023 15:26:29; 804.7648; -0.09819996; 241.2017; Sidewalk; 21.06395; Checking Box AICar
22; Pedestrian; Interference; Intention; 23.10.2023 15:26:29; 804.7425; -0.09819996; 241.208; Sidewalk; 21.07803; Checking Box AICar
22; Pedestrian; Interference; Intention; 23.10.2023 15:26:29; 804.7194; -0.09819996; 241.2143; Road; 1.367431; Checking Box AICar
22; Pedestrian; Interference; Intention; 23.10.2023 15:26:29; 804.6965; -0.09819996; 241.2205; Road; 1.388042; Checking Box AICar
22; Pedestrian; Interference; Intention; 23.10.2023 15:26:29; 804.6844; -0.09819996; 241.2236; Road; 1.399687; Checking Box AICar
22; Pedestrian; Interference; Intention; 23.10.2023 15:26:29; 804.6599; -0.09819996; 241.2296; Road; 1.421268; Checking Box AICar
22; Pedestrian; Interference; Intention; 23.10.2023 15:26:29; 804.635; -0.09819996; 241.2355; Road; 1.443552; Checking Box AICar
22; Pedestrian; Interference; Intention; 23.10.2023 15:26:29; 804.611; -0.09819996; 241.2415; Road; 1.466815; Checking Box AICar
22; Pedestrian; Interference; Intention; 23.10.2023 15:26:29; 804.5863; -0.09819996; 241.2476; Road; 1.489334; Checking Box AICar
22; Pedestrian; Interference; Intention; 23.10.2023 15:26:29; 804.574; -0.09819996; 241.2509; Road; 1.501427; Checking Box AICar
22; Pedestrian; Interference; Intention; 23.10.2023 15:26:29; 804.5491; -0.09819996; 241.2569; Road; 1.521137; Checking Box AICar
22; Pedestrian; Interference; Intention; 23.10.2023 15:26:29; 804.5236; -0.09819996; 241.263; Road; 1.543433; Checking Box AICar
22; Pedestrian; Interference; Intention; 23.10.2023 15:26:29; 804.4976; -0.09819996; 241.2692; Road; 1.565827; Checking Box AICar
22; Pedestrian; Interference; Intention; 23.10.2023 15:26:29; 804.4736; -0.09819996; 241.275; Road; 1.58779; Checking Box AICar
22; Pedestrian; Interference; Intention; 23.10.2023 15:26:29; 804.4619; -0.09819996; 241.2778; Road; 1.599438; Checking Box AICar
22; Pedestrian; Interference; Intention; 23.10.2023 15:26:29; 804.4407; -0.09819996; 241.2829; Road; 1.621786; Checking Box AICar
22; Pedestrian; Interference; Intention; 23.10.2023 15:26:29; 804.4216; -0.09819996; 241.2873; Road; 1.64509; Checking Box AICar
22; Pedestrian; Interference; Intention; 23.10.2023 15:26:29; 804.4042; -0.09819996; 241.2906; Road; 1.667444; Checking Box AICar
22; Pedestrian; Interference; Intention; 23.10.2023 15:26:29; 804.3889; -0.09819996; 241.2932; Road; 1.687814; Checking Box AICar
22; Pedestrian; Interference; Intention; 23.10.2023 15:26:29; 804.3822; -0.09819996; 241.294; Road; 1.700746; Checking Box AICar
22; Pedestrian; Interference; Intention; 23.10.2023 15:26:29; 804.3691; -0.09819996; 241.2953; Road; 1.721479; Checking Box AICar
22; Pedestrian; Interference; Intention; 23.10.2023 15:26:29; 804.3571; -0.09819996; 241.2957; Road; 1.743256; Checking Box AICar
22; Pedestrian; Interference; Intention; 23.10.2023 15:26:29; 804.3464; -0.09819996; 241.2953; Road; 1.765788; Checking Box AICar
22; Pedestrian; Interference; Intention; 23.10.2023 15:26:29; 804.3367; -0.09819996; 241.2942; Road; 1.788162; Checking Box AICar
22; Pedestrian; Interference; Intention; 23.10.2023 15:26:29; 804.3328; -0.09819996; 241.2936; Road; 1.800652; Checking Box AICar
22; Pedestrian; Interference; Intention; 23.10.2023 15:26:29; 804.325; -0.09819996; 241.2915; Road; 1.821764; Checking Box AICar
22; Pedestrian; Interference; Intention; 23.10.2023 15:26:29; 804.3186; -0.09819996; 241.2893; Road; 1.843397; Checking Box AICar
22; Pedestrian; Interference; Intention; 23.10.2023 15:26:29; 804.3134; -0.09819996; 241.2868; Road; 1.865642; Checking Box AICar
22; Pedestrian; Interference; Intention; 23.10.2023 15:26:29; 804.3079; -0.09819996; 241.2842; Road; 1.88779; Checking Box AICar
22; Pedestrian; Interference; Intention; 23.10.2023 15:26:29; 804.3051; -0.09819996; 241.2828; Road; 1.899189; Checking Box AICar
22; Pedestrian; Interference; Intention; 23.10.2023 15:26:29; 804.3004; -0.09819996; 241.2803; Road; 1.921226; Checking Box AICar
22; Pedestrian; Interference; Intention; 23.10.2023 15:26:29; 804.294; -0.09819996; 241.2777; Road; 1.943434; Checking Box AICar
22; Pedestrian; Interference; Intention; 23.10.2023 15:26:29; 804.2866; -0.09819996; 241.2753; Road; 1.967657; Checking Box AICar
22; Pedestrian; Interference; Intention; 23.10.2023 15:26:29; 804.2787; -0.09819996; 241.2735; Road; 1.9887; Checking Box AICar
22; Pedestrian; Interference; Intention; 23.10.2023 15:26:29; 804.2744; -0.09819996; 241.2728; Road; 1.999434; Checking Box AICar
22; Pedestrian; Interference; Intention; 23.10.2023 15:26:29; 804.2637; -0.09819996; 241.2711; Road; 2.021694; Checking Box AICar
22; Pedestrian; Interference; Intention; 23.10.2023 15:26:29; 804.2507; -0.09819996; 241.2691; Road; 2.04382; Checking Box AICar
22; Pedestrian; Interference; Intention; 23.10.2023 15:26:29; 804.2364; -0.09819996; 241.2673; Road; 2.066631; Checking Box AICar
22; Pedestrian; Interference; Intention; 23.10.2023 15:26:29; 804.2205; -0.09819996; 241.2653; Road; 2.088707; Checking Box AICar
22; Pedestrian; Interference; Intention; 23.10.2023 15:26:29; 804.2121; -0.09819996; 241.2643; Road; 2.100996; Checking Box AICar
22; Pedestrian; Interference; Intention; 23.10.2023 15:26:30; 804.1949; -0.09819996; 241.2622; Road; 2.125682; Checking Box AICar
22; Pedestrian; Interference; Intention; 23.10.2023 15:26:30; 804.1776; -0.09819996; 241.2606; Road; 2.143707; Checking Box AICar
22; Pedestrian; Interference; Intention; 23.10.2023 15:26:30; 804.1592; -0.09819996; 241.2585; Road; 2.165787; Checking Box AICar
22; Pedestrian; Interference; Intention; 23.10.2023 15:26:30; 804.1408; -0.09819996; 241.2563; Road; 2.187963; Checking Box AICar
22; Pedestrian; Interference; Intention; 23.10.2023 15:26:30; 804.1314; -0.09819996; 241.2552; Road; 2.199161; Checking Box AICar
22; Pedestrian; Interference; Intention; 23.10.2023 15:26:30; 804.1132; -0.09819996; 241.2534; Road; 2.221218; Checking Box AICar
22; Pedestrian; Interference; Intention; 23.10.2023 15:26:30; 804.0948; -0.09819996; 241.2514; Road; 2.244193; Checking Box AICar
22; Pedestrian; Interference; Intention; 23.10.2023 15:26:30; 804.0762; -0.09819996; 241.2493; Road; 2.268316; Checking Box AICar
22; Pedestrian; Interference; Intention; 23.10.2023 15:26:30; 804.0574; -0.09819996; 241.2471; Road; 2.292892; Checking Box AICar
22; Pedestrian; Interference; Intention; 23.10.2023 15:26:30; 804.0479; -0.09819996; 241.2462; Road; 2.30159; Checking Box AICar
22; Pedestrian; Interference; Intention; 23.10.2023 15:26:30; 804.0293; -0.09819996; 241.2446; Road; 2.321019; Checking Box AICar
22; Pedestrian; Interference; Intention; 23.10.2023 15:26:30; 804.0104; -0.09819996; 241.2428; Road; 2.343485; Checking Box AICar
22; Pedestrian; Interference; Intention; 23.10.2023 15:26:30; 803.9911; -0.09819996; 241.2417; Road; 2.366055; Checking Box AICar
22; Pedestrian; Interference; Intention; 23.10.2023 15:26:30; 803.9722; -0.09819996; 241.2408; Road; 2.387778; Checking Box AICar
22; Pedestrian; Interference; Intention; 23.10.2023 15:26:30; 803.9631; -0.09819996; 241.2408; Road; 2.399246; Checking Box AICar
22; Pedestrian; Interference; Intention; 23.10.2023 15:26:30; 803.944; -0.09819996; 241.2404; Road; 2.424835; Checking Box AICar
22; Pedestrian; Interference; Intention; 23.10.2023 15:26:30; 803.9258; -0.09819996; 241.2407; Road; 2.448157; Checking Box AICar
22; Pedestrian; Interference; Intention; 23.10.2023 15:26:30; 803.9075; -0.09819996; 241.2413; Road; 2.469096; Checking Box AICar
22; Pedestrian; Interference; Intention; 23.10.2023 15:26:30; 803.8894; -0.09819996; 241.2421; Road; 2.488051; Checking Box AICar
22; Pedestrian; Interference; Intention; 23.10.2023 15:26:30; 803.8804; -0.09819996; 241.2428; Road; 2.49983; Checking Box AICar
22; Pedestrian; Interference; Intention; 23.10.2023 15:26:30; 803.8627; -0.09819996; 241.2442; Road; 2.520989; Checking Box AICar
22; Pedestrian; Interference; Intention; 23.10.2023 15:26:30; 803.8455; -0.09819996; 241.2462; Road; 2.542898; Checking Box AICar
22; Pedestrian; Interference; Intention; 23.10.2023 15:26:30; 803.8289; -0.09819996; 241.2487; Road; 2.56559; Checking Box AICar
22; Pedestrian; Interference; Intention; 23.10.2023 15:26:30; 803.8123; -0.09819996; 241.2514; Road; 2.589106; Checking Box AICar
22; Pedestrian; Interference; Intention; 23.10.2023 15:26:30; 803.8046; -0.09819996; 241.2531; Road; 2.599421; Checking Box AICar
22; Pedestrian; Interference; Intention; 23.10.2023 15:26:30; 803.7882; -0.09819996; 241.2565; Road; 2.620961; Checking Box AICar
22; Pedestrian; Interference; Intention; 23.10.2023 15:26:30; 803.7714; -0.09819996; 241.2603; Road; 2.642893; Checking Box AICar
22; Pedestrian; Interference; Intention; 23.10.2023 15:26:30; 803.7547; -0.09819996; 241.2646; Road; 2.665299; Checking Box AICar
22; Pedestrian; Interference; Intention; 23.10.2023 15:26:30; 803.7369; -0.09819996; 241.269; Road; 2.687371; null
22; Pedestrian; Interference; Intention; 23.10.2023 15:26:30; 803.728; -0.09819996; 241.2715; Road; 2.69922; Checking Box AICar
22; Pedestrian; Interference; Intention; 23.10.2023 15:26:30; 803.7185; -0.09819996; 241.2738; Road; 2.709725; BicycleInterference
22; Pedestrian; Interference; Intention; 23.10.2023 15:26:30; 803.6898; -0.09819996; 241.281; Road; 2.744511; BicycleInterference
22; Pedestrian; Interference; Intention; 23.10.2023 15:26:30; 803.6694; -0.09819996; 241.2858; Road; 2.766958; BicycleInterference
22; Pedestrian; Interference; Intention; 23.10.2023 15:26:30; 803.6492; -0.09819996; 241.2903; Road; 2.787205; BicycleInterference
22; Pedestrian; Interference; Intention; 23.10.2023 15:26:30; 803.6389; -0.09819996; 241.2926; Road; 2.798562; BicycleInterference
22; Pedestrian; Interference; Intention; 23.10.2023 15:26:30; 803.6185; -0.09819996; 241.2969; Road; 2.820772; BicycleInterference
22; Pedestrian; Interference; Intention; 23.10.2023 15:26:30; 803.5988; -0.09819996; 241.3009; Road; 2.84311; BicycleInterference
22; Pedestrian; Interference; Intention; 23.10.2023 15:26:30; 803.5795; -0.09819996; 241.3045; Road; 2.865052; BicycleInterference
22; Pedestrian; Interference; Intention; 23.10.2023 15:26:30; 803.561; -0.09819996; 241.3081; Road; 2.895285; Checking Box AICar
22; Pedestrian; Interference; Intention; 23.10.2023 15:26:30; 803.5525; -0.09819996; 241.3099; Road; 2.907803; Checking Box AICar
22; Pedestrian; Interference; Intention; 23.10.2023 15:26:30; 803.5352; -0.09819996; 241.3131; Road; 2.926049; Checking Box AICar
22; Pedestrian; Interference; Intention; 23.10.2023 15:26:30; 803.5197; -0.09819996; 241.3164; Road; 2.944456; Checking Box AICar
22; Pedestrian; Interference; Intention; 23.10.2023 15:26:30; 803.5049; -0.09819996; 241.3195; Road; 2.965013; Checking Box AICar
22; Pedestrian; Interference; Intention; 23.10.2023 15:26:30; 803.491; -0.09819996; 241.3227; Road; 2.987949; Checking Box AICar
22; Pedestrian; Interference; Intention; 23.10.2023 15:26:30; 803.4844; -0.09819996; 241.3243; Road; 2.999162; Checking Box AICar
22; Pedestrian; Interference; Intention; 23.10.2023 15:26:30; 803.4716; -0.09819996; 241.3275; Road; 3.020888; Checking Box AICar
22; Pedestrian; Interference; Intention; 23.10.2023 15:26:30; 803.4594; -0.09819996; 241.3302; Road; 3.05091; Checking Box AICar
22; Pedestrian; Interference; Intention; 23.10.2023 15:26:30; 803.4481; -0.09819996; 241.3332; Road; 3.072724; null
22; Pedestrian; Interference; Intention; 23.10.2023 15:26:30; 803.4366; -0.09819996; 241.3361; Road; 3.093673; BicycleInterference
22; Pedestrian; Interference; Intention; 23.10.2023 15:26:30; 803.4309; -0.09819996; 241.3374; Road; 3.10274; BicycleInterference
22; Pedestrian; Interference; Intention; 23.10.2023 15:26:31; 803.4208; -0.09819996; 241.3398; Road; 3.122177; BicycleInterference
22; Pedestrian; Interference; Intention; 23.10.2023 15:26:31; 803.41; -0.09819996; 241.3419; Road; 3.14268; BicycleInterference
22; Pedestrian; Interference; Intention; 23.10.2023 15:26:31; 803.3995; -0.09819996; 241.3438; Road; 3.164969; BicycleInterference
22; Pedestrian; Interference; Intention; 23.10.2023 15:26:31; 803.3903; -0.09819996; 241.3455; Road; 3.187475; BicycleInterference
22; Pedestrian; Interference; Intention; 23.10.2023 15:26:31; 803.3903; -0.09819996; 241.3455; Road; 3.187475; BicycleInterference
22; Pedestrian; Interference; Intention; 23.10.2023 15:26:31; 803.3771; -0.09819996; 241.3473; Road; 3.231853; BicycleInterference
22; Pedestrian; Interference; Intention; 23.10.2023 15:26:31; 803.3681; -0.09819996; 241.3481; Road; 3.249981; BicycleInterference
22; Pedestrian; Interference; Intention; 23.10.2023 15:26:31; 803.3594; -0.09819996; 241.3485; Road; 3.267354; BicycleInterference
22; Pedestrian; Interference; Intention; 23.10.2023 15:26:31; 803.351; -0.09819996; 241.3488; Road; 3.28703; BicycleInterference
22; Pedestrian; Interference; Intention; 23.10.2023 15:26:31; 803.3464; -0.09819996; 241.3488; Road; 3.299075; BicycleInterference
22; Pedestrian; Interference; Intention; 23.10.2023 15:26:31; 803.338; -0.09819996; 241.3486; Road; 3.320793; BicycleInterference
22; Pedestrian; Interference; Intention; 23.10.2023 15:26:31; 803.3297; -0.09819996; 241.348; Road; 3.343269; BicycleInterference
22; Pedestrian; Interference; Intention; 23.10.2023 15:26:31; 803.3216; -0.09819996; 241.3472; Road; 3.369166; BicycleInterference
22; Pedestrian; Interference; Intention; 23.10.2023 15:26:31; 803.3132; -0.09819996; 241.3458; Road; 3.387196; BicycleInterference
22; Pedestrian; Interference; Intention; 23.10.2023 15:26:31; 803.3094; -0.09819996; 241.3451; Road; 3.398402; BicycleInterference
22; Pedestrian; Interference; Intention; 23.10.2023 15:26:31; 803.3007; -0.09819996; 241.3433; Road; 3.420604; BicycleInterference
22; Pedestrian; Interference; Intention; 23.10.2023 15:26:31; 803.2919; -0.09819996; 241.3412; Road; 3.442625; BicycleInterference
22; Pedestrian; Interference; Intention; 23.10.2023 15:26:31; 803.2828; -0.09819996; 241.3386; Road; 3.464891; BicycleInterference
22; Pedestrian; Interference; Intention; 23.10.2023 15:26:31; 803.2734; -0.09819996; 241.3356; Road; 3.48757; BicycleInterference
22; Pedestrian; Interference; Intention; 23.10.2023 15:26:31; 803.2689; -0.09819996; 241.3341; Road; 3.498817; BicycleInterference
22; Pedestrian; Interference; Intention; 23.10.2023 15:26:31; 803.2595; -0.09819996; 241.3306; Road; 3.523119; BicycleInterference
22; Pedestrian; Interference; Intention; 23.10.2023 15:26:31; 803.2504; -0.09819996; 241.3268; Road; 3.542355; BicycleInterference
22; Pedestrian; Interference; Intention; 23.10.2023 15:26:31; 803.2408; -0.09819996; 241.3226; Road; 3.564828; BicycleInterference
22; Pedestrian; Interference; Intention; 23.10.2023 15:26:31; 803.2306; -0.09819996; 241.3181; Road; 3.587099; BicycleInterference
22; Pedestrian; Interference; Intention; 23.10.2023 15:26:31; 803.2255; -0.09819996; 241.3158; Road; 3.59834; BicycleInterference
22; Pedestrian; Interference; Intention; 23.10.2023 15:26:31; 803.215; -0.09819996; 241.311; Road; 3.620403; BicycleInterference
22; Pedestrian; Interference; Intention; 23.10.2023 15:26:31; 803.2037; -0.09819996; 241.3061; Road; 3.642477; Checking Box AICar
22; Pedestrian; Interference; Intention; 23.10.2023 15:26:31; 803.1912; -0.09819996; 241.3008; Road; 3.667002; Checking Box AICar
22; Pedestrian; Interference; Intention; 23.10.2023 15:26:31; 803.1776; -0.09819996; 241.2954; Road; 3.689213; Checking Box AICar
22; Pedestrian; Interference; Intention; 23.10.2023 15:26:31; 803.1707; -0.09819996; 241.2927; Road; 3.698856; Checking Box AICar
22; Pedestrian; Interference; Intention; 23.10.2023 15:26:31; 803.1553; -0.09819996; 241.2872; Road; 3.72072; Checking Box AICar
22; Pedestrian; Interference; Intention; 23.10.2023 15:26:31; 803.1384; -0.09819996; 241.2817; Road; 3.743488; Checking Box AICar
22; Pedestrian; Interference; Intention; 23.10.2023 15:26:31; 803.1197; -0.09819996; 241.2762; Road; 3.764802; Checking Box AICar
22; Pedestrian; Interference; Intention; 23.10.2023 15:26:31; 803.0998; -0.09819996; 241.2706; Road; 3.786977; Checking Box AICar
22; Pedestrian; Interference; Intention; 23.10.2023 15:26:31; 803.0895; -0.09819996; 241.2678; Road; 3.798532; Checking Box AICar
22; Pedestrian; Interference; Intention; 23.10.2023 15:26:31; 803.0685; -0.09819996; 241.2625; Road; 3.809688; Checking Box AICar
22; Pedestrian; Interference; Intention; 23.10.2023 15:26:31; 803.0459; -0.09819996; 241.2575; Road; 3.847498; Checking Box AICar
22; Pedestrian; Interference; Intention; 23.10.2023 15:26:31; 803.0218; -0.09819996; 241.2526; Road; 3.866254; null
22; Pedestrian; Interference; Intention; 23.10.2023 15:26:31; 802.9962; -0.09819996; 241.2481; Road; 3.88713; null
22; Pedestrian; Interference; Intention; 23.10.2023 15:26:31; 802.9827; -0.09819996; 241.2462; Road; 3.898496; null
22; Pedestrian; Interference; Intention; 23.10.2023 15:26:31; 802.9555; -0.09819996; 241.2427; Road; 3.920304; Checking Box AICar
22; Pedestrian; Interference; Intention; 23.10.2023 15:26:31; 802.927; -0.09819996; 241.2397; Road; 3.942954; Checking Box AICar
22; Pedestrian; Interference; Intention; 23.10.2023 15:26:31; 802.8992; -0.09819996; 241.2374; Road; 3.965615; Checking Box Human Car
22; Pedestrian; Interference; Intention; 23.10.2023 15:26:31; 802.8857; -0.09819996; 241.2364; Road; 3.985247; Checking Box Human Car
22; Pedestrian; Interference; Intention; 23.10.2023 15:26:31; 802.8721; -0.09819996; 241.2356; Road; 3.998299; Checking Box AICar
22; Pedestrian; Interference; Intention; 23.10.2023 15:26:31; 802.8318; -0.09819996; 241.2342; Road; 4.031751; null
22; Pedestrian; Interference; Intention; 23.10.2023 15:26:31; 802.8063; -0.09819996; 241.2341; Road; 4.049998; null
22; Pedestrian; Interference; Intention; 23.10.2023 15:26:31; 802.7816; -0.09819996; 241.2344; Road; 4.066808; null
22; Pedestrian; Interference; Intention; 23.10.2023 15:26:31; 802.7581; -0.09819996; 241.2352; Road; 4.086578; null
22; Pedestrian; Interference; Intention; 23.10.2023 15:26:31; 802.7469; -0.09819996; 241.2359; Road; 4.098404; null
22; Pedestrian; Interference; Intention; 23.10.2023 15:26:32; 802.7249; -0.09819996; 241.2369; Road; 4.120482; null
22; Pedestrian; Interference; Intention; 23.10.2023 15:26:32; 802.7045; -0.09819996; 241.2381; Road; 4.150314; null
22; Pedestrian; Interference; Intention; 23.10.2023 15:26:32; 802.6853; -0.09819996; 241.2397; Road; 4.168894; null
22; Pedestrian; Interference; Intention; 23.10.2023 15:26:32; 802.6666; -0.09819996; 241.2417; Road; 4.187208; null
22; Pedestrian; Interference; Intention; 23.10.2023 15:26:32; 802.6577; -0.09819996; 241.2428; Road; 4.199016; null
22; Pedestrian; Interference; Intention; 23.10.2023 15:26:32; 802.6393; -0.09819996; 241.2452; Road; 4.219855; null
22; Pedestrian; Interference; Intention; 23.10.2023 15:26:32; 802.6206; -0.09819996; 241.2479; Road; 4.241873; null
22; Pedestrian; Interference; Intention; 23.10.2023 15:26:32; 802.602; -0.09819996; 241.251; Road; 4.264363; null
22; Pedestrian; Interference; Intention; 23.10.2023 15:26:32; 802.5839; -0.09819996; 241.2542; Road; 4.28681; null
22; Pedestrian; Interference; Intention; 23.10.2023 15:26:32; 802.5748; -0.09819996; 241.2559; Road; 4.300395; null
22; Pedestrian; Interference; Intention; 23.10.2023 15:26:32; 802.5477; -0.09819996; 241.2614; Road; 4.331685; null
22; Pedestrian; Interference; Intention; 23.10.2023 15:26:32; 802.5388; -0.09819996; 241.2633; Road; 4.34171; null
22; Pedestrian; Interference; Intention; 23.10.2023 15:26:32; 802.5085; -0.09819996; 241.2686; Road; 4.375349; null
22; Pedestrian; Interference; Intention; 23.10.2023 15:26:32; 802.4992; -0.09819996; 241.2705; Road; 4.386132; null
22; Pedestrian; Interference; Intention; 23.10.2023 15:26:32; 802.4771; -0.09819996; 241.2737; Road; 4.408566; null
22; Pedestrian; Interference; Intention; 23.10.2023 15:26:32; 802.4672; -0.09819996; 241.2754; Road; 4.41961; null
22; Pedestrian; Interference; Intention; 23.10.2023 15:26:32; 802.4478; -0.09819996; 241.2787; Road; 4.446877; null
22; Pedestrian; Interference; Intention; 23.10.2023 15:26:32; 802.4162; -0.09819996; 241.2834; Road; 4.475566; null
22; Pedestrian; Interference; Intention; 23.10.2023 15:26:32; 802.3849; -0.09819996; 241.2855; Road; 4.497814; null
22; Pedestrian; Interference; Intention; 23.10.2023 15:26:32; 802.3724; -0.09819996; 241.2867; Road; 4.508049; null
22; Pedestrian; Interference; Intention; 23.10.2023 15:26:32; 802.3608; -0.09819996; 241.2881; Road; 4.519582; null
22; Pedestrian; Interference; Intention; 23.10.2023 15:26:32; 802.3243; -0.09819996; 241.292; Road; 4.552636; null
22; Pedestrian; Interference; Intention; 23.10.2023 15:26:32; 802.3008; -0.09819996; 241.2948; Road; 4.574939; null
22; Pedestrian; Interference; Intention; 23.10.2023 15:26:32; 802.2894; -0.09819996; 241.2962; Road; 4.585853; null
22; Pedestrian; Interference; Intention; 23.10.2023 15:26:32; 802.2773; -0.09819996; 241.2977; Road; 4.597447; null
22; Pedestrian; Interference; Intention; 23.10.2023 15:26:32; 802.2414; -0.09819996; 241.3018; Road; 4.632609; null
22; Pedestrian; Interference; Intention; 23.10.2023 15:26:32; 802.2169; -0.09819996; 241.3048; Road; 4.653203; null
22; Pedestrian; Interference; Intention; 23.10.2023 15:26:32; 802.1912; -0.09819996; 241.3077; Road; 4.674937; null
22; Pedestrian; Interference; Intention; 23.10.2023 15:26:32; 802.1684; -0.09819996; 241.3112; Road; 4.698459; null
22; Pedestrian; Interference; Intention; 23.10.2023 15:26:32; 802.1684; -0.09819996; 241.3112; Road; 4.698459; null
22; Pedestrian; Interference; Intention; 23.10.2023 15:26:32; 802.1458; -0.09819996; 241.3145; Road; 4.720081; null
22; Pedestrian; Interference; Intention; 23.10.2023 15:26:32; 802.1243; -0.09819996; 241.3174; Road; 4.742289; null
22; Pedestrian; Interference; Intention; 23.10.2023 15:26:32; 802.0908; -0.09819996; 241.3214; Road; 4.774745; null
22; Pedestrian; Interference; Intention; 23.10.2023 15:26:32; 802.0795; -0.09819996; 241.3226; Road; 4.786011; null
22; Pedestrian; Interference; Intention; 23.10.2023 15:26:32; 802.0674; -0.09819996; 241.3237; Road; 4.797771; null
22; Pedestrian; Interference; Intention; 23.10.2023 15:26:32; 802.0308; -0.09819996; 241.3264; Road; 4.831143; null
22; Pedestrian; Interference; Intention; 23.10.2023 15:26:32; 802.0192; -0.09819996; 241.3273; Road; 4.841282; null
22; Pedestrian; Interference; Intention; 23.10.2023 15:26:32; 801.9837; -0.09819996; 241.3295; Road; 4.874995; null
22; Pedestrian; Interference; Intention; 23.10.2023 15:26:32; 801.9728; -0.09819996; 241.3302; Road; 4.886106; null
22; Pedestrian; Interference; Intention; 23.10.2023 15:26:32; 801.9612; -0.09819996; 241.3309; Road; 4.898005; null
22; Pedestrian; Interference; Intention; 23.10.2023 15:26:32; 801.9393; -0.09819996; 241.3321; Road; 4.922364; null
22; Pedestrian; Interference; Intention; 23.10.2023 15:26:32; 801.917; -0.09819996; 241.3333; Road; 4.942249; null
22; Pedestrian; Interference; Intention; 23.10.2023 15:26:32; 801.8954; -0.09819996; 241.3342; Road; 4.964662; null
22; Pedestrian; Interference; Intention; 23.10.2023 15:26:32; 801.8748; -0.09819996; 241.3351; Road; 4.987526; null
22; Pedestrian; Interference; Intention; 23.10.2023 15:26:32; 801.8644; -0.09819996; 241.3355; Road; 4.998903; null
22; Pedestrian; Interference; Intention; 23.10.2023 15:26:32; 801.8441; -0.09819996; 241.3363; Road; 5.02108; null
22; Pedestrian; Interference; Intention; 23.10.2023 15:26:32; 801.8235; -0.09819996; 241.3366; Road; 5.043497; null
22; Pedestrian; Interference; Intention; 23.10.2023 15:26:32; 801.8027; -0.09819996; 241.3365; Road; 5.067342; null
22; Pedestrian; Interference; Intention; 23.10.2023 15:26:33; 801.7824; -0.09819996; 241.3362; Road; 5.090124; null
22; Pedestrian; Interference; Intention; 23.10.2023 15:26:33; 801.7824; -0.09819996; 241.3362; Road; 5.090124; null
22; Pedestrian; Interference; Intention; 23.10.2023 15:26:33; 801.7511; -0.09819996; 241.335; Road; 5.098309; null
22; Pedestrian; Interference; Intention; 23.10.2023 15:26:33; 801.7307; -0.09819996; 241.3341; Road; 5.150858; null
22; Pedestrian; Interference; Intention; 23.10.2023 15:26:33; 801.7102; -0.09819996; 241.3328; Road; 5.169578; null
22; Pedestrian; Interference; Intention; 23.10.2023 15:26:33; 801.6789; -0.09819996; 241.3305; Road; 5.197391; null
22; Pedestrian; Interference; Intention; 23.10.2023 15:26:33; 801.6789; -0.09819996; 241.3305; Road; 5.197391; null
22; Pedestrian; Interference; Intention; 23.10.2023 15:26:33; 801.6486; -0.09819996; 241.3277; Road; 5.232084; null
22; Pedestrian; Interference; Intention; 23.10.2023 15:26:33; 801.6274; -0.09819996; 241.3253; Road; 5.252667; null
22; Pedestrian; Interference; Intention; 23.10.2023 15:26:33; 801.6059; -0.09819996; 241.3225; Road; 5.275031; null
22; Pedestrian; Interference; Intention; 23.10.2023 15:26:33; 801.5839; -0.09819996; 241.3193; Road; 5.297446; null
22; Pedestrian; Interference; Intention; 23.10.2023 15:26:33; 801.5839; -0.09819996; 241.3193; Road; 5.297446; null
22; Pedestrian; Interference; Intention; 23.10.2023 15:26:33; 801.5486; -0.09819996; 241.3134; Road; 5.3313; null
22; Pedestrian; Interference; Intention; 23.10.2023 15:26:33; 801.5239; -0.09819996; 241.309; Road; 5.352772; null
22; Pedestrian; Interference; Intention; 23.10.2023 15:26:33; 801.511; -0.09819996; 241.3066; Road; 5.364048; null
22; Pedestrian; Interference; Intention; 23.10.2023 15:26:33; 801.4728; -0.09819996; 241.2992; Road; 5.399138; null
22; Pedestrian; Interference; Intention; 23.10.2023 15:26:33; 801.4598; -0.09819996; 241.2965; Road; 5.407887; null
22; Pedestrian; Interference; Intention; 23.10.2023 15:26:33; 801.4314; -0.09819996; 241.291; Road; 5.430489; null
22; Pedestrian; Interference; Intention; 23.10.2023 15:26:33; 801.4172; -0.09819996; 241.2883; Road; 5.441483; null
22; Pedestrian; Interference; Intention; 23.10.2023 15:26:33; 801.3895; -0.09819996; 241.2829; Road; 5.465189; null
22; Pedestrian; Interference; Intention; 23.10.2023 15:26:33; 801.3627; -0.09819996; 241.2777; Road; 5.486419; null
22; Pedestrian; Interference; Intention; 23.10.2023 15:26:33; 801.3495; -0.09819996; 241.2751; Road; 5.497524; null
22; Pedestrian; Interference; Intention; 23.10.2023 15:26:33; 801.3229; -0.09819996; 241.2702; Road; 5.519956; null
22; Pedestrian; Interference; Intention; 23.10.2023 15:26:33; 801.2852; -0.09819996; 241.2634; Road; 5.55253; null
22; Pedestrian; Interference; Intention; 23.10.2023 15:26:33; 801.2609; -0.09819996; 241.2594; Road; 5.574561; null
22; Pedestrian; Interference; Intention; 23.10.2023 15:26:33; 801.2355; -0.09819996; 241.2556; Road; 5.597243; null
22; Pedestrian; Interference; Intention; 23.10.2023 15:26:33; 801.2231; -0.09819996; 241.2538; Road; 5.607776; null
22; Pedestrian; Interference; Intention; 23.10.2023 15:26:33; 801.1984; -0.09819996; 241.2507; Road; 5.630589; null
22; Pedestrian; Interference; Intention; 23.10.2023 15:26:33; 801.1727; -0.09819996; 241.248; Road; 5.653182; null
22; Pedestrian; Interference; Intention; 23.10.2023 15:26:33; 801.1604; -0.09819996; 241.2467; Road; 5.663592; null
22; Pedestrian; Interference; Intention; 23.10.2023 15:26:33; 801.1232; -0.09819996; 241.244; Road; 5.698407; null
22; Pedestrian; Interference; Intention; 23.10.2023 15:26:33; 801.1105; -0.09819996; 241.2431; Road; 5.707919; null
22; Pedestrian; Interference; Intention; 23.10.2023 15:26:33; 801.0848; -0.09819996; 241.2417; Road; 5.730138; null
22; Pedestrian; Interference; Intention; 23.10.2023 15:26:33; 801.0726; -0.09819996; 241.2413; Road; 5.741751; null
22; Pedestrian; Interference; Intention; 23.10.2023 15:26:33; 801.0474; -0.09819996; 241.2406; Road; 5.764071; null
22; Pedestrian; Interference; Intention; 23.10.2023 15:26:33; 801.0222; -0.09819996; 241.2404; Road; 5.786772; null
22; Pedestrian; Interference; Intention; 23.10.2023 15:26:33; 801.0094; -0.09819996; 241.2404; Road; 5.79792; null
22; Pedestrian; Interference; Intention; 23.10.2023 15:26:33; 800.9835; -0.09819996; 241.2407; Road; 5.820959; null
22; Pedestrian; Interference; Intention; 23.10.2023 15:26:33; 800.9568; -0.09819996; 241.2412; Road; 5.8451; null
22; Pedestrian; Interference; Intention; 23.10.2023 15:26:33; 800.9178; -0.09819996; 241.2429; Road; 5.875085; null
22; Pedestrian; Interference; Intention; 23.10.2023 15:26:33; 800.8923; -0.09819996; 241.2444; Road; 5.896924; null
22; Pedestrian; Interference; Intention; 23.10.2023 15:26:33; 800.8788; -0.09819996; 241.2451; Road; 5.907691; null
22; Pedestrian; Interference; Intention; 23.10.2023 15:26:33; 800.8527; -0.09819996; 241.2467; Road; 5.929962; null
22; Pedestrian; Interference; Intention; 23.10.2023 15:26:33; 800.8266; -0.09819996; 241.2487; Road; 5.952389; null
22; Pedestrian; Interference; Intention; 23.10.2023 15:26:33; 800.8127; -0.09819996; 241.2496; Road; 5.963768; null
22; Pedestrian; Interference; Intention; 23.10.2023 15:26:33; 800.7844; -0.09819996; 241.2518; Road; 5.98632; null
22; Pedestrian; Interference; Intention; 23.10.2023 15:26:33; 800.7706; -0.09819996; 241.2531; Road; 5.999865; null
22; Pedestrian; Interference; Intention; 23.10.2023 15:26:33; 800.726; -0.09819996; 241.2573; Road; 6.030218; null
22; Pedestrian; Interference; Intention; 23.10.2023 15:26:33; 800.697; -0.09819996; 241.2607; Road; 6.052366; null
22; Pedestrian; Interference; Intention; 23.10.2023 15:26:33; 800.6671; -0.09819996; 241.264; Road; 6.074436; null
22; Pedestrian; Interference; Intention; 23.10.2023 15:26:33; 800.6516; -0.09819996; 241.2657; Road; 6.085703; null
22; Pedestrian; Interference; Intention; 23.10.2023 15:26:33; 800.622; -0.09819996; 241.2694; Road; 6.108592; null
22; Pedestrian; Interference; Intention; 23.10.2023 15:26:34; 800.5916; -0.09819996; 241.2731; Road; 6.130077; null
22; Pedestrian; Interference; Intention; 23.10.2023 15:26:34; 800.577; -0.09819996; 241.2752; Road; 6.141604; null
22; Pedestrian; Interference; Intention; 23.10.2023 15:26:34; 800.5334; -0.09819996; 241.2814; Road; 6.176221; null
22; Pedestrian; Interference; Intention; 23.10.2023 15:26:34; 800.5034; -0.09819996; 241.2853; Road; 6.196784; null
22; Pedestrian; Interference; Intention; 23.10.2023 15:26:34; 800.4887; -0.09819996; 241.2872; Road; 6.207885; null
22; Pedestrian; Interference; Intention; 23.10.2023 15:26:34; 800.4604; -0.09819996; 241.2913; Road; 6.229938; null
22; Pedestrian; Interference; Intention; 23.10.2023 15:26:34; 800.432; -0.09819996; 241.2952; Road; 6.252442; null
22; Pedestrian; Interference; Intention; 23.10.2023 15:26:34; 800.4047; -0.09819996; 241.2991; Road; 6.274743; null
22; Pedestrian; Interference; Intention; 23.10.2023 15:26:34; 800.3912; -0.09819996; 241.301; Road; 6.285702; null
22; Pedestrian; Interference; Intention; 23.10.2023 15:26:34; 800.378; -0.09819996; 241.3028; Road; 6.297498; null
22; Pedestrian; Interference; Intention; 23.10.2023 15:26:34; 800.337; -0.09819996; 241.3075; Road; 6.330607; null
22; Pedestrian; Interference; Intention; 23.10.2023 15:26:34; 800.31; -0.09819996; 241.3102; Road; 6.352329; null
22; Pedestrian; Interference; Intention; 23.10.2023 15:26:34; 800.2828; -0.09819996; 241.3124; Road; 6.374323; null
22; Pedestrian; Interference; Intention; 23.10.2023 15:26:34; 800.2565; -0.09819996; 241.3142; Road; 6.397156; null
22; Pedestrian; Interference; Intention; 23.10.2023 15:26:34; 800.2425; -0.09819996; 241.3149; Road; 6.407641; null
22; Pedestrian; Interference; Intention; 23.10.2023 15:26:34; 800.2166; -0.09819996; 241.3165; Road; 6.429944; null
22; Pedestrian; Interference; Intention; 23.10.2023 15:26:34; 800.2039; -0.09819996; 241.317; Road; 6.441255; null
22; Pedestrian; Interference; Intention; 23.10.2023 15:26:34; 800.1786; -0.09819996; 241.3179; Road; 6.465171; null
22; Pedestrian; Interference; Intention; 23.10.2023 15:26:34; 800.1398; -0.09819996; 241.3184; Road; 6.496316; null
22; Pedestrian; Interference; Intention; 23.10.2023 15:26:34; 800.1262; -0.09819996; 241.3183; Road; 6.507518; null
22; Pedestrian; Interference; Intention; 23.10.2023 15:26:34; 800.1; -0.09819996; 241.3182; Road; 6.529846; null
22; Pedestrian; Interference; Intention; 23.10.2023 15:26:34; 800.0732; -0.09819996; 241.3178; Road; 6.552159; null
22; Pedestrian; Interference; Intention; 23.10.2023 15:26:34; 800.0473; -0.09819996; 241.3173; Road; 6.574123; null
22; Pedestrian; Interference; Intention; 23.10.2023 15:26:34; 800.0209; -0.09819996; 241.3166; Road; 6.596318; null
22; Pedestrian; Interference; Intention; 23.10.2023 15:26:34; 800.0209; -0.09819996; 241.3166; Road; 6.596318; null
22; Pedestrian; Interference; Intention; 23.10.2023 15:26:34; 799.9799; -0.09819996; 241.3148; Road; 6.632888; null
22; Pedestrian; Interference; Intention; 23.10.2023 15:26:34; 799.9654; -0.09819996; 241.3137; Road; 6.640639; null
22; Pedestrian; Interference; Intention; 23.10.2023 15:26:34; 799.9373; -0.09819996; 241.3116; Road; 6.670213; null
22; Pedestrian; Interference; Intention; 23.10.2023 15:26:34; 799.895; -0.09819996; 241.3075; Road; 6.696312; null
22; Pedestrian; Interference; Intention; 23.10.2023 15:26:34; 799.8803; -0.09819996; 241.3058; Road; 6.707402; null
22; Pedestrian; Interference; Intention; 23.10.2023 15:26:34; 799.8508; -0.09819996; 241.3021; Road; 6.72985; null
22; Pedestrian; Interference; Intention; 23.10.2023 15:26:34; 799.822; -0.09819996; 241.2984; Road; 6.7527; null
22; Pedestrian; Interference; Intention; 23.10.2023 15:26:34; 799.793; -0.09819996; 241.2948; Road; 6.77479; null
22; Pedestrian; Interference; Intention; 23.10.2023 15:26:34; 799.764; -0.09819996; 241.2912; Road; 6.796492; null
22; Pedestrian; Interference; Intention; 23.10.2023 15:26:34; 799.7493; -0.09819996; 241.2893; Road; 6.807251; null
22; Pedestrian; Interference; Intention; 23.10.2023 15:26:34; 799.7198; -0.09819996; 241.2855; Road; 6.829689; null
22; Pedestrian; Interference; Intention; 23.10.2023 15:26:34; 799.6896; -0.09819996; 241.2815; Road; 6.852133; null
22; Pedestrian; Interference; Intention; 23.10.2023 15:26:34; 799.6595; -0.09819996; 241.2775; Road; 6.874383; null
22; Pedestrian; Interference; Intention; 23.10.2023 15:26:34; 799.6298; -0.09819996; 241.2736; Road; 6.896532; null
22; Pedestrian; Interference; Intention; 23.10.2023 15:26:34; 799.6147; -0.09819996; 241.2715; Road; 6.907145; null
22; Pedestrian; Interference; Intention; 23.10.2023 15:26:34; 799.5847; -0.09819996; 241.2671; Road; 6.930015; null
22; Pedestrian; Interference; Intention; 23.10.2023 15:26:34; 799.5546; -0.09819996; 241.2625; Road; 6.952261; null
22; Pedestrian; Interference; Intention; 23.10.2023 15:26:34; 799.5251; -0.09819996; 241.2577; Road; 6.974572; null
22; Pedestrian; Interference; Intention; 23.10.2023 15:26:34; 799.4965; -0.09819996; 241.2531; Road; 6.996259; null
22; Pedestrian; Interference; Intention; 23.10.2023 15:26:34; 799.4823; -0.09819996; 241.2508; Road; 7.0073; null
22; Pedestrian; Interference; Intention; 23.10.2023 15:26:34; 799.4532; -0.09819996; 241.2462; Road; 7.029838; null
22; Pedestrian; Interference; Intention; 23.10.2023 15:26:34; 799.4236; -0.09819996; 241.2417; Road; 7.051935; null
22; Pedestrian; Interference; Intention; 23.10.2023 15:26:34; 799.4083; -0.09819996; 241.2394; Road; 7.062619; null
22; Pedestrian; Interference; Intention; 23.10.2023 15:26:34; 799.3777; -0.09819996; 241.2352; Road; 7.08803; null
22; Pedestrian; Interference; Intention; 23.10.2023 15:26:34; 799.3463; -0.09819996; 241.2311; Road; 7.110847; null
22; Pedestrian; Interference; Intention; 23.10.2023 15:26:35; 799.3141; -0.09819996; 241.2271; Road; 7.129386; null
22; Pedestrian; Interference; Intention; 23.10.2023 15:26:35; 799.2814; -0.09819996; 241.2232; Road; 7.151926; null
22; Pedestrian; Interference; Intention; 23.10.2023 15:26:35; 799.248; -0.09819996; 241.2195; Road; 7.173905; null
22; Pedestrian; Interference; Intention; 23.10.2023 15:26:35; 799.2144; -0.09819996; 241.2161; Road; 7.197041; null
22; Pedestrian; Interference; Intention; 23.10.2023 15:26:35; 799.1979; -0.09819996; 241.2144; Road; 7.20734; null
22; Pedestrian; Interference; Intention; 23.10.2023 15:26:35; 799.1642; -0.09819996; 241.2113; Road; 7.229338; null
22; Pedestrian; Interference; Intention; 23.10.2023 15:26:35; 799.1302; -0.09819996; 241.2082; Road; 7.252726; null
22; Pedestrian; Interference; Intention; 23.10.2023 15:26:35; 799.0961; -0.09819996; 241.2054; Road; 7.273949; null
22; Pedestrian; Interference; Intention; 23.10.2023 15:26:35; 799.062; -0.09819996; 241.2026; Road; 7.296389; null
22; Pedestrian; Interference; Intention; 23.10.2023 15:26:35; 799.0449; -0.09819996; 241.2013; Road; 7.307046; null
22; Pedestrian; Interference; Intention; 23.10.2023 15:26:35; 799.0116; -0.09819996; 241.1988; Road; 7.329558; null
22; Pedestrian; Interference; Intention; 23.10.2023 15:26:35; 798.9778; -0.09819996; 241.1963; Road; 7.352202; null
22; Pedestrian; Interference; Intention; 23.10.2023 15:26:35; 798.9443; -0.09819996; 241.1939; Road; 7.373817; null
22; Pedestrian; Interference; Intention; 23.10.2023 15:26:35; 798.9279; -0.09819996; 241.1927; Road; 7.385788; null
22; Pedestrian; Interference; Intention; 23.10.2023 15:26:35; 798.9108; -0.09819996; 241.1915; Road; 7.398155; null
22; Pedestrian; Interference; Intention; 23.10.2023 15:26:35; 798.8591; -0.09819996; 241.1881; Road; 7.429644; null
22; Pedestrian; Interference; Intention; 23.10.2023 15:26:35; 798.8247; -0.09819996; 241.1859; Road; 7.451637; null
22; Pedestrian; Interference; Intention; 23.10.2023 15:26:35; 798.7895; -0.09819996; 241.1839; Road; 7.474404; null
22; Pedestrian; Interference; Intention; 23.10.2023 15:26:35; 798.7536; -0.09819996; 241.182; Road; 7.497116; null
22; Pedestrian; Interference; Intention; 23.10.2023 15:26:35; 798.7355; -0.09819996; 241.1812; Road; 7.507812; null
22; Pedestrian; Interference; Intention; 23.10.2023 15:26:35; 798.6987; -0.09819996; 241.1797; Road; 7.530152; null
22; Pedestrian; Interference; Intention; 23.10.2023 15:26:35; 798.68; -0.09819996; 241.179; Road; 7.541293; null
22; Pedestrian; Interference; Intention; 23.10.2023 15:26:35; 798.6232; -0.09819996; 241.1774; Road; 7.574405; null
22; Pedestrian; Interference; Intention; 23.10.2023 15:26:35; 798.5854; -0.09819996; 241.1766; Road; 7.596674; null
22; Pedestrian; Interference; Intention; 23.10.2023 15:26:35; 798.5666; -0.09819996; 241.1763; Road; 7.607908; null
22; Pedestrian; Interference; Intention; 23.10.2023 15:26:35; 798.5284; -0.09819996; 241.1759; Road; 7.629961; null
22; Pedestrian; Interference; Intention; 23.10.2023 15:26:35; 798.4904; -0.09819996; 241.1754; Road; 7.652681; null
22; Pedestrian; Interference; Intention; 23.10.2023 15:26:35; 798.4514; -0.09819996; 241.1749; Road; 7.67433; null
22; Pedestrian; Interference; Intention; 23.10.2023 15:26:35; 798.4318; -0.09819996; 241.1747; Road; 7.685297; null
22; Pedestrian; Interference; Intention; 23.10.2023 15:26:35; 798.4123; -0.09819996; 241.1744; Road; 7.697356; null
22; Pedestrian; Interference; Intention; 23.10.2023 15:26:35; 798.3538; -0.09819996; 241.1738; Road; 7.730433; null
22; Pedestrian; Interference; Intention; 23.10.2023 15:26:35; 798.3145; -0.09819996; 241.1733; Road; 7.753169; null
22; Pedestrian; Interference; Intention; 23.10.2023 15:26:35; 798.2761; -0.09819996; 241.1727; Road; 7.774561; null
22; Pedestrian; Interference; Intention; 23.10.2023 15:26:35; 798.2389; -0.09819996; 241.172; Road; 7.797848; null
22; Pedestrian; Interference; Intention; 23.10.2023 15:26:35; 798.2389; -0.09819996; 241.172; Road; 7.797848; null
22; Pedestrian; Interference; Intention; 23.10.2023 15:26:35; 798.2031; -0.09819996; 241.1713; Road; 7.820285; null
22; Pedestrian; Interference; Intention; 23.10.2023 15:26:35; 798.1677; -0.09819996; 241.1702; Road; 7.842927; null
22; Pedestrian; Interference; Intention; 23.10.2023 15:26:35; 798.132; -0.09819996; 241.1686; Road; 7.865731; null
22; Pedestrian; Interference; Intention; 23.10.2023 15:26:35; 798.097; -0.09819996; 241.1668; Road; 7.892086; null
22; Pedestrian; Interference; Intention; 23.10.2023 15:26:35; 798.0637; -0.09819996; 241.1651; Road; 7.90978; null
22; Pedestrian; Interference; Intention; 23.10.2023 15:26:35; 798.0307; -0.09819996; 241.1632; Road; 7.929469; null
22; Pedestrian; Interference; Intention; 23.10.2023 15:26:35; 797.999; -0.09819996; 241.1614; Road; 7.952901; null
22; Pedestrian; Interference; Intention; 23.10.2023 15:26:35; 797.9686; -0.09819996; 241.1597; Road; 7.974543; null
22; Pedestrian; Interference; Intention; 23.10.2023 15:26:35; 797.9392; -0.09819996; 241.1579; Road; 7.998831; null
22; Pedestrian; Interference; Intention; 23.10.2023 15:26:35; 797.9392; -0.09819996; 241.1579; Road; 7.998831; null
22; Pedestrian; Interference; Intention; 23.10.2023 15:26:35; 797.9108; -0.09819996; 241.156; Road; 8.020592; null
22; Pedestrian; Interference; Intention; 23.10.2023 15:26:35; 797.8669; -0.09819996; 241.1529; Road; 8.053156; null
22; Pedestrian; Interference; Intention; 23.10.2023 15:26:35; 797.839; -0.09819996; 241.1511; Road; 8.073915; null
22; Pedestrian; Interference; Intention; 23.10.2023 15:26:35; 797.8254; -0.09819996; 241.1502; Road; 8.085618; null
22; Pedestrian; Interference; Intention; 23.10.2023 15:26:35; 797.8118; -0.09819996; 241.1494; Road; 8.096774; null
22; Pedestrian; Interference; Intention; 23.10.2023 15:26:36; 797.7718; -0.09819996; 241.1466; Road; 8.130398; null
22; Pedestrian; Interference; Intention; 23.10.2023 15:26:36; 797.7454; -0.09819996; 241.1447; Road; 8.152593; null
22; Pedestrian; Interference; Intention; 23.10.2023 15:26:36; 797.7325; -0.09819996; 241.1436; Road; 8.162765; null
22; Pedestrian; Interference; Intention; 23.10.2023 15:26:36; 797.6946; -0.09819996; 241.1403; Road; 8.198583; null
22; Pedestrian; Interference; Intention; 23.10.2023 15:26:36; 797.6818; -0.09819996; 241.1389; Road; 8.206964; null
22; Pedestrian; Interference; Intention; 23.10.2023 15:26:36; 797.6567; -0.09819996; 241.1362; Road; 8.229554; null
22; Pedestrian; Interference; Intention; 23.10.2023 15:26:36; 797.6317; -0.09819996; 241.1333; Road; 8.252011; null
22; Pedestrian; Interference; Intention; 23.10.2023 15:26:36; 797.6061; -0.09819996; 241.13; Road; 8.27405; null
22; Pedestrian; Interference; Intention; 23.10.2023 15:26:36; 797.5806; -0.09819996; 241.1264; Road; 8.296332; null
22; Pedestrian; Interference; Intention; 23.10.2023 15:26:36; 797.5684; -0.09819996; 241.1246; Road; 8.306484; null
22; Pedestrian; Interference; Intention; 23.10.2023 15:26:36; 797.5557; -0.09819996; 241.1224; Road; 8.318793; null
22; Pedestrian; Interference; Intention; 23.10.2023 15:26:36; 797.5179; -0.09819996; 241.1154; Road; 8.35166; null
22; Pedestrian; Interference; Intention; 23.10.2023 15:26:36; 797.4932; -0.09819996; 241.1106; Road; 8.373711; null
22; Pedestrian; Interference; Intention; 23.10.2023 15:26:36; 797.4677; -0.09819996; 241.1052; Road; 8.396306; null
22; Pedestrian; Interference; Intention; 23.10.2023 15:26:36; 797.4552; -0.09819996; 241.1024; Road; 8.406513; null
22; Pedestrian; Interference; Intention; 23.10.2023 15:26:36; 797.4285; -0.09819996; 241.0963; Road; 8.428695; null
22; Pedestrian; Interference; Intention; 23.10.2023 15:26:36; 797.4027; -0.09819996; 241.0904; Road; 8.451879; null
22; Pedestrian; Interference; Intention; 23.10.2023 15:26:36; 797.3791; -0.09819996; 241.0849; Road; 8.473636; null
22; Pedestrian; Interference; Intention; 23.10.2023 15:26:36; 797.3569; -0.09819996; 241.0793; Road; 8.496817; null
22; Pedestrian; Interference; Intention; 23.10.2023 15:26:36; 797.3457; -0.09819996; 241.0764; Road; 8.507272; null
22; Pedestrian; Interference; Intention; 23.10.2023 15:26:36; 797.324; -0.09819996; 241.0707; Road; 8.528688; null
22; Pedestrian; Interference; Intention; 23.10.2023 15:26:36; 797.3028; -0.09819996; 241.065; Road; 8.551729; null
22; Pedestrian; Interference; Intention; 23.10.2023 15:26:36; 797.2828; -0.09819996; 241.0596; Road; 8.573697; null
22; Pedestrian; Interference; Intention; 23.10.2023 15:26:36; 797.2634; -0.09819996; 241.0541; Road; 8.595761; null
22; Pedestrian; Interference; Intention; 23.10.2023 15:26:36; 797.2536; -0.09819996; 241.0513; Road; 8.607986; null
22; Pedestrian; Interference; Intention; 23.10.2023 15:26:36; 797.2442; -0.09819996; 241.0486; Road; 8.619363; null
22; Pedestrian; Interference; Intention; 23.10.2023 15:26:36; 797.2254; -0.09819996; 241.0431; Road; 8.642304; null
22; Pedestrian; Interference; Intention; 23.10.2023 15:26:36; 797.199; -0.09819996; 241.0354; Road; 8.673285; null
22; Pedestrian; Interference; Intention; 23.10.2023 15:26:36; 797.1824; -0.09819996; 241.0305; Road; 8.695753; null
22; Pedestrian; Interference; Intention; 23.10.2023 15:26:36; 797.1741; -0.09819996; 241.028; Road; 8.706857; null
22; Pedestrian; Interference; Intention; 23.10.2023 15:26:36; 797.1583; -0.09819996; 241.0234; Road; 8.728908; null
22; Pedestrian; Interference; Intention; 23.10.2023 15:26:36; 797.1431; -0.09819996; 241.0191; Road; 8.751872; null
22; Pedestrian; Interference; Intention; 23.10.2023 15:26:36; 797.1282; -0.09819996; 241.015; Road; 8.773623; null
22; Pedestrian; Interference; Intention; 23.10.2023 15:26:36; 797.1211; -0.09819996; 241.0131; Road; 8.784962; null
22; Pedestrian; Interference; Intention; 23.10.2023 15:26:36; 797.1145; -0.09819996; 241.0113; Road; 8.798363; null
22; Pedestrian; Interference; Intention; 23.10.2023 15:26:36; 797.0938; -0.09819996; 241.0064; Road; 8.830055; null
22; Pedestrian; Interference; Intention; 23.10.2023 15:26:36; 797.0804; -0.09819996; 241.0038; Road; 8.851997; null
22; Pedestrian; Interference; Intention; 23.10.2023 15:26:36; 797.0673; -0.09819996; 241.0017; Road; 8.87372; null
22; Pedestrian; Interference; Intention; 23.10.2023 15:26:36; 797.0532; -0.09819996; 240.9995; Road; 8.895736; null
22; Pedestrian; Interference; Intention; 23.10.2023 15:26:36; 797.0466; -0.09819996; 240.9988; Road; 8.906925; null
22; Pedestrian; Interference; Intention; 23.10.2023 15:26:36; 797.0328; -0.09819996; 240.9976; Road; 8.929157; null
22; Pedestrian; Interference; Intention; 23.10.2023 15:26:36; 797.0189; -0.09819996; 240.9967; Road; 8.952706; null
22; Pedestrian; Interference; Intention; 23.10.2023 15:26:36; 797.0052; -0.09819996; 240.9961; Road; 8.973954; null
22; Pedestrian; Interference; Intention; 23.10.2023 15:26:36; 796.9902; -0.09819996; 240.9957; Road; 8.995934; null
22; Pedestrian; Interference; Intention; 23.10.2023 15:26:36; 796.9832; -0.09819996; 240.9957; Road; 9.00642; null
22; Pedestrian; Interference; Intention; 23.10.2023 15:26:36; 796.9674; -0.09819996; 240.9956; Road; 9.029387; null
22; Pedestrian; Interference; Intention; 23.10.2023 15:26:36; 796.9511; -0.09819996; 240.9955; Road; 9.052097; null
22; Pedestrian; Interference; Intention; 23.10.2023 15:26:36; 796.9349; -0.09819996; 240.9959; Road; 9.07417; null
22; Pedestrian; Interference; Intention; 23.10.2023 15:26:36; 796.9273; -0.09819996; 240.9964; Road; 9.085248; null
22; Pedestrian; Interference; Intention; 23.10.2023 15:26:36; 796.9197; -0.09819996; 240.9967; Road; 9.096712; null
22; Pedestrian; Interference; Intention; 23.10.2023 15:26:37; 796.8962; -0.09819996; 240.9985;  After Road; 0; null
22; Pedestrian; Interference; Intention; 23.10.2023 15:26:37; 796.8809; -0.09819996; 240.9997;  After Road; 0.0182429; null
22; Pedestrian; Interference; Intention; 23.10.2023 15:26:37; 796.8658; -0.09819996; 241.001;  After Road; 0.0400454; null
22; Pedestrian; Interference; Intention; 23.10.2023 15:26:37; 796.8503; -0.09819996; 241.0025;  After Road; 0.0632142; null
22; Pedestrian; Interference; Intention; 23.10.2023 15:26:37; 796.8429; -0.09819996; 241.0032;  After Road; 0.0732378; null
22; Pedestrian; Interference; Intention; 23.10.2023 15:26:37; 796.8283; -0.09819996; 241.0048;  After Road; 0.0955874; null
22; Pedestrian; Interference; Intention; 23.10.2023 15:26:37; 796.8134; -0.09819996; 241.0063;  After Road; 0.1184719; null
22; Pedestrian; Interference; Intention; 23.10.2023 15:26:37; 796.7985; -0.09819996; 241.0078;  After Road; 0.1422349; null
22; Pedestrian; Interference; Intention; 23.10.2023 15:26:37; 796.7838; -0.09819996; 241.0096;  After Road; 0.1623166; null
22; Pedestrian; Interference; Intention; 23.10.2023 15:26:37; 796.7764; -0.09819996; 241.0105;  After Road; 0.1730583; null
22; Pedestrian; Interference; Intention; 23.10.2023 15:26:37; 796.7609; -0.09819996; 241.0089;  After Road; 0.1951059; null
22; Pedestrian; Interference; Intention; 23.10.2023 15:26:37; 796.7455; -0.09819996; 241.0113;  After Road; 0.2180547; null
22; Pedestrian; Interference; Intention; 23.10.2023 15:26:37; 796.73; -0.09819996; 241.0136;  After Road; 0.2401691; null
22; Pedestrian; Interference; Intention; 23.10.2023 15:26:37; 796.7151; -0.09819996; 241.0162;  After Road; 0.2626472; null
22; Pedestrian; Interference; Intention; 23.10.2023 15:26:37; 796.7151; -0.09819996; 241.0162;  After Road; 0.2626472; null
