user_id; scenario; distraction; ehmi; timestamp; userPositionX; userPositionY; userPositionZ; playerPositon; time; focused object
5; Pedestrian; None; Intention; 23.09.2023 12:21:37; 805.1; 0.04000002; 241; HI; null
5; Pedestrian; None; Intention; 23.09.2023 12:21:37; 805.2721; 0.2818002; 241; Sidewalk; 0.02; null
5; Pedestrian; None; Intention; 23.09.2023 12:21:38; 805.2721; 0.2818002; 241; Sidewalk; 0.02; null
5; Pedestrian; None; Intention; 23.09.2023 12:21:38; 805.2721; 0.2818002; 241; Sidewalk; 0.02; null
5; Pedestrian; None; Intention; 23.09.2023 12:21:38; 805.2721; 0.2818002; 241; Sidewalk; 0.02; null
5; Pedestrian; None; Intention; 23.09.2023 12:21:38; 805.2721; 0.2818002; 241; Sidewalk; 0.02; null
5; Pedestrian; None; Intention; 23.09.2023 12:21:38; 805.2721; 0.2818002; 241; Sidewalk; 0.02; null
5; Pedestrian; None; Intention; 23.09.2023 12:21:38; 805.2721; 0.2818002; 241; Sidewalk; 0.02; null
5; Pedestrian; None; Intention; 23.09.2023 12:21:38; 805.2721; 0.2818002; 241; Sidewalk; 0.02; null
5; Pedestrian; None; Intention; 23.09.2023 12:21:38; 805.2721; 0.2818002; 241; Sidewalk; 0.02; null
5; Pedestrian; None; Intention; 23.09.2023 12:21:38; 805.2721; 0.2818002; 241; Sidewalk; 0.02; null
5; Pedestrian; None; Intention; 23.09.2023 12:21:38; 805.2721; 0.2818002; 241; Sidewalk; 0.02; null
5; Pedestrian; None; Intention; 23.09.2023 12:21:38; 805.2721; 0.2818002; 241; Sidewalk; 0.02; null
5; Pedestrian; None; Intention; 23.09.2023 12:21:39; 805.2721; 0.2818002; 241; Sidewalk; 0.02; null
5; Pedestrian; None; Intention; 23.09.2023 12:21:39; 805.2721; 0.2818002; 241; Sidewalk; 0.02; null
5; Pedestrian; None; Intention; 23.09.2023 12:21:39; 805.2721; 0.2818002; 241; Sidewalk; 0.02; null
5; Pedestrian; None; Intention; 23.09.2023 12:21:39; 805.2721; 0.2818002; 241; Sidewalk; 0.02; null
5; Pedestrian; None; Intention; 23.09.2023 12:21:39; 805.2721; 0.2818002; 241; Sidewalk; 0.02; null
5; Pedestrian; None; Intention; 23.09.2023 12:21:39; 805.272; 0.2818002; 240.9827; Sidewalk; 0.04; null
5; Pedestrian; None; Intention; 23.09.2023 12:21:39; 805.272; 0.2818002; 240.9827; Sidewalk; 0.04; null
5; Pedestrian; None; Intention; 23.09.2023 12:21:39; 805.272; 0.2818002; 240.9827; Sidewalk; 0.04; null
5; Pedestrian; None; Intention; 23.09.2023 12:21:39; 805.272; 0.2818002; 240.9827; Sidewalk; 0.04; null
5; Pedestrian; None; Intention; 23.09.2023 12:21:39; 805.3015; 0.2818001; 240.9276; Sidewalk; 0.3733333; null
5; Pedestrian; None; Intention; 23.09.2023 12:21:39; 805.3179; 0.2818001; 240.9193; Sidewalk; 0.4536965; null
5; Pedestrian; None; Intention; 23.09.2023 12:21:39; 805.3311; 0.2818001; 240.9142; Sidewalk; 0.4964986; Checking Box Human Car
5; Pedestrian; None; Intention; 23.09.2023 12:21:39; 805.3353; 0.2818001; 240.9128; Sidewalk; 0.5075427; Checking Box Human Car
5; Pedestrian; None; Intention; 23.09.2023 12:21:39; 805.3432; 0.2818001; 240.9102; Sidewalk; 0.5282668; Checking Box Human Car
5; Pedestrian; None; Intention; 23.09.2023 12:21:39; 805.3539; 0.2818001; 240.9079; Sidewalk; 0.5539072; Checking Box Human Car
5; Pedestrian; None; Intention; 23.09.2023 12:21:39; 805.3539; 0.2818001; 240.9079; Sidewalk; 0.5539072; Checking Box Human Car
5; Pedestrian; None; Intention; 23.09.2023 12:21:39; 805.3653; 0.2818001; 240.9061; Sidewalk; 0.5984594; Checking Box Human Car
5; Pedestrian; None; Intention; 23.09.2023 12:21:39; 805.3653; 0.2818001; 240.9061; Sidewalk; 0.5984594; Checking Box Human Car
5; Pedestrian; None; Intention; 23.09.2023 12:21:39; 805.3693; 0.2818001; 240.9058; Sidewalk; 0.6240226; Checking Box Human Car
5; Pedestrian; None; Intention; 23.09.2023 12:21:39; 805.374; 0.2818001; 240.9057; Sidewalk; 0.6545554; Checking Box Human Car
5; Pedestrian; None; Intention; 23.09.2023 12:21:39; 805.3749; 0.2818001; 240.9058; Sidewalk; 0.663888; Checking Box Human Car
5; Pedestrian; None; Intention; 23.09.2023 12:21:39; 805.3774; 0.2818001; 240.9062; Sidewalk; 0.6984401; Checking Box AICar
5; Pedestrian; None; Intention; 23.09.2023 12:21:39; 805.3778; 0.2818001; 240.9063; Sidewalk; 0.7086728; Checking Box AICar
5; Pedestrian; None; Intention; 23.09.2023 12:21:39; 805.3782; 0.2818001; 240.9065; Sidewalk; 0.7309979; Checking Box AICar
5; Pedestrian; None; Intention; 23.09.2023 12:21:39; 805.3787; 0.2818001; 240.9067; Sidewalk; 0.7418119; Checking Box AICar
5; Pedestrian; None; Intention; 23.09.2023 12:21:39; 805.3789; 0.2818001; 240.9066; Sidewalk; 0.7646717; Checking Box AICar
5; Pedestrian; None; Intention; 23.09.2023 12:21:39; 805.3792; 0.2818001; 240.9068; Sidewalk; 0.7984536; Checking Box AICar
5; Pedestrian; None; Intention; 23.09.2023 12:21:39; 805.3793; 0.2818001; 240.9069; Sidewalk; 0.8087153; Checking Box AICar
5; Pedestrian; None; Intention; 23.09.2023 12:21:39; 805.3794; 0.2818001; 240.9072; Sidewalk; 0.8314166; Checking Box AICar
5; Pedestrian; None; Intention; 23.09.2023 12:21:39; 805.3785; 0.2818001; 240.9072; Sidewalk; 0.8531655; Checking Box AICar
5; Pedestrian; None; Intention; 23.09.2023 12:21:39; 805.3785; 0.2818001; 240.9074; Sidewalk; 0.8754196; Checking Box AICar
5; Pedestrian; None; Intention; 23.09.2023 12:21:39; 805.3784; 0.2818001; 240.9077; Sidewalk; 0.897189; Checking Box AICar
5; Pedestrian; None; Intention; 23.09.2023 12:21:39; 805.3784; 0.2818001; 240.9079; Sidewalk; 0.9081926; Checking Box AICar
5; Pedestrian; None; Intention; 23.09.2023 12:21:39; 805.3782; 0.2818001; 240.9081; Sidewalk; 0.9311891; Checking Box AICar
5; Pedestrian; None; Intention; 23.09.2023 12:21:39; 805.3777; 0.2818001; 240.9083; Sidewalk; 0.9523081; Checking Box AICar
5; Pedestrian; None; Intention; 23.09.2023 12:21:39; 805.3775; 0.2818001; 240.9087; Sidewalk; 0.9746306; Checking Box AICar
5; Pedestrian; None; Intention; 23.09.2023 12:21:39; 805.3773; 0.2818001; 240.9091; Sidewalk; 0.9975804; Checking Box AICar
5; Pedestrian; None; Intention; 23.09.2023 12:21:39; 805.3771; 0.2818001; 240.9093; Sidewalk; 1.007713; Checking Box AICar
5; Pedestrian; None; Intention; 23.09.2023 12:21:39; 805.3774; 0.2818001; 240.9099; Sidewalk; 1.030418; Checking Box AICar
5; Pedestrian; None; Intention; 23.09.2023 12:21:39; 805.3773; 0.2818001; 240.9105; Sidewalk; 1.05324; Checking Box AICar
5; Pedestrian; None; Intention; 23.09.2023 12:21:39; 805.3772; 0.2818001; 240.911; Sidewalk; 1.074784; Checking Box AICar
5; Pedestrian; None; Intention; 23.09.2023 12:21:39; 805.3768; 0.2818001; 240.9114; Sidewalk; 1.096688; Checking Box AICar
5; Pedestrian; None; Intention; 23.09.2023 12:21:39; 805.3763; 0.2818001; 240.9117; Sidewalk; 1.107991; Checking Box AICar
5; Pedestrian; None; Intention; 23.09.2023 12:21:39; 805.3762; 0.2818001; 240.912; Sidewalk; 1.119098; Checking Box AICar
5; Pedestrian; None; Intention; 23.09.2023 12:21:39; 805.3755; 0.2818001; 240.9124; Sidewalk; 1.142447; Checking Box AICar
5; Pedestrian; None; Intention; 23.09.2023 12:21:39; 805.3752; 0.2818001; 240.9128; Sidewalk; 1.167766; Checking Box AICar
5; Pedestrian; None; Intention; 23.09.2023 12:21:39; 805.3752; 0.2818001; 240.9133; Sidewalk; 1.187096; Checking Box AICar
5; Pedestrian; None; Intention; 23.09.2023 12:21:39; 805.3752; 0.2818001; 240.9133; Sidewalk; 1.187096; Checking Box AICar
5; Pedestrian; None; Intention; 23.09.2023 12:21:39; 805.3744; 0.2818001; 240.9139; Sidewalk; 1.220296; Checking Box AICar
5; Pedestrian; None; Intention; 23.09.2023 12:21:39; 805.3741; 0.2818001; 240.9142; Sidewalk; 1.248324; Checking Box AICar
5; Pedestrian; None; Intention; 23.09.2023 12:21:39; 805.3737; 0.2818001; 240.9144; Sidewalk; 1.271571; Checking Box AICar
5; Pedestrian; None; Intention; 23.09.2023 12:21:39; 805.373; 0.2818001; 240.9147; Sidewalk; 1.297227; Checking Box AICar
5; Pedestrian; None; Intention; 23.09.2023 12:21:39; 805.3727; 0.2818001; 240.9148; Sidewalk; 1.307653; Checking Box AICar
5; Pedestrian; None; Intention; 23.09.2023 12:21:39; 805.3726; 0.2818001; 240.9149; Sidewalk; 1.319114; Checking Box AICar
5; Pedestrian; None; Intention; 23.09.2023 12:21:39; 805.3721; 0.2818001; 240.915; Sidewalk; 1.35361; Checking Box AICar
5; Pedestrian; None; Intention; 23.09.2023 12:21:39; 805.3718; 0.2818001; 240.9149; Sidewalk; 1.375129; Checking Box AICar
5; Pedestrian; None; Intention; 23.09.2023 12:21:40; 805.3716; 0.2818001; 240.9148; Sidewalk; 1.397568; Checking Box AICar
5; Pedestrian; None; Intention; 23.09.2023 12:21:40; 805.3716; 0.2818001; 240.9148; Sidewalk; 1.397568; Checking Box AICar
5; Pedestrian; None; Intention; 23.09.2023 12:21:40; 805.3718; 0.2818001; 240.9147; Sidewalk; 1.431155; Checking Box AICar
5; Pedestrian; None; Intention; 23.09.2023 12:21:40; 805.3716; 0.2818001; 240.9146; Sidewalk; 1.44167; Checking Box AICar
5; Pedestrian; None; Intention; 23.09.2023 12:21:40; 805.3712; 0.2818001; 240.9146; Sidewalk; 1.46457; Checking Box AICar
5; Pedestrian; None; Intention; 23.09.2023 12:21:40; 805.3712; 0.2818001; 240.9145; Sidewalk; 1.487968; Checking Box AICar
5; Pedestrian; None; Intention; 23.09.2023 12:21:40; 805.3708; 0.2818001; 240.9144; Sidewalk; 1.5096; Checking Box AICar
5; Pedestrian; None; Intention; 23.09.2023 12:21:40; 805.3707; 0.2818001; 240.9144; Sidewalk; 1.531112; Checking Box AICar
5; Pedestrian; None; Intention; 23.09.2023 12:21:40; 805.3708; 0.2818001; 240.9141; Sidewalk; 1.552263; Checking Box AICar
5; Pedestrian; None; Intention; 23.09.2023 12:21:40; 805.3708; 0.2818001; 240.914; Sidewalk; 1.577257; Checking Box AICar
5; Pedestrian; None; Intention; 23.09.2023 12:21:40; 805.3709; 0.2818001; 240.9138; Sidewalk; 1.597328; Checking Box AICar
5; Pedestrian; None; Intention; 23.09.2023 12:21:40; 805.3709; 0.2818001; 240.9137; Sidewalk; 1.607603; Checking Box AICar
5; Pedestrian; None; Intention; 23.09.2023 12:21:40; 805.371; 0.2818001; 240.9134; Sidewalk; 1.63053; Checking Box AICar
5; Pedestrian; None; Intention; 23.09.2023 12:21:40; 805.3712; 0.2818001; 240.9131; Sidewalk; 1.654302; Checking Box AICar
5; Pedestrian; None; Intention; 23.09.2023 12:21:40; 805.3713; 0.2818001; 240.913; Sidewalk; 1.663252; Checking Box AICar
5; Pedestrian; None; Intention; 23.09.2023 12:21:40; 805.3717; 0.2818001; 240.9126; Sidewalk; 1.698216; Checking Box AICar
5; Pedestrian; None; Intention; 23.09.2023 12:21:40; 805.3718; 0.2818001; 240.9124; Sidewalk; 1.707368; Checking Box AICar
5; Pedestrian; None; Intention; 23.09.2023 12:21:40; 805.3719; 0.2818001; 240.9122; Sidewalk; 1.730212; Checking Box AICar
5; Pedestrian; None; Intention; 23.09.2023 12:21:40; 805.3722; 0.2818001; 240.912; Sidewalk; 1.753042; Checking Box AICar
5; Pedestrian; None; Intention; 23.09.2023 12:21:40; 805.3724; 0.2818001; 240.9117; Sidewalk; 1.774924; Checking Box AICar
5; Pedestrian; None; Intention; 23.09.2023 12:21:40; 805.3727; 0.2818001; 240.9114; Sidewalk; 1.797263; Checking Box AICar
5; Pedestrian; None; Intention; 23.09.2023 12:21:40; 805.3728; 0.2818001; 240.9113; Sidewalk; 1.808168; Checking Box AICar
5; Pedestrian; None; Intention; 23.09.2023 12:21:40; 805.3732; 0.2818001; 240.9109; Sidewalk; 1.830799; Checking Box AICar
5; Pedestrian; None; Intention; 23.09.2023 12:21:40; 805.3738; 0.2818001; 240.9106; Sidewalk; 1.853906; Checking Box AICar
5; Pedestrian; None; Intention; 23.09.2023 12:21:40; 805.3741; 0.2818001; 240.9103; Sidewalk; 1.863928; Checking Box AICar
5; Pedestrian; None; Intention; 23.09.2023 12:21:40; 805.3752; 0.2818001; 240.9095; Sidewalk; 1.898773; Checking Box AICar
5; Pedestrian; None; Intention; 23.09.2023 12:21:40; 805.3757; 0.2818001; 240.9092; Sidewalk; 1.908051; Checking Box AICar
5; Pedestrian; None; Intention; 23.09.2023 12:21:40; 805.3761; 0.2818001; 240.9089; Sidewalk; 1.919701; Checking Box AICar
5; Pedestrian; None; Intention; 23.09.2023 12:21:40; 805.3774; 0.2818001; 240.9083; Sidewalk; 1.942575; Checking Box AICar
5; Pedestrian; None; Intention; 23.09.2023 12:21:40; 805.3779; 0.2818001; 240.9078; Sidewalk; 1.964974; Checking Box AICar
5; Pedestrian; None; Intention; 23.09.2023 12:21:40; 805.3793; 0.2818001; 240.9068; Sidewalk; 1.998419; Checking Box AICar
5; Pedestrian; None; Intention; 23.09.2023 12:21:40; 805.3793; 0.2818001; 240.9068; Sidewalk; 1.998419; Checking Box AICar
5; Pedestrian; None; Intention; 23.09.2023 12:21:40; 805.3801; 0.2818001; 240.9063; Sidewalk; 2.020408; Checking Box AICar
5; Pedestrian; None; Intention; 23.09.2023 12:21:40; 805.3804; 0.2818001; 240.9057; Sidewalk; 2.042628; Checking Box AICar
5; Pedestrian; None; Intention; 23.09.2023 12:21:40; 805.3811; 0.2818001; 240.9053; Sidewalk; 2.065929; Checking Box AICar
5; Pedestrian; None; Intention; 23.09.2023 12:21:40; 805.3818; 0.2818001; 240.905; Sidewalk; 2.087604; Checking Box AICar
5; Pedestrian; None; Intention; 23.09.2023 12:21:40; 805.3821; 0.2818001; 240.9048; Sidewalk; 2.099326; Checking Box AICar
5; Pedestrian; None; Intention; 23.09.2023 12:21:40; 805.3829; 0.2818001; 240.9045; Sidewalk; 2.121186; Checking Box AICar
5; Pedestrian; None; Intention; 23.09.2023 12:21:40; 805.3836; 0.2818001; 240.9041; Sidewalk; 2.143536; Checking Box AICar
5; Pedestrian; None; Intention; 23.09.2023 12:21:40; 805.3843; 0.2818001; 240.9039; Sidewalk; 2.166205; Checking Box AICar
5; Pedestrian; None; Intention; 23.09.2023 12:21:40; 805.3848; 0.2818001; 240.9036; Sidewalk; 2.188007; Checking Box AICar
5; Pedestrian; None; Intention; 23.09.2023 12:21:40; 805.3851; 0.2818001; 240.9035; Sidewalk; 2.199534; Checking Box AICar
5; Pedestrian; None; Intention; 23.09.2023 12:21:40; 805.386; 0.2818001; 240.9033; Sidewalk; 2.221226; Checking Box AICar
5; Pedestrian; None; Intention; 23.09.2023 12:21:40; 805.3866; 0.2818001; 240.9032; Sidewalk; 2.242996; Checking Box AICar
5; Pedestrian; None; Intention; 23.09.2023 12:21:40; 805.387; 0.2818001; 240.9031; Sidewalk; 2.265143; Checking Box AICar
5; Pedestrian; None; Intention; 23.09.2023 12:21:40; 805.3882; 0.2818001; 240.9031; Sidewalk; 2.298927; Checking Box AICar
5; Pedestrian; None; Intention; 23.09.2023 12:21:40; 805.3882; 0.2818001; 240.9031; Sidewalk; 2.298927; Checking Box AICar
5; Pedestrian; None; Intention; 23.09.2023 12:21:40; 805.3889; 0.2818001; 240.9034; Sidewalk; 2.320687; Checking Box AICar
5; Pedestrian; None; Intention; 23.09.2023 12:21:40; 805.3898; 0.2818001; 240.9037; Sidewalk; 2.342856; Checking Box AICar
5; Pedestrian; None; Intention; 23.09.2023 12:21:40; 805.3905; 0.2818001; 240.9038; Sidewalk; 2.366095; Checking Box AICar
5; Pedestrian; None; Intention; 23.09.2023 12:21:41; 805.3911; 0.2818001; 240.904; Sidewalk; 2.386858; Checking Box AICar
5; Pedestrian; None; Intention; 23.09.2023 12:21:41; 805.3914; 0.2818001; 240.9041; Sidewalk; 2.398445; Checking Box AICar
5; Pedestrian; None; Intention; 23.09.2023 12:21:41; 805.3917; 0.2818001; 240.9044; Sidewalk; 2.420031; Checking Box AICar
5; Pedestrian; None; Intention; 23.09.2023 12:21:41; 805.3922; 0.2818001; 240.9046; Sidewalk; 2.442235; Checking Box AICar
5; Pedestrian; None; Intention; 23.09.2023 12:21:41; 805.3925; 0.2818001; 240.905; Sidewalk; 2.475535; Checking Box AICar
5; Pedestrian; None; Intention; 23.09.2023 12:21:41; 805.3925; 0.2818001; 240.9052; Sidewalk; 2.497647; Checking Box AICar
5; Pedestrian; None; Intention; 23.09.2023 12:21:41; 805.3925; 0.2818001; 240.9052; Sidewalk; 2.497647; Checking Box AICar
5; Pedestrian; None; Intention; 23.09.2023 12:21:41; 805.3924; 0.2818001; 240.9054; Sidewalk; 2.508834; Checking Box AICar
5; Pedestrian; None; Intention; 23.09.2023 12:21:41; 805.3917; 0.2818001; 240.9061; Sidewalk; 2.542441; Checking Box AICar
5; Pedestrian; None; Intention; 23.09.2023 12:21:41; 805.3894; 0.2818001; 240.9066; Sidewalk; 2.564671; Checking Box AICar
5; Pedestrian; None; Intention; 23.09.2023 12:21:41; 805.3862; 0.2818001; 240.9075; Sidewalk; 2.586713; Checking Box AICar
5; Pedestrian; None; Intention; 23.09.2023 12:21:41; 805.3841; 0.2818001; 240.9081; Sidewalk; 2.598017; Checking Box AICar
5; Pedestrian; None; Intention; 23.09.2023 12:21:41; 805.3782; 0.2818001; 240.9097; Sidewalk; 2.621286; Checking Box AICar
5; Pedestrian; None; Intention; 23.09.2023 12:21:41; 805.3709; 0.2818001; 240.9117; Sidewalk; 2.64298; Checking Box AICar
5; Pedestrian; None; Intention; 23.09.2023 12:21:41; 805.3625; 0.2818001; 240.9142; Sidewalk; 2.665922; Checking Box AICar
5; Pedestrian; None; Intention; 23.09.2023 12:21:41; 805.3536; 0.2818001; 240.9169; Sidewalk; 2.688051; Checking Box AICar
5; Pedestrian; None; Intention; 23.09.2023 12:21:41; 805.3489; 0.2818001; 240.9186; Sidewalk; 2.699698; Checking Box AICar
5; Pedestrian; None; Intention; 23.09.2023 12:21:41; 805.3382; 0.2818001; 240.9227; Sidewalk; 2.721086; Checking Box AICar
5; Pedestrian; None; Intention; 23.09.2023 12:21:41; 805.3273; 0.2818001; 240.9272; Sidewalk; 2.742627; Checking Box AICar
5; Pedestrian; None; Intention; 23.09.2023 12:21:41; 805.3142; 0.2818001; 240.9326; Sidewalk; 2.76529; null
5; Pedestrian; None; Intention; 23.09.2023 12:21:41; 805.303; 0.2818001; 240.9383; Sidewalk; 2.787259; null
5; Pedestrian; None; Intention; 23.09.2023 12:21:41; 805.2978; 0.2818001; 240.9416; Sidewalk; 2.799335; null
5; Pedestrian; None; Intention; 23.09.2023 12:21:41; 805.288; 0.2818001; 240.9481; Sidewalk; 2.820472; null
5; Pedestrian; None; Intention; 23.09.2023 12:21:41; 805.2802; 0.2818001; 240.9551; Sidewalk; 2.842849; null
5; Pedestrian; None; Intention; 23.09.2023 12:21:41; 805.27; 0.2818001; 240.9664; Sidewalk; 2.875716; null
5; Pedestrian; None; Intention; 23.09.2023 12:21:41; 805.2675; 0.2818001; 240.9703; Sidewalk; 2.886625; null
5; Pedestrian; None; Intention; 23.09.2023 12:21:41; 805.2658; 0.2818001; 240.9744; Sidewalk; 2.898701; null
5; Pedestrian; None; Intention; 23.09.2023 12:21:41; 805.2625; 0.2818001; 240.9821; Sidewalk; 2.920208; null
5; Pedestrian; None; Intention; 23.09.2023 12:21:41; 805.2612; 0.2818001; 240.9898; Sidewalk; 2.942537; null
5; Pedestrian; None; Intention; 23.09.2023 12:21:41; 805.2623; 0.2818001; 241.0007; Sidewalk; 2.975745; null
5; Pedestrian; None; Intention; 23.09.2023 12:21:41; 805.2637; 0.2818001; 241.0043; Sidewalk; 2.986513; null
5; Pedestrian; None; Intention; 23.09.2023 12:21:41; 805.266; 0.2818001; 241.011; Sidewalk; 3.009278; null
5; Pedestrian; None; Intention; 23.09.2023 12:21:41; 805.2702; 0.2818001; 241.0174; Sidewalk; 3.03121; null
5; Pedestrian; None; Intention; 23.09.2023 12:21:41; 805.2729; 0.2818001; 241.0204; Sidewalk; 3.042069; null
5; Pedestrian; None; Intention; 23.09.2023 12:21:41; 805.2814; 0.2818001; 241.0289; Sidewalk; 3.075522; null
5; Pedestrian; None; Intention; 23.09.2023 12:21:41; 805.2883; 0.2818001; 241.0339; Sidewalk; 3.097782; null
5; Pedestrian; None; Intention; 23.09.2023 12:21:41; 805.2883; 0.2818001; 241.0339; Sidewalk; 3.097782; null
5; Pedestrian; None; Intention; 23.09.2023 12:21:41; 805.2995; 0.2818001; 241.0404; Sidewalk; 3.129564; null
5; Pedestrian; None; Intention; 23.09.2023 12:21:41; 805.3037; 0.2818001; 241.0425; Sidewalk; 3.1422; null
5; Pedestrian; None; Intention; 23.09.2023 12:21:41; 805.3118; 0.2818001; 241.0462; Sidewalk; 3.164589; null
5; Pedestrian; None; Intention; 23.09.2023 12:21:41; 805.3199; 0.2818001; 241.0493; Sidewalk; 3.186814; null
5; Pedestrian; None; Intention; 23.09.2023 12:21:41; 805.3278; 0.2818001; 241.0519; Sidewalk; 3.20907; Checking Box Human Car
5; Pedestrian; None; Intention; 23.09.2023 12:21:41; 805.335; 0.2818001; 241.0542; Sidewalk; 3.231137; Checking Box Human Car
5; Pedestrian; None; Intention; 23.09.2023 12:21:41; 805.3383; 0.2818001; 241.055; Sidewalk; 3.242115; Checking Box Human Car
5; Pedestrian; None; Intention; 23.09.2023 12:21:41; 805.3452; 0.2818001; 241.0562; Sidewalk; 3.264893; Checking Box Human Car
5; Pedestrian; None; Intention; 23.09.2023 12:21:41; 805.3542; 0.2818001; 241.0576; Sidewalk; 3.298376; Checking Box Human Car
5; Pedestrian; None; Intention; 23.09.2023 12:21:41; 805.3542; 0.2818001; 241.0576; Sidewalk; 3.298376; Checking Box Human Car
5; Pedestrian; None; Intention; 23.09.2023 12:21:41; 805.3595; 0.2818001; 241.0584; Sidewalk; 3.320072; Checking Box Human Car
5; Pedestrian; None; Intention; 23.09.2023 12:21:41; 805.3643; 0.2818001; 241.0589; Sidewalk; 3.34235; Checking Box Human Car
5; Pedestrian; None; Intention; 23.09.2023 12:21:41; 805.368; 0.2818001; 241.0591; Sidewalk; 3.364699; Checking Box Human Car
5; Pedestrian; None; Intention; 23.09.2023 12:21:42; 805.3716; 0.2818001; 241.0592; Sidewalk; 3.386668; null
5; Pedestrian; None; Intention; 23.09.2023 12:21:42; 805.3746; 0.2818001; 241.0589; Sidewalk; 3.408995; null
5; Pedestrian; None; Intention; 23.09.2023 12:21:42; 805.376; 0.2818001; 241.0591; Sidewalk; 3.419906; null
5; Pedestrian; None; Intention; 23.09.2023 12:21:42; 805.3788; 0.2818001; 241.059; Sidewalk; 3.442398; null
5; Pedestrian; None; Intention; 23.09.2023 12:21:42; 805.3815; 0.2818001; 241.0589; Sidewalk; 3.475784; null
5; Pedestrian; None; Intention; 23.09.2023 12:21:42; 805.3819; 0.2818001; 241.0587; Sidewalk; 3.486626; null
5; Pedestrian; None; Intention; 23.09.2023 12:21:42; 805.3822; 0.2818001; 241.0585; Sidewalk; 3.498336; null
5; Pedestrian; None; Intention; 23.09.2023 12:21:42; 805.3829; 0.2818001; 241.0586; Sidewalk; 3.520593; null
5; Pedestrian; None; Intention; 23.09.2023 12:21:42; 805.3831; 0.2818001; 241.0587; Sidewalk; 3.543122; null
5; Pedestrian; None; Intention; 23.09.2023 12:21:42; 805.3806; 0.2818001; 241.0581; Sidewalk; 3.565598; null
5; Pedestrian; None; Intention; 23.09.2023 12:21:42; 805.3775; 0.2818001; 241.0578; Sidewalk; 3.587283; null
5; Pedestrian; None; Intention; 23.09.2023 12:21:42; 805.3754; 0.2818001; 241.0578; Sidewalk; 3.59913; null
5; Pedestrian; None; Intention; 23.09.2023 12:21:42; 805.369; 0.2818001; 241.0571; Sidewalk; 3.620679; null
5; Pedestrian; None; Intention; 23.09.2023 12:21:42; 805.3588; 0.2818001; 241.0561; Sidewalk; 3.6428; null
5; Pedestrian; None; Intention; 23.09.2023 12:21:42; 805.3454; 0.2818001; 241.0547; Sidewalk; 3.665956; null
5; Pedestrian; None; Intention; 23.09.2023 12:21:42; 805.3284; 0.2818001; 241.0525; Sidewalk; 3.688955; null
5; Pedestrian; None; Intention; 23.09.2023 12:21:42; 805.319; 0.2818001; 241.0512; Sidewalk; 3.699628; null
5; Pedestrian; None; Intention; 23.09.2023 12:21:42; 805.2991; 0.2818001; 241.0477; Sidewalk; 3.720263; null
5; Pedestrian; None; Intention; 23.09.2023 12:21:42; 805.2776; 0.2818001; 241.0425; Sidewalk; 3.742257; null
5; Pedestrian; None; Intention; 23.09.2023 12:21:42; 805.2566; 0.2818001; 241.0378; Sidewalk; 3.762046; Checking Box AICar
5; Pedestrian; None; Intention; 23.09.2023 12:21:42; 805.236; 0.2818001; 241.0315; Sidewalk; 3.786918; Checking Box AICar
5; Pedestrian; None; Intention; 23.09.2023 12:21:42; 805.2264; 0.2818001; 241.0281; Sidewalk; 3.798226; Checking Box AICar
5; Pedestrian; None; Intention; 23.09.2023 12:21:42; 805.2082; 0.2818001; 241.0214; Sidewalk; 3.820283; Checking Box AICar
5; Pedestrian; None; Intention; 23.09.2023 12:21:42; 805.1924; 0.2818001; 241.0144; Sidewalk; 3.842886; Checking Box AICar
5; Pedestrian; None; Intention; 23.09.2023 12:21:42; 805.1788; 0.2818001; 241.0075; Sidewalk; 3.865064; Checking Box AICar
5; Pedestrian; None; Intention; 23.09.2023 12:21:42; 805.1667; 0.2818001; 241.001; Sidewalk; 3.890435; Checking Box AICar
5; Pedestrian; None; Intention; 23.09.2023 12:21:42; 805.1612; 0.2818001; 240.9978; Sidewalk; 3.902045; Checking Box AICar
5; Pedestrian; None; Intention; 23.09.2023 12:21:42; 805.1517; 0.2818001; 240.9923; Sidewalk; 3.920138; Checking Box AICar
5; Pedestrian; None; Intention; 23.09.2023 12:21:42; 805.14; 0.2818001; 240.9851; Sidewalk; 3.953658; Checking Box AICar
5; Pedestrian; None; Intention; 23.09.2023 12:21:42; 805.136; 0.2818001; 240.9829; Sidewalk; 3.964424; Checking Box AICar
5; Pedestrian; None; Intention; 23.09.2023 12:21:42; 805.1254; 0.2818001; 240.9774; Sidewalk; 3.997934; null
5; Pedestrian; None; Intention; 23.09.2023 12:21:42; 805.1254; 0.2818001; 240.9774; Sidewalk; 3.997934; null
5; Pedestrian; None; Intention; 23.09.2023 12:21:42; 805.1201; 0.2818001; 240.9748; Sidewalk; 4.02026; null
5; Pedestrian; None; Intention; 23.09.2023 12:21:42; 805.1111; 0.2818001; 240.9716; Sidewalk; 4.053656; null
5; Pedestrian; None; Intention; 23.09.2023 12:21:42; 805.1075; 0.2818001; 240.9708; Sidewalk; 4.064291; null
5; Pedestrian; None; Intention; 23.09.2023 12:21:42; 805.0974; 0.2818001; 240.9686; Sidewalk; 4.097801; null
5; Pedestrian; None; Intention; 23.09.2023 12:21:42; 805.0945; 0.2818001; 240.968; Sidewalk; 4.108708; null
5; Pedestrian; None; Intention; 23.09.2023 12:21:42; 805.0916; 0.2818001; 240.9676; Sidewalk; 4.119982; null
5; Pedestrian; None; Intention; 23.09.2023 12:21:42; 805.085; 0.2818001; 240.9666; Sidewalk; 4.14224; null
5; Pedestrian; None; Intention; 23.09.2023 12:21:42; 805.0784; 0.2818001; 240.9659; Sidewalk; 4.164533; null
5; Pedestrian; None; Intention; 23.09.2023 12:21:42; 805.072; 0.2818001; 240.9655; Sidewalk; 4.187291; null
5; Pedestrian; None; Intention; 23.09.2023 12:21:42; 805.0691; 0.2818001; 240.9653; Sidewalk; 4.201297; null
5; Pedestrian; None; Intention; 23.09.2023 12:21:42; 805.0593; 0.2818001; 240.9644; Sidewalk; 4.231624; null
5; Pedestrian; None; Intention; 23.09.2023 12:21:42; 805.053; 0.2818001; 240.9637; Sidewalk; 4.253338; null
5; Pedestrian; None; Intention; 23.09.2023 12:21:42; 805.0469; 0.2818001; 240.9629; Sidewalk; 4.275152; null
5; Pedestrian; None; Intention; 23.09.2023 12:21:42; 805.0411; 0.2818001; 240.9623; Sidewalk; 4.297294; null
5; Pedestrian; None; Intention; 23.09.2023 12:21:42; 805.0385; 0.2818001; 240.9619; Sidewalk; 4.308373; null
5; Pedestrian; None; Intention; 23.09.2023 12:21:42; 805.0334; 0.2818001; 240.9614; Sidewalk; 4.331034; null
5; Pedestrian; None; Intention; 23.09.2023 12:21:42; 805.0315; 0.2818001; 240.9612; Sidewalk; 4.341551; null
5; Pedestrian; None; Intention; 23.09.2023 12:21:42; 805.0253; 0.2818001; 240.9607; Sidewalk; 4.376445; null
5; Pedestrian; None; Intention; 23.09.2023 12:21:43; 805.0214; 0.2818001; 240.9606; Sidewalk; 4.397308; null
5; Pedestrian; None; Intention; 23.09.2023 12:21:43; 805.0214; 0.2818001; 240.9606; Sidewalk; 4.397308; null
5; Pedestrian; None; Intention; 23.09.2023 12:21:43; 805.0166; 0.2818001; 240.9606; Sidewalk; 4.431311; null
5; Pedestrian; None; Intention; 23.09.2023 12:21:43; 805.0143; 0.2818001; 240.9608; Sidewalk; 4.453146; null
5; Pedestrian; None; Intention; 23.09.2023 12:21:43; 805.0129; 0.2818001; 240.9613; Sidewalk; 4.475164; null
5; Pedestrian; None; Intention; 23.09.2023 12:21:43; 805.0121; 0.2818001; 240.962; Sidewalk; 4.497496; null
5; Pedestrian; None; Intention; 23.09.2023 12:21:43; 805.0117; 0.2818001; 240.9623; Sidewalk; 4.508242; null
5; Pedestrian; None; Intention; 23.09.2023 12:21:43; 805.0109; 0.2818001; 240.963; Sidewalk; 4.531352; null
5; Pedestrian; None; Intention; 23.09.2023 12:21:43; 805.0106; 0.2818001; 240.9637; Sidewalk; 4.553414; null
5; Pedestrian; None; Intention; 23.09.2023 12:21:43; 805.0106; 0.2818001; 240.9644; Sidewalk; 4.574969; null
5; Pedestrian; None; Intention; 23.09.2023 12:21:43; 805.0103; 0.2818001; 240.9647; Sidewalk; 4.586413; null
5; Pedestrian; None; Intention; 23.09.2023 12:21:43; 805.01; 0.2818001; 240.9649; Sidewalk; 4.597397; null
5; Pedestrian; None; Intention; 23.09.2023 12:21:43; 805.0082; 0.2818001; 240.9646; Sidewalk; 4.631544; null
5; Pedestrian; None; Intention; 23.09.2023 12:21:43; 805.0069; 0.2818001; 240.9642; Sidewalk; 4.641706; null
5; Pedestrian; None; Intention; 23.09.2023 12:21:43; 805.0049; 0.2818001; 240.9634; Sidewalk; 4.664469; null
5; Pedestrian; None; Intention; 23.09.2023 12:21:43; 805.0019; 0.2818001; 240.9617; Sidewalk; 4.698885; null
5; Pedestrian; None; Intention; 23.09.2023 12:21:43; 805.0009; 0.2818001; 240.961; Sidewalk; 4.70746; null
5; Pedestrian; None; Intention; 23.09.2023 12:21:43; 804.9991; 0.2818001; 240.9592; Sidewalk; 4.730075; null
5; Pedestrian; None; Intention; 23.09.2023 12:21:43; 804.9969; 0.2818001; 240.9572; Sidewalk; 4.753213; null
5; Pedestrian; None; Intention; 23.09.2023 12:21:43; 804.9949; 0.2818001; 240.9551; Sidewalk; 4.774582; null
5; Pedestrian; None; Intention; 23.09.2023 12:21:43; 804.9929; 0.2818001; 240.9526; Sidewalk; 4.797049; null
5; Pedestrian; None; Intention; 23.09.2023 12:21:43; 804.9916; 0.2818001; 240.9512; Sidewalk; 4.80789; null
5; Pedestrian; None; Intention; 23.09.2023 12:21:43; 804.9893; 0.2818001; 240.948; Sidewalk; 4.830713; null
5; Pedestrian; None; Intention; 23.09.2023 12:21:43; 804.9869; 0.2818001; 240.9443; Sidewalk; 4.853485; null
5; Pedestrian; None; Intention; 23.09.2023 12:21:43; 804.9849; 0.2818001; 240.9403; Sidewalk; 4.874201; null
5; Pedestrian; None; Intention; 23.09.2023 12:21:43; 804.983; 0.2818001; 240.9358; Sidewalk; 4.896507; null
5; Pedestrian; None; Intention; 23.09.2023 12:21:43; 804.9822; 0.2818001; 240.9333; Sidewalk; 4.907482; null
5; Pedestrian; None; Intention; 23.09.2023 12:21:43; 804.9813; 0.2818001; 240.9282; Sidewalk; 4.930117; null
5; Pedestrian; None; Intention; 23.09.2023 12:21:43; 804.9812; 0.2818001; 240.9228; Sidewalk; 4.952284; null
5; Pedestrian; None; Intention; 23.09.2023 12:21:43; 804.9815; 0.2818001; 240.92; Sidewalk; 4.963157; null
5; Pedestrian; None; Intention; 23.09.2023 12:21:43; 804.9832; 0.2818001; 240.911; Sidewalk; 4.996232; Checking Box AICar
5; Pedestrian; None; Intention; 23.09.2023 12:21:43; 804.9831; 0.2818001; 240.9079; Sidewalk; 5.007411; Checking Box AICar
5; Pedestrian; None; Intention; 23.09.2023 12:21:43; 804.9833; 0.2818001; 240.9013; Sidewalk; 5.030639; Checking Box AICar
5; Pedestrian; None; Intention; 23.09.2023 12:21:43; 804.9842; 0.2818001; 240.8946; Sidewalk; 5.053286; Checking Box AICar
5; Pedestrian; None; Intention; 23.09.2023 12:21:43; 804.9847; 0.2818001; 240.8913; Sidewalk; 5.063056; Checking Box AICar
5; Pedestrian; None; Intention; 23.09.2023 12:21:43; 804.9859; 0.2818001; 240.8814; Sidewalk; 5.097947; Checking Box AICar
5; Pedestrian; None; Intention; 23.09.2023 12:21:43; 804.9866; 0.2818001; 240.8782; Sidewalk; 5.108233; Checking Box AICar
5; Pedestrian; None; Intention; 23.09.2023 12:21:43; 804.9885; 0.2818001; 240.8719; Sidewalk; 5.131457; Checking Box AICar
5; Pedestrian; None; Intention; 23.09.2023 12:21:43; 804.9906; 0.2818001; 240.866; Sidewalk; 5.153005; Checking Box AICar
5; Pedestrian; None; Intention; 23.09.2023 12:21:43; 804.9921; 0.2818001; 240.8607; Sidewalk; 5.175396; Checking Box AICar
5; Pedestrian; None; Intention; 23.09.2023 12:21:43; 804.9926; 0.2818001; 240.8581; Sidewalk; 5.186385; Checking Box AICar
5; Pedestrian; None; Intention; 23.09.2023 12:21:43; 804.9933; 0.2818001; 240.8537; Sidewalk; 5.209024; Checking Box AICar
5; Pedestrian; None; Intention; 23.09.2023 12:21:43; 804.9936; 0.2818001; 240.8516; Sidewalk; 5.219758; Checking Box AICar
5; Pedestrian; None; Intention; 23.09.2023 12:21:43; 804.9942; 0.2818001; 240.8466; Sidewalk; 5.253335; Checking Box AICar
5; Pedestrian; None; Intention; 23.09.2023 12:21:43; 804.9933; 0.2818001; 240.8442; Sidewalk; 5.274925; Checking Box AICar
5; Pedestrian; None; Intention; 23.09.2023 12:21:43; 804.9924; 0.2818001; 240.8433; Sidewalk; 5.286213; null
5; Pedestrian; None; Intention; 23.09.2023 12:21:43; 804.9897; 0.2818001; 240.8416; Sidewalk; 5.309223; null
5; Pedestrian; None; Intention; 23.09.2023 12:21:43; 804.986; 0.2818001; 240.84; Sidewalk; 5.330814; null
5; Pedestrian; None; Intention; 23.09.2023 12:21:43; 804.9837; 0.2818001; 240.8394; Sidewalk; 5.341803; null
5; Pedestrian; None; Intention; 23.09.2023 12:21:43; 804.9764; 0.2818001; 240.8375; Sidewalk; 5.375375; Checking Box Human Car
5; Pedestrian; None; Intention; 23.09.2023 12:21:44; 804.9713; 0.2818001; 240.8367; Sidewalk; 5.397965; Checking Box Human Car
5; Pedestrian; None; Intention; 23.09.2023 12:21:44; 804.9684; 0.2818001; 240.8364; Sidewalk; 5.408362; Checking Box Human Car
5; Pedestrian; None; Intention; 23.09.2023 12:21:44; 804.9658; 0.2818001; 240.8361; Sidewalk; 5.419751; Checking Box Human Car
5; Pedestrian; None; Intention; 23.09.2023 12:21:44; 804.9573; 0.2818001; 240.8352; Sidewalk; 5.452995; Checking Box Human Car
5; Pedestrian; None; Intention; 23.09.2023 12:21:44; 804.9548; 0.2818001; 240.8353; Sidewalk; 5.475615; Checking Box Human Car
5; Pedestrian; None; Intention; 23.09.2023 12:21:44; 804.9516; 0.2818001; 240.8352; Sidewalk; 5.486629; Checking Box Human Car
5; Pedestrian; None; Intention; 23.09.2023 12:21:44; 804.9485; 0.2818001; 240.835; Sidewalk; 5.498107; Checking Box Human Car
5; Pedestrian; None; Intention; 23.09.2023 12:21:44; 804.9385; 0.2818001; 240.8346; Sidewalk; 5.531877; Checking Box Human Car
5; Pedestrian; None; Intention; 23.09.2023 12:21:44; 804.9312; 0.2818001; 240.8346; Sidewalk; 5.554145; Checking Box Human Car
5; Pedestrian; None; Intention; 23.09.2023 12:21:44; 804.924; 0.2818001; 240.8349; Sidewalk; 5.574892; Checking Box Human Car
5; Pedestrian; None; Intention; 23.09.2023 12:21:44; 804.9167; 0.2818001; 240.8356; Sidewalk; 5.597269; Checking Box Human Car
5; Pedestrian; None; Intention; 23.09.2023 12:21:44; 804.9167; 0.2818001; 240.8356; Sidewalk; 5.597269; Checking Box Human Car
5; Pedestrian; None; Intention; 23.09.2023 12:21:44; 804.91; 0.2818001; 240.837; Sidewalk; 5.620045; Checking Box Human Car
5; Pedestrian; None; Intention; 23.09.2023 12:21:44; 804.903; 0.2818001; 240.8384; Sidewalk; 5.640924; Checking Box Human Car
5; Pedestrian; None; Intention; 23.09.2023 12:21:44; 804.8962; 0.2818001; 240.8403; Sidewalk; 5.664742; Checking Box Human Car
5; Pedestrian; None; Intention; 23.09.2023 12:21:44; 804.8865; 0.2818001; 240.8438; Sidewalk; 5.698364; Checking Box Human Car
5; Pedestrian; None; Intention; 23.09.2023 12:21:44; 804.8834; 0.2818001; 240.845; Sidewalk; 5.708296; Checking Box Human Car
5; Pedestrian; None; Intention; 23.09.2023 12:21:44; 804.8767; 0.2818001; 240.8477; Sidewalk; 5.731435; Checking Box Human Car
5; Pedestrian; None; Intention; 23.09.2023 12:21:44; 804.8701; 0.2818001; 240.8503; Sidewalk; 5.75297; Checking Box Human Car
5; Pedestrian; None; Intention; 23.09.2023 12:21:44; 804.8665; 0.2818001; 240.8517; Sidewalk; 5.764059; Checking Box Human Car
5; Pedestrian; None; Intention; 23.09.2023 12:21:44; 804.8602; 0.2818001; 240.8544; Sidewalk; 5.787028; Checking Box Human Car
5; Pedestrian; None; Intention; 23.09.2023 12:21:44; 804.8531; 0.2818001; 240.8572; Sidewalk; 5.809064; Checking Box Human Car
5; Pedestrian; None; Intention; 23.09.2023 12:21:44; 804.8464; 0.2818001; 240.86; Sidewalk; 5.830598; Checking Box Human Car
5; Pedestrian; None; Intention; 23.09.2023 12:21:44; 804.8394; 0.2818001; 240.8628; Sidewalk; 5.853249; Checking Box Human Car
5; Pedestrian; None; Intention; 23.09.2023 12:21:44; 804.8318; 0.2818001; 240.8655; Sidewalk; 5.875592; Checking Box Human Car
5; Pedestrian; None; Intention; 23.09.2023 12:21:44; 804.8282; 0.2818001; 240.8669; Sidewalk; 5.886643; Checking Box Human Car
5; Pedestrian; None; Intention; 23.09.2023 12:21:44; 804.8245; 0.2818001; 240.8682; Sidewalk; 5.897598; Checking Box Human Car
5; Pedestrian; None; Intention; 23.09.2023 12:21:44; 804.8171; 0.2818001; 240.8707; Sidewalk; 5.923465; Checking Box Human Car
5; Pedestrian; None; Intention; 23.09.2023 12:21:44; 804.8063; 0.2818001; 240.8745; Sidewalk; 5.950837; Checking Box Human Car
5; Pedestrian; None; Intention; 23.09.2023 12:21:44; 804.7991; 0.2818001; 240.8771; Sidewalk; 5.97292; Checking Box Human Car
5; Pedestrian; None; Intention; 23.09.2023 12:21:44; 804.7922; 0.2818001; 240.8793; Sidewalk; 5.995173; Checking Box Human Car
5; Pedestrian; None; Intention; 23.09.2023 12:21:44; 804.7889; 0.2818001; 240.8802; Sidewalk; 6.006533; Checking Box Human Car
5; Pedestrian; None; Intention; 23.09.2023 12:21:44; 804.7823; 0.2818001; 240.8823; Sidewalk; 6.028543; Checking Box Human Car
5; Pedestrian; None; Intention; 23.09.2023 12:21:44; 804.776; 0.2818001; 240.8841; Sidewalk; 6.050842; Checking Box Human Car
5; Pedestrian; None; Intention; 23.09.2023 12:21:44; 804.77; 0.2818001; 240.8857; Sidewalk; 6.073015; Checking Box Human Car
5; Pedestrian; None; Intention; 23.09.2023 12:21:44; 804.7639; 0.2818001; 240.8871; Sidewalk; 6.095759; Checking Box Human Car
5; Pedestrian; None; Intention; 23.09.2023 12:21:44; 804.761; 0.2818001; 240.8878; Sidewalk; 6.106669; Checking Box Human Car
5; Pedestrian; None; Intention; 23.09.2023 12:21:44; 804.7557; 0.2818001; 240.889; Sidewalk; 6.127844; Checking Box Human Car
5; Pedestrian; None; Intention; 23.09.2023 12:21:44; 804.7504; 0.2818001; 240.89; Sidewalk; 6.127844; Checking Box Human Car
5; Pedestrian; None; Intention; 23.09.2023 12:21:44; 804.7452; 0.2818001; 240.8906; Road; 0; Checking Box Human Car
5; Pedestrian; None; Intention; 23.09.2023 12:21:44; 804.74; 0.2818001; 240.891; Road; 0.0223403; Checking Box Human Car
5; Pedestrian; None; Intention; 23.09.2023 12:21:44; 804.7369; 0.2818001; 240.8911; Road; 0.0333741; Checking Box Human Car
5; Pedestrian; None; Intention; 23.09.2023 12:21:44; 804.7314; 0.2818001; 240.8912; Road; 0.0554062; Checking Box Human Car
5; Pedestrian; None; Intention; 23.09.2023 12:21:44; 804.726; 0.2818001; 240.8911; Road; 0.0779298; Checking Box Human Car
5; Pedestrian; None; Intention; 23.09.2023 12:21:44; 804.7237; 0.2818001; 240.8909; Road; 0.0887589; Checking Box Human Car
5; Pedestrian; None; Intention; 23.09.2023 12:21:44; 804.7154; 0.2818001; 240.8909; Road; 0.1222285; Checking Box Human Car
5; Pedestrian; None; Intention; 23.09.2023 12:21:44; 804.7127; 0.2818001; 240.8908; Road; 0.1341933; Checking Box Human Car
5; Pedestrian; None; Intention; 23.09.2023 12:21:44; 804.7078; 0.2818001; 240.8902; Road; 0.1561903; Checking Box Human Car
5; Pedestrian; None; Intention; 23.09.2023 12:21:44; 804.7027; 0.2818001; 240.8894; Road; 0.1788062; Checking Box Human Car
5; Pedestrian; None; Intention; 23.09.2023 12:21:44; 804.6987; 0.2818001; 240.889; Road; 0.2016085; Checking Box Human Car
5; Pedestrian; None; Intention; 23.09.2023 12:21:45; 804.6946; 0.2818001; 240.8885; Road; 0.2245989; Checking Box Human Car
5; Pedestrian; None; Intention; 23.09.2023 12:21:45; 804.6946; 0.2818001; 240.8885; Road; 0.2245989; Checking Box Human Car
5; Pedestrian; None; Intention; 23.09.2023 12:21:45; 804.6889; 0.2818001; 240.8875; Road; 0.2591414; Checking Box Human Car
5; Pedestrian; None; Intention; 23.09.2023 12:21:45; 804.6857; 0.2818001; 240.8868; Road; 0.2800274; Checking Box Human Car
5; Pedestrian; None; Intention; 23.09.2023 12:21:45; 804.6826; 0.2818001; 240.8863; Road; 0.3022437; Checking Box Human Car
5; Pedestrian; None; Intention; 23.09.2023 12:21:45; 804.6797; 0.2818001; 240.8858; Road; 0.3246114; Checking Box Human Car
5; Pedestrian; None; Intention; 23.09.2023 12:21:45; 804.6784; 0.2818001; 240.8856; Road; 0.3351036; Checking Box Human Car
5; Pedestrian; None; Intention; 23.09.2023 12:21:45; 804.6762; 0.2818001; 240.8849; Road; 0.3576467; Checking Box Human Car
5; Pedestrian; None; Intention; 23.09.2023 12:21:45; 804.6738; 0.2818001; 240.8844; Road; 0.3812324; Checking Box Human Car
5; Pedestrian; None; Intention; 23.09.2023 12:21:45; 804.6714; 0.2818001; 240.884; Road; 0.4014591; Checking Box Human Car
5; Pedestrian; None; Intention; 23.09.2023 12:21:45; 804.6693; 0.2818001; 240.8834; Road; 0.4244206; Checking Box Human Car
5; Pedestrian; None; Intention; 23.09.2023 12:21:45; 804.6693; 0.2818001; 240.8834; Road; 0.4244206; Checking Box Human Car
5; Pedestrian; None; Intention; 23.09.2023 12:21:45; 804.6665; 0.2818001; 240.8827; Road; 0.4573212; Checking Box Human Car
5; Pedestrian; None; Intention; 23.09.2023 12:21:45; 804.6649; 0.2818001; 240.8823; Road; 0.4798048; null
5; Pedestrian; None; Intention; 23.09.2023 12:21:45; 804.6639; 0.2818001; 240.882; Road; 0.4902669; null
5; Pedestrian; None; Intention; 23.09.2023 12:21:45; 804.6615; 0.2818001; 240.8812; Road; 0.5251787; null
5; Pedestrian; None; Intention; 23.09.2023 12:21:45; 804.6609; 0.2818001; 240.8809; Road; 0.5338465; Checking Box AICar
5; Pedestrian; None; Intention; 23.09.2023 12:21:45; 804.6594; 0.2818001; 240.8805; Road; 0.5561585; Checking Box AICar
5; Pedestrian; None; Intention; 23.09.2023 12:21:45; 804.6581; 0.2818001; 240.8799; Road; 0.5782498; Checking Box AICar
5; Pedestrian; None; Intention; 23.09.2023 12:21:45; 804.6569; 0.2818001; 240.8794; Road; 0.6032679; Checking Box AICar
5; Pedestrian; None; Intention; 23.09.2023 12:21:45; 804.656; 0.2818001; 240.8788; Road; 0.62284; Checking Box AICar
5; Pedestrian; None; Intention; 23.09.2023 12:21:45; 804.6557; 0.2818001; 240.8785; Road; 0.63406; Checking Box AICar
5; Pedestrian; None; Intention; 23.09.2023 12:21:45; 804.655; 0.2818001; 240.8779; Road; 0.6573768; Checking Box AICar
5; Pedestrian; None; Intention; 23.09.2023 12:21:45; 804.6542; 0.2818001; 240.8772; Road; 0.6784612; Checking Box AICar
5; Pedestrian; None; Intention; 23.09.2023 12:21:45; 804.6538; 0.2818001; 240.8766; Road; 0.7008845; Checking Box AICar
5; Pedestrian; None; Intention; 23.09.2023 12:21:45; 804.6534; 0.2818001; 240.8763; Road; 0.7119259; Checking Box AICar
5; Pedestrian; None; Intention; 23.09.2023 12:21:45; 804.6531; 0.2818001; 240.876; Road; 0.7240138; Checking Box AICar
5; Pedestrian; None; Intention; 23.09.2023 12:21:45; 804.6525; 0.2818001; 240.8753; Road; 0.7571846; Checking Box AICar
5; Pedestrian; None; Intention; 23.09.2023 12:21:45; 804.6523; 0.2818001; 240.8749; Road; 0.7793378; Checking Box AICar
5; Pedestrian; None; Intention; 23.09.2023 12:21:45; 804.6516; 0.2818001; 240.8746; Road; 0.8010132; Checking Box AICar
5; Pedestrian; None; Intention; 23.09.2023 12:21:45; 804.6515; 0.2818001; 240.8745; Road; 0.8125693; Checking Box AICar
5; Pedestrian; None; Intention; 23.09.2023 12:21:45; 804.6512; 0.2818001; 240.8744; Road; 0.8267531; Checking Box AICar
5; Pedestrian; None; Intention; 23.09.2023 12:21:45; 804.6506; 0.2818001; 240.8742; Road; 0.856666; Checking Box AICar
5; Pedestrian; None; Intention; 23.09.2023 12:21:45; 804.6504; 0.2818001; 240.8741; Road; 0.8781803; Checking Box AICar
5; Pedestrian; None; Intention; 23.09.2023 12:21:45; 804.6498; 0.2818001; 240.8741; Road; 0.90183; Checking Box AICar
5; Pedestrian; None; Intention; 23.09.2023 12:21:45; 804.6495; 0.2818001; 240.874; Road; 0.9229916; Checking Box AICar
5; Pedestrian; None; Intention; 23.09.2023 12:21:45; 804.6494; 0.2818001; 240.8741; Road; 0.9350163; Checking Box AICar
5; Pedestrian; None; Intention; 23.09.2023 12:21:45; 804.6494; 0.2818001; 240.8744; Road; 0.9563143; Checking Box AICar
5; Pedestrian; None; Intention; 23.09.2023 12:21:45; 804.6491; 0.2818001; 240.8746; Road; 0.9787449; Checking Box AICar
5; Pedestrian; None; Intention; 23.09.2023 12:21:45; 804.649; 0.2818001; 240.875; Road; 1.001259; Checking Box AICar
5; Pedestrian; None; Intention; 23.09.2023 12:21:45; 804.649; 0.2818001; 240.8754; Road; 1.023276; Checking Box AICar
5; Pedestrian; None; Intention; 23.09.2023 12:21:45; 804.649; 0.2818001; 240.8757; Road; 1.033998; Checking Box AICar
5; Pedestrian; None; Intention; 23.09.2023 12:21:45; 804.6487; 0.2818001; 240.8762; Road; 1.056203; Checking Box AICar
5; Pedestrian; None; Intention; 23.09.2023 12:21:45; 804.6486; 0.2818001; 240.8767; Road; 1.078725; Checking Box AICar
5; Pedestrian; None; Intention; 23.09.2023 12:21:45; 804.6484; 0.2818001; 240.8772; Road; 1.100998; Checking Box AICar
5; Pedestrian; None; Intention; 23.09.2023 12:21:45; 804.6483; 0.2818001; 240.8774; Road; 1.112027; Checking Box AICar
5; Pedestrian; None; Intention; 23.09.2023 12:21:45; 804.6483; 0.2818001; 240.8777; Road; 1.1234; Checking Box AICar
5; Pedestrian; None; Intention; 23.09.2023 12:21:45; 804.6475; 0.2818001; 240.8784; Road; 1.160808; Checking Box AICar
5; Pedestrian; None; Intention; 23.09.2023 12:21:45; 804.6475; 0.2818001; 240.8789; Road; 1.177503; Checking Box AICar
5; Pedestrian; None; Intention; 23.09.2023 12:21:45; 804.6474; 0.2818001; 240.8796; Road; 1.200585; Checking Box AICar
5; Pedestrian; None; Intention; 23.09.2023 12:21:46; 804.6475; 0.2818001; 240.8802; Road; 1.222178; Checking Box AICar
5; Pedestrian; None; Intention; 23.09.2023 12:21:46; 804.6476; 0.2818001; 240.8806; Road; 1.233049; Checking Box AICar
5; Pedestrian; None; Intention; 23.09.2023 12:21:46; 804.6476; 0.2818001; 240.8812; Road; 1.255004; Checking Box AICar
5; Pedestrian; None; Intention; 23.09.2023 12:21:46; 804.6476; 0.2818001; 240.8818; Road; 1.277402; Checking Box AICar
5; Pedestrian; None; Intention; 23.09.2023 12:21:46; 804.6472; 0.2818001; 240.8824; Road; 1.300297; Checking Box AICar
5; Pedestrian; None; Intention; 23.09.2023 12:21:46; 804.6471; 0.2818001; 240.8826; Road; 1.310445; Checking Box AICar
5; Pedestrian; None; Intention; 23.09.2023 12:21:46; 804.6472; 0.2818001; 240.883; Road; 1.321721; Checking Box AICar
5; Pedestrian; None; Intention; 23.09.2023 12:21:46; 804.6469; 0.2818001; 240.8841; Road; 1.35592; Checking Box AICar
5; Pedestrian; None; Intention; 23.09.2023 12:21:46; 804.6468; 0.2818001; 240.8848; Road; 1.377881; Checking Box AICar
5; Pedestrian; None; Intention; 23.09.2023 12:21:46; 804.6464; 0.2818001; 240.8855; Road; 1.400955; Checking Box AICar
5; Pedestrian; None; Intention; 23.09.2023 12:21:46; 804.6458; 0.2818001; 240.8861; Road; 1.421988; Checking Box AICar
5; Pedestrian; None; Intention; 23.09.2023 12:21:46; 804.6454; 0.2818001; 240.8865; Road; 1.433567; Checking Box AICar
5; Pedestrian; None; Intention; 23.09.2023 12:21:46; 804.6451; 0.2818001; 240.8872; Road; 1.455297; Checking Box AICar
5; Pedestrian; None; Intention; 23.09.2023 12:21:46; 804.6444; 0.2818001; 240.8879; Road; 1.477832; Checking Box AICar
5; Pedestrian; None; Intention; 23.09.2023 12:21:46; 804.6437; 0.2818001; 240.8886; Road; 1.500268; Checking Box AICar
5; Pedestrian; None; Intention; 23.09.2023 12:21:46; 804.6428; 0.2818001; 240.8891; Road; 1.522562; Checking Box AICar
5; Pedestrian; None; Intention; 23.09.2023 12:21:46; 804.6424; 0.2818001; 240.8895; Road; 1.533336; Checking Box AICar
5; Pedestrian; None; Intention; 23.09.2023 12:21:46; 804.6414; 0.2818001; 240.89; Road; 1.555375; Checking Box AICar
5; Pedestrian; None; Intention; 23.09.2023 12:21:46; 804.6404; 0.2818001; 240.8906; Road; 1.577296; Checking Box AICar
5; Pedestrian; None; Intention; 23.09.2023 12:21:46; 804.6393; 0.2818001; 240.8913; Road; 1.600904; Checking Box AICar
5; Pedestrian; None; Intention; 23.09.2023 12:21:46; 804.6382; 0.2818001; 240.8919; Road; 1.623404; Checking Box AICar
5; Pedestrian; None; Intention; 23.09.2023 12:21:46; 804.6376; 0.2818001; 240.8921; Road; 1.635032; Checking Box AICar
5; Pedestrian; None; Intention; 23.09.2023 12:21:46; 804.6359; 0.2818001; 240.8925; Road; 1.658111; Checking Box AICar
5; Pedestrian; None; Intention; 23.09.2023 12:21:46; 804.6342; 0.2818001; 240.8928; Road; 1.680653; Checking Box AICar
5; Pedestrian; None; Intention; 23.09.2023 12:21:46; 804.6328; 0.2818001; 240.8932; Road; 1.702272; Checking Box AICar
5; Pedestrian; None; Intention; 23.09.2023 12:21:46; 804.6311; 0.2818001; 240.8934; Road; 1.724354; Checking Box AICar
5; Pedestrian; None; Intention; 23.09.2023 12:21:46; 804.6302; 0.2818001; 240.8936; Road; 1.735108; Checking Box AICar
5; Pedestrian; None; Intention; 23.09.2023 12:21:46; 804.6284; 0.2818001; 240.8939; Road; 1.757618; Checking Box AICar
5; Pedestrian; None; Intention; 23.09.2023 12:21:46; 804.6266; 0.2818001; 240.8943; Road; 1.779926; Checking Box AICar
5; Pedestrian; None; Intention; 23.09.2023 12:21:46; 804.6248; 0.2818001; 240.8947; Road; 1.802202; Checking Box AICar
5; Pedestrian; None; Intention; 23.09.2023 12:21:46; 804.6228; 0.2818001; 240.8951; Road; 1.82452; Checking Box AICar
5; Pedestrian; None; Intention; 23.09.2023 12:21:46; 804.6217; 0.2818001; 240.8953; Road; 1.835763; Checking Box AICar
5; Pedestrian; None; Intention; 23.09.2023 12:21:46; 804.6199; 0.2818001; 240.8957; Road; 1.857333; Checking Box AICar
5; Pedestrian; None; Intention; 23.09.2023 12:21:46; 804.6181; 0.2818001; 240.8963; Road; 1.880051; Checking Box AICar
5; Pedestrian; None; Intention; 23.09.2023 12:21:46; 804.6168; 0.2818001; 240.8965; Road; 1.890556; Checking Box AICar
5; Pedestrian; None; Intention; 23.09.2023 12:21:46; 804.615; 0.2818001; 240.8971; Road; 1.919901; Checking Box AICar
5; Pedestrian; None; Intention; 23.09.2023 12:21:46; 804.6133; 0.2818001; 240.8977; Road; 1.938995; Checking Box AICar
5; Pedestrian; None; Intention; 23.09.2023 12:21:46; 804.6127; 0.2818001; 240.8979; Road; 1.94666; Checking Box AICar
5; Pedestrian; None; Intention; 23.09.2023 12:21:46; 804.6102; 0.2818001; 240.8985; Road; 1.977207; Checking Box AICar
5; Pedestrian; None; Intention; 23.09.2023 12:21:46; 804.6085; 0.2818001; 240.8988; Road; 2.000211; Checking Box AICar
5; Pedestrian; None; Intention; 23.09.2023 12:21:46; 804.6071; 0.2818001; 240.8991; Road; 2.022942; Checking Box AICar
5; Pedestrian; None; Intention; 23.09.2023 12:21:46; 804.6064; 0.2818001; 240.8993; Road; 2.032834; Checking Box AICar
5; Pedestrian; None; Intention; 23.09.2023 12:21:46; 804.6051; 0.2818001; 240.8995; Road; 2.055697; Checking Box AICar
5; Pedestrian; None; Intention; 23.09.2023 12:21:46; 804.6038; 0.2818001; 240.8997; Road; 2.076761; Checking Box AICar
5; Pedestrian; None; Intention; 23.09.2023 12:21:46; 804.6024; 0.2818001; 240.8996; Road; 2.100245; Checking Box AICar
5; Pedestrian; None; Intention; 23.09.2023 12:21:46; 804.6016; 0.2818001; 240.8996; Road; 2.121871; Checking Box AICar
5; Pedestrian; None; Intention; 23.09.2023 12:21:46; 804.601; 0.2818001; 240.8995; Road; 2.132732; Checking Box AICar
5; Pedestrian; None; Intention; 23.09.2023 12:21:46; 804.5999; 0.2818001; 240.8994; Road; 2.154792; Checking Box AICar
5; Pedestrian; None; Intention; 23.09.2023 12:21:46; 804.5986; 0.2818001; 240.8994; Road; 2.177045; Checking Box AICar
5; Pedestrian; None; Intention; 23.09.2023 12:21:46; 804.5972; 0.2818001; 240.8992; Road; 2.200227; Checking Box AICar
5; Pedestrian; None; Intention; 23.09.2023 12:21:47; 804.596; 0.2818001; 240.8992; Road; 2.222552; Checking Box AICar
5; Pedestrian; None; Intention; 23.09.2023 12:21:47; 804.5957; 0.2818001; 240.8991; Road; 2.233228; Checking Box AICar
5; Pedestrian; None; Intention; 23.09.2023 12:21:47; 804.5947; 0.2818001; 240.8989; Road; 2.255297; Checking Box AICar
5; Pedestrian; None; Intention; 23.09.2023 12:21:47; 804.5936; 0.2818001; 240.8987; Road; 2.276799; Checking Box AICar
5; Pedestrian; None; Intention; 23.09.2023 12:21:47; 804.5924; 0.2818001; 240.8986; Road; 2.299966; Checking Box AICar
5; Pedestrian; None; Intention; 23.09.2023 12:21:47; 804.5909; 0.2818001; 240.8984; Road; 2.322645; Checking Box AICar
5; Pedestrian; None; Intention; 23.09.2023 12:21:47; 804.5906; 0.2818001; 240.8983; Road; 2.332905; Checking Box AICar
5; Pedestrian; None; Intention; 23.09.2023 12:21:47; 804.5894; 0.2818001; 240.898; Road; 2.354552; Checking Box AICar
5; Pedestrian; None; Intention; 23.09.2023 12:21:47; 804.5888; 0.2818001; 240.8979; Road; 2.366437; Checking Box AICar
5; Pedestrian; None; Intention; 23.09.2023 12:21:47; 804.5873; 0.2818001; 240.8976; Road; 2.396517; Checking Box AICar
5; Pedestrian; None; Intention; 23.09.2023 12:21:47; 804.5852; 0.2818001; 240.8973; Road; 2.425098; Checking Box AICar
5; Pedestrian; None; Intention; 23.09.2023 12:21:47; 804.5847; 0.2818001; 240.8972; Road; 2.43453; Checking Box AICar
5; Pedestrian; None; Intention; 23.09.2023 12:21:47; 804.5833; 0.2818001; 240.8968; Road; 2.454366; Checking Box AICar
5; Pedestrian; None; Intention; 23.09.2023 12:21:47; 804.5825; 0.2818001; 240.8965; Road; 2.47655; Checking Box AICar
5; Pedestrian; None; Intention; 23.09.2023 12:21:47; 804.5814; 0.2818001; 240.8963; Road; 2.499426; Checking Box AICar
5; Pedestrian; None; Intention; 23.09.2023 12:21:47; 804.5801; 0.2818001; 240.8961; Road; 2.521843; Checking Box AICar
5; Pedestrian; None; Intention; 23.09.2023 12:21:47; 804.5796; 0.2818001; 240.896; Road; 2.532244; Checking Box AICar
5; Pedestrian; None; Intention; 23.09.2023 12:21:47; 804.5782; 0.2818001; 240.8959; Road; 2.554195; Checking Box AICar
5; Pedestrian; None; Intention; 23.09.2023 12:21:47; 804.5767; 0.2818001; 240.896; Road; 2.576428; Checking Box AICar
5; Pedestrian; None; Intention; 23.09.2023 12:21:47; 804.5759; 0.2818001; 240.8961; Road; 2.587696; Checking Box AICar
5; Pedestrian; None; Intention; 23.09.2023 12:21:47; 804.5735; 0.2818001; 240.8962; Road; 2.621733; Checking Box AICar
5; Pedestrian; None; Intention; 23.09.2023 12:21:47; 804.5726; 0.2818001; 240.8963; Road; 2.632633; Checking Box AICar
5; Pedestrian; None; Intention; 23.09.2023 12:21:47; 804.5713; 0.2818001; 240.8964; Road; 2.654506; Checking Box AICar
5; Pedestrian; None; Intention; 23.09.2023 12:21:47; 804.5701; 0.2818001; 240.8966; Road; 2.676773; Checking Box AICar
5; Pedestrian; None; Intention; 23.09.2023 12:21:47; 804.5687; 0.2818001; 240.8968; Road; 2.699922; Checking Box AICar
5; Pedestrian; None; Intention; 23.09.2023 12:21:47; 804.5673; 0.2818001; 240.8973; Road; 2.722031; Checking Box AICar
5; Pedestrian; None; Intention; 23.09.2023 12:21:47; 804.5667; 0.2818001; 240.8975; Road; 2.732898; Checking Box AICar
5; Pedestrian; None; Intention; 23.09.2023 12:21:47; 804.5649; 0.2818001; 240.8979; Road; 2.75483; Checking Box AICar
5; Pedestrian; None; Intention; 23.09.2023 12:21:47; 804.563; 0.2818001; 240.8983; Road; 2.776636; Checking Box AICar
5; Pedestrian; None; Intention; 23.09.2023 12:21:47; 804.5609; 0.2818001; 240.8988; Road; 2.800191; Checking Box AICar
5; Pedestrian; None; Intention; 23.09.2023 12:21:47; 804.5582; 0.2818001; 240.8993; Road; 2.821867; Checking Box AICar
5; Pedestrian; None; Intention; 23.09.2023 12:21:47; 804.5568; 0.2818001; 240.8995; Road; 2.832914; Checking Box AICar
5; Pedestrian; None; Intention; 23.09.2023 12:21:47; 804.5543; 0.2818001; 240.9; Road; 2.854758; Checking Box AICar
5; Pedestrian; None; Intention; 23.09.2023 12:21:47; 804.5514; 0.2818001; 240.9004; Road; 2.876769; Checking Box AICar
5; Pedestrian; None; Intention; 23.09.2023 12:21:47; 804.5482; 0.2818001; 240.9009; Road; 2.899422; Checking Box AICar
5; Pedestrian; None; Intention; 23.09.2023 12:21:47; 804.5446; 0.2818001; 240.9016; Road; 2.922301; Checking Box AICar
5; Pedestrian; None; Intention; 23.09.2023 12:21:47; 804.5428; 0.2818001; 240.9019; Road; 2.93491; Checking Box AICar
5; Pedestrian; None; Intention; 23.09.2023 12:21:47; 804.5383; 0.2818001; 240.9025; Road; 2.956545; Checking Box AICar
5; Pedestrian; None; Intention; 23.09.2023 12:21:47; 804.5335; 0.2818001; 240.9031; Road; 2.979512; Checking Box AICar
5; Pedestrian; None; Intention; 23.09.2023 12:21:47; 804.5283; 0.2818001; 240.9039; Road; 3.001436; Checking Box AICar
5; Pedestrian; None; Intention; 23.09.2023 12:21:47; 804.5237; 0.2818001; 240.9045; Road; 3.023411; Checking Box AICar
5; Pedestrian; None; Intention; 23.09.2023 12:21:47; 804.5216; 0.2818001; 240.9048; Road; 3.034134; Checking Box AICar
5; Pedestrian; None; Intention; 23.09.2023 12:21:47; 804.5177; 0.2818001; 240.9052; Road; 3.056153; Checking Box AICar
5; Pedestrian; None; Intention; 23.09.2023 12:21:47; 804.5139; 0.2818001; 240.9055; Road; 3.078893; Checking Box AICar
5; Pedestrian; None; Intention; 23.09.2023 12:21:47; 804.5109; 0.2818001; 240.9056; Road; 3.100843; Checking Box AICar
5; Pedestrian; None; Intention; 23.09.2023 12:21:47; 804.5085; 0.2818001; 240.9055; Road; 3.122918; Checking Box AICar
5; Pedestrian; None; Intention; 23.09.2023 12:21:47; 804.5074; 0.2818001; 240.9053; Road; 3.133954; Checking Box AICar
5; Pedestrian; None; Intention; 23.09.2023 12:21:47; 804.5056; 0.2818001; 240.9049; Road; 3.156019; Checking Box AICar
5; Pedestrian; None; Intention; 23.09.2023 12:21:47; 804.5042; 0.2818001; 240.9043; Road; 3.17789; Checking Box AICar
5; Pedestrian; None; Intention; 23.09.2023 12:21:47; 804.5037; 0.2818001; 240.9037; Road; 3.200453; Checking Box AICar
5; Pedestrian; None; Intention; 23.09.2023 12:21:48; 804.5036; 0.2818001; 240.9034; Road; 3.211092; Checking Box AICar
5; Pedestrian; None; Intention; 23.09.2023 12:21:48; 804.5049; 0.2818001; 240.9028; Road; 3.222902; Checking Box AICar
5; Pedestrian; None; Intention; 23.09.2023 12:21:48; 804.5056; 0.2818001; 240.9014; Road; 3.256567; Checking Box AICar
5; Pedestrian; None; Intention; 23.09.2023 12:21:48; 804.5067; 0.2818001; 240.9004; Road; 3.278617; Checking Box AICar
5; Pedestrian; None; Intention; 23.09.2023 12:21:48; 804.5081; 0.2818001; 240.8994; Road; 3.301086; Checking Box AICar
5; Pedestrian; None; Intention; 23.09.2023 12:21:48; 804.5098; 0.2818001; 240.8984; Road; 3.32327; Checking Box AICar
5; Pedestrian; None; Intention; 23.09.2023 12:21:48; 804.5107; 0.2818001; 240.8979; Road; 3.334507; Checking Box AICar
5; Pedestrian; None; Intention; 23.09.2023 12:21:48; 804.5126; 0.2818001; 240.897; Road; 3.356743; Checking Box AICar
5; Pedestrian; None; Intention; 23.09.2023 12:21:48; 804.515; 0.2818001; 240.8962; Road; 3.379305; Checking Box AICar
5; Pedestrian; None; Intention; 23.09.2023 12:21:48; 804.5173; 0.2818001; 240.8954; Road; 3.402607; Checking Box AICar
5; Pedestrian; None; Intention; 23.09.2023 12:21:48; 804.52; 0.2818001; 240.8947; Road; 3.425742; Checking Box AICar
5; Pedestrian; None; Intention; 23.09.2023 12:21:48; 804.5215; 0.2818001; 240.8944; Road; 3.434905; Checking Box AICar
5; Pedestrian; None; Intention; 23.09.2023 12:21:48; 804.5241; 0.2818001; 240.8939; Road; 3.456253; Checking Box AICar
5; Pedestrian; None; Intention; 23.09.2023 12:21:48; 804.5266; 0.2818001; 240.8934; Road; 3.478366; Checking Box AICar
5; Pedestrian; None; Intention; 23.09.2023 12:21:48; 804.5284; 0.2818001; 240.893; Road; 3.499625; Checking Box AICar
5; Pedestrian; None; Intention; 23.09.2023 12:21:48; 804.5301; 0.2818001; 240.8927; Road; 3.522447; Checking Box AICar
5; Pedestrian; None; Intention; 23.09.2023 12:21:48; 804.5308; 0.2818001; 240.8926; Road; 3.533719; Checking Box AICar
5; Pedestrian; None; Intention; 23.09.2023 12:21:48; 804.5317; 0.2818001; 240.8926; Road; 3.554764; Checking Box AICar
5; Pedestrian; None; Intention; 23.09.2023 12:21:48; 804.5323; 0.2818001; 240.8927; Road; 3.576977; Checking Box AICar
5; Pedestrian; None; Intention; 23.09.2023 12:21:48; 804.5317; 0.2818001; 240.8929; Road; 3.600471; Checking Box AICar
5; Pedestrian; None; Intention; 23.09.2023 12:21:48; 804.5313; 0.2818001; 240.893; Road; 3.611076; Checking Box AICar
5; Pedestrian; None; Intention; 23.09.2023 12:21:48; 804.5301; 0.2818001; 240.8933; Road; 3.637159; Checking Box AICar
5; Pedestrian; None; Intention; 23.09.2023 12:21:48; 804.5287; 0.2818001; 240.8936; Road; 3.654597; Checking Box AICar
5; Pedestrian; None; Intention; 23.09.2023 12:21:48; 804.5274; 0.2818001; 240.8937; Road; 3.678319; Checking Box AICar
5; Pedestrian; None; Intention; 23.09.2023 12:21:48; 804.5255; 0.2818001; 240.894; Road; 3.698789; Checking Box AICar
5; Pedestrian; None; Intention; 23.09.2023 12:21:48; 804.5234; 0.2818001; 240.8943; Road; 3.721291; Checking Box AICar
5; Pedestrian; None; Intention; 23.09.2023 12:21:48; 804.5223; 0.2818001; 240.8945; Road; 3.731933; Checking Box AICar
5; Pedestrian; None; Intention; 23.09.2023 12:21:48; 804.5202; 0.2818001; 240.8948; Road; 3.754763; Checking Box AICar
5; Pedestrian; None; Intention; 23.09.2023 12:21:48; 804.5181; 0.2818001; 240.8951; Road; 3.776419; Checking Box AICar
5; Pedestrian; None; Intention; 23.09.2023 12:21:48; 804.5161; 0.2818001; 240.8953; Road; 3.799237; Checking Box AICar
5; Pedestrian; None; Intention; 23.09.2023 12:21:48; 804.5141; 0.2818001; 240.8955; Road; 3.820932; Checking Box AICar
5; Pedestrian; None; Intention; 23.09.2023 12:21:48; 804.5132; 0.2818001; 240.8956; Road; 3.831722; Checking Box AICar
5; Pedestrian; None; Intention; 23.09.2023 12:21:48; 804.5124; 0.2818001; 240.8956; Road; 3.843288; Checking Box AICar
5; Pedestrian; None; Intention; 23.09.2023 12:21:48; 804.5106; 0.2818001; 240.8957; Road; 3.876471; Checking Box AICar
5; Pedestrian; None; Intention; 23.09.2023 12:21:48; 804.5103; 0.2818001; 240.8956; Road; 3.899339; Checking Box AICar
5; Pedestrian; None; Intention; 23.09.2023 12:21:48; 804.5105; 0.2818001; 240.8954; Road; 3.92182; null
5; Pedestrian; None; Intention; 23.09.2023 12:21:48; 804.5105; 0.2818001; 240.8953; Road; 3.936005; null
5; Pedestrian; None; Intention; 23.09.2023 12:21:48; 804.5118; 0.2818001; 240.895; Road; 3.956293; null
5; Pedestrian; None; Intention; 23.09.2023 12:21:48; 804.5128; 0.2818001; 240.8948; Road; 3.976543; null
5; Pedestrian; None; Intention; 23.09.2023 12:21:48; 804.5142; 0.2818001; 240.8946; Road; 3.999489; null
5; Pedestrian; None; Intention; 23.09.2023 12:21:48; 804.5161; 0.2818001; 240.8946; Road; 4.021881; null
5; Pedestrian; None; Intention; 23.09.2023 12:21:48; 804.5168; 0.2818001; 240.8945; Road; 4.032276; null
5; Pedestrian; None; Intention; 23.09.2023 12:21:48; 804.5187; 0.2818001; 240.8943; Road; 4.054879; null
5; Pedestrian; None; Intention; 23.09.2023 12:21:48; 804.5207; 0.2818001; 240.8942; Road; 4.078484; null
5; Pedestrian; None; Intention; 23.09.2023 12:21:48; 804.5226; 0.2818001; 240.8941; Road; 4.101045; null
5; Pedestrian; None; Intention; 23.09.2023 12:21:48; 804.5245; 0.2818001; 240.894; Road; 4.123208; null
5; Pedestrian; None; Intention; 23.09.2023 12:21:48; 804.5253; 0.2818001; 240.8939; Road; 4.133549; null
5; Pedestrian; None; Intention; 23.09.2023 12:21:48; 804.5276; 0.2818001; 240.8938; Road; 4.156814; null
5; Pedestrian; None; Intention; 23.09.2023 12:21:48; 804.5287; 0.2818001; 240.8938; Road; 4.17783; Checking Box Human Car
5; Pedestrian; None; Intention; 23.09.2023 12:21:48; 804.5298; 0.2818001; 240.8937; Road; 4.200658; Checking Box Human Car
5; Pedestrian; None; Intention; 23.09.2023 12:21:49; 804.5308; 0.2818001; 240.8937; Road; 4.223078; Checking Box Human Car
5; Pedestrian; None; Intention; 23.09.2023 12:21:49; 804.5311; 0.2818001; 240.8937; Road; 4.233575; Checking Box Human Car
5; Pedestrian; None; Intention; 23.09.2023 12:21:49; 804.5315; 0.2818001; 240.8936; Road; 4.255814; Checking Box Human Car
5; Pedestrian; None; Intention; 23.09.2023 12:21:49; 804.5318; 0.2818001; 240.8936; Road; 4.278434; Checking Box Human Car
5; Pedestrian; None; Intention; 23.09.2023 12:21:49; 804.5318; 0.2818001; 240.8937; Road; 4.300783; Checking Box Human Car
5; Pedestrian; None; Intention; 23.09.2023 12:21:49; 804.5312; 0.2818001; 240.8937; Road; 4.322309; Checking Box Human Car
5; Pedestrian; None; Intention; 23.09.2023 12:21:49; 804.5309; 0.2818001; 240.8937; Road; 4.334125; Checking Box Human Car
5; Pedestrian; None; Intention; 23.09.2023 12:21:49; 804.5305; 0.2818001; 240.8938; Road; 4.356374; Checking Box Human Car
5; Pedestrian; None; Intention; 23.09.2023 12:21:49; 804.5297; 0.2818001; 240.8939; Road; 4.378564; Checking Box Human Car
5; Pedestrian; None; Intention; 23.09.2023 12:21:49; 804.5292; 0.2818001; 240.8938; Road; 4.401421; Checking Box Human Car
5; Pedestrian; None; Intention; 23.09.2023 12:21:49; 804.5284; 0.2818001; 240.8938; Road; 4.42306; Checking Box Human Car
5; Pedestrian; None; Intention; 23.09.2023 12:21:49; 804.5279; 0.2818001; 240.8938; Road; 4.433892; Checking Box Human Car
5; Pedestrian; None; Intention; 23.09.2023 12:21:49; 804.527; 0.2818001; 240.894; Road; 4.455776; Checking Box Human Car
5; Pedestrian; None; Intention; 23.09.2023 12:21:49; 804.5263; 0.2818001; 240.894; Road; 4.477793; Checking Box Human Car
5; Pedestrian; None; Intention; 23.09.2023 12:21:49; 804.5258; 0.2818001; 240.894; Road; 4.489118; Checking Box Human Car
5; Pedestrian; None; Intention; 23.09.2023 12:21:49; 804.5251; 0.2818001; 240.8941; Road; 4.521458; Checking Box Human Car
5; Pedestrian; None; Intention; 23.09.2023 12:21:49; 804.525; 0.2818001; 240.8942; Road; 4.534752; Checking Box Human Car
5; Pedestrian; None; Intention; 23.09.2023 12:21:49; 804.5245; 0.2818001; 240.8944; Road; 4.556201; Checking Box Human Car
5; Pedestrian; None; Intention; 23.09.2023 12:21:49; 804.5243; 0.2818001; 240.8944; Road; 4.578621; Checking Box Human Car
5; Pedestrian; None; Intention; 23.09.2023 12:21:49; 804.5242; 0.2818001; 240.8945; Road; 4.601671; Checking Box Human Car
5; Pedestrian; None; Intention; 23.09.2023 12:21:49; 804.524; 0.2818001; 240.8946; Road; 4.623138; Checking Box Human Car
5; Pedestrian; None; Intention; 23.09.2023 12:21:49; 804.5242; 0.2818001; 240.8947; Road; 4.6344; Checking Box Human Car
5; Pedestrian; None; Intention; 23.09.2023 12:21:49; 804.5242; 0.2818001; 240.8947; Road; 4.65632; Checking Box Human Car
5; Pedestrian; None; Intention; 23.09.2023 12:21:49; 804.5243; 0.2818001; 240.8948; Road; 4.678512; Checking Box Human Car
5; Pedestrian; None; Intention; 23.09.2023 12:21:49; 804.5245; 0.2818001; 240.8949; Road; 4.701273; Checking Box Human Car
5; Pedestrian; None; Intention; 23.09.2023 12:21:49; 804.5244; 0.2818001; 240.8949; Road; 4.723227; Checking Box Human Car
5; Pedestrian; None; Intention; 23.09.2023 12:21:49; 804.5245; 0.2818001; 240.8949; Road; 4.734858; Checking Box Human Car
5; Pedestrian; None; Intention; 23.09.2023 12:21:49; 804.5248; 0.2818001; 240.895; Road; 4.756583; Checking Box Human Car
5; Pedestrian; None; Intention; 23.09.2023 12:21:49; 804.5252; 0.2818001; 240.8951; Road; 4.778769; Checking Box Human Car
5; Pedestrian; None; Intention; 23.09.2023 12:21:49; 804.5259; 0.2818001; 240.8951; Road; 4.801868; Checking Box Human Car
5; Pedestrian; None; Intention; 23.09.2023 12:21:49; 804.5264; 0.2818001; 240.8951; Road; 4.822766; Checking Box Human Car
5; Pedestrian; None; Intention; 23.09.2023 12:21:49; 804.5267; 0.2818001; 240.8952; Road; 4.834006; Checking Box Human Car
5; Pedestrian; None; Intention; 23.09.2023 12:21:49; 804.5273; 0.2818001; 240.8953; Road; 4.85614; Checking Box Human Car
5; Pedestrian; None; Intention; 23.09.2023 12:21:49; 804.528; 0.2818001; 240.8954; Road; 4.878069; Checking Box Human Car
5; Pedestrian; None; Intention; 23.09.2023 12:21:49; 804.5281; 0.2818001; 240.8955; Road; 4.901319; Checking Box Human Car
5; Pedestrian; None; Intention; 23.09.2023 12:21:49; 804.5286; 0.2818001; 240.8957; Road; 4.923083; Checking Box Human Car
5; Pedestrian; None; Intention; 23.09.2023 12:21:49; 804.5289; 0.2818001; 240.8958; Road; 4.934101; Checking Box Human Car
5; Pedestrian; None; Intention; 23.09.2023 12:21:49; 804.529; 0.2818001; 240.8959; Road; 4.95585; Checking Box Human Car
5; Pedestrian; None; Intention; 23.09.2023 12:21:49; 804.5294; 0.2818001; 240.8962; Road; 4.977393; Checking Box Human Car
5; Pedestrian; None; Intention; 23.09.2023 12:21:49; 804.5294; 0.2818001; 240.8964; Road; 5.000885; Checking Box Human Car
5; Pedestrian; None; Intention; 23.09.2023 12:21:49; 804.5293; 0.2818001; 240.8965; Road; 5.022569; Checking Box Human Car
5; Pedestrian; None; Intention; 23.09.2023 12:21:49; 804.5292; 0.2818001; 240.8965; Road; 5.033073; Checking Box Human Car
5; Pedestrian; None; Intention; 23.09.2023 12:21:49; 804.5292; 0.2818001; 240.8967; Road; 5.055261; Checking Box Human Car
5; Pedestrian; None; Intention; 23.09.2023 12:21:49; 804.5294; 0.2818001; 240.8969; Road; 5.07698; Checking Box Human Car
5; Pedestrian; None; Intention; 23.09.2023 12:21:49; 804.5293; 0.2818001; 240.8971; Road; 5.099745; Checking Box Human Car
5; Pedestrian; None; Intention; 23.09.2023 12:21:49; 804.5292; 0.2818001; 240.8972; Road; 5.121702; Checking Box Human Car
5; Pedestrian; None; Intention; 23.09.2023 12:21:49; 804.5292; 0.2818001; 240.8972; Road; 5.121702; Checking Box Human Car
5; Pedestrian; None; Intention; 23.09.2023 12:21:49; 804.5292; 0.2818001; 240.8974; Road; 5.154162; Checking Box Human Car
5; Pedestrian; None; Intention; 23.09.2023 12:21:49; 804.5289; 0.2818001; 240.8974; Road; 5.178211; Checking Box Human Car
5; Pedestrian; None; Intention; 23.09.2023 12:21:49; 804.5288; 0.2818001; 240.8976; Road; 5.200875; Checking Box Human Car
5; Pedestrian; None; Intention; 23.09.2023 12:21:50; 804.5288; 0.2818001; 240.8978; Road; 5.222484; Checking Box Human Car
5; Pedestrian; None; Intention; 23.09.2023 12:21:50; 804.5289; 0.2818001; 240.8978; Road; 5.233848; Checking Box Human Car
5; Pedestrian; None; Intention; 23.09.2023 12:21:50; 804.5285; 0.2818001; 240.8979; Road; 5.255547; Checking Box Human Car
5; Pedestrian; None; Intention; 23.09.2023 12:21:50; 804.5283; 0.2818001; 240.8979; Road; 5.278349; Checking Box Human Car
5; Pedestrian; None; Intention; 23.09.2023 12:21:50; 804.528; 0.2818001; 240.8981; Road; 5.300394; Checking Box Human Car
5; Pedestrian; None; Intention; 23.09.2023 12:21:50; 804.5276; 0.2818001; 240.8981; Road; 5.322572; Checking Box Human Car
5; Pedestrian; None; Intention; 23.09.2023 12:21:50; 804.5275; 0.2818001; 240.8982; Road; 5.333937; Checking Box Human Car
5; Pedestrian; None; Intention; 23.09.2023 12:21:50; 804.5269; 0.2818001; 240.8983; Road; 5.355494; Checking Box Human Car
5; Pedestrian; None; Intention; 23.09.2023 12:21:50; 804.5267; 0.2818001; 240.8983; Road; 5.378963; Checking Box Human Car
5; Pedestrian; None; Intention; 23.09.2023 12:21:50; 804.5262; 0.2818001; 240.8983; Road; 5.400815; Checking Box Human Car
5; Pedestrian; None; Intention; 23.09.2023 12:21:50; 804.5262; 0.2818001; 240.8984; Road; 5.422873; Checking Box Human Car
5; Pedestrian; None; Intention; 23.09.2023 12:21:50; 804.5261; 0.2818001; 240.8984; Road; 5.433195; Checking Box Human Car
5; Pedestrian; None; Intention; 23.09.2023 12:21:50; 804.5261; 0.2818001; 240.8986; Road; 5.455802; Checking Box Human Car
5; Pedestrian; None; Intention; 23.09.2023 12:21:50; 804.5262; 0.2818001; 240.8986; Road; 5.477581; Checking Box Human Car
5; Pedestrian; None; Intention; 23.09.2023 12:21:50; 804.5264; 0.2818001; 240.8985; Road; 5.500339; Checking Box Human Car
5; Pedestrian; None; Intention; 23.09.2023 12:21:50; 804.5264; 0.2818001; 240.8984; Road; 5.523129; Checking Box Human Car
5; Pedestrian; None; Intention; 23.09.2023 12:21:50; 804.5265; 0.2818001; 240.8984; Road; 5.53351; Checking Box Human Car
5; Pedestrian; None; Intention; 23.09.2023 12:21:50; 804.5265; 0.2818001; 240.8983; Road; 5.556356; Checking Box Human Car
5; Pedestrian; None; Intention; 23.09.2023 12:21:50; 804.5265; 0.2818001; 240.8982; Road; 5.578188; Checking Box Human Car
5; Pedestrian; None; Intention; 23.09.2023 12:21:50; 804.5265; 0.2818001; 240.8982; Road; 5.600172; Checking Box Human Car
5; Pedestrian; None; Intention; 23.09.2023 12:21:50; 804.5264; 0.2818001; 240.8982; Road; 5.623204; Checking Box Human Car
5; Pedestrian; None; Intention; 23.09.2023 12:21:50; 804.5264; 0.2818001; 240.8982; Road; 5.623204; Checking Box Human Car
5; Pedestrian; None; Intention; 23.09.2023 12:21:50; 804.5261; 0.2818001; 240.898; Road; 5.659899; Checking Box Human Car
5; Pedestrian; None; Intention; 23.09.2023 12:21:50; 804.526; 0.2818001; 240.8979; Road; 5.677154; Checking Box Human Car
5; Pedestrian; None; Intention; 23.09.2023 12:21:50; 804.5259; 0.2818001; 240.8978; Road; 5.69969; Checking Box Human Car
5; Pedestrian; None; Intention; 23.09.2023 12:21:50; 804.5256; 0.2818001; 240.8979; Road; 5.721662; Checking Box Human Car
5; Pedestrian; None; Intention; 23.09.2023 12:21:50; 804.5256; 0.2818001; 240.8979; Road; 5.731972; Checking Box Human Car
5; Pedestrian; None; Intention; 23.09.2023 12:21:50; 804.525; 0.2818001; 240.8979; Road; 5.754528; Checking Box Human Car
5; Pedestrian; None; Intention; 23.09.2023 12:21:50; 804.5247; 0.2818001; 240.8981; Road; 5.76553; Checking Box Human Car
5; Pedestrian; None; Intention; 23.09.2023 12:21:50; 804.524; 0.2818001; 240.8981; Road; 5.799556; Checking Box Human Car
5; Pedestrian; None; Intention; 23.09.2023 12:21:50; 804.5239; 0.2818001; 240.8981; Road; 5.821605; Checking Box Human Car
5; Pedestrian; None; Intention; 23.09.2023 12:21:50; 804.5236; 0.2818001; 240.8982; Road; 5.832549; Checking Box Human Car
5; Pedestrian; None; Intention; 23.09.2023 12:21:50; 804.5229; 0.2818001; 240.8983; Road; 5.855397; Checking Box Human Car
5; Pedestrian; None; Intention; 23.09.2023 12:21:50; 804.5222; 0.2818001; 240.8984; Road; 5.876946; Checking Box Human Car
5; Pedestrian; None; Intention; 23.09.2023 12:21:50; 804.5214; 0.2818001; 240.8985; Road; 5.900517; Checking Box Human Car
5; Pedestrian; None; Intention; 23.09.2023 12:21:50; 804.5208; 0.2818001; 240.8988; Road; 5.922012; Checking Box Human Car
5; Pedestrian; None; Intention; 23.09.2023 12:21:50; 804.5204; 0.2818001; 240.8989; Road; 5.932493; Checking Box Human Car
5; Pedestrian; None; Intention; 23.09.2023 12:21:50; 804.5194; 0.2818001; 240.8992; Road; 5.954967; Checking Box Human Car
5; Pedestrian; None; Intention; 23.09.2023 12:21:50; 804.5184; 0.2818001; 240.8994; Road; 5.976542; Checking Box Human Car
5; Pedestrian; None; Intention; 23.09.2023 12:21:50; 804.5179; 0.2818001; 240.8996; Road; 6.00005; Checking Box Human Car
5; Pedestrian; None; Intention; 23.09.2023 12:21:50; 804.5173; 0.2818001; 240.8998; Road; 6.021695; Checking Box Human Car
5; Pedestrian; None; Intention; 23.09.2023 12:21:50; 804.5169; 0.2818001; 240.8998; Road; 6.033349; Checking Box Human Car
5; Pedestrian; None; Intention; 23.09.2023 12:21:50; 804.5164; 0.2818001; 240.9; Road; 6.055052; Checking Box Human Car
5; Pedestrian; None; Intention; 23.09.2023 12:21:50; 804.5161; 0.2818001; 240.9001; Road; 6.077255; Checking Box Human Car
5; Pedestrian; None; Intention; 23.09.2023 12:21:50; 804.516; 0.2818001; 240.9002; Road; 6.100631; Checking Box Human Car
5; Pedestrian; None; Intention; 23.09.2023 12:21:50; 804.5159; 0.2818001; 240.9002; Road; 6.122384; Checking Box Human Car
5; Pedestrian; None; Intention; 23.09.2023 12:21:50; 804.5159; 0.2818001; 240.9002; Road; 6.133326; Checking Box Human Car
5; Pedestrian; None; Intention; 23.09.2023 12:21:50; 804.516; 0.2818001; 240.9001; Road; 6.155657; Checking Box Human Car
5; Pedestrian; None; Intention; 23.09.2023 12:21:50; 804.5163; 0.2818001; 240.9; Road; 6.178013; Checking Box Human Car
5; Pedestrian; None; Intention; 23.09.2023 12:21:50; 804.5165; 0.2818001; 240.8997; Road; 6.200364; Checking Box Human Car
5; Pedestrian; None; Intention; 23.09.2023 12:21:51; 804.5172; 0.2818001; 240.8995; Road; 6.223038; Checking Box Human Car
5; Pedestrian; None; Intention; 23.09.2023 12:21:51; 804.5175; 0.2818001; 240.8994; Road; 6.233471; Checking Box Human Car
5; Pedestrian; None; Intention; 23.09.2023 12:21:51; 804.5182; 0.2818001; 240.899; Road; 6.255363; Checking Box Human Car
5; Pedestrian; None; Intention; 23.09.2023 12:21:51; 804.5192; 0.2818001; 240.8988; Road; 6.278126; Checking Box Human Car
5; Pedestrian; None; Intention; 23.09.2023 12:21:51; 804.52; 0.2818001; 240.8986; Road; 6.299759; Checking Box Human Car
5; Pedestrian; None; Intention; 23.09.2023 12:21:51; 804.5213; 0.2818001; 240.8983; Road; 6.321806; Checking Box Human Car
5; Pedestrian; None; Intention; 23.09.2023 12:21:51; 804.5217; 0.2818001; 240.8982; Road; 6.333021; Checking Box Human Car
5; Pedestrian; None; Intention; 23.09.2023 12:21:51; 804.523; 0.2818001; 240.8978; Road; 6.355081; Checking Box Human Car
5; Pedestrian; None; Intention; 23.09.2023 12:21:51; 804.5234; 0.2818001; 240.8976; Road; 6.366424; Checking Box Human Car
5; Pedestrian; None; Intention; 23.09.2023 12:21:51; 804.525; 0.2818001; 240.8972; Road; 6.397515; Checking Box Human Car
5; Pedestrian; None; Intention; 23.09.2023 12:21:51; 804.5258; 0.2818001; 240.8969; Road; 6.425391; Checking Box Human Car
5; Pedestrian; None; Intention; 23.09.2023 12:21:51; 804.5262; 0.2818001; 240.8968; Road; 6.436313; Checking Box Human Car
5; Pedestrian; None; Intention; 23.09.2023 12:21:51; 804.5267; 0.2818001; 240.8966; Road; 6.455631; Checking Box Human Car
5; Pedestrian; None; Intention; 23.09.2023 12:21:51; 804.5271; 0.2818001; 240.8963; Road; 6.476553; Checking Box Human Car
5; Pedestrian; None; Intention; 23.09.2023 12:21:51; 804.5273; 0.2818001; 240.8962; Road; 6.49944; Checking Box Human Car
5; Pedestrian; None; Intention; 23.09.2023 12:21:51; 804.5275; 0.2818001; 240.8961; Road; 6.523783; Checking Box Human Car
5; Pedestrian; None; Intention; 23.09.2023 12:21:51; 804.5276; 0.2818001; 240.8961; Road; 6.533724; Checking Box Human Car
5; Pedestrian; None; Intention; 23.09.2023 12:21:51; 804.5275; 0.2818001; 240.8961; Road; 6.554138; Checking Box Human Car
5; Pedestrian; None; Intention; 23.09.2023 12:21:51; 804.5272; 0.2818001; 240.896; Road; 6.576329; Checking Box Human Car
5; Pedestrian; None; Intention; 23.09.2023 12:21:51; 804.527; 0.2818001; 240.896; Road; 6.598249; Checking Box Human Car
5; Pedestrian; None; Intention; 23.09.2023 12:21:51; 804.5266; 0.2818001; 240.8961; Road; 6.621508; Checking Box Human Car
5; Pedestrian; None; Intention; 23.09.2023 12:21:51; 804.5262; 0.2818001; 240.8961; Road; 6.63097; Checking Box Human Car
5; Pedestrian; None; Intention; 23.09.2023 12:21:51; 804.5258; 0.2818001; 240.8962; Road; 6.653908; Checking Box Human Car
5; Pedestrian; None; Intention; 23.09.2023 12:21:51; 804.5254; 0.2818001; 240.8961; Road; 6.676425; Checking Box Human Car
5; Pedestrian; None; Intention; 23.09.2023 12:21:51; 804.525; 0.2818001; 240.8961; Road; 6.697648; Checking Box Human Car
5; Pedestrian; None; Intention; 23.09.2023 12:21:51; 804.5245; 0.2818001; 240.896; Road; 6.721162; Checking Box Human Car
5; Pedestrian; None; Intention; 23.09.2023 12:21:51; 804.5244; 0.2818001; 240.896; Road; 6.730814; Checking Box Human Car
5; Pedestrian; None; Intention; 23.09.2023 12:21:51; 804.524; 0.2818001; 240.896; Road; 6.753839; Checking Box Human Car
5; Pedestrian; None; Intention; 23.09.2023 12:21:51; 804.5237; 0.2818001; 240.896; Road; 6.775385; Checking Box Human Car
5; Pedestrian; None; Intention; 23.09.2023 12:21:51; 804.5233; 0.2818001; 240.896; Road; 6.797881; Checking Box Human Car
5; Pedestrian; None; Intention; 23.09.2023 12:21:51; 804.5231; 0.2818001; 240.896; Road; 6.821817; null
5; Pedestrian; None; Intention; 23.09.2023 12:21:51; 804.5231; 0.2818001; 240.896; Road; 6.830908; null
5; Pedestrian; None; Intention; 23.09.2023 12:21:51; 804.5228; 0.2818001; 240.896; Road; 6.853261; null
5; Pedestrian; None; Intention; 23.09.2023 12:21:51; 804.5226; 0.2818001; 240.8959; Road; 6.875313; null
5; Pedestrian; None; Intention; 23.09.2023 12:21:51; 804.5227; 0.2818001; 240.8958; Road; 6.897593; null
5; Pedestrian; None; Intention; 23.09.2023 12:21:51; 804.5225; 0.2818001; 240.8958; Road; 6.920018; null
5; Pedestrian; None; Intention; 23.09.2023 12:21:51; 804.5226; 0.2818001; 240.8958; Road; 6.930736; null
5; Pedestrian; None; Intention; 23.09.2023 12:21:51; 804.5225; 0.2818001; 240.8955; Road; 6.953697; null
5; Pedestrian; None; Intention; 23.09.2023 12:21:51; 804.5225; 0.2818001; 240.8954; Road; 6.976751; Checking Box Human Car
5; Pedestrian; None; Intention; 23.09.2023 12:21:51; 804.522; 0.2818001; 240.8953; Road; 6.998743; Checking Box Human Car
5; Pedestrian; None; Intention; 23.09.2023 12:21:51; 804.522; 0.2818001; 240.8952; Road; 7.009911; Checking Box Human Car
5; Pedestrian; None; Intention; 23.09.2023 12:21:51; 804.5219; 0.2818001; 240.8952; Road; 7.031001; Checking Box Human Car
5; Pedestrian; None; Intention; 23.09.2023 12:21:51; 804.522; 0.2818001; 240.8951; Road; 7.05538; Checking Box Human Car
5; Pedestrian; None; Intention; 23.09.2023 12:21:51; 804.5216; 0.2818001; 240.8952; Road; 7.076552; Checking Box Human Car
5; Pedestrian; None; Intention; 23.09.2023 12:21:51; 804.5215; 0.2818001; 240.895; Road; 7.099116; Checking Box Human Car
5; Pedestrian; None; Intention; 23.09.2023 12:21:51; 804.5216; 0.2818001; 240.895; Road; 7.121705; Checking Box Human Car
5; Pedestrian; None; Intention; 23.09.2023 12:21:51; 804.5215; 0.2818001; 240.895; Road; 7.132054; Checking Box Human Car
5; Pedestrian; None; Intention; 23.09.2023 12:21:51; 804.5216; 0.2818001; 240.895; Road; 7.154868; Checking Box Human Car
5; Pedestrian; None; Intention; 23.09.2023 12:21:51; 804.5216; 0.2818001; 240.895; Road; 7.176918; Checking Box Human Car
5; Pedestrian; None; Intention; 23.09.2023 12:21:51; 804.5216; 0.2818001; 240.8949; Road; 7.19903; Checking Box Human Car
5; Pedestrian; None; Intention; 23.09.2023 12:21:52; 804.5217; 0.2818001; 240.8949; Road; 7.222353; Checking Box Human Car
5; Pedestrian; None; Intention; 23.09.2023 12:21:52; 804.5217; 0.2818001; 240.8949; Road; 7.232604; Checking Box Human Car
5; Pedestrian; None; Intention; 23.09.2023 12:21:52; 804.5215; 0.2818001; 240.8949; Road; 7.255517; Checking Box Human Car
5; Pedestrian; None; Intention; 23.09.2023 12:21:52; 804.5216; 0.2818001; 240.895; Road; 7.277411; Checking Box Human Car
5; Pedestrian; None; Intention; 23.09.2023 12:21:52; 804.5215; 0.2818001; 240.895; Road; 7.299882; Checking Box Human Car
5; Pedestrian; None; Intention; 23.09.2023 12:21:52; 804.5215; 0.2818001; 240.8952; Road; 7.322403; Checking Box Human Car
5; Pedestrian; None; Intention; 23.09.2023 12:21:52; 804.5215; 0.2818001; 240.8952; Road; 7.33265; Checking Box Human Car
5; Pedestrian; None; Intention; 23.09.2023 12:21:52; 804.5216; 0.2818001; 240.8953; Road; 7.354603; Checking Box Human Car
5; Pedestrian; None; Intention; 23.09.2023 12:21:52; 804.5217; 0.2818001; 240.8953; Road; 7.376097; Checking Box Human Car
5; Pedestrian; None; Intention; 23.09.2023 12:21:52; 804.522; 0.2818001; 240.8953; Road; 7.399229; Checking Box Human Car
5; Pedestrian; None; Intention; 23.09.2023 12:21:52; 804.5224; 0.2818001; 240.8955; Road; 7.420842; Checking Box Human Car
5; Pedestrian; None; Intention; 23.09.2023 12:21:52; 804.5227; 0.2818001; 240.8955; Road; 7.431571; Checking Box Human Car
5; Pedestrian; None; Intention; 23.09.2023 12:21:52; 804.5231; 0.2818001; 240.8956; Road; 7.454558; Checking Box Human Car
5; Pedestrian; None; Intention; 23.09.2023 12:21:52; 804.5236; 0.2818001; 240.8958; Road; 7.475884; Checking Box Human Car
5; Pedestrian; None; Intention; 23.09.2023 12:21:52; 804.5236; 0.2818001; 240.8959; Road; 7.49817; Checking Box Human Car
5; Pedestrian; None; Intention; 23.09.2023 12:21:52; 804.5237; 0.2818001; 240.896; Road; 7.522402; Checking Box Human Car
5; Pedestrian; None; Intention; 23.09.2023 12:21:52; 804.5238; 0.2818001; 240.8961; Road; 7.531096; Checking Box Human Car
5; Pedestrian; None; Intention; 23.09.2023 12:21:52; 804.5239; 0.2818001; 240.8962; Road; 7.553469; Checking Box Human Car
5; Pedestrian; None; Intention; 23.09.2023 12:21:52; 804.5239; 0.2818001; 240.8963; Road; 7.575865; Checking Box Human Car
5; Pedestrian; None; Intention; 23.09.2023 12:21:52; 804.524; 0.2818001; 240.8965; Road; 7.598656; Checking Box Human Car
5; Pedestrian; None; Intention; 23.09.2023 12:21:52; 804.524; 0.2818001; 240.8967; Road; 7.621489; Checking Box Human Car
5; Pedestrian; None; Intention; 23.09.2023 12:21:52; 804.5242; 0.2818001; 240.8967; Road; 7.631099; Checking Box Human Car
5; Pedestrian; None; Intention; 23.09.2023 12:21:52; 804.524; 0.2818001; 240.8968; Road; 7.642891; Checking Box Human Car
5; Pedestrian; None; Intention; 23.09.2023 12:21:52; 804.524; 0.2818001; 240.8969; Road; 7.676261; Checking Box Human Car
5; Pedestrian; None; Intention; 23.09.2023 12:21:52; 804.5237; 0.2818001; 240.897; Road; 7.698918; Checking Box Human Car
5; Pedestrian; None; Intention; 23.09.2023 12:21:52; 804.5233; 0.2818001; 240.897; Road; 7.721097; Checking Box Human Car
5; Pedestrian; None; Intention; 23.09.2023 12:21:52; 804.5232; 0.2818001; 240.897; Road; 7.732058; Checking Box Human Car
5; Pedestrian; None; Intention; 23.09.2023 12:21:52; 804.5228; 0.2818001; 240.8971; Road; 7.754409; Checking Box Human Car
5; Pedestrian; None; Intention; 23.09.2023 12:21:52; 804.5222; 0.2818001; 240.8972; Road; 7.776156; Checking Box Human Car
5; Pedestrian; None; Intention; 23.09.2023 12:21:52; 804.5217; 0.2818001; 240.8973; Road; 7.79931; Checking Box Human Car
5; Pedestrian; None; Intention; 23.09.2023 12:21:52; 804.5213; 0.2818001; 240.8974; Road; 7.822366; Checking Box Human Car
5; Pedestrian; None; Intention; 23.09.2023 12:21:52; 804.521; 0.2818001; 240.8974; Road; 7.83142; Checking Box Human Car
5; Pedestrian; None; Intention; 23.09.2023 12:21:52; 804.5206; 0.2818001; 240.8975; Road; 7.854272; Checking Box Human Car
5; Pedestrian; None; Intention; 23.09.2023 12:21:52; 804.5201; 0.2818001; 240.8976; Road; 7.876172; Checking Box Human Car
5; Pedestrian; None; Intention; 23.09.2023 12:21:52; 804.5199; 0.2818001; 240.8978; Road; 7.89924; Checking Box Human Car
5; Pedestrian; None; Intention; 23.09.2023 12:21:52; 804.5195; 0.2818001; 240.8979; Road; 7.922118; Checking Box Human Car
5; Pedestrian; None; Intention; 23.09.2023 12:21:52; 804.5193; 0.2818001; 240.8979; Road; 7.931871; Checking Box Human Car
5; Pedestrian; None; Intention; 23.09.2023 12:21:52; 804.5191; 0.2818001; 240.898; Road; 7.954874; Checking Box Human Car
5; Pedestrian; None; Intention; 23.09.2023 12:21:52; 804.5187; 0.2818001; 240.898; Road; 7.965972; Checking Box Human Car
5; Pedestrian; None; Intention; 23.09.2023 12:21:52; 804.5182; 0.2818001; 240.898; Road; 7.992231; Checking Box Human Car
5; Pedestrian; None; Intention; 23.09.2023 12:21:52; 804.5178; 0.2818001; 240.898; Road; 8.023037; Checking Box Human Car
5; Pedestrian; None; Intention; 23.09.2023 12:21:52; 804.5177; 0.2818001; 240.8981; Road; 8.029534; Checking Box Human Car
5; Pedestrian; None; Intention; 23.09.2023 12:21:52; 804.5173; 0.2818001; 240.8982; Road; 8.0519; Checking Box Human Car
5; Pedestrian; None; Intention; 23.09.2023 12:21:52; 804.5172; 0.2818001; 240.8982; Road; 8.074307; Checking Box Human Car
5; Pedestrian; None; Intention; 23.09.2023 12:21:52; 804.5172; 0.2818001; 240.8984; Road; 8.096842; Checking Box Human Car
5; Pedestrian; None; Intention; 23.09.2023 12:21:52; 804.5172; 0.2818001; 240.8985; Road; 8.119356; Checking Box Human Car
5; Pedestrian; None; Intention; 23.09.2023 12:21:52; 804.5172; 0.2818001; 240.8985; Road; 8.130958; Checking Box Human Car
5; Pedestrian; None; Intention; 23.09.2023 12:21:52; 804.5172; 0.2818001; 240.8987; Road; 8.152155; Checking Box Human Car
5; Pedestrian; None; Intention; 23.09.2023 12:21:52; 804.5173; 0.2818001; 240.8988; Road; 8.174794; Checking Box Human Car
5; Pedestrian; None; Intention; 23.09.2023 12:21:52; 804.5174; 0.2818001; 240.8988; Road; 8.196855; Checking Box Human Car
5; Pedestrian; None; Intention; 23.09.2023 12:21:53; 804.518; 0.2818001; 240.8989; Road; 8.219537; Checking Box Human Car
5; Pedestrian; None; Intention; 23.09.2023 12:21:53; 804.5181; 0.2818001; 240.899; Road; 8.229328; Checking Box Human Car
5; Pedestrian; None; Intention; 23.09.2023 12:21:53; 804.5187; 0.2818001; 240.8993; Road; 8.251681; Checking Box Human Car
5; Pedestrian; None; Intention; 23.09.2023 12:21:53; 804.5191; 0.2818001; 240.8994; Road; 8.263392; Checking Box Human Car
5; Pedestrian; None; Intention; 23.09.2023 12:21:53; 804.5197; 0.2818001; 240.8996; Road; 8.297079; Checking Box Human Car
5; Pedestrian; None; Intention; 23.09.2023 12:21:53; 804.5205; 0.2818001; 240.8997; Road; 8.319349; Checking Box Human Car
5; Pedestrian; None; Intention; 23.09.2023 12:21:53; 804.5208; 0.2818001; 240.8998; Road; 8.329692; Checking Box Human Car
5; Pedestrian; None; Intention; 23.09.2023 12:21:53; 804.5215; 0.2818001; 240.8999; Road; 8.352442; Checking Box Human Car
5; Pedestrian; None; Intention; 23.09.2023 12:21:53; 804.5223; 0.2818001; 240.8999; Road; 8.37426; Checking Box Human Car
5; Pedestrian; None; Intention; 23.09.2023 12:21:53; 804.5229; 0.2818001; 240.8999; Road; 8.396409; Checking Box Human Car
5; Pedestrian; None; Intention; 23.09.2023 12:21:53; 804.5237; 0.2818001; 240.9; Road; 8.419542; Checking Box Human Car
5; Pedestrian; None; Intention; 23.09.2023 12:21:53; 804.5239; 0.2818001; 240.9; Road; 8.429911; Checking Box Human Car
5; Pedestrian; None; Intention; 23.09.2023 12:21:53; 804.5245; 0.2818001; 240.9001; Road; 8.4535; Checking Box Human Car
5; Pedestrian; None; Intention; 23.09.2023 12:21:53; 804.5252; 0.2818001; 240.9002; Road; 8.475039; Checking Box Human Car
5; Pedestrian; None; Intention; 23.09.2023 12:21:53; 804.5256; 0.2818001; 240.9004; Road; 8.498249; Checking Box Human Car
5; Pedestrian; None; Intention; 23.09.2023 12:21:53; 804.5264; 0.2818001; 240.9006; Road; 8.52254; Checking Box Human Car
5; Pedestrian; None; Intention; 23.09.2023 12:21:53; 804.5269; 0.2818001; 240.9007; Road; 8.532226; Checking Box Human Car
5; Pedestrian; None; Intention; 23.09.2023 12:21:53; 804.5276; 0.2818001; 240.9008; Road; 8.554214; Checking Box Human Car
5; Pedestrian; None; Intention; 23.09.2023 12:21:53; 804.5284; 0.2818001; 240.9009; Road; 8.57611; Checking Box Human Car
5; Pedestrian; None; Intention; 23.09.2023 12:21:53; 804.5291; 0.2818001; 240.9011; Road; 8.598771; Checking Box Human Car
5; Pedestrian; None; Intention; 23.09.2023 12:21:53; 804.5297; 0.2818001; 240.9013; Road; 8.621716; Checking Box Human Car
5; Pedestrian; None; Intention; 23.09.2023 12:21:53; 804.5302; 0.2818001; 240.9013; Road; 8.631112; Checking Box Human Car
5; Pedestrian; None; Intention; 23.09.2023 12:21:53; 804.5309; 0.2818001; 240.9013; Road; 8.654025; Checking Box Human Car
5; Pedestrian; None; Intention; 23.09.2023 12:21:53; 804.5317; 0.2818001; 240.9011; Road; 8.676206; Checking Box Human Car
5; Pedestrian; None; Intention; 23.09.2023 12:21:53; 804.5323; 0.2818001; 240.9011; Road; 8.698699; Checking Box Human Car
5; Pedestrian; None; Intention; 23.09.2023 12:21:53; 804.5328; 0.2818001; 240.9012; Road; 8.721297; Checking Box Human Car
5; Pedestrian; None; Intention; 23.09.2023 12:21:53; 804.5329; 0.2818001; 240.9013; Road; 8.731007; Checking Box Human Car
5; Pedestrian; None; Intention; 23.09.2023 12:21:53; 804.5335; 0.2818001; 240.9013; Road; 8.754045; Checking Box Human Car
5; Pedestrian; None; Intention; 23.09.2023 12:21:53; 804.5337; 0.2818001; 240.9014; Road; 8.775824; Checking Box Human Car
5; Pedestrian; None; Intention; 23.09.2023 12:21:53; 804.5339; 0.2818001; 240.9015; Road; 8.79762; Checking Box Human Car
5; Pedestrian; None; Intention; 23.09.2023 12:21:53; 804.5342; 0.2818001; 240.9015; Road; 8.821302; Checking Box Human Car
5; Pedestrian; None; Intention; 23.09.2023 12:21:53; 804.5342; 0.2818001; 240.9015; Road; 8.831432; Checking Box Human Car
5; Pedestrian; None; Intention; 23.09.2023 12:21:53; 804.5344; 0.2818001; 240.9015; Road; 8.853545; Checking Box Human Car
5; Pedestrian; None; Intention; 23.09.2023 12:21:53; 804.5347; 0.2818001; 240.9016; Road; 8.877056; Checking Box Human Car
5; Pedestrian; None; Intention; 23.09.2023 12:21:53; 804.5348; 0.2818001; 240.9017; Road; 8.886004; Checking Box Human Car
5; Pedestrian; None; Intention; 23.09.2023 12:21:53; 804.5348; 0.2818001; 240.9018; Road; 8.918598; Checking Box Human Car
5; Pedestrian; None; Intention; 23.09.2023 12:21:53; 804.5347; 0.2818001; 240.9019; Road; 8.931488; Checking Box Human Car
5; Pedestrian; None; Intention; 23.09.2023 12:21:53; 804.5348; 0.2818001; 240.9018; Road; 8.95324; Checking Box Human Car
5; Pedestrian; None; Intention; 23.09.2023 12:21:53; 804.535; 0.2818001; 240.9018; Road; 8.974912; Checking Box Human Car
5; Pedestrian; None; Intention; 23.09.2023 12:21:53; 804.535; 0.2818001; 240.9018; Road; 8.997006; Checking Box Human Car
5; Pedestrian; None; Intention; 23.09.2023 12:21:53; 804.535; 0.2818001; 240.9018; Road; 9.019602; Checking Box Human Car
5; Pedestrian; None; Intention; 23.09.2023 12:21:53; 804.535; 0.2818001; 240.9019; Road; 9.030871; Checking Box Human Car
5; Pedestrian; None; Intention; 23.09.2023 12:21:53; 804.5353; 0.2818001; 240.9019; Road; 9.053103; Checking Box Human Car
5; Pedestrian; None; Intention; 23.09.2023 12:21:53; 804.535; 0.2818001; 240.902; Road; 9.074905; Checking Box Human Car
5; Pedestrian; None; Intention; 23.09.2023 12:21:53; 804.5352; 0.2818001; 240.9021; Road; 9.096698; Checking Box Human Car
5; Pedestrian; None; Intention; 23.09.2023 12:21:53; 804.5352; 0.2818001; 240.9021; Road; 9.119852; Checking Box Human Car
5; Pedestrian; None; Intention; 23.09.2023 12:21:53; 804.535; 0.2818001; 240.9022; Road; 9.130526; Checking Box Human Car
5; Pedestrian; None; Intention; 23.09.2023 12:21:53; 804.5349; 0.2818001; 240.9022; Road; 9.152602; Checking Box Human Car
5; Pedestrian; None; Intention; 23.09.2023 12:21:53; 804.5352; 0.2818001; 240.9023; Road; 9.174988; null
5; Pedestrian; None; Intention; 23.09.2023 12:21:53; 804.5353; 0.2818001; 240.9024; Road; 9.196754; null
5; Pedestrian; None; Intention; 23.09.2023 12:21:54; 804.5353; 0.2818001; 240.9025; Road; 9.219967; Checking Box Human Car
5; Pedestrian; None; Intention; 23.09.2023 12:21:54; 804.5353; 0.2818001; 240.9025; Road; 9.230745; Checking Box Human Car
5; Pedestrian; None; Intention; 23.09.2023 12:21:54; 804.535; 0.2818001; 240.9026; Road; 9.256074; Checking Box Human Car
5; Pedestrian; None; Intention; 23.09.2023 12:21:54; 804.5349; 0.2818001; 240.9027; Road; 9.275941; Checking Box Human Car
5; Pedestrian; None; Intention; 23.09.2023 12:21:54; 804.5349; 0.2818001; 240.9027; Road; 9.298772; Checking Box Human Car
5; Pedestrian; None; Intention; 23.09.2023 12:21:54; 804.5349; 0.2818001; 240.9029; Road; 9.31882; Checking Box Human Car
5; Pedestrian; None; Intention; 23.09.2023 12:21:54; 804.5349; 0.2818001; 240.9029; Road; 9.329479; Checking Box Human Car
5; Pedestrian; None; Intention; 23.09.2023 12:21:54; 804.5352; 0.2818001; 240.9031; Road; 9.352258; Checking Box Human Car
5; Pedestrian; None; Intention; 23.09.2023 12:21:54; 804.5353; 0.2818001; 240.9032; Road; 9.374204; Checking Box Human Car
5; Pedestrian; None; Intention; 23.09.2023 12:21:54; 804.5354; 0.2818001; 240.9034; Road; 9.396016; Checking Box Human Car
5; Pedestrian; None; Intention; 23.09.2023 12:21:54; 804.5355; 0.2818001; 240.9034; Road; 9.418734; Checking Box Human Car
5; Pedestrian; None; Intention; 23.09.2023 12:21:54; 804.5356; 0.2818001; 240.9034; Road; 9.429564; Checking Box Human Car
5; Pedestrian; None; Intention; 23.09.2023 12:21:54; 804.5356; 0.2818001; 240.9035; Road; 9.452197; Checking Box Human Car
5; Pedestrian; None; Intention; 23.09.2023 12:21:54; 804.5358; 0.2818001; 240.9035; Road; 9.474172; Checking Box Human Car
5; Pedestrian; None; Intention; 23.09.2023 12:21:54; 804.536; 0.2818001; 240.9036; Road; 9.496013; Checking Box Human Car
5; Pedestrian; None; Intention; 23.09.2023 12:21:54; 804.5361; 0.2818001; 240.9037; Road; 9.51944; Checking Box Human Car
5; Pedestrian; None; Intention; 23.09.2023 12:21:54; 804.5361; 0.2818001; 240.9037; Road; 9.51944; Checking Box Human Car
5; Pedestrian; None; Intention; 23.09.2023 12:21:54; 804.5361; 0.2818001; 240.9037; Road; 9.55284; Checking Box Human Car
5; Pedestrian; None; Intention; 23.09.2023 12:21:54; 804.5361; 0.2818001; 240.9037; Road; 9.574847; Checking Box Human Car
5; Pedestrian; None; Intention; 23.09.2023 12:21:54; 804.5361; 0.2818001; 240.9036; Road; 9.596707; Checking Box Human Car
5; Pedestrian; None; Intention; 23.09.2023 12:21:54; 804.536; 0.2818001; 240.9036; Road; 9.619432; Checking Box Human Car
5; Pedestrian; None; Intention; 23.09.2023 12:21:54; 804.536; 0.2818001; 240.9036; Road; 9.630339; Checking Box Human Car
5; Pedestrian; None; Intention; 23.09.2023 12:21:54; 804.5358; 0.2818001; 240.9036; Road; 9.6521; Checking Box Human Car
5; Pedestrian; None; Intention; 23.09.2023 12:21:54; 804.5359; 0.2818001; 240.9037; Road; 9.674664; Checking Box Human Car
5; Pedestrian; None; Intention; 23.09.2023 12:21:54; 804.5356; 0.2818001; 240.9037; Road; 9.697687; Checking Box Human Car
5; Pedestrian; None; Intention; 23.09.2023 12:21:54; 804.5356; 0.2818001; 240.9037; Road; 9.7212; Checking Box Human Car
5; Pedestrian; None; Intention; 23.09.2023 12:21:54; 804.5356; 0.2818001; 240.9037; Road; 9.732941; Checking Box Human Car
5; Pedestrian; None; Intention; 23.09.2023 12:21:54; 804.5355; 0.2818001; 240.9037; Road; 9.753463; Checking Box Human Car
5; Pedestrian; None; Intention; 23.09.2023 12:21:54; 804.5355; 0.2818001; 240.9037; Road; 9.775406; Checking Box Human Car
5; Pedestrian; None; Intention; 23.09.2023 12:21:54; 804.5354; 0.2818001; 240.9038; Road; 9.797606; Checking Box Human Car
5; Pedestrian; None; Intention; 23.09.2023 12:21:54; 804.5354; 0.2818001; 240.9039; Road; 9.820242; Checking Box Human Car
5; Pedestrian; None; Intention; 23.09.2023 12:21:54; 804.5354; 0.2818001; 240.9039; Road; 9.830885; Checking Box Human Car
5; Pedestrian; None; Intention; 23.09.2023 12:21:54; 804.5354; 0.2818001; 240.9041; Road; 9.853049; Checking Box Human Car
5; Pedestrian; None; Intention; 23.09.2023 12:21:54; 804.5354; 0.2818001; 240.9041; Road; 9.87529; Checking Box Human Car
5; Pedestrian; None; Intention; 23.09.2023 12:21:54; 804.5353; 0.2818001; 240.9042; Road; 9.897717; Checking Box Human Car
5; Pedestrian; None; Intention; 23.09.2023 12:21:54; 804.5349; 0.2818001; 240.9041; Road; 9.920712; Checking Box Human Car
5; Pedestrian; None; Intention; 23.09.2023 12:21:54; 804.5347; 0.2818001; 240.9041; Road; 9.931016; Checking Box Human Car
5; Pedestrian; None; Intention; 23.09.2023 12:21:54; 804.5346; 0.2818001; 240.9041; Road; 9.953447; Checking Box Human Car
5; Pedestrian; None; Intention; 23.09.2023 12:21:54; 804.5344; 0.2818001; 240.9041; Road; 9.975175; Checking Box AICar
5; Pedestrian; None; Intention; 23.09.2023 12:21:54; 804.5341; 0.2818001; 240.9041; Road; 9.997124; Checking Box AICar
5; Pedestrian; None; Intention; 23.09.2023 12:21:54; 804.534; 0.2818001; 240.9042; Road; 10.02022; Checking Box AICar
5; Pedestrian; None; Intention; 23.09.2023 12:21:54; 804.5337; 0.2818001; 240.9042; Road; 10.03047; Checking Box AICar
5; Pedestrian; None; Intention; 23.09.2023 12:21:54; 804.5333; 0.2818001; 240.9042; Road; 10.05307; Checking Box AICar
5; Pedestrian; None; Intention; 23.09.2023 12:21:54; 804.533; 0.2818001; 240.9043; Road; 10.07568; Checking Box AICar
5; Pedestrian; None; Intention; 23.09.2023 12:21:54; 804.5329; 0.2818001; 240.9043; Road; 10.09708; Checking Box AICar
5; Pedestrian; None; Intention; 23.09.2023 12:21:54; 804.5327; 0.2818001; 240.9044; Road; 10.12148; Checking Box AICar
5; Pedestrian; None; Intention; 23.09.2023 12:21:54; 804.5325; 0.2818001; 240.9044; Road; 10.13124; Checking Box AICar
5; Pedestrian; None; Intention; 23.09.2023 12:21:54; 804.5321; 0.2818001; 240.9044; Road; 10.15342; Checking Box AICar
5; Pedestrian; None; Intention; 23.09.2023 12:21:54; 804.5318; 0.2818001; 240.9045; Road; 10.16508; Checking Box AICar
5; Pedestrian; None; Intention; 23.09.2023 12:21:54; 804.5311; 0.2818001; 240.9046; Road; 10.1992; Checking Box AICar
5; Pedestrian; None; Intention; 23.09.2023 12:21:55; 804.5306; 0.2818001; 240.9048; Road; 10.22413; Checking Box AICar
5; Pedestrian; None; Intention; 23.09.2023 12:21:55; 804.5303; 0.2818001; 240.9048; Road; 10.23186; Checking Box AICar
5; Pedestrian; None; Intention; 23.09.2023 12:21:55; 804.5297; 0.2818001; 240.9049; Road; 10.25161; Checking Box AICar
5; Pedestrian; None; Intention; 23.09.2023 12:21:55; 804.5291; 0.2818001; 240.9049; Road; 10.27437; Checking Box AICar
5; Pedestrian; None; Intention; 23.09.2023 12:21:55; 804.5288; 0.2818001; 240.9049; Road; 10.29563; Checking Box AICar
5; Pedestrian; None; Intention; 23.09.2023 12:21:55; 804.5281; 0.2818001; 240.9049; Road; 10.31774; Checking Box AICar
5; Pedestrian; None; Intention; 23.09.2023 12:21:55; 804.5275; 0.2818001; 240.905; Road; 10.329; Checking Box AICar
5; Pedestrian; None; Intention; 23.09.2023 12:21:55; 804.5268; 0.2818001; 240.905; Road; 10.35111; Checking Box AICar
5; Pedestrian; None; Intention; 23.09.2023 12:21:55; 804.5262; 0.2818001; 240.9051; Road; 10.37373; Checking Box AICar
5; Pedestrian; None; Intention; 23.09.2023 12:21:55; 804.5259; 0.2818001; 240.9052; Road; 10.39542; Checking Box AICar
5; Pedestrian; None; Intention; 23.09.2023 12:21:55; 804.5258; 0.2818001; 240.9054; Road; 10.41807; Checking Box AICar
5; Pedestrian; None; Intention; 23.09.2023 12:21:55; 804.5257; 0.2818001; 240.9054; Road; 10.42937; Checking Box AICar
5; Pedestrian; None; Intention; 23.09.2023 12:21:55; 804.5255; 0.2818001; 240.9056; Road; 10.45179; Checking Box AICar
5; Pedestrian; None; Intention; 23.09.2023 12:21:55; 804.5249; 0.2818001; 240.9057; Road; 10.47359; Checking Box AICar
5; Pedestrian; None; Intention; 23.09.2023 12:21:55; 804.5243; 0.2818001; 240.9058; Road; 10.49587; Checking Box AICar
5; Pedestrian; None; Intention; 23.09.2023 12:21:55; 804.5239; 0.2818001; 240.906; Road; 10.51974; Checking Box AICar
5; Pedestrian; None; Intention; 23.09.2023 12:21:55; 804.5236; 0.2818001; 240.9061; Road; 10.52952; Checking Box AICar
5; Pedestrian; None; Intention; 23.09.2023 12:21:55; 804.5228; 0.2818001; 240.9062; Road; 10.55102; Checking Box AICar
5; Pedestrian; None; Intention; 23.09.2023 12:21:55; 804.5222; 0.2818001; 240.9064; Road; 10.57346; Checking Box AICar
5; Pedestrian; None; Intention; 23.09.2023 12:21:55; 804.5217; 0.2818001; 240.9065; Road; 10.59564; Checking Box AICar
5; Pedestrian; None; Intention; 23.09.2023 12:21:55; 804.5209; 0.2818001; 240.9067; Road; 10.61817; Checking Box AICar
5; Pedestrian; None; Intention; 23.09.2023 12:21:55; 804.5205; 0.2818001; 240.9068; Road; 10.62958; Checking Box AICar
5; Pedestrian; None; Intention; 23.09.2023 12:21:55; 804.5198; 0.2818001; 240.9069; Road; 10.65236; Checking Box AICar
5; Pedestrian; None; Intention; 23.09.2023 12:21:55; 804.519; 0.2818001; 240.9071; Road; 10.6747; Checking Box AICar
5; Pedestrian; None; Intention; 23.09.2023 12:21:55; 804.5186; 0.2818001; 240.9072; Road; 10.69664; Checking Box AICar
5; Pedestrian; None; Intention; 23.09.2023 12:21:55; 804.518; 0.2818001; 240.9074; Road; 10.71979; Checking Box AICar
5; Pedestrian; None; Intention; 23.09.2023 12:21:55; 804.5175; 0.2818001; 240.9074; Road; 10.73052; Checking Box AICar
5; Pedestrian; None; Intention; 23.09.2023 12:21:55; 804.5167; 0.2818001; 240.9076; Road; 10.75211; Checking Box AICar
5; Pedestrian; None; Intention; 23.09.2023 12:21:55; 804.516; 0.2818001; 240.9079; Road; 10.77401; Checking Box AICar
5; Pedestrian; None; Intention; 23.09.2023 12:21:55; 804.5156; 0.2818001; 240.908; Road; 10.78523; Checking Box AICar
5; Pedestrian; None; Intention; 23.09.2023 12:21:55; 804.5139; 0.2818001; 240.9084; Road; 10.81831; Checking Box AICar
5; Pedestrian; None; Intention; 23.09.2023 12:21:55; 804.5131; 0.2818001; 240.9084; Road; 10.82924; Checking Box AICar
5; Pedestrian; None; Intention; 23.09.2023 12:21:55; 804.5113; 0.2818001; 240.9087; Road; 10.85159; Checking Box AICar
5; Pedestrian; None; Intention; 23.09.2023 12:21:55; 804.5096; 0.2818001; 240.9091; Road; 10.87429; Checking Box AICar
5; Pedestrian; None; Intention; 23.09.2023 12:21:55; 804.5076; 0.2818001; 240.9097; Road; 10.89604; Checking Box AICar
5; Pedestrian; None; Intention; 23.09.2023 12:21:55; 804.5056; 0.2818001; 240.91; Road; 10.91804; Checking Box AICar
5; Pedestrian; None; Intention; 23.09.2023 12:21:55; 804.5046; 0.2818001; 240.9102; Road; 10.9295; Checking Box AICar
5; Pedestrian; None; Intention; 23.09.2023 12:21:55; 804.5047; 0.2818001; 240.9104; Road; 10.95281; Checking Box AICar
5; Pedestrian; None; Intention; 23.09.2023 12:21:55; 804.5027; 0.2818001; 240.9108; Road; 10.97434; Checking Box AICar
5; Pedestrian; None; Intention; 23.09.2023 12:21:55; 804.5011; 0.2818001; 240.9111; Road; 10.99569; Checking Box AICar
5; Pedestrian; None; Intention; 23.09.2023 12:21:55; 804.4996; 0.2818001; 240.9115; Road; 11.01994; Checking Box AICar
5; Pedestrian; None; Intention; 23.09.2023 12:21:55; 804.4987; 0.2818001; 240.9116; Road; 11.02889; Checking Box AICar
5; Pedestrian; None; Intention; 23.09.2023 12:21:55; 804.4972; 0.2818001; 240.912; Road; 11.05159; Checking Box AICar
5; Pedestrian; None; Intention; 23.09.2023 12:21:55; 804.496; 0.2818001; 240.9124; Road; 11.07415; Checking Box AICar
5; Pedestrian; None; Intention; 23.09.2023 12:21:55; 804.4949; 0.2818001; 240.913; Road; 11.09573; Checking Box AICar
5; Pedestrian; None; Intention; 23.09.2023 12:21:55; 804.4939; 0.2818001; 240.9134; Road; 11.11875; Checking Box AICar
5; Pedestrian; None; Intention; 23.09.2023 12:21:55; 804.4935; 0.2818001; 240.9136; Road; 11.1296; Checking Box AICar
5; Pedestrian; None; Intention; 23.09.2023 12:21:55; 804.4926; 0.2818001; 240.9139; Road; 11.15193; Checking Box AICar
5; Pedestrian; None; Intention; 23.09.2023 12:21:55; 804.492; 0.2818001; 240.9143; Road; 11.1746; Checking Box AICar
5; Pedestrian; None; Intention; 23.09.2023 12:21:55; 804.4919; 0.2818001; 240.9144; Road; 11.19659; Checking Box AICar
5; Pedestrian; None; Intention; 23.09.2023 12:21:56; 804.4919; 0.2818001; 240.9145; Road; 11.21886; Checking Box AICar
5; Pedestrian; None; Intention; 23.09.2023 12:21:56; 804.4919; 0.2818001; 240.9145; Road; 11.22943; Checking Box AICar
5; Pedestrian; None; Intention; 23.09.2023 12:21:56; 804.4919; 0.2818001; 240.9144; Road; 11.25171; Checking Box AICar
5; Pedestrian; None; Intention; 23.09.2023 12:21:56; 804.492; 0.2818001; 240.9142; Road; 11.2742; Checking Box AICar
5; Pedestrian; None; Intention; 23.09.2023 12:21:56; 804.4921; 0.2818001; 240.9141; Road; 11.29586; Checking Box AICar
5; Pedestrian; None; Intention; 23.09.2023 12:21:56; 804.4922; 0.2818001; 240.914; Road; 11.31838; Checking Box AICar
5; Pedestrian; None; Intention; 23.09.2023 12:21:56; 804.4924; 0.2818001; 240.9139; Road; 11.32915; Checking Box AICar
5; Pedestrian; None; Intention; 23.09.2023 12:21:56; 804.4924; 0.2818001; 240.9138; Road; 11.35202; Checking Box AICar
5; Pedestrian; None; Intention; 23.09.2023 12:21:56; 804.4924; 0.2818001; 240.9137; Road; 11.37486; Checking Box AICar
5; Pedestrian; None; Intention; 23.09.2023 12:21:56; 804.4925; 0.2818001; 240.9136; Road; 11.38484; Checking Box AICar
5; Pedestrian; None; Intention; 23.09.2023 12:21:56; 804.4927; 0.2818001; 240.9134; Road; 11.41781; Checking Box AICar
5; Pedestrian; None; Intention; 23.09.2023 12:21:56; 804.4929; 0.2818001; 240.9133; Road; 11.43027; Checking Box AICar
5; Pedestrian; None; Intention; 23.09.2023 12:21:56; 804.4933; 0.2818001; 240.9132; Road; 11.45611; Checking Box AICar
5; Pedestrian; None; Intention; 23.09.2023 12:21:56; 804.4937; 0.2818001; 240.9129; Road; 11.47626; Checking Box AICar
5; Pedestrian; None; Intention; 23.09.2023 12:21:56; 804.4941; 0.2818001; 240.9126; Road; 11.4975; Checking Box AICar
5; Pedestrian; None; Intention; 23.09.2023 12:21:56; 804.4947; 0.2818001; 240.9124; Road; 11.52042; Checking Box AICar
5; Pedestrian; None; Intention; 23.09.2023 12:21:56; 804.495; 0.2818001; 240.9122; Road; 11.53114; Checking Box AICar
5; Pedestrian; None; Intention; 23.09.2023 12:21:56; 804.4958; 0.2818001; 240.912; Road; 11.55368; Checking Box AICar
5; Pedestrian; None; Intention; 23.09.2023 12:21:56; 804.497; 0.2818001; 240.9118; Road; 11.57578; Checking Box AICar
5; Pedestrian; None; Intention; 23.09.2023 12:21:56; 804.4981; 0.2818001; 240.9116; Road; 11.59765; Checking Box AICar
5; Pedestrian; None; Intention; 23.09.2023 12:21:56; 804.4983; 0.2818001; 240.9114; Road; 11.61971; Checking Box AICar
5; Pedestrian; None; Intention; 23.09.2023 12:21:56; 804.4984; 0.2818001; 240.9114; Road; 11.63041; Checking Box AICar
5; Pedestrian; None; Intention; 23.09.2023 12:21:56; 804.4993; 0.2818001; 240.9116; Road; 11.65355; Checking Box AICar
5; Pedestrian; None; Intention; 23.09.2023 12:21:56; 804.499; 0.2818001; 240.9116; Road; 11.67518; Checking Box AICar
5; Pedestrian; None; Intention; 23.09.2023 12:21:56; 804.4986; 0.2818001; 240.9117; Road; 11.69757; Checking Box AICar
5; Pedestrian; None; Intention; 23.09.2023 12:21:56; 804.498; 0.2818001; 240.912; Road; 11.72031; Checking Box AICar
5; Pedestrian; None; Intention; 23.09.2023 12:21:56; 804.4979; 0.2818001; 240.9122; Road; 11.73054; Checking Box AICar
5; Pedestrian; None; Intention; 23.09.2023 12:21:56; 804.4989; 0.2818001; 240.9128; Road; 11.75302; Checking Box AICar
5; Pedestrian; None; Intention; 23.09.2023 12:21:56; 804.4983; 0.2818001; 240.9133; Road; 11.77549; Checking Box AICar
5; Pedestrian; None; Intention; 23.09.2023 12:21:56; 804.4982; 0.2818001; 240.9139; Road; 11.7972; Checking Box AICar
5; Pedestrian; None; Intention; 23.09.2023 12:21:56; 804.4993; 0.2818001; 240.9149; Road; 11.81973; Checking Box AICar
5; Pedestrian; None; Intention; 23.09.2023 12:21:56; 804.499; 0.2818001; 240.9152; Road; 11.83074; Checking Box AICar
5; Pedestrian; None; Intention; 23.09.2023 12:21:56; 804.4995; 0.2818001; 240.9159; Road; 11.85254; Checking Box AICar
5; Pedestrian; None; Intention; 23.09.2023 12:21:56; 804.498; 0.2818001; 240.9165; Road; 11.87635; Checking Box AICar
5; Pedestrian; None; Intention; 23.09.2023 12:21:56; 804.4971; 0.2818001; 240.9174; Road; 11.89769; Checking Box AICar
5; Pedestrian; None; Intention; 23.09.2023 12:21:56; 804.498; 0.2818001; 240.9185; Road; 11.92322; Checking Box AICar
5; Pedestrian; None; Intention; 23.09.2023 12:21:56; 804.4974; 0.2818001; 240.9191; Road; 11.93418; Checking Box AICar
5; Pedestrian; None; Intention; 23.09.2023 12:21:56; 804.497; 0.2818001; 240.9202; Road; 11.95298; Checking Box AICar
5; Pedestrian; None; Intention; 23.09.2023 12:21:56; 804.497; 0.2818001; 240.9202; Road; 11.95298; Checking Box AICar
5; Pedestrian; None; Intention; 23.09.2023 12:21:56; 804.497; 0.2818001; 240.9202; Road; 11.95298; Checking Box AICar
5; Pedestrian; None; Intention; 23.09.2023 12:21:56; 804.4941; 0.2818001; 240.9235; Road; 12.02154; Checking Box AICar
5; Pedestrian; None; Intention; 23.09.2023 12:21:56; 804.4935; 0.2818001; 240.924; Road; 12.03262; Checking Box AICar
5; Pedestrian; None; Intention; 23.09.2023 12:21:56; 804.4938; 0.2818001; 240.925; Road; 12.0499; Checking Box AICar
5; Pedestrian; None; Intention; 23.09.2023 12:21:56; 804.4963; 0.2818001; 240.9257; Road; 12.06193; Checking Box AICar
5; Pedestrian; None; Intention; 23.09.2023 12:21:56; 804.4959; 0.2818001; 240.9265; Road; 12.09775; Checking Box AICar
5; Pedestrian; None; Intention; 23.09.2023 12:21:56; 804.4959; 0.2818001; 240.9266; Road; 12.11696; Checking Box AICar
5; Pedestrian; None; Intention; 23.09.2023 12:21:56; 804.4962; 0.2818001; 240.9265; Road; 12.12844; Checking Box AICar
5; Pedestrian; None; Intention; 23.09.2023 12:21:56; 804.4971; 0.2818001; 240.9261; Road; 12.15051; Checking Box AICar
5; Pedestrian; None; Intention; 23.09.2023 12:21:56; 804.4975; 0.2818001; 240.9251; Road; 12.17222; Checking Box AICar
5; Pedestrian; None; Intention; 23.09.2023 12:21:56; 804.5027; 0.2818001; 240.924; Road; 12.19471; Checking Box AICar
5; Pedestrian; None; Intention; 23.09.2023 12:21:57; 804.5059; 0.2818001; 240.9222; Road; 12.21784; Checking Box AICar
5; Pedestrian; None; Intention; 23.09.2023 12:21:57; 804.5059; 0.2818001; 240.9222; Road; 12.21784; Checking Box AICar
5; Pedestrian; None; Intention; 23.09.2023 12:21:57; 804.5126; 0.2818001; 240.9189; Road; 12.25336; Checking Box AICar
5; Pedestrian; None; Intention; 23.09.2023 12:21:57; 804.522; 0.2818001; 240.9167; Road; 12.27229; Checking Box AICar
5; Pedestrian; None; Intention; 23.09.2023 12:21:57; 804.5272; 0.2818001; 240.9139; Road; 12.29433; Checking Box AICar
5; Pedestrian; None; Intention; 23.09.2023 12:21:57; 804.5338; 0.2818001; 240.9109; Road; 12.31688; Checking Box AICar
5; Pedestrian; None; Intention; 23.09.2023 12:21:57; 804.5375; 0.2818001; 240.9095; Road; 12.32788; Checking Box AICar
5; Pedestrian; None; Intention; 23.09.2023 12:21:57; 804.545; 0.2818001; 240.9069; Road; 12.35013; Checking Box AICar
5; Pedestrian; None; Intention; 23.09.2023 12:21:57; 804.5518; 0.2818001; 240.9043; Road; 12.37295; Checking Box AICar
5; Pedestrian; None; Intention; 23.09.2023 12:21:57; 804.5606; 0.2818001; 240.9022; Road; 12.39445; Checking Box AICar
5; Pedestrian; None; Intention; 23.09.2023 12:21:57; 804.5685; 0.2818001; 240.9002; Road; 12.41642; Checking Box AICar
5; Pedestrian; None; Intention; 23.09.2023 12:21:57; 804.5723; 0.2818001; 240.8993; Road; 12.42832; Checking Box AICar
5; Pedestrian; None; Intention; 23.09.2023 12:21:57; 804.5787; 0.2818001; 240.8978; Road; 12.45043; Checking Box AICar
5; Pedestrian; None; Intention; 23.09.2023 12:21:57; 804.5848; 0.2818001; 240.8967; Road; 12.47229; null
5; Pedestrian; None; Intention; 23.09.2023 12:21:57; 804.5883; 0.2818001; 240.8956; Road; 12.4944; null
5; Pedestrian; None; Intention; 23.09.2023 12:21:57; 804.5921; 0.2818001; 240.8948; Road; 12.51695; null
5; Pedestrian; None; Intention; 23.09.2023 12:21:57; 804.5944; 0.2818001; 240.8945; Road; 12.52851; null
5; Pedestrian; None; Intention; 23.09.2023 12:21:57; 804.5972; 0.2818001; 240.894; Road; 12.55019; null
5; Pedestrian; None; Intention; 23.09.2023 12:21:57; 804.597; 0.2818001; 240.8937; Road; 12.57234; null
5; Pedestrian; None; Intention; 23.09.2023 12:21:57; 804.5983; 0.2818001; 240.8932; Road; 12.5951; null
5; Pedestrian; None; Intention; 23.09.2023 12:21:57; 804.5992; 0.2818001; 240.8929; Road; 12.61836; null
5; Pedestrian; None; Intention; 23.09.2023 12:21:57; 804.6003; 0.2818001; 240.8928; Road; 12.62889; null
5; Pedestrian; None; Intention; 23.09.2023 12:21:57; 804.5974; 0.2818001; 240.8924; Road; 12.65231; null
5; Pedestrian; None; Intention; 23.09.2023 12:21:57; 804.556; 0.2818001; 240.8885; Road; 12.67485; null
5; Pedestrian; None; Intention; 23.09.2023 12:21:57; 804.5572; 0.2818001; 240.8884; Road; 12.6969; null
5; Pedestrian; None; Intention; 23.09.2023 12:21:57; 804.5572; 0.2818001; 240.8883; Road; 12.70919; null
5; Pedestrian; None; Intention; 23.09.2023 12:21:57; 804.5563; 0.2818001; 240.8885; Road; 12.71991; null
5; Pedestrian; None; Intention; 23.09.2023 12:21:57; 804.5563; 0.2818001; 240.8886; Road; 12.75268; null
5; Pedestrian; None; Intention; 23.09.2023 12:21:57; 804.5566; 0.2818001; 240.8887; Road; 12.77492; null
5; Pedestrian; None; Intention; 23.09.2023 12:21:57; 804.5562; 0.2818001; 240.889; Road; 12.79679; null
5; Pedestrian; None; Intention; 23.09.2023 12:21:57; 804.5545; 0.2818001; 240.8893; Road; 12.81914; null
5; Pedestrian; None; Intention; 23.09.2023 12:21:57; 804.5536; 0.2818001; 240.8894; Road; 12.83009; null
5; Pedestrian; None; Intention; 23.09.2023 12:21:57; 804.5519; 0.2818001; 240.8897; Road; 12.85199; null
5; Pedestrian; None; Intention; 23.09.2023 12:21:57; 804.5502; 0.2818001; 240.8901; Road; 12.87504; null
5; Pedestrian; None; Intention; 23.09.2023 12:21:57; 804.5484; 0.2818001; 240.8904; Road; 12.8962; null
5; Pedestrian; None; Intention; 23.09.2023 12:21:57; 804.5461; 0.2818001; 240.8907; Road; 12.9185; null
5; Pedestrian; None; Intention; 23.09.2023 12:21:57; 804.545; 0.2818001; 240.8909; Road; 12.93057; null
5; Pedestrian; None; Intention; 23.09.2023 12:21:57; 804.5428; 0.2818001; 240.8913; Road; 12.95245; null
5; Pedestrian; None; Intention; 23.09.2023 12:21:57; 804.5406; 0.2818001; 240.8917; Road; 12.9752; null
5; Pedestrian; None; Intention; 23.09.2023 12:21:57; 804.5384; 0.2818001; 240.8921; Road; 12.99691; null
5; Pedestrian; None; Intention; 23.09.2023 12:21:57; 804.536; 0.2818001; 240.8926; Road; 13.02442; null
5; Pedestrian; None; Intention; 23.09.2023 12:21:57; 804.5349; 0.2818001; 240.8928; Road; 13.0325; null
5; Pedestrian; None; Intention; 23.09.2023 12:21:57; 804.5325; 0.2818001; 240.8933; Road; 13.05057; null
5; Pedestrian; None; Intention; 23.09.2023 12:21:57; 804.5303; 0.2818001; 240.8938; Road; 13.07361; null
5; Pedestrian; None; Intention; 23.09.2023 12:21:57; 804.528; 0.2818001; 240.8943; Road; 13.09509; null
5; Pedestrian; None; Intention; 23.09.2023 12:21:57; 804.525; 0.2818001; 240.8946; Road; 13.11724; null
5; Pedestrian; None; Intention; 23.09.2023 12:21:57; 804.524; 0.2818001; 240.8948; Road; 13.12882; null
5; Pedestrian; None; Intention; 23.09.2023 12:21:57; 804.5219; 0.2818001; 240.8952; Road; 13.15091; null
5; Pedestrian; None; Intention; 23.09.2023 12:21:57; 804.5199; 0.2818001; 240.8956; Road; 13.17293; null
5; Pedestrian; None; Intention; 23.09.2023 12:21:57; 804.5181; 0.2818001; 240.896; Road; 13.19451; null
5; Pedestrian; None; Intention; 23.09.2023 12:21:58; 804.5155; 0.2818001; 240.8961; Road; 13.21674; null
5; Pedestrian; None; Intention; 23.09.2023 12:21:58; 804.5145; 0.2818001; 240.8962; Road; 13.22856; null
5; Pedestrian; None; Intention; 23.09.2023 12:21:58; 804.5127; 0.2818001; 240.8965; Road; 13.24988; null
5; Pedestrian; None; Intention; 23.09.2023 12:21:58; 804.5112; 0.2818001; 240.897; Road; 13.27231; null
5; Pedestrian; None; Intention; 23.09.2023 12:21:58; 804.5096; 0.2818001; 240.8973; Road; 13.29444; null
5; Pedestrian; None; Intention; 23.09.2023 12:21:58; 804.5079; 0.2818001; 240.8975; Road; 13.31686; null
5; Pedestrian; None; Intention; 23.09.2023 12:21:58; 804.5073; 0.2818001; 240.8977; Road; 13.32958; null
5; Pedestrian; None; Intention; 23.09.2023 12:21:58; 804.5066; 0.2818001; 240.8978; Road; 13.33994; null
5; Pedestrian; None; Intention; 23.09.2023 12:21:58; 804.5045; 0.2818001; 240.8984; Road; 13.37305; null
5; Pedestrian; None; Intention; 23.09.2023 12:21:58; 804.5032; 0.2818001; 240.8986; Road; 13.39441; null
5; Pedestrian; None; Intention; 23.09.2023 12:21:58; 804.5018; 0.2818001; 240.8989; Road; 13.41779; null
5; Pedestrian; None; Intention; 23.09.2023 12:21:58; 804.5012; 0.2818001; 240.8991; Road; 13.42859; null
5; Pedestrian; None; Intention; 23.09.2023 12:21:58; 804.501; 0.2818001; 240.8995; Road; 13.45206; null
5; Pedestrian; None; Intention; 23.09.2023 12:21:58; 804.4999; 0.2818001; 240.8999; Road; 13.47458; null
5; Pedestrian; None; Intention; 23.09.2023 12:21:58; 804.499; 0.2818001; 240.9002; Road; 13.49609; null
5; Pedestrian; None; Intention; 23.09.2023 12:21:58; 804.498; 0.2818001; 240.9006; Road; 13.52061; null
5; Pedestrian; None; Intention; 23.09.2023 12:21:58; 804.4976; 0.2818001; 240.9008; Road; 13.5296; null
5; Pedestrian; None; Intention; 23.09.2023 12:21:58; 804.4967; 0.2818001; 240.9013; Road; 13.55212; null
5; Pedestrian; None; Intention; 23.09.2023 12:21:58; 804.4958; 0.2818001; 240.9018; Road; 13.57396; null
5; Pedestrian; None; Intention; 23.09.2023 12:21:58; 804.4949; 0.2818001; 240.9023; Road; 13.59553; null
5; Pedestrian; None; Intention; 23.09.2023 12:21:58; 804.4938; 0.2818001; 240.9027; Road; 13.61862; null
5; Pedestrian; None; Intention; 23.09.2023 12:21:58; 804.4932; 0.2818001; 240.903; Road; 13.63411; null
5; Pedestrian; None; Intention; 23.09.2023 12:21:58; 804.4922; 0.2818001; 240.9034; Road; 13.6547; null
5; Pedestrian; None; Intention; 23.09.2023 12:21:58; 804.4913; 0.2818001; 240.9039; Road; 13.67235; null
5; Pedestrian; None; Intention; 23.09.2023 12:21:58; 804.4905; 0.2818001; 240.9043; Road; 13.6938; null
5; Pedestrian; None; Intention; 23.09.2023 12:21:58; 804.4899; 0.2818001; 240.9047; Road; 13.71654; null
5; Pedestrian; None; Intention; 23.09.2023 12:21:58; 804.4898; 0.2818001; 240.9049; Road; 13.72754; null
5; Pedestrian; None; Intention; 23.09.2023 12:21:58; 804.4896; 0.2818001; 240.9052; Road; 13.74964; null
5; Pedestrian; None; Intention; 23.09.2023 12:21:58; 804.4897; 0.2818001; 240.9054; Road; 13.77155; null
5; Pedestrian; None; Intention; 23.09.2023 12:21:58; 804.49; 0.2818001; 240.9056; Road; 13.79376; null
5; Pedestrian; None; Intention; 23.09.2023 12:21:58; 804.491; 0.2818001; 240.9056; Road; 13.81582; null
5; Pedestrian; None; Intention; 23.09.2023 12:21:58; 804.4916; 0.2818001; 240.9055; Road; 13.8273; null
5; Pedestrian; None; Intention; 23.09.2023 12:21:58; 804.4937; 0.2818001; 240.9053; Road; 13.84968; null
5; Pedestrian; None; Intention; 23.09.2023 12:21:58; 804.495; 0.2818001; 240.9051; Road; 13.8606; null
5; Pedestrian; None; Intention; 23.09.2023 12:21:58; 804.4991; 0.2818001; 240.9044; Road; 13.89845; null
5; Pedestrian; None; Intention; 23.09.2023 12:21:58; 804.5019; 0.2818001; 240.9039; Road; 13.91866; null
5; Pedestrian; None; Intention; 23.09.2023 12:21:58; 804.5033; 0.2818001; 240.9037; Road; 13.92738; null
5; Pedestrian; None; Intention; 23.09.2023 12:21:58; 804.5035; 0.2818001; 240.9029; Road; 13.95319; Checking Box AICar
5; Pedestrian; None; Intention; 23.09.2023 12:21:58; 804.5062; 0.2818001; 240.9026; Road; 13.97295; Checking Box AICar
5; Pedestrian; None; Intention; 23.09.2023 12:21:58; 804.5075; 0.2818001; 240.9025; Road; 13.98274; Checking Box AICar
5; Pedestrian; None; Intention; 23.09.2023 12:21:58; 804.5115; 0.2818001; 240.9021; Road; 14.0166; Checking Box AICar
5; Pedestrian; None; Intention; 23.09.2023 12:21:58; 804.5125; 0.2818001; 240.9019; Road; 14.02772; Checking Box AICar
5; Pedestrian; None; Intention; 23.09.2023 12:21:58; 804.5144; 0.2818001; 240.9018; Road; 14.04964; Checking Box AICar
5; Pedestrian; None; Intention; 23.09.2023 12:21:58; 804.5156; 0.2818001; 240.9018; Road; 14.07192; Checking Box AICar
5; Pedestrian; None; Intention; 23.09.2023 12:21:58; 804.5165; 0.2818001; 240.902; Road; 14.09752; Checking Box AICar
5; Pedestrian; None; Intention; 23.09.2023 12:21:58; 804.5166; 0.2818001; 240.9021; Road; 14.12189; Checking Box AICar
5; Pedestrian; None; Intention; 23.09.2023 12:21:58; 804.5166; 0.2818001; 240.9022; Road; 14.13016; Checking Box AICar
5; Pedestrian; None; Intention; 23.09.2023 12:21:58; 804.5162; 0.2818001; 240.9025; Road; 14.14919; Checking Box AICar
5; Pedestrian; None; Intention; 23.09.2023 12:21:58; 804.5153; 0.2818001; 240.9029; Road; 14.17151; Checking Box AICar
5; Pedestrian; None; Intention; 23.09.2023 12:21:58; 804.5142; 0.2818001; 240.9032; Road; 14.19453; Checking Box AICar
5; Pedestrian; None; Intention; 23.09.2023 12:21:59; 804.5127; 0.2818001; 240.9037; Road; 14.21635; Checking Box AICar
5; Pedestrian; None; Intention; 23.09.2023 12:21:59; 804.5117; 0.2818001; 240.9041; Road; 14.228; Checking Box AICar
5; Pedestrian; None; Intention; 23.09.2023 12:21:59; 804.5087; 0.2818001; 240.9049; Road; 14.25335; Checking Box AICar
5; Pedestrian; None; Intention; 23.09.2023 12:21:59; 804.5038; 0.2818001; 240.9063; Road; 14.27594; Checking Box AICar
5; Pedestrian; None; Intention; 23.09.2023 12:21:59; 804.4957; 0.2818001; 240.9084; Road; 14.29413; Checking Box AICar
5; Pedestrian; None; Intention; 23.09.2023 12:21:59; 804.4849; 0.2818001; 240.9112; Road; 14.31583; Checking Box AICar
5; Pedestrian; None; Intention; 23.09.2023 12:21:59; 804.4787; 0.2818001; 240.913; Road; 14.32781; Checking Box AICar
5; Pedestrian; None; Intention; 23.09.2023 12:21:59; 804.4664; 0.2818001; 240.9171; Road; 14.34912; Checking Box AICar
5; Pedestrian; None; Intention; 23.09.2023 12:21:59; 804.4536; 0.2818001; 240.9218; Road; 14.37221; Checking Box AICar
5; Pedestrian; None; Intention; 23.09.2023 12:21:59; 804.4402; 0.2818001; 240.9276; Road; 14.39409; Checking Box AICar
5; Pedestrian; None; Intention; 23.09.2023 12:21:59; 804.4274; 0.2818001; 240.9343; Road; 14.42036; null
5; Pedestrian; None; Intention; 23.09.2023 12:21:59; 804.4217; 0.2818001; 240.9379; Road; 14.43059; null
5; Pedestrian; None; Intention; 23.09.2023 12:21:59; 804.4119; 0.2818001; 240.9451; Road; 14.44936; null
5; Pedestrian; None; Intention; 23.09.2023 12:21:59; 804.4042; 0.2818001; 240.9523; Road; 14.47116; null
5; Pedestrian; None; Intention; 23.09.2023 12:21:59; 804.3981; 0.2818001; 240.9594; Road; 14.49361; null
5; Pedestrian; None; Intention; 23.09.2023 12:21:59; 804.3881; 0.2818001; 240.9659; Road; 14.51585; null
5; Pedestrian; None; Intention; 23.09.2023 12:21:59; 804.3821; 0.2818001; 240.9668; Road; 14.52706; null
5; Pedestrian; None; Intention; 23.09.2023 12:21:59; 804.3788; 0.2818001; 240.9734; Road; 14.54961; null
5; Pedestrian; None; Intention; 23.09.2023 12:21:59; 804.3775; 0.2818001; 240.9794; Road; 14.57404; null
5; Pedestrian; None; Intention; 23.09.2023 12:21:59; 804.3813; 0.2818001; 240.9823; Road; 14.58285; null
5; Pedestrian; None; Intention; 23.09.2023 12:21:59; 804.3814; 0.2818001; 240.9904; Road; 14.61522; null
5; Pedestrian; None; Intention; 23.09.2023 12:21:59; 804.3818; 0.2818001; 240.9929; Road; 14.62726; null
5; Pedestrian; None; Intention; 23.09.2023 12:21:59; 804.3837; 0.2818001; 240.9976; Road; 14.64891; null
5; Pedestrian; None; Intention; 23.09.2023 12:21:59; 804.386; 0.2818001; 241.0023; Road; 14.67124; null
5; Pedestrian; None; Intention; 23.09.2023 12:21:59; 804.3883; 0.2818001; 241.0067; Road; 14.69385; null
5; Pedestrian; None; Intention; 23.09.2023 12:21:59; 804.3917; 0.2818001; 241.0108; Road; 14.71877; null
5; Pedestrian; None; Intention; 23.09.2023 12:21:59; 804.3939; 0.2818001; 241.013; Road; 14.73046; null
5; Pedestrian; None; Intention; 23.09.2023 12:21:59; 804.3939; 0.2818001; 241.013; Road; 14.73046; null
5; Pedestrian; None; Intention; 23.09.2023 12:21:59; 804.4037; 0.2818001; 241.0222; Road; 14.77588; null
5; Pedestrian; None; Intention; 23.09.2023 12:21:59; 804.4102; 0.2818001; 241.0267; Road; 14.79325; null
5; Pedestrian; None; Intention; 23.09.2023 12:21:59; 804.4179; 0.2818001; 241.0307; Road; 14.81506; null
5; Pedestrian; None; Intention; 23.09.2023 12:21:59; 804.4216; 0.2818001; 241.0325; Road; 14.8266; null
5; Pedestrian; None; Intention; 23.09.2023 12:21:59; 804.4302; 0.2818001; 241.0358; Road; 14.84846; null
5; Pedestrian; None; Intention; 23.09.2023 12:21:59; 804.4396; 0.2818001; 241.0387; Road; 14.87411; null
5; Pedestrian; None; Intention; 23.09.2023 12:21:59; 804.4483; 0.2818001; 241.041; Road; 14.89511; null
5; Pedestrian; None; Intention; 23.09.2023 12:21:59; 804.4574; 0.2818001; 241.0424; Road; 14.91502; null
5; Pedestrian; None; Intention; 23.09.2023 12:21:59; 804.4612; 0.2818001; 241.043; Road; 14.92721; null
5; Pedestrian; None; Intention; 23.09.2023 12:21:59; 804.4684; 0.2818001; 241.0434; Road; 14.94856; null
5; Pedestrian; None; Intention; 23.09.2023 12:21:59; 804.4739; 0.2818001; 241.043; Road; 14.97094; null
5; Pedestrian; None; Intention; 23.09.2023 12:21:59; 804.4769; 0.2818001; 241.0419; Road; 14.99321; null
5; Pedestrian; None; Intention; 23.09.2023 12:21:59; 804.478; 0.2818001; 241.0405; Road; 15.01499; null
5; Pedestrian; None; Intention; 23.09.2023 12:21:59; 804.478; 0.2818001; 241.0396; Road; 15.02996; null
5; Pedestrian; None; Intention; 23.09.2023 12:21:59; 804.4749; 0.2818001; 241.0372; Road; 15.0485; null
5; Pedestrian; None; Intention; 23.09.2023 12:21:59; 804.4694; 0.2818001; 241.0342; Road; 15.07058; null
5; Pedestrian; None; Intention; 23.09.2023 12:21:59; 804.4609; 0.2818001; 241.0307; Road; 15.09253; null
5; Pedestrian; None; Intention; 23.09.2023 12:21:59; 804.4489; 0.2818001; 241.0262; Road; 15.11497; null
5; Pedestrian; None; Intention; 23.09.2023 12:21:59; 804.4421; 0.2818001; 241.0238; Road; 15.12613; null
5; Pedestrian; None; Intention; 23.09.2023 12:21:59; 804.4267; 0.2818001; 241.0183; Road; 15.1483; null
5; Pedestrian; None; Intention; 23.09.2023 12:21:59; 804.4101; 0.2818001; 241.012; Road; 15.1716; null
5; Pedestrian; None; Intention; 23.09.2023 12:21:59; 804.4003; 0.2818001; 241.0079; Road; 15.18586; null
5; Pedestrian; None; Intention; 23.09.2023 12:22:00; 804.3745; 0.2818001; 240.9979; Road; 15.21826; null
5; Pedestrian; None; Intention; 23.09.2023 12:22:00; 804.3663; 0.2818001; 240.9942; Road; 15.23075; null
5; Pedestrian; None; Intention; 23.09.2023 12:22:00; 804.3512; 0.2818001; 240.9868; Road; 15.24954; null
5; Pedestrian; None; Intention; 23.09.2023 12:22:00; 804.3386; 0.2818001; 240.9791; Road; 15.27219; null
5; Pedestrian; None; Intention; 23.09.2023 12:22:00; 804.3264; 0.2818001; 240.9715; Road; 15.29465; null
5; Pedestrian; None; Intention; 23.09.2023 12:22:00; 804.3142; 0.2818001; 240.9637; Road; 15.31609; null
5; Pedestrian; None; Intention; 23.09.2023 12:22:00; 804.3083; 0.2818001; 240.96; Road; 15.3279; null
5; Pedestrian; None; Intention; 23.09.2023 12:22:00; 804.2973; 0.2818001; 240.953; Road; 15.35274; null
5; Pedestrian; None; Intention; 23.09.2023 12:22:00; 804.2876; 0.2818001; 240.9466; Road; 15.37234; null
5; Pedestrian; None; Intention; 23.09.2023 12:22:00; 804.2784; 0.2818001; 240.9404; Road; 15.39498; null
5; Pedestrian; None; Intention; 23.09.2023 12:22:00; 804.2706; 0.2818001; 240.9348; Road; 15.41685; null
5; Pedestrian; None; Intention; 23.09.2023 12:22:00; 804.2671; 0.2818001; 240.9321; Road; 15.42823; null
5; Pedestrian; None; Intention; 23.09.2023 12:22:00; 804.2606; 0.2818001; 240.9276; Road; 15.45038; null
5; Pedestrian; None; Intention; 23.09.2023 12:22:00; 804.2542; 0.2818001; 240.9236; Road; 15.47239; null
5; Pedestrian; None; Intention; 23.09.2023 12:22:00; 804.248; 0.2818001; 240.92; Road; 15.49811; null
5; Pedestrian; None; Intention; 23.09.2023 12:22:00; 804.2409; 0.2818001; 240.9169; Road; 15.52094; null
5; Pedestrian; None; Intention; 23.09.2023 12:22:00; 804.2372; 0.2818001; 240.9155; Road; 15.52947; null
5; Pedestrian; None; Intention; 23.09.2023 12:22:00; 804.23; 0.2818001; 240.9132; Road; 15.5487; null
5; Pedestrian; None; Intention; 23.09.2023 12:22:00; 804.2224; 0.2818001; 240.9112; Road; 15.57079; null
5; Pedestrian; None; Intention; 23.09.2023 12:22:00; 804.2151; 0.2818001; 240.9097; Road; 15.59297; null
5; Pedestrian; None; Intention; 23.09.2023 12:22:00; 804.2079; 0.2818001; 240.9087; Road; 15.61468; null
5; Pedestrian; None; Intention; 23.09.2023 12:22:00; 804.2046; 0.2818001; 240.9082; Road; 15.62728; null
5; Pedestrian; None; Intention; 23.09.2023 12:22:00; 804.198; 0.2818001; 240.9076; Road; 15.65173; null
5; Pedestrian; None; Intention; 23.09.2023 12:22:00; 804.1907; 0.2818001; 240.907; Road; 15.67476; null
5; Pedestrian; None; Intention; 23.09.2023 12:22:00; 804.1832; 0.2818001; 240.9067; Road; 15.6926; null
5; Pedestrian; None; Intention; 23.09.2023 12:22:00; 804.1749; 0.2818001; 240.9066; Road; 15.71498; null
5; Pedestrian; None; Intention; 23.09.2023 12:22:00; 804.1703; 0.2818001; 240.9066; Road; 15.72599; null
5; Pedestrian; None; Intention; 23.09.2023 12:22:00; 804.1609; 0.2818001; 240.9067; Road; 15.74819; null
5; Pedestrian; None; Intention; 23.09.2023 12:22:00; 804.1516; 0.2818001; 240.9071; Road; 15.77036; null
5; Pedestrian; None; Intention; 23.09.2023 12:22:00; 804.1407; 0.2818001; 240.9074; Road; 15.79344; null
5; Pedestrian; None; Intention; 23.09.2023 12:22:00; 804.1353; 0.2818001; 240.9077; Road; 15.80698; null
5; Pedestrian; None; Intention; 23.09.2023 12:22:00; 804.1291; 0.2818001; 240.9081; Road; 15.81709; null
5; Pedestrian; None; Intention; 23.09.2023 12:22:00; 804.1122; 0.2818001; 240.9094; Road; 15.84849; null
5; Pedestrian; None; Intention; 23.09.2023 12:22:00; 804.0997; 0.2818001; 240.9108; Road; 15.87071; null
5; Pedestrian; None; Intention; 23.09.2023 12:22:00; 804.0865; 0.2818001; 240.9125; Road; 15.89315; null
5; Pedestrian; None; Intention; 23.09.2023 12:22:00; 804.0719; 0.2818001; 240.9145; Road; 15.91536; null
5; Pedestrian; None; Intention; 23.09.2023 12:22:00; 804.064; 0.2818001; 240.9156; Road; 15.92641; null
5; Pedestrian; None; Intention; 23.09.2023 12:22:00; 804.0483; 0.2818001; 240.9176; Road; 15.94921; null
5; Pedestrian; None; Intention; 23.09.2023 12:22:00; 804.0311; 0.2818001; 240.9198; Road; 15.97508; null
5; Pedestrian; None; Intention; 23.09.2023 12:22:00; 804.0127; 0.2818001; 240.9222; Road; 15.99338; null
5; Pedestrian; None; Intention; 23.09.2023 12:22:00; 803.9937; 0.2818001; 240.9248; Road; 16.0155; null
5; Pedestrian; None; Intention; 23.09.2023 12:22:00; 803.984; 0.2818001; 240.926; Road; 16.02666; null
5; Pedestrian; None; Intention; 23.09.2023 12:22:00; 803.9639; 0.2818001; 240.9287; Road; 16.0491; null
5; Pedestrian; None; Intention; 23.09.2023 12:22:00; 803.9429; 0.2818001; 240.9313; Road; 16.07142; null
5; Pedestrian; None; Intention; 23.09.2023 12:22:00; 803.9208; 0.2818001; 240.9337; Road; 16.09415; null
5; Pedestrian; None; Intention; 23.09.2023 12:22:00; 803.8986; 0.2818001; 240.9361; Road; 16.11943; null
5; Pedestrian; None; Intention; 23.09.2023 12:22:00; 803.8872; 0.2818001; 240.9373; Road; 16.13141; null
5; Pedestrian; None; Intention; 23.09.2023 12:22:00; 803.8647; 0.2818001; 240.9395; Road; 16.14951; null
5; Pedestrian; None; Intention; 23.09.2023 12:22:00; 803.8426; 0.2818001; 240.9418; Road; 16.17191; null
5; Pedestrian; None; Intention; 23.09.2023 12:22:00; 803.8196; 0.2818001; 240.9437; Road; 16.19444; null
5; Pedestrian; None; Intention; 23.09.2023 12:22:01; 803.7959; 0.2818001; 240.9454; Road; 16.2163; null
5; Pedestrian; None; Intention; 23.09.2023 12:22:01; 803.7845; 0.2818001; 240.9462; Road; 16.22791; null
5; Pedestrian; None; Intention; 23.09.2023 12:22:01; 803.7615; 0.2818001; 240.9477; Road; 16.25031; null
5; Pedestrian; None; Intention; 23.09.2023 12:22:01; 803.738; 0.2818001; 240.949; Road; 16.27472; null
5; Pedestrian; None; Intention; 23.09.2023 12:22:01; 803.7151; 0.2818001; 240.9501; Road; 16.29597; null
5; Pedestrian; None; Intention; 23.09.2023 12:22:01; 803.6928; 0.2818001; 240.9508; Road; 16.31574; null
5; Pedestrian; None; Intention; 23.09.2023 12:22:01; 803.6817; 0.2818001; 240.9511; Road; 16.32731; null
5; Pedestrian; None; Intention; 23.09.2023 12:22:01; 803.66; 0.2818001; 240.9516; Road; 16.34914; null
5; Pedestrian; None; Intention; 23.09.2023 12:22:01; 803.6381; 0.2818001; 240.9518; Road; 16.37192; null
5; Pedestrian; None; Intention; 23.09.2023 12:22:01; 803.616; 0.2818001; 240.9519; Road; 16.3946; null
5; Pedestrian; None; Intention; 23.09.2023 12:22:01; 803.5942; 0.2818001; 240.9517; Road; 16.41654; null
5; Pedestrian; None; Intention; 23.09.2023 12:22:01; 803.5828; 0.2818001; 240.9515; Road; 16.43226; null
5; Pedestrian; None; Intention; 23.09.2023 12:22:01; 803.5717; 0.2818001; 240.951; Road; 16.44364; null
5; Pedestrian; None; Intention; 23.09.2023 12:22:01; 803.538; 0.2818001; 240.9499; Road; 16.4729; null
5; Pedestrian; None; Intention; 23.09.2023 12:22:01; 803.5154; 0.2818001; 240.9489; Road; 16.4952; null
5; Pedestrian; None; Intention; 23.09.2023 12:22:01; 803.4924; 0.2818001; 240.9475; Road; 16.5176; null
5; Pedestrian; None; Intention; 23.09.2023 12:22:01; 803.4806; 0.2818001; 240.9466; Road; 16.5283; null
5; Pedestrian; None; Intention; 23.09.2023 12:22:01; 803.457; 0.2818001; 240.945; Road; 16.5498; null
5; Pedestrian; None; Intention; 23.09.2023 12:22:01; 803.4326; 0.2818001; 240.943; Road; 16.57318; null
5; Pedestrian; None; Intention; 23.09.2023 12:22:01; 803.4092; 0.2818001; 240.9409; Road; 16.59731; null
5; Pedestrian; None; Intention; 23.09.2023 12:22:01; 803.3857; 0.2818001; 240.9388; Road; 16.61693; null
5; Pedestrian; None; Intention; 23.09.2023 12:22:01; 803.3735; 0.2818001; 240.9377; Road; 16.62989; null
5; Pedestrian; None; Intention; 23.09.2023 12:22:01; 803.3493; 0.2818001; 240.9357; Road; 16.65018; null
5; Pedestrian; None; Intention; 23.09.2023 12:22:01; 803.326; 0.2818001; 240.9337; Road; 16.67226; null
5; Pedestrian; None; Intention; 23.09.2023 12:22:01; 803.3035; 0.2818001; 240.9319; Road; 16.695; null
5; Pedestrian; None; Intention; 23.09.2023 12:22:01; 803.2811; 0.2818001; 240.9305; Road; 16.71644; null
5; Pedestrian; None; Intention; 23.09.2023 12:22:01; 803.2699; 0.2818001; 240.9297; Road; 16.72874; null
5; Pedestrian; None; Intention; 23.09.2023 12:22:01; 803.2474; 0.2818001; 240.9284; Road; 16.75327; null
5; Pedestrian; None; Intention; 23.09.2023 12:22:01; 803.2242; 0.2818001; 240.9272; Road; 16.77262; null
5; Pedestrian; None; Intention; 23.09.2023 12:22:01; 803.2009; 0.2818001; 240.9263; Road; 16.79481; null
5; Pedestrian; None; Intention; 23.09.2023 12:22:01; 803.1775; 0.2818001; 240.9255; Road; 16.81682; null
5; Pedestrian; None; Intention; 23.09.2023 12:22:01; 803.1653; 0.2818001; 240.9251; Road; 16.82859; null
5; Pedestrian; None; Intention; 23.09.2023 12:22:01; 803.1414; 0.2818001; 240.9245; Road; 16.84983; null
5; Pedestrian; None; Intention; 23.09.2023 12:22:01; 803.1174; 0.2818001; 240.924; Road; 16.87366; null
5; Pedestrian; None; Intention; 23.09.2023 12:22:01; 803.0934; 0.2818001; 240.9235; Road; 16.89772; null
5; Pedestrian; None; Intention; 23.09.2023 12:22:01; 803.0696; 0.2818001; 240.9234; Road; 16.91922; null
5; Pedestrian; None; Intention; 23.09.2023 12:22:01; 803.0577; 0.2818001; 240.9234; Road; 16.92869; null
5; Pedestrian; None; Intention; 23.09.2023 12:22:01; 803.0323; 0.2818001; 240.9234; Road; 16.94916; null
5; Pedestrian; None; Intention; 23.09.2023 12:22:01; 803.0063; 0.2818001; 240.9236; Road; 16.97144; null
5; Pedestrian; None; Intention; 23.09.2023 12:22:01; 802.9805; 0.2818001; 240.9243; Road; 16.99361; null
5; Pedestrian; None; Intention; 23.09.2023 12:22:01; 802.9535; 0.2818001; 240.9251; Road; 17.01581; null
5; Pedestrian; None; Intention; 23.09.2023 12:22:01; 802.9395; 0.2818001; 240.9256; Road; 17.02723; null
5; Pedestrian; None; Intention; 23.09.2023 12:22:01; 802.9122; 0.2818001; 240.9269; Road; 17.05247; null
5; Pedestrian; None; Intention; 23.09.2023 12:22:01; 802.8839; 0.2818001; 240.9284; Road; 17.07459; null
5; Pedestrian; None; Intention; 23.09.2023 12:22:01; 802.8697; 0.2818001; 240.9292; Road; 17.08238; null
5; Pedestrian; None; Intention; 23.09.2023 12:22:01; 802.8266; 0.2818001; 240.9321; Road; 17.11454; null
5; Pedestrian; None; Intention; 23.09.2023 12:22:01; 802.8119; 0.2818001; 240.9332; Road; 17.12685; null
5; Pedestrian; None; Intention; 23.09.2023 12:22:01; 802.7828; 0.2818001; 240.9355; Road; 17.14902; null
5; Pedestrian; None; Intention; 23.09.2023 12:22:01; 802.7529; 0.2818001; 240.9379; Road; 17.17127; null
5; Pedestrian; None; Intention; 23.09.2023 12:22:01; 802.7234; 0.2818001; 240.9406; Road; 17.19326; null
5; Pedestrian; None; Intention; 23.09.2023 12:22:02; 802.6941; 0.2818001; 240.9434; Road; 17.22126; null
5; Pedestrian; None; Intention; 23.09.2023 12:22:02; 802.6786; 0.2818001; 240.9447; Road; 17.23329; null
5; Pedestrian; None; Intention; 23.09.2023 12:22:02; 802.648; 0.2818001; 240.9475; Road; 17.2504; null
5; Pedestrian; None; Intention; 23.09.2023 12:22:02; 802.6176; 0.2818001; 240.9502; Road; 17.2702; null
5; Pedestrian; None; Intention; 23.09.2023 12:22:02; 802.5887; 0.2818001; 240.9531; Road; 17.29251; null
5; Pedestrian; None; Intention; 23.09.2023 12:22:02; 802.5448; 0.2818001; 240.9575; Road; 17.32607; null
5; Pedestrian; None; Intention; 23.09.2023 12:22:02; 802.5309; 0.2818001; 240.959; Road; 17.3365; null
5; Pedestrian; None; Intention; 23.09.2023 12:22:02; 802.5163; 0.2818001; 240.9605; Road; 17.34759; null
5; Pedestrian; None; Intention; 23.09.2023 12:22:02; 802.4714; 0.2818001; 240.9648; Road; 17.3844; null
5; Pedestrian; None; Intention; 23.09.2023 12:22:02; 802.4395; 0.2818001; 240.9675; Road; 17.40347; null
5; Pedestrian; None; Intention; 23.09.2023 12:22:02; 802.4242; 0.2818001; 240.9688; Road; 17.41423; null
5; Pedestrian; None; Intention; 23.09.2023 12:22:02; 802.4089; 0.2818001; 240.9701; Road; 17.42547; null
5; Pedestrian; None; Intention; 23.09.2023 12:22:02; 802.3646; 0.2818001; 240.9738; Road; 17.45906; null
5; Pedestrian; None; Intention; 23.09.2023 12:22:02; 802.3495; 0.2818001; 240.975; Road; 17.46959; null
5; Pedestrian; None; Intention; 23.09.2023 12:22:02; 802.3495; 0.2818001; 240.975; Road; 17.46959; null
5; Pedestrian; None; Intention; 23.09.2023 12:22:02; 802.3495; 0.2818001; 240.975; Road; 17.46959; null
5; Pedestrian; None; Intention; 23.09.2023 12:22:02; 802.2766; 0.2818001; 240.9802; Road; 17.48141; null
5; Pedestrian; None; Intention; 23.09.2023 12:22:02; 802.248; 0.2818001; 240.982; Road; 17.5574; null
5; Pedestrian; None; Intention; 23.09.2023 12:22:02; 802.2192; 0.2818001; 240.9839; Road; 17.5797; null
5; Pedestrian; None; Intention; 23.09.2023 12:22:02; 802.1894; 0.2818001; 240.9854; Road; 17.59717; null
5; Pedestrian; None; Intention; 23.09.2023 12:22:02; 802.1437; 0.2818001; 240.9875; Road; 17.62545; null
5; Pedestrian; None; Intention; 23.09.2023 12:22:02; 802.129; 0.2818001; 240.9883; Road; 17.63644; null
5; Pedestrian; None; Intention; 23.09.2023 12:22:02; 802.0985; 0.2818001; 240.9895; Road; 17.65866; null
5; Pedestrian; None; Intention; 23.09.2023 12:22:02; 802.0675; 0.2818001; 240.9905; Road; 17.68081; null
5; Pedestrian; None; Intention; 23.09.2023 12:22:02; 802.0526; 0.2818001; 240.991; Road; 17.69185; null
5; Pedestrian; None; Intention; 23.09.2023 12:22:02; 802.0358; 0.2818001; 240.9911; Road; 17.70633; null
5; Pedestrian; None; Intention; 23.09.2023 12:22:02; 802.0036; 0.2818001; 240.9918; Road; 17.72877; null
5; Pedestrian; None; Intention; 23.09.2023 12:22:02; 801.9713; 0.2818001; 240.9922; Road; 17.74821; null
5; Pedestrian; None; Intention; 23.09.2023 12:22:02; 801.9247; 0.2818001; 240.9926; Road; 17.78181; null
5; Pedestrian; None; Intention; 23.09.2023 12:22:02; 801.9098; 0.2818001; 240.9926; Road; 17.79184; null
5; Pedestrian; None; Intention; 23.09.2023 12:22:02; 801.8774; 0.2818001; 240.9923; Road; 17.8152; null
5; Pedestrian; None; Intention; 23.09.2023 12:22:02; 801.8604; 0.2818001; 240.992; Road; 17.82634; null
5; Pedestrian; None; Intention; 23.09.2023 12:22:02; 801.8274; 0.2818001; 240.9913; Road; 17.84815; null
5; Pedestrian; None; Intention; 23.09.2023 12:22:02; 801.7785; 0.2818001; 240.9902; Road; 17.88338; null
5; Pedestrian; None; Intention; 23.09.2023 12:22:02; 801.7625; 0.2818001; 240.9898; Road; 17.892; null
5; Pedestrian; None; Intention; 23.09.2023 12:22:02; 801.7108; 0.2818001; 240.9879; Road; 17.92562; null
5; Pedestrian; None; Intention; 23.09.2023 12:22:02; 801.7108; 0.2818001; 240.9879; Road; 17.92562; null
5; Pedestrian; None; Intention; 23.09.2023 12:22:02; 801.6606; 0.2818001; 240.9862; Road; 17.95842; null
5; Pedestrian; None; Intention; 23.09.2023 12:22:02; 801.6282; 0.2818001; 240.9852; Road; 17.98145; null
5; Pedestrian; None; Intention; 23.09.2023 12:22:02; 801.6127; 0.2818001; 240.9849; Road; 17.99181; null
5; Pedestrian; None; Intention; 23.09.2023 12:22:02; 801.5809; 0.2818001; 240.9841; Road; 18.01741; null
5; Pedestrian; None; Intention; 23.09.2023 12:22:02; 801.564; 0.2818001; 240.9836; Road; 18.0299; null
5; Pedestrian; None; Intention; 23.09.2023 12:22:02; 801.5323; 0.2818001; 240.983; Road; 18.04905; null
5; Pedestrian; None; Intention; 23.09.2023 12:22:02; 801.4842; 0.2818001; 240.9825; Road; 18.08105; null
5; Pedestrian; None; Intention; 23.09.2023 12:22:02; 801.4506; 0.2818001; 240.9828; Road; 18.10285; null
5; Pedestrian; None; Intention; 23.09.2023 12:22:02; 801.4097; 0.2818001; 240.981; Road; 18.12522; null
5; Pedestrian; None; Intention; 23.09.2023 12:22:02; 801.4097; 0.2818001; 240.981; Road; 18.12522; null
5; Pedestrian; None; Intention; 23.09.2023 12:22:02; 801.3778; 0.2818001; 240.9809; Road; 18.14768; null
5; Pedestrian; None; Intention; 23.09.2023 12:22:02; 801.3297; 0.2818001; 240.9809; Road; 18.18444; null
5; Pedestrian; None; Intention; 23.09.2023 12:22:02; 801.2982; 0.2818001; 240.9811; Road; 18.20264; null
5; Pedestrian; None; Intention; 23.09.2023 12:22:03; 801.2672; 0.2818001; 240.9815; Road; 18.2254; null
5; Pedestrian; None; Intention; 23.09.2023 12:22:03; 801.2521; 0.2818001; 240.9818; Road; 18.23585; null
5; Pedestrian; None; Intention; 23.09.2023 12:22:03; 801.22; 0.2818001; 240.9822; Road; 18.25838; null
5; Pedestrian; None; Intention; 23.09.2023 12:22:03; 801.188; 0.2818001; 240.9828; Road; 18.28054; null
5; Pedestrian; None; Intention; 23.09.2023 12:22:03; 801.1554; 0.2818001; 240.9834; Road; 18.30262; null
5; Pedestrian; None; Intention; 23.09.2023 12:22:03; 801.14; 0.2818001; 240.9839; Road; 18.31412; null
5; Pedestrian; None; Intention; 23.09.2023 12:22:03; 801.123; 0.2818001; 240.9843; Road; 18.32816; null
5; Pedestrian; None; Intention; 23.09.2023 12:22:03; 801.0739; 0.2818001; 240.986; Road; 18.35863; null
5; Pedestrian; None; Intention; 23.09.2023 12:22:03; 801.04; 0.2818001; 240.9871; Road; 18.38165; null
5; Pedestrian; None; Intention; 23.09.2023 12:22:03; 801.0234; 0.2818001; 240.9878; Road; 18.392; null
5; Pedestrian; None; Intention; 23.09.2023 12:22:03; 800.9708; 0.2818001; 240.9901; Road; 18.42559; null
5; Pedestrian; None; Intention; 23.09.2023 12:22:03; 800.9708; 0.2818001; 240.9901; Road; 18.42559; null
5; Pedestrian; None; Intention; 23.09.2023 12:22:03; 800.9352; 0.2818001; 240.9919; Road; 18.44803; null
5; Pedestrian; None; Intention; 23.09.2023 12:22:03; 800.8998; 0.2818001; 240.9939; Road; 18.47078; null
5; Pedestrian; None; Intention; 23.09.2023 12:22:03; 800.8664; 0.2818001; 240.9961; Road; 18.49656; null
5; Pedestrian; None; Intention; 23.09.2023 12:22:03; 800.8307; 0.2818001; 240.9984; Road; 18.51666; null
5; Pedestrian; None; Intention; 23.09.2023 12:22:03; 800.8122; 0.2818001; 240.9996; Road; 18.52751; null
5; Pedestrian; None; Intention; 23.09.2023 12:22:03; 800.7762; 0.2818001; 241.0022; Road; 18.54994; null
5; Pedestrian; None; Intention; 23.09.2023 12:22:03; 800.7396; 0.2818001; 241.0049; Road; 18.5724; null
5; Pedestrian; None; Intention; 23.09.2023 12:22:03; 800.7032; 0.2818001; 241.0076; Road; 18.59536; null
5; Pedestrian; None; Intention; 23.09.2023 12:22:03; 800.6661; 0.2818001; 241.0104; Road; 18.61757; null
5; Pedestrian; None; Intention; 23.09.2023 12:22:03; 800.6483; 0.2818001; 241.0118; Road; 18.6289; null
5; Pedestrian; None; Intention; 23.09.2023 12:22:03; 800.6121; 0.2818001; 241.0143; Road; 18.6537; null
5; Pedestrian; None; Intention; 23.09.2023 12:22:03; 800.5766; 0.2818001; 241.0167; Road; 18.67184; null
5; Pedestrian; None; Intention; 23.09.2023 12:22:03; 800.5425; 0.2818001; 241.019; Road; 18.69328; null
5; Pedestrian; None; Intention; 23.09.2023 12:22:03; 800.5096; 0.2818001; 241.0212; Road; 18.71579; null
5; Pedestrian; None; Intention; 23.09.2023 12:22:03; 800.4926; 0.2818001; 241.0221; Road; 18.72665; null
5; Pedestrian; None; Intention; 23.09.2023 12:22:03; 800.4614; 0.2818001; 241.0241; Road; 18.7493; null
5; Pedestrian; None; Intention; 23.09.2023 12:22:03; 800.4296; 0.2818001; 241.0256; Road; 18.77094; null
5; Pedestrian; None; Intention; 23.09.2023 12:22:03; 800.398; 0.2818001; 241.027; Road; 18.79738; null
5; Pedestrian; None; Intention; 23.09.2023 12:22:03; 800.3673; 0.2818001; 241.0283; Road; 18.81848; null
5; Pedestrian; None; Intention; 23.09.2023 12:22:03; 800.3519; 0.2818001; 241.0288; Road; 18.82589; null
5; Pedestrian; None; Intention; 23.09.2023 12:22:03; 800.309; 0.2818001; 241.0304; Road; 18.85892; null
5; Pedestrian; None; Intention; 23.09.2023 12:22:03; 800.2808; 0.2818001; 241.0313; Road; 18.88162; null
5; Pedestrian; None; Intention; 23.09.2023 12:22:03; 800.2672; 0.2818001; 241.0318; Road; 18.89182; null
5; Pedestrian; None; Intention; 23.09.2023 12:22:03; 800.2239; 0.2818001; 241.0327; Road; 18.92596; null
5; Pedestrian; None; Intention; 23.09.2023 12:22:03; 800.2239; 0.2818001; 241.0327; Road; 18.92596; null
5; Pedestrian; None; Intention; 23.09.2023 12:22:03; 800.1951; 0.2818001; 241.0332; Road; 18.95074; null
5; Pedestrian; None; Intention; 23.09.2023 12:22:03; 800.1663; 0.2818001; 241.0334; Road; 18.97065; null
5; Pedestrian; None; Intention; 23.09.2023 12:22:03; 800.137; 0.2818001; 241.0335; Road; 18.99122; null
5; Pedestrian; None; Intention; 23.09.2023 12:22:03; 800.0925; 0.2818001; 241.0332; Road; 19.02566; null
5; Pedestrian; None; Intention; 23.09.2023 12:22:03; 800.0925; 0.2818001; 241.0332; Road; 19.02566; null
5; Pedestrian; None; Intention; 23.09.2023 12:22:03; 800.0637; 0.2818001; 241.0329; Road; 19.04852; null
5; Pedestrian; None; Intention; 23.09.2023 12:22:03; 800.0328; 0.2818001; 241.0322; Road; 19.07033; null
5; Pedestrian; None; Intention; 23.09.2023 12:22:03; 800.0018; 0.2818001; 241.0312; Road; 19.09231; null
5; Pedestrian; None; Intention; 23.09.2023 12:22:03; 799.9717; 0.2818001; 241.0302; Road; 19.12051; null
5; Pedestrian; None; Intention; 23.09.2023 12:22:03; 799.941; 0.2818001; 241.0289; Road; 19.13772; null
5; Pedestrian; None; Intention; 23.09.2023 12:22:03; 799.9097; 0.2818001; 241.0273; Road; 19.158; null
5; Pedestrian; None; Intention; 23.09.2023 12:22:03; 799.8779; 0.2818001; 241.0257; Road; 19.18077; null
5; Pedestrian; None; Intention; 23.09.2023 12:22:03; 799.8371; 0.2818001; 241.0219; Road; 19.20279; null
5; Pedestrian; None; Intention; 23.09.2023 12:22:04; 799.8206; 0.2818001; 241.0208; Road; 19.21428; null
5; Pedestrian; None; Intention; 23.09.2023 12:22:04; 799.8043; 0.2818001; 241.0199; Road; 19.22511; null
5; Pedestrian; None; Intention; 23.09.2023 12:22:04; 799.7684; 0.2818001; 241.0175; Road; 19.24834; null
5; Pedestrian; None; Intention; 23.09.2023 12:22:04; 799.7173; 0.2818001; 241.014; Road; 19.28271; null
5; Pedestrian; None; Intention; 23.09.2023 12:22:04; 799.6848; 0.2818001; 241.012; Road; 19.30271; null
5; Pedestrian; None; Intention; 23.09.2023 12:22:04; 799.6544; 0.2818001; 241.0103; Road; 19.32495; null
5; Pedestrian; None; Intention; 23.09.2023 12:22:04; 799.639; 0.2818001; 241.0095; Road; 19.33596; null
5; Pedestrian; None; Intention; 23.09.2023 12:22:04; 799.6079; 0.2818001; 241.008; Road; 19.35805; null
5; Pedestrian; None; Intention; 23.09.2023 12:22:04; 799.5769; 0.2818001; 241.0066; Road; 19.38067; null
5; Pedestrian; None; Intention; 23.09.2023 12:22:04; 799.5619; 0.2818001; 241.0061; Road; 19.39114; null
5; Pedestrian; None; Intention; 23.09.2023 12:22:04; 799.5311; 0.2818001; 241.0053; Road; 19.41695; null
5; Pedestrian; None; Intention; 23.09.2023 12:22:04; 799.5001; 0.2818001; 241.0047; Road; 19.43914; null
5; Pedestrian; None; Intention; 23.09.2023 12:22:04; 799.4688; 0.2818001; 241.0042; Road; 19.45806; null
5; Pedestrian; None; Intention; 23.09.2023 12:22:04; 799.4379; 0.2818001; 241.0036; Road; 19.48089; null
5; Pedestrian; None; Intention; 23.09.2023 12:22:04; 799.4229; 0.2818001; 241.0034; Road; 19.49095; null
5; Pedestrian; None; Intention; 23.09.2023 12:22:04; 799.3766; 0.2818001; 241.0029; Road; 19.52537; null
5; Pedestrian; None; Intention; 23.09.2023 12:22:04; 799.3766; 0.2818001; 241.0029; Road; 19.52537; null
5; Pedestrian; None; Intention; 23.09.2023 12:22:04; 799.3461; 0.2818001; 241.0028; Road; 19.54768; null
5; Pedestrian; None; Intention; 23.09.2023 12:22:04; 799.3005; 0.2818001; 241.0025; Road; 19.58341; null
5; Pedestrian; None; Intention; 23.09.2023 12:22:04; 799.2856; 0.2818001; 241.0025; Road; 19.59189; null
5; Pedestrian; None; Intention; 23.09.2023 12:22:04; 799.2389; 0.2818001; 241.0023; Road; 19.62557; null
5; Pedestrian; None; Intention; 23.09.2023 12:22:04; 799.2389; 0.2818001; 241.0023; Road; 19.62557; null
5; Pedestrian; None; Intention; 23.09.2023 12:22:04; 799.2081; 0.2818001; 241.0023; Road; 19.64816; null
5; Pedestrian; None; Intention; 23.09.2023 12:22:04; 799.1604; 0.2818001; 241.0024; Road; 19.68131; null
5; Pedestrian; None; Intention; 23.09.2023 12:22:04; 799.1443; 0.2818001; 241.0026; Road; 19.69185; null
5; Pedestrian; None; Intention; 23.09.2023 12:22:04; 799.1119; 0.2818001; 241.0029; Road; 19.71491; null
5; Pedestrian; None; Intention; 23.09.2023 12:22:04; 799.0953; 0.2818001; 241.003; Road; 19.7284; null
5; Pedestrian; None; Intention; 23.09.2023 12:22:04; 799.0472; 0.2818001; 241.004; Road; 19.75906; null
5; Pedestrian; None; Intention; 23.09.2023 12:22:04; 799.0142; 0.2818001; 241.005; Road; 19.78108; null
5; Pedestrian; None; Intention; 23.09.2023 12:22:04; 798.9982; 0.2818001; 241.0057; Road; 19.79186; null
5; Pedestrian; None; Intention; 23.09.2023 12:22:04; 798.9651; 0.2818001; 241.0072; Road; 19.8146; null
5; Pedestrian; None; Intention; 23.09.2023 12:22:04; 798.9477; 0.2818001; 241.0079; Road; 19.82573; null
5; Pedestrian; None; Intention; 23.09.2023 12:22:04; 798.9147; 0.2818001; 241.0099; Road; 19.84863; null
5; Pedestrian; None; Intention; 23.09.2023 12:22:04; 798.8807; 0.2818001; 241.0122; Road; 19.87073; null
5; Pedestrian; None; Intention; 23.09.2023 12:22:04; 798.8469; 0.2818001; 241.0146; Road; 19.89703; null
5; Pedestrian; None; Intention; 23.09.2023 12:22:04; 798.8128; 0.2818001; 241.017; Road; 19.91549; null
5; Pedestrian; None; Intention; 23.09.2023 12:22:04; 798.7951; 0.2818001; 241.0181; Road; 19.92661; null
5; Pedestrian; None; Intention; 23.09.2023 12:22:04; 798.7612; 0.2818001; 241.0207; Road; 19.94905; null
5; Pedestrian; None; Intention; 23.09.2023 12:22:04; 798.7263; 0.2818001; 241.0233; Road; 19.9706; null
5; Pedestrian; None; Intention; 23.09.2023 12:22:04; 798.6912; 0.2818001; 241.0258; Road; 19.99324; null
5; Pedestrian; None; Intention; 23.09.2023 12:22:04; 798.6577; 0.2818001; 241.0282; Road; 20.01607; null
5; Pedestrian; None; Intention; 23.09.2023 12:22:04; 798.6414; 0.2818001; 241.0293; Road; 20.02665; null
5; Pedestrian; None; Intention; 23.09.2023 12:22:04; 798.6072; 0.2818001; 241.0312; Road; 20.05175; null
5; Pedestrian; None; Intention; 23.09.2023 12:22:04; 798.5629; 0.2818001; 241.0295; Road; 20.07047; null
5; Pedestrian; None; Intention; 23.09.2023 12:22:04; 798.5303; 0.2818001; 241.0311; Road; 20.09314; null
5; Pedestrian; None; Intention; 23.09.2023 12:22:04; 798.498; 0.2818001; 241.0327; Road; 20.11523; null
5; Pedestrian; None; Intention; 23.09.2023 12:22:04; 798.4818; 0.2818001; 241.0334; Road; 20.12591; null
5; Pedestrian; None; Intention; 23.09.2023 12:22:04; 798.4507; 0.2818001; 241.0349; Road; 20.14874; null
5; Pedestrian; None; Intention; 23.09.2023 12:22:04; 798.4199; 0.2818001; 241.0362; Road; 20.17033; null
5; Pedestrian; None; Intention; 23.09.2023 12:22:04; 798.3893; 0.2818001; 241.0375; Road; 20.19595; null
5; Pedestrian; None; Intention; 23.09.2023 12:22:05; 798.3597; 0.2818001; 241.0386; Road; 20.21768; null
5; Pedestrian; None; Intention; 23.09.2023 12:22:05; 798.3597; 0.2818001; 241.0386; Road; 20.21768; null
5; Pedestrian; None; Intention; 23.09.2023 12:22:05; 798.3163; 0.2818001; 241.0402; Road; 20.24885; null
5; Pedestrian; None; Intention; 23.09.2023 12:22:05; 798.3016; 0.2818001; 241.0406; Road; 20.25926; null
5; Pedestrian; None; Intention; 23.09.2023 12:22:05; 798.2582; 0.2818001; 241.0418; Road; 20.27002; null
5; Pedestrian; None; Intention; 23.09.2023 12:22:05; 798.226; 0.2818001; 241.0415; Road; 20.31515; null
5; Pedestrian; None; Intention; 23.09.2023 12:22:05; 798.2109; 0.2818001; 241.0416; Road; 20.32622; null
5; Pedestrian; None; Intention; 23.09.2023 12:22:05; 798.1809; 0.2818001; 241.0418; Road; 20.35151; null
5; Pedestrian; None; Intention; 23.09.2023 12:22:05; 798.1511; 0.2818001; 241.042; Road; 20.37135; null
5; Pedestrian; None; Intention; 23.09.2023 12:22:05; 798.1205; 0.2818001; 241.042; Road; 20.3928; null
5; Pedestrian; None; Intention; 23.09.2023 12:22:05; 798.0889; 0.2818001; 241.0419; Road; 20.41505; null
5; Pedestrian; None; Intention; 23.09.2023 12:22:05; 798.0736; 0.2818001; 241.0418; Road; 20.42599; null
5; Pedestrian; None; Intention; 23.09.2023 12:22:05; 798.042; 0.2818001; 241.0415; Road; 20.44894; null
5; Pedestrian; None; Intention; 23.09.2023 12:22:05; 798.0101; 0.2818001; 241.0411; Road; 20.47006; null
5; Pedestrian; None; Intention; 23.09.2023 12:22:05; 797.9783; 0.2818001; 241.0406; Road; 20.49227; null
5; Pedestrian; None; Intention; 23.09.2023 12:22:05; 797.9459; 0.2818001; 241.04; Road; 20.51865; null
5; Pedestrian; None; Intention; 23.09.2023 12:22:05; 797.93; 0.2818001; 241.0396; Road; 20.52818; null
5; Pedestrian; None; Intention; 23.09.2023 12:22:05; 797.8984; 0.2818001; 241.0389; Road; 20.54984; null
5; Pedestrian; None; Intention; 23.09.2023 12:22:05; 797.8661; 0.2818001; 241.0381; Road; 20.57222; null
5; Pedestrian; None; Intention; 23.09.2023 12:22:05; 797.8339; 0.2818001; 241.0372; Road; 20.5925; null
5; Pedestrian; None; Intention; 23.09.2023 12:22:05; 797.7845; 0.2818001; 241.0358; Road; 20.6259; null
5; Pedestrian; None; Intention; 23.09.2023 12:22:05; 797.7845; 0.2818001; 241.0358; Road; 20.6259; null
5; Pedestrian; None; Intention; 23.09.2023 12:22:05; 797.7524; 0.2818001; 241.0349; Road; 20.64847; null
5; Pedestrian; None; Intention; 23.09.2023 12:22:05; 797.7197; 0.2818001; 241.0341; Road; 20.67471; null
5; Pedestrian; None; Intention; 23.09.2023 12:22:05; 797.672; 0.2818001; 241.0332; Road; 20.70236; null
5; Pedestrian; None; Intention; 23.09.2023 12:22:05; 797.6406; 0.2818001; 241.0327; Road; 20.7247; null
5; Pedestrian; None; Intention; 23.09.2023 12:22:05; 797.6252; 0.2818001; 241.0326; Road; 20.73565; null
5; Pedestrian; None; Intention; 23.09.2023 12:22:05; 797.5951; 0.2818001; 241.0325; Road; 20.75763; null
5; Pedestrian; None; Intention; 23.09.2023 12:22:05; 797.5659; 0.2818001; 241.0326; Road; 20.7806; null
5; Pedestrian; None; Intention; 23.09.2023 12:22:05; 797.5518; 0.2818001; 241.0327; Road; 20.79124; null
5; Pedestrian; None; Intention; 23.09.2023 12:22:05; 797.5227; 0.2818001; 241.0329; Road; 20.81668; null
5; Pedestrian; None; Intention; 23.09.2023 12:22:05; 797.4942; 0.2818001; 241.0331; Road; 20.83687; null
5; Pedestrian; None; Intention; 23.09.2023 12:22:05; 797.4813; 0.2818001; 241.0335; Road; 20.84698; null
5; Pedestrian; None; Intention; 23.09.2023 12:22:05; 797.4414; 0.2818001; 241.0344; Road; 20.88001; null
5; Pedestrian; None; Intention; 23.09.2023 12:22:05; 797.4157; 0.2818001; 241.0351; Road; 20.9027; null
5; Pedestrian; None; Intention; 23.09.2023 12:22:05; 797.3818; 0.2818001; 241.0331; Road; 20.92513; null
5; Pedestrian; None; Intention; 23.09.2023 12:22:05; 797.3818; 0.2818001; 241.0331; Road; 20.92513; null
5; Pedestrian; None; Intention; 23.09.2023 12:22:05; 797.3571; 0.2818001; 241.0341; Road; 20.94792; null
5; Pedestrian; None; Intention; 23.09.2023 12:22:05; 797.3318; 0.2818001; 241.0347; Road; 20.97233; null
5; Pedestrian; None; Intention; 23.09.2023 12:22:05; 797.2963; 0.2818001; 241.0365; Road; 21.00253; null
5; Pedestrian; None; Intention; 23.09.2023 12:22:05; 797.2723; 0.2818001; 241.0377; Road; 21.02465; null
5; Pedestrian; None; Intention; 23.09.2023 12:22:05; 797.2606; 0.2818001; 241.0384; Road; 21.0354; null
5; Pedestrian; None; Intention; 23.09.2023 12:22:05; 797.2368; 0.2818001; 241.04; Road; 21.05797; null
5; Pedestrian; None; Intention; 23.09.2023 12:22:05; 797.2131; 0.2818001; 241.0417; Road; 21.08074; null
5; Pedestrian; None; Intention; 23.09.2023 12:22:05; 797.2012; 0.2818001; 241.0427; Road; 21.09208; null
5; Pedestrian; None; Intention; 23.09.2023 12:22:05; 797.1771; 0.2818001; 241.0445; Road; 21.11476; null
5; Pedestrian; None; Intention; 23.09.2023 12:22:05; 797.1652; 0.2818001; 241.0456; Road; 21.12949; null
5; Pedestrian; None; Intention; 23.09.2023 12:22:05; 797.1301; 0.2818001; 241.0489; Road; 21.15966; null
5; Pedestrian; None; Intention; 23.09.2023 12:22:05; 797.1184; 0.2818001; 241.0501; Road; 21.16963; null
5; Pedestrian; None; Intention; 23.09.2023 12:22:05; 797.095; 0.2818001; 241.0527; Road; 21.19219; null
5; Pedestrian; None; Intention; 23.09.2023 12:22:06; 797.0718; 0.2818001; 241.0555; Road; 21.21467; null
5; Pedestrian; None; Intention; 23.09.2023 12:22:06; 797.0599; 0.2818001; 241.057; Road; 21.22565; null
5; Pedestrian; None; Intention; 23.09.2023 12:22:06; 797.024; 0.2818001; 241.0616; Road; 21.25916; null
5; Pedestrian; None; Intention; 23.09.2023 12:22:06; 797.0124; 0.2818001; 241.0633; Road; 21.26965; null
5; Pedestrian; None; Intention; 23.09.2023 12:22:06; 796.989; 0.2818001; 241.0666; Road; 21.29669; null
5; Pedestrian; None; Intention; 23.09.2023 12:22:06; 796.9531; 0.2818001; 241.0717; Road; 21.32495; null
5; Pedestrian; None; Intention; 23.09.2023 12:22:06; 796.9414; 0.2818001; 241.0732; Road; 21.33532; null
5; Pedestrian; None; Intention; 23.09.2023 12:22:06; 796.918; 0.2818001; 241.0764; Road; 21.35803; null
5; Pedestrian; None; Intention; 23.09.2023 12:22:06; 796.8945; 0.2818001; 241.0794;  After Road; 0; null
5; Pedestrian; None; Intention; 23.09.2023 12:22:06; 796.8716; 0.2818001; 241.0821;  After Road; 0.0221582; null
5; Pedestrian; None; Intention; 23.09.2023 12:22:06; 796.8604; 0.2818001; 241.0834;  After Road; 0.032981; null
5; Pedestrian; None; Intention; 23.09.2023 12:22:06; 796.8496; 0.2818001; 241.0846;  After Road; 0.0442742; null
5; Pedestrian; None; Intention; 23.09.2023 12:22:06; 796.8177; 0.2818001; 241.088;  After Road; 0.08113781; null
5; Pedestrian; None; Intention; 23.09.2023 12:22:06; 796.7966; 0.2818001; 241.09;  After Road; 0.09963921; null
5; Pedestrian; None; Intention; 23.09.2023 12:22:06; 796.7756; 0.2818001; 241.0919;  After Road; 0.1218037; null
5; Pedestrian; None; Intention; 23.09.2023 12:22:06; 796.7652; 0.2818001; 241.0927;  After Road; 0.1331207; null
5; Pedestrian; None; Intention; 23.09.2023 12:22:06; 796.7555; 0.2818001; 241.0934;  After Road; 0.1449731; null
5; Pedestrian; None; Intention; 23.09.2023 12:22:06; 796.7262; 0.2818001; 241.0957;  After Road; 0.1780728; null
