user_id; scenario; distraction; ehmi; timestamp; userPositionX; userPositionY; userPositionZ; playerPositon; time; focused object
8; Driver; Interference; Intention; 26.09.2023 15:48:22; 850; 0.0960815; 203; HI; null
8; Driver; Interference; Intention; 26.09.2023 15:48:22; 850; 0.09269609; 203; Before; 0.02; null
8; Driver; Interference; Intention; 26.09.2023 15:48:23; 850; 0.07529796; 203; Before; 0.02; null
8; Driver; Interference; Intention; 26.09.2023 15:48:23; 850; 0.05768705; 203; Before; 0.02; null
8; Driver; Interference; Intention; 26.09.2023 15:48:23; 850; 0.03527888; 203; Before; 0.02; null
8; Driver; Interference; Intention; 26.09.2023 15:48:23; 850; 0.02227915; 203; Before; 0.02; null
8; Driver; Interference; Intention; 26.09.2023 15:48:23; 850; -0.005056463; 203; Before; 0.02; null
8; Driver; Interference; Intention; 26.09.2023 15:48:23; 850; -0.02595098; 203; Before; 0.02; null
8; Driver; Interference; Intention; 26.09.2023 15:48:23; 850; -0.03948666; 203; Before; 0.02; null
8; Driver; Interference; Intention; 26.09.2023 15:48:23; 850; -0.04622336; 203; Before; 0.02; null
8; Driver; Interference; Intention; 26.09.2023 15:48:23; 850; -0.04738848; 203; Before; 0.02; null
8; Driver; Interference; Intention; 26.09.2023 15:48:23; 850; -0.04619898; 203; Before; 0.02; null
8; Driver; Interference; Intention; 26.09.2023 15:48:23; 850; -0.04158631; 203; Before; 0.02; null
8; Driver; Interference; Intention; 26.09.2023 15:48:23; 850; -0.03501777; 203; Before; 0.02; null
8; Driver; Interference; Intention; 26.09.2023 15:48:23; 850; -0.02776622; 203; Before; 0.02; null
8; Driver; Interference; Intention; 26.09.2023 15:48:23; 850; -0.02420648; 203; Before; 0.02; null
8; Driver; Interference; Intention; 26.09.2023 15:48:23; 850; -0.017693; 203; Before; 0.02; null
8; Driver; Interference; Intention; 26.09.2023 15:48:23; 850; -0.01239446; 203; Before; 0.02; null
8; Driver; Interference; Intention; 26.09.2023 15:48:23; 850.0001; -0.00856059; 203; Before; 0.04; null
8; Driver; Interference; Intention; 26.09.2023 15:48:23; 850.0002; -0.006200094; 203; Before; 0.04; null
8; Driver; Interference; Intention; 26.09.2023 15:48:23; 850.0002; -0.005529868; 203; Before; 0.04; null
8; Driver; Interference; Intention; 26.09.2023 15:48:23; 850.0001; -0.005061015; 203; Before; 0.04; null
8; Driver; Interference; Intention; 26.09.2023 15:48:23; 850.0001; -0.005190402; 203; Before; 0.3733333; null
8; Driver; Interference; Intention; 26.09.2023 15:48:23; 850; -0.006574453; 203; Before; 0.3733333; null
8; Driver; Interference; Intention; 26.09.2023 15:48:23; 850; -0.007963223; 203; Before; 0.4620904; null
8; Driver; Interference; Intention; 26.09.2023 15:48:23; 850; -0.00870167; 203; Before; 0.4955127; null
8; Driver; Interference; Intention; 26.09.2023 15:48:23; 850; -0.01014044; 203; Before; 0.516906; null
8; Driver; Interference; Intention; 26.09.2023 15:48:23; 850; -0.01140854; 203; Before; 0.535808; null
8; Driver; Interference; Intention; 26.09.2023 15:48:23; 850; -0.0119476; 203; Before; 0.5687181; null
8; Driver; Interference; Intention; 26.09.2023 15:48:23; 850; -0.01280454; 203; Before; 0.5858369; null
8; Driver; Interference; Intention; 26.09.2023 15:48:24; 850; -0.01335978; 203; Before; 0.6016076; null
8; Driver; Interference; Intention; 26.09.2023 15:48:24; 850; -0.01363592; 203; Before; 0.6169131; null
8; Driver; Interference; Intention; 26.09.2023 15:48:24; 850; -0.01368037; 203; Before; 0.6347982; null
8; Driver; Interference; Intention; 26.09.2023 15:48:24; 850; -0.01363418; 203; Before; 0.6691974; null
8; Driver; Interference; Intention; 26.09.2023 15:48:24; 850; -0.01331534; 203; Before; 0.683864; null
8; Driver; Interference; Intention; 26.09.2023 15:48:24; 850; -0.01317352; 203; Before; 0.6980849; null
8; Driver; Interference; Intention; 26.09.2023 15:48:24; 850; -0.01287461; 203; Before; 0.7123445; null
8; Driver; Interference; Intention; 26.09.2023 15:48:24; 850; -0.01258804; 203; Before; 0.7428082; null
8; Driver; Interference; Intention; 26.09.2023 15:48:24; 850; -0.01234165; 203; Before; 0.7587754; null
8; Driver; Interference; Intention; 26.09.2023 15:48:24; 850; -0.01223886; 203; Before; 0.7875816; null
8; Driver; Interference; Intention; 26.09.2023 15:48:24; 850; -0.01207887; 203; Before; 0.8028755; null
8; Driver; Interference; Intention; 26.09.2023 15:48:24; 850; -0.0119792; 203; Before; 0.8171284; null
8; Driver; Interference; Intention; 26.09.2023 15:48:24; 850; -0.01193385; 203; Before; 0.8171284; null
8; Driver; Interference; Intention; 26.09.2023 15:48:24; 850; -0.01193257; 203; Before; 0.8171284; null
8; Driver; Interference; Intention; 26.09.2023 15:48:24; 850; -0.01196326; 203; Before; 0.8171284; null
8; Driver; Interference; Intention; 26.09.2023 15:48:24; 850; -0.01198671; 203; Before; 0.8171284; null
8; Driver; Interference; Intention; 26.09.2023 15:48:24; 850; -0.01204273; 203; Before; 0.8171284; null
8; Driver; Interference; Intention; 26.09.2023 15:48:24; 849.9999; -0.01210277; 203; Before; 0.8312272; null
8; Driver; Interference; Intention; 26.09.2023 15:48:24; 849.9995; -0.01215913; 203; Before; 0.946572; null
8; Driver; Interference; Intention; 26.09.2023 15:48:24; 849.9986; -0.01220661; 203; Before; 0.9729675; null
8; Driver; Interference; Intention; 26.09.2023 15:48:24; 849.9979; -0.01222632; 203; Before; 0.9911048; null
8; Driver; Interference; Intention; 26.09.2023 15:48:24; 849.9973; -0.01224325; 203; Before; 1.026888; null
8; Driver; Interference; Intention; 26.09.2023 15:48:24; 849.9951; -0.01227595; 203; Before; 1.041899; null
8; Driver; Interference; Intention; 26.09.2023 15:48:24; 849.9941; -0.01228175; 203; Before; 1.071219; null
8; Driver; Interference; Intention; 26.09.2023 15:48:24; 849.992; -0.01228641; 203; Before; 1.085863; null
8; Driver; Interference; Intention; 26.09.2023 15:48:24; 849.9896; -0.01228366; 203; Before; 1.085863; null
8; Driver; Interference; Intention; 26.09.2023 15:48:24; 849.987; -0.01227605; 203; Before; 1.102384; null
8; Driver; Interference; Intention; 26.09.2023 15:48:24; 849.9839; -0.01226605; 203; Before; 1.120487; null
8; Driver; Interference; Intention; 26.09.2023 15:48:24; 849.9822; -0.01226137; 203; Before; 1.166768; null
8; Driver; Interference; Intention; 26.09.2023 15:48:24; 849.9769; -0.01224943; 203; Before; 1.184519; null
8; Driver; Interference; Intention; 26.09.2023 15:48:24; 849.975; -0.01224736; 203; Before; 1.199849; null
8; Driver; Interference; Intention; 26.09.2023 15:48:24; 849.9711; -0.01224457; 203; Before; 1.213732; null
8; Driver; Interference; Intention; 26.09.2023 15:48:24; 849.9689; -0.01224423; 203; Before; 1.242928; null
8; Driver; Interference; Intention; 26.09.2023 15:48:24; 849.962; -0.01224615; 203; Before; 1.260618; null
8; Driver; Interference; Intention; 26.09.2023 15:48:24; 849.9572; -0.01224944; 203; Before; 1.278124; null
8; Driver; Interference; Intention; 26.09.2023 15:48:24; 849.9545; -0.01225184; 203; Before; 1.296388; null
8; Driver; Interference; Intention; 26.09.2023 15:48:24; 849.9493; -0.01225471; 203; Before; 1.313802; null
8; Driver; Interference; Intention; 26.09.2023 15:48:24; 849.9437; -0.01225924; 203; Before; 1.331427; null
8; Driver; Interference; Intention; 26.09.2023 15:48:24; 849.9409; -0.0122621; 203; Before; 1.365059; null
8; Driver; Interference; Intention; 26.09.2023 15:48:24; 849.9318; -0.01227026; 203; Before; 1.382612; null
8; Driver; Interference; Intention; 26.09.2023 15:48:24; 849.9288; -0.01227416; 203; Before; 1.399038; null
8; Driver; Interference; Intention; 26.09.2023 15:48:24; 849.9224; -0.01227803; 203; Before; 1.4151; null
8; Driver; Interference; Intention; 26.09.2023 15:48:24; 849.9155; -0.01228231; 203; Before; 1.432347; null
8; Driver; Interference; Intention; 26.09.2023 15:48:24; 849.9119; -0.01228464; 203; Before; 1.467942; null
8; Driver; Interference; Intention; 26.09.2023 15:48:24; 849.9048; -0.0122881; 203; Before; 1.484819; null
8; Driver; Interference; Intention; 26.09.2023 15:48:24; 849.8976; -0.0122929; 203; Before; 1.500865; null
8; Driver; Interference; Intention; 26.09.2023 15:48:24; 849.8901; -0.01229419; 203; Before; 1.51861; null
8; Driver; Interference; Intention; 26.09.2023 15:48:24; 849.8826; -0.01229632; 203; Before; 1.534541; null
8; Driver; Interference; Intention; 26.09.2023 15:48:24; 849.8788; -0.01229768; 203; Before; 1.566577; null
8; Driver; Interference; Intention; 26.09.2023 15:48:25; 849.8672; -0.01230066; 203; Before; 1.583206; null
8; Driver; Interference; Intention; 26.09.2023 15:48:25; 849.8633; -0.01230313; 203; Before; 1.599976; null
8; Driver; Interference; Intention; 26.09.2023 15:48:25; 849.8555; -0.01230334; 203; Before; 1.616447; null
8; Driver; Interference; Intention; 26.09.2023 15:48:25; 849.8477; -0.01230454; 203; Before; 1.634133; null
8; Driver; Interference; Intention; 26.09.2023 15:48:25; 849.8437; -0.01230553; 203; Before; 1.666881; null
8; Driver; Interference; Intention; 26.09.2023 15:48:25; 849.8319; -0.01230726; 203; Before; 1.683412; null
8; Driver; Interference; Intention; 26.09.2023 15:48:25; 849.828; -0.01230922; 203; Before; 1.698446; null
8; Driver; Interference; Intention; 26.09.2023 15:48:25; 849.8241; -0.01231213; 203; Before; 1.726726; null
8; Driver; Interference; Intention; 26.09.2023 15:48:25; 849.8124; -0.01231686; 203; Before; 1.74196; null
8; Driver; Interference; Intention; 26.09.2023 15:48:25; 849.8085; -0.01231901; 203; Before; 1.770373; null
8; Driver; Interference; Intention; 26.09.2023 15:48:25; 849.8007; -0.01232495; 203; Before; 1.795796; null
8; Driver; Interference; Intention; 26.09.2023 15:48:25; 849.7928; -0.01232762; 203; Before; 1.795796; null
8; Driver; Interference; Intention; 26.09.2023 15:48:25; 849.785; -0.01232919; 203; Before; 1.821299; null
8; Driver; Interference; Intention; 26.09.2023 15:48:25; 849.7773; -0.01233246; 203; Before; 1.846379; null
8; Driver; Interference; Intention; 26.09.2023 15:48:25; 849.7735; -0.01233445; 203; Before; 1.871637; null
8; Driver; Interference; Intention; 26.09.2023 15:48:25; 849.762; -0.01233344; 203; Before; 1.885755; null
8; Driver; Interference; Intention; 26.09.2023 15:48:25; 849.7581; -0.01233308; 203; Before; 1.899577; null
8; Driver; Interference; Intention; 26.09.2023 15:48:25; 849.7504; -0.01232942; 203; Before; 1.913841; null
8; Driver; Interference; Intention; 26.09.2023 15:48:25; 849.7427; -0.01232601; 203; Before; 1.942659; null
8; Driver; Interference; Intention; 26.09.2023 15:48:25; 849.735; -0.01232157; 203; Before; 1.957876; null
8; Driver; Interference; Intention; 26.09.2023 15:48:25; 849.7312; -0.01231941; 203; Before; 1.988127; null
8; Driver; Interference; Intention; 26.09.2023 15:48:25; 849.7236; -0.01231837; 203; Before; 2.00332; null
8; Driver; Interference; Intention; 26.09.2023 15:48:25; 849.7161; -0.01231642; 203; Before; 2.018082; null
8; Driver; Interference; Intention; 26.09.2023 15:48:25; 849.7085; -0.01231555; 203; Before; 2.043024; null
8; Driver; Interference; Intention; 26.09.2023 15:48:25; 849.7047; -0.01231652; 203; Before; 2.06823; null
8; Driver; Interference; Intention; 26.09.2023 15:48:25; 849.6971; -0.01232044; 203; Before; 2.095237; null
8; Driver; Interference; Intention; 26.09.2023 15:48:25; 849.6896; -0.01232597; 203; Before; 2.107017; null
8; Driver; Interference; Intention; 26.09.2023 15:48:25; 849.682; -0.01232492; 203; Before; 2.119658; null
8; Driver; Interference; Intention; 26.09.2023 15:48:25; 849.6745; -0.01232672; 203; Before; 2.144884; null
8; Driver; Interference; Intention; 26.09.2023 15:48:25; 849.6708; -0.0123282; 203; Before; 2.170109; null
8; Driver; Interference; Intention; 26.09.2023 15:48:25; 849.6596; -0.01232964; 203; Before; 2.182318; null
8; Driver; Interference; Intention; 26.09.2023 15:48:25; 849.6559; -0.0123287; 203; Before; 2.194903; null
8; Driver; Interference; Intention; 26.09.2023 15:48:25; 849.6484; -0.01232849; 203; Before; 2.224468; null
8; Driver; Interference; Intention; 26.09.2023 15:48:25; 849.6447; -0.01232907; 203; Before; 2.248666; null
8; Driver; Interference; Intention; 26.09.2023 15:48:25; 849.6373; -0.01233112; 203; Before; 2.274241; null
8; Driver; Interference; Intention; 26.09.2023 15:48:25; 849.6298; -0.01233387; 203; Before; 2.296782; null
8; Driver; Interference; Intention; 26.09.2023 15:48:25; 849.6224; -0.01233271; 203; Before; 2.296782; null
8; Driver; Interference; Intention; 26.09.2023 15:48:25; 849.6151; -0.01233031; 203; Before; 2.320539; null
8; Driver; Interference; Intention; 26.09.2023 15:48:25; 849.6078; -0.01232986; 203; Before; 2.345226; null
8; Driver; Interference; Intention; 26.09.2023 15:48:25; 849.6041; -0.01233021; 203; Before; 2.36913; null
8; Driver; Interference; Intention; 26.09.2023 15:48:25; 849.5968; -0.01233169; 203; Before; 2.39427; null
8; Driver; Interference; Intention; 26.09.2023 15:48:25; 849.5895; -0.0123338; 203; Before; 2.405653; null
8; Driver; Interference; Intention; 26.09.2023 15:48:25; 849.5822; -0.01233205; 203; Before; 2.418572; null
8; Driver; Interference; Intention; 26.09.2023 15:48:25; 849.5748; -0.01232917; 203; Before; 2.442962; null
8; Driver; Interference; Intention; 26.09.2023 15:48:25; 849.5676; -0.01232834; 203; Before; 2.46805; null
8; Driver; Interference; Intention; 26.09.2023 15:48:25; 849.564; -0.01232853; 203; Before; 2.49142; null
8; Driver; Interference; Intention; 26.09.2023 15:48:25; 849.5568; -0.0123298; 203; Before; 2.504079; null
8; Driver; Interference; Intention; 26.09.2023 15:48:25; 849.5532; -0.01233075; 203; Before; 2.528579; null
8; Driver; Interference; Intention; 26.09.2023 15:48:25; 849.5424; -0.01232727; 203; Before; 2.541741; null
8; Driver; Interference; Intention; 26.09.2023 15:48:25; 849.5352; -0.01232571; 203; Before; 2.565187; null
8; Driver; Interference; Intention; 26.09.2023 15:48:25; 849.5316; -0.01232568; 203; Before; 2.588715; null
8; Driver; Interference; Intention; 26.09.2023 15:48:26; 849.5244; -0.01232675; 203; Before; 2.601006; null
8; Driver; Interference; Intention; 26.09.2023 15:48:26; 849.5172; -0.01232881; 203; Before; 2.624933; null
8; Driver; Interference; Intention; 26.09.2023 15:48:26; 849.5137; -0.01233005; 203; Before; 2.64884; null
8; Driver; Interference; Intention; 26.09.2023 15:48:26; 849.5066; -0.01233263; 203; Before; 2.673666; null
8; Driver; Interference; Intention; 26.09.2023 15:48:26; 849.496; -0.01233221; 203; Before; 2.684357; null
8; Driver; Interference; Intention; 26.09.2023 15:48:26; 849.4924; -0.01233041; 203; Before; 2.697366; null
8; Driver; Interference; Intention; 26.09.2023 15:48:26; 849.4854; -0.01232818; 203; Before; 2.72249; null
8; Driver; Interference; Intention; 26.09.2023 15:48:26; 849.4783; -0.01232757; 203; Before; 2.746114; null
8; Driver; Interference; Intention; 26.09.2023 15:48:26; 849.4747; -0.01232772; 203; Before; 2.769707; null
8; Driver; Interference; Intention; 26.09.2023 15:48:26; 849.4677; -0.01232873; 203; Before; 2.794078; null
8; Driver; Interference; Intention; 26.09.2023 15:48:26; 849.4606; -0.01233029; 203; Before; 2.804996; null
8; Driver; Interference; Intention; 26.09.2023 15:48:26; 849.4572; -0.01233118; 203; Before; 2.828637; null
8; Driver; Interference; Intention; 26.09.2023 15:48:26; 849.4502; -0.01232906; 203; Before; 2.840709; null
8; Driver; Interference; Intention; 26.09.2023 15:48:26; 849.4432; -0.01232581; 203; Before; 2.874225; null
8; Driver; Interference; Intention; 26.09.2023 15:48:26; 849.4328; -0.01232066; 203; Before; 2.885595; null
8; Driver; Interference; Intention; 26.09.2023 15:48:26; 849.4293; -0.01231825; 203; Before; 2.897522; null
8; Driver; Interference; Intention; 26.09.2023 15:48:26; 849.4224; -0.01231595; 203; Before; 2.922902; null
8; Driver; Interference; Intention; 26.09.2023 15:48:26; 849.4189; -0.01231585; 203; Before; 2.949583; null
8; Driver; Interference; Intention; 26.09.2023 15:48:26; 849.4085; -0.01231213; 203; Before; 2.963286; null
8; Driver; Interference; Intention; 26.09.2023 15:48:26; 849.4051; -0.01231163; 203; Before; 2.989761; null
8; Driver; Interference; Intention; 26.09.2023 15:48:26; 849.3983; -0.01231278; 203; Before; 3.003102; null
8; Driver; Interference; Intention; 26.09.2023 15:48:26; 849.3948; -0.01231418; 203; Before; 3.029372; null
8; Driver; Interference; Intention; 26.09.2023 15:48:26; 849.3846; -0.0123137; 203; Before; 3.041623; null
8; Driver; Interference; Intention; 26.09.2023 15:48:26; 849.3777; -0.01231462; 203; Before; 3.065707; null
8; Driver; Interference; Intention; 26.09.2023 15:48:26; 849.3743; -0.0123158; 203; Before; 3.08928; null
8; Driver; Interference; Intention; 26.09.2023 15:48:26; 849.3675; -0.01231907; 203; Before; 3.101415; null
8; Driver; Interference; Intention; 26.09.2023 15:48:26; 849.3607; -0.01232294; 203; Before; 3.125389; null
8; Driver; Interference; Intention; 26.09.2023 15:48:26; 849.3539; -0.01232301; 203; Before; 3.139686; null
8; Driver; Interference; Intention; 26.09.2023 15:48:26; 849.3472; -0.0123217; 203; Before; 3.165118; null
8; Driver; Interference; Intention; 26.09.2023 15:48:26; 849.3439; -0.01232163; 203; Before; 3.190117; null
8; Driver; Interference; Intention; 26.09.2023 15:48:26; 849.3372; -0.01232239; 203; Before; 3.202491; null
8; Driver; Interference; Intention; 26.09.2023 15:48:26; 849.3304; -0.01232394; 203; Before; 3.226975; null
8; Driver; Interference; Intention; 26.09.2023 15:48:26; 849.3271; -0.01232488; 203; Before; 3.251377; null
8; Driver; Interference; Intention; 26.09.2023 15:48:26; 849.317; -0.01232151; 203; Before; 3.263257; null
8; Driver; Interference; Intention; 26.09.2023 15:48:26; 849.3137; -0.0123204; 203; Before; 3.287992; null
8; Driver; Interference; Intention; 26.09.2023 15:48:26; 849.3069; -0.01231957; 203; Before; 3.300608; null
8; Driver; Interference; Intention; 26.09.2023 15:48:26; 849.3004; -0.01232016; 203; Before; 3.325264; null
8; Driver; Interference; Intention; 26.09.2023 15:48:26; 849.2971; -0.01232084; 203; Before; 3.348602; null
8; Driver; Interference; Intention; 26.09.2023 15:48:26; 849.2905; -0.01232267; 203; Before; 3.373701; null
8; Driver; Interference; Intention; 26.09.2023 15:48:26; 849.2806; -0.01231958; 203; Before; 3.385863; null
8; Driver; Interference; Intention; 26.09.2023 15:48:26; 849.2773; -0.01231858; 203; Before; 3.397845; null
8; Driver; Interference; Intention; 26.09.2023 15:48:26; 849.2707; -0.01231795; 203; Before; 3.421854; null
8; Driver; Interference; Intention; 26.09.2023 15:48:26; 849.2641; -0.01231871; 203; Before; 3.445604; null
8; Driver; Interference; Intention; 26.09.2023 15:48:26; 849.2608; -0.01231946; 203; Before; 3.470008; null
8; Driver; Interference; Intention; 26.09.2023 15:48:26; 849.2542; -0.0123214; 203; Before; 3.494295; null
8; Driver; Interference; Intention; 26.09.2023 15:48:26; 849.2477; -0.01232357; 203; Before; 3.505417; null
8; Driver; Interference; Intention; 26.09.2023 15:48:26; 849.2445; -0.01232465; 203; Before; 3.52865; null
8; Driver; Interference; Intention; 26.09.2023 15:48:26; 849.238; -0.01232658; 203; Before; 3.553182; null
8; Driver; Interference; Intention; 26.09.2023 15:48:26; 849.2283; -0.01232257; 203; Before; 3.564428; null
8; Driver; Interference; Intention; 26.09.2023 15:48:26; 849.2251; -0.01232107; 203; Before; 3.588918; null
8; Driver; Interference; Intention; 26.09.2023 15:48:27; 849.2186; -0.0123193; 203; Before; 3.601349; null
8; Driver; Interference; Intention; 26.09.2023 15:48:27; 849.2122; -0.01231889; 203; Before; 3.625773; null
8; Driver; Interference; Intention; 26.09.2023 15:48:27; 849.2089; -0.01231908; 203; Before; 3.650846; null
8; Driver; Interference; Intention; 26.09.2023 15:48:27; 849.2025; -0.01232001; 203; Before; 3.675268; null
8; Driver; Interference; Intention; 26.09.2023 15:48:27; 849.1929; -0.01231614; 203; Before; 3.686545; null
8; Driver; Interference; Intention; 26.09.2023 15:48:27; 849.1897; -0.01231498; 203; Before; 3.698497; null
8; Driver; Interference; Intention; 26.09.2023 15:48:27; 849.1833; -0.01231411; 203; Before; 3.722739; null
8; Driver; Interference; Intention; 26.09.2023 15:48:27; 849.177; -0.01231479; 203; Before; 3.747344; null
8; Driver; Interference; Intention; 26.09.2023 15:48:27; 849.1738; -0.01231553; 203; Before; 3.771308; null
8; Driver; Interference; Intention; 26.09.2023 15:48:27; 849.1675; -0.01231752; 203; Before; 3.795738; null
8; Driver; Interference; Intention; 26.09.2023 15:48:27; 849.1611; -0.01231629; 203; Before; 3.795738; null
8; Driver; Interference; Intention; 26.09.2023 15:48:27; 849.1548; -0.01231414; 203; Before; 3.820816; null
8; Driver; Interference; Intention; 26.09.2023 15:48:27; 849.1484; -0.01231376; 203; Before; 3.845136; null
8; Driver; Interference; Intention; 26.09.2023 15:48:27; 849.1453; -0.01231408; 203; Before; 3.869729; null
8; Driver; Interference; Intention; 26.09.2023 15:48:27; 849.139; -0.01231546; 203; Before; 3.89427; null
8; Driver; Interference; Intention; 26.09.2023 15:48:27; 849.1328; -0.01231741; 203; Before; 3.905272; null
8; Driver; Interference; Intention; 26.09.2023 15:48:27; 849.1266; -0.01231362; 203; Before; 3.918842; null
8; Driver; Interference; Intention; 26.09.2023 15:48:27; 849.1235; -0.01231274; 203; Before; 3.946738; null
8; Driver; Interference; Intention; 26.09.2023 15:48:27; 849.1141; -0.0123092; 203; Before; 3.960891; null
8; Driver; Interference; Intention; 26.09.2023 15:48:27; 849.111; -0.01230738; 203; Before; 3.987177; null
8; Driver; Interference; Intention; 26.09.2023 15:48:27; 849.1048; -0.0123059; 203; Before; 4.001659; null
8; Driver; Interference; Intention; 26.09.2023 15:48:27; 849.1017; -0.01230608; 203; Before; 4.027413; null
8; Driver; Interference; Intention; 26.09.2023 15:48:27; 849.0923; -0.01230322; 203; Before; 4.04075; null
8; Driver; Interference; Intention; 26.09.2023 15:48:27; 849.0862; -0.01230317; 203; Before; 4.066804; null
8; Driver; Interference; Intention; 26.09.2023 15:48:27; 849.0832; -0.012304; 203; Before; 4.090866; null
8; Driver; Interference; Intention; 26.09.2023 15:48:27; 849.0771; -0.0123068; 203; Before; 4.103271; null
8; Driver; Interference; Intention; 26.09.2023 15:48:27; 849.074; -0.01230858; 203; Before; 4.129261; null
8; Driver; Interference; Intention; 26.09.2023 15:48:27; 849.0679; -0.01230904; 203; Before; 4.141909; null
8; Driver; Interference; Intention; 26.09.2023 15:48:27; 849.0618; -0.0123086; 203; Before; 4.173647; null
8; Driver; Interference; Intention; 26.09.2023 15:48:27; 849.0527; -0.01230485; 203; Before; 4.18581; null
8; Driver; Interference; Intention; 26.09.2023 15:48:27; 849.0496; -0.01230412; 203; Before; 4.198103; null
8; Driver; Interference; Intention; 26.09.2023 15:48:27; 849.0435; -0.0123044; 203; Before; 4.223014; null
8; Driver; Interference; Intention; 26.09.2023 15:48:27; 849.0405; -0.01230524; 203; Before; 4.247532; null
8; Driver; Interference; Intention; 26.09.2023 15:48:27; 849.0345; -0.01230781; 203; Before; 4.274673; null
8; Driver; Interference; Intention; 26.09.2023 15:48:27; 849.0255; -0.01230703; 203; Before; 4.286323; null
8; Driver; Interference; Intention; 26.09.2023 15:48:27; 849.0225; -0.01230685; 203; Before; 4.299687; null
8; Driver; Interference; Intention; 26.09.2023 15:48:27; 849.0165; -0.01230768; 203; Before; 4.325008; null
8; Driver; Interference; Intention; 26.09.2023 15:48:27; 849.0106; -0.01230627; 203; Before; 4.338952; null
8; Driver; Interference; Intention; 26.09.2023 15:48:27; 849.0046; -0.01230129; 203; Before; 4.350441; null
8; Driver; Interference; Intention; 26.09.2023 15:48:27; 849.0016; -0.01229896; 203; Before; 4.39216; null
8; Driver; Interference; Intention; 26.09.2023 15:48:27; 848.9956; -0.01229704; 203; Before; 4.406722; null
8; Driver; Interference; Intention; 26.09.2023 15:48:27; 848.9896; -0.01229478; 203; Before; 4.419261; null
8; Driver; Interference; Intention; 26.09.2023 15:48:27; 848.9837; -0.01229371; 203; Before; 4.443347; null
8; Driver; Interference; Intention; 26.09.2023 15:48:27; 848.9808; -0.01229437; 203; Before; 4.46962; null
8; Driver; Interference; Intention; 26.09.2023 15:48:27; 848.9749; -0.01229742; 203; Before; 4.494401; null
8; Driver; Interference; Intention; 26.09.2023 15:48:27; 848.9691; -0.01230191; 203; Before; 4.506588; null
8; Driver; Interference; Intention; 26.09.2023 15:48:27; 848.9632; -0.01230135; 203; Before; 4.519609; null
8; Driver; Interference; Intention; 26.09.2023 15:48:27; 848.9573; -0.01230307; 203; Before; 4.544652; null
8; Driver; Interference; Intention; 26.09.2023 15:48:27; 848.9544; -0.01230439; 203; Before; 4.569247; null
8; Driver; Interference; Intention; 26.09.2023 15:48:27; 848.9485; -0.01230751; 203; Before; 4.595002; null
8; Driver; Interference; Intention; 26.09.2023 15:48:28; 848.9427; -0.01231082; 203; Before; 4.606936; null
8; Driver; Interference; Intention; 26.09.2023 15:48:28; 848.9368; -0.01230837; 203; Before; 4.619969; null
8; Driver; Interference; Intention; 26.09.2023 15:48:28; 848.931; -0.01230784; 203; Before; 4.646233; null
8; Driver; Interference; Intention; 26.09.2023 15:48:28; 848.9282; -0.01230802; 203; Before; 4.671195; null
8; Driver; Interference; Intention; 26.09.2023 15:48:28; 848.9196; -0.01230424; 203; Before; 4.68421; null
8; Driver; Interference; Intention; 26.09.2023 15:48:28; 848.9167; -0.01230329; 203; Before; 4.698319; null
8; Driver; Interference; Intention; 26.09.2023 15:48:28; 848.9109; -0.01230286; 203; Before; 4.723494; null
8; Driver; Interference; Intention; 26.09.2023 15:48:28; 848.9081; -0.01230326; 203; Before; 4.749083; null
8; Driver; Interference; Intention; 26.09.2023 15:48:28; 848.8995; -0.01230287; 203; Before; 4.76252; null
8; Driver; Interference; Intention; 26.09.2023 15:48:28; 848.8966; -0.01230187; 203; Before; 4.787628; null
8; Driver; Interference; Intention; 26.09.2023 15:48:28; 848.8909; -0.01230143; 203; Before; 4.800618; null
8; Driver; Interference; Intention; 26.09.2023 15:48:28; 848.8851; -0.01230261; 203; Before; 4.826029; null
8; Driver; Interference; Intention; 26.09.2023 15:48:28; 848.8823; -0.01230361; 203; Before; 4.851522; null
8; Driver; Interference; Intention; 26.09.2023 15:48:28; 848.8738; -0.01230208; 203; Before; 4.863343; null
8; Driver; Interference; Intention; 26.09.2023 15:48:28; 848.871; -0.01230171; 203; Before; 4.889287; null
8; Driver; Interference; Intention; 26.09.2023 15:48:28; 848.8654; -0.01230221; 203; Before; 4.902758; null
8; Driver; Interference; Intention; 26.09.2023 15:48:28; 848.8597; -0.01230073; 203; Before; 4.915752; null
8; Driver; Interference; Intention; 26.09.2023 15:48:28; 848.8541; -0.01229913; 203; Before; 4.943624; null
8; Driver; Interference; Intention; 26.09.2023 15:48:28; 848.8513; -0.01229914; 203; Before; 4.971714; null
8; Driver; Interference; Intention; 26.09.2023 15:48:28; 848.8457; -0.01229724; 203; Before; 4.985987; null
8; Driver; Interference; Intention; 26.09.2023 15:48:28; 848.8401; -0.01229566; 203; Before; 5.000044; null
8; Driver; Interference; Intention; 26.09.2023 15:48:28; 848.8373; -0.01229581; 203; Before; 5.028446; null
8; Driver; Interference; Intention; 26.09.2023 15:48:28; 848.8289; -0.01229357; 203; Before; 5.042156; null
8; Driver; Interference; Intention; 26.09.2023 15:48:28; 848.826; -0.01229344; 203; Before; 5.067726; null
8; Driver; Interference; Intention; 26.09.2023 15:48:28; 848.8206; -0.01229487; 203; Before; 5.093925; null
8; Driver; Interference; Intention; 26.09.2023 15:48:28; 848.8151; -0.01229781; 203; Before; 5.106294; null
8; Driver; Interference; Intention; 26.09.2023 15:48:28; 848.8096; -0.0122963; 203; Before; 5.119726; null
8; Driver; Interference; Intention; 26.09.2023 15:48:28; 848.8041; -0.01229724; 203; Before; 5.145724; null
8; Driver; Interference; Intention; 26.09.2023 15:48:28; 848.8013; -0.01229825; 203; Before; 5.171347; null
8; Driver; Interference; Intention; 26.09.2023 15:48:28; 848.7931; -0.0122973; 203; Before; 5.184797; null
8; Driver; Interference; Intention; 26.09.2023 15:48:28; 848.7903; -0.01229721; 203; Before; 5.197925; null
8; Driver; Interference; Intention; 26.09.2023 15:48:28; 848.7849; -0.01229824; 203; Before; 5.225586; null
8; Driver; Interference; Intention; 26.09.2023 15:48:28; 848.7794; -0.01229738; 203; Before; 5.239608; null
8; Driver; Interference; Intention; 26.09.2023 15:48:28; 848.7766; -0.01229657; 203; Before; 5.267897; null
8; Driver; Interference; Intention; 26.09.2023 15:48:28; 848.7685; -0.01229413; 203; Before; 5.28266; null
8; Driver; Interference; Intention; 26.09.2023 15:48:28; 848.7658; -0.01229292; 203; Before; 5.29675; null
8; Driver; Interference; Intention; 26.09.2023 15:48:28; 848.7631; -0.01229242; 203; Before; 5.325361; null
8; Driver; Interference; Intention; 26.09.2023 15:48:28; 848.7551; -0.0122891; 203; Before; 5.340211; null
8; Driver; Interference; Intention; 26.09.2023 15:48:28; 848.7524; -0.01228883; 203; Before; 5.367661; null
8; Driver; Interference; Intention; 26.09.2023 15:48:28; 848.7443; -0.01228858; 203; Before; 5.381478; null
8; Driver; Interference; Intention; 26.09.2023 15:48:28; 848.7416; -0.01228823; 203; Before; 5.396167; null
8; Driver; Interference; Intention; 26.09.2023 15:48:28; 848.739; -0.01228855; 203; Before; 5.425249; null
8; Driver; Interference; Intention; 26.09.2023 15:48:28; 848.7309; -0.01228746; 203; Before; 5.44058; null
8; Driver; Interference; Intention; 26.09.2023 15:48:28; 848.7255; -0.01228574; 203; Before; 5.455082; null
8; Driver; Interference; Intention; 26.09.2023 15:48:28; 848.7228; -0.01228505; 203; Before; 5.487123; null
8; Driver; Interference; Intention; 26.09.2023 15:48:28; 848.7175; -0.01228599; 203; Before; 5.502404; null
8; Driver; Interference; Intention; 26.09.2023 15:48:28; 848.7123; -0.01228622; 203; Before; 5.516363; null
8; Driver; Interference; Intention; 26.09.2023 15:48:28; 848.707; -0.01228696; 203; Before; 5.54357; null
8; Driver; Interference; Intention; 26.09.2023 15:48:28; 848.7018; -0.01228691; 203; Before; 5.55912; Checking Box Human Car
8; Driver; Interference; Intention; 26.09.2023 15:48:28; 848.6992; -0.01228678; 203; Before; 5.589828; Checking Box Human Car
8; Driver; Interference; Intention; 26.09.2023 15:48:29; 848.6939; -0.01228837; 203; Before; 5.603933; Checking Box Human Car
8; Driver; Interference; Intention; 26.09.2023 15:48:29; 848.6887; -0.0122867; 203; Before; 5.619603; Checking Box Human Car
8; Driver; Interference; Intention; 26.09.2023 15:48:29; 848.686; -0.01228711; 203; Before; 5.646798; Checking Box Human Car
8; Driver; Interference; Intention; 26.09.2023 15:48:29; 848.6782; -0.01228828; 203; Before; 5.660704; Checking Box Human Car
8; Driver; Interference; Intention; 26.09.2023 15:48:29; 848.6755; -0.01228818; 203; Before; 5.687694; Checking Box Human Car
8; Driver; Interference; Intention; 26.09.2023 15:48:29; 848.6703; -0.01228962; 203; Before; 5.701857; Checking Box Human Car
8; Driver; Interference; Intention; 26.09.2023 15:48:29; 848.6651; -0.01228967; 203; Before; 5.71564; Checking Box Human Car
8; Driver; Interference; Intention; 26.09.2023 15:48:29; 848.66; -0.01228974; 203; Before; 5.742852; Checking Box Human Car
8; Driver; Interference; Intention; 26.09.2023 15:48:29; 848.6574; -0.01229049; 203; Before; 5.770865; Checking Box Human Car
8; Driver; Interference; Intention; 26.09.2023 15:48:29; 848.6497; -0.01228971; 203; Before; 5.784284; Checking Box Human Car
8; Driver; Interference; Intention; 26.09.2023 15:48:29; 848.6472; -0.01228983; 203; Before; 5.798449; Checking Box Human Car
8; Driver; Interference; Intention; 26.09.2023 15:48:29; 848.6446; -0.01229042; 203; Before; 5.82648; Checking Box Human Car
8; Driver; Interference; Intention; 26.09.2023 15:48:29; 848.6369; -0.01228923; 203; Before; 5.840138; Checking Box Human Car
8; Driver; Interference; Intention; 26.09.2023 15:48:29; 848.6343; -0.01228926; 203; Before; 5.868395; Checking Box Human Car
8; Driver; Interference; Intention; 26.09.2023 15:48:29; 848.6266; -0.01228904; 203; Before; 5.883131; Checking Box Human Car
8; Driver; Interference; Intention; 26.09.2023 15:48:29; 848.6241; -0.01228847; 203; Before; 5.897612; Checking Box Human Car
8; Driver; Interference; Intention; 26.09.2023 15:48:29; 848.6215; -0.01228849; 203; Before; 5.925848; Checking Box Human Car
8; Driver; Interference; Intention; 26.09.2023 15:48:29; 848.6138; -0.01228633; 203; Before; 5.941536; null
8; Driver; Interference; Intention; 26.09.2023 15:48:29; 848.6088; -0.0122839; 203; Before; 5.957214; null
8; Driver; Interference; Intention; 26.09.2023 15:48:29; 848.6063; -0.01228286; 203; Before; 5.98828; null
8; Driver; Interference; Intention; 26.09.2023 15:48:29; 848.6013; -0.0122831; 203; Before; 6.003593; null
8; Driver; Interference; Intention; 26.09.2023 15:48:29; 848.5963; -0.01228084; 203; Before; 6.018895; null
8; Driver; Interference; Intention; 26.09.2023 15:48:29; 848.5938; -0.01228112; 203; Before; 6.046839; null
8; Driver; Interference; Intention; 26.09.2023 15:48:29; 848.5863; -0.01228254; 203; Before; 6.061113; null
8; Driver; Interference; Intention; 26.09.2023 15:48:29; 848.5838; -0.0122827; 203; Before; 6.088487; null
8; Driver; Interference; Intention; 26.09.2023 15:48:29; 848.5788; -0.01228472; 203; Before; 6.103563; null
8; Driver; Interference; Intention; 26.09.2023 15:48:29; 848.5738; -0.01228351; 203; Before; 6.117581; null
8; Driver; Interference; Intention; 26.09.2023 15:48:29; 848.5713; -0.01228406; 203; Before; 6.147445; null
8; Driver; Interference; Intention; 26.09.2023 15:48:29; 848.5638; -0.01228353; 203; Before; 6.162364; null
8; Driver; Interference; Intention; 26.09.2023 15:48:29; 848.5613; -0.01228391; 203; Before; 6.192665; null
8; Driver; Interference; Intention; 26.09.2023 15:48:29; 848.5564; -0.01228335; 203; Before; 6.192665; null
8; Driver; Interference; Intention; 26.09.2023 15:48:29; 848.5515; -0.01228333; 203; Before; 6.223348; null
8; Driver; Interference; Intention; 26.09.2023 15:48:29; 848.5466; -0.01228075; 203; Before; 6.239116; null
8; Driver; Interference; Intention; 26.09.2023 15:48:29; 848.5417; -0.01227882; 203; Before; 6.253911; null
8; Driver; Interference; Intention; 26.09.2023 15:48:29; 848.5393; -0.01227813; 203; Before; 6.287187; null
8; Driver; Interference; Intention; 26.09.2023 15:48:29; 848.5344; -0.01227637; 203; Before; 6.287187; null
8; Driver; Interference; Intention; 26.09.2023 15:48:29; 848.5295; -0.01227617; 203; Before; 6.320515; null
8; Driver; Interference; Intention; 26.09.2023 15:48:29; 848.5271; -0.01227721; 203; Before; 6.348669; null
8; Driver; Interference; Intention; 26.09.2023 15:48:29; 848.5197; -0.01227853; 203; Before; 6.364223; null
8; Driver; Interference; Intention; 26.09.2023 15:48:29; 848.5171; -0.0122796; 203; Before; 6.393283; null
8; Driver; Interference; Intention; 26.09.2023 15:48:29; 848.5117; -0.01228033; 203; Before; 6.393283; null
8; Driver; Interference; Intention; 26.09.2023 15:48:29; 848.506; -0.01227868; 203; Before; 6.408711; null
8; Driver; Interference; Intention; 26.09.2023 15:48:29; 848.5031; -0.0122782; 203; Before; 6.444772; null
8; Driver; Interference; Intention; 26.09.2023 15:48:29; 848.4972; -0.01227685; 203; Before; 6.463347; null
8; Driver; Interference; Intention; 26.09.2023 15:48:29; 848.491; -0.01227435; 203; Before; 6.481557; null
8; Driver; Interference; Intention; 26.09.2023 15:48:29; 848.4844; -0.01227149; 203; Before; 6.481557; null
8; Driver; Interference; Intention; 26.09.2023 15:48:29; 848.4775; -0.01227253; 203; Before; 6.520395; null
8; Driver; Interference; Intention; 26.09.2023 15:48:29; 848.4702; -0.01227248; 203; Before; 6.53869; null
8; Driver; Interference; Intention; 26.09.2023 15:48:29; 848.4626; -0.01227509; 203; Before; 6.554835; null
8; Driver; Interference; Intention; 26.09.2023 15:48:29; 848.4547; -0.01227669; 203; Before; 6.572708; null
8; Driver; Interference; Intention; 26.09.2023 15:48:30; 848.4506; -0.0122787; 203; Before; 6.590895; null
8; Driver; Interference; Intention; 26.09.2023 15:48:30; 848.442; -0.01228279; 203; Before; 6.609487; null
8; Driver; Interference; Intention; 26.09.2023 15:48:30; 848.4375; -0.01228575; 203; Before; 6.645483; null
8; Driver; Interference; Intention; 26.09.2023 15:48:30; 848.4283; -0.01229132; 203; Before; 6.664362; null
8; Driver; Interference; Intention; 26.09.2023 15:48:30; 848.4185; -0.01229459; 203; Before; 6.682777; null
8; Driver; Interference; Intention; 26.09.2023 15:48:30; 848.408; -0.01230169; 203; Before; 6.70166; null
8; Driver; Interference; Intention; 26.09.2023 15:48:30; 848.3968; -0.01230519; 203; Before; 6.719701; null
8; Driver; Interference; Intention; 26.09.2023 15:48:30; 848.3847; -0.01230674; 203; Before; 6.736793; null
8; Driver; Interference; Intention; 26.09.2023 15:48:30; 848.3717; -0.0123117; 203; Before; 6.756006; null
8; Driver; Interference; Intention; 26.09.2023 15:48:30; 848.3578; -0.0123143; 203; Before; 6.774244; null
8; Driver; Interference; Intention; 26.09.2023 15:48:30; 848.3505; -0.01231745; 203; Before; 6.791573; null
8; Driver; Interference; Intention; 26.09.2023 15:48:30; 848.3431; -0.01232361; 203; Before; 6.825523; null
8; Driver; Interference; Intention; 26.09.2023 15:48:30; 848.3193; -0.01234088; 203; Before; 6.840643; null
8; Driver; Interference; Intention; 26.09.2023 15:48:30; 848.3109; -0.01234995; 203; Before; 6.87045; null
8; Driver; Interference; Intention; 26.09.2023 15:48:30; 848.2842; -0.01237203; 203; Before; 6.885283; null
8; Driver; Interference; Intention; 26.09.2023 15:48:30; 848.2749; -0.01238202; 203; Before; 6.899475; null
8; Driver; Interference; Intention; 26.09.2023 15:48:30; 848.2554; -0.01238992; 203; Before; 6.914597; null
8; Driver; Interference; Intention; 26.09.2023 15:48:30; 848.2348; -0.01239926; 203; Before; 6.934092; null
8; Driver; Interference; Intention; 26.09.2023 15:48:30; 848.2241; -0.01240477; 203; Before; 6.969681; null
8; Driver; Interference; Intention; 26.09.2023 15:48:30; 848.202; -0.01241291; 203; Before; 6.985947; null
8; Driver; Interference; Intention; 26.09.2023 15:48:30; 848.1787; -0.01241432; 203; Before; 6.985947; null
8; Driver; Interference; Intention; 26.09.2023 15:48:30; 848.1544; -0.01242501; 203; Before; 7.020145; null
8; Driver; Interference; Intention; 26.09.2023 15:48:30; 848.1288; -0.01243724; 203; Before; 7.037676; null
8; Driver; Interference; Intention; 26.09.2023 15:48:30; 848.1157; -0.01244474; 203; Before; 7.067251; null
8; Driver; Interference; Intention; 26.09.2023 15:48:30; 848.0884; -0.0124564; 203; Before; 7.084796; null
8; Driver; Interference; Intention; 26.09.2023 15:48:30; 848.0598; -0.01247546; 203; Before; 7.102784; null
8; Driver; Interference; Intention; 26.09.2023 15:48:30; 848.0299; -0.01248208; 203; Before; 7.117567; null
8; Driver; Interference; Intention; 26.09.2023 15:48:30; 848.0145; -0.01249409; 203; Before; 7.147336; null
8; Driver; Interference; Intention; 26.09.2023 15:48:30; 847.9663; -0.01252134; 203; Before; 7.162599; null
8; Driver; Interference; Intention; 26.09.2023 15:48:30; 847.9496; -0.0125353; 203; Before; 7.191949; null
8; Driver; Interference; Intention; 26.09.2023 15:48:30; 847.9154; -0.01255463; 203; Before; 7.191949; null
8; Driver; Interference; Intention; 26.09.2023 15:48:30; 847.8978; -0.01256413; 203; Before; 7.221985; null
8; Driver; Interference; Intention; 26.09.2023 15:48:30; 847.843; -0.01258222; 203; Before; 7.241045; null
8; Driver; Interference; Intention; 26.09.2023 15:48:30; 847.8049; -0.01258922; 203; Before; 7.258783; null
8; Driver; Interference; Intention; 26.09.2023 15:48:30; 847.7854; -0.01259431; 203; Before; 7.289971; null
8; Driver; Interference; Intention; 26.09.2023 15:48:30; 847.7454; -0.0125997; 203; Before; 7.289971; null
8; Driver; Interference; Intention; 26.09.2023 15:48:30; 847.704; -0.01261642; 203; Before; 7.320848; null
8; Driver; Interference; Intention; 26.09.2023 15:48:30; 847.6829; -0.01263378; 203; Before; 7.349347; null
8; Driver; Interference; Intention; 26.09.2023 15:48:30; 847.6176; -0.01266873; 203; Before; 7.363805; null
8; Driver; Interference; Intention; 26.09.2023 15:48:30; 847.5723; -0.01268168; 203.0001; Before; 7.378218; null
8; Driver; Interference; Intention; 26.09.2023 15:48:30; 847.5492; -0.01268876; 203.0001; Before; 7.39601; null
8; Driver; Interference; Intention; 26.09.2023 15:48:30; 847.502; -0.01269499; 203.0001; Before; 7.412927; null
8; Driver; Interference; Intention; 26.09.2023 15:48:30; 847.4535; -0.01271204; 203.0001; Before; 7.443634; null
8; Driver; Interference; Intention; 26.09.2023 15:48:30; 847.4036; -0.01272632; 203.0002; Before; 7.458729; null
8; Driver; Interference; Intention; 26.09.2023 15:48:30; 847.3782; -0.01273434; 203.0002; Before; 7.487156; null
8; Driver; Interference; Intention; 26.09.2023 15:48:30; 847.3264; -0.01277045; 203.0002; Before; 7.502473; null
8; Driver; Interference; Intention; 26.09.2023 15:48:30; 847.2733; -0.01279604; 203.0002; Before; 7.516366; null
8; Driver; Interference; Intention; 26.09.2023 15:48:30; 847.2462; -0.01280717; 203.0003; Before; 7.544838; null
8; Driver; Interference; Intention; 26.09.2023 15:48:30; 847.163; -0.01282067; 203.0003; Before; 7.560591; null
8; Driver; Interference; Intention; 26.09.2023 15:48:30; 847.1346; -0.01283288; 203.0003; Before; 7.59044; null
8; Driver; Interference; Intention; 26.09.2023 15:48:31; 847.0769; -0.0128434; 203.0004; Before; 7.59044; null
8; Driver; Interference; Intention; 26.09.2023 15:48:31; 847.0178; -0.01286222; 203.0004; Before; 7.620702; null
8; Driver; Interference; Intention; 26.09.2023 15:48:31; 846.9574; -0.01287415; 203.0005; Before; 7.636255; null
8; Driver; Interference; Intention; 26.09.2023 15:48:31; 846.9267; -0.0128802; 203.0005; Before; 7.665008; null
8; Driver; Interference; Intention; 26.09.2023 15:48:31; 846.8325; -0.01290712; 203.0006; Before; 7.680331; null
8; Driver; Interference; Intention; 26.09.2023 15:48:31; 846.8005; -0.0129134; 203.0006; Before; 7.695181; null
8; Driver; Interference; Intention; 26.09.2023 15:48:31; 846.7681; -0.01292811; 203.0006; Before; 7.72473; null
8; Driver; Interference; Intention; 26.09.2023 15:48:31; 846.6689; -0.01294709; 203.0007; Before; 7.740637; null
8; Driver; Interference; Intention; 26.09.2023 15:48:31; 846.6011; -0.01294679; 203.0008; Before; 7.757158; null
8; Driver; Interference; Intention; 26.09.2023 15:48:31; 846.5667; -0.01294862; 203.0008; Before; 7.788247; null
8; Driver; Interference; Intention; 26.09.2023 15:48:31; 846.4968; -0.01298161; 203.0009; Before; 7.803255; null
8; Driver; Interference; Intention; 26.09.2023 15:48:31; 846.4257; -0.01297684; 203.001; Before; 7.818241; null
8; Driver; Interference; Intention; 26.09.2023 15:48:31; 846.3895; -0.01299316; 203.0011; Before; 7.847239; null
8; Driver; Interference; Intention; 26.09.2023 15:48:31; 846.2791; -0.0130172; 203.0012; Before; 7.862236; null
8; Driver; Interference; Intention; 26.09.2023 15:48:31; 846.2416; -0.01303538; 203.0012; Before; 7.891702; null
8; Driver; Interference; Intention; 26.09.2023 15:48:31; 846.1656; -0.01305267; 203.0013; Before; 7.891702; null
8; Driver; Interference; Intention; 26.09.2023 15:48:31; 846.0882; -0.01303654; 203.0014; Before; 7.908611; null
8; Driver; Interference; Intention; 26.09.2023 15:48:31; 846.0094; -0.01304285; 203.0016; Before; 7.942277; null
8; Driver; Interference; Intention; 26.09.2023 15:48:31; 845.9292; -0.0130499; 203.0017; Before; 7.958794; null
8; Driver; Interference; Intention; 26.09.2023 15:48:31; 845.8885; -0.01305647; 203.0018; Before; 7.990731; null
8; Driver; Interference; Intention; 26.09.2023 15:48:31; 845.8063; -0.01305911; 203.0019; Before; 7.990731; null
8; Driver; Interference; Intention; 26.09.2023 15:48:31; 845.7225; -0.0130372; 203.002; Before; 8.008415; null
8; Driver; Interference; Intention; 26.09.2023 15:48:31; 845.6374; -0.01292188; 203.0022; Before; 8.008415; null
8; Driver; Interference; Intention; 26.09.2023 15:48:31; 845.5508; -0.01275667; 203.0023; Before; 8.008415; null
8; Driver; Interference; Intention; 26.09.2023 15:48:31; 845.507; -0.01271391; 203.0024; Before; 8.08894; null
8; Driver; Interference; Intention; 26.09.2023 15:48:31; 845.4184; -0.01267471; 203.0026; Before; 8.08894; null
8; Driver; Interference; Intention; 26.09.2023 15:48:31; 845.3283; -0.01272054; 203.0028; Before; 8.121799; null
8; Driver; Interference; Intention; 26.09.2023 15:48:31; 845.2368; -0.01280552; 203.0029; Before; 8.137506; null
8; Driver; Interference; Intention; 26.09.2023 15:48:31; 845.1904; -0.01285966; 203.003; Before; 8.168569; null
8; Driver; Interference; Intention; 26.09.2023 15:48:31; 845.0967; -0.01296169; 203.0032; Before; 8.186054; null
8; Driver; Interference; Intention; 26.09.2023 15:48:31; 845.0016; -0.01308469; 203.0034; Before; 8.201946; null
8; Driver; Interference; Intention; 26.09.2023 15:48:31; 844.905; -0.01315445; 203.0036; Before; 8.218292; null
8; Driver; Interference; Intention; 26.09.2023 15:48:31; 844.8562; -0.01321127; 203.0038; Before; 8.247582; null
8; Driver; Interference; Intention; 26.09.2023 15:48:31; 844.7077; -0.01332625; 203.0041; Before; 8.263499; null
8; Driver; Interference; Intention; 26.09.2023 15:48:31; 844.6069; -0.01336431; 203.0043; Before; 8.279241; null
8; Driver; Interference; Intention; 26.09.2023 15:48:31; 844.5559; -0.01338003; 203.0045; Before; 8.294289; null
8; Driver; Interference; Intention; 26.09.2023 15:48:31; 844.5046; -0.01340701; 203.0046; Before; 8.325309; null
8; Driver; Interference; Intention; 26.09.2023 15:48:31; 844.3486; -0.01343677; 203.005; Before; 8.34116; null
8; Driver; Interference; Intention; 26.09.2023 15:48:31; 844.2959; -0.01345683; 203.0051; Before; 8.371005; null
8; Driver; Interference; Intention; 26.09.2023 15:48:31; 844.1358; -0.01346881; 203.0056; Before; 8.385302; null
8; Driver; Interference; Intention; 26.09.2023 15:48:31; 844.0818; -0.01348485; 203.0057; Before; 8.399494; null
8; Driver; Interference; Intention; 26.09.2023 15:48:31; 843.9727; -0.01348779; 203.006; Before; 8.413797; null
8; Driver; Interference; Intention; 26.09.2023 15:48:31; 843.8624; -0.01350354; 203.0064; Before; 8.442893; null
8; Driver; Interference; Intention; 26.09.2023 15:48:31; 843.7507; -0.01341451; 203.0067; Before; 8.45836; null
8; Driver; Interference; Intention; 26.09.2023 15:48:31; 843.6944; -0.01332864; 203.0069; Before; 8.488191; null
8; Driver; Interference; Intention; 26.09.2023 15:48:31; 843.5809; -0.0131783; 203.0072; Before; 8.488191; null
8; Driver; Interference; Intention; 26.09.2023 15:48:31; 843.4662; -0.01309598; 203.0076; Before; 8.520243; null
8; Driver; Interference; Intention; 26.09.2023 15:48:31; 843.3505; -0.01306377; 203.008; Before; 8.534899; null
8; Driver; Interference; Intention; 26.09.2023 15:48:31; 843.2922; -0.01305994; 203.0082; Before; 8.564792; null
8; Driver; Interference; Intention; 26.09.2023 15:48:31; 843.1158; -0.01312914; 203.0088; Before; 8.580763; null
8; Driver; Interference; Intention; 26.09.2023 15:48:32; 843.0565; -0.01315382; 203.0091; Before; 8.595716; null
8; Driver; Interference; Intention; 26.09.2023 15:48:32; 842.9371; -0.01326184; 203.0095; Before; 8.624521; null
8; Driver; Interference; Intention; 26.09.2023 15:48:32; 842.8166; -0.01335164; 203.01; Before; 8.639853; null
8; Driver; Interference; Intention; 26.09.2023 15:48:32; 842.7559; -0.01338401; 203.0103; Before; 8.667976; null
8; Driver; Interference; Intention; 26.09.2023 15:48:32; 842.5724; -0.01348032; 203.0111; Before; 8.683092; null
8; Driver; Interference; Intention; 26.09.2023 15:48:32; 842.5107; -0.01349189; 203.0114; Before; 8.697683; null
8; Driver; Interference; Intention; 26.09.2023 15:48:32; 842.4488; -0.01351755; 203.0117; Before; 8.725495; null
8; Driver; Interference; Intention; 26.09.2023 15:48:32; 842.2614; -0.01352653; 203.0127; Before; 8.740299; null
8; Driver; Interference; Intention; 26.09.2023 15:48:32; 842.1984; -0.01353865; 203.0131; Before; 8.769471; null
8; Driver; Interference; Intention; 26.09.2023 15:48:32; 842.0078; -0.01351987; 203.0142; Before; 8.784832; null
8; Driver; Interference; Intention; 26.09.2023 15:48:32; 841.9437; -0.01352743; 203.0146; Before; 8.798739; null
8; Driver; Interference; Intention; 26.09.2023 15:48:32; 841.8793; -0.01355106; 203.0151; Before; 8.827093; null
8; Driver; Interference; Intention; 26.09.2023 15:48:32; 841.6848; -0.01355854; 203.0165; Before; 8.842159; null
8; Driver; Interference; Intention; 26.09.2023 15:48:32; 841.6193; -0.01357237; 203.017; Before; 8.870807; null
8; Driver; Interference; Intention; 26.09.2023 15:48:32; 841.4215; -0.01355987; 203.0187; Before; 8.885583; null
8; Driver; Interference; Intention; 26.09.2023 15:48:32; 841.355; -0.01357057; 203.0194; Before; 8.899892; null
8; Driver; Interference; Intention; 26.09.2023 15:48:32; 841.2213; -0.01356484; 203.0207; Before; 8.914414; null
8; Driver; Interference; Intention; 26.09.2023 15:48:32; 841.1541; -0.01355606; 203.0213; Before; 8.946573; null
8; Driver; Interference; Intention; 26.09.2023 15:48:32; 840.9507; -0.0135073; 203.0236; Before; 8.963441; null
8; Driver; Interference; Intention; 26.09.2023 15:48:32; 840.8138; -0.01346967; 203.0251; Before; 8.978988; null
8; Driver; Interference; Intention; 26.09.2023 15:48:32; 840.7451; -0.01345492; 203.026; Before; 8.994333; null
8; Driver; Interference; Intention; 26.09.2023 15:48:32; 840.676; -0.0134675; 203.0268; Before; 9.026613; null
8; Driver; Interference; Intention; 26.09.2023 15:48:32; 840.4675; -0.01348551; 203.0295; Before; 9.041688; null
8; Driver; Interference; Intention; 26.09.2023 15:48:32; 840.3975; -0.0135153; 203.0304; Before; 9.071456; null
8; Driver; Interference; Intention; 26.09.2023 15:48:32; 840.2571; -0.01355145; 203.0323; Before; 9.086563; null
8; Driver; Interference; Intention; 26.09.2023 15:48:32; 840.116; -0.01359765; 203.0343; Before; 9.101854; null
8; Driver; Interference; Intention; 26.09.2023 15:48:32; 839.9742; -0.01363395; 203.0364; Before; 9.117009; null
8; Driver; Interference; Intention; 26.09.2023 15:48:32; 839.9032; -0.01364319; 203.0374; Before; 9.145548; null
8; Driver; Interference; Intention; 26.09.2023 15:48:32; 839.6893; -0.01363248; 203.0407; Before; 9.160659; null
8; Driver; Interference; Intention; 26.09.2023 15:48:32; 839.6178; -0.01364952; 203.0418; Before; 9.192127; null
8; Driver; Interference; Intention; 26.09.2023 15:48:32; 839.4744; -0.01365782; 203.044; Before; 9.192127; null
8; Driver; Interference; Intention; 26.09.2023 15:48:32; 839.3304; -0.0136769; 203.0463; Before; 9.221657; null
8; Driver; Interference; Intention; 26.09.2023 15:48:32; 839.1862; -0.01368929; 203.0485; Before; 9.237191; null
8; Driver; Interference; Intention; 26.09.2023 15:48:32; 839.0415; -0.01370871; 203.0508; Before; 9.26453; null
8; Driver; Interference; Intention; 26.09.2023 15:48:32; 838.8965; -0.01371853; 203.0531; Before; 9.279991; null
8; Driver; Interference; Intention; 26.09.2023 15:48:32; 838.8239; -0.01371532; 203.0542; Before; 9.293686; null
8; Driver; Interference; Intention; 26.09.2023 15:48:32; 838.6784; -0.01368873; 203.0565; Before; 9.3105; null
8; Driver; Interference; Intention; 26.09.2023 15:48:32; 838.6055; -0.01367298; 203.0577; Before; 9.343273; null
8; Driver; Interference; Intention; 26.09.2023 15:48:32; 838.3867; -0.01367889; 203.0611; Before; 9.360153; null
8; Driver; Interference; Intention; 26.09.2023 15:48:32; 838.3136; -0.01367303; 203.0623; Before; 9.388878; null
8; Driver; Interference; Intention; 26.09.2023 15:48:32; 838.1674; -0.01372869; 203.0646; Before; 9.40534; null
8; Driver; Interference; Intention; 26.09.2023 15:48:32; 838.0211; -0.01369881; 203.0669; Before; 9.419949; null
8; Driver; Interference; Intention; 26.09.2023 15:48:32; 837.948; -0.01371971; 203.068; Before; 9.449179; null
8; Driver; Interference; Intention; 26.09.2023 15:48:32; 837.7287; -0.01372895; 203.0715; Before; 9.463582; null
8; Driver; Interference; Intention; 26.09.2023 15:48:32; 837.5828; -0.01370448; 203.0738; Before; 9.479514; null
8; Driver; Interference; Intention; 26.09.2023 15:48:32; 837.5099; -0.01368956; 203.075; Before; 9.494084; null
8; Driver; Interference; Intention; 26.09.2023 15:48:32; 837.4371; -0.0136996; 203.0761; Before; 9.524345; null
8; Driver; Interference; Intention; 26.09.2023 15:48:32; 837.2192; -0.01369055; 203.0797; Before; 9.540009; null
8; Driver; Interference; Intention; 26.09.2023 15:48:32; 837.1467; -0.01370778; 203.0808; Before; 9.568722; null
8; Driver; Interference; Intention; 26.09.2023 15:48:32; 837.002; -0.0137147; 203.0832; Before; 9.583951; null
8; Driver; Interference; Intention; 26.09.2023 15:48:33; 836.8577; -0.01372976; 203.0855; Before; 9.600181; null
8; Driver; Interference; Intention; 26.09.2023 15:48:33; 836.7137; -0.01373583; 203.0879; Before; 9.615061; null
8; Driver; Interference; Intention; 26.09.2023 15:48:33; 836.57; -0.01374655; 203.0903; Before; 9.644101; null
8; Driver; Interference; Intention; 26.09.2023 15:48:33; 836.4266; -0.01374626; 203.0927; Before; 9.659794; null
8; Driver; Interference; Intention; 26.09.2023 15:48:33; 836.3551; -0.01373758; 203.0939; Before; 9.687781; null
8; Driver; Interference; Intention; 26.09.2023 15:48:33; 836.2122; -0.01377936; 203.0963; Before; 9.702376; null
8; Driver; Interference; Intention; 26.09.2023 15:48:33; 836.0697; -0.01379557; 203.0987; Before; 9.717473; null
8; Driver; Interference; Intention; 26.09.2023 15:48:33; 835.9985; -0.01379033; 203.0999; Before; 9.746348; null
8; Driver; Interference; Intention; 26.09.2023 15:48:33; 835.7856; -0.01372712; 203.1035; Before; 9.762976; null
8; Driver; Interference; Intention; 26.09.2023 15:48:33; 835.7148; -0.01372537; 203.1047; Before; 9.79239; null
8; Driver; Interference; Intention; 26.09.2023 15:48:33; 835.5734; -0.01369789; 203.1071; Before; 9.79239; null
8; Driver; Interference; Intention; 26.09.2023 15:48:33; 835.4323; -0.01368487; 203.1096; Before; 9.821998; null
8; Driver; Interference; Intention; 26.09.2023 15:48:33; 835.2916; -0.01367116; 203.112; Before; 9.837251; null
8; Driver; Interference; Intention; 26.09.2023 15:48:33; 835.2213; -0.01365941; 203.1132; Before; 9.865694; null
8; Driver; Interference; Intention; 26.09.2023 15:48:33; 835.011; -0.01366619; 203.1169; Before; 9.880853; null
8; Driver; Interference; Intention; 26.09.2023 15:48:33; 834.9411; -0.01365812; 203.1181; Before; 9.895921; null
8; Driver; Interference; Intention; 26.09.2023 15:48:33; 834.8015; -0.01362579; 203.1206; Before; 9.910229; null
8; Driver; Interference; Intention; 26.09.2023 15:48:33; 834.7318; -0.0136084; 203.1218; Before; 9.94458; null
8; Driver; Interference; Intention; 26.09.2023 15:48:33; 834.5232; -0.01354772; 203.1255; Before; 9.961356; null
8; Driver; Interference; Intention; 26.09.2023 15:48:33; 834.3845; -0.01350922; 203.128; Before; 9.976677; null
8; Driver; Interference; Intention; 26.09.2023 15:48:33; 834.3153; -0.01349478; 203.1293; Before; 9.992753; null
8; Driver; Interference; Intention; 26.09.2023 15:48:33; 834.1771; -0.01346709; 203.1318; Before; 10.00943; null
8; Driver; Interference; Intention; 26.09.2023 15:48:33; 834.0392; -0.01347809; 203.1343; Before; 10.04299; null
8; Driver; Interference; Intention; 26.09.2023 15:48:33; 833.9017; -0.0135029; 203.1368; Before; 10.05831; null
8; Driver; Interference; Intention; 26.09.2023 15:48:33; 833.833; -0.01351305; 203.138; Before; 10.0877; null
8; Driver; Interference; Intention; 26.09.2023 15:48:33; 833.6959; -0.01359613; 203.1405; Before; 10.10327; null
8; Driver; Interference; Intention; 26.09.2023 15:48:33; 833.5591; -0.0135946; 203.143; Before; 10.1192; null
8; Driver; Interference; Intention; 26.09.2023 15:48:33; 833.4227; -0.01359421; 203.1456; Before; 10.1341; null
8; Driver; Interference; Intention; 26.09.2023 15:48:33; 833.3546; -0.01358924; 203.1468; Before; 10.16531; null
8; Driver; Interference; Intention; 26.09.2023 15:48:33; 833.1508; -0.0136126; 203.1506; Before; 10.18082; null
8; Driver; Interference; Intention; 26.09.2023 15:48:33; 833.0829; -0.01360915; 203.1519; Before; 10.19675; null
8; Driver; Interference; Intention; 26.09.2023 15:48:33; 832.9476; -0.01358436; 203.1544; Before; 10.21117; null
8; Driver; Interference; Intention; 26.09.2023 15:48:33; 832.88; -0.01356968; 203.1557; Before; 10.24277; null
8; Driver; Interference; Intention; 26.09.2023 15:48:33; 832.6778; -0.01357417; 203.1596; Before; 10.26005; null
8; Driver; Interference; Intention; 26.09.2023 15:48:33; 832.6105; -0.01356781; 203.1608; Before; 10.29002; null
8; Driver; Interference; Intention; 26.09.2023 15:48:33; 832.4763; -0.01354148; 203.1634; Before; 10.29002; null
8; Driver; Interference; Intention; 26.09.2023 15:48:33; 832.3423; -0.01353798; 203.166; Before; 10.32142; null
8; Driver; Interference; Intention; 26.09.2023 15:48:33; 832.2086; -0.01353919; 203.1685; Before; 10.33705; null
8; Driver; Interference; Intention; 26.09.2023 15:48:33; 832.1419; -0.01353607; 203.1698; Before; 10.36643; null
8; Driver; Interference; Intention; 26.09.2023 15:48:33; 832.0087; -0.01351667; 203.1724; Before; 10.38296; null
8; Driver; Interference; Intention; 26.09.2023 15:48:33; 831.8758; -0.01344571; 203.175; Before; 10.38296; null
8; Driver; Interference; Intention; 26.09.2023 15:48:33; 831.7432; -0.01342038; 203.1776; Before; 10.42148; null
8; Driver; Interference; Intention; 26.09.2023 15:48:33; 831.6109; -0.01341882; 203.1802; Before; 10.43706; null
8; Driver; Interference; Intention; 26.09.2023 15:48:33; 831.5449; -0.01341993; 203.1815; Before; 10.46537; null
8; Driver; Interference; Intention; 26.09.2023 15:48:33; 831.3472; -0.01347649; 203.1854; Before; 10.48147; null
8; Driver; Interference; Intention; 26.09.2023 15:48:33; 831.2815; -0.01348725; 203.1867; Before; 10.49679; null
8; Driver; Interference; Intention; 26.09.2023 15:48:33; 831.2158; -0.01351806; 203.188; Before; 10.52604; null
8; Driver; Interference; Intention; 26.09.2023 15:48:33; 831.0193; -0.01355704; 203.192; Before; 10.54152; null
8; Driver; Interference; Intention; 26.09.2023 15:48:33; 830.8887; -0.01348964; 203.1946; Before; 10.55936; null
8; Driver; Interference; Intention; 26.09.2023 15:48:33; 830.7584; -0.0134466; 203.1972; Before; 10.57786; null
8; Driver; Interference; Intention; 26.09.2023 15:48:34; 830.6933; -0.01342892; 203.1985; Before; 10.59459; null
8; Driver; Interference; Intention; 26.09.2023 15:48:34; 830.6283; -0.01343701; 203.1998; Before; 10.6255; null
8; Driver; Interference; Intention; 26.09.2023 15:48:34; 830.4338; -0.01344153; 203.2038; Before; 10.64112; null
8; Driver; Interference; Intention; 26.09.2023 15:48:34; 830.3691; -0.01346437; 203.2051; Before; 10.67038; null
8; Driver; Interference; Intention; 26.09.2023 15:48:34; 830.24; -0.01348739; 203.2078; Before; 10.68592; null
8; Driver; Interference; Intention; 26.09.2023 15:48:34; 830.1111; -0.01344623; 203.2104; Before; 10.68592; null
8; Driver; Interference; Intention; 26.09.2023 15:48:34; 830.0468; -0.01342849; 203.2117; Before; 10.72554; null
8; Driver; Interference; Intention; 26.09.2023 15:48:34; 829.8544; -0.01337908; 203.2157; Before; 10.74215; null
8; Driver; Interference; Intention; 26.09.2023 15:48:34; 829.7903; -0.01339152; 203.2171; Before; 10.7714; null
8; Driver; Interference; Intention; 26.09.2023 15:48:34; 829.6625; -0.01340441; 203.2197; Before; 10.78598; null
8; Driver; Interference; Intention; 26.09.2023 15:48:34; 829.535; -0.01343599; 203.2224; Before; 10.80066; null
8; Driver; Interference; Intention; 26.09.2023 15:48:34; 829.4078; -0.01340818; 203.2251; Before; 10.81657; null
8; Driver; Interference; Intention; 26.09.2023 15:48:34; 829.3443; -0.01342964; 203.2264; Before; 10.84797; null
8; Driver; Interference; Intention; 26.09.2023 15:48:34; 829.1542; -0.01345726; 203.2304; Before; 10.86351; null
8; Driver; Interference; Intention; 26.09.2023 15:48:34; 829.0278; -0.01345198; 203.2331; Before; 10.87859; null
8; Driver; Interference; Intention; 26.09.2023 15:48:34; 828.9648; -0.01344668; 203.2345; Before; 10.89429; null
8; Driver; Interference; Intention; 26.09.2023 15:48:34; 828.8389; -0.01342529; 203.2371; Before; 10.90942; null
8; Driver; Interference; Intention; 26.09.2023 15:48:34; 828.776; -0.01341475; 203.2385; Before; 10.94357; null
8; Driver; Interference; Intention; 26.09.2023 15:48:34; 828.5879; -0.01337704; 203.2425; Before; 10.96036; null
8; Driver; Interference; Intention; 26.09.2023 15:48:34; 828.4628; -0.01335283; 203.2452; Before; 10.97578; null
8; Driver; Interference; Intention; 26.09.2023 15:48:34; 828.4004; -0.01334436; 203.2466; Before; 10.99276; null
8; Driver; Interference; Intention; 26.09.2023 15:48:34; 828.338; -0.01336021; 203.2479; Before; 11.02578; null
8; Driver; Interference; Intention; 26.09.2023 15:48:34; 828.1514; -0.01338445; 203.252; Before; 11.04147; null
8; Driver; Interference; Intention; 26.09.2023 15:48:34; 828.0273; -0.01338512; 203.2547; Before; 11.05792; null
8; Driver; Interference; Intention; 26.09.2023 15:48:34; 827.9654; -0.01338424; 203.2561; Before; 11.08813; null
8; Driver; Interference; Intention; 26.09.2023 15:48:34; 827.8418; -0.01344198; 203.2588; Before; 11.10362; null
8; Driver; Interference; Intention; 26.09.2023 15:48:34; 827.7184; -0.01342808; 203.2615; Before; 11.1184; null
8; Driver; Interference; Intention; 26.09.2023 15:48:34; 827.6569; -0.01345086; 203.2629; Before; 11.14872; null
8; Driver; Interference; Intention; 26.09.2023 15:48:34; 827.4726; -0.01346999; 203.2669; Before; 11.16374; null
8; Driver; Interference; Intention; 26.09.2023 15:48:34; 827.3501; -0.01345267; 203.2697; Before; 11.17957; null
8; Driver; Interference; Intention; 26.09.2023 15:48:34; 827.2889; -0.01344046; 203.271; Before; 11.19506; null
8; Driver; Interference; Intention; 26.09.2023 15:48:34; 827.2278; -0.01344843; 203.2724; Before; 11.22542; null
8; Driver; Interference; Intention; 26.09.2023 15:48:34; 827.0451; -0.01343582; 203.2765; Before; 11.2411; null
8; Driver; Interference; Intention; 26.09.2023 15:48:34; 826.9236; -0.01340799; 203.2793; Before; 11.25661; null
8; Driver; Interference; Intention; 26.09.2023 15:48:34; 826.8629; -0.01339334; 203.2806; Before; 11.28692; null
8; Driver; Interference; Intention; 26.09.2023 15:48:34; 826.7418; -0.01342528; 203.2834; Before; 11.30288; null
8; Driver; Interference; Intention; 26.09.2023 15:48:34; 826.621; -0.01339253; 203.2861; Before; 11.31725; null
8; Driver; Interference; Intention; 26.09.2023 15:48:34; 826.5607; -0.01340765; 203.2875; Before; 11.34689; null
8; Driver; Interference; Intention; 26.09.2023 15:48:34; 826.3801; -0.01341405; 203.2916; Before; 11.36212; null
8; Driver; Interference; Intention; 26.09.2023 15:48:34; 826.3201; -0.01343073; 203.2929; Before; 11.39181; null
8; Driver; Interference; Intention; 26.09.2023 15:48:34; 826.2003; -0.01343834; 203.2956; Before; 11.39181; null
8; Driver; Interference; Intention; 26.09.2023 15:48:34; 826.0807; -0.01344948; 203.2983; Before; 11.42107; null
8; Driver; Interference; Intention; 26.09.2023 15:48:34; 825.9614; -0.01345109; 203.301; Before; 11.43616; null
8; Driver; Interference; Intention; 26.09.2023 15:48:34; 825.9018; -0.01344462; 203.3023; Before; 11.46511; null
8; Driver; Interference; Intention; 26.09.2023 15:48:34; 825.7236; -0.0134508; 203.3063; Before; 11.48041; null
8; Driver; Interference; Intention; 26.09.2023 15:48:34; 825.6643; -0.01344157; 203.3076; Before; 11.4963; null
8; Driver; Interference; Intention; 26.09.2023 15:48:34; 825.6051; -0.01344995; 203.3089; Before; 11.52624; null
8; Driver; Interference; Intention; 26.09.2023 15:48:34; 825.4279; -0.01343076; 203.3128; Before; 11.54204; null
8; Driver; Interference; Intention; 26.09.2023 15:48:34; 825.31; -0.01339469; 203.3154; Before; 11.55763; null
8; Driver; Interference; Intention; 26.09.2023 15:48:34; 825.2512; -0.01337544; 203.3166; Before; 11.58743; null
8; Driver; Interference; Intention; 26.09.2023 15:48:35; 825.1339; -0.0133963; 203.3192; Before; 11.60345; null
8; Driver; Interference; Intention; 26.09.2023 15:48:35; 825.0167; -0.01335551; 203.3216; Before; 11.61858; null
8; Driver; Interference; Intention; 26.09.2023 15:48:35; 824.8998; -0.01332839; 203.3241; Before; 11.63227; null
8; Driver; Interference; Intention; 26.09.2023 15:48:35; 824.8415; -0.01325062; 203.3253; Before; 11.64862; null
8; Driver; Interference; Intention; 26.09.2023 15:48:35; 824.6668; -0.01308759; 203.3289; Before; 11.6816; null
8; Driver; Interference; Intention; 26.09.2023 15:48:35; 824.6088; -0.01308048; 203.3301; Before; 11.69837; null
8; Driver; Interference; Intention; 26.09.2023 15:48:35; 824.4929; -0.01308166; 203.3325; Before; 11.71332; null
8; Driver; Interference; Intention; 26.09.2023 15:48:35; 824.435; -0.0130918; 203.3336; Before; 11.7448; null
8; Driver; Interference; Intention; 26.09.2023 15:48:35; 824.2635; -0.01313542; 203.3371; Before; 11.76153; null
8; Driver; Interference; Intention; 26.09.2023 15:48:35; 824.2073; -0.01317469; 203.3382; Before; 11.79276; null
8; Driver; Interference; Intention; 26.09.2023 15:48:35; 824.0963; -0.0132366; 203.3404; Before; 11.79276; null
8; Driver; Interference; Intention; 26.09.2023 15:48:35; 823.9867; -0.01339458; 203.3426; Before; 11.80874; null
8; Driver; Interference; Intention; 26.09.2023 15:48:35; 823.8787; -0.01348021; 203.3447; Before; 11.82961; null
8; Driver; Interference; Intention; 26.09.2023 15:48:35; 823.8253; -0.01351682; 203.3458; Before; 11.86892; null
8; Driver; Interference; Intention; 26.09.2023 15:48:35; 823.7197; -0.01355512; 203.3478; Before; 11.88571; null
8; Driver; Interference; Intention; 26.09.2023 15:48:35; 823.6157; -0.01359171; 203.3498; Before; 11.90183; null
8; Driver; Interference; Intention; 26.09.2023 15:48:35; 823.5132; -0.01355959; 203.3518; Before; 11.91956; null
8; Driver; Interference; Intention; 26.09.2023 15:48:35; 823.4124; -0.01348576; 203.3537; Before; 11.93623; null
8; Driver; Interference; Intention; 26.09.2023 15:48:35; 823.313; -0.01342792; 203.3556; Before; 11.95543; null
8; Driver; Interference; Intention; 26.09.2023 15:48:35; 823.2152; -0.01334502; 203.3575; Before; 11.97383; null
8; Driver; Interference; Intention; 26.09.2023 15:48:35; 823.1669; -0.01331521; 203.3584; Before; 11.9955; null
8; Driver; Interference; Intention; 26.09.2023 15:48:35; 823.0714; -0.0132209; 203.3602; Before; 12.01566; null
8; Driver; Interference; Intention; 26.09.2023 15:48:35; 822.9775; -0.01316978; 203.3619; Before; 12.03452; null
8; Driver; Interference; Intention; 26.09.2023 15:48:35; 822.9311; -0.01315812; 203.3628; Before; 12.0673; null
8; Driver; Interference; Intention; 26.09.2023 15:48:35; 822.7942; -0.01314111; 203.3653; Before; 12.08378; null
8; Driver; Interference; Intention; 26.09.2023 15:48:35; 822.7493; -0.01315979; 203.3661; Before; 12.09966; null
8; Driver; Interference; Intention; 26.09.2023 15:48:35; 822.6608; -0.01315023; 203.3678; Before; 12.11587; null
8; Driver; Interference; Intention; 26.09.2023 15:48:35; 822.5737; -0.01312411; 203.3694; Before; 12.13311; null
8; Driver; Interference; Intention; 26.09.2023 15:48:35; 822.4869; -0.01312112; 203.3709; Before; 12.15361; null
8; Driver; Interference; Intention; 26.09.2023 15:48:35; 822.4003; -0.01309826; 203.3725; Before; 12.17284; null
8; Driver; Interference; Intention; 26.09.2023 15:48:35; 822.3571; -0.01309616; 203.3732; Before; 12.19304; null
8; Driver; Interference; Intention; 26.09.2023 15:48:35; 822.3139; -0.01311038; 203.374; Before; 12.22537; null
8; Driver; Interference; Intention; 26.09.2023 15:48:35; 822.1846; -0.01313957; 203.3763; Before; 12.24044; null
8; Driver; Interference; Intention; 26.09.2023 15:48:35; 822.0988; -0.0131499; 203.3778; Before; 12.25699; null
8; Driver; Interference; Intention; 26.09.2023 15:48:35; 822.0558; -0.01315751; 203.3786; Before; 12.28732; null
8; Driver; Interference; Intention; 26.09.2023 15:48:35; 821.9702; -0.0131595; 203.3801; Before; 12.28732; null
8; Driver; Interference; Intention; 26.09.2023 15:48:35; 821.8848; -0.01313206; 203.3815; Before; 12.30707; null
8; Driver; Interference; Intention; 26.09.2023 15:48:35; 821.7996; -0.01313375; 203.383; Before; 12.34261; null
8; Driver; Interference; Intention; 26.09.2023 15:48:35; 821.7145; -0.01313893; 203.3845; Before; 12.3597; null
8; Driver; Interference; Intention; 26.09.2023 15:48:35; 821.6721; -0.01314476; 203.3853; Before; 12.38942; null
8; Driver; Interference; Intention; 26.09.2023 15:48:35; 821.5873; -0.01314493; 203.3868; Before; 12.38942; null
8; Driver; Interference; Intention; 26.09.2023 15:48:35; 821.5028; -0.01316493; 203.3883; Before; 12.42109; null
8; Driver; Interference; Intention; 26.09.2023 15:48:35; 821.4185; -0.01314688; 203.3898; Before; 12.43758; null
8; Driver; Interference; Intention; 26.09.2023 15:48:35; 821.3343; -0.01314095; 203.3913; Before; 12.45482; null
8; Driver; Interference; Intention; 26.09.2023 15:48:35; 821.2923; -0.01314211; 203.3921; Before; 12.49221; null
8; Driver; Interference; Intention; 26.09.2023 15:48:35; 821.2084; -0.0131351; 203.3936; Before; 12.49221; null
8; Driver; Interference; Intention; 26.09.2023 15:48:35; 821.1248; -0.01315019; 203.3952; Before; 12.52239; null
8; Driver; Interference; Intention; 26.09.2023 15:48:35; 821.0413; -0.01316233; 203.3968; Before; 12.53806; null
8; Driver; Interference; Intention; 26.09.2023 15:48:35; 820.9996; -0.01316936; 203.3976; Before; 12.56782; null
8; Driver; Interference; Intention; 26.09.2023 15:48:36; 820.8749; -0.01316993; 203.3999; Before; 12.58452; null
8; Driver; Interference; Intention; 26.09.2023 15:48:36; 820.8334; -0.01318324; 203.4007; Before; 12.59987; null
8; Driver; Interference; Intention; 26.09.2023 15:48:36; 820.7505; -0.01315816; 203.4023; Before; 12.61949; null
8; Driver; Interference; Intention; 26.09.2023 15:48:36; 820.668; -0.01311162; 203.4039; Before; 12.63742; null
8; Driver; Interference; Intention; 26.09.2023 15:48:36; 820.6267; -0.01311565; 203.4047; Before; 12.67047; null
8; Driver; Interference; Intention; 26.09.2023 15:48:36; 820.5443; -0.01311382; 203.4064; Before; 12.68554; null
8; Driver; Interference; Intention; 26.09.2023 15:48:36; 820.4619; -0.01313253; 203.408; Before; 12.70118; null
8; Driver; Interference; Intention; 26.09.2023 15:48:36; 820.3791; -0.01311493; 203.4096; Before; 12.71752; null
8; Driver; Interference; Intention; 26.09.2023 15:48:36; 820.296; -0.01310965; 203.4112; Before; 12.73297; null
8; Driver; Interference; Intention; 26.09.2023 15:48:36; 820.2127; -0.01308013; 203.4129; Before; 12.74997; null
8; Driver; Interference; Intention; 26.09.2023 15:48:36; 820.171; -0.01307359; 203.4137; Before; 12.78913; null
8; Driver; Interference; Intention; 26.09.2023 15:48:36; 820.0874; -0.01305872; 203.4154; Before; 12.78913; null
8; Driver; Interference; Intention; 26.09.2023 15:48:36; 820.0037; -0.01307461; 203.4171; Before; 12.82035; null
8; Driver; Interference; Intention; 26.09.2023 15:48:36; 819.9199; -0.01309406; 203.4187; Before; 12.83678; null
8; Driver; Interference; Intention; 26.09.2023 15:48:36; 819.878; -0.01310662; 203.4196; Before; 12.86775; null
8; Driver; Interference; Intention; 26.09.2023 15:48:36; 819.752; -0.01312784; 203.4221; Before; 12.88379; null
8; Driver; Interference; Intention; 26.09.2023 15:48:36; 819.7099; -0.01314887; 203.423; Before; 12.89896; null
8; Driver; Interference; Intention; 26.09.2023 15:48:36; 819.6258; -0.0131385; 203.4247; Before; 12.91481; null
8; Driver; Interference; Intention; 26.09.2023 15:48:36; 819.5417; -0.0131052; 203.4264; Before; 12.93351; null
8; Driver; Interference; Intention; 26.09.2023 15:48:36; 819.4578; -0.01309193; 203.4281; Before; 12.95383; null
8; Driver; Interference; Intention; 26.09.2023 15:48:36; 819.4159; -0.0130921; 203.4289; Before; 12.98882; null
8; Driver; Interference; Intention; 26.09.2023 15:48:36; 819.3322; -0.01308741; 203.4306; Before; 12.98882; null
8; Driver; Interference; Intention; 26.09.2023 15:48:36; 819.2903; -0.01309117; 203.4315; Before; 13.02315; null
8; Driver; Interference; Intention; 26.09.2023 15:48:36; 819.1652; -0.01309778; 203.4341; Before; 13.04071; null
8; Driver; Interference; Intention; 26.09.2023 15:48:36; 819.082; -0.01310103; 203.4358; Before; 13.05666; null
8; Driver; Interference; Intention; 26.09.2023 15:48:36; 818.9989; -0.01308024; 203.4375; Before; 13.07169; null
8; Driver; Interference; Intention; 26.09.2023 15:48:36; 818.9575; -0.01307766; 203.4383; Before; 13.08995; null
8; Driver; Interference; Intention; 26.09.2023 15:48:36; 818.9161; -0.01309028; 203.4392; Before; 13.12469; null
8; Driver; Interference; Intention; 26.09.2023 15:48:36; 818.7921; -0.0131143; 203.4418; Before; 13.14102; null
8; Driver; Interference; Intention; 26.09.2023 15:48:36; 818.7509; -0.01313624; 203.4426; Before; 13.1713; null
8; Driver; Interference; Intention; 26.09.2023 15:48:36; 818.6686; -0.0131604; 203.4443; Before; 13.18612; null
8; Driver; Interference; Intention; 26.09.2023 15:48:36; 818.5865; -0.01319269; 203.446; Before; 13.20092; null
8; Driver; Interference; Intention; 26.09.2023 15:48:36; 818.5046; -0.01317841; 203.4477; Before; 13.21743; null
8; Driver; Interference; Intention; 26.09.2023 15:48:36; 818.4229; -0.01316838; 203.4494; Before; 13.232; null
8; Driver; Interference; Intention; 26.09.2023 15:48:36; 818.3414; -0.01312898; 203.4511; Before; 13.2517; null
8; Driver; Interference; Intention; 26.09.2023 15:48:36; 818.3007; -0.01311596; 203.452; Before; 13.2887; null
8; Driver; Interference; Intention; 26.09.2023 15:48:36; 818.2194; -0.0130869; 203.4536; Before; 13.2887; null
8; Driver; Interference; Intention; 26.09.2023 15:48:36; 818.1384; -0.01308738; 203.4553; Before; 13.32107; null
8; Driver; Interference; Intention; 26.09.2023 15:48:36; 818.0575; -0.01309242; 203.457; Before; 13.33749; null
8; Driver; Interference; Intention; 26.09.2023 15:48:36; 818.0172; -0.01309828; 203.4578; Before; 13.36695; null
8; Driver; Interference; Intention; 26.09.2023 15:48:36; 817.9365; -0.01309933; 203.4595; Before; 13.3839; null
8; Driver; Interference; Intention; 26.09.2023 15:48:36; 817.8561; -0.01307455; 203.4612; Before; 13.3839; null
8; Driver; Interference; Intention; 26.09.2023 15:48:36; 817.7759; -0.01307829; 203.4628; Before; 13.42104; null
8; Driver; Interference; Intention; 26.09.2023 15:48:36; 817.6959; -0.01308569; 203.4645; Before; 13.43759; null
8; Driver; Interference; Intention; 26.09.2023 15:48:36; 817.6559; -0.01309237; 203.4653; Before; 13.46842; null
8; Driver; Interference; Intention; 26.09.2023 15:48:36; 817.5761; -0.01309455; 203.467; Before; 13.48511; null
8; Driver; Interference; Intention; 26.09.2023 15:48:36; 817.4965; -0.01311459; 203.4686; Before; 13.50109; null
8; Driver; Interference; Intention; 26.09.2023 15:48:36; 817.4171; -0.01309796; 203.4703; Before; 13.51739; null
8; Driver; Interference; Intention; 26.09.2023 15:48:36; 817.3379; -0.01309196; 203.4719; Before; 13.53146; null
8; Driver; Interference; Intention; 26.09.2023 15:48:36; 817.2983; -0.01309261; 203.4727; Before; 13.56601; null
8; Driver; Interference; Intention; 26.09.2023 15:48:36; 817.2194; -0.0130848; 203.4744; Before; 13.58465; null
8; Driver; Interference; Intention; 26.09.2023 15:48:37; 817.1406; -0.01309757; 203.476; Before; 13.60078; null
8; Driver; Interference; Intention; 26.09.2023 15:48:37; 817.0621; -0.01307691; 203.4777; Before; 13.61654; null
8; Driver; Interference; Intention; 26.09.2023 15:48:37; 817.0228; -0.01308972; 203.4785; Before; 13.64785; null
8; Driver; Interference; Intention; 26.09.2023 15:48:37; 816.9054; -0.01310678; 203.481; Before; 13.66314; null
8; Driver; Interference; Intention; 26.09.2023 15:48:37; 816.8273; -0.01310589; 203.4826; Before; 13.67907; null
8; Driver; Interference; Intention; 26.09.2023 15:48:37; 816.7884; -0.01310733; 203.4834; Before; 13.69413; null
8; Driver; Interference; Intention; 26.09.2023 15:48:37; 816.7106; -0.01309853; 203.4851; Before; 13.70968; null
8; Driver; Interference; Intention; 26.09.2023 15:48:37; 816.6718; -0.01309703; 203.4859; Before; 13.74737; null
8; Driver; Interference; Intention; 26.09.2023 15:48:37; 816.5555; -0.01308176; 203.4883; Before; 13.76308; null
8; Driver; Interference; Intention; 26.09.2023 15:48:37; 816.4783; -0.0130685; 203.4899; Before; 13.77929; null
8; Driver; Interference; Intention; 26.09.2023 15:48:37; 816.4397; -0.01306629; 203.4907; Before; 13.79427; null
8; Driver; Interference; Intention; 26.09.2023 15:48:37; 816.3627; -0.01305466; 203.4924; Before; 13.80987; null
8; Driver; Interference; Intention; 26.09.2023 15:48:37; 816.2859; -0.01306516; 203.494; Before; 13.84293; null
8; Driver; Interference; Intention; 26.09.2023 15:48:37; 816.2093; -0.01307464; 203.4956; Before; 13.85866; null
8; Driver; Interference; Intention; 26.09.2023 15:48:37; 816.1328; -0.01305516; 203.4972; Before; 13.87377; null
8; Driver; Interference; Intention; 26.09.2023 15:48:37; 816.0947; -0.01305064; 203.498; Before; 13.89259; null
8; Driver; Interference; Intention; 26.09.2023 15:48:37; 816.0184; -0.01303615; 203.4996; Before; 13.91155; null
8; Driver; Interference; Intention; 26.09.2023 15:48:37; 815.9424; -0.01300326; 203.5013; Before; 13.92884; null
8; Driver; Interference; Intention; 26.09.2023 15:48:37; 815.9045; -0.01299552; 203.5021; Before; 13.96515; null
8; Driver; Interference; Intention; 26.09.2023 15:48:37; 815.8287; -0.01298036; 203.5037; Before; 13.9836; null
8; Driver; Interference; Intention; 26.09.2023 15:48:37; 815.7531; -0.01299476; 203.5053; Before; 14.00099; null
8; Driver; Interference; Intention; 26.09.2023 15:48:37; 815.6777; -0.01298392; 203.5069; Before; 14.01843; null
8; Driver; Interference; Intention; 26.09.2023 15:48:37; 815.6025; -0.01296016; 203.5085; Before; 14.03573; null
8; Driver; Interference; Intention; 26.09.2023 15:48:37; 815.5274; -0.01295883; 203.5101; Before; 14.05733; null
8; Driver; Interference; Intention; 26.09.2023 15:48:37; 815.4899; -0.01296506; 203.5109; Before; 14.09314; null
8; Driver; Interference; Intention; 26.09.2023 15:48:37; 815.4151; -0.01297327; 203.5125; Before; 14.09314; null
8; Driver; Interference; Intention; 26.09.2023 15:48:37; 815.3405; -0.01300392; 203.5141; Before; 14.12384; null
8; Driver; Interference; Intention; 26.09.2023 15:48:37; 815.266; -0.01300297; 203.5157; Before; 14.13992; null
8; Driver; Interference; Intention; 26.09.2023 15:48:37; 815.2288; -0.01302377; 203.5164; Before; 14.17031; null
8; Driver; Interference; Intention; 26.09.2023 15:48:37; 815.1546; -0.01304898; 203.518; Before; 14.18593; null
8; Driver; Interference; Intention; 26.09.2023 15:48:37; 815.0806; -0.01304153; 203.5196; Before; 14.18593; null
8; Driver; Interference; Intention; 26.09.2023 15:48:37; 815.0067; -0.01301122; 203.5212; Before; 14.20614; null
8; Driver; Interference; Intention; 26.09.2023 15:48:37; 814.933; -0.01300863; 203.5228; Before; 14.24235; null
8; Driver; Interference; Intention; 26.09.2023 15:48:37; 814.8594; -0.01301107; 203.5243; Before; 14.25852; null
8; Driver; Interference; Intention; 26.09.2023 15:48:37; 814.8228; -0.01301568; 203.5251; Before; 14.2893; null
8; Driver; Interference; Intention; 26.09.2023 15:48:37; 814.7495; -0.01301581; 203.5266; Before; 14.2893; null
8; Driver; Interference; Intention; 26.09.2023 15:48:37; 814.6763; -0.01303376; 203.5282; Before; 14.32189; null
8; Driver; Interference; Intention; 26.09.2023 15:48:37; 814.6034; -0.01301906; 203.5297; Before; 14.33909; null
8; Driver; Interference; Intention; 26.09.2023 15:48:37; 814.5306; -0.01298639; 203.5312; Before; 14.35801; null
8; Driver; Interference; Intention; 26.09.2023 15:48:37; 814.4579; -0.01297258; 203.5327; Before; 14.37795; null
8; Driver; Interference; Intention; 26.09.2023 15:48:37; 814.4217; -0.01297196; 203.5334; Before; 14.39434; null
8; Driver; Interference; Intention; 26.09.2023 15:48:37; 814.3855; -0.01298428; 203.5341; Before; 14.42595; null
8; Driver; Interference; Intention; 26.09.2023 15:48:37; 814.2772; -0.01300722; 203.5363; Before; 14.44121; null
8; Driver; Interference; Intention; 26.09.2023 15:48:37; 814.2051; -0.0130139; 203.5378; Before; 14.45671; null
8; Driver; Interference; Intention; 26.09.2023 15:48:37; 814.1333; -0.01299503; 203.5392; Before; 14.47269; null
8; Driver; Interference; Intention; 26.09.2023 15:48:37; 814.0974; -0.01299103; 203.54; Before; 14.48946; null
8; Driver; Interference; Intention; 26.09.2023 15:48:37; 814.0258; -0.01297861; 203.5414; Before; 14.50995; null
8; Driver; Interference; Intention; 26.09.2023 15:48:37; 813.9901; -0.01297776; 203.5421; Before; 14.54615; null
8; Driver; Interference; Intention; 26.09.2023 15:48:37; 813.8831; -0.01297276; 203.5442; Before; 14.56252; null
8; Driver; Interference; Intention; 26.09.2023 15:48:37; 813.8475; -0.01298638; 203.5449; Before; 14.59365; null
8; Driver; Interference; Intention; 26.09.2023 15:48:38; 813.7764; -0.01300108; 203.5463; Before; 14.59365; null
8; Driver; Interference; Intention; 26.09.2023 15:48:38; 813.7056; -0.01298854; 203.5477; Before; 14.60887; null
8; Driver; Interference; Intention; 26.09.2023 15:48:38; 813.6702; -0.01298681; 203.5484; Before; 14.64291; null
8; Driver; Interference; Intention; 26.09.2023 15:48:38; 813.5995; -0.01297745; 203.5498; Before; 14.66181; null
8; Driver; Interference; Intention; 26.09.2023 15:48:38; 813.4939; -0.01297111; 203.5519; Before; 14.6803; null
8; Driver; Interference; Intention; 26.09.2023 15:48:38; 813.4587; -0.01297239; 203.5526; Before; 14.6962; null
8; Driver; Interference; Intention; 26.09.2023 15:48:38; 813.3886; -0.01296848; 203.5539; Before; 14.71049; null
8; Driver; Interference; Intention; 26.09.2023 15:48:38; 813.3186; -0.01298426; 203.5553; Before; 14.74314; null
8; Driver; Interference; Intention; 26.09.2023 15:48:38; 813.2488; -0.01299803; 203.5566; Before; 14.75926; null
8; Driver; Interference; Intention; 26.09.2023 15:48:38; 813.2139; -0.01300576; 203.5573; Before; 14.78933; null
8; Driver; Interference; Intention; 26.09.2023 15:48:38; 813.1443; -0.01300854; 203.5586; Before; 14.78933; null
8; Driver; Interference; Intention; 26.09.2023 15:48:38; 813.1096; -0.0130113; 203.5593; Before; 14.823; null
8; Driver; Interference; Intention; 26.09.2023 15:48:38; 813.0056; -0.01300523; 203.5613; Before; 14.84158; null
8; Driver; Interference; Intention; 26.09.2023 15:48:38; 812.9365; -0.01299491; 203.5626; Before; 14.85675; null
8; Driver; Interference; Intention; 26.09.2023 15:48:38; 812.902; -0.01299286; 203.5633; Before; 14.8869; null
8; Driver; Interference; Intention; 26.09.2023 15:48:38; 812.8331; -0.01301929; 203.5646; Before; 14.90317; null
8; Driver; Interference; Intention; 26.09.2023 15:48:38; 812.7643; -0.01300871; 203.5659; Before; 14.91974; null
8; Driver; Interference; Intention; 26.09.2023 15:48:38; 812.6958; -0.01300308; 203.5672; Before; 14.93461; null
8; Driver; Interference; Intention; 26.09.2023 15:48:38; 812.6274; -0.01297349; 203.5685; Before; 14.95167; null
8; Driver; Interference; Intention; 26.09.2023 15:48:38; 812.5591; -0.01292975; 203.5697; Before; 14.96895; null
8; Driver; Interference; Intention; 26.09.2023 15:48:38; 812.5251; -0.0129169; 203.5704; Before; 14.98973; null
8; Driver; Interference; Intention; 26.09.2023 15:48:38; 812.457; -0.01289412; 203.5717; Before; 15.00958; null
8; Driver; Interference; Intention; 26.09.2023 15:48:38; 812.3892; -0.01290142; 203.5729; Before; 15.04278; null
8; Driver; Interference; Intention; 26.09.2023 15:48:38; 812.3215; -0.01291563; 203.5742; Before; 15.05986; null
8; Driver; Interference; Intention; 26.09.2023 15:48:38; 812.2877; -0.01292605; 203.5748; Before; 15.08884; null
8; Driver; Interference; Intention; 26.09.2023 15:48:38; 812.2202; -0.01293798; 203.576; Before; 15.08884; null
8; Driver; Interference; Intention; 26.09.2023 15:48:38; 812.1865; -0.01294639; 203.5767; Before; 15.12034; null
8; Driver; Interference; Intention; 26.09.2023 15:48:38; 812.0857; -0.01295893; 203.5785; Before; 15.14064; null
8; Driver; Interference; Intention; 26.09.2023 15:48:38; 812.0187; -0.01296031; 203.5797; Before; 15.15851; null
8; Driver; Interference; Intention; 26.09.2023 15:48:38; 811.9852; -0.01296332; 203.5803; Before; 15.18797; null
8; Driver; Interference; Intention; 26.09.2023 15:48:38; 811.9185; -0.01299717; 203.5815; Before; 15.20339; null
8; Driver; Interference; Intention; 26.09.2023 15:48:38; 811.8518; -0.01299259; 203.5827; Before; 15.21848; null
8; Driver; Interference; Intention; 26.09.2023 15:48:38; 811.7853; -0.01292753; 203.5839; Before; 15.21848; null
8; Driver; Interference; Intention; 26.09.2023 15:48:38; 811.719; -0.01283946; 203.5851; Before; 15.23278; null
8; Driver; Interference; Intention; 26.09.2023 15:48:38; 811.6528; -0.01279363; 203.5863; Before; 15.27633; null
8; Driver; Interference; Intention; 26.09.2023 15:48:38; 811.6198; -0.01278487; 203.5868; Before; 15.2963; null
8; Driver; Interference; Intention; 26.09.2023 15:48:38; 811.5538; -0.01275226; 203.588; Before; 15.31517; null
8; Driver; Interference; Intention; 26.09.2023 15:48:38; 811.488; -0.0127555; 203.5891; Before; 15.33403; null
8; Driver; Interference; Intention; 26.09.2023 15:48:38; 811.4552; -0.01276767; 203.5896; Before; 15.36643; null
8; Driver; Interference; Intention; 26.09.2023 15:48:38; 811.3569; -0.01281374; 203.5912; Before; 15.38308; null
8; Driver; Interference; Intention; 26.09.2023 15:48:38; 811.3242; -0.0128445; 203.5917; Before; 15.39886; null
8; Driver; Interference; Intention; 26.09.2023 15:48:38; 811.259; -0.01289297; 203.5927; Before; 15.41427; null
8; Driver; Interference; Intention; 26.09.2023 15:48:38; 811.1938; -0.01291158; 203.5937; Before; 15.43009; null
8; Driver; Interference; Intention; 26.09.2023 15:48:38; 811.1613; -0.01292257; 203.5942; Before; 15.4684; null
8; Driver; Interference; Intention; 26.09.2023 15:48:38; 811.0964; -0.01293358; 203.5951; Before; 15.48561; null
8; Driver; Interference; Intention; 26.09.2023 15:48:38; 811.0317; -0.01295636; 203.5961; Before; 15.5018; null
8; Driver; Interference; Intention; 26.09.2023 15:48:38; 810.967; -0.01294661; 203.597; Before; 15.51772; null
8; Driver; Interference; Intention; 26.09.2023 15:48:38; 810.9026; -0.01294314; 203.5978; Before; 15.53246; null
8; Driver; Interference; Intention; 26.09.2023 15:48:38; 810.8704; -0.01294365; 203.5983; Before; 15.56473; null
8; Driver; Interference; Intention; 26.09.2023 15:48:39; 810.7741; -0.01293523; 203.5995; Before; 15.58102; null
8; Driver; Interference; Intention; 26.09.2023 15:48:39; 810.7421; -0.01294433; 203.5999; Before; 15.59951; null
8; Driver; Interference; Intention; 26.09.2023 15:48:39; 810.6781; -0.01292482; 203.6007; Before; 15.61757; null
8; Driver; Interference; Intention; 26.09.2023 15:48:39; 810.6143; -0.01291585; 203.6015; Before; 15.63377; null
8; Driver; Interference; Intention; 26.09.2023 15:48:39; 810.5825; -0.01291503; 203.6018; Before; 15.66667; null
8; Driver; Interference; Intention; 26.09.2023 15:48:39; 810.5189; -0.01290736; 203.6025; Before; 15.68415; null
8; Driver; Interference; Intention; 26.09.2023 15:48:39; 810.4554; -0.01291765; 203.6032; Before; 15.7002; null
8; Driver; Interference; Intention; 26.09.2023 15:48:39; 810.3922; -0.01290204; 203.6039; Before; 15.71684; null
8; Driver; Interference; Intention; 26.09.2023 15:48:39; 810.329; -0.01289754; 203.6044; Before; 15.73171; null
8; Driver; Interference; Intention; 26.09.2023 15:48:39; 810.2975; -0.01289894; 203.6047; Before; 15.76973; null
8; Driver; Interference; Intention; 26.09.2023 15:48:39; 810.2346; -0.01289551; 203.6053; Before; 15.78664; null
8; Driver; Interference; Intention; 26.09.2023 15:48:39; 810.1718; -0.01290924; 203.6058; Before; 15.80234; null
8; Driver; Interference; Intention; 26.09.2023 15:48:39; 810.1091; -0.01289648; 203.6062; Before; 15.81993; null
8; Driver; Interference; Intention; 26.09.2023 15:48:39; 810.0466; -0.0128938; 203.6067; Before; 15.83534; null
8; Driver; Interference; Intention; 26.09.2023 15:48:39; 810.0154; -0.01289578; 203.6069; Before; 15.86891; null
8; Driver; Interference; Intention; 26.09.2023 15:48:39; 809.9531; -0.01289297; 203.6073; Before; 15.88528; null
8; Driver; Interference; Intention; 26.09.2023 15:48:39; 809.8909; -0.012872; 203.6077; Before; 15.88528; null
8; Driver; Interference; Intention; 26.09.2023 15:48:39; 809.8598; -0.01286752; 203.6078; Before; 15.92456; null
8; Driver; Interference; Intention; 26.09.2023 15:48:39; 809.7666; -0.01285701; 203.6083; Before; 15.94142; null
8; Driver; Interference; Intention; 26.09.2023 15:48:39; 809.7045; -0.01285425; 203.6086; Before; 15.95851; null
8; Driver; Interference; Intention; 26.09.2023 15:48:39; 809.6422; -0.01283705; 203.6088; Before; 15.97513; null
8; Driver; Interference; Intention; 26.09.2023 15:48:39; 809.611; -0.01283544; 203.6089; Before; 15.99451; null
8; Driver; Interference; Intention; 26.09.2023 15:48:39; 809.5486; -0.01283162; 203.6091; Before; 16.01331; null
8; Driver; Interference; Intention; 26.09.2023 15:48:39; 809.486; -0.01281602; 203.6093; Before; 16.03096; null
8; Driver; Interference; Intention; 26.09.2023 15:48:39; 809.4232; -0.01279366; 203.6094; Before; 16.04938; null
8; Driver; Interference; Intention; 26.09.2023 15:48:39; 809.3916; -0.01279203; 203.6095; Before; 16.08902; null
8; Driver; Interference; Intention; 26.09.2023 15:48:39; 809.3282; -0.01279203; 203.6095; Before; 16.08902; null
8; Driver; Interference; Intention; 26.09.2023 15:48:39; 809.2645; -0.01281906; 203.6095; Before; 16.12162; null
8; Driver; Interference; Intention; 26.09.2023 15:48:39; 809.2001; -0.01282508; 203.6095; Before; 16.13881; null
8; Driver; Interference; Intention; 26.09.2023 15:48:39; 809.1348; -0.01284391; 203.6094; Before; 16.15358; null
8; Driver; Interference; Intention; 26.09.2023 15:48:39; 809.1017; -0.01285712; 203.6093; Before; 16.18716; null
8; Driver; Interference; Intention; 26.09.2023 15:48:39; 809.035; -0.0128755; 203.6091; Before; 16.18716; null
8; Driver; Interference; Intention; 26.09.2023 15:48:39; 808.9671; -0.01287247; 203.6088; Before; 16.20461; null
8; Driver; Interference; Intention; 26.09.2023 15:48:39; 808.9329; -0.01287669; 203.6086; Before; 16.24418; null
8; Driver; Interference; Intention; 26.09.2023 15:48:39; 808.8289; -0.01288861; 203.6079; Before; 16.26067; null
8; Driver; Interference; Intention; 26.09.2023 15:48:39; 808.7938; -0.01290799; 203.6076; Before; 16.29257; null
8; Driver; Interference; Intention; 26.09.2023 15:48:39; 808.7233; -0.01293479; 203.6069; Before; 16.29257; null
8; Driver; Interference; Intention; 26.09.2023 15:48:39; 808.6523; -0.012935; 203.6062; Before; 16.30881; null
8; Driver; Interference; Intention; 26.09.2023 15:48:39; 808.5807; -0.01295659; 203.6053; Before; 16.34299; BicycleInterference
8; Driver; Interference; Intention; 26.09.2023 15:48:39; 808.5085; -0.0129498; 203.6043; Before; 16.3598; BicycleInterference
8; Driver; Interference; Intention; 26.09.2023 15:48:39; 808.4359; -0.01295595; 203.6032; Before; 16.37711; BicycleInterference
8; Driver; Interference; Intention; 26.09.2023 15:48:39; 808.3994; -0.01296339; 203.6025; Before; 16.39635; BicycleInterference
8; Driver; Interference; Intention; 26.09.2023 15:48:39; 808.326; -0.01297082; 203.6012; Before; 16.4138; BicycleInterference
8; Driver; Interference; Intention; 26.09.2023 15:48:39; 808.252; -0.01295712; 203.5996; Before; 16.43102; BicycleInterference
8; Driver; Interference; Intention; 26.09.2023 15:48:39; 808.2148; -0.0129574; 203.5988; Before; 16.46474; BicycleInterference
8; Driver; Interference; Intention; 26.09.2023 15:48:39; 808.1026; -0.01296076; 203.596; Before; 16.48186; BicycleInterference
8; Driver; Interference; Intention; 26.09.2023 15:48:39; 808.0649; -0.01297936; 203.595; Before; 16.49978; BicycleInterference
8; Driver; Interference; Intention; 26.09.2023 15:48:39; 807.9891; -0.01297535; 203.5927; Before; 16.5168; BicycleInterference
8; Driver; Interference; Intention; 26.09.2023 15:48:39; 807.9128; -0.0129562; 203.5903; Before; 16.53757; BicycleInterference
8; Driver; Interference; Intention; 26.09.2023 15:48:39; 807.8361; -0.01295815; 203.5876; Before; 16.55667; BicycleInterference
8; Driver; Interference; Intention; 26.09.2023 15:48:39; 807.7975; -0.01296594; 203.5861; Before; 16.59023; BicycleInterference
8; Driver; Interference; Intention; 26.09.2023 15:48:40; 807.72; -0.01297681; 203.583; Before; 16.59023; BicycleInterference
8; Driver; Interference; Intention; 26.09.2023 15:48:40; 807.6812; -0.01298766; 203.5814; Before; 16.62329; BicycleInterference
8; Driver; Interference; Intention; 26.09.2023 15:48:40; 807.564; -0.0130135; 203.5759; Before; 16.6404; BicycleInterference
8; Driver; Interference; Intention; 26.09.2023 15:48:40; 807.4855; -0.01302722; 203.5719; Before; 16.65668; BicycleInterference
8; Driver; Interference; Intention; 26.09.2023 15:48:40; 807.4067; -0.01301633; 203.5676; Before; 16.67258; BicycleInterference
8; Driver; Interference; Intention; 26.09.2023 15:48:40; 807.3672; -0.01301772; 203.5654; Before; 16.69296; BicycleInterference
8; Driver; Interference; Intention; 26.09.2023 15:48:40; 807.288; -0.01301643; 203.5606; Before; 16.71242; null
8; Driver; Interference; Intention; 26.09.2023 15:48:40; 807.2484; -0.0130219; 203.558; Before; 16.74524; null
8; Driver; Interference; Intention; 26.09.2023 15:48:40; 807.129; -0.0130348; 203.55; Before; 16.76234; null
8; Driver; Interference; Intention; 26.09.2023 15:48:40; 807.0491; -0.01304277; 203.5442; Before; 16.77933; null
8; Driver; Interference; Intention; 26.09.2023 15:48:40; 807.009; -0.01305122; 203.5412; Before; 16.79493; null
8; Driver; Interference; Intention; 26.09.2023 15:48:40; 806.9289; -0.01305912; 203.5349; Before; 16.81139; null
8; Driver; Interference; Intention; 26.09.2023 15:48:40; 806.8485; -0.01304269; 203.5282; Intersection; 0; null
8; Driver; Interference; Intention; 26.09.2023 15:48:40; 806.768; -0.01301072; 203.5212; Intersection; 0.0193374; null
8; Driver; Interference; Intention; 26.09.2023 15:48:40; 806.7277; -0.0130052; 203.5175; Intersection; 0.0577477; null
8; Driver; Interference; Intention; 26.09.2023 15:48:40; 806.6469; -0.01299607; 203.5099; Intersection; 0.0577477; null
8; Driver; Interference; Intention; 26.09.2023 15:48:40; 806.6065; -0.01300037; 203.506; Intersection; 0.09188829; null
8; Driver; Interference; Intention; 26.09.2023 15:48:40; 806.485; -0.0130173; 203.4934; Intersection; 0.1096211; null
8; Driver; Interference; Intention; 26.09.2023 15:48:40; 806.4039; -0.01300029; 203.4844; Intersection; 0.1277682; null
8; Driver; Interference; Intention; 26.09.2023 15:48:40; 806.3227; -0.01300672; 203.475; Intersection; 0.1448382; null
8; Driver; Interference; Intention; 26.09.2023 15:48:40; 806.282; -0.01301708; 203.47; Intersection; 0.1641396; null
8; Driver; Interference; Intention; 26.09.2023 15:48:40; 806.2007; -0.01300049; 203.4599; Intersection; 0.1861588; null
8; Driver; Interference; Intention; 26.09.2023 15:48:40; 806.1194; -0.01297591; 203.4492; Intersection; 0.2077633; null
8; Driver; Interference; Intention; 26.09.2023 15:48:40; 806.0381; -0.01298029; 203.438; Intersection; 0.2259643; null
8; Driver; Interference; Intention; 26.09.2023 15:48:40; 805.9975; -0.01299125; 203.4323; Intersection; 0.2592098; null
8; Driver; Interference; Intention; 26.09.2023 15:48:40; 805.9162; -0.01300999; 203.4204; Intersection; 0.2592098; null
8; Driver; Interference; Intention; 26.09.2023 15:48:40; 805.8349; -0.01305433; 203.4079; Intersection; 0.2912201; null
8; Driver; Interference; Intention; 26.09.2023 15:48:40; 805.7537; -0.01306362; 203.395; Intersection; 0.3083774; null
8; Driver; Interference; Intention; 26.09.2023 15:48:40; 805.6725; -0.01305129; 203.3815; Intersection; 0.3242173; null
8; Driver; Interference; Intention; 26.09.2023 15:48:40; 805.5914; -0.01305679; 203.3676; Intersection; 0.3449295; null
8; Driver; Interference; Intention; 26.09.2023 15:48:40; 805.5508; -0.01306501; 203.3604; Intersection; 0.3651896; null
8; Driver; Interference; Intention; 26.09.2023 15:48:40; 805.4699; -0.01307355; 203.3456; Intersection; 0.3820601; null
8; Driver; Interference; Intention; 26.09.2023 15:48:40; 805.3892; -0.0130582; 203.3304; Intersection; 0.3992772; null
8; Driver; Interference; Intention; 26.09.2023 15:48:40; 805.3489; -0.01305809; 203.3225; Intersection; 0.4345533; null
8; Driver; Interference; Intention; 26.09.2023 15:48:40; 805.2284; -0.01305899; 203.2983; Intersection; 0.4511844; null
8; Driver; Interference; Intention; 26.09.2023 15:48:40; 805.1884; -0.01307769; 203.29; Intersection; 0.4677935; null
8; Driver; Interference; Intention; 26.09.2023 15:48:40; 805.1085; -0.01306941; 203.273; Intersection; 0.4853581; null
8; Driver; Interference; Intention; 26.09.2023 15:48:40; 805.0288; -0.01304375; 203.2556; Intersection; 0.5056938; null
8; Driver; Interference; Intention; 26.09.2023 15:48:40; 804.9494; -0.01303999; 203.2377; Intersection; 0.5249113; null
8; Driver; Interference; Intention; 26.09.2023 15:48:40; 804.9098; -0.01304498; 203.2285; Intersection; 0.5588958; null
8; Driver; Interference; Intention; 26.09.2023 15:48:40; 804.8307; -0.01304973; 203.21; Intersection; 0.5588958; null
8; Driver; Interference; Intention; 26.09.2023 15:48:40; 804.7913; -0.01305754; 203.2005; Intersection; 0.5925564; null
8; Driver; Interference; Intention; 26.09.2023 15:48:40; 804.6734; -0.01307356; 203.1714; Intersection; 0.6096284; null
8; Driver; Interference; Intention; 26.09.2023 15:48:40; 804.5951; -0.01308043; 203.1516; Intersection; 0.6256626; null
8; Driver; Interference; Intention; 26.09.2023 15:48:40; 804.517; -0.01306203; 203.1313; Intersection; 0.641961; null
8; Driver; Interference; Intention; 26.09.2023 15:48:40; 804.4781; -0.01305979; 203.1209; Intersection; 0.6618378; null
8; Driver; Interference; Intention; 26.09.2023 15:48:40; 804.4004; -0.01302006; 203.1; Intersection; 0.6831391; null
8; Driver; Interference; Intention; 26.09.2023 15:48:40; 804.3229; -0.0130072; 203.0787; Intersection; 0.7006192; null
8; Driver; Interference; Intention; 26.09.2023 15:48:40; 804.2843; -0.0130094; 203.0679; Intersection; 0.7347329; null
8; Driver; Interference; Intention; 26.09.2023 15:48:40; 804.2072; -0.01301187; 203.0459; Intersection; 0.7520007; null
8; Driver; Interference; Intention; 26.09.2023 15:48:41; 804.1303; -0.01304167; 203.0235; Intersection; 0.7697315; null
8; Driver; Interference; Intention; 26.09.2023 15:48:41; 804.0536; -0.01304031; 203.0007; Intersection; 0.7860854; null
8; Driver; Interference; Intention; 26.09.2023 15:48:41; 803.9771; -0.01302104; 202.9774; Intersection; 0.802591; null
8; Driver; Interference; Intention; 26.09.2023 15:48:41; 803.9008; -0.01302201; 202.9537; Intersection; 0.8234537; null
8; Driver; Interference; Intention; 26.09.2023 15:48:41; 803.8627; -0.01302875; 202.9416; Intersection; 0.8607222; null
8; Driver; Interference; Intention; 26.09.2023 15:48:41; 803.7866; -0.01303612; 202.9171; Intersection; 0.8607222; null
8; Driver; Interference; Intention; 26.09.2023 15:48:41; 803.7108; -0.01302186; 202.8922; Intersection; 0.877341; null
8; Driver; Interference; Intention; 26.09.2023 15:48:41; 803.6729; -0.01302251; 202.8795; Intersection; 0.9129217; null
8; Driver; Interference; Intention; 26.09.2023 15:48:41; 803.5973; -0.01302091; 202.8537; Intersection; 0.9321595; null
8; Driver; Interference; Intention; 26.09.2023 15:48:41; 803.4843; -0.01303243; 202.8141; Intersection; 0.9495634; null
8; Driver; Interference; Intention; 26.09.2023 15:48:41; 803.4467; -0.01304055; 202.8006; Intersection; 0.9668543; null
8; Driver; Interference; Intention; 26.09.2023 15:48:41; 803.3716; -0.0130179; 202.7733; Intersection; 0.9850734; null
8; Driver; Interference; Intention; 26.09.2023 15:48:41; 803.2969; -0.01298542; 202.7455; Intersection; 1.0055; null
8; Driver; Interference; Intention; 26.09.2023 15:48:41; 803.2223; -0.0129805; 202.7172; Intersection; 1.024076; null
8; Driver; Interference; Intention; 26.09.2023 15:48:41; 803.1851; -0.01298665; 202.7028; Intersection; 1.059081; null
8; Driver; Interference; Intention; 26.09.2023 15:48:41; 803.1107; -0.01299655; 202.6737; Intersection; 1.059081; null
8; Driver; Interference; Intention; 26.09.2023 15:48:41; 803.0365; -0.01298837; 202.6441; Intersection; 1.076048; null
8; Driver; Interference; Intention; 26.09.2023 15:48:41; 802.9995; -0.0129929; 202.6291; Intersection; 1.111726; null
8; Driver; Interference; Intention; 26.09.2023 15:48:41; 802.9255; -0.01299975; 202.5987; Intersection; 1.130078; null
8; Driver; Interference; Intention; 26.09.2023 15:48:41; 802.8516; -0.012989; 202.5678; Intersection; 1.153666; null
8; Driver; Interference; Intention; 26.09.2023 15:48:41; 802.7778; -0.01296678; 202.5364; Intersection; 1.153666; null
8; Driver; Interference; Intention; 26.09.2023 15:48:41; 802.7039; -0.01293875; 202.5043; Intersection; 1.174706; null
8; Driver; Interference; Intention; 26.09.2023 15:48:41; 802.6669; -0.01293776; 202.488; Intersection; 1.2135; null
8; Driver; Interference; Intention; 26.09.2023 15:48:41; 802.5926; -0.01294091; 202.4549; Intersection; 1.233191; null
8; Driver; Interference; Intention; 26.09.2023 15:48:41; 802.5181; -0.01293415; 202.421; Intersection; 1.250758; null
8; Driver; Interference; Intention; 26.09.2023 15:48:41; 802.4433; -0.01296685; 202.3864; Intersection; 1.269453; null
8; Driver; Interference; Intention; 26.09.2023 15:48:41; 802.3683; -0.01297602; 202.3511; Intersection; 1.287985; Checking Box AICar
8; Driver; Interference; Intention; 26.09.2023 15:48:41; 802.3307; -0.01296137; 202.3333; Intersection; 1.308788; Checking Box AICar
8; Driver; Interference; Intention; 26.09.2023 15:48:41; 802.2178; -0.01295983; 202.2784; Intersection; 1.329407; Checking Box AICar
8; Driver; Interference; Intention; 26.09.2023 15:48:41; 802.1425; -0.01297567; 202.2409; Intersection; 1.347878; Checking Box AICar
8; Driver; Interference; Intention; 26.09.2023 15:48:41; 802.1047; -0.01299198; 202.2219; Intersection; 1.365136; Checking Box AICar
8; Driver; Interference; Intention; 26.09.2023 15:48:41; 802.0291; -0.01301984; 202.1833; Intersection; 1.382394; Checking Box AICar
8; Driver; Interference; Intention; 26.09.2023 15:48:41; 801.9534; -0.01302518; 202.144; Intersection; 1.399392; Checking Box AICar
8; Driver; Interference; Intention; 26.09.2023 15:48:41; 801.9155; -0.01303583; 202.124; Intersection; 1.435979; Checking Box AICar
8; Driver; Interference; Intention; 26.09.2023 15:48:41; 801.8397; -0.01305231; 202.0836; Intersection; 1.454032; Checking Box AICar
8; Driver; Interference; Intention; 26.09.2023 15:48:41; 801.7637; -0.01304706; 202.0423; Intersection; 1.454032; Checking Box AICar
8; Driver; Interference; Intention; 26.09.2023 15:48:41; 801.6877; -0.01302714; 202.0002; Intersection; 1.476669; Checking Box AICar
8; Driver; Interference; Intention; 26.09.2023 15:48:41; 801.6116; -0.01299929; 201.9574; Intersection; 1.496888; Checking Box AICar
8; Driver; Interference; Intention; 26.09.2023 15:48:41; 801.5735; -0.01299905; 201.9356; Intersection; 1.534338; Checking Box AICar
8; Driver; Interference; Intention; 26.09.2023 15:48:41; 801.4592; -0.0130163; 201.8691; Intersection; 1.552442; Checking Box AICar
8; Driver; Interference; Intention; 26.09.2023 15:48:41; 801.421; -0.01304594; 201.8465; Intersection; 1.569145; Checking Box AICar
8; Driver; Interference; Intention; 26.09.2023 15:48:41; 801.3446; -0.01305898; 201.8007; Intersection; 1.586359; Checking Box AICar
8; Driver; Interference; Intention; 26.09.2023 15:48:41; 801.2681; -0.01305476; 201.754; Intersection; 1.604562; Checking Box AICar
8; Driver; Interference; Intention; 26.09.2023 15:48:41; 801.1916; -0.01303899; 201.7065; Intersection; 1.625653; Checking Box AICar
8; Driver; Interference; Intention; 26.09.2023 15:48:41; 801.115; -0.01305196; 201.6581; Intersection; 1.647042; null
8; Driver; Interference; Intention; 26.09.2023 15:48:41; 801.0767; -0.01306715; 201.6336; Intersection; 1.666015; null
8; Driver; Interference; Intention; 26.09.2023 15:48:41; 800.9999; -0.01305693; 201.5839; Intersection; 1.684117; null
8; Driver; Interference; Intention; 26.09.2023 15:48:41; 800.9232; -0.01307356; 201.5333; Intersection; 1.702993; null
8; Driver; Interference; Intention; 26.09.2023 15:48:41; 800.8464; -0.01307098; 201.4819; Intersection; 1.72077; null
8; Driver; Interference; Intention; 26.09.2023 15:48:41; 800.7695; -0.01305531; 201.4296; Intersection; 1.738745; null
8; Driver; Interference; Intention; 26.09.2023 15:48:42; 800.7311; -0.01306023; 201.403; Intersection; 1.757378; null
8; Driver; Interference; Intention; 26.09.2023 15:48:42; 800.6543; -0.0130719; 201.3493; Intersection; 1.778991; null
8; Driver; Interference; Intention; 26.09.2023 15:48:42; 800.5775; -0.01306757; 201.2947; Intersection; 1.800003; null
8; Driver; Interference; Intention; 26.09.2023 15:48:42; 800.5391; -0.01307711; 201.267; Intersection; 1.835196; null
8; Driver; Interference; Intention; 26.09.2023 15:48:42; 800.4623; -0.01309557; 201.211; Intersection; 1.853717; null
8; Driver; Interference; Intention; 26.09.2023 15:48:42; 800.3856; -0.01309471; 201.1541; Intersection; 1.853717; null
8; Driver; Interference; Intention; 26.09.2023 15:48:42; 800.309; -0.01313367; 201.0962; Intersection; 1.890092; null
8; Driver; Interference; Intention; 26.09.2023 15:48:42; 800.2324; -0.01314076; 201.0375; Intersection; 1.908228; null
8; Driver; Interference; Intention; 26.09.2023 15:48:42; 800.1559; -0.0131299; 200.9778; Intersection; 1.927329; null
8; Driver; Interference; Intention; 26.09.2023 15:48:42; 800.0795; -0.01310777; 200.9171; Intersection; 1.948734; null
8; Driver; Interference; Intention; 26.09.2023 15:48:42; 800.0413; -0.01313204; 200.8864; Intersection; 1.967071; null
8; Driver; Interference; Intention; 26.09.2023 15:48:42; 799.965; -0.01313342; 200.8243; Intersection; 1.984281; null
8; Driver; Interference; Intention; 26.09.2023 15:48:42; 799.8889; -0.01315899; 200.7613; Intersection; 2.001235; null
8; Driver; Interference; Intention; 26.09.2023 15:48:42; 799.851; -0.01317873; 200.7293; Intersection; 2.035622; null
8; Driver; Interference; Intention; 26.09.2023 15:48:42; 799.775; -0.01320812; 200.6648; Intersection; 2.053836; null
8; Driver; Interference; Intention; 26.09.2023 15:48:42; 799.6993; -0.01320672; 200.5993; Intersection; 2.053836; null
8; Driver; Interference; Intention; 26.09.2023 15:48:42; 799.6237; -0.01318377; 200.5327; Intersection; 2.071117; null
8; Driver; Interference; Intention; 26.09.2023 15:48:42; 799.5483; -0.01314828; 200.4652; Intersection; 2.093976; null
8; Driver; Interference; Intention; 26.09.2023 15:48:42; 799.5107; -0.01314557; 200.431; Intersection; 2.134212; null
8; Driver; Interference; Intention; 26.09.2023 15:48:42; 799.4356; -0.01314502; 200.3619; Intersection; 2.153979; null
8; Driver; Interference; Intention; 26.09.2023 15:48:42; 799.3608; -0.01313111; 200.2918; Intersection; 2.153979; null
8; Driver; Interference; Intention; 26.09.2023 15:48:42; 799.2862; -0.01310958; 200.2206; Intersection; 2.173863; null
8; Driver; Interference; Intention; 26.09.2023 15:48:42; 799.2491; -0.01311508; 200.1846; Intersection; 2.213886; null
8; Driver; Interference; Intention; 26.09.2023 15:48:42; 799.1749; -0.0131313; 200.1119; Intersection; 2.233564; null
8; Driver; Interference; Intention; 26.09.2023 15:48:42; 799.1011; -0.01313263; 200.0381; Intersection; 2.253975; null
8; Driver; Interference; Intention; 26.09.2023 15:48:42; 799.0276; -0.01312357; 199.9633; Intersection; 2.253975; null
8; Driver; Interference; Intention; 26.09.2023 15:48:42; 798.9545; -0.01310848; 199.8873; Intersection; 2.27604; null
8; Driver; Interference; Intention; 26.09.2023 15:48:42; 798.8818; -0.01309121; 199.8103; Intersection; 2.294281; null
8; Driver; Interference; Intention; 26.09.2023 15:48:42; 798.8456; -0.01310069; 199.7714; Intersection; 2.33438; null
8; Driver; Interference; Intention; 26.09.2023 15:48:42; 798.7736; -0.01312665; 199.6928; Intersection; 2.352579; null
8; Driver; Interference; Intention; 26.09.2023 15:48:42; 798.7021; -0.01319745; 199.613; Intersection; 2.370203; null
8; Driver; Interference; Intention; 26.09.2023 15:48:42; 798.6309; -0.01322988; 199.5323; Intersection; 2.388244; null
8; Driver; Interference; Intention; 26.09.2023 15:48:42; 798.5955; -0.01321813; 199.4916; Intersection; 2.408751; null
8; Driver; Interference; Intention; 26.09.2023 15:48:42; 798.4901; -0.0132268; 199.3677; Intersection; 2.429522; null
8; Driver; Interference; Intention; 26.09.2023 15:48:42; 798.4205; -0.01324665; 199.2838; Intersection; 2.448956; null
8; Driver; Interference; Intention; 26.09.2023 15:48:42; 798.386; -0.01326564; 199.2414; Intersection; 2.466287; null
8; Driver; Interference; Intention; 26.09.2023 15:48:42; 798.3172; -0.01325255; 199.1559; Intersection; 2.484906; null
8; Driver; Interference; Intention; 26.09.2023 15:48:42; 798.249; -0.01326936; 199.0693; Intersection; 2.503722; null
8; Driver; Interference; Intention; 26.09.2023 15:48:42; 798.1813; -0.01326162; 198.9816; Intersection; 2.522313; null
8; Driver; Interference; Intention; 26.09.2023 15:48:42; 798.1143; -0.01323747; 198.8929; Intersection; 2.539823; null
8; Driver; Interference; Intention; 26.09.2023 15:48:42; 798.0811; -0.01324056; 198.8481; Intersection; 2.561263; null
8; Driver; Interference; Intention; 26.09.2023 15:48:42; 798.015; -0.0132059; 198.7577; Intersection; 2.582781; null
8; Driver; Interference; Intention; 26.09.2023 15:48:42; 797.9495; -0.01304082; 198.6662; Intersection; 2.600916; null
8; Driver; Interference; Intention; 26.09.2023 15:48:42; 797.917; -0.01298488; 198.62; Intersection; 2.635563; null
8; Driver; Interference; Intention; 26.09.2023 15:48:42; 797.8524; -0.01291578; 198.5269; Intersection; 2.65334; null
8; Driver; Interference; Intention; 26.09.2023 15:48:42; 797.7886; -0.01292595; 198.4327; Intersection; 2.670895; null
8; Driver; Interference; Intention; 26.09.2023 15:48:42; 797.7253; -0.01293084; 198.3374; Intersection; 2.688682; null
8; Driver; Interference; Intention; 26.09.2023 15:48:42; 797.6626; -0.01293184; 198.241; Intersection; 2.705296; null
8; Driver; Interference; Intention; 26.09.2023 15:48:42; 797.6006; -0.01293048; 198.1434; Intersection; 2.727613; null
8; Driver; Interference; Intention; 26.09.2023 15:48:43; 797.5394; -0.01292816; 198.0446; Intersection; 2.748507; null
8; Driver; Interference; Intention; 26.09.2023 15:48:43; 797.5091; -0.01297385; 197.9948; Intersection; 2.768873; null
8; Driver; Interference; Intention; 26.09.2023 15:48:43; 797.4489; -0.01301206; 197.8942; Intersection; 2.785603; null
8; Driver; Interference; Intention; 26.09.2023 15:48:43; 797.3895; -0.01308153; 197.7925; Intersection; 2.803933; null
8; Driver; Interference; Intention; 26.09.2023 15:48:43; 797.3307; -0.01311035; 197.6897; Intersection; 2.821902; null
8; Driver; Interference; Intention; 26.09.2023 15:48:43; 797.3018; -0.01313024; 197.6378; Intersection; 2.85725; null
8; Driver; Interference; Intention; 26.09.2023 15:48:43; 797.2443; -0.01316834; 197.5331; Intersection; 2.85725; null
8; Driver; Interference; Intention; 26.09.2023 15:48:43; 797.1876; -0.01316557; 197.4273; Intersection; 2.877871; null
8; Driver; Interference; Intention; 26.09.2023 15:48:43; 797.1317; -0.01313472; 197.3203; Intersection; 2.899176; null
8; Driver; Interference; Intention; 26.09.2023 15:48:43; 797.1042; -0.01313118; 197.2663; Intersection; 2.935674; null
8; Driver; Interference; Intention; 26.09.2023 15:48:43; 797.0496; -0.01313572; 197.1575; Intersection; 2.954937; null
8; Driver; Interference; Intention; 26.09.2023 15:48:43; 796.996; -0.01311544; 197.0475; Intersection; 2.954937; null
8; Driver; Interference; Intention; 26.09.2023 15:48:43; 796.9432; -0.01308073; 196.9363; Intersection; 2.973605; null
8; Driver; Interference; Intention; 26.09.2023 15:48:43; 796.8914; -0.01304074; 196.8238; Intersection; 2.992863; null
8; Driver; Interference; Intention; 26.09.2023 15:48:43; 796.8406; -0.01300273; 196.7102; Intersection; 3.012719; null
8; Driver; Interference; Intention; 26.09.2023 15:48:43; 796.8156; -0.01300506; 196.6528; Intersection; 3.056219; null
8; Driver; Interference; Intention; 26.09.2023 15:48:43; 796.7662; -0.01303446; 196.5374; Intersection; 3.056219; null
8; Driver; Interference; Intention; 26.09.2023 15:48:43; 796.718; -0.01304828; 196.4207; Intersection; 3.075653; null
8; Driver; Interference; Intention; 26.09.2023 15:48:43; 796.6707; -0.01304996; 196.3027; Intersection; 3.095109; null
8; Driver; Interference; Intention; 26.09.2023 15:48:43; 796.6475; -0.01306689; 196.2433; Intersection; 3.134237; null
8; Driver; Interference; Intention; 26.09.2023 15:48:43; 796.6018; -0.01311508; 196.1235; Intersection; 3.15455; null
8; Driver; Interference; Intention; 26.09.2023 15:48:43; 796.5572; -0.0131346; 196.0025; Intersection; 3.15455; null
8; Driver; Interference; Intention; 26.09.2023 15:48:43; 796.5138; -0.013132; 195.8802; Intersection; 3.175435; null
8; Driver; Interference; Intention; 26.09.2023 15:48:43; 796.4713; -0.01305665; 195.7568; Intersection; 3.199103; null
8; Driver; Interference; Intention; 26.09.2023 15:48:43; 796.4302; -0.01305888; 195.6322; Intersection; 3.223962; null
8; Driver; Interference; Intention; 26.09.2023 15:48:43; 796.3903; -0.01305582; 195.5063; Intersection; 3.244477; null
8; Driver; Interference; Intention; 26.09.2023 15:48:43; 796.3708; -0.0130733; 195.4429; Intersection; 3.264359; null
8; Driver; Interference; Intention; 26.09.2023 15:48:43; 796.3327; -0.01306728; 195.3152; Intersection; 3.282404; null
8; Driver; Interference; Intention; 26.09.2023 15:48:43; 796.2958; -0.01312147; 195.1864; Intersection; 3.301792; null
8; Driver; Interference; Intention; 26.09.2023 15:48:43; 796.2601; -0.01315018; 195.0564; Intersection; 3.320648; null
8; Driver; Interference; Intention; 26.09.2023 15:48:43; 796.2256; -0.01315797; 194.9253; Intersection; 3.338619; null
8; Driver; Interference; Intention; 26.09.2023 15:48:43; 796.2089; -0.0131765; 194.8593; Intersection; 3.361459; null
8; Driver; Interference; Intention; 26.09.2023 15:48:43; 796.1763; -0.0131641; 194.7265; Intersection; 3.38314; null
8; Driver; Interference; Intention; 26.09.2023 15:48:43; 796.145; -0.01320675; 194.5926; Intersection; 3.402325; null
8; Driver; Interference; Intention; 26.09.2023 15:48:43; 796.1149; -0.0132201; 194.4576; Intersection; 3.421112; null
8; Driver; Interference; Intention; 26.09.2023 15:48:43; 796.0861; -0.01321168; 194.3216; Intersection; 3.440014; null
8; Driver; Interference; Intention; 26.09.2023 15:48:43; 796.0723; -0.01322307; 194.2532; Intersection; 3.459541; null
8; Driver; Interference; Intention; 26.09.2023 15:48:43; 796.0453; -0.01325963; 194.1156; Intersection; 3.478283; null
8; Driver; Interference; Intention; 26.09.2023 15:48:43; 796.0197; -0.01326468; 193.9769; Intersection; 3.497343; null
8; Driver; Interference; Intention; 26.09.2023 15:48:43; 795.9954; -0.01324741; 193.8372; Intersection; 3.519399; null
8; Driver; Interference; Intention; 26.09.2023 15:48:43; 795.9723; -0.0132172; 193.6966; Intersection; 3.540943; null
8; Driver; Interference; Intention; 26.09.2023 15:48:43; 795.9614; -0.01322166; 193.6258; Intersection; 3.559581; null
8; Driver; Interference; Intention; 26.09.2023 15:48:43; 795.9402; -0.01318714; 193.4836; Intersection; 3.578591; null
8; Driver; Interference; Intention; 26.09.2023 15:48:43; 795.9202; -0.0132213; 193.3405; Intersection; 3.600994; null
8; Driver; Interference; Intention; 26.09.2023 15:48:43; 795.9015; -0.0132336; 193.1964; Intersection; 3.620089; null
8; Driver; Interference; Intention; 26.09.2023 15:48:43; 795.8839; -0.01322959; 193.0513; Intersection; 3.63876; null
8; Driver; Interference; Intention; 26.09.2023 15:48:43; 795.8756; -0.01324564; 192.9785; Intersection; 3.657918; null
8; Driver; Interference; Intention; 26.09.2023 15:48:43; 795.8597; -0.01322839; 192.832; Intersection; 3.679395; null
8; Driver; Interference; Intention; 26.09.2023 15:48:43; 795.8448; -0.01327481; 192.6847; Intersection; 3.700705; null
8; Driver; Interference; Intention; 26.09.2023 15:48:43; 795.8379; -0.01330946; 192.6108; Intersection; 3.737375; null
8; Driver; Interference; Intention; 26.09.2023 15:48:43; 795.8245; -0.01338204; 192.4622; Intersection; 3.755505; null
8; Driver; Interference; Intention; 26.09.2023 15:48:44; 795.812; -0.01340615; 192.313; Intersection; 3.755505; null
8; Driver; Interference; Intention; 26.09.2023 15:48:44; 795.8062; -0.01342646; 192.2381; Intersection; 3.792359; null
8; Driver; Interference; Intention; 26.09.2023 15:48:44; 795.7949; -0.01346775; 192.0877; Intersection; 3.811407; null
8; Driver; Interference; Intention; 26.09.2023 15:48:44; 795.7794; -0.01338295; 191.8608; Intersection; 3.811407; null
8; Driver; Interference; Intention; 26.09.2023 15:48:44; 795.7748; -0.01335314; 191.7848; Intersection; 3.856239; null
8; Driver; Interference; Intention; 26.09.2023 15:48:44; 795.7661; -0.01332716; 191.6322; Intersection; 3.856239; null
8; Driver; Interference; Intention; 26.09.2023 15:48:44; 795.7579; -0.01329206; 191.479; Intersection; 3.876462; null
8; Driver; Interference; Intention; 26.09.2023 15:48:44; 795.7542; -0.01329695; 191.4022; Intersection; 3.914363; null
8; Driver; Interference; Intention; 26.09.2023 15:48:44; 795.7469; -0.01333094; 191.248; Intersection; 3.93315; null
8; Driver; Interference; Intention; 26.09.2023 15:48:44; 795.7402; -0.01333957; 191.0931; Intersection; 3.950956; null
8; Driver; Interference; Intention; 26.09.2023 15:48:44; 795.7341; -0.01332968; 190.9376; Intersection; 3.950956; null
8; Driver; Interference; Intention; 26.09.2023 15:48:44; 795.7285; -0.01330849; 190.7814; Intersection; 3.970629; null
8; Driver; Interference; Intention; 26.09.2023 15:48:44; 795.7259; -0.01331956; 190.7031; Intersection; 4.012483; null
8; Driver; Interference; Intention; 26.09.2023 15:48:44; 795.7209; -0.01336359; 190.546; Intersection; 4.031819; null
8; Driver; Interference; Intention; 26.09.2023 15:48:44; 795.7144; -0.01340044; 190.3091; Intersection; 4.049775; null
8; Driver; Interference; Intention; 26.09.2023 15:48:44; 795.7123; -0.01345803; 190.2299; Intersection; 4.068374; null
8; Driver; Interference; Intention; 26.09.2023 15:48:44; 795.7085; -0.01349052; 190.071; Intersection; 4.087019; null
8; Driver; Interference; Intention; 26.09.2023 15:48:44; 795.705; -0.01348574; 189.9115; Intersection; 4.105784; null
8; Driver; Interference; Intention; 26.09.2023 15:48:44; 795.7032; -0.01344883; 189.8316; Intersection; 4.12532; null
8; Driver; Interference; Intention; 26.09.2023 15:48:44; 795.7001; -0.01341053; 189.6714; Intersection; 4.149576; null
8; Driver; Interference; Intention; 26.09.2023 15:48:44; 795.6972; -0.01336395; 189.5108; Intersection; 4.149576; null
8; Driver; Interference; Intention; 26.09.2023 15:48:44; 795.6945; -0.01331796; 189.3499; Intersection; 4.172592; null
8; Driver; Interference; Intention; 26.09.2023 15:48:44; 795.6932; -0.01332171; 189.2693; Intersection; 4.214949; null
8; Driver; Interference; Intention; 26.09.2023 15:48:44; 795.6907; -0.01335963; 189.108; Intersection; 4.232893; null
8; Driver; Interference; Intention; 26.09.2023 15:48:44; 795.6871; -0.01340131; 188.8654; After ; 0; null
8; Driver; Interference; Intention; 26.09.2023 15:48:44; 795.6859; -0.01346407; 188.7844; After ; 0.017471; null
8; Driver; Interference; Intention; 26.09.2023 15:48:44; 795.6835; -0.01350674; 188.6224; After ; 0.033503; null
8; Driver; Interference; Intention; 26.09.2023 15:48:44; 795.6812; -0.01351174; 188.4602; After ; 0.0535778; null
8; Driver; Interference; Intention; 26.09.2023 15:48:44; 795.6789; -0.0135624; 188.298; After ; 0.0745589; null
8; Driver; Interference; Intention; 26.09.2023 15:48:44; 795.6777; -0.01359291; 188.2169; After ; 0.1087065; null
8; Driver; Interference; Intention; 26.09.2023 15:48:44; 795.6754; -0.01364735; 188.0547; After ; 0.1087065; null
8; Driver; Interference; Intention; 26.09.2023 15:48:44; 795.6743; -0.01367518; 187.9736; After ; 0.1429455; null
8; Driver; Interference; Intention; 26.09.2023 15:48:44; 795.671; -0.01373732; 187.7305; After ; 0.1602254; null
8; Driver; Interference; Intention; 26.09.2023 15:48:44; 795.6688; -0.01376132; 187.5685; After ; 0.1775214; null
8; Driver; Interference; Intention; 26.09.2023 15:48:44; 795.6666; -0.01371882; 187.4067; After ; 0.1937282; null
8; Driver; Interference; Intention; 26.09.2023 15:48:44; 795.6655; -0.01370486; 187.3258; After ; 0.2129026; null
8; Driver; Interference; Intention; 26.09.2023 15:48:44; 795.6635; -0.01360797; 187.1642; After ; 0.2334942; null
8; Driver; Interference; Intention; 26.09.2023 15:48:44; 795.6614; -0.01357415; 187.0029; After ; 0.2518527; null
8; Driver; Interference; Intention; 26.09.2023 15:48:44; 795.6604; -0.01357069; 186.9224; After ; 0.2864508; null
8; Driver; Interference; Intention; 26.09.2023 15:48:44; 795.6584; -0.01357501; 186.7616; After ; 0.3033858; null
8; Driver; Interference; Intention; 26.09.2023 15:48:44; 795.6566; -0.01363034; 186.6011; After ; 0.3194817; null
8; Driver; Interference; Intention; 26.09.2023 15:48:44; 795.6547; -0.01362873; 186.441; After ; 0.3369278; null
8; Driver; Interference; Intention; 26.09.2023 15:48:44; 795.653; -0.01358651; 186.2813; After ; 0.3528631; null
8; Driver; Interference; Intention; 26.09.2023 15:48:44; 795.6512; -0.01359218; 186.1219; After ; 0.3736845; null
8; Driver; Interference; Intention; 26.09.2023 15:48:44; 795.6504; -0.01360246; 186.0424; After ; 0.409487; null
8; Driver; Interference; Intention; 26.09.2023 15:48:44; 795.6487; -0.01362299; 185.8835; After ; 0.409487; null
8; Driver; Interference; Intention; 26.09.2023 15:48:44; 795.6479; -0.01363725; 185.8043; After ; 0.4434641; null
8; Driver; Interference; Intention; 26.09.2023 15:48:44; 795.6456; -0.01367282; 185.567; After ; 0.4609931; null
8; Driver; Interference; Intention; 26.09.2023 15:48:44; 795.6442; -0.01368934; 185.4093; After ; 0.4772976; null
8; Driver; Interference; Intention; 26.09.2023 15:48:44; 795.6427; -0.0136469; 185.2519; After ; 0.4939772; null
8; Driver; Interference; Intention; 26.09.2023 15:48:45; 795.642; -0.01363432; 185.1734; After ; 0.5109518; null
8; Driver; Interference; Intention; 26.09.2023 15:48:45; 795.6407; -0.01354408; 185.0166; After ; 0.530533; null
8; Driver; Interference; Intention; 26.09.2023 15:48:45; 795.6394; -0.01351644; 184.8601; After ; 0.5501888; null
8; Driver; Interference; Intention; 26.09.2023 15:48:45; 795.6388; -0.01351575; 184.782; After ; 0.5845544; null
8; Driver; Interference; Intention; 26.09.2023 15:48:45; 795.6376; -0.0135248; 184.6261; After ; 0.6031452; null
8; Driver; Interference; Intention; 26.09.2023 15:48:45; 795.6365; -0.0135822; 184.4705; After ; 0.6192165; null
8; Driver; Interference; Intention; 26.09.2023 15:48:45; 795.6354; -0.01358296; 184.3153; After ; 0.6365672; null
8; Driver; Interference; Intention; 26.09.2023 15:48:45; 795.6344; -0.01361274; 184.1604; After ; 0.6517103; null
8; Driver; Interference; Intention; 26.09.2023 15:48:45; 795.6339; -0.01362888; 184.0831; After ; 0.6860313; null
8; Driver; Interference; Intention; 26.09.2023 15:48:45; 795.6329; -0.01365107; 183.9288; After ; 0.7023897; null
8; Driver; Interference; Intention; 26.09.2023 15:48:45; 795.6321; -0.01369953; 183.7748; After ; 0.7191875; null
8; Driver; Interference; Intention; 26.09.2023 15:48:45; 795.6312; -0.01367761; 183.6212; After ; 0.7360897; null
8; Driver; Interference; Intention; 26.09.2023 15:48:45; 795.6305; -0.01367706; 183.4679; After ; 0.7515325; null
8; Driver; Interference; Intention; 26.09.2023 15:48:45; 795.6301; -0.01367717; 183.3914; After ; 0.7857986; null
8; Driver; Interference; Intention; 26.09.2023 15:48:45; 795.6291; -0.01366585; 183.1624; After ; 0.8022411; null
8; Driver; Interference; Intention; 26.09.2023 15:48:45; 795.6288; -0.01369068; 183.0863; After ; 0.8187108; null
8; Driver; Interference; Intention; 26.09.2023 15:48:45; 795.6282; -0.01364944; 182.9342; After ; 0.8350689; null
8; Driver; Interference; Intention; 26.09.2023 15:48:45; 795.6276; -0.0136364; 182.7825; After ; 0.8519106; null
8; Driver; Interference; Intention; 26.09.2023 15:48:45; 795.6271; -0.01357345; 182.6312; After ; 0.8696884; null
8; Driver; Interference; Intention; 26.09.2023 15:48:45; 795.6269; -0.01355319; 182.5556; After ; 0.9065976; null
8; Driver; Interference; Intention; 26.09.2023 15:48:45; 795.6265; -0.01352364; 182.4048; After ; 0.9065976; null
8; Driver; Interference; Intention; 26.09.2023 15:48:45; 795.6262; -0.01346229; 182.2543; After ; 0.9254926; null
8; Driver; Interference; Intention; 26.09.2023 15:48:45; 795.626; -0.01344777; 182.1792; After ; 0.9614617; null
8; Driver; Interference; Intention; 26.09.2023 15:48:45; 795.6256; -0.01344243; 181.9544; After ; 0.9795434; null
8; Driver; Interference; Intention; 26.09.2023 15:48:45; 795.6254; -0.01346251; 181.8049; After ; 0.9954298; null
8; Driver; Interference; Intention; 26.09.2023 15:48:45; 795.6253; -0.01347941; 181.7303; After ; 1.011384; null
8; Driver; Interference; Intention; 26.09.2023 15:48:45; 795.6252; -0.01344474; 181.5814; After ; 1.036082; null
8; Driver; Interference; Intention; 26.09.2023 15:48:45; 795.6251; -0.01345751; 181.4328; After ; 1.053622; null
8; Driver; Interference; Intention; 26.09.2023 15:48:45; 795.6251; -0.01347134; 181.3586; After ; 1.086884; null
8; Driver; Interference; Intention; 26.09.2023 15:48:45; 795.6251; -0.01351629; 181.1366; After ; 1.103455; null
8; Driver; Interference; Intention; 26.09.2023 15:48:45; 795.6251; -0.0135607; 181.0627; After ; 1.118932; null
8; Driver; Interference; Intention; 26.09.2023 15:48:45; 795.6251; -0.01355931; 180.9153; After ; 1.13532; null
8; Driver; Interference; Intention; 26.09.2023 15:48:45; 795.6252; -0.0135791; 180.7682; After ; 1.151933; null
8; Driver; Interference; Intention; 26.09.2023 15:48:45; 795.6253; -0.01358872; 180.6948; After ; 1.186452; null
8; Driver; Interference; Intention; 26.09.2023 15:48:45; 795.6255; -0.01359709; 180.5483; After ; 1.2029; null
8; Driver; Interference; Intention; 26.09.2023 15:48:45; 795.6258; -0.0136304; 180.402; After ; 1.220012; null
8; Driver; Interference; Intention; 26.09.2023 15:48:45; 795.6261; -0.01359854; 180.2561; After ; 1.236677; null
8; Driver; Interference; Intention; 26.09.2023 15:48:45; 795.6265; -0.01358952; 180.1105; After ; 1.251624; null
8; Driver; Interference; Intention; 26.09.2023 15:48:45; 795.6266; -0.01358644; 180.0379; After ; 1.284421; null
8; Driver; Interference; Intention; 26.09.2023 15:48:45; 795.6273; -0.01363551; 179.8204; After ; 1.300598; null
8; Driver; Interference; Intention; 26.09.2023 15:48:45; 795.6276; -0.01364337; 179.7481; After ; 1.316394; null
8; Driver; Interference; Intention; 26.09.2023 15:48:45; 795.6281; -0.01364156; 179.6037; After ; 1.331143; null
8; Driver; Interference; Intention; 26.09.2023 15:48:45; 795.6284; -0.01363803; 179.5316; After ; 1.363674; null
8; Driver; Interference; Intention; 26.09.2023 15:48:45; 795.6293; -0.01360943; 179.3159; After ; 1.379802; null
8; Driver; Interference; Intention; 26.09.2023 15:48:45; 795.6296; -0.01362574; 179.2441; After ; 1.41076; null
8; Driver; Interference; Intention; 26.09.2023 15:48:45; 795.6304; -0.01363735; 179.1009; After ; 1.41076; null
8; Driver; Interference; Intention; 26.09.2023 15:48:45; 795.6307; -0.01363866; 179.0294; After ; 1.443166; null
8; Driver; Interference; Intention; 26.09.2023 15:48:45; 795.6319; -0.01361768; 178.8154; After ; 1.460485; null
8; Driver; Interference; Intention; 26.09.2023 15:48:45; 795.6328; -0.01359196; 178.6731; After ; 1.476215; null
8; Driver; Interference; Intention; 26.09.2023 15:48:45; 795.6332; -0.01358035; 178.6021; After ; 1.508568; null
8; Driver; Interference; Intention; 26.09.2023 15:48:46; 795.6341; -0.01355234; 178.4604; After ; 1.508568; null
8; Driver; Interference; Intention; 26.09.2023 15:48:46; 795.6351; -0.01355788; 178.3189; After ; 1.541637; null
8; Driver; Interference; Intention; 26.09.2023 15:48:46; 795.636; -0.01351042; 178.1778; After ; 1.55848; null
8; Driver; Interference; Intention; 26.09.2023 15:48:46; 795.6371; -0.01349435; 178.037; After ; 1.573618; null
8; Driver; Interference; Intention; 26.09.2023 15:48:46; 795.6377; -0.01349065; 177.9667; After ; 1.606057; null
8; Driver; Interference; Intention; 26.09.2023 15:48:46; 795.6388; -0.01355976; 177.8264; After ; 1.622087; null
8; Driver; Interference; Intention; 26.09.2023 15:48:46; 795.64; -0.01355614; 177.6864; After ; 1.637735; null
8; Driver; Interference; Intention; 26.09.2023 15:48:46; 795.6412; -0.0135638; 177.5467; After ; 1.652831; null
8; Driver; Interference; Intention; 26.09.2023 15:48:46; 795.6418; -0.0135653; 177.477; After ; 1.685938; null
8; Driver; Interference; Intention; 26.09.2023 15:48:46; 795.6437; -0.01355114; 177.2684; After ; 1.701592; null
8; Driver; Interference; Intention; 26.09.2023 15:48:46; 795.6444; -0.01357063; 177.199; After ; 1.717058; null
8; Driver; Interference; Intention; 26.09.2023 15:48:46; 795.6458; -0.01358771; 177.0604; After ; 1.732557; null
8; Driver; Interference; Intention; 26.09.2023 15:48:46; 795.6465; -0.01359112; 176.9913; After ; 1.763943; null
8; Driver; Interference; Intention; 26.09.2023 15:48:46; 795.6487; -0.01357407; 176.7843; After ; 1.779871; null
8; Driver; Interference; Intention; 26.09.2023 15:48:46; 795.6501; -0.01354925; 176.6467; After ; 1.796003; null
8; Driver; Interference; Intention; 26.09.2023 15:48:46; 795.6509; -0.01353757; 176.578; After ; 1.812026; null
8; Driver; Interference; Intention; 26.09.2023 15:48:46; 795.6525; -0.01350889; 176.4409; After ; 1.82828; null
8; Driver; Interference; Intention; 26.09.2023 15:48:46; 795.6533; -0.01349748; 176.3724; After ; 1.86218; null
8; Driver; Interference; Intention; 26.09.2023 15:48:46; 795.6557; -0.01346428; 176.1676; After ; 1.879851; null
8; Driver; Interference; Intention; 26.09.2023 15:48:46; 795.6574; -0.0134468; 176.0314; After ; 1.897331; null
8; Driver; Interference; Intention; 26.09.2023 15:48:46; 795.6583; -0.01344241; 175.9634; After ; 1.915254; null
8; Driver; Interference; Intention; 26.09.2023 15:48:46; 795.66; -0.0134326; 175.8277; After ; 1.932893; null
8; Driver; Interference; Intention; 26.09.2023 15:48:46; 795.6617; -0.01338156; 175.6923; After ; 1.949954; null
8; Driver; Interference; Intention; 26.09.2023 15:48:46; 795.6626; -0.01336681; 175.6247; After ; 1.986459; null
8; Driver; Interference; Intention; 26.09.2023 15:48:46; 795.6653; -0.01334703; 175.4224; After ; 2.002679; null
8; Driver; Interference; Intention; 26.09.2023 15:48:46; 795.6663; -0.01337478; 175.3551; After ; 2.018517; null
8; Driver; Interference; Intention; 26.09.2023 15:48:46; 795.6681; -0.01335869; 175.2208; After ; 2.035887; null
8; Driver; Interference; Intention; 26.09.2023 15:48:46; 795.67; -0.013374; 175.0868; After ; 2.052858; null
8; Driver; Interference; Intention; 26.09.2023 15:48:46; 795.671; -0.01338495; 175.0199; After ; 2.085417; null
8; Driver; Interference; Intention; 26.09.2023 15:48:46; 795.673; -0.01340196; 174.8863; After ; 2.102934; null
8; Driver; Interference; Intention; 26.09.2023 15:48:46; 795.6749; -0.0134457; 174.7531; After ; 2.119714; null
8; Driver; Interference; Intention; 26.09.2023 15:48:46; 795.6769; -0.01343117; 174.6201; After ; 2.136873; null
8; Driver; Interference; Intention; 26.09.2023 15:48:46; 795.679; -0.01343649; 174.4875; After ; 2.151891; null
8; Driver; Interference; Intention; 26.09.2023 15:48:46; 795.68; -0.0134396; 174.4213; After ; 2.18444; null
8; Driver; Interference; Intention; 26.09.2023 15:48:46; 795.6831; -0.01343809; 174.2231; After ; 2.201571; null
8; Driver; Interference; Intention; 26.09.2023 15:48:46; 795.6841; -0.01346185; 174.1572; After ; 2.217769; null
8; Driver; Interference; Intention; 26.09.2023 15:48:46; 795.6862; -0.01348902; 174.0256; After ; 2.233221; null
8; Driver; Interference; Intention; 26.09.2023 15:48:46; 795.6873; -0.0134975; 173.9599; After ; 2.264756; null
8; Driver; Interference; Intention; 26.09.2023 15:48:46; 795.6904; -0.01349451; 173.7634; After ; 2.28189; null
8; Driver; Interference; Intention; 26.09.2023 15:48:46; 795.6924; -0.0134769; 173.6327; After ; 2.298966; null
8; Driver; Interference; Intention; 26.09.2023 15:48:46; 795.6935; -0.01346787; 173.5675; After ; 2.314522; null
8; Driver; Interference; Intention; 26.09.2023 15:48:46; 795.6957; -0.01344306; 173.4373; After ; 2.330574; null
8; Driver; Interference; Intention; 26.09.2023 15:48:46; 795.6979; -0.0134467; 173.3073; After ; 2.362196; null
8; Driver; Interference; Intention; 26.09.2023 15:48:46; 795.7001; -0.01345852; 173.1777; After ; 2.378803; null
8; Driver; Interference; Intention; 26.09.2023 15:48:46; 795.7023; -0.01341347; 173.0484; After ; 2.393364; null
8; Driver; Interference; Intention; 26.09.2023 15:48:46; 795.7034; -0.01339612; 172.9839; After ; 2.410145; null
8; Driver; Interference; Intention; 26.09.2023 15:48:46; 795.7056; -0.01336417; 172.855; After ; 2.429255; null
8; Driver; Interference; Intention; 26.09.2023 15:48:46; 795.7067; -0.01335419; 172.7906; After ; 2.462647; null
8; Driver; Interference; Intention; 26.09.2023 15:48:46; 795.7102; -0.01333411; 172.5981; After ; 2.479556; null
8; Driver; Interference; Intention; 26.09.2023 15:48:46; 795.7114; -0.01335678; 172.5341; After ; 2.511126; null
8; Driver; Interference; Intention; 26.09.2023 15:48:47; 795.7137; -0.01338869; 172.4062; After ; 2.511126; null
8; Driver; Interference; Intention; 26.09.2023 15:48:47; 795.7148; -0.01340202; 172.3424; After ; 2.542484; null
8; Driver; Interference; Intention; 26.09.2023 15:48:47; 795.7183; -0.01341908; 172.1514; After ; 2.56064; null
8; Driver; Interference; Intention; 26.09.2023 15:48:47; 795.7206; -0.01341598; 172.0244; After ; 2.576777; null
8; Driver; Interference; Intention; 26.09.2023 15:48:47; 795.7218; -0.01341368; 171.961; After ; 2.607871; null
8; Driver; Interference; Intention; 26.09.2023 15:48:47; 795.7242; -0.01340067; 171.8345; After ; 2.607871; null
8; Driver; Interference; Intention; 26.09.2023 15:48:47; 795.7266; -0.0134123; 171.7083; After ; 2.641729; null
8; Driver; Interference; Intention; 26.09.2023 15:48:47; 795.7291; -0.01337201; 171.5823; After ; 2.658952; null
8; Driver; Interference; Intention; 26.09.2023 15:48:47; 795.7315; -0.01335615; 171.4566; After ; 2.674373; null
8; Driver; Interference; Intention; 26.09.2023 15:48:47; 795.7327; -0.01335113; 171.3939; After ; 2.708709; null
8; Driver; Interference; Intention; 26.09.2023 15:48:47; 795.7352; -0.01333871; 171.2686; After ; 2.708709; null
8; Driver; Interference; Intention; 26.09.2023 15:48:47; 795.7364; -0.01333571; 171.2061; After ; 2.742151; null
8; Driver; Interference; Intention; 26.09.2023 15:48:47; 795.7401; -0.01332635; 171.0187; After ; 2.76062; null
8; Driver; Interference; Intention; 26.09.2023 15:48:47; 795.7427; -0.01332156; 170.894; After ; 2.776677; null
8; Driver; Interference; Intention; 26.09.2023 15:48:47; 795.744; -0.01332197; 170.8317; After ; 2.809719; null
8; Driver; Interference; Intention; 26.09.2023 15:48:47; 795.7465; -0.01331946; 170.7073; After ; 2.809719; null
8; Driver; Interference; Intention; 26.09.2023 15:48:47; 795.7491; -0.0132761; 170.5831; After ; 2.827218; null
8; Driver; Interference; Intention; 26.09.2023 15:48:47; 795.7504; -0.01326336; 170.5211; After ; 2.86198; null
8; Driver; Interference; Intention; 26.09.2023 15:48:47; 795.7529; -0.01324589; 170.3971; After ; 2.882145; null
8; Driver; Interference; Intention; 26.09.2023 15:48:47; 795.7555; -0.01320069; 170.2733; After ; 2.900231; null
8; Driver; Interference; Intention; 26.09.2023 15:48:47; 795.7581; -0.01320989; 170.1497; After ; 2.919756; null
8; Driver; Interference; Intention; 26.09.2023 15:48:47; 795.7608; -0.01319022; 170.0262; After ; 2.938755; null
8; Driver; Interference; Intention; 26.09.2023 15:48:47; 795.7635; -0.01315231; 169.903; After ; 2.956144; null
8; Driver; Interference; Intention; 26.09.2023 15:48:47; 795.7662; -0.01316144; 169.7799; After ; 2.975032; null
8; Driver; Interference; Intention; 26.09.2023 15:48:47; 795.7675; -0.01317452; 169.7185; After ; 3.009448; null
8; Driver; Interference; Intention; 26.09.2023 15:48:47; 795.7702; -0.01320398; 169.5957; After ; 3.009448; null
8; Driver; Interference; Intention; 26.09.2023 15:48:47; 795.7729; -0.01319641; 169.473; After ; 3.026842; null
8; Driver; Interference; Intention; 26.09.2023 15:48:47; 795.7742; -0.01320092; 169.4118; After ; 3.061648; null
8; Driver; Interference; Intention; 26.09.2023 15:48:47; 795.7784; -0.01322607; 169.2282; After ; 3.079714; null
8; Driver; Interference; Intention; 26.09.2023 15:48:47; 795.7813; -0.01324782; 169.1059; After ; 3.09698; null
8; Driver; Interference; Intention; 26.09.2023 15:48:47; 795.7827; -0.01326101; 169.0447; After ; 3.113374; null
8; Driver; Interference; Intention; 26.09.2023 15:48:47; 795.7855; -0.01328139; 168.9223; After ; 3.130027; null
8; Driver; Interference; Intention; 26.09.2023 15:48:47; 795.7869; -0.01329226; 168.8611; After ; 3.16575; null
8; Driver; Interference; Intention; 26.09.2023 15:48:47; 795.7897; -0.01330589; 168.7387; After ; 3.182898; null
8; Driver; Interference; Intention; 26.09.2023 15:48:47; 795.794; -0.01331833; 168.5547; After ; 3.199937; null
8; Driver; Interference; Intention; 26.09.2023 15:48:47; 795.7955; -0.01332143; 168.4934; After ; 3.216711; null
8; Driver; Interference; Intention; 26.09.2023 15:48:47; 795.7984; -0.01332038; 168.3705; After ; 3.232363; null
8; Driver; Interference; Intention; 26.09.2023 15:48:47; 795.8013; -0.01327527; 168.2474; After ; 3.250157; null
8; Driver; Interference; Intention; 26.09.2023 15:48:47; 795.8028; -0.01326076; 168.1858; After ; 3.283894; null
8; Driver; Interference; Intention; 26.09.2023 15:48:47; 795.8072; -0.01323558; 168.0008; After ; 3.30099; null
8; Driver; Interference; Intention; 26.09.2023 15:48:47; 795.8087; -0.01325822; 167.939; After ; 3.317947; null
8; Driver; Interference; Intention; 26.09.2023 15:48:47; 795.8116; -0.01329372; 167.8153; After ; 3.334394; null
8; Driver; Interference; Intention; 26.09.2023 15:48:47; 795.8146; -0.01327873; 167.6914; After ; 3.35015; null
8; Driver; Interference; Intention; 26.09.2023 15:48:47; 795.8162; -0.01327637; 167.6294; After ; 3.383973; null
8; Driver; Interference; Intention; 26.09.2023 15:48:47; 795.8207; -0.01327505; 167.4428; After ; 3.401805; null
8; Driver; Interference; Intention; 26.09.2023 15:48:47; 795.8223; -0.0133019; 167.3804; After ; 3.418896; null
8; Driver; Interference; Intention; 26.09.2023 15:48:47; 795.8253; -0.01334059; 167.2552; After ; 3.434148; null
8; Driver; Interference; Intention; 26.09.2023 15:48:47; 795.8284; -0.01332296; 167.1296; After ; 3.449892; null
8; Driver; Interference; Intention; 26.09.2023 15:48:47; 795.83; -0.01331802; 167.0666; After ; 3.484352; null
8; Driver; Interference; Intention; 26.09.2023 15:48:48; 795.8347; -0.01330633; 166.8764; After ; 3.501273; null
8; Driver; Interference; Intention; 26.09.2023 15:48:48; 795.8363; -0.01333011; 166.8126; After ; 3.517989; null
8; Driver; Interference; Intention; 26.09.2023 15:48:48; 795.8395; -0.01330593; 166.6842; After ; 3.534383; null
8; Driver; Interference; Intention; 26.09.2023 15:48:48; 795.8428; -0.01330937; 166.5548; After ; 3.551818; null
8; Driver; Interference; Intention; 26.09.2023 15:48:48; 795.8461; -0.0132726; 166.4242; After ; 3.57012; null
8; Driver; Interference; Intention; 26.09.2023 15:48:48; 795.8477; -0.01326444; 166.3585; After ; 3.605732; null
8; Driver; Interference; Intention; 26.09.2023 15:48:48; 795.851; -0.0132575; 166.2262; After ; 3.605732; null
8; Driver; Interference; Intention; 26.09.2023 15:48:48; 795.8544; -0.01329583; 166.0928; After ; 3.639679; null
8; Driver; Interference; Intention; 26.09.2023 15:48:48; 795.8578; -0.01329138; 165.9583; After ; 3.657278; null
8; Driver; Interference; Intention; 26.09.2023 15:48:48; 795.8613; -0.01331849; 165.8227; After ; 3.673841; null
8; Driver; Interference; Intention; 26.09.2023 15:48:48; 795.863; -0.01333587; 165.7545; After ; 3.708724; null
8; Driver; Interference; Intention; 26.09.2023 15:48:48; 795.8666; -0.01336616; 165.6173; After ; 3.708724; null
8; Driver; Interference; Intention; 26.09.2023 15:48:48; 795.8701; -0.013349; 165.4791; After ; 3.727469; null
8; Driver; Interference; Intention; 26.09.2023 15:48:48; 795.8719; -0.0133491; 165.4096; After ; 3.76219; null
8; Driver; Interference; Intention; 26.09.2023 15:48:48; 795.8774; -0.01336466; 165.1996; After ; 3.779515; null
8; Driver; Interference; Intention; 26.09.2023 15:48:48; 795.881; -0.01338537; 165.0583; After ; 3.796577; null
8; Driver; Interference; Intention; 26.09.2023 15:48:48; 795.8829; -0.01340043; 164.9872; After ; 3.81264; null
8; Driver; Interference; Intention; 26.09.2023 15:48:48; 795.8867; -0.01342731; 164.8441; After ; 3.830412; null
8; Driver; Interference; Intention; 26.09.2023 15:48:48; 795.8904; -0.01340627; 164.7; After ; 3.848747; null
8; Driver; Interference; Intention; 26.09.2023 15:48:48; 795.8923; -0.01340531; 164.6275; After ; 3.88501; null
8; Driver; Interference; Intention; 26.09.2023 15:48:48; 795.8962; -0.01340986; 164.4816; After ; 3.904622; null
8; Driver; Interference; Intention; 26.09.2023 15:48:48; 795.9001; -0.01337766; 164.3346; After ; 3.904622; null
8; Driver; Interference; Intention; 26.09.2023 15:48:48; 795.904; -0.01332442; 164.1864; After ; 3.923946; null
8; Driver; Interference; Intention; 26.09.2023 15:48:48; 795.9059; -0.013317; 164.1118; After ; 3.962009; null
8; Driver; Interference; Intention; 26.09.2023 15:48:48; 795.9099; -0.013324; 163.9618; After ; 3.983424; null
8; Driver; Interference; Intention; 26.09.2023 15:48:48; 795.9157; -0.01331772; 163.7346; After ; 3.999954; null
8; Driver; Interference; Intention; 26.09.2023 15:48:48; 795.9177; -0.01336343; 163.6583; After ; 4.01765; null
8; Driver; Interference; Intention; 26.09.2023 15:48:48; 795.9216; -0.01338223; 163.5047; After ; 4.034603; null
8; Driver; Interference; Intention; 26.09.2023 15:48:48; 795.9257; -0.01344269; 163.3499; After ; 4.050921; null
8; Driver; Interference; Intention; 26.09.2023 15:48:48; 795.9277; -0.01347756; 163.272; After ; 4.086341; null
8; Driver; Interference; Intention; 26.09.2023 15:48:48; 795.9317; -0.01354005; 163.1154; After ; 4.103655; null
8; Driver; Interference; Intention; 26.09.2023 15:48:48; 795.9357; -0.01363047; 162.9576; After ; 4.12031; null
8; Driver; Interference; Intention; 26.09.2023 15:48:48; 795.9398; -0.01364627; 162.7986; After ; 4.137329; null
8; Driver; Interference; Intention; 26.09.2023 15:48:48; 795.9438; -0.01360826; 162.6384; After ; 4.154377; null
8; Driver; Interference; Intention; 26.09.2023 15:48:48; 795.9478; -0.01360977; 162.4769; After ; 4.172752; null
8; Driver; Interference; Intention; 26.09.2023 15:48:48; 795.9498; -0.01361675; 162.3957; After ; 4.20639; null
8; Driver; Interference; Intention; 26.09.2023 15:48:48; 795.9539; -0.01363002; 162.2324; After ; 4.20639; null
8; Driver; Interference; Intention; 26.09.2023 15:48:48; 795.9559; -0.01364161; 162.1503; After ; 4.241824; null
8; Driver; Interference; Intention; 26.09.2023 15:48:48; 795.9619; -0.01367485; 161.9022; After ; 4.259487; null
8; Driver; Interference; Intention; 26.09.2023 15:48:48; 795.9659; -0.01369609; 161.7352; After ; 4.277452; null
8; Driver; Interference; Intention; 26.09.2023 15:48:48; 795.97; -0.01366049; 161.5671; After ; 4.294046; null
8; Driver; Interference; Intention; 26.09.2023 15:48:48; 795.972; -0.01365399; 161.4827; After ; 4.311025; null
8; Driver; Interference; Intention; 26.09.2023 15:48:48; 795.976; -0.0136497; 161.3128; After ; 4.330922; null
8; Driver; Interference; Intention; 26.09.2023 15:48:48; 795.978; -0.01365705; 161.2274; After ; 4.365597; null
8; Driver; Interference; Intention; 26.09.2023 15:48:48; 795.9821; -0.01367542; 161.0558; After ; 4.383439; null
8; Driver; Interference; Intention; 26.09.2023 15:48:48; 795.9881; -0.01364412; 160.7963; After ; 4.400729; null
8; Driver; Interference; Intention; 26.09.2023 15:48:48; 795.9901; -0.0136816; 160.7093; After ; 4.418448; null
8; Driver; Interference; Intention; 26.09.2023 15:48:48; 795.9941; -0.01366917; 160.5345; After ; 4.434542; null
8; Driver; Interference; Intention; 26.09.2023 15:48:48; 795.9982; -0.01370308; 160.3586; After ; 4.45139; null
8; Driver; Interference; Intention; 26.09.2023 15:48:48; 796.0022; -0.01368506; 160.1817; After ; 4.468946; null
8; Driver; Interference; Intention; 26.09.2023 15:48:48; 796.0042; -0.01368933; 160.093; After ; 4.506561; null
8; Driver; Interference; Intention; 26.09.2023 15:48:49; 796.0082; -0.01370724; 159.9147; After ; 4.506561; null
8; Driver; Interference; Intention; 26.09.2023 15:48:49; 796.0103; -0.01372537; 159.8253; After ; 4.541119; null
8; Driver; Interference; Intention; 26.09.2023 15:48:49; 796.0163; -0.0137862; 159.5555; After ; 4.55918; null
8; Driver; Interference; Intention; 26.09.2023 15:48:49; 796.0202; -0.01382736; 159.3746; After ; 4.577093; null
8; Driver; Interference; Intention; 26.09.2023 15:48:49; 796.0241; -0.01380455; 159.1927; After ; 4.594549; null
8; Driver; Interference; Intention; 26.09.2023 15:48:49; 796.0261; -0.01380383; 159.1015; After ; 4.61254; null
8; Driver; Interference; Intention; 26.09.2023 15:48:49; 796.03; -0.01380828; 158.9184; After ; 4.630059; null
8; Driver; Interference; Intention; 26.09.2023 15:48:49; 796.0319; -0.01381881; 158.8266; After ; 4.66484; null
8; Driver; Interference; Intention; 26.09.2023 15:48:49; 796.0356; -0.01384026; 158.6423; After ; 4.682578; null
8; Driver; Interference; Intention; 26.09.2023 15:48:49; 796.0413; -0.01380156; 158.3646; After ; 4.699591; null
8; Driver; Interference; Intention; 26.09.2023 15:48:49; 796.0431; -0.01383829; 158.2718; After ; 4.717259; null
8; Driver; Interference; Intention; 26.09.2023 15:48:49; 796.0468; -0.01381703; 158.086; After ; 4.733384; null
8; Driver; Interference; Intention; 26.09.2023 15:48:49; 796.0503; -0.01384413; 157.9002; After ; 4.75036; null
8; Driver; Interference; Intention; 26.09.2023 15:48:49; 796.0521; -0.01386391; 157.8075; After ; 4.785524; null
8; Driver; Interference; Intention; 26.09.2023 15:48:49; 796.0555; -0.01389926; 157.6224; After ; 4.802605; null
8; Driver; Interference; Intention; 26.09.2023 15:48:49; 796.0588; -0.01397375; 157.4377; After ; 4.820501; null
8; Driver; Interference; Intention; 26.09.2023 15:48:49; 796.0621; -0.01396799; 157.2534; After ; 4.837724; null
8; Driver; Interference; Intention; 26.09.2023 15:48:49; 796.0654; -0.01398871; 157.0696; After ; 4.853104; null
8; Driver; Interference; Intention; 26.09.2023 15:48:49; 796.0685; -0.01393911; 156.8862; After ; 4.871047; null
8; Driver; Interference; Intention; 26.09.2023 15:48:49; 796.0716; -0.01384529; 156.7032; After ; 4.889465; null
8; Driver; Interference; Intention; 26.09.2023 15:48:49; 796.0731; -0.01381719; 156.6118; After ; 4.910149; null
8; Driver; Interference; Intention; 26.09.2023 15:48:49; 796.0761; -0.01378269; 156.4294; After ; 4.929081; null
8; Driver; Interference; Intention; 26.09.2023 15:48:49; 796.079; -0.01371762; 156.2475; After ; 4.947472; null
8; Driver; Interference; Intention; 26.09.2023 15:48:49; 796.0805; -0.0137064; 156.1566; After ; 4.985483; null
8; Driver; Interference; Intention; 26.09.2023 15:48:49; 796.0833; -0.01370673; 155.9753; After ; 5.00253; null
8; Driver; Interference; Intention; 26.09.2023 15:48:49; 796.0861; -0.01377469; 155.7944; After ; 5.019591; null
8; Driver; Interference; Intention; 26.09.2023 15:48:49; 796.0887; -0.01378458; 155.6139; After ; 5.036403; null
8; Driver; Interference; Intention; 26.09.2023 15:48:49; 796.0914; -0.0138325; 155.4338; After ; 5.052303; null
8; Driver; Interference; Intention; 26.09.2023 15:48:49; 796.0927; -0.01385857; 155.3439; After ; 5.087773; null
8; Driver; Interference; Intention; 26.09.2023 15:48:49; 796.0953; -0.01389879; 155.1644; After ; 5.104957; null
8; Driver; Interference; Intention; 26.09.2023 15:48:49; 796.0977; -0.01386836; 154.9853; After ; 5.104957; null
8; Driver; Interference; Intention; 26.09.2023 15:48:49; 796.1002; -0.01379116; 154.8066; After ; 5.1246; null
8; Driver; Interference; Intention; 26.09.2023 15:48:49; 796.1013; -0.01376939; 154.7175; After ; 5.164227; null
8; Driver; Interference; Intention; 26.09.2023 15:48:49; 796.1036; -0.01374397; 154.5394; After ; 5.182365; null
8; Driver; Interference; Intention; 26.09.2023 15:48:49; 796.107; -0.01367538; 154.2731; After ; 5.200184; null
8; Driver; Interference; Intention; 26.09.2023 15:48:49; 796.1081; -0.0137079; 154.1845; After ; 5.217979; null
8; Driver; Interference; Intention; 26.09.2023 15:48:49; 796.1102; -0.0136905; 154.0077; After ; 5.236091; null
8; Driver; Interference; Intention; 26.09.2023 15:48:49; 796.1123; -0.01372575; 153.8313; After ; 5.252727; null
8; Driver; Interference; Intention; 26.09.2023 15:48:49; 796.1133; -0.01375033; 153.7432; After ; 5.287523; null
8; Driver; Interference; Intention; 26.09.2023 15:48:49; 796.1154; -0.01379535; 153.5674; After ; 5.305434; null
8; Driver; Interference; Intention; 26.09.2023 15:48:49; 796.1173; -0.01377799; 153.392; After ; 5.305434; null
8; Driver; Interference; Intention; 26.09.2023 15:48:49; 796.1193; -0.01381521; 153.217; After ; 5.340676; null
8; Driver; Interference; Intention; 26.09.2023 15:48:49; 796.1212; -0.01379229; 153.0423; After ; 5.35762; null
8; Driver; Interference; Intention; 26.09.2023 15:48:49; 796.123; -0.01380755; 152.8681; After ; 5.373792; null
8; Driver; Interference; Intention; 26.09.2023 15:48:49; 796.1248; -0.01376583; 152.6943; After ; 5.392977; null
8; Driver; Interference; Intention; 26.09.2023 15:48:49; 796.1257; -0.01375668; 152.6075; After ; 5.411648; null
8; Driver; Interference; Intention; 26.09.2023 15:48:49; 796.1274; -0.01374695; 152.4343; After ; 5.430181; null
8; Driver; Interference; Intention; 26.09.2023 15:48:49; 796.1291; -0.01369407; 152.2615; After ; 5.448148; null
8; Driver; Interference; Intention; 26.09.2023 15:48:49; 796.1299; -0.01368357; 152.1752; After ; 5.485041; null
8; Driver; Interference; Intention; 26.09.2023 15:48:49; 796.1317; -0.01367786; 152.003; After ; 5.502613; null
8; Driver; Interference; Intention; 26.09.2023 15:48:50; 796.1332; -0.01373093; 151.8312; After ; 5.520299; null
