user_id; scenario; distraction; ehmi; timestamp; userPositionX; userPositionY; userPositionZ; playerPositon; time; focused object
10; Pedestrian; Interference; Intention; 28.09.2023 09:34:27; 805.1; -0.05999994; 241; HI; null
10; Pedestrian; Interference; Intention; 28.09.2023 09:34:27; 805.2721; 0.1818002; 241; Sidewalk; 0.02; null
10; Pedestrian; Interference; Intention; 28.09.2023 09:34:28; 805.2721; 0.1818002; 241; Sidewalk; 0.02; null
10; Pedestrian; Interference; Intention; 28.09.2023 09:34:28; 805.2721; 0.1818002; 241; Sidewalk; 0.02; null
10; Pedestrian; Interference; Intention; 28.09.2023 09:34:28; 805.2721; 0.1818002; 241; Sidewalk; 0.02; null
10; Pedestrian; Interference; Intention; 28.09.2023 09:34:28; 805.2721; 0.1818002; 241; Sidewalk; 0.02; null
10; Pedestrian; Interference; Intention; 28.09.2023 09:34:28; 805.2721; 0.1818002; 241; Sidewalk; 0.02; null
10; Pedestrian; Interference; Intention; 28.09.2023 09:34:28; 805.2721; 0.1818002; 241; Sidewalk; 0.02; null
10; Pedestrian; Interference; Intention; 28.09.2023 09:34:28; 805.2721; 0.1818002; 241; Sidewalk; 0.02; null
10; Pedestrian; Interference; Intention; 28.09.2023 09:34:28; 805.2721; 0.1818002; 241; Sidewalk; 0.02; null
10; Pedestrian; Interference; Intention; 28.09.2023 09:34:28; 805.2721; 0.1818002; 241; Sidewalk; 0.02; null
10; Pedestrian; Interference; Intention; 28.09.2023 09:34:28; 805.2721; 0.1818002; 241; Sidewalk; 0.02; null
10; Pedestrian; Interference; Intention; 28.09.2023 09:34:28; 805.2721; 0.1818002; 241; Sidewalk; 0.02; null
10; Pedestrian; Interference; Intention; 28.09.2023 09:34:28; 805.2721; 0.1818002; 241; Sidewalk; 0.02; null
10; Pedestrian; Interference; Intention; 28.09.2023 09:34:28; 805.2721; 0.1818002; 241; Sidewalk; 0.02; null
10; Pedestrian; Interference; Intention; 28.09.2023 09:34:28; 805.2721; 0.1818002; 241; Sidewalk; 0.02; null
10; Pedestrian; Interference; Intention; 28.09.2023 09:34:28; 805.2721; 0.1818002; 241; Sidewalk; 0.02; null
10; Pedestrian; Interference; Intention; 28.09.2023 09:34:28; 805.2721; 0.1818002; 241; Sidewalk; 0.02; null
10; Pedestrian; Interference; Intention; 28.09.2023 09:34:29; 804.914; 0.1818002; 241.0584; Sidewalk; 0.04; null
10; Pedestrian; Interference; Intention; 28.09.2023 09:34:29; 804.914; 0.1818002; 241.0584; Sidewalk; 0.04; null
10; Pedestrian; Interference; Intention; 28.09.2023 09:34:29; 804.914; 0.1818002; 241.0584; Sidewalk; 0.04; null
10; Pedestrian; Interference; Intention; 28.09.2023 09:34:29; 804.914; 0.1818002; 241.0584; Sidewalk; 0.04; null
10; Pedestrian; Interference; Intention; 28.09.2023 09:34:29; 804.9069; 0.1818002; 241.0575; Sidewalk; 0.3733333; null
10; Pedestrian; Interference; Intention; 28.09.2023 09:34:29; 804.9036; 0.1818002; 241.0572; Sidewalk; 0.4579359; null
10; Pedestrian; Interference; Intention; 28.09.2023 09:34:29; 804.9014; 0.1818002; 241.057; Sidewalk; 0.4968883; null
10; Pedestrian; Interference; Intention; 28.09.2023 09:34:29; 804.9007; 0.1818002; 241.0569; Sidewalk; 0.5056545; null
10; Pedestrian; Interference; Intention; 28.09.2023 09:34:29; 804.8995; 0.1818002; 241.0568; Sidewalk; 0.5239608; null
10; Pedestrian; Interference; Intention; 28.09.2023 09:34:29; 804.8976; 0.1818002; 241.0567; Sidewalk; 0.5437104; null
10; Pedestrian; Interference; Intention; 28.09.2023 09:34:29; 804.8962; 0.1818002; 241.0566; Sidewalk; 0.5652036; null
10; Pedestrian; Interference; Intention; 28.09.2023 09:34:29; 804.8947; 0.1818002; 241.0564; Sidewalk; 0.5879778; null
10; Pedestrian; Interference; Intention; 28.09.2023 09:34:29; 804.894; 0.1818002; 241.0564; Sidewalk; 0.5986858; null
10; Pedestrian; Interference; Intention; 28.09.2023 09:34:29; 804.8931; 0.1818002; 241.0563; Sidewalk; 0.6099255; null
10; Pedestrian; Interference; Intention; 28.09.2023 09:34:29; 804.8907; 0.1818002; 241.0559; Sidewalk; 0.6527749; null
10; Pedestrian; Interference; Intention; 28.09.2023 09:34:29; 804.889; 0.1818002; 241.0556; Sidewalk; 0.6676574; null
10; Pedestrian; Interference; Intention; 28.09.2023 09:34:29; 804.8871; 0.1818002; 241.0553; Sidewalk; 0.687276; null
10; Pedestrian; Interference; Intention; 28.09.2023 09:34:29; 804.8863; 0.1818002; 241.0551; Sidewalk; 0.6981706; null
10; Pedestrian; Interference; Intention; 28.09.2023 09:34:29; 804.8845; 0.1818002; 241.0547; Sidewalk; 0.7209069; null
10; Pedestrian; Interference; Intention; 28.09.2023 09:34:29; 804.8826; 0.1818001; 241.0541; Sidewalk; 0.7436852; null
10; Pedestrian; Interference; Intention; 28.09.2023 09:34:29; 804.8814; 0.1818001; 241.0535; Sidewalk; 0.7654461; null
10; Pedestrian; Interference; Intention; 28.09.2023 09:34:29; 804.8799; 0.1818001; 241.0529; Sidewalk; 0.7928035; null
10; Pedestrian; Interference; Intention; 28.09.2023 09:34:29; 804.8792; 0.1818001; 241.0527; Sidewalk; 0.8000069; null
10; Pedestrian; Interference; Intention; 28.09.2023 09:34:29; 804.8787; 0.1818001; 241.0523; Sidewalk; 0.8095094; null
10; Pedestrian; Interference; Intention; 28.09.2023 09:34:29; 804.8767; 0.1818001; 241.0515; Sidewalk; 0.8435381; null
10; Pedestrian; Interference; Intention; 28.09.2023 09:34:29; 804.8752; 0.1818001; 241.0509; Sidewalk; 0.865257; null
10; Pedestrian; Interference; Intention; 28.09.2023 09:34:29; 804.8737; 0.1818001; 241.0501; Sidewalk; 0.8880752; null
10; Pedestrian; Interference; Intention; 28.09.2023 09:34:29; 804.8727; 0.1818001; 241.0497; Sidewalk; 0.8983002; null
10; Pedestrian; Interference; Intention; 28.09.2023 09:34:29; 804.8712; 0.1818001; 241.049; Sidewalk; 0.9207903; null
10; Pedestrian; Interference; Intention; 28.09.2023 09:34:29; 804.8698; 0.1818001; 241.0483; Sidewalk; 0.9469603; null
10; Pedestrian; Interference; Intention; 28.09.2023 09:34:29; 804.868; 0.1818001; 241.0475; Sidewalk; 0.9651272; null
10; Pedestrian; Interference; Intention; 28.09.2023 09:34:29; 804.8656; 0.1818001; 241.0466; Sidewalk; 0.9880353; null
10; Pedestrian; Interference; Intention; 28.09.2023 09:34:29; 804.8645; 0.1818001; 241.0462; Sidewalk; 0.998724; null
10; Pedestrian; Interference; Intention; 28.09.2023 09:34:29; 804.8625; 0.1818001; 241.0453; Sidewalk; 1.021121; null
10; Pedestrian; Interference; Intention; 28.09.2023 09:34:29; 804.8613; 0.1818001; 241.0446; Sidewalk; 1.042881; null
10; Pedestrian; Interference; Intention; 28.09.2023 09:34:29; 804.8599; 0.1818001; 241.0439; Sidewalk; 1.06548; null
10; Pedestrian; Interference; Intention; 28.09.2023 09:34:29; 804.8588; 0.1818001; 241.0431; Sidewalk; 1.094688; null
10; Pedestrian; Interference; Intention; 28.09.2023 09:34:29; 804.8583; 0.1818001; 241.0427; Sidewalk; 1.104161; null
10; Pedestrian; Interference; Intention; 28.09.2023 09:34:29; 804.8572; 0.1818001; 241.0419; Sidewalk; 1.121022; null
10; Pedestrian; Interference; Intention; 28.09.2023 09:34:29; 804.8561; 0.1818001; 241.0411; Sidewalk; 1.142669; null
10; Pedestrian; Interference; Intention; 28.09.2023 09:34:29; 804.8551; 0.1818001; 241.0401; Sidewalk; 1.165292; null
10; Pedestrian; Interference; Intention; 28.09.2023 09:34:29; 804.8542; 0.1818001; 241.0387; Sidewalk; 1.187372; null
10; Pedestrian; Interference; Intention; 28.09.2023 09:34:29; 804.8542; 0.1818001; 241.0387; Sidewalk; 1.187372; null
10; Pedestrian; Interference; Intention; 28.09.2023 09:34:29; 804.8542; 0.1818001; 241.0387; Sidewalk; 1.187372; null
10; Pedestrian; Interference; Intention; 28.09.2023 09:34:29; 804.8547; 0.1818001; 241.0351; Sidewalk; 1.198376; null
10; Pedestrian; Interference; Intention; 28.09.2023 09:34:29; 804.8553; 0.1818001; 241.0324; Sidewalk; 1.255036; null
10; Pedestrian; Interference; Intention; 28.09.2023 09:34:29; 804.8583; 0.1818001; 241.0266; Sidewalk; 1.291422; null
10; Pedestrian; Interference; Intention; 28.09.2023 09:34:29; 804.8594; 0.1818001; 241.0242; Sidewalk; 1.299605; null
10; Pedestrian; Interference; Intention; 28.09.2023 09:34:29; 804.8623; 0.1818001; 241.0191; Sidewalk; 1.32164; null
10; Pedestrian; Interference; Intention; 28.09.2023 09:34:29; 804.8666; 0.1818001; 241.0134; Sidewalk; 1.342515; null
10; Pedestrian; Interference; Intention; 28.09.2023 09:34:29; 804.8715; 0.1818001; 241.0073; Sidewalk; 1.364933; null
10; Pedestrian; Interference; Intention; 28.09.2023 09:34:30; 804.8776; 0.1818001; 241.0008; Sidewalk; 1.387277; null
10; Pedestrian; Interference; Intention; 28.09.2023 09:34:30; 804.8809; 0.1818001; 240.9976; Sidewalk; 1.398277; null
10; Pedestrian; Interference; Intention; 28.09.2023 09:34:30; 804.8847; 0.1818001; 240.9944; Sidewalk; 1.410209; null
10; Pedestrian; Interference; Intention; 28.09.2023 09:34:30; 804.8972; 0.1818001; 240.9849; Sidewalk; 1.454489; null
10; Pedestrian; Interference; Intention; 28.09.2023 09:34:30; 804.9056; 0.1818001; 240.9792; Sidewalk; 1.470589; null
10; Pedestrian; Interference; Intention; 28.09.2023 09:34:30; 804.915; 0.1818001; 240.9739; Sidewalk; 1.487371; null
10; Pedestrian; Interference; Intention; 28.09.2023 09:34:30; 804.9199; 0.1818001; 240.9714; Sidewalk; 1.49852; null
10; Pedestrian; Interference; Intention; 28.09.2023 09:34:30; 804.9296; 0.1818001; 240.9669; Sidewalk; 1.520766; null
10; Pedestrian; Interference; Intention; 28.09.2023 09:34:30; 804.9388; 0.1818001; 240.963; Sidewalk; 1.542785; null
10; Pedestrian; Interference; Intention; 28.09.2023 09:34:30; 804.9474; 0.1818001; 240.9593; Sidewalk; 1.564952; null
10; Pedestrian; Interference; Intention; 28.09.2023 09:34:30; 804.9557; 0.1818001; 240.956; Sidewalk; 1.593024; null
10; Pedestrian; Interference; Intention; 28.09.2023 09:34:30; 804.9598; 0.1818001; 240.9546; Sidewalk; 1.601897; null
10; Pedestrian; Interference; Intention; 28.09.2023 09:34:30; 804.9673; 0.1818001; 240.9519; Sidewalk; 1.620786; null
10; Pedestrian; Interference; Intention; 28.09.2023 09:34:30; 804.9742; 0.1818001; 240.9496; Sidewalk; 1.642857; null
10; Pedestrian; Interference; Intention; 28.09.2023 09:34:30; 804.9802; 0.1818001; 240.9475; Sidewalk; 1.665155; null
10; Pedestrian; Interference; Intention; 28.09.2023 09:34:30; 804.9852; 0.1818001; 240.9458; Sidewalk; 1.687415; Checking Box Human Car
10; Pedestrian; Interference; Intention; 28.09.2023 09:34:30; 804.9872; 0.1818001; 240.9451; Sidewalk; 1.698669; Checking Box Human Car
10; Pedestrian; Interference; Intention; 28.09.2023 09:34:30; 804.9917; 0.1818001; 240.9439; Sidewalk; 1.721669; Checking Box Human Car
10; Pedestrian; Interference; Intention; 28.09.2023 09:34:30; 804.9931; 0.1818001; 240.9435; Sidewalk; 1.74068; Checking Box Human Car
10; Pedestrian; Interference; Intention; 28.09.2023 09:34:30; 804.9971; 0.1818001; 240.9423; Sidewalk; 1.765708; Checking Box Human Car
10; Pedestrian; Interference; Intention; 28.09.2023 09:34:30; 804.9988; 0.1818001; 240.9417; Sidewalk; 1.787935; Checking Box Human Car
10; Pedestrian; Interference; Intention; 28.09.2023 09:34:30; 804.9999; 0.1818001; 240.9413; Sidewalk; 1.798577; Checking Box Human Car
10; Pedestrian; Interference; Intention; 28.09.2023 09:34:30; 805.0001; 0.1818001; 240.9408; Sidewalk; 1.821033; Checking Box Human Car
10; Pedestrian; Interference; Intention; 28.09.2023 09:34:30; 805.0002; 0.1818001; 240.9404; Sidewalk; 1.843567; BicycleInterference
10; Pedestrian; Interference; Intention; 28.09.2023 09:34:30; 805.0003; 0.1818001; 240.9402; Sidewalk; 1.865382; BicycleInterference
10; Pedestrian; Interference; Intention; 28.09.2023 09:34:30; 804.9987; 0.1818001; 240.9399; Sidewalk; 1.895177; BicycleInterference
10; Pedestrian; Interference; Intention; 28.09.2023 09:34:30; 804.9979; 0.1818001; 240.9397; Sidewalk; 1.90478; BicycleInterference
10; Pedestrian; Interference; Intention; 28.09.2023 09:34:30; 804.996; 0.1818001; 240.9395; Sidewalk; 1.923738; BicycleInterference
10; Pedestrian; Interference; Intention; 28.09.2023 09:34:30; 804.9931; 0.1818001; 240.9391; Sidewalk; 1.945061; BicycleInterference
10; Pedestrian; Interference; Intention; 28.09.2023 09:34:30; 804.9906; 0.1818001; 240.9387; Sidewalk; 1.965515; BicycleInterference
10; Pedestrian; Interference; Intention; 28.09.2023 09:34:30; 804.988; 0.1818001; 240.9382; Sidewalk; 1.988232; BicycleInterference
10; Pedestrian; Interference; Intention; 28.09.2023 09:34:30; 804.9872; 0.1818001; 240.9378; Sidewalk; 1.998753; BicycleInterference
10; Pedestrian; Interference; Intention; 28.09.2023 09:34:30; 804.9839; 0.1818001; 240.9371; Sidewalk; 2.021093; BicycleInterference
10; Pedestrian; Interference; Intention; 28.09.2023 09:34:30; 804.9802; 0.1818001; 240.9365; Sidewalk; 2.049789; BicycleInterference
10; Pedestrian; Interference; Intention; 28.09.2023 09:34:30; 804.9768; 0.1818001; 240.9358; Sidewalk; 2.067725; BicycleInterference
10; Pedestrian; Interference; Intention; 28.09.2023 09:34:30; 804.973; 0.1818001; 240.935; Sidewalk; 2.087738; BicycleInterference
10; Pedestrian; Interference; Intention; 28.09.2023 09:34:30; 804.9716; 0.1818001; 240.9346; Sidewalk; 2.098714; BicycleInterference
10; Pedestrian; Interference; Intention; 28.09.2023 09:34:30; 804.9684; 0.1818001; 240.9337; Sidewalk; 2.120653; BicycleInterference
10; Pedestrian; Interference; Intention; 28.09.2023 09:34:30; 804.9647; 0.1818001; 240.9325; Sidewalk; 2.14311; BicycleInterference
10; Pedestrian; Interference; Intention; 28.09.2023 09:34:30; 804.9611; 0.1818001; 240.9312; Sidewalk; 2.165522; BicycleInterference
10; Pedestrian; Interference; Intention; 28.09.2023 09:34:30; 804.9583; 0.1818001; 240.9298; Sidewalk; 2.187608; BicycleInterference
10; Pedestrian; Interference; Intention; 28.09.2023 09:34:30; 804.9567; 0.1818001; 240.9291; Sidewalk; 2.205511; BicycleInterference
10; Pedestrian; Interference; Intention; 28.09.2023 09:34:30; 804.955; 0.1818001; 240.9274; Sidewalk; 2.22384; BicycleInterference
10; Pedestrian; Interference; Intention; 28.09.2023 09:34:30; 804.9528; 0.1818001; 240.9255; Sidewalk; 2.242843; BicycleInterference
10; Pedestrian; Interference; Intention; 28.09.2023 09:34:30; 804.9508; 0.1818001; 240.9236; Sidewalk; 2.264913; BicycleInterference
10; Pedestrian; Interference; Intention; 28.09.2023 09:34:30; 804.949; 0.1818001; 240.9217; Sidewalk; 2.286852; BicycleInterference
10; Pedestrian; Interference; Intention; 28.09.2023 09:34:30; 804.9482; 0.1818001; 240.9206; Sidewalk; 2.299261; BicycleInterference
10; Pedestrian; Interference; Intention; 28.09.2023 09:34:30; 804.9472; 0.1818001; 240.9186; Sidewalk; 2.320466; BicycleInterference
10; Pedestrian; Interference; Intention; 28.09.2023 09:34:30; 804.9464; 0.1818001; 240.9166; Sidewalk; 2.342699; BicycleInterference
10; Pedestrian; Interference; Intention; 28.09.2023 09:34:30; 804.9459; 0.1818001; 240.9156; Sidewalk; 2.362874; BicycleInterference
10; Pedestrian; Interference; Intention; 28.09.2023 09:34:31; 804.9451; 0.1818001; 240.9126; Sidewalk; 2.387213; BicycleInterference
10; Pedestrian; Interference; Intention; 28.09.2023 09:34:31; 804.9449; 0.1818001; 240.9116; Sidewalk; 2.398272; BicycleInterference
10; Pedestrian; Interference; Intention; 28.09.2023 09:34:31; 804.9443; 0.1818001; 240.9098; Sidewalk; 2.420698; BicycleInterference
10; Pedestrian; Interference; Intention; 28.09.2023 09:34:31; 804.9442; 0.1818001; 240.9081; Sidewalk; 2.442747; BicycleInterference
10; Pedestrian; Interference; Intention; 28.09.2023 09:34:31; 804.9429; 0.1818001; 240.9063; Sidewalk; 2.465448; BicycleInterference
10; Pedestrian; Interference; Intention; 28.09.2023 09:34:31; 804.9431; 0.1818001; 240.9047; Sidewalk; 2.487831; BicycleInterference
10; Pedestrian; Interference; Intention; 28.09.2023 09:34:31; 804.943; 0.1818001; 240.9039; Sidewalk; 2.49854; BicycleInterference
10; Pedestrian; Interference; Intention; 28.09.2023 09:34:31; 804.9429; 0.1818001; 240.9024; Sidewalk; 2.528043; BicycleInterference
10; Pedestrian; Interference; Intention; 28.09.2023 09:34:31; 804.9427; 0.1818001; 240.901; Sidewalk; 2.546152; BicycleInterference
10; Pedestrian; Interference; Intention; 28.09.2023 09:34:31; 804.942; 0.1818001; 240.8997; Sidewalk; 2.564681; BicycleInterference
10; Pedestrian; Interference; Intention; 28.09.2023 09:34:31; 804.9416; 0.1818001; 240.8985; Sidewalk; 2.587746; BicycleInterference
10; Pedestrian; Interference; Intention; 28.09.2023 09:34:31; 804.9415; 0.1818001; 240.8979; Sidewalk; 2.598358; BicycleInterference
10; Pedestrian; Interference; Intention; 28.09.2023 09:34:31; 804.9415; 0.1818001; 240.8965; Sidewalk; 2.621216; BicycleInterference
10; Pedestrian; Interference; Intention; 28.09.2023 09:34:31; 804.9422; 0.1818001; 240.8952; Sidewalk; 2.643062; Checking Box AICar
10; Pedestrian; Interference; Intention; 28.09.2023 09:34:31; 804.9433; 0.1818001; 240.8938; Sidewalk; 2.6733; Checking Box AICar
10; Pedestrian; Interference; Intention; 28.09.2023 09:34:31; 804.9446; 0.1818001; 240.8923; Sidewalk; 2.69254; Checking Box AICar
10; Pedestrian; Interference; Intention; 28.09.2023 09:34:31; 804.9456; 0.1818001; 240.8916; Sidewalk; 2.700892; Checking Box AICar
10; Pedestrian; Interference; Intention; 28.09.2023 09:34:31; 804.9478; 0.1818001; 240.8902; Sidewalk; 2.720699; Checking Box AICar
10; Pedestrian; Interference; Intention; 28.09.2023 09:34:31; 804.9502; 0.1818001; 240.8888; Sidewalk; 2.743426; Checking Box AICar
10; Pedestrian; Interference; Intention; 28.09.2023 09:34:31; 804.9528; 0.1818001; 240.8876; Sidewalk; 2.765836; Checking Box AICar
10; Pedestrian; Interference; Intention; 28.09.2023 09:34:31; 804.9559; 0.1818001; 240.8863; Sidewalk; 2.788632; Checking Box AICar
10; Pedestrian; Interference; Intention; 28.09.2023 09:34:31; 804.9576; 0.1818001; 240.8857; Sidewalk; 2.798035; Checking Box AICar
10; Pedestrian; Interference; Intention; 28.09.2023 09:34:31; 804.9615; 0.1818001; 240.8845; Sidewalk; 2.827113; Checking Box AICar
10; Pedestrian; Interference; Intention; 28.09.2023 09:34:31; 804.9648; 0.1818001; 240.8834; Sidewalk; 2.846058; Checking Box AICar
10; Pedestrian; Interference; Intention; 28.09.2023 09:34:31; 804.9683; 0.1818001; 240.8823; Sidewalk; 2.864573; Checking Box AICar
10; Pedestrian; Interference; Intention; 28.09.2023 09:34:31; 804.9741; 0.1818001; 240.8809; Sidewalk; 2.897631; Checking Box AICar
10; Pedestrian; Interference; Intention; 28.09.2023 09:34:31; 804.9755; 0.1818001; 240.8804; Sidewalk; 2.908671; Checking Box AICar
10; Pedestrian; Interference; Intention; 28.09.2023 09:34:31; 804.9772; 0.1818001; 240.88; Sidewalk; 2.919999; Checking Box AICar
10; Pedestrian; Interference; Intention; 28.09.2023 09:34:31; 804.9802; 0.1818001; 240.8791; Sidewalk; 2.942261; Checking Box AICar
10; Pedestrian; Interference; Intention; 28.09.2023 09:34:31; 804.983; 0.1818001; 240.8784; Sidewalk; 2.964542; Checking Box AICar
10; Pedestrian; Interference; Intention; 28.09.2023 09:34:31; 804.9843; 0.1818001; 240.8781; Sidewalk; 2.982692; Checking Box AICar
10; Pedestrian; Interference; Intention; 28.09.2023 09:34:31; 804.9848; 0.1818001; 240.8779; Sidewalk; 2.991757; Checking Box AICar
10; Pedestrian; Interference; Intention; 28.09.2023 09:34:31; 804.9886; 0.1818001; 240.877; Sidewalk; 3.020265; Checking Box AICar
10; Pedestrian; Interference; Intention; 28.09.2023 09:34:31; 804.9899; 0.1818001; 240.8766; Sidewalk; 3.042603; Checking Box AICar
10; Pedestrian; Interference; Intention; 28.09.2023 09:34:31; 804.9911; 0.1818001; 240.8764; Sidewalk; 3.064555; Checking Box AICar
10; Pedestrian; Interference; Intention; 28.09.2023 09:34:31; 804.9915; 0.1818001; 240.8763; Sidewalk; 3.087421; Checking Box AICar
10; Pedestrian; Interference; Intention; 28.09.2023 09:34:31; 804.9915; 0.1818001; 240.8765; Sidewalk; 3.098637; Checking Box AICar
10; Pedestrian; Interference; Intention; 28.09.2023 09:34:31; 804.9911; 0.1818001; 240.8771; Sidewalk; 3.121481; Checking Box AICar
10; Pedestrian; Interference; Intention; 28.09.2023 09:34:31; 804.9894; 0.1818001; 240.8781; Sidewalk; 3.147382; Checking Box AICar
10; Pedestrian; Interference; Intention; 28.09.2023 09:34:31; 804.9864; 0.1818001; 240.8795; Sidewalk; 3.165158; Checking Box AICar
10; Pedestrian; Interference; Intention; 28.09.2023 09:34:31; 804.9819; 0.1818001; 240.8813; Sidewalk; 3.187465; Checking Box AICar
10; Pedestrian; Interference; Intention; 28.09.2023 09:34:31; 804.9798; 0.1818001; 240.8826; Sidewalk; 3.198045; Checking Box AICar
10; Pedestrian; Interference; Intention; 28.09.2023 09:34:31; 804.9748; 0.1818001; 240.8852; Sidewalk; 3.220755; Checking Box AICar
10; Pedestrian; Interference; Intention; 28.09.2023 09:34:31; 804.9699; 0.1818001; 240.8882; Sidewalk; 3.243281; Checking Box AICar
10; Pedestrian; Interference; Intention; 28.09.2023 09:34:31; 804.9653; 0.1818001; 240.8912; Sidewalk; 3.26539; Checking Box AICar
10; Pedestrian; Interference; Intention; 28.09.2023 09:34:31; 804.9614; 0.1818001; 240.8943; Sidewalk; 3.293969; Checking Box AICar
10; Pedestrian; Interference; Intention; 28.09.2023 09:34:31; 804.9595; 0.1818001; 240.8959; Sidewalk; 3.302927; Checking Box AICar
10; Pedestrian; Interference; Intention; 28.09.2023 09:34:31; 804.9563; 0.1818001; 240.899; Sidewalk; 3.320407; Checking Box AICar
10; Pedestrian; Interference; Intention; 28.09.2023 09:34:31; 804.9524; 0.1818001; 240.9038; Sidewalk; 3.353768; Checking Box AICar
10; Pedestrian; Interference; Intention; 28.09.2023 09:34:31; 804.951; 0.1818001; 240.9054; Sidewalk; 3.36432; Checking Box AICar
10; Pedestrian; Interference; Intention; 28.09.2023 09:34:32; 804.9473; 0.1818001; 240.9103; Sidewalk; 3.397734; Checking Box AICar
10; Pedestrian; Interference; Intention; 28.09.2023 09:34:32; 804.9473; 0.1818001; 240.9103; Sidewalk; 3.397734; Checking Box AICar
10; Pedestrian; Interference; Intention; 28.09.2023 09:34:32; 804.9451; 0.1818001; 240.9135; Sidewalk; 3.420524; Checking Box AICar
10; Pedestrian; Interference; Intention; 28.09.2023 09:34:32; 804.9426; 0.1818001; 240.9165; Sidewalk; 3.449039; Checking Box AICar
10; Pedestrian; Interference; Intention; 28.09.2023 09:34:32; 804.9416; 0.1818001; 240.9192; Sidewalk; 3.466915; Checking Box AICar
10; Pedestrian; Interference; Intention; 28.09.2023 09:34:32; 804.9413; 0.1818001; 240.9226; Sidewalk; 3.49743; Checking Box AICar
10; Pedestrian; Interference; Intention; 28.09.2023 09:34:32; 804.9413; 0.1818001; 240.9226; Sidewalk; 3.49743; Checking Box AICar
10; Pedestrian; Interference; Intention; 28.09.2023 09:34:32; 804.9426; 0.1818001; 240.9253; Sidewalk; 3.530832; Checking Box AICar
10; Pedestrian; Interference; Intention; 28.09.2023 09:34:32; 804.9437; 0.1818001; 240.9265; Sidewalk; 3.553994; Checking Box AICar
10; Pedestrian; Interference; Intention; 28.09.2023 09:34:32; 804.9446; 0.1818001; 240.927; Sidewalk; 3.564291; Checking Box AICar
10; Pedestrian; Interference; Intention; 28.09.2023 09:34:32; 804.9462; 0.1818001; 240.9277; Sidewalk; 3.587045; Checking Box AICar
10; Pedestrian; Interference; Intention; 28.09.2023 09:34:32; 804.9473; 0.1818001; 240.9279; Sidewalk; 3.604704; Checking Box AICar
10; Pedestrian; Interference; Intention; 28.09.2023 09:34:32; 804.95; 0.1818001; 240.9282; Sidewalk; 3.623609; Checking Box AICar
10; Pedestrian; Interference; Intention; 28.09.2023 09:34:32; 804.9518; 0.1818001; 240.9281; Sidewalk; 3.63225; Checking Box AICar
10; Pedestrian; Interference; Intention; 28.09.2023 09:34:32; 804.9585; 0.1818001; 240.928; Sidewalk; 3.676751; Checking Box AICar
10; Pedestrian; Interference; Intention; 28.09.2023 09:34:32; 804.9625; 0.1818001; 240.9277; Sidewalk; 3.698131; Checking Box AICar
10; Pedestrian; Interference; Intention; 28.09.2023 09:34:32; 804.9625; 0.1818001; 240.9277; Sidewalk; 3.698131; Checking Box AICar
10; Pedestrian; Interference; Intention; 28.09.2023 09:34:32; 804.9667; 0.1818001; 240.9273; Sidewalk; 3.720083; Checking Box AICar
10; Pedestrian; Interference; Intention; 28.09.2023 09:34:32; 804.971; 0.1818001; 240.9269; Sidewalk; 3.742925; null
10; Pedestrian; Interference; Intention; 28.09.2023 09:34:32; 804.9756; 0.1818001; 240.9265; Sidewalk; 3.77339; null
10; Pedestrian; Interference; Intention; 28.09.2023 09:34:32; 804.9801; 0.1818001; 240.9262; Sidewalk; 3.793269; null
10; Pedestrian; Interference; Intention; 28.09.2023 09:34:32; 804.9849; 0.1818001; 240.926; Sidewalk; 3.811643; null
10; Pedestrian; Interference; Intention; 28.09.2023 09:34:32; 804.9872; 0.1818001; 240.9259; Sidewalk; 3.819875; null
10; Pedestrian; Interference; Intention; 28.09.2023 09:34:32; 804.9944; 0.1818001; 240.9257; Sidewalk; 3.853975; null
10; Pedestrian; Interference; Intention; 28.09.2023 09:34:32; 804.9966; 0.1818001; 240.9258; Sidewalk; 3.864405; null
10; Pedestrian; Interference; Intention; 28.09.2023 09:34:32; 805.0014; 0.1818001; 240.9259; Sidewalk; 3.886909; null
10; Pedestrian; Interference; Intention; 28.09.2023 09:34:32; 805.0038; 0.1818001; 240.926; Sidewalk; 3.898018; null
10; Pedestrian; Interference; Intention; 28.09.2023 09:34:32; 805.0085; 0.1818001; 240.9263; Sidewalk; 3.930892; Checking Box AICar
10; Pedestrian; Interference; Intention; 28.09.2023 09:34:32; 805.012; 0.1818001; 240.9266; Sidewalk; 3.949685; Checking Box AICar
10; Pedestrian; Interference; Intention; 28.09.2023 09:34:32; 805.014; 0.1818001; 240.9268; Sidewalk; 3.957732; Checking Box AICar
10; Pedestrian; Interference; Intention; 28.09.2023 09:34:32; 805.014; 0.1818001; 240.9268; Sidewalk; 3.957732; Checking Box AICar
10; Pedestrian; Interference; Intention; 28.09.2023 09:34:32; 805.0204; 0.1818001; 240.9276; Sidewalk; 3.96606; Checking Box AICar
10; Pedestrian; Interference; Intention; 28.09.2023 09:34:32; 805.0236; 0.1818001; 240.928; Sidewalk; 4.030181; Checking Box AICar
10; Pedestrian; Interference; Intention; 28.09.2023 09:34:32; 805.0247; 0.1818001; 240.9283; Sidewalk; 4.040371; Checking Box AICar
10; Pedestrian; Interference; Intention; 28.09.2023 09:34:32; 805.027; 0.1818001; 240.9293; Sidewalk; 4.068714; Checking Box AICar
10; Pedestrian; Interference; Intention; 28.09.2023 09:34:32; 805.028; 0.1818001; 240.9298; Sidewalk; 4.093513; Checking Box AICar
10; Pedestrian; Interference; Intention; 28.09.2023 09:34:32; 805.0283; 0.1818001; 240.9304; Sidewalk; 4.111218; Checking Box AICar
10; Pedestrian; Interference; Intention; 28.09.2023 09:34:32; 805.0284; 0.1818001; 240.9307; Sidewalk; 4.119939; Checking Box AICar
10; Pedestrian; Interference; Intention; 28.09.2023 09:34:32; 805.0283; 0.1818001; 240.9313; Sidewalk; 4.142723; Checking Box AICar
10; Pedestrian; Interference; Intention; 28.09.2023 09:34:32; 805.0267; 0.1818001; 240.9321; Sidewalk; 4.176147; Checking Box AICar
10; Pedestrian; Interference; Intention; 28.09.2023 09:34:32; 805.0261; 0.1818001; 240.9324; Sidewalk; 4.186424; Checking Box AICar
10; Pedestrian; Interference; Intention; 28.09.2023 09:34:32; 805.0253; 0.1818001; 240.9328; Sidewalk; 4.197412; Checking Box AICar
10; Pedestrian; Interference; Intention; 28.09.2023 09:34:32; 805.0244; 0.1818001; 240.9331; Sidewalk; 4.210184; Checking Box AICar
10; Pedestrian; Interference; Intention; 28.09.2023 09:34:32; 805.0202; 0.1818001; 240.9344; Sidewalk; 4.254317; Checking Box AICar
10; Pedestrian; Interference; Intention; 28.09.2023 09:34:32; 805.0191; 0.1818001; 240.9347; Sidewalk; 4.264361; Checking Box AICar
10; Pedestrian; Interference; Intention; 28.09.2023 09:34:32; 805.0169; 0.1818001; 240.9353; Sidewalk; 4.287235; Checking Box AICar
10; Pedestrian; Interference; Intention; 28.09.2023 09:34:32; 805.0148; 0.1818001; 240.9359; Sidewalk; 4.308972; Checking Box AICar
10; Pedestrian; Interference; Intention; 28.09.2023 09:34:32; 805.0135; 0.1818001; 240.9361; Sidewalk; 4.319637; Checking Box AICar
10; Pedestrian; Interference; Intention; 28.09.2023 09:34:32; 805.011; 0.1818001; 240.9365; Sidewalk; 4.343382; Checking Box AICar
10; Pedestrian; Interference; Intention; 28.09.2023 09:34:32; 805.0086; 0.1818001; 240.9369; Sidewalk; 4.365026; Checking Box AICar
10; Pedestrian; Interference; Intention; 28.09.2023 09:34:32; 805.0056; 0.1818001; 240.9371; Sidewalk; 4.394166; Checking Box AICar
10; Pedestrian; Interference; Intention; 28.09.2023 09:34:33; 805.0043; 0.1818001; 240.9373; Sidewalk; 4.403079; Checking Box AICar
10; Pedestrian; Interference; Intention; 28.09.2023 09:34:33; 805.0009; 0.1818001; 240.9376; Sidewalk; 4.431863; Checking Box AICar
10; Pedestrian; Interference; Intention; 28.09.2023 09:34:33; 804.9994; 0.1818001; 240.9378; Sidewalk; 4.453031; Checking Box AICar
10; Pedestrian; Interference; Intention; 28.09.2023 09:34:33; 804.998; 0.1818001; 240.938; Sidewalk; 4.47567; Checking Box AICar
10; Pedestrian; Interference; Intention; 28.09.2023 09:34:33; 804.9971; 0.1818001; 240.938; Sidewalk; 4.48616; Checking Box AICar
10; Pedestrian; Interference; Intention; 28.09.2023 09:34:33; 804.9962; 0.1818001; 240.9381; Sidewalk; 4.497291; Checking Box AICar
10; Pedestrian; Interference; Intention; 28.09.2023 09:34:33; 804.9945; 0.1818001; 240.9382; Sidewalk; 4.52038; Checking Box AICar
10; Pedestrian; Interference; Intention; 28.09.2023 09:34:33; 804.9927; 0.1818001; 240.9384; Sidewalk; 4.547529; Checking Box AICar
10; Pedestrian; Interference; Intention; 28.09.2023 09:34:33; 804.9899; 0.1818001; 240.9387; Sidewalk; 4.57551; Checking Box AICar
10; Pedestrian; Interference; Intention; 28.09.2023 09:34:33; 804.9882; 0.1818001; 240.939; Sidewalk; 4.597415; Checking Box AICar
10; Pedestrian; Interference; Intention; 28.09.2023 09:34:33; 804.9873; 0.1818001; 240.9391; Sidewalk; 4.608783; Checking Box AICar
10; Pedestrian; Interference; Intention; 28.09.2023 09:34:33; 804.9866; 0.1818001; 240.9393; Sidewalk; 4.619713; Checking Box AICar
10; Pedestrian; Interference; Intention; 28.09.2023 09:34:33; 804.983; 0.1818001; 240.9397; Sidewalk; 4.653602; Checking Box AICar
10; Pedestrian; Interference; Intention; 28.09.2023 09:34:33; 804.9814; 0.1818001; 240.94; Sidewalk; 4.663968; Checking Box AICar
10; Pedestrian; Interference; Intention; 28.09.2023 09:34:33; 804.9788; 0.1818001; 240.9406; Sidewalk; 4.69303; Checking Box AICar
10; Pedestrian; Interference; Intention; 28.09.2023 09:34:33; 804.9778; 0.1818001; 240.941; Sidewalk; 4.702604; Checking Box AICar
10; Pedestrian; Interference; Intention; 28.09.2023 09:34:33; 804.9753; 0.1818001; 240.9417; Sidewalk; 4.721441; Checking Box AICar
10; Pedestrian; Interference; Intention; 28.09.2023 09:34:33; 804.9739; 0.1818001; 240.9421; Sidewalk; 4.731413; Checking Box AICar
10; Pedestrian; Interference; Intention; 28.09.2023 09:34:33; 804.9682; 0.1818001; 240.9435; Sidewalk; 4.776543; Checking Box AICar
10; Pedestrian; Interference; Intention; 28.09.2023 09:34:33; 804.9665; 0.1818001; 240.9438; Sidewalk; 4.786642; Checking Box AICar
10; Pedestrian; Interference; Intention; 28.09.2023 09:34:33; 804.9648; 0.1818001; 240.9442; Sidewalk; 4.798056; Checking Box AICar
10; Pedestrian; Interference; Intention; 28.09.2023 09:34:33; 804.9623; 0.1818001; 240.9449; Sidewalk; 4.820492; Checking Box AICar
10; Pedestrian; Interference; Intention; 28.09.2023 09:34:33; 804.9596; 0.1818001; 240.9458; Sidewalk; 4.85039; Checking Box AICar
10; Pedestrian; Interference; Intention; 28.09.2023 09:34:33; 804.957; 0.1818001; 240.9466; Sidewalk; 4.869721; Checking Box AICar
10; Pedestrian; Interference; Intention; 28.09.2023 09:34:33; 804.9539; 0.1818001; 240.9478; Sidewalk; 4.897245; Checking Box AICar
10; Pedestrian; Interference; Intention; 28.09.2023 09:34:33; 804.9532; 0.1818001; 240.9482; Sidewalk; 4.908318; Checking Box AICar
10; Pedestrian; Interference; Intention; 28.09.2023 09:34:33; 804.9523; 0.1818001; 240.9487; Sidewalk; 4.930662; Checking Box AICar
10; Pedestrian; Interference; Intention; 28.09.2023 09:34:33; 804.9521; 0.1818001; 240.9491; Sidewalk; 4.942087; Checking Box AICar
10; Pedestrian; Interference; Intention; 28.09.2023 09:34:33; 804.9515; 0.1818001; 240.9497; Sidewalk; 4.975703; Checking Box AICar
10; Pedestrian; Interference; Intention; 28.09.2023 09:34:33; 804.9515; 0.1818001; 240.9498; Sidewalk; 4.986291; Checking Box AICar
10; Pedestrian; Interference; Intention; 28.09.2023 09:34:33; 804.9515; 0.1818001; 240.95; Sidewalk; 5.005187; Checking Box AICar
10; Pedestrian; Interference; Intention; 28.09.2023 09:34:33; 804.9514; 0.1818001; 240.9501; Sidewalk; 5.024796; Checking Box AICar
10; Pedestrian; Interference; Intention; 28.09.2023 09:34:33; 804.9514; 0.1818001; 240.9504; Sidewalk; 5.053187; Checking Box AICar
10; Pedestrian; Interference; Intention; 28.09.2023 09:34:33; 804.9506; 0.1818001; 240.9504; Sidewalk; 5.075471; Checking Box AICar
10; Pedestrian; Interference; Intention; 28.09.2023 09:34:33; 804.9507; 0.1818001; 240.9505; Sidewalk; 5.097483; Checking Box AICar
10; Pedestrian; Interference; Intention; 28.09.2023 09:34:33; 804.9511; 0.1818001; 240.9506; Sidewalk; 5.108533; Checking Box AICar
10; Pedestrian; Interference; Intention; 28.09.2023 09:34:33; 804.9512; 0.1818001; 240.9506; Sidewalk; 5.119304; Checking Box AICar
10; Pedestrian; Interference; Intention; 28.09.2023 09:34:33; 804.9517; 0.1818001; 240.9507; Sidewalk; 5.142648; Checking Box AICar
10; Pedestrian; Interference; Intention; 28.09.2023 09:34:33; 804.9521; 0.1818001; 240.9506; Sidewalk; 5.169877; Checking Box AICar
10; Pedestrian; Interference; Intention; 28.09.2023 09:34:33; 804.9531; 0.1818001; 240.9505; Sidewalk; 5.196877; Checking Box AICar
10; Pedestrian; Interference; Intention; 28.09.2023 09:34:33; 804.9536; 0.1818001; 240.9505; Sidewalk; 5.208743; Checking Box AICar
10; Pedestrian; Interference; Intention; 28.09.2023 09:34:33; 804.9545; 0.1818001; 240.9503; Sidewalk; 5.230044; Checking Box AICar
10; Pedestrian; Interference; Intention; 28.09.2023 09:34:33; 804.9562; 0.1818001; 240.9501; Sidewalk; 5.252636; Checking Box AICar
10; Pedestrian; Interference; Intention; 28.09.2023 09:34:33; 804.9574; 0.1818001; 240.9498; Sidewalk; 5.275917; Checking Box AICar
10; Pedestrian; Interference; Intention; 28.09.2023 09:34:33; 804.9577; 0.1818001; 240.9496; Sidewalk; 5.285891; Checking Box AICar
10; Pedestrian; Interference; Intention; 28.09.2023 09:34:33; 804.9586; 0.1818001; 240.9494; Sidewalk; 5.297078; null
10; Pedestrian; Interference; Intention; 28.09.2023 09:34:33; 804.96; 0.1818001; 240.9489; Sidewalk; 5.32699; null
10; Pedestrian; Interference; Intention; 28.09.2023 09:34:33; 804.9632; 0.1818001; 240.9483; Sidewalk; 5.353611; null
10; Pedestrian; Interference; Intention; 28.09.2023 09:34:33; 804.9641; 0.1818001; 240.9479; Sidewalk; 5.363783; Checking Box Human Car
10; Pedestrian; Interference; Intention; 28.09.2023 09:34:34; 804.9666; 0.1818001; 240.9474; Sidewalk; 5.386457; Checking Box Human Car
10; Pedestrian; Interference; Intention; 28.09.2023 09:34:34; 804.9685; 0.1818001; 240.947; Sidewalk; 5.40915; Checking Box Human Car
10; Pedestrian; Interference; Intention; 28.09.2023 09:34:34; 804.9703; 0.1818001; 240.9465; Sidewalk; 5.430797; Checking Box Human Car
10; Pedestrian; Interference; Intention; 28.09.2023 09:34:34; 804.9712; 0.1818001; 240.9463; Sidewalk; 5.442122; Checking Box Human Car
10; Pedestrian; Interference; Intention; 28.09.2023 09:34:34; 804.973; 0.1818001; 240.9457; Sidewalk; 5.471529; Checking Box Human Car
10; Pedestrian; Interference; Intention; 28.09.2023 09:34:34; 804.9757; 0.1818001; 240.9453; Sidewalk; 5.491253; Checking Box Human Car
10; Pedestrian; Interference; Intention; 28.09.2023 09:34:34; 804.9774; 0.1818001; 240.9447; Sidewalk; 5.509743; Checking Box Human Car
10; Pedestrian; Interference; Intention; 28.09.2023 09:34:34; 804.9781; 0.1818001; 240.9443; Sidewalk; 5.519436; Checking Box Human Car
10; Pedestrian; Interference; Intention; 28.09.2023 09:34:34; 804.9809; 0.1818001; 240.9437; Sidewalk; 5.553143; Checking Box Human Car
10; Pedestrian; Interference; Intention; 28.09.2023 09:34:34; 804.9822; 0.1818001; 240.9433; Sidewalk; 5.576133; Checking Box Human Car
10; Pedestrian; Interference; Intention; 28.09.2023 09:34:34; 804.9833; 0.1818001; 240.9429; Sidewalk; 5.597698; Checking Box Human Car
10; Pedestrian; Interference; Intention; 28.09.2023 09:34:34; 804.9833; 0.1818001; 240.9429; Sidewalk; 5.597698; Checking Box Human Car
10; Pedestrian; Interference; Intention; 28.09.2023 09:34:34; 804.9847; 0.1818001; 240.9426; Sidewalk; 5.626606; Checking Box Human Car
10; Pedestrian; Interference; Intention; 28.09.2023 09:34:34; 804.9854; 0.1818001; 240.9424; Sidewalk; 5.645718; Checking Box Human Car
10; Pedestrian; Interference; Intention; 28.09.2023 09:34:34; 804.9865; 0.1818001; 240.9422; Sidewalk; 5.675271; Checking Box Human Car
10; Pedestrian; Interference; Intention; 28.09.2023 09:34:34; 804.9866; 0.1818001; 240.9422; Sidewalk; 5.686266; Checking Box Human Car
10; Pedestrian; Interference; Intention; 28.09.2023 09:34:34; 804.9866; 0.1818001; 240.9421; Sidewalk; 5.697935; Checking Box Human Car
10; Pedestrian; Interference; Intention; 28.09.2023 09:34:34; 804.9874; 0.1818001; 240.9422; Sidewalk; 5.730604; Checking Box Human Car
10; Pedestrian; Interference; Intention; 28.09.2023 09:34:34; 804.9874; 0.1818001; 240.9422; Sidewalk; 5.752717; Checking Box Human Car
10; Pedestrian; Interference; Intention; 28.09.2023 09:34:34; 804.9874; 0.1818001; 240.9422; Sidewalk; 5.763529; Checking Box Human Car
10; Pedestrian; Interference; Intention; 28.09.2023 09:34:34; 804.9878; 0.1818001; 240.9424; Sidewalk; 5.793694; Checking Box Human Car
10; Pedestrian; Interference; Intention; 28.09.2023 09:34:34; 804.9879; 0.1818001; 240.9425; Sidewalk; 5.803488; Checking Box Human Car
10; Pedestrian; Interference; Intention; 28.09.2023 09:34:34; 804.9882; 0.1818001; 240.9427; Sidewalk; 5.832106; Checking Box Human Car
10; Pedestrian; Interference; Intention; 28.09.2023 09:34:34; 804.9884; 0.1818001; 240.943; Sidewalk; 5.852836; Checking Box Human Car
10; Pedestrian; Interference; Intention; 28.09.2023 09:34:34; 804.9888; 0.1818001; 240.9433; Sidewalk; 5.875315; Checking Box Human Car
10; Pedestrian; Interference; Intention; 28.09.2023 09:34:34; 804.9896; 0.1818001; 240.9435; Sidewalk; 5.896623; Checking Box Human Car
10; Pedestrian; Interference; Intention; 28.09.2023 09:34:34; 804.99; 0.1818001; 240.9436; Sidewalk; 5.907746; Checking Box Human Car
10; Pedestrian; Interference; Intention; 28.09.2023 09:34:34; 804.9904; 0.1818001; 240.9437; Sidewalk; 5.919844; Checking Box Human Car
10; Pedestrian; Interference; Intention; 28.09.2023 09:34:34; 804.9915; 0.1818001; 240.9439; Sidewalk; 5.955087; Checking Box Human Car
10; Pedestrian; Interference; Intention; 28.09.2023 09:34:34; 804.993; 0.1818001; 240.944; Sidewalk; 5.975299; Checking Box Human Car
10; Pedestrian; Interference; Intention; 28.09.2023 09:34:34; 804.9937; 0.1818001; 240.944; Sidewalk; 5.985261; Checking Box Human Car
10; Pedestrian; Interference; Intention; 28.09.2023 09:34:34; 804.9937; 0.1818001; 240.944; Sidewalk; 5.985261; Checking Box Human Car
10; Pedestrian; Interference; Intention; 28.09.2023 09:34:34; 804.9968; 0.1818001; 240.9442; Sidewalk; 6.03053; Checking Box Human Car
10; Pedestrian; Interference; Intention; 28.09.2023 09:34:34; 804.9989; 0.1818001; 240.9443; Sidewalk; 6.052489; Checking Box Human Car
10; Pedestrian; Interference; Intention; 28.09.2023 09:34:34; 804.9998; 0.1818001; 240.9443; Sidewalk; 6.063554; Checking Box Human Car
10; Pedestrian; Interference; Intention; 28.09.2023 09:34:34; 805.0013; 0.1818001; 240.9444; Sidewalk; 6.093246; Checking Box Human Car
10; Pedestrian; Interference; Intention; 28.09.2023 09:34:34; 805.002; 0.1818001; 240.9444; Sidewalk; 6.103026; Checking Box Human Car
10; Pedestrian; Interference; Intention; 28.09.2023 09:34:34; 805.0042; 0.1818001; 240.9444; Sidewalk; 6.130136; Checking Box Human Car
10; Pedestrian; Interference; Intention; 28.09.2023 09:34:34; 805.0054; 0.1818001; 240.9444; Sidewalk; 6.152748; Checking Box Human Car
10; Pedestrian; Interference; Intention; 28.09.2023 09:34:34; 805.0065; 0.1818001; 240.9445; Sidewalk; 6.175658; Checking Box Human Car
10; Pedestrian; Interference; Intention; 28.09.2023 09:34:34; 805.0074; 0.1818001; 240.9446; Sidewalk; 6.197016; Checking Box Human Car
10; Pedestrian; Interference; Intention; 28.09.2023 09:34:34; 805.008; 0.1818001; 240.9447; Sidewalk; 6.20857; Checking Box Human Car
10; Pedestrian; Interference; Intention; 28.09.2023 09:34:34; 805.0084; 0.1818001; 240.9447; Sidewalk; 6.219816; Checking Box Human Car
10; Pedestrian; Interference; Intention; 28.09.2023 09:34:34; 805.0094; 0.1818001; 240.9449; Sidewalk; 6.249295; Checking Box Human Car
10; Pedestrian; Interference; Intention; 28.09.2023 09:34:34; 805.0103; 0.1818001; 240.9451; Sidewalk; 6.270166; Checking Box Human Car
10; Pedestrian; Interference; Intention; 28.09.2023 09:34:34; 805.0121; 0.1818001; 240.9454; Sidewalk; 6.296965; Checking Box Human Car
10; Pedestrian; Interference; Intention; 28.09.2023 09:34:34; 805.0127; 0.1818001; 240.9455; Sidewalk; 6.308412; Checking Box Human Car
10; Pedestrian; Interference; Intention; 28.09.2023 09:34:34; 805.0139; 0.1818001; 240.9457; Sidewalk; 6.330021; Checking Box Human Car
10; Pedestrian; Interference; Intention; 28.09.2023 09:34:34; 805.015; 0.1818001; 240.946; Sidewalk; 6.352643; Checking Box Human Car
10; Pedestrian; Interference; Intention; 28.09.2023 09:34:34; 805.0161; 0.1818001; 240.9462; Sidewalk; 6.375712; Checking Box Human Car
10; Pedestrian; Interference; Intention; 28.09.2023 09:34:34; 805.0168; 0.1818001; 240.9464; Sidewalk; 6.385263; Checking Box Human Car
10; Pedestrian; Interference; Intention; 28.09.2023 09:34:35; 805.0172; 0.1818001; 240.9465; Sidewalk; 6.40405; Checking Box Human Car
10; Pedestrian; Interference; Intention; 28.09.2023 09:34:35; 805.0184; 0.1818001; 240.947; Sidewalk; 6.431652; Checking Box Human Car
10; Pedestrian; Interference; Intention; 28.09.2023 09:34:35; 805.0186; 0.1818001; 240.9473; Sidewalk; 6.452089; Checking Box Human Car
10; Pedestrian; Interference; Intention; 28.09.2023 09:34:35; 805.0185; 0.1818001; 240.9477; Sidewalk; 6.474316; Checking Box Human Car
10; Pedestrian; Interference; Intention; 28.09.2023 09:34:35; 805.0182; 0.1818001; 240.9482; Sidewalk; 6.496797; Checking Box Human Car
10; Pedestrian; Interference; Intention; 28.09.2023 09:34:35; 805.0186; 0.1818001; 240.9483; Sidewalk; 6.507704; Checking Box Human Car
10; Pedestrian; Interference; Intention; 28.09.2023 09:34:35; 805.0185; 0.1818001; 240.9486; Sidewalk; 6.518766; Checking Box Human Car
10; Pedestrian; Interference; Intention; 28.09.2023 09:34:35; 805.0186; 0.1818001; 240.949; Sidewalk; 6.542543; Checking Box Human Car
10; Pedestrian; Interference; Intention; 28.09.2023 09:34:35; 805.0182; 0.1818001; 240.9494; Sidewalk; 6.577787; Checking Box Human Car
10; Pedestrian; Interference; Intention; 28.09.2023 09:34:35; 805.0183; 0.1818001; 240.9498; Sidewalk; 6.596692; Checking Box Human Car
10; Pedestrian; Interference; Intention; 28.09.2023 09:34:35; 805.0182; 0.1818001; 240.95; Sidewalk; 6.607564; Checking Box Human Car
10; Pedestrian; Interference; Intention; 28.09.2023 09:34:35; 805.0181; 0.1818001; 240.9501; Sidewalk; 6.618327; Checking Box Human Car
10; Pedestrian; Interference; Intention; 28.09.2023 09:34:35; 805.0179; 0.1818001; 240.9506; Sidewalk; 6.652008; Checking Box Human Car
10; Pedestrian; Interference; Intention; 28.09.2023 09:34:35; 805.0181; 0.1818001; 240.9509; Sidewalk; 6.675679; Checking Box Human Car
10; Pedestrian; Interference; Intention; 28.09.2023 09:34:35; 805.0182; 0.1818001; 240.9511; Sidewalk; 6.68564; Checking Box Human Car
10; Pedestrian; Interference; Intention; 28.09.2023 09:34:35; 805.0183; 0.1818001; 240.9512; Sidewalk; 6.696864; null
10; Pedestrian; Interference; Intention; 28.09.2023 09:34:35; 805.0187; 0.1818001; 240.9516; Sidewalk; 6.725273; null
10; Pedestrian; Interference; Intention; 28.09.2023 09:34:35; 805.0192; 0.1818001; 240.9521; Sidewalk; 6.754652; null
10; Pedestrian; Interference; Intention; 28.09.2023 09:34:35; 805.0196; 0.1818001; 240.9524; Sidewalk; 6.774995; Checking Box Human Car
10; Pedestrian; Interference; Intention; 28.09.2023 09:34:35; 805.0198; 0.1818001; 240.9526; Sidewalk; 6.797762; Checking Box Human Car
10; Pedestrian; Interference; Intention; 28.09.2023 09:34:35; 805.02; 0.1818001; 240.9527; Sidewalk; 6.808233; Checking Box Human Car
10; Pedestrian; Interference; Intention; 28.09.2023 09:34:35; 805.0201; 0.1818001; 240.9528; Sidewalk; 6.819786; Checking Box Human Car
10; Pedestrian; Interference; Intention; 28.09.2023 09:34:35; 805.0201; 0.1818001; 240.9531; Sidewalk; 6.842438; Checking Box Human Car
10; Pedestrian; Interference; Intention; 28.09.2023 09:34:35; 805.0202; 0.1818001; 240.9533; Sidewalk; 6.853733; Checking Box Human Car
10; Pedestrian; Interference; Intention; 28.09.2023 09:34:35; 805.0209; 0.1818001; 240.9538; Sidewalk; 6.897823; Checking Box Human Car
10; Pedestrian; Interference; Intention; 28.09.2023 09:34:35; 805.0212; 0.1818001; 240.9539; Sidewalk; 6.908433; Checking Box Human Car
10; Pedestrian; Interference; Intention; 28.09.2023 09:34:35; 805.0215; 0.1818001; 240.954; Sidewalk; 6.919312; Checking Box Human Car
10; Pedestrian; Interference; Intention; 28.09.2023 09:34:35; 805.0221; 0.1818001; 240.9543; Sidewalk; 6.95268; Checking Box Human Car
10; Pedestrian; Interference; Intention; 28.09.2023 09:34:35; 805.0227; 0.1818001; 240.9545; Sidewalk; 6.974558; Checking Box Human Car
10; Pedestrian; Interference; Intention; 28.09.2023 09:34:35; 805.023; 0.1818001; 240.9545; Sidewalk; 6.985519; Checking Box AICar
10; Pedestrian; Interference; Intention; 28.09.2023 09:34:35; 805.0233; 0.1818001; 240.9545; Sidewalk; 6.996749; Checking Box AICar
10; Pedestrian; Interference; Intention; 28.09.2023 09:34:35; 805.0233; 0.1818001; 240.9546; Sidewalk; 7.026021; Checking Box AICar
10; Pedestrian; Interference; Intention; 28.09.2023 09:34:35; 805.0239; 0.1818001; 240.9547; Sidewalk; 7.045428; Checking Box AICar
10; Pedestrian; Interference; Intention; 28.09.2023 09:34:35; 805.0252; 0.1818001; 240.955; Sidewalk; 7.074642; Checking Box AICar
10; Pedestrian; Interference; Intention; 28.09.2023 09:34:35; 805.0259; 0.1818001; 240.9552; Sidewalk; 7.097169; Checking Box AICar
10; Pedestrian; Interference; Intention; 28.09.2023 09:34:35; 805.0265; 0.1818001; 240.9553; Sidewalk; 7.107771; Checking Box AICar
10; Pedestrian; Interference; Intention; 28.09.2023 09:34:35; 805.0273; 0.1818001; 240.9555; Sidewalk; 7.129417; Checking Box AICar
10; Pedestrian; Interference; Intention; 28.09.2023 09:34:35; 805.0281; 0.1818001; 240.9557; Sidewalk; 7.152367; Checking Box AICar
10; Pedestrian; Interference; Intention; 28.09.2023 09:34:35; 805.0285; 0.1818001; 240.9557; Sidewalk; 7.163088; Checking Box AICar
10; Pedestrian; Interference; Intention; 28.09.2023 09:34:35; 805.0296; 0.1818001; 240.9559; Sidewalk; 7.197709; Checking Box AICar
10; Pedestrian; Interference; Intention; 28.09.2023 09:34:35; 805.03; 0.1818001; 240.956; Sidewalk; 7.205724; Checking Box AICar
10; Pedestrian; Interference; Intention; 28.09.2023 09:34:35; 805.0316; 0.1818001; 240.9563; Sidewalk; 7.232712; Checking Box AICar
10; Pedestrian; Interference; Intention; 28.09.2023 09:34:35; 805.0327; 0.1818001; 240.9564; Sidewalk; 7.251666; Checking Box AICar
10; Pedestrian; Interference; Intention; 28.09.2023 09:34:35; 805.0342; 0.1818001; 240.9566; Sidewalk; 7.274153; Checking Box AICar
10; Pedestrian; Interference; Intention; 28.09.2023 09:34:35; 805.0353; 0.1818001; 240.9567; Sidewalk; 7.296221; Checking Box AICar
10; Pedestrian; Interference; Intention; 28.09.2023 09:34:35; 805.0358; 0.1818001; 240.9567; Sidewalk; 7.307588; Checking Box AICar
10; Pedestrian; Interference; Intention; 28.09.2023 09:34:35; 805.0364; 0.1818001; 240.9567; Sidewalk; 7.318371; Checking Box AICar
10; Pedestrian; Interference; Intention; 28.09.2023 09:34:35; 805.0376; 0.1818001; 240.9569; Sidewalk; 7.347041; Checking Box AICar
10; Pedestrian; Interference; Intention; 28.09.2023 09:34:35; 805.0391; 0.1818001; 240.957; Sidewalk; 7.377575; Checking Box AICar
10; Pedestrian; Interference; Intention; 28.09.2023 09:34:36; 805.0396; 0.1818001; 240.9571; Sidewalk; 7.385349; Checking Box AICar
10; Pedestrian; Interference; Intention; 28.09.2023 09:34:36; 805.0396; 0.1818001; 240.9573; Sidewalk; 7.396204; Checking Box AICar
10; Pedestrian; Interference; Intention; 28.09.2023 09:34:36; 805.041; 0.1818001; 240.9573; Sidewalk; 7.42973; Checking Box AICar
10; Pedestrian; Interference; Intention; 28.09.2023 09:34:36; 805.0416; 0.1818001; 240.9574; Sidewalk; 7.452507; Checking Box AICar
10; Pedestrian; Interference; Intention; 28.09.2023 09:34:36; 805.0419; 0.1818001; 240.9575; Sidewalk; 7.463389; Checking Box AICar
10; Pedestrian; Interference; Intention; 28.09.2023 09:34:36; 805.0421; 0.1818001; 240.9574; Sidewalk; 7.494931; Checking Box AICar
10; Pedestrian; Interference; Intention; 28.09.2023 09:34:36; 805.0418; 0.1818001; 240.9574; Sidewalk; 7.505293; Checking Box AICar
10; Pedestrian; Interference; Intention; 28.09.2023 09:34:36; 805.0421; 0.1818001; 240.9575; Sidewalk; 7.524354; Checking Box AICar
10; Pedestrian; Interference; Intention; 28.09.2023 09:34:36; 805.0418; 0.1818001; 240.9576; Sidewalk; 7.55296; Checking Box AICar
10; Pedestrian; Interference; Intention; 28.09.2023 09:34:36; 805.0418; 0.1818001; 240.9576; Sidewalk; 7.574917; Checking Box AICar
10; Pedestrian; Interference; Intention; 28.09.2023 09:34:36; 805.0414; 0.1818001; 240.9576; Sidewalk; 7.596534; Checking Box AICar
10; Pedestrian; Interference; Intention; 28.09.2023 09:34:36; 805.0413; 0.1818001; 240.9576; Sidewalk; 7.607569; Checking Box AICar
10; Pedestrian; Interference; Intention; 28.09.2023 09:34:36; 805.0411; 0.1818001; 240.9576; Sidewalk; 7.618442; Checking Box AICar
10; Pedestrian; Interference; Intention; 28.09.2023 09:34:36; 805.0406; 0.1818001; 240.9577; Sidewalk; 7.648814; Checking Box AICar
10; Pedestrian; Interference; Intention; 28.09.2023 09:34:36; 805.0405; 0.1818001; 240.9578; Sidewalk; 7.668083; Checking Box AICar
10; Pedestrian; Interference; Intention; 28.09.2023 09:34:36; 805.0401; 0.1818001; 240.9578; Sidewalk; 7.697036; Checking Box AICar
10; Pedestrian; Interference; Intention; 28.09.2023 09:34:36; 805.04; 0.1818001; 240.9578; Sidewalk; 7.707865; Checking Box AICar
10; Pedestrian; Interference; Intention; 28.09.2023 09:34:36; 805.0399; 0.1818001; 240.9579; Sidewalk; 7.730206; Checking Box AICar
10; Pedestrian; Interference; Intention; 28.09.2023 09:34:36; 805.0394; 0.1818001; 240.9579; Sidewalk; 7.751925; Checking Box AICar
10; Pedestrian; Interference; Intention; 28.09.2023 09:34:36; 805.0388; 0.1818001; 240.958; Sidewalk; 7.774676; Checking Box AICar
10; Pedestrian; Interference; Intention; 28.09.2023 09:34:36; 805.0389; 0.1818001; 240.9581; Sidewalk; 7.784728; Checking Box AICar
10; Pedestrian; Interference; Intention; 28.09.2023 09:34:36; 805.0386; 0.1818001; 240.9581; Sidewalk; 7.80517; Checking Box AICar
10; Pedestrian; Interference; Intention; 28.09.2023 09:34:36; 805.0382; 0.1818001; 240.9583; Sidewalk; 7.82726; Checking Box AICar
10; Pedestrian; Interference; Intention; 28.09.2023 09:34:36; 805.0369; 0.1818001; 240.9585; Sidewalk; 7.845397; Checking Box AICar
10; Pedestrian; Interference; Intention; 28.09.2023 09:34:36; 805.0352; 0.1818001; 240.9588; Sidewalk; 7.876077; Checking Box AICar
10; Pedestrian; Interference; Intention; 28.09.2023 09:34:36; 805.0342; 0.1818001; 240.959; Sidewalk; 7.896458; Checking Box AICar
10; Pedestrian; Interference; Intention; 28.09.2023 09:34:36; 805.0338; 0.1818001; 240.9591; Sidewalk; 7.906946; Checking Box AICar
10; Pedestrian; Interference; Intention; 28.09.2023 09:34:36; 805.0328; 0.1818001; 240.9593; Sidewalk; 7.928989; Checking Box AICar
10; Pedestrian; Interference; Intention; 28.09.2023 09:34:36; 805.0324; 0.1818001; 240.9594; Sidewalk; 7.940302; Checking Box AICar
10; Pedestrian; Interference; Intention; 28.09.2023 09:34:36; 805.0314; 0.1818001; 240.9598; Sidewalk; 7.978064; Checking Box Human Car
10; Pedestrian; Interference; Intention; 28.09.2023 09:34:36; 805.0306; 0.1818001; 240.96; Sidewalk; 7.995954; Checking Box Human Car
10; Pedestrian; Interference; Intention; 28.09.2023 09:34:36; 805.0299; 0.1818001; 240.9602; Sidewalk; 8.0067; Checking Box Human Car
10; Pedestrian; Interference; Intention; 28.09.2023 09:34:36; 805.0289; 0.1818001; 240.9604; Sidewalk; 8.029009; Checking Box Human Car
10; Pedestrian; Interference; Intention; 28.09.2023 09:34:36; 805.0272; 0.1818001; 240.9606; Sidewalk; 8.050951; Checking Box Human Car
10; Pedestrian; Interference; Intention; 28.09.2023 09:34:36; 805.0256; 0.1818001; 240.9609; Sidewalk; 8.073779; Checking Box AICar
10; Pedestrian; Interference; Intention; 28.09.2023 09:34:36; 805.0247; 0.1818001; 240.9611; Sidewalk; 8.084466; Checking Box AICar
10; Pedestrian; Interference; Intention; 28.09.2023 09:34:36; 805.0238; 0.1818001; 240.9612; Sidewalk; 8.097214; Checking Box AICar
10; Pedestrian; Interference; Intention; 28.09.2023 09:34:36; 805.02; 0.1818001; 240.9619; Sidewalk; 8.132647; Checking Box AICar
10; Pedestrian; Interference; Intention; 28.09.2023 09:34:36; 805.0175; 0.1818001; 240.9624; Sidewalk; 8.150905; Checking Box AICar
10; Pedestrian; Interference; Intention; 28.09.2023 09:34:36; 805.0146; 0.1818001; 240.9631; Sidewalk; 8.173449; Checking Box AICar
10; Pedestrian; Interference; Intention; 28.09.2023 09:34:36; 805.0119; 0.1818001; 240.9636; Sidewalk; 8.196086; Checking Box AICar
10; Pedestrian; Interference; Intention; 28.09.2023 09:34:36; 805.0119; 0.1818001; 240.9636; Sidewalk; 8.196086; Checking Box AICar
10; Pedestrian; Interference; Intention; 28.09.2023 09:34:36; 805.008; 0.1818001; 240.9643; Sidewalk; 8.229977; Checking Box AICar
10; Pedestrian; Interference; Intention; 28.09.2023 09:34:36; 805.007; 0.1818001; 240.9645; Sidewalk; 8.241261; Checking Box AICar
10; Pedestrian; Interference; Intention; 28.09.2023 09:34:36; 805.0055; 0.1818001; 240.965; Sidewalk; 8.269628; Checking Box AICar
10; Pedestrian; Interference; Intention; 28.09.2023 09:34:36; 805.0034; 0.1818001; 240.9657; Sidewalk; 8.299067; Checking Box AICar
10; Pedestrian; Interference; Intention; 28.09.2023 09:34:36; 805.0024; 0.1818001; 240.9659; Sidewalk; 8.307366; Checking Box AICar
10; Pedestrian; Interference; Intention; 28.09.2023 09:34:36; 805.0011; 0.1818001; 240.9664; Sidewalk; 8.329598; Checking Box AICar
10; Pedestrian; Interference; Intention; 28.09.2023 09:34:36; 805.0001; 0.1818001; 240.9668; Sidewalk; 8.351401; Checking Box AICar
10; Pedestrian; Interference; Intention; 28.09.2023 09:34:36; 804.998; 0.1818001; 240.9673; Sidewalk; 8.374246; Checking Box AICar
10; Pedestrian; Interference; Intention; 28.09.2023 09:34:37; 804.9968; 0.1818001; 240.9679; Sidewalk; 8.395935; Checking Box AICar
10; Pedestrian; Interference; Intention; 28.09.2023 09:34:37; 804.9968; 0.1818001; 240.9679; Sidewalk; 8.395935; Checking Box AICar
10; Pedestrian; Interference; Intention; 28.09.2023 09:34:37; 804.9953; 0.1818001; 240.9687; Sidewalk; 8.426374; Checking Box AICar
10; Pedestrian; Interference; Intention; 28.09.2023 09:34:37; 804.9926; 0.1818001; 240.9698; Sidewalk; 8.455072; Checking Box AICar
10; Pedestrian; Interference; Intention; 28.09.2023 09:34:37; 804.9904; 0.1818001; 240.9705; Sidewalk; 8.473908; Checking Box AICar
10; Pedestrian; Interference; Intention; 28.09.2023 09:34:37; 804.9886; 0.1818001; 240.9712; Sidewalk; 8.496755; Checking Box AICar
10; Pedestrian; Interference; Intention; 28.09.2023 09:34:37; 804.9875; 0.1818001; 240.9715; Sidewalk; 8.506844; Checking Box AICar
10; Pedestrian; Interference; Intention; 28.09.2023 09:34:37; 804.9863; 0.1818001; 240.9724; Sidewalk; 8.528804; Checking Box AICar
10; Pedestrian; Interference; Intention; 28.09.2023 09:34:37; 804.9841; 0.1818001; 240.9733; Sidewalk; 8.551422; Checking Box AICar
10; Pedestrian; Interference; Intention; 28.09.2023 09:34:37; 804.9841; 0.1818001; 240.9733; Sidewalk; 8.551422; Checking Box AICar
10; Pedestrian; Interference; Intention; 28.09.2023 09:34:37; 804.9818; 0.1818001; 240.9744; Sidewalk; 8.587429; Checking Box AICar
10; Pedestrian; Interference; Intention; 28.09.2023 09:34:37; 804.9815; 0.1818001; 240.9753; Sidewalk; 8.610344; Checking Box AICar
10; Pedestrian; Interference; Intention; 28.09.2023 09:34:37; 804.9797; 0.1818001; 240.9758; Sidewalk; 8.62898; Checking Box AICar
10; Pedestrian; Interference; Intention; 28.09.2023 09:34:37; 804.9789; 0.1818001; 240.9764; Sidewalk; 8.651484; Checking Box AICar
10; Pedestrian; Interference; Intention; 28.09.2023 09:34:37; 804.9777; 0.1818001; 240.9768; Sidewalk; 8.673156; Checking Box AICar
10; Pedestrian; Interference; Intention; 28.09.2023 09:34:37; 804.9774; 0.1818001; 240.9772; Sidewalk; 8.695838; Checking Box AICar
10; Pedestrian; Interference; Intention; 28.09.2023 09:34:37; 804.9771; 0.1818001; 240.9774; Sidewalk; 8.706438; Checking Box AICar
10; Pedestrian; Interference; Intention; 28.09.2023 09:34:37; 804.9766; 0.1818001; 240.9776; Sidewalk; 8.717818; Checking Box AICar
10; Pedestrian; Interference; Intention; 28.09.2023 09:34:37; 804.9749; 0.1818001; 240.9781; Sidewalk; 8.755124; Checking Box AICar
10; Pedestrian; Interference; Intention; 28.09.2023 09:34:37; 804.9727; 0.1818001; 240.9785; Sidewalk; 8.774436; Checking Box AICar
10; Pedestrian; Interference; Intention; 28.09.2023 09:34:37; 804.9709; 0.1818001; 240.979; Sidewalk; 8.795871; Checking Box AICar
10; Pedestrian; Interference; Intention; 28.09.2023 09:34:37; 804.97; 0.1818001; 240.9793; Sidewalk; 8.806453; Checking Box AICar
10; Pedestrian; Interference; Intention; 28.09.2023 09:34:37; 804.9678; 0.1818001; 240.9797; Sidewalk; 8.82913; Checking Box AICar
10; Pedestrian; Interference; Intention; 28.09.2023 09:34:37; 804.9677; 0.1818001; 240.98; Sidewalk; 8.840461; Checking Box AICar
10; Pedestrian; Interference; Intention; 28.09.2023 09:34:37; 804.9672; 0.1818001; 240.9802; Sidewalk; 8.851522; Checking Box AICar
10; Pedestrian; Interference; Intention; 28.09.2023 09:34:37; 804.9655; 0.1818001; 240.9807; Sidewalk; 8.892526; Checking Box AICar
10; Pedestrian; Interference; Intention; 28.09.2023 09:34:37; 804.964; 0.1818001; 240.9807; Sidewalk; 8.902833; Checking Box AICar
10; Pedestrian; Interference; Intention; 28.09.2023 09:34:37; 804.9628; 0.1818001; 240.9812; Sidewalk; 8.929544; Checking Box AICar
10; Pedestrian; Interference; Intention; 28.09.2023 09:34:37; 804.962; 0.1818001; 240.9818; Sidewalk; 8.950982; Checking Box AICar
10; Pedestrian; Interference; Intention; 28.09.2023 09:34:37; 804.9608; 0.1818001; 240.9823; Sidewalk; 8.973275; Checking Box AICar
10; Pedestrian; Interference; Intention; 28.09.2023 09:34:37; 804.9605; 0.1818001; 240.9831; Sidewalk; 8.995895; Checking Box AICar
10; Pedestrian; Interference; Intention; 28.09.2023 09:34:37; 804.9601; 0.1818001; 240.9835; Sidewalk; 9.006199; Checking Box AICar
10; Pedestrian; Interference; Intention; 28.09.2023 09:34:37; 804.9598; 0.1818001; 240.9838; Sidewalk; 9.017472; Checking Box AICar
10; Pedestrian; Interference; Intention; 28.09.2023 09:34:37; 804.959; 0.1818001; 240.9847; Sidewalk; 9.0471; Checking Box AICar
10; Pedestrian; Interference; Intention; 28.09.2023 09:34:37; 804.9582; 0.1818001; 240.9862; Sidewalk; 9.07453; Checking Box AICar
10; Pedestrian; Interference; Intention; 28.09.2023 09:34:37; 804.9579; 0.1818001; 240.9874; Sidewalk; 9.095883; Checking Box AICar
10; Pedestrian; Interference; Intention; 28.09.2023 09:34:37; 804.9578; 0.1818001; 240.988; Sidewalk; 9.106551; Checking Box AICar
10; Pedestrian; Interference; Intention; 28.09.2023 09:34:37; 804.9574; 0.1818001; 240.9893; Sidewalk; 9.129251; Checking Box AICar
10; Pedestrian; Interference; Intention; 28.09.2023 09:34:37; 804.957; 0.1818001; 240.9907; Sidewalk; 9.150618; Checking Box AICar
10; Pedestrian; Interference; Intention; 28.09.2023 09:34:37; 804.9568; 0.1818001; 240.9921; Sidewalk; 9.173664; Checking Box AICar
10; Pedestrian; Interference; Intention; 28.09.2023 09:34:37; 804.9567; 0.1818001; 240.9928; Sidewalk; 9.183982; Checking Box AICar
10; Pedestrian; Interference; Intention; 28.09.2023 09:34:37; 804.9563; 0.1818001; 240.9936; Sidewalk; 9.20312; Checking Box AICar
10; Pedestrian; Interference; Intention; 28.09.2023 09:34:37; 804.9555; 0.1818001; 240.9957; Sidewalk; 9.230029; Checking Box AICar
10; Pedestrian; Interference; Intention; 28.09.2023 09:34:37; 804.9552; 0.1818001; 240.9973; Sidewalk; 9.250968; Checking Box AICar
10; Pedestrian; Interference; Intention; 28.09.2023 09:34:37; 804.9547; 0.1818001; 240.9991; Sidewalk; 9.273848; Checking Box AICar
10; Pedestrian; Interference; Intention; 28.09.2023 09:34:37; 804.9536; 0.1818001; 241.0008; Sidewalk; 9.295946; Checking Box AICar
10; Pedestrian; Interference; Intention; 28.09.2023 09:34:37; 804.953; 0.1818001; 241.0017; Sidewalk; 9.306186; Checking Box AICar
10; Pedestrian; Interference; Intention; 28.09.2023 09:34:37; 804.9521; 0.1818001; 241.0034; Sidewalk; 9.328847; Checking Box AICar
10; Pedestrian; Interference; Intention; 28.09.2023 09:34:37; 804.9512; 0.1818001; 241.0042; Sidewalk; 9.340317; Checking Box AICar
10; Pedestrian; Interference; Intention; 28.09.2023 09:34:37; 804.9484; 0.1818001; 241.0067; Sidewalk; 9.375878; Checking Box AICar
10; Pedestrian; Interference; Intention; 28.09.2023 09:34:38; 804.9463; 0.1818001; 241.0084; Sidewalk; 9.395313; Checking Box AICar
10; Pedestrian; Interference; Intention; 28.09.2023 09:34:38; 804.945; 0.1818001; 241.0093; Sidewalk; 9.406001; Checking Box AICar
10; Pedestrian; Interference; Intention; 28.09.2023 09:34:38; 804.9428; 0.1818001; 241.011; Sidewalk; 9.429516; Checking Box AICar
10; Pedestrian; Interference; Intention; 28.09.2023 09:34:38; 804.9414; 0.1818001; 241.0119; Sidewalk; 9.440042; Checking Box AICar
10; Pedestrian; Interference; Intention; 28.09.2023 09:34:38; 804.9371; 0.1818001; 241.0142; Sidewalk; 9.474068; Checking Box AICar
10; Pedestrian; Interference; Intention; 28.09.2023 09:34:38; 804.9348; 0.1818001; 241.0149; Sidewalk; 9.484898; Checking Box AICar
10; Pedestrian; Interference; Intention; 28.09.2023 09:34:38; 804.9331; 0.1818001; 241.0157; Sidewalk; 9.495996; Checking Box AICar
10; Pedestrian; Interference; Intention; 28.09.2023 09:34:38; 804.9302; 0.1818001; 241.0171; Sidewalk; 9.52725; Checking Box AICar
10; Pedestrian; Interference; Intention; 28.09.2023 09:34:38; 804.9241; 0.1818001; 241.019; Sidewalk; 9.555856; Checking Box AICar
10; Pedestrian; Interference; Intention; 28.09.2023 09:34:38; 804.92; 0.1818001; 241.0202; Sidewalk; 9.574479; Checking Box AICar
10; Pedestrian; Interference; Intention; 28.09.2023 09:34:38; 804.9154; 0.1818001; 241.0211; Sidewalk; 9.596258; Checking Box AICar
10; Pedestrian; Interference; Intention; 28.09.2023 09:34:38; 804.913; 0.1818001; 241.0215; Sidewalk; 9.607109; Checking Box AICar
10; Pedestrian; Interference; Intention; 28.09.2023 09:34:38; 804.9083; 0.1818001; 241.0223; Sidewalk; 9.629559; Checking Box AICar
10; Pedestrian; Interference; Intention; 28.09.2023 09:34:38; 804.9056; 0.1818001; 241.0225; Sidewalk; 9.640672; Checking Box AICar
10; Pedestrian; Interference; Intention; 28.09.2023 09:34:38; 804.9002; 0.1818001; 241.023; Sidewalk; 9.672853; Checking Box AICar
10; Pedestrian; Interference; Intention; 28.09.2023 09:34:38; 804.894; 0.1818001; 241.0232; Sidewalk; 9.695855; Checking Box AICar
10; Pedestrian; Interference; Intention; 28.09.2023 09:34:38; 804.8911; 0.1818001; 241.0233; Sidewalk; 9.705873; Checking Box AICar
10; Pedestrian; Interference; Intention; 28.09.2023 09:34:38; 804.8824; 0.1818001; 241.0235; Sidewalk; 9.733036; Checking Box AICar
10; Pedestrian; Interference; Intention; 28.09.2023 09:34:38; 804.8766; 0.1818001; 241.0235; Sidewalk; 9.751215; Checking Box AICar
10; Pedestrian; Interference; Intention; 28.09.2023 09:34:38; 804.8706; 0.1818001; 241.0233; Sidewalk; 9.773082; Checking Box AICar
10; Pedestrian; Interference; Intention; 28.09.2023 09:34:38; 804.865; 0.1818001; 241.0231; Sidewalk; 9.796; Checking Box AICar
10; Pedestrian; Interference; Intention; 28.09.2023 09:34:38; 804.865; 0.1818001; 241.0231; Sidewalk; 9.796; Checking Box AICar
10; Pedestrian; Interference; Intention; 28.09.2023 09:34:38; 804.8592; 0.1818001; 241.0225; Sidewalk; 9.825106; Checking Box AICar
10; Pedestrian; Interference; Intention; 28.09.2023 09:34:38; 804.8541; 0.1818001; 241.022; Sidewalk; 9.844086; Checking Box AICar
10; Pedestrian; Interference; Intention; 28.09.2023 09:34:38; 804.8464; 0.1818001; 241.0207; Sidewalk; 9.876283; Checking Box AICar
10; Pedestrian; Interference; Intention; 28.09.2023 09:34:38; 804.8416; 0.1818001; 241.0196; Sidewalk; 9.896205; Checking Box AICar
10; Pedestrian; Interference; Intention; 28.09.2023 09:34:38; 804.8393; 0.1818001; 241.019; Sidewalk; 9.906495; Checking Box AICar
10; Pedestrian; Interference; Intention; 28.09.2023 09:34:38; 804.835; 0.1818001; 241.0178; Sidewalk; 9.929012; Checking Box AICar
10; Pedestrian; Interference; Intention; 28.09.2023 09:34:38; 804.8309; 0.1818001; 241.0162; Sidewalk; 9.950518; null
10; Pedestrian; Interference; Intention; 28.09.2023 09:34:38; 804.8289; 0.1818001; 241.0154; Sidewalk; 9.96225; null
10; Pedestrian; Interference; Intention; 28.09.2023 09:34:38; 804.8232; 0.1818001; 241.0127; Sidewalk; 9.998183; null
10; Pedestrian; Interference; Intention; 28.09.2023 09:34:38; 804.8218; 0.1818001; 241.0118; Sidewalk; 10.00614; null
10; Pedestrian; Interference; Intention; 28.09.2023 09:34:38; 804.8182; 0.1818001; 241.0097; Sidewalk; 10.02806; null
10; Pedestrian; Interference; Intention; 28.09.2023 09:34:38; 804.8158; 0.1818001; 241.0076; Sidewalk; 10.05037; null
10; Pedestrian; Interference; Intention; 28.09.2023 09:34:38; 804.8135; 0.1818001; 241.0056; Sidewalk; 10.07294; null
10; Pedestrian; Interference; Intention; 28.09.2023 09:34:38; 804.8116; 0.1818001; 241.0036; Sidewalk; 10.09497; null
10; Pedestrian; Interference; Intention; 28.09.2023 09:34:38; 804.8109; 0.1818001; 241.0027; Sidewalk; 10.10573; null
10; Pedestrian; Interference; Intention; 28.09.2023 09:34:38; 804.8102; 0.1818001; 241.0018; Sidewalk; 10.11804; null
10; Pedestrian; Interference; Intention; 28.09.2023 09:34:38; 804.809; 0.1818001; 241; Sidewalk; 10.15019; null
10; Pedestrian; Interference; Intention; 28.09.2023 09:34:38; 804.8074; 0.1818001; 240.9972; Sidewalk; 10.17764; null
10; Pedestrian; Interference; Intention; 28.09.2023 09:34:38; 804.8063; 0.1818001; 240.9955; Sidewalk; 10.19553; null
10; Pedestrian; Interference; Intention; 28.09.2023 09:34:38; 804.806; 0.1818001; 240.9947; Sidewalk; 10.20589; null
10; Pedestrian; Interference; Intention; 28.09.2023 09:34:38; 804.8052; 0.1818001; 240.9931; Sidewalk; 10.22795; null
10; Pedestrian; Interference; Intention; 28.09.2023 09:34:38; 804.8051; 0.1818001; 240.9923; Sidewalk; 10.23992; null
10; Pedestrian; Interference; Intention; 28.09.2023 09:34:38; 804.8051; 0.1818001; 240.9914; Sidewalk; 10.24996; null
10; Pedestrian; Interference; Intention; 28.09.2023 09:34:38; 804.8043; 0.1818001; 240.9888; Sidewalk; 10.2922; null
10; Pedestrian; Interference; Intention; 28.09.2023 09:34:38; 804.8042; 0.1818001; 240.988; Sidewalk; 10.30218; null
10; Pedestrian; Interference; Intention; 28.09.2023 09:34:38; 804.804; 0.1818001; 240.9852; Sidewalk; 10.32994; null
10; Pedestrian; Interference; Intention; 28.09.2023 09:34:38; 804.8046; 0.1818001; 240.9834; Sidewalk; 10.35008; null
10; Pedestrian; Interference; Intention; 28.09.2023 09:34:38; 804.8053; 0.1818001; 240.9816; Sidewalk; 10.37327; null
10; Pedestrian; Interference; Intention; 28.09.2023 09:34:39; 804.8062; 0.1818001; 240.9798; Sidewalk; 10.39591; null
10; Pedestrian; Interference; Intention; 28.09.2023 09:34:39; 804.8076; 0.1818001; 240.979; Sidewalk; 10.40595; Checking Box Human Car
10; Pedestrian; Interference; Intention; 28.09.2023 09:34:39; 804.808; 0.1818001; 240.978; Sidewalk; 10.41745; Checking Box Human Car
10; Pedestrian; Interference; Intention; 28.09.2023 09:34:39; 804.8096; 0.1818001; 240.9764; Sidewalk; 10.44755; Checking Box Human Car
10; Pedestrian; Interference; Intention; 28.09.2023 09:34:39; 804.8115; 0.1818001; 240.9742; Sidewalk; 10.47569; Checking Box Human Car
10; Pedestrian; Interference; Intention; 28.09.2023 09:34:39; 804.8124; 0.1818001; 240.9728; Sidewalk; 10.496; Checking Box Human Car
10; Pedestrian; Interference; Intention; 28.09.2023 09:34:39; 804.8127; 0.1818001; 240.9722; Sidewalk; 10.50556; Checking Box Human Car
10; Pedestrian; Interference; Intention; 28.09.2023 09:34:39; 804.813; 0.1818001; 240.9711; Sidewalk; 10.52888; Checking Box Human Car
10; Pedestrian; Interference; Intention; 28.09.2023 09:34:39; 804.8131; 0.1818001; 240.97; Sidewalk; 10.55043; Checking Box Human Car
10; Pedestrian; Interference; Intention; 28.09.2023 09:34:39; 804.8131; 0.1818001; 240.9691; Sidewalk; 10.57282; Checking Box Human Car
10; Pedestrian; Interference; Intention; 28.09.2023 09:34:39; 804.8128; 0.1818001; 240.9688; Sidewalk; 10.58408; Checking Box Human Car
10; Pedestrian; Interference; Intention; 28.09.2023 09:34:39; 804.8127; 0.1818001; 240.9684; Sidewalk; 10.60593; Checking Box Human Car
10; Pedestrian; Interference; Intention; 28.09.2023 09:34:39; 804.8121; 0.1818001; 240.9677; Sidewalk; 10.62724; Checking Box Human Car
10; Pedestrian; Interference; Intention; 28.09.2023 09:34:39; 804.8113; 0.1818001; 240.9669; Sidewalk; 10.65463; Checking Box Human Car
10; Pedestrian; Interference; Intention; 28.09.2023 09:34:39; 804.8104; 0.1818001; 240.9665; Sidewalk; 10.67299; Checking Box Human Car
10; Pedestrian; Interference; Intention; 28.09.2023 09:34:39; 804.8092; 0.1818001; 240.9662; Sidewalk; 10.69614; Checking Box Human Car
10; Pedestrian; Interference; Intention; 28.09.2023 09:34:39; 804.8088; 0.1818001; 240.966; Sidewalk; 10.70604; Checking Box Human Car
10; Pedestrian; Interference; Intention; 28.09.2023 09:34:39; 804.8082; 0.1818001; 240.9659; Sidewalk; 10.72871; Checking Box Human Car
10; Pedestrian; Interference; Intention; 28.09.2023 09:34:39; 804.808; 0.1818001; 240.9658; Sidewalk; 10.73979; Checking Box Human Car
10; Pedestrian; Interference; Intention; 28.09.2023 09:34:39; 804.8074; 0.1818001; 240.9658; Sidewalk; 10.76857; Checking Box Human Car
10; Pedestrian; Interference; Intention; 28.09.2023 09:34:39; 804.8068; 0.1818001; 240.9657; Sidewalk; 10.79795; Checking Box Human Car
10; Pedestrian; Interference; Intention; 28.09.2023 09:34:39; 804.8067; 0.1818001; 240.9657; Sidewalk; 10.80646; Checking Box Human Car
10; Pedestrian; Interference; Intention; 28.09.2023 09:34:39; 804.8068; 0.1818001; 240.9657; Sidewalk; 10.82874; Checking Box Human Car
10; Pedestrian; Interference; Intention; 28.09.2023 09:34:39; 804.8067; 0.1818001; 240.9658; Sidewalk; 10.85097; Checking Box Human Car
10; Pedestrian; Interference; Intention; 28.09.2023 09:34:39; 804.8069; 0.1818001; 240.9659; Sidewalk; 10.87376; Checking Box Human Car
10; Pedestrian; Interference; Intention; 28.09.2023 09:34:39; 804.8073; 0.1818001; 240.9659; Sidewalk; 10.88487; Checking Box Human Car
10; Pedestrian; Interference; Intention; 28.09.2023 09:34:39; 804.8074; 0.1818001; 240.9659; Sidewalk; 10.89779; Checking Box Human Car
10; Pedestrian; Interference; Intention; 28.09.2023 09:34:39; 804.809; 0.1818001; 240.9661; Sidewalk; 10.93355; Checking Box Human Car
10; Pedestrian; Interference; Intention; 28.09.2023 09:34:39; 804.8101; 0.1818001; 240.9663; Sidewalk; 10.95057; Checking Box Human Car
10; Pedestrian; Interference; Intention; 28.09.2023 09:34:39; 804.8109; 0.1818001; 240.9664; Sidewalk; 10.97378; Checking Box Human Car
10; Pedestrian; Interference; Intention; 28.09.2023 09:34:39; 804.812; 0.1818001; 240.9666; Sidewalk; 10.9959; Checking Box Human Car
10; Pedestrian; Interference; Intention; 28.09.2023 09:34:39; 804.8124; 0.1818001; 240.9666; Sidewalk; 11.00554; Checking Box Human Car
10; Pedestrian; Interference; Intention; 28.09.2023 09:34:39; 804.8135; 0.1818001; 240.9667; Sidewalk; 11.02793; Checking Box Human Car
10; Pedestrian; Interference; Intention; 28.09.2023 09:34:39; 804.8142; 0.1818001; 240.9668; Sidewalk; 11.03935; Checking Box Human Car
10; Pedestrian; Interference; Intention; 28.09.2023 09:34:39; 804.8152; 0.1818001; 240.9669; Sidewalk; 11.07019; Checking Box Human Car
10; Pedestrian; Interference; Intention; 28.09.2023 09:34:39; 804.8165; 0.1818001; 240.9671; Sidewalk; 11.09879; Checking Box Human Car
10; Pedestrian; Interference; Intention; 28.09.2023 09:34:39; 804.8169; 0.1818001; 240.9671; Sidewalk; 11.10772; Checking Box Human Car
10; Pedestrian; Interference; Intention; 28.09.2023 09:34:39; 804.8181; 0.1818001; 240.9671; Sidewalk; 11.12763; Checking Box Human Car
10; Pedestrian; Interference; Intention; 28.09.2023 09:34:39; 804.8189; 0.1818001; 240.9671; Sidewalk; 11.15007; Checking Box Human Car
10; Pedestrian; Interference; Intention; 28.09.2023 09:34:39; 804.8198; 0.1818001; 240.9671; Sidewalk; 11.17213; Checking Box Human Car
10; Pedestrian; Interference; Intention; 28.09.2023 09:34:39; 804.8212; 0.1818001; 240.9669; Sidewalk; 11.19496; Checking Box Human Car
10; Pedestrian; Interference; Intention; 28.09.2023 09:34:39; 804.8212; 0.1818001; 240.9669; Sidewalk; 11.19496; Checking Box Human Car
10; Pedestrian; Interference; Intention; 28.09.2023 09:34:39; 804.823; 0.1818001; 240.9666; Sidewalk; 11.22389; Checking Box Human Car
10; Pedestrian; Interference; Intention; 28.09.2023 09:34:39; 804.8251; 0.1818001; 240.9663; Sidewalk; 11.25058; Checking Box Human Car
10; Pedestrian; Interference; Intention; 28.09.2023 09:34:39; 804.8269; 0.1818001; 240.966; Sidewalk; 11.27286; Checking Box Human Car
10; Pedestrian; Interference; Intention; 28.09.2023 09:34:39; 804.8286; 0.1818001; 240.9657; Sidewalk; 11.29554; Checking Box Human Car
10; Pedestrian; Interference; Intention; 28.09.2023 09:34:39; 804.8293; 0.1818001; 240.9656; Sidewalk; 11.30638; Checking Box Human Car
10; Pedestrian; Interference; Intention; 28.09.2023 09:34:39; 804.8304; 0.1818001; 240.9653; Sidewalk; 11.32794; Checking Box Human Car
10; Pedestrian; Interference; Intention; 28.09.2023 09:34:39; 804.8318; 0.1818001; 240.965; Sidewalk; 11.34975; Checking Box Human Car
10; Pedestrian; Interference; Intention; 28.09.2023 09:34:39; 804.8323; 0.1818001; 240.9649; Sidewalk; 11.36205; Checking Box Human Car
10; Pedestrian; Interference; Intention; 28.09.2023 09:34:40; 804.8336; 0.1818001; 240.9644; Sidewalk; 11.39861; Checking Box Human Car
10; Pedestrian; Interference; Intention; 28.09.2023 09:34:40; 804.8345; 0.1818001; 240.9644; Sidewalk; 11.40695; Checking Box Human Car
10; Pedestrian; Interference; Intention; 28.09.2023 09:34:40; 804.8353; 0.1818001; 240.9642; Sidewalk; 11.4276; Checking Box Human Car
10; Pedestrian; Interference; Intention; 28.09.2023 09:34:40; 804.8361; 0.1818001; 240.9641; Sidewalk; 11.45068; Checking Box Human Car
10; Pedestrian; Interference; Intention; 28.09.2023 09:34:40; 804.8372; 0.1818001; 240.9641; Sidewalk; 11.47271; Checking Box Human Car
10; Pedestrian; Interference; Intention; 28.09.2023 09:34:40; 804.838; 0.1818001; 240.9641; Sidewalk; 11.49527; Checking Box Human Car
10; Pedestrian; Interference; Intention; 28.09.2023 09:34:40; 804.838; 0.1818001; 240.9641; Sidewalk; 11.50551; Checking Box Human Car
10; Pedestrian; Interference; Intention; 28.09.2023 09:34:40; 804.839; 0.1818001; 240.9642; Sidewalk; 11.51784; Checking Box Human Car
10; Pedestrian; Interference; Intention; 28.09.2023 09:34:40; 804.8403; 0.1818001; 240.9643; Sidewalk; 11.54581; Checking Box Human Car
10; Pedestrian; Interference; Intention; 28.09.2023 09:34:40; 804.842; 0.1818001; 240.9645; Sidewalk; 11.5737; Checking Box Human Car
10; Pedestrian; Interference; Intention; 28.09.2023 09:34:40; 804.8427; 0.1818001; 240.9646; Sidewalk; 11.59559; Checking Box Human Car
10; Pedestrian; Interference; Intention; 28.09.2023 09:34:40; 804.8433; 0.1818001; 240.9646; Sidewalk; 11.60507; Checking Box Human Car
10; Pedestrian; Interference; Intention; 28.09.2023 09:34:40; 804.8445; 0.1818001; 240.9649; Sidewalk; 11.62805; Checking Box Human Car
10; Pedestrian; Interference; Intention; 28.09.2023 09:34:40; 804.8456; 0.1818001; 240.9652; Sidewalk; 11.64963; Checking Box Human Car
10; Pedestrian; Interference; Intention; 28.09.2023 09:34:40; 804.8463; 0.1818001; 240.9653; Sidewalk; 11.66096; Checking Box Human Car
10; Pedestrian; Interference; Intention; 28.09.2023 09:34:40; 804.8474; 0.1818001; 240.9655; Sidewalk; 11.68998; Checking Box Human Car
10; Pedestrian; Interference; Intention; 28.09.2023 09:34:40; 804.8489; 0.1818001; 240.9658; Sidewalk; 11.71053; Checking Box Human Car
10; Pedestrian; Interference; Intention; 28.09.2023 09:34:40; 804.8497; 0.1818001; 240.9662; Sidewalk; 11.72717; Checking Box Human Car
10; Pedestrian; Interference; Intention; 28.09.2023 09:34:40; 804.8506; 0.1818001; 240.9665; Sidewalk; 11.7504; Checking Box Human Car
10; Pedestrian; Interference; Intention; 28.09.2023 09:34:40; 804.8515; 0.1818001; 240.9669; Sidewalk; 11.77208; Checking Box Human Car
10; Pedestrian; Interference; Intention; 28.09.2023 09:34:40; 804.8521; 0.1818001; 240.9673; Sidewalk; 11.79435; Checking Box Human Car
10; Pedestrian; Interference; Intention; 28.09.2023 09:34:40; 804.8525; 0.1818001; 240.9674; Sidewalk; 11.80609; Checking Box Human Car
10; Pedestrian; Interference; Intention; 28.09.2023 09:34:40; 804.8527; 0.1818001; 240.9676; Sidewalk; 11.8168; Checking Box Human Car
10; Pedestrian; Interference; Intention; 28.09.2023 09:34:40; 804.8529; 0.1818001; 240.9679; Sidewalk; 11.8472; Checking Box Human Car
10; Pedestrian; Interference; Intention; 28.09.2023 09:34:40; 804.8536; 0.1818001; 240.9685; Sidewalk; 11.87359; Checking Box Human Car
10; Pedestrian; Interference; Intention; 28.09.2023 09:34:40; 804.8536; 0.1818001; 240.9689; Sidewalk; 11.8967; Checking Box Human Car
10; Pedestrian; Interference; Intention; 28.09.2023 09:34:40; 804.8532; 0.1818001; 240.9691; Sidewalk; 11.90644; Checking Box Human Car
10; Pedestrian; Interference; Intention; 28.09.2023 09:34:40; 804.8532; 0.1818001; 240.9695; Sidewalk; 11.92847; Checking Box Human Car
10; Pedestrian; Interference; Intention; 28.09.2023 09:34:40; 804.853; 0.1818001; 240.9698; Sidewalk; 11.95073; Checking Box Human Car
10; Pedestrian; Interference; Intention; 28.09.2023 09:34:40; 804.8527; 0.1818001; 240.9702; Sidewalk; 11.97289; Checking Box Human Car
10; Pedestrian; Interference; Intention; 28.09.2023 09:34:40; 804.8525; 0.1818001; 240.9703; Sidewalk; 11.98364; Checking Box Human Car
10; Pedestrian; Interference; Intention; 28.09.2023 09:34:40; 804.853; 0.1818001; 240.9706; Sidewalk; 12.00158; Checking Box Human Car
10; Pedestrian; Interference; Intention; 28.09.2023 09:34:40; 804.8524; 0.1818001; 240.9711; Sidewalk; 12.03029; Checking Box Human Car
10; Pedestrian; Interference; Intention; 28.09.2023 09:34:40; 804.8526; 0.1818001; 240.9715; Sidewalk; 12.04944; Checking Box Human Car
10; Pedestrian; Interference; Intention; 28.09.2023 09:34:40; 804.8517; 0.1818001; 240.9718; Sidewalk; 12.07253; Checking Box Human Car
10; Pedestrian; Interference; Intention; 28.09.2023 09:34:40; 804.8516; 0.1818001; 240.9722; Sidewalk; 12.09513; Checking Box Human Car
10; Pedestrian; Interference; Intention; 28.09.2023 09:34:40; 804.8513; 0.1818001; 240.9724; Sidewalk; 12.10552; Checking Box Human Car
10; Pedestrian; Interference; Intention; 28.09.2023 09:34:40; 804.8508; 0.1818001; 240.9726; Sidewalk; 12.12821; Checking Box Human Car
10; Pedestrian; Interference; Intention; 28.09.2023 09:34:40; 804.8507; 0.1818001; 240.9728; Sidewalk; 12.1399; Checking Box Human Car
10; Pedestrian; Interference; Intention; 28.09.2023 09:34:40; 804.8503; 0.1818001; 240.973; Sidewalk; 12.1628; Checking Box Human Car
10; Pedestrian; Interference; Intention; 28.09.2023 09:34:40; 804.8497; 0.1818001; 240.9735; Sidewalk; 12.19877; Checking Box Human Car
10; Pedestrian; Interference; Intention; 28.09.2023 09:34:40; 804.8503; 0.1818001; 240.9737; Sidewalk; 12.20754; Checking Box Human Car
10; Pedestrian; Interference; Intention; 28.09.2023 09:34:40; 804.85; 0.1818001; 240.974; Sidewalk; 12.2269; Checking Box Human Car
10; Pedestrian; Interference; Intention; 28.09.2023 09:34:40; 804.8503; 0.1818001; 240.9743; Sidewalk; 12.24949; Checking Box Human Car
10; Pedestrian; Interference; Intention; 28.09.2023 09:34:40; 804.8509; 0.1818001; 240.9746; Sidewalk; 12.27234; Checking Box Human Car
10; Pedestrian; Interference; Intention; 28.09.2023 09:34:40; 804.851; 0.1818001; 240.9747; Sidewalk; 12.28356; Checking Box Human Car
10; Pedestrian; Interference; Intention; 28.09.2023 09:34:40; 804.8509; 0.1818001; 240.9748; Sidewalk; 12.29455; Checking Box Human Car
10; Pedestrian; Interference; Intention; 28.09.2023 09:34:40; 804.8508; 0.1818001; 240.9751; Sidewalk; 12.33275; Checking Box Human Car
10; Pedestrian; Interference; Intention; 28.09.2023 09:34:40; 804.851; 0.1818001; 240.9751; Sidewalk; 12.34999; Checking Box Human Car
10; Pedestrian; Interference; Intention; 28.09.2023 09:34:40; 804.8513; 0.1818001; 240.9752; Sidewalk; 12.3716; Checking Box Human Car
10; Pedestrian; Interference; Intention; 28.09.2023 09:34:41; 804.8508; 0.1818001; 240.9752; Sidewalk; 12.39435; Checking Box Human Car
10; Pedestrian; Interference; Intention; 28.09.2023 09:34:41; 804.8508; 0.1818001; 240.9752; Sidewalk; 12.39435; Checking Box Human Car
10; Pedestrian; Interference; Intention; 28.09.2023 09:34:41; 804.8511; 0.1818001; 240.9752; Sidewalk; 12.40485; Checking Box Human Car
10; Pedestrian; Interference; Intention; 28.09.2023 09:34:41; 804.8514; 0.1818001; 240.9752; Sidewalk; 12.44098; Checking Box Human Car
10; Pedestrian; Interference; Intention; 28.09.2023 09:34:41; 804.8513; 0.1818001; 240.9752; Sidewalk; 12.47292; Checking Box Human Car
10; Pedestrian; Interference; Intention; 28.09.2023 09:34:41; 804.8509; 0.1818001; 240.9751; Sidewalk; 12.49571; Checking Box Human Car
10; Pedestrian; Interference; Intention; 28.09.2023 09:34:41; 804.8508; 0.1818001; 240.9751; Sidewalk; 12.50548; Checking Box Human Car
10; Pedestrian; Interference; Intention; 28.09.2023 09:34:41; 804.8503; 0.1818001; 240.975; Sidewalk; 12.52792; Checking Box Human Car
10; Pedestrian; Interference; Intention; 28.09.2023 09:34:41; 804.851; 0.1818001; 240.9749; Sidewalk; 12.55011; Checking Box Human Car
10; Pedestrian; Interference; Intention; 28.09.2023 09:34:41; 804.8513; 0.1818001; 240.9749; Sidewalk; 12.57205; Checking Box Human Car
10; Pedestrian; Interference; Intention; 28.09.2023 09:34:41; 804.851; 0.1818001; 240.9746; Sidewalk; 12.59493; Checking Box Human Car
10; Pedestrian; Interference; Intention; 28.09.2023 09:34:41; 804.851; 0.1818001; 240.9746; Sidewalk; 12.59493; Checking Box Human Car
10; Pedestrian; Interference; Intention; 28.09.2023 09:34:41; 804.851; 0.1818001; 240.9744; Sidewalk; 12.62778; Checking Box Human Car
10; Pedestrian; Interference; Intention; 28.09.2023 09:34:41; 804.8504; 0.1818001; 240.974; Sidewalk; 12.65097; Checking Box Human Car
10; Pedestrian; Interference; Intention; 28.09.2023 09:34:41; 804.8503; 0.1818001; 240.9738; Sidewalk; 12.67196; Checking Box Human Car
10; Pedestrian; Interference; Intention; 28.09.2023 09:34:41; 804.8503; 0.1818001; 240.9734; Sidewalk; 12.69411; Checking Box Human Car
10; Pedestrian; Interference; Intention; 28.09.2023 09:34:41; 804.8503; 0.1818001; 240.9733; Sidewalk; 12.70567; Checking Box Human Car
10; Pedestrian; Interference; Intention; 28.09.2023 09:34:41; 804.8503; 0.1818001; 240.9728; Sidewalk; 12.7275; Checking Box Human Car
10; Pedestrian; Interference; Intention; 28.09.2023 09:34:41; 804.8504; 0.1818001; 240.9724; Sidewalk; 12.74924; Checking Box Human Car
10; Pedestrian; Interference; Intention; 28.09.2023 09:34:41; 804.8505; 0.1818001; 240.9722; Sidewalk; 12.76276; Checking Box Human Car
10; Pedestrian; Interference; Intention; 28.09.2023 09:34:41; 804.851; 0.1818001; 240.9716; Sidewalk; 12.79753; Checking Box Human Car
10; Pedestrian; Interference; Intention; 28.09.2023 09:34:41; 804.8513; 0.1818001; 240.9713; Sidewalk; 12.80472; Checking Box Human Car
10; Pedestrian; Interference; Intention; 28.09.2023 09:34:41; 804.8519; 0.1818001; 240.9708; Sidewalk; 12.82682; Checking Box Human Car
10; Pedestrian; Interference; Intention; 28.09.2023 09:34:41; 804.8525; 0.1818001; 240.97; Sidewalk; 12.85044; Checking Box Human Car
10; Pedestrian; Interference; Intention; 28.09.2023 09:34:41; 804.8539; 0.1818001; 240.9695; Sidewalk; 12.87205; Checking Box Human Car
10; Pedestrian; Interference; Intention; 28.09.2023 09:34:41; 804.8546; 0.1818001; 240.969; Sidewalk; 12.89577; Checking Box Human Car
10; Pedestrian; Interference; Intention; 28.09.2023 09:34:41; 804.8553; 0.1818001; 240.9687; Sidewalk; 12.9052; Checking Box Human Car
10; Pedestrian; Interference; Intention; 28.09.2023 09:34:41; 804.8557; 0.1818001; 240.9684; Sidewalk; 12.91825; Checking Box Human Car
10; Pedestrian; Interference; Intention; 28.09.2023 09:34:41; 804.8564; 0.1818001; 240.9677; Sidewalk; 12.94632; Checking Box Human Car
10; Pedestrian; Interference; Intention; 28.09.2023 09:34:41; 804.8582; 0.1818001; 240.9668; Sidewalk; 12.97445; Checking Box Human Car
10; Pedestrian; Interference; Intention; 28.09.2023 09:34:41; 804.8599; 0.1818001; 240.9661; Sidewalk; 12.99386; Checking Box Human Car
10; Pedestrian; Interference; Intention; 28.09.2023 09:34:41; 804.8605; 0.1818001; 240.9657; Sidewalk; 13.00586; Checking Box Human Car
10; Pedestrian; Interference; Intention; 28.09.2023 09:34:41; 804.8619; 0.1818001; 240.9651; Sidewalk; 13.0268; Checking Box Human Car
10; Pedestrian; Interference; Intention; 28.09.2023 09:34:41; 804.863; 0.1818001; 240.9645; Sidewalk; 13.04944; Checking Box Human Car
10; Pedestrian; Interference; Intention; 28.09.2023 09:34:41; 804.8637; 0.1818001; 240.9642; Sidewalk; 13.0604; Checking Box Human Car
10; Pedestrian; Interference; Intention; 28.09.2023 09:34:41; 804.8648; 0.1818001; 240.9635; Sidewalk; 13.09247; Checking Box Human Car
10; Pedestrian; Interference; Intention; 28.09.2023 09:34:41; 804.8654; 0.1818001; 240.9632; Sidewalk; 13.10496; Checking Box Human Car
10; Pedestrian; Interference; Intention; 28.09.2023 09:34:41; 804.8669; 0.1818001; 240.9624; Sidewalk; 13.13172; Checking Box Human Car
10; Pedestrian; Interference; Intention; 28.09.2023 09:34:41; 804.8677; 0.1818001; 240.9619; Sidewalk; 13.14999; Checking Box Human Car
10; Pedestrian; Interference; Intention; 28.09.2023 09:34:41; 804.8688; 0.1818001; 240.9613; Sidewalk; 13.17144; Checking Box Human Car
10; Pedestrian; Interference; Intention; 28.09.2023 09:34:41; 804.8694; 0.1818001; 240.9607; Sidewalk; 13.19387; Checking Box Human Car
10; Pedestrian; Interference; Intention; 28.09.2023 09:34:41; 804.8694; 0.1818001; 240.9607; Sidewalk; 13.19387; Checking Box Human Car
10; Pedestrian; Interference; Intention; 28.09.2023 09:34:41; 804.8698; 0.1818001; 240.9605; Sidewalk; 13.20473; Checking Box Human Car
10; Pedestrian; Interference; Intention; 28.09.2023 09:34:41; 804.8706; 0.1818001; 240.9598; Sidewalk; 13.24579; Checking Box Human Car
10; Pedestrian; Interference; Intention; 28.09.2023 09:34:41; 804.8715; 0.1818001; 240.9591; Sidewalk; 13.27575; Checking Box Human Car
10; Pedestrian; Interference; Intention; 28.09.2023 09:34:41; 804.8721; 0.1818001; 240.959; Sidewalk; 13.29435; Checking Box Human Car
10; Pedestrian; Interference; Intention; 28.09.2023 09:34:41; 804.8722; 0.1818001; 240.9588; Sidewalk; 13.30472; Checking Box Human Car
10; Pedestrian; Interference; Intention; 28.09.2023 09:34:41; 804.8727; 0.1818001; 240.9587; Sidewalk; 13.32723; Checking Box Human Car
10; Pedestrian; Interference; Intention; 28.09.2023 09:34:41; 804.873; 0.1818001; 240.9585; Sidewalk; 13.34949; Checking Box Human Car
10; Pedestrian; Interference; Intention; 28.09.2023 09:34:41; 804.873; 0.1818001; 240.9583; Sidewalk; 13.37217; BicycleInterference
10; Pedestrian; Interference; Intention; 28.09.2023 09:34:41; 804.8734; 0.1818001; 240.9583; Sidewalk; 13.383; BicycleInterference
10; Pedestrian; Interference; Intention; 28.09.2023 09:34:42; 804.8734; 0.1818001; 240.9583; Sidewalk; 13.383; BicycleInterference
10; Pedestrian; Interference; Intention; 28.09.2023 09:34:42; 804.8734; 0.1818001; 240.9583; Sidewalk; 13.42427; BicycleInterference
10; Pedestrian; Interference; Intention; 28.09.2023 09:34:42; 804.8738; 0.1818001; 240.9583; Sidewalk; 13.45555; BicycleInterference
10; Pedestrian; Interference; Intention; 28.09.2023 09:34:42; 804.8739; 0.1818001; 240.9583; Sidewalk; 13.47289; BicycleInterference
10; Pedestrian; Interference; Intention; 28.09.2023 09:34:42; 804.8743; 0.1818001; 240.9584; Sidewalk; 13.49378; BicycleInterference
10; Pedestrian; Interference; Intention; 28.09.2023 09:34:42; 804.8743; 0.1818001; 240.9585; Sidewalk; 13.50474; BicycleInterference
10; Pedestrian; Interference; Intention; 28.09.2023 09:34:42; 804.8743; 0.1818001; 240.9586; Sidewalk; 13.52686; BicycleInterference
10; Pedestrian; Interference; Intention; 28.09.2023 09:34:42; 804.8745; 0.1818001; 240.9587; Sidewalk; 13.539; BicycleInterference
10; Pedestrian; Interference; Intention; 28.09.2023 09:34:42; 804.8741; 0.1818001; 240.959; Sidewalk; 13.57648; BicycleInterference
10; Pedestrian; Interference; Intention; 28.09.2023 09:34:42; 804.8739; 0.1818001; 240.9591; Sidewalk; 13.59337; BicycleInterference
10; Pedestrian; Interference; Intention; 28.09.2023 09:34:42; 804.8739; 0.1818001; 240.9592; Sidewalk; 13.6045; BicycleInterference
10; Pedestrian; Interference; Intention; 28.09.2023 09:34:42; 804.8741; 0.1818001; 240.9595; Sidewalk; 13.62651; BicycleInterference
10; Pedestrian; Interference; Intention; 28.09.2023 09:34:42; 804.8738; 0.1818001; 240.9598; Sidewalk; 13.64903; BicycleInterference
10; Pedestrian; Interference; Intention; 28.09.2023 09:34:42; 804.8735; 0.1818001; 240.9601; Sidewalk; 13.67155; BicycleInterference
10; Pedestrian; Interference; Intention; 28.09.2023 09:34:42; 804.8735; 0.1818001; 240.9602; Sidewalk; 13.68316; BicycleInterference
10; Pedestrian; Interference; Intention; 28.09.2023 09:34:42; 804.8732; 0.1818001; 240.9603; Sidewalk; 13.695; BicycleInterference
10; Pedestrian; Interference; Intention; 28.09.2023 09:34:42; 804.8728; 0.1818001; 240.9605; Sidewalk; 13.73217; BicycleInterference
10; Pedestrian; Interference; Intention; 28.09.2023 09:34:42; 804.8724; 0.1818001; 240.9607; Sidewalk; 13.74944; BicycleInterference
10; Pedestrian; Interference; Intention; 28.09.2023 09:34:42; 804.8721; 0.1818001; 240.9609; Sidewalk; 13.7714; BicycleInterference
10; Pedestrian; Interference; Intention; 28.09.2023 09:34:42; 804.8712; 0.1818001; 240.9611; Sidewalk; 13.79417; BicycleInterference
10; Pedestrian; Interference; Intention; 28.09.2023 09:34:42; 804.8713; 0.1818001; 240.9612; Sidewalk; 13.80432; BicycleInterference
10; Pedestrian; Interference; Intention; 28.09.2023 09:34:42; 804.8704; 0.1818001; 240.9615; Sidewalk; 13.82614; BicycleInterference
10; Pedestrian; Interference; Intention; 28.09.2023 09:34:42; 804.8699; 0.1818001; 240.9616; Sidewalk; 13.83823; BicycleInterference
10; Pedestrian; Interference; Intention; 28.09.2023 09:34:42; 804.8692; 0.1818001; 240.9618; Sidewalk; 13.86701; BicycleInterference
10; Pedestrian; Interference; Intention; 28.09.2023 09:34:42; 804.8674; 0.1818001; 240.9623; Sidewalk; 13.89443; BicycleInterference
10; Pedestrian; Interference; Intention; 28.09.2023 09:34:42; 804.8663; 0.1818001; 240.9625; Sidewalk; 13.9051; BicycleInterference
10; Pedestrian; Interference; Intention; 28.09.2023 09:34:42; 804.8643; 0.1818001; 240.9629; Sidewalk; 13.92736; BicycleInterference
10; Pedestrian; Interference; Intention; 28.09.2023 09:34:42; 804.8629; 0.1818001; 240.9633; Sidewalk; 13.9503; BicycleInterference
10; Pedestrian; Interference; Intention; 28.09.2023 09:34:42; 804.861; 0.1818001; 240.9637; Sidewalk; 13.97271; BicycleInterference
10; Pedestrian; Interference; Intention; 28.09.2023 09:34:42; 804.8593; 0.1818001; 240.964; Sidewalk; 13.99392; BicycleInterference
10; Pedestrian; Interference; Intention; 28.09.2023 09:34:42; 804.8593; 0.1818001; 240.964; Sidewalk; 13.99392; BicycleInterference
10; Pedestrian; Interference; Intention; 28.09.2023 09:34:42; 804.8574; 0.1818001; 240.9643; Sidewalk; 14.02665; BicycleInterference
10; Pedestrian; Interference; Intention; 28.09.2023 09:34:42; 804.854; 0.1818001; 240.9645; Sidewalk; 14.05115; BicycleInterference
10; Pedestrian; Interference; Intention; 28.09.2023 09:34:42; 804.8516; 0.1818001; 240.9646; Sidewalk; 14.07152; BicycleInterference
10; Pedestrian; Interference; Intention; 28.09.2023 09:34:42; 804.8494; 0.1818001; 240.9646; Sidewalk; 14.09372; BicycleInterference
10; Pedestrian; Interference; Intention; 28.09.2023 09:34:42; 804.8483; 0.1818001; 240.9645; Sidewalk; 14.10415; BicycleInterference
10; Pedestrian; Interference; Intention; 28.09.2023 09:34:42; 804.8463; 0.1818001; 240.9645; Sidewalk; 14.12674; BicycleInterference
10; Pedestrian; Interference; Intention; 28.09.2023 09:34:42; 804.8441; 0.1818001; 240.9643; Sidewalk; 14.14914; BicycleInterference
10; Pedestrian; Interference; Intention; 28.09.2023 09:34:42; 804.8431; 0.1818001; 240.9642; Sidewalk; 14.16157; BicycleInterference
10; Pedestrian; Interference; Intention; 28.09.2023 09:34:42; 804.8413; 0.1818001; 240.964; Sidewalk; 14.19027; BicycleInterference
10; Pedestrian; Interference; Intention; 28.09.2023 09:34:42; 804.8392; 0.1818001; 240.9637; Sidewalk; 14.20957; BicycleInterference
10; Pedestrian; Interference; Intention; 28.09.2023 09:34:42; 804.8373; 0.1818001; 240.9633; Sidewalk; 14.22651; BicycleInterference
10; Pedestrian; Interference; Intention; 28.09.2023 09:34:42; 804.835; 0.1818001; 240.9628; Sidewalk; 14.24951; BicycleInterference
10; Pedestrian; Interference; Intention; 28.09.2023 09:34:42; 804.8332; 0.1818001; 240.9623; Sidewalk; 14.27161; BicycleInterference
10; Pedestrian; Interference; Intention; 28.09.2023 09:34:42; 804.8314; 0.1818001; 240.9618; Sidewalk; 14.29348; BicycleInterference
10; Pedestrian; Interference; Intention; 28.09.2023 09:34:42; 804.8303; 0.1818001; 240.9614; Sidewalk; 14.3041; BicycleInterference
10; Pedestrian; Interference; Intention; 28.09.2023 09:34:42; 804.8294; 0.1818001; 240.9611; Sidewalk; 14.31609; BicycleInterference
10; Pedestrian; Interference; Intention; 28.09.2023 09:34:42; 804.8272; 0.1818001; 240.96; Sidewalk; 14.3553; BicycleInterference
10; Pedestrian; Interference; Intention; 28.09.2023 09:34:42; 804.8257; 0.1818001; 240.9593; Sidewalk; 14.37182; BicycleInterference
10; Pedestrian; Interference; Intention; 28.09.2023 09:34:42; 804.8243; 0.1818001; 240.9586; Sidewalk; 14.39348; BicycleInterference
10; Pedestrian; Interference; Intention; 28.09.2023 09:34:43; 804.8239; 0.1818001; 240.9582; Sidewalk; 14.40402; BicycleInterference
10; Pedestrian; Interference; Intention; 28.09.2023 09:34:43; 804.8229; 0.1818001; 240.9573; Sidewalk; 14.42606; BicycleInterference
10; Pedestrian; Interference; Intention; 28.09.2023 09:34:43; 804.822; 0.1818001; 240.9566; Sidewalk; 14.4486; BicycleInterference
10; Pedestrian; Interference; Intention; 28.09.2023 09:34:43; 804.8219; 0.1818001; 240.9562; Sidewalk; 14.45957; BicycleInterference
10; Pedestrian; Interference; Intention; 28.09.2023 09:34:43; 804.8213; 0.1818001; 240.9553; Sidewalk; 14.49; null
10; Pedestrian; Interference; Intention; 28.09.2023 09:34:43; 804.8207; 0.1818001; 240.9546; Sidewalk; 14.51015; Checking Box Human Car
10; Pedestrian; Interference; Intention; 28.09.2023 09:34:43; 804.8203; 0.1818001; 240.9538; Sidewalk; 14.52589; Checking Box Human Car
10; Pedestrian; Interference; Intention; 28.09.2023 09:34:43; 804.8195; 0.1818001; 240.9532; Sidewalk; 14.54856; Checking Box Human Car
10; Pedestrian; Interference; Intention; 28.09.2023 09:34:43; 804.8194; 0.1818001; 240.9529; Sidewalk; 14.55958; Checking Box Human Car
10; Pedestrian; Interference; Intention; 28.09.2023 09:34:43; 804.8187; 0.1818001; 240.9519; Sidewalk; 14.59315; Checking Box Human Car
10; Pedestrian; Interference; Intention; 28.09.2023 09:34:43; 804.8184; 0.1818001; 240.9516; Sidewalk; 14.60478; Checking Box Human Car
10; Pedestrian; Interference; Intention; 28.09.2023 09:34:43; 804.8181; 0.1818001; 240.9513; Sidewalk; 14.61656; Checking Box Human Car
10; Pedestrian; Interference; Intention; 28.09.2023 09:34:43; 804.8168; 0.1818001; 240.9505; Sidewalk; 14.65577; Checking Box Human Car
10; Pedestrian; Interference; Intention; 28.09.2023 09:34:43; 804.8163; 0.1818001; 240.95; Sidewalk; 14.67274; Checking Box Human Car
10; Pedestrian; Interference; Intention; 28.09.2023 09:34:43; 804.8157; 0.1818001; 240.9496; Sidewalk; 14.69337; Checking Box Human Car
10; Pedestrian; Interference; Intention; 28.09.2023 09:34:43; 804.8153; 0.1818001; 240.9494; Sidewalk; 14.70466; Checking Box Human Car
10; Pedestrian; Interference; Intention; 28.09.2023 09:34:43; 804.8145; 0.1818001; 240.949; Sidewalk; 14.72675; Checking Box Human Car
10; Pedestrian; Interference; Intention; 28.09.2023 09:34:43; 804.8137; 0.1818001; 240.9488; Sidewalk; 14.74942; Checking Box Human Car
10; Pedestrian; Interference; Intention; 28.09.2023 09:34:43; 804.8126; 0.1818001; 240.9485; Sidewalk; 14.77107; Checking Box Human Car
10; Pedestrian; Interference; Intention; 28.09.2023 09:34:43; 804.8122; 0.1818001; 240.9484; Sidewalk; 14.78318; Checking Box Human Car
10; Pedestrian; Interference; Intention; 28.09.2023 09:34:43; 804.8112; 0.1818001; 240.9482; Sidewalk; 14.8112; Checking Box Human Car
10; Pedestrian; Interference; Intention; 28.09.2023 09:34:43; 804.8104; 0.1818001; 240.948; Sidewalk; 14.82758; Checking Box Human Car
10; Pedestrian; Interference; Intention; 28.09.2023 09:34:43; 804.8093; 0.1818001; 240.9479; Sidewalk; 14.85022; Checking Box Human Car
10; Pedestrian; Interference; Intention; 28.09.2023 09:34:43; 804.8084; 0.1818001; 240.9478; Sidewalk; 14.87107; Checking Box Human Car
10; Pedestrian; Interference; Intention; 28.09.2023 09:34:43; 804.8074; 0.1818001; 240.9477; Sidewalk; 14.89375; Checking Box Human Car
10; Pedestrian; Interference; Intention; 28.09.2023 09:34:43; 804.8068; 0.1818001; 240.9476; Sidewalk; 14.90464; Checking Box Human Car
10; Pedestrian; Interference; Intention; 28.09.2023 09:34:43; 804.8057; 0.1818001; 240.9477; Sidewalk; 14.92723; Checking Box Human Car
10; Pedestrian; Interference; Intention; 28.09.2023 09:34:43; 804.8051; 0.1818001; 240.9477; Sidewalk; 14.93885; Checking Box Human Car
10; Pedestrian; Interference; Intention; 28.09.2023 09:34:43; 804.8037; 0.1818001; 240.9479; Sidewalk; 14.97732; Checking Box Human Car
10; Pedestrian; Interference; Intention; 28.09.2023 09:34:43; 804.8033; 0.1818001; 240.948; Sidewalk; 14.99538; Checking Box Human Car
10; Pedestrian; Interference; Intention; 28.09.2023 09:34:43; 804.8027; 0.1818001; 240.948; Sidewalk; 15.00389; Checking Box Human Car
10; Pedestrian; Interference; Intention; 28.09.2023 09:34:43; 804.8021; 0.1818001; 240.9482; Sidewalk; 15.02607; Checking Box Human Car
10; Pedestrian; Interference; Intention; 28.09.2023 09:34:43; 804.8014; 0.1818001; 240.9484; Sidewalk; 15.04828; Checking Box Human Car
10; Pedestrian; Interference; Intention; 28.09.2023 09:34:43; 804.8008; 0.1818001; 240.9485; Sidewalk; 15.07057; null
10; Pedestrian; Interference; Intention; 28.09.2023 09:34:43; 804.8007; 0.1818001; 240.9486; Sidewalk; 15.08243; null
10; Pedestrian; Interference; Intention; 28.09.2023 09:34:43; 804.8004; 0.1818001; 240.9487; Sidewalk; 15.09315; null
10; Pedestrian; Interference; Intention; 28.09.2023 09:34:43; 804.8002; 0.1818001; 240.9489; Sidewalk; 15.12186; null
10; Pedestrian; Interference; Intention; 28.09.2023 09:34:43; 804.8002; 0.1818001; 240.9489; Sidewalk; 15.12186; null
10; Pedestrian; Interference; Intention; 28.09.2023 09:34:43; 804.8002; 0.1818001; 240.9494; Sidewalk; 15.16988; Checking Box AICar
10; Pedestrian; Interference; Intention; 28.09.2023 09:34:43; 804.8002; 0.1818001; 240.9496; Sidewalk; 15.19979; Checking Box AICar
10; Pedestrian; Interference; Intention; 28.09.2023 09:34:43; 804.8004; 0.1818001; 240.9497; Sidewalk; 15.20849; Checking Box AICar
10; Pedestrian; Interference; Intention; 28.09.2023 09:34:43; 804.8007; 0.1818001; 240.9498; Sidewalk; 15.21795; Checking Box AICar
10; Pedestrian; Interference; Intention; 28.09.2023 09:34:43; 804.8008; 0.1818001; 240.95; Sidewalk; 15.23784; Checking Box AICar
10; Pedestrian; Interference; Intention; 28.09.2023 09:34:43; 804.8009; 0.1818001; 240.9502; Sidewalk; 15.27115; Checking Box AICar
10; Pedestrian; Interference; Intention; 28.09.2023 09:34:43; 804.8017; 0.1818001; 240.9505; Sidewalk; 15.29443; Checking Box AICar
10; Pedestrian; Interference; Intention; 28.09.2023 09:34:43; 804.8018; 0.1818001; 240.9505; Sidewalk; 15.30421; Checking Box AICar
10; Pedestrian; Interference; Intention; 28.09.2023 09:34:43; 804.8017; 0.1818001; 240.9507; Sidewalk; 15.32699; Checking Box Human Car
10; Pedestrian; Interference; Intention; 28.09.2023 09:34:43; 804.8016; 0.1818001; 240.9508; Sidewalk; 15.34949; Checking Box Human Car
10; Pedestrian; Interference; Intention; 28.09.2023 09:34:43; 804.8016; 0.1818001; 240.9509; Sidewalk; 15.37109; Checking Box Human Car
10; Pedestrian; Interference; Intention; 28.09.2023 09:34:43; 804.8016; 0.1818001; 240.951; Sidewalk; 15.39371; Checking Box Human Car
10; Pedestrian; Interference; Intention; 28.09.2023 09:34:44; 804.8016; 0.1818001; 240.951; Sidewalk; 15.39371; Checking Box Human Car
10; Pedestrian; Interference; Intention; 28.09.2023 09:34:44; 804.8016; 0.1818001; 240.9512; Sidewalk; 15.42406; Checking Box Human Car
10; Pedestrian; Interference; Intention; 28.09.2023 09:34:44; 804.8017; 0.1818001; 240.9514; Sidewalk; 15.45273; Checking Box Human Car
10; Pedestrian; Interference; Intention; 28.09.2023 09:34:44; 804.8017; 0.1818001; 240.9515; Sidewalk; 15.47087; Checking Box Human Car
10; Pedestrian; Interference; Intention; 28.09.2023 09:34:44; 804.8022; 0.1818001; 240.9517; Sidewalk; 15.49315; Checking Box Human Car
10; Pedestrian; Interference; Intention; 28.09.2023 09:34:44; 804.8022; 0.1818001; 240.9518; Sidewalk; 15.50402; Checking Box Human Car
10; Pedestrian; Interference; Intention; 28.09.2023 09:34:44; 804.8026; 0.1818001; 240.9519; Sidewalk; 15.52567; Checking Box Human Car
10; Pedestrian; Interference; Intention; 28.09.2023 09:34:44; 804.8026; 0.1818001; 240.9521; Sidewalk; 15.54923; Checking Box Human Car
10; Pedestrian; Interference; Intention; 28.09.2023 09:34:44; 804.8027; 0.1818001; 240.9521; Sidewalk; 15.5597; Checking Box Human Car
10; Pedestrian; Interference; Intention; 28.09.2023 09:34:44; 804.8027; 0.1818001; 240.9523; Sidewalk; 15.59914; Checking Box Human Car
10; Pedestrian; Interference; Intention; 28.09.2023 09:34:44; 804.8028; 0.1818001; 240.9523; Sidewalk; 15.60798; Checking Box Human Car
10; Pedestrian; Interference; Intention; 28.09.2023 09:34:44; 804.8028; 0.1818001; 240.9525; Sidewalk; 15.62578; Checking Box Human Car
10; Pedestrian; Interference; Intention; 28.09.2023 09:34:44; 804.8028; 0.1818001; 240.9527; Sidewalk; 15.64883; Checking Box Human Car
10; Pedestrian; Interference; Intention; 28.09.2023 09:34:44; 804.8025; 0.1818001; 240.9529; Sidewalk; 15.67035; Checking Box Human Car
10; Pedestrian; Interference; Intention; 28.09.2023 09:34:44; 804.8025; 0.1818001; 240.9532; Sidewalk; 15.69282; Checking Box Human Car
10; Pedestrian; Interference; Intention; 28.09.2023 09:34:44; 804.8024; 0.1818001; 240.9534; Sidewalk; 15.70376; Checking Box Human Car
10; Pedestrian; Interference; Intention; 28.09.2023 09:34:44; 804.8022; 0.1818001; 240.9535; Sidewalk; 15.71579; Checking Box Human Car
10; Pedestrian; Interference; Intention; 28.09.2023 09:34:44; 804.8018; 0.1818001; 240.9539; Sidewalk; 15.75218; Checking Box Human Car
10; Pedestrian; Interference; Intention; 28.09.2023 09:34:44; 804.802; 0.1818001; 240.9543; Sidewalk; 15.77034; Checking Box Human Car
10; Pedestrian; Interference; Intention; 28.09.2023 09:34:44; 804.8016; 0.1818001; 240.9546; Sidewalk; 15.79217; Checking Box Human Car
10; Pedestrian; Interference; Intention; 28.09.2023 09:34:44; 804.8016; 0.1818001; 240.9548; Sidewalk; 15.80312; Checking Box Human Car
10; Pedestrian; Interference; Intention; 28.09.2023 09:34:44; 804.8016; 0.1818001; 240.9551; Sidewalk; 15.82556; Checking Box Human Car
10; Pedestrian; Interference; Intention; 28.09.2023 09:34:44; 804.8011; 0.1818001; 240.9553; Sidewalk; 15.83709; BicycleInterference
10; Pedestrian; Interference; Intention; 28.09.2023 09:34:44; 804.8013; 0.1818001; 240.9557; Sidewalk; 15.86058; BicycleInterference
10; Pedestrian; Interference; Intention; 28.09.2023 09:34:44; 804.8008; 0.1818001; 240.9561; Sidewalk; 15.89965; BicycleInterference
10; Pedestrian; Interference; Intention; 28.09.2023 09:34:44; 804.8007; 0.1818001; 240.9564; Sidewalk; 15.90836; BicycleInterference
10; Pedestrian; Interference; Intention; 28.09.2023 09:34:44; 804.8007; 0.1818001; 240.9567; Sidewalk; 15.92588; BicycleInterference
10; Pedestrian; Interference; Intention; 28.09.2023 09:34:44; 804.801; 0.1818001; 240.957; Sidewalk; 15.94917; BicycleInterference
10; Pedestrian; Interference; Intention; 28.09.2023 09:34:44; 804.8011; 0.1818001; 240.9574; Sidewalk; 15.97128; BicycleInterference
10; Pedestrian; Interference; Intention; 28.09.2023 09:34:44; 804.801; 0.1818001; 240.9577; Sidewalk; 15.99441; BicycleInterference
10; Pedestrian; Interference; Intention; 28.09.2023 09:34:44; 804.801; 0.1818001; 240.9578; Sidewalk; 16.00461; BicycleInterference
10; Pedestrian; Interference; Intention; 28.09.2023 09:34:44; 804.801; 0.1818001; 240.9579; Sidewalk; 16.01553; BicycleInterference
10; Pedestrian; Interference; Intention; 28.09.2023 09:34:44; 804.8011; 0.1818001; 240.9584; Sidewalk; 16.05375; BicycleInterference
10; Pedestrian; Interference; Intention; 28.09.2023 09:34:44; 804.801; 0.1818001; 240.9588; Sidewalk; 16.07089; BicycleInterference
10; Pedestrian; Interference; Intention; 28.09.2023 09:34:44; 804.8011; 0.1818001; 240.9592; Sidewalk; 16.09327; BicycleInterference
10; Pedestrian; Interference; Intention; 28.09.2023 09:34:44; 804.8017; 0.1818001; 240.9594; Sidewalk; 16.10407; BicycleInterference
10; Pedestrian; Interference; Intention; 28.09.2023 09:34:44; 804.8016; 0.1818001; 240.9597; Sidewalk; 16.12574; BicycleInterference
10; Pedestrian; Interference; Intention; 28.09.2023 09:34:44; 804.8017; 0.1818001; 240.9601; Sidewalk; 16.14839; BicycleInterference
10; Pedestrian; Interference; Intention; 28.09.2023 09:34:44; 804.8017; 0.1818001; 240.9605; Sidewalk; 16.17058; BicycleInterference
10; Pedestrian; Interference; Intention; 28.09.2023 09:34:44; 804.8018; 0.1818001; 240.9606; Sidewalk; 16.18231; BicycleInterference
10; Pedestrian; Interference; Intention; 28.09.2023 09:34:44; 804.8019; 0.1818001; 240.9609; Sidewalk; 16.21174; BicycleInterference
10; Pedestrian; Interference; Intention; 28.09.2023 09:34:44; 804.8022; 0.1818001; 240.9613; Sidewalk; 16.22819; BicycleInterference
10; Pedestrian; Interference; Intention; 28.09.2023 09:34:44; 804.8024; 0.1818001; 240.9616; Sidewalk; 16.24796; BicycleInterference
10; Pedestrian; Interference; Intention; 28.09.2023 09:34:44; 804.8025; 0.1818001; 240.9619; Sidewalk; 16.27034; BicycleInterference
10; Pedestrian; Interference; Intention; 28.09.2023 09:34:44; 804.8025; 0.1818001; 240.9622; Sidewalk; 16.2931; BicycleInterference
10; Pedestrian; Interference; Intention; 28.09.2023 09:34:44; 804.8028; 0.1818001; 240.9624; Sidewalk; 16.30307; BicycleInterference
10; Pedestrian; Interference; Intention; 28.09.2023 09:34:44; 804.8028; 0.1818001; 240.9626; Sidewalk; 16.32565; BicycleInterference
10; Pedestrian; Interference; Intention; 28.09.2023 09:34:44; 804.8031; 0.1818001; 240.9628; Sidewalk; 16.33764; BicycleInterference
10; Pedestrian; Interference; Intention; 28.09.2023 09:34:44; 804.8038; 0.1818001; 240.9632; Sidewalk; 16.37572; BicycleInterference
10; Pedestrian; Interference; Intention; 28.09.2023 09:34:44; 804.8041; 0.1818001; 240.9635; Sidewalk; 16.39362; BicycleInterference
10; Pedestrian; Interference; Intention; 28.09.2023 09:34:45; 804.8042; 0.1818001; 240.9637; Sidewalk; 16.40298; BicycleInterference
10; Pedestrian; Interference; Intention; 28.09.2023 09:34:45; 804.8046; 0.1818001; 240.9641; Sidewalk; 16.42536; BicycleInterference
10; Pedestrian; Interference; Intention; 28.09.2023 09:34:45; 804.8054; 0.1818001; 240.9645; Sidewalk; 16.44809; BicycleInterference
10; Pedestrian; Interference; Intention; 28.09.2023 09:34:45; 804.8058; 0.1818001; 240.9648; Sidewalk; 16.46985; BicycleInterference
10; Pedestrian; Interference; Intention; 28.09.2023 09:34:45; 804.8058; 0.1818001; 240.9649; Sidewalk; 16.48111; BicycleInterference
10; Pedestrian; Interference; Intention; 28.09.2023 09:34:45; 804.8058; 0.1818001; 240.9649; Sidewalk; 16.48111; BicycleInterference
10; Pedestrian; Interference; Intention; 28.09.2023 09:34:45; 804.8065; 0.1818001; 240.9654; Sidewalk; 16.52301; BicycleInterference
10; Pedestrian; Interference; Intention; 28.09.2023 09:34:45; 804.8069; 0.1818001; 240.9659; Sidewalk; 16.55256; BicycleInterference
10; Pedestrian; Interference; Intention; 28.09.2023 09:34:45; 804.8073; 0.1818001; 240.9662; Sidewalk; 16.57061; BicycleInterference
10; Pedestrian; Interference; Intention; 28.09.2023 09:34:45; 804.8077; 0.1818001; 240.9666; Sidewalk; 16.59305; BicycleInterference
10; Pedestrian; Interference; Intention; 28.09.2023 09:34:45; 804.8079; 0.1818001; 240.9668; Sidewalk; 16.60321; BicycleInterference
10; Pedestrian; Interference; Intention; 28.09.2023 09:34:45; 804.8083; 0.1818001; 240.9671; Sidewalk; 16.62564; BicycleInterference
10; Pedestrian; Interference; Intention; 28.09.2023 09:34:45; 804.8085; 0.1818001; 240.9673; Sidewalk; 16.64839; BicycleInterference
10; Pedestrian; Interference; Intention; 28.09.2023 09:34:45; 804.8087; 0.1818001; 240.9675; Sidewalk; 16.65921; Checking Box Human Car
10; Pedestrian; Interference; Intention; 28.09.2023 09:34:45; 804.8085; 0.1818001; 240.9678; Sidewalk; 16.69821; Checking Box AICar
10; Pedestrian; Interference; Intention; 28.09.2023 09:34:45; 804.8084; 0.1818001; 240.9679; Sidewalk; 16.7081; Checking Box AICar
10; Pedestrian; Interference; Intention; 28.09.2023 09:34:45; 804.8084; 0.1818001; 240.9682; Sidewalk; 16.72513; Checking Box AICar
10; Pedestrian; Interference; Intention; 28.09.2023 09:34:45; 804.8083; 0.1818001; 240.9685; Sidewalk; 16.74801; Checking Box AICar
10; Pedestrian; Interference; Intention; 28.09.2023 09:34:45; 804.8076; 0.1818001; 240.9688; Sidewalk; 16.76995; Checking Box AICar
10; Pedestrian; Interference; Intention; 28.09.2023 09:34:45; 804.8072; 0.1818001; 240.9689; Sidewalk; 16.79229; Checking Box AICar
10; Pedestrian; Interference; Intention; 28.09.2023 09:34:45; 804.8069; 0.1818001; 240.969; Sidewalk; 16.80353; Checking Box AICar
10; Pedestrian; Interference; Intention; 28.09.2023 09:34:45; 804.8065; 0.1818001; 240.9691; Sidewalk; 16.81511; Checking Box AICar
10; Pedestrian; Interference; Intention; 28.09.2023 09:34:45; 804.8051; 0.1818001; 240.9693; Sidewalk; 16.85224; Checking Box AICar
10; Pedestrian; Interference; Intention; 28.09.2023 09:34:45; 804.8041; 0.1818001; 240.9694; Sidewalk; 16.87032; Checking Box AICar
10; Pedestrian; Interference; Intention; 28.09.2023 09:34:45; 804.8029; 0.1818001; 240.9695; Sidewalk; 16.89226; Checking Box AICar
10; Pedestrian; Interference; Intention; 28.09.2023 09:34:45; 804.8022; 0.1818001; 240.9695; Sidewalk; 16.90323; Checking Box AICar
10; Pedestrian; Interference; Intention; 28.09.2023 09:34:45; 804.8008; 0.1818001; 240.9696; Sidewalk; 16.92513; Checking Box AICar
10; Pedestrian; Interference; Intention; 28.09.2023 09:34:45; 804.7994; 0.1818001; 240.9696; Sidewalk; 16.94745; Checking Box AICar
10; Pedestrian; Interference; Intention; 28.09.2023 09:34:45; 804.7986; 0.1818001; 240.9696; Sidewalk; 16.95957; Checking Box AICar
10; Pedestrian; Interference; Intention; 28.09.2023 09:34:45; 804.7966; 0.1818001; 240.9696; Sidewalk; 16.98882; Checking Box AICar
10; Pedestrian; Interference; Intention; 28.09.2023 09:34:45; 804.7948; 0.1818001; 240.9696; Sidewalk; 17.00982; Checking Box AICar
10; Pedestrian; Interference; Intention; 28.09.2023 09:34:45; 804.7925; 0.1818001; 240.9695; Sidewalk; 17.0253; Checking Box AICar
10; Pedestrian; Interference; Intention; 28.09.2023 09:34:45; 804.7914; 0.1818001; 240.9695; Sidewalk; 17.04715; Checking Box AICar
10; Pedestrian; Interference; Intention; 28.09.2023 09:34:45; 804.7899; 0.1818001; 240.9694; Sidewalk; 17.06927; Checking Box AICar
10; Pedestrian; Interference; Intention; 28.09.2023 09:34:45; 804.788; 0.1818001; 240.9692; Sidewalk; 17.0927; Checking Box AICar
10; Pedestrian; Interference; Intention; 28.09.2023 09:34:45; 804.787; 0.1818001; 240.9691; Sidewalk; 17.10261; Checking Box AICar
10; Pedestrian; Interference; Intention; 28.09.2023 09:34:45; 804.7859; 0.1818001; 240.969; Sidewalk; 17.11424; Checking Box AICar
10; Pedestrian; Interference; Intention; 28.09.2023 09:34:45; 804.785; 0.1818001; 240.9688; Sidewalk; 17.12502; Checking Box AICar
10; Pedestrian; Interference; Intention; 28.09.2023 09:34:45; 804.7814; 0.1818001; 240.9685; Sidewalk; 17.17575; Checking Box AICar
10; Pedestrian; Interference; Intention; 28.09.2023 09:34:45; 804.7794; 0.1818001; 240.9683; Sidewalk; 17.19268; Checking Box AICar
10; Pedestrian; Interference; Intention; 28.09.2023 09:34:45; 804.7784; 0.1818001; 240.9683; Sidewalk; 17.20338; Checking Box AICar
10; Pedestrian; Interference; Intention; 28.09.2023 09:34:45; 804.7761; 0.1818001; 240.968; Sidewalk; 17.22509; Checking Box AICar
10; Pedestrian; Interference; Intention; 28.09.2023 09:34:45; 804.774; 0.1818001; 240.9678; Sidewalk; 17.24789; Checking Box AICar
10; Pedestrian; Interference; Intention; 28.09.2023 09:34:45; 804.7726; 0.1818001; 240.9676; Sidewalk; 17.2699; Checking Box AICar
10; Pedestrian; Interference; Intention; 28.09.2023 09:34:45; 804.7708; 0.1818001; 240.9674; Sidewalk; 17.29908; Checking Box AICar
10; Pedestrian; Interference; Intention; 28.09.2023 09:34:45; 804.7699; 0.1818001; 240.9674; Sidewalk; 17.30863; Checking Box AICar
10; Pedestrian; Interference; Intention; 28.09.2023 09:34:45; 804.7681; 0.1818001; 240.9673; Sidewalk; 17.32633; Checking Box AICar
10; Pedestrian; Interference; Intention; 28.09.2023 09:34:45; 804.7661; 0.1818001; 240.9673; Sidewalk; 17.34733; Checking Box AICar
10; Pedestrian; Interference; Intention; 28.09.2023 09:34:45; 804.7646; 0.1818001; 240.9673; Sidewalk; 17.3703; Checking Box AICar
10; Pedestrian; Interference; Intention; 28.09.2023 09:34:45; 804.7624; 0.1818001; 240.9673; Sidewalk; 17.39274; Checking Box AICar
10; Pedestrian; Interference; Intention; 28.09.2023 09:34:46; 804.7615; 0.1818001; 240.9673; Sidewalk; 17.4038; Checking Box AICar
10; Pedestrian; Interference; Intention; 28.09.2023 09:34:46; 804.76; 0.1818001; 240.9673; Sidewalk; 17.42524; Checking Box AICar
10; Pedestrian; Interference; Intention; 28.09.2023 09:34:46; 804.7584; 0.1818001; 240.9672; Sidewalk; 17.45451; Checking Box AICar
10; Pedestrian; Interference; Intention; 28.09.2023 09:34:46; 804.7567; 0.1818001; 240.967; Sidewalk; 17.47233; Checking Box AICar
10; Pedestrian; Interference; Intention; 28.09.2023 09:34:46; 804.7553; 0.1818001; 240.9668; Sidewalk; 17.49216; Checking Box AICar
10; Pedestrian; Interference; Intention; 28.09.2023 09:34:46; 804.7546; 0.1818001; 240.9667; Sidewalk; 17.49216; Checking Box AICar
10; Pedestrian; Interference; Intention; 28.09.2023 09:34:46; 804.7535; 0.1818001; 240.9666; Sidewalk; 17.49216; Checking Box AICar
10; Pedestrian; Interference; Intention; 28.09.2023 09:34:46; 804.7521; 0.1818001; 240.9664; Sidewalk; 17.49216; Checking Box AICar
10; Pedestrian; Interference; Intention; 28.09.2023 09:34:46; 804.7509; 0.1818001; 240.9661; Sidewalk; 17.49216; Checking Box AICar
10; Pedestrian; Interference; Intention; 28.09.2023 09:34:46; 804.7502; 0.1818001; 240.966; Sidewalk; 17.49216; Checking Box AICar
10; Pedestrian; Interference; Intention; 28.09.2023 09:34:46; 804.7497; 0.1818001; 240.9659; Sidewalk; 17.49216; Checking Box AICar
10; Pedestrian; Interference; Intention; 28.09.2023 09:34:46; 804.749; 0.1818001; 240.9656; Sidewalk; 17.49216; Checking Box AICar
10; Pedestrian; Interference; Intention; 28.09.2023 09:34:46; 804.7477; 0.1818001; 240.965; Road; 0; Checking Box AICar
10; Pedestrian; Interference; Intention; 28.09.2023 09:34:46; 804.7472; 0.1818001; 240.9645; Road; 0.0177435; Checking Box AICar
10; Pedestrian; Interference; Intention; 28.09.2023 09:34:46; 804.7469; 0.1818001; 240.964; Road; 0.0391128; Checking Box AICar
10; Pedestrian; Interference; Intention; 28.09.2023 09:34:46; 804.7468; 0.1818001; 240.9638; Road; 0.050947; Checking Box AICar
10; Pedestrian; Interference; Intention; 28.09.2023 09:34:46; 804.7463; 0.1818001; 240.9632; Road; 0.0716044; Checking Box AICar
10; Pedestrian; Interference; Intention; 28.09.2023 09:34:46; 804.7463; 0.1818001; 240.9628; Road; 0.0832074; Checking Box AICar
10; Pedestrian; Interference; Intention; 28.09.2023 09:34:46; 804.7465; 0.1818001; 240.9625; Road; 0.0940514; Checking Box AICar
10; Pedestrian; Interference; Intention; 28.09.2023 09:34:46; 804.7463; 0.1818001; 240.9618; Road; 0.1375667; Checking Box AICar
10; Pedestrian; Interference; Intention; 28.09.2023 09:34:46; 804.746; 0.1818001; 240.961; Road; 0.1571762; Checking Box AICar
10; Pedestrian; Interference; Intention; 28.09.2023 09:34:46; 804.7462; 0.1818001; 240.9603; Road; 0.1726953; Checking Box AICar
10; Pedestrian; Interference; Intention; 28.09.2023 09:34:46; 804.7463; 0.1818001; 240.9595; Road; 0.1946355; Checking Box AICar
10; Pedestrian; Interference; Intention; 28.09.2023 09:34:46; 804.7462; 0.1818001; 240.9588; Road; 0.2168218; Checking Box AICar
10; Pedestrian; Interference; Intention; 28.09.2023 09:34:46; 804.7462; 0.1818001; 240.9588; Road; 0.2168218; Checking Box AICar
10; Pedestrian; Interference; Intention; 28.09.2023 09:34:46; 804.7463; 0.1818001; 240.9577; Road; 0.2280321; Checking Box AICar
10; Pedestrian; Interference; Intention; 28.09.2023 09:34:46; 804.7463; 0.1818001; 240.9573; Road; 0.2637652; Checking Box AICar
10; Pedestrian; Interference; Intention; 28.09.2023 09:34:46; 804.745; 0.1818001; 240.9563; Road; 0.2983085; Checking Box AICar
10; Pedestrian; Interference; Intention; 28.09.2023 09:34:46; 804.7441; 0.1818001; 240.9557; Road; 0.3200997; Checking Box AICar
10; Pedestrian; Interference; Intention; 28.09.2023 09:34:46; 804.7433; 0.1818001; 240.955; Road; 0.3410419; Checking Box AICar
10; Pedestrian; Interference; Intention; 28.09.2023 09:34:46; 804.7426; 0.1818001; 240.9546; Road; 0.3523446; Checking Box AICar
10; Pedestrian; Interference; Intention; 28.09.2023 09:34:46; 804.7416; 0.1818001; 240.954; Road; 0.3733414; Checking Box AICar
10; Pedestrian; Interference; Intention; 28.09.2023 09:34:46; 804.7402; 0.1818001; 240.9533; Road; 0.3950973; Checking Box AICar
10; Pedestrian; Interference; Intention; 28.09.2023 09:34:46; 804.7397; 0.1818001; 240.9529; Road; 0.4062884; Checking Box AICar
10; Pedestrian; Interference; Intention; 28.09.2023 09:34:46; 804.7362; 0.1818001; 240.9519; Road; 0.4402117; Checking Box AICar
10; Pedestrian; Interference; Intention; 28.09.2023 09:34:46; 804.7352; 0.1818001; 240.9516; Road; 0.4550138; Checking Box AICar
10; Pedestrian; Interference; Intention; 28.09.2023 09:34:46; 804.7327; 0.1818001; 240.9511; Road; 0.4750415; Checking Box AICar
10; Pedestrian; Interference; Intention; 28.09.2023 09:34:46; 804.7297; 0.1818001; 240.9505; Road; 0.4979934; Checking Box AICar
10; Pedestrian; Interference; Intention; 28.09.2023 09:34:46; 804.7274; 0.1818001; 240.9498; Road; 0.5175553; Checking Box AICar
10; Pedestrian; Interference; Intention; 28.09.2023 09:34:46; 804.7249; 0.1818001; 240.9492; Road; 0.5406759; Checking Box AICar
10; Pedestrian; Interference; Intention; 28.09.2023 09:34:46; 804.7236; 0.1818001; 240.9488; Road; 0.5502639; Checking Box AICar
10; Pedestrian; Interference; Intention; 28.09.2023 09:34:46; 804.7209; 0.1818001; 240.9479; Road; 0.5717969; Checking Box AICar
10; Pedestrian; Interference; Intention; 28.09.2023 09:34:46; 804.7186; 0.1818001; 240.9469; Road; 0.5948511; Checking Box AICar
10; Pedestrian; Interference; Intention; 28.09.2023 09:34:46; 804.716; 0.1818001; 240.9457; Road; 0.6169342; Checking Box AICar
10; Pedestrian; Interference; Intention; 28.09.2023 09:34:46; 804.7141; 0.1818001; 240.9444; Road; 0.6385993; Checking Box AICar
10; Pedestrian; Interference; Intention; 28.09.2023 09:34:46; 804.7132; 0.1818001; 240.9437; Road; 0.6495826; Checking Box AICar
10; Pedestrian; Interference; Intention; 28.09.2023 09:34:46; 804.7117; 0.1818001; 240.9422; Road; 0.6723614; Checking Box AICar
10; Pedestrian; Interference; Intention; 28.09.2023 09:34:46; 804.7099; 0.1818001; 240.9406; Road; 0.6940309; Checking Box AICar
10; Pedestrian; Interference; Intention; 28.09.2023 09:34:46; 804.7094; 0.1818001; 240.9397; Road; 0.7057137; Checking Box AICar
10; Pedestrian; Interference; Intention; 28.09.2023 09:34:46; 804.7076; 0.1818001; 240.9372; Road; 0.739459; Checking Box AICar
10; Pedestrian; Interference; Intention; 28.09.2023 09:34:47; 804.7072; 0.1818001; 240.9363; Road; 0.7503365; Checking Box AICar
10; Pedestrian; Interference; Intention; 28.09.2023 09:34:47; 804.7072; 0.1818001; 240.9347; Road; 0.7724677; Checking Box AICar
10; Pedestrian; Interference; Intention; 28.09.2023 09:34:47; 804.7069; 0.1818001; 240.9329; Road; 0.7935484; Checking Box AICar
10; Pedestrian; Interference; Intention; 28.09.2023 09:34:47; 804.7066; 0.1818001; 240.9313; Road; 0.8165682; Checking Box AICar
10; Pedestrian; Interference; Intention; 28.09.2023 09:34:47; 804.7068; 0.1818001; 240.9297; Road; 0.839006; Checking Box AICar
10; Pedestrian; Interference; Intention; 28.09.2023 09:34:47; 804.707; 0.1818001; 240.929; Road; 0.849696; Checking Box AICar
10; Pedestrian; Interference; Intention; 28.09.2023 09:34:47; 804.7072; 0.1818001; 240.9275; Road; 0.8723654; Checking Box AICar
10; Pedestrian; Interference; Intention; 28.09.2023 09:34:47; 804.7073; 0.1818001; 240.926; Road; 0.8939871; null
10; Pedestrian; Interference; Intention; 28.09.2023 09:34:47; 804.7076; 0.1818001; 240.9245; Road; 0.9160925; null
10; Pedestrian; Interference; Intention; 28.09.2023 09:34:47; 804.7076; 0.1818001; 240.923; Road; 0.9394146; null
10; Pedestrian; Interference; Intention; 28.09.2023 09:34:47; 804.7076; 0.1818001; 240.9222; Road; 0.9505034; null
10; Pedestrian; Interference; Intention; 28.09.2023 09:34:47; 804.7076; 0.1818001; 240.9208; Road; 0.9730176; null
10; Pedestrian; Interference; Intention; 28.09.2023 09:34:47; 804.7078; 0.1818001; 240.9194; Road; 0.9963053; null
10; Pedestrian; Interference; Intention; 28.09.2023 09:34:47; 804.7076; 0.1818001; 240.918; Road; 1.019122; null
10; Pedestrian; Interference; Intention; 28.09.2023 09:34:47; 804.7077; 0.1818001; 240.9174; Road; 1.030015; null
10; Pedestrian; Interference; Intention; 28.09.2023 09:34:47; 804.708; 0.1818001; 240.9167; Road; 1.040766; null
10; Pedestrian; Interference; Intention; 28.09.2023 09:34:47; 804.7091; 0.1818001; 240.915; Road; 1.079052; null
10; Pedestrian; Interference; Intention; 28.09.2023 09:34:47; 804.7102; 0.1818001; 240.9138; Road; 1.098378; null
10; Pedestrian; Interference; Intention; 28.09.2023 09:34:47; 804.7115; 0.1818001; 240.9125; Road; 1.11724; null
10; Pedestrian; Interference; Intention; 28.09.2023 09:34:47; 804.7128; 0.1818001; 240.9113; Road; 1.138809; null
10; Pedestrian; Interference; Intention; 28.09.2023 09:34:47; 804.7139; 0.1818001; 240.9107; Road; 1.149559; null
10; Pedestrian; Interference; Intention; 28.09.2023 09:34:47; 804.7154; 0.1818001; 240.9095; Road; 1.171956; null
10; Pedestrian; Interference; Intention; 28.09.2023 09:34:47; 804.7166; 0.1818001; 240.9082; Road; 1.193783; null
10; Pedestrian; Interference; Intention; 28.09.2023 09:34:47; 804.7177; 0.1818001; 240.9071; Road; 1.216227; null
10; Pedestrian; Interference; Intention; 28.09.2023 09:34:47; 804.718; 0.1818001; 240.9059; Road; 1.238275; null
10; Pedestrian; Interference; Intention; 28.09.2023 09:34:47; 804.7181; 0.1818001; 240.9053; Road; 1.24919; null
10; Pedestrian; Interference; Intention; 28.09.2023 09:34:47; 804.7184; 0.1818001; 240.9041; Road; 1.271317; null
10; Pedestrian; Interference; Intention; 28.09.2023 09:34:47; 804.718; 0.1818001; 240.9027; Road; 1.29398; null
10; Pedestrian; Interference; Intention; 28.09.2023 09:34:47; 804.7169; 0.1818001; 240.9012; Road; 1.316784; null
10; Pedestrian; Interference; Intention; 28.09.2023 09:34:47; 804.7158; 0.1818001; 240.9005; Road; 1.328034; Checking Box AICar
10; Pedestrian; Interference; Intention; 28.09.2023 09:34:47; 804.7145; 0.1818001; 240.8992; Road; 1.350523; Checking Box AICar
10; Pedestrian; Interference; Intention; 28.09.2023 09:34:47; 804.712; 0.1818001; 240.898; Road; 1.372748; Checking Box AICar
10; Pedestrian; Interference; Intention; 28.09.2023 09:34:47; 804.709; 0.1818001; 240.8969; Road; 1.393811; Checking Box AICar
10; Pedestrian; Interference; Intention; 28.09.2023 09:34:47; 804.7057; 0.1818001; 240.8958; Road; 1.4167; Checking Box AICar
10; Pedestrian; Interference; Intention; 28.09.2023 09:34:47; 804.7021; 0.1818001; 240.8949; Road; 1.438747; Checking Box AICar
10; Pedestrian; Interference; Intention; 28.09.2023 09:34:47; 804.7003; 0.1818001; 240.8945; Road; 1.449656; Checking Box AICar
10; Pedestrian; Interference; Intention; 28.09.2023 09:34:47; 804.6964; 0.1818001; 240.894; Road; 1.47142; Checking Box AICar
10; Pedestrian; Interference; Intention; 28.09.2023 09:34:47; 804.6926; 0.1818001; 240.8937; Road; 1.494077; Checking Box AICar
10; Pedestrian; Interference; Intention; 28.09.2023 09:34:47; 804.6903; 0.1818001; 240.8935; Road; 1.505512; Checking Box AICar
10; Pedestrian; Interference; Intention; 28.09.2023 09:34:47; 804.6862; 0.1818001; 240.8934; Road; 1.538928; Checking Box AICar
10; Pedestrian; Interference; Intention; 28.09.2023 09:34:47; 804.6824; 0.1818001; 240.8935; Road; 1.557681; Checking Box AICar
10; Pedestrian; Interference; Intention; 28.09.2023 09:34:47; 804.6787; 0.1818001; 240.8938; Road; 1.57419; Checking Box AICar
10; Pedestrian; Interference; Intention; 28.09.2023 09:34:47; 804.6752; 0.1818001; 240.8944; Road; 1.593316; Checking Box AICar
10; Pedestrian; Interference; Intention; 28.09.2023 09:34:47; 804.6718; 0.1818001; 240.8951; Road; 1.617038; Checking Box AICar
10; Pedestrian; Interference; Intention; 28.09.2023 09:34:47; 804.6688; 0.1818001; 240.8962; Road; 1.638739; Checking Box AICar
10; Pedestrian; Interference; Intention; 28.09.2023 09:34:47; 804.6672; 0.1818001; 240.8969; Road; 1.649239; Checking Box AICar
10; Pedestrian; Interference; Intention; 28.09.2023 09:34:47; 804.6647; 0.1818001; 240.8982; Road; 1.672227; Checking Box AICar
10; Pedestrian; Interference; Intention; 28.09.2023 09:34:47; 804.6618; 0.1818001; 240.8997; Road; 1.693702; Checking Box AICar
10; Pedestrian; Interference; Intention; 28.09.2023 09:34:47; 804.6605; 0.1818001; 240.9013; Road; 1.715776; Checking Box AICar
10; Pedestrian; Interference; Intention; 28.09.2023 09:34:47; 804.6588; 0.1818001; 240.9031; Road; 1.738097; Checking Box AICar
10; Pedestrian; Interference; Intention; 28.09.2023 09:34:48; 804.6578; 0.1818001; 240.9041; Road; 1.750009; Checking Box AICar
10; Pedestrian; Interference; Intention; 28.09.2023 09:34:48; 804.6563; 0.1818001; 240.9061; Road; 1.771939; Checking Box AICar
10; Pedestrian; Interference; Intention; 28.09.2023 09:34:48; 804.655; 0.1818001; 240.9082; Road; 1.793142; Checking Box AICar
10; Pedestrian; Interference; Intention; 28.09.2023 09:34:48; 804.6543; 0.1818001; 240.9104; Road; 1.817354; Checking Box AICar
10; Pedestrian; Interference; Intention; 28.09.2023 09:34:48; 804.6534; 0.1818001; 240.9125; Road; 1.838482; Checking Box AICar
10; Pedestrian; Interference; Intention; 28.09.2023 09:34:48; 804.6529; 0.1818001; 240.9136; Road; 1.848838; Checking Box AICar
10; Pedestrian; Interference; Intention; 28.09.2023 09:34:48; 804.6522; 0.1818001; 240.9157; Road; 1.872404; Checking Box AICar
10; Pedestrian; Interference; Intention; 28.09.2023 09:34:48; 804.6517; 0.1818001; 240.918; Road; 1.893216; Checking Box AICar
10; Pedestrian; Interference; Intention; 28.09.2023 09:34:48; 804.6516; 0.1818001; 240.9202; Road; 1.916467; Checking Box AICar
10; Pedestrian; Interference; Intention; 28.09.2023 09:34:48; 804.6522; 0.1818001; 240.9223; Road; 1.938708; Checking Box AICar
10; Pedestrian; Interference; Intention; 28.09.2023 09:34:48; 804.6525; 0.1818001; 240.9233; Road; 1.948724; Checking Box AICar
10; Pedestrian; Interference; Intention; 28.09.2023 09:34:48; 804.6534; 0.1818001; 240.9252; Road; 1.9718; Checking Box AICar
10; Pedestrian; Interference; Intention; 28.09.2023 09:34:48; 804.6546; 0.1818001; 240.927; Road; 1.993498; Checking Box AICar
10; Pedestrian; Interference; Intention; 28.09.2023 09:34:48; 804.6572; 0.1818001; 240.9286; Road; 2.015695; Checking Box AICar
10; Pedestrian; Interference; Intention; 28.09.2023 09:34:48; 804.6602; 0.1818001; 240.9301; Road; 2.037699; Checking Box AICar
10; Pedestrian; Interference; Intention; 28.09.2023 09:34:48; 804.6619; 0.1818001; 240.9309; Road; 2.049089; Checking Box AICar
10; Pedestrian; Interference; Intention; 28.09.2023 09:34:48; 804.6652; 0.1818001; 240.9322; Road; 2.071362; Checking Box AICar
10; Pedestrian; Interference; Intention; 28.09.2023 09:34:48; 804.6688; 0.1818001; 240.9333; Road; 2.094417; Checking Box AICar
10; Pedestrian; Interference; Intention; 28.09.2023 09:34:48; 804.6707; 0.1818001; 240.9337; Road; 2.106102; Checking Box AICar
10; Pedestrian; Interference; Intention; 28.09.2023 09:34:48; 804.6766; 0.1818001; 240.9352; Road; 2.140158; Checking Box AICar
10; Pedestrian; Interference; Intention; 28.09.2023 09:34:48; 804.6781; 0.1818001; 240.9354; Road; 2.151553; Checking Box AICar
10; Pedestrian; Interference; Intention; 28.09.2023 09:34:48; 804.6816; 0.1818001; 240.9361; Road; 2.173197; Checking Box AICar
10; Pedestrian; Interference; Intention; 28.09.2023 09:34:48; 804.6845; 0.1818001; 240.9366; Road; 2.195411; Checking Box AICar
10; Pedestrian; Interference; Intention; 28.09.2023 09:34:48; 804.6866; 0.1818001; 240.9369; Road; 2.218443; null
10; Pedestrian; Interference; Intention; 28.09.2023 09:34:48; 804.6888; 0.1818001; 240.9371; Road; 2.240887; null
10; Pedestrian; Interference; Intention; 28.09.2023 09:34:48; 804.6899; 0.1818001; 240.9373; Road; 2.251658; null
10; Pedestrian; Interference; Intention; 28.09.2023 09:34:48; 804.6912; 0.1818001; 240.9373; Road; 2.273649; null
10; Pedestrian; Interference; Intention; 28.09.2023 09:34:48; 804.6917; 0.1818001; 240.9372; Road; 2.285278; null
10; Pedestrian; Interference; Intention; 28.09.2023 09:34:48; 804.6929; 0.1818001; 240.937; Road; 2.32225; null
10; Pedestrian; Interference; Intention; 28.09.2023 09:34:48; 804.6932; 0.1818001; 240.9366; Road; 2.340782; null
10; Pedestrian; Interference; Intention; 28.09.2023 09:34:48; 804.6938; 0.1818001; 240.9364; Road; 2.350147; null
10; Pedestrian; Interference; Intention; 28.09.2023 09:34:48; 804.6946; 0.1818001; 240.936; Road; 2.372047; null
10; Pedestrian; Interference; Intention; 28.09.2023 09:34:48; 804.6959; 0.1818001; 240.9356; Road; 2.393714; null
10; Pedestrian; Interference; Intention; 28.09.2023 09:34:48; 804.6959; 0.1818001; 240.9356; Road; 2.393714; null
10; Pedestrian; Interference; Intention; 28.09.2023 09:34:48; 804.6985; 0.1818001; 240.9349; Road; 2.404812; null
10; Pedestrian; Interference; Intention; 28.09.2023 09:34:48; 804.6994; 0.1818001; 240.9346; Road; 2.443122; Checking Box Human Car
10; Pedestrian; Interference; Intention; 28.09.2023 09:34:48; 804.7007; 0.1818001; 240.934; Road; 2.471985; Checking Box Human Car
10; Pedestrian; Interference; Intention; 28.09.2023 09:34:48; 804.7023; 0.1818001; 240.9333; Road; 2.491808; Checking Box Human Car
10; Pedestrian; Interference; Intention; 28.09.2023 09:34:48; 804.705; 0.1818001; 240.9325; Road; 2.523179; Checking Box Human Car
10; Pedestrian; Interference; Intention; 28.09.2023 09:34:48; 804.7056; 0.1818001; 240.9318; Road; 2.541508; Checking Box Human Car
10; Pedestrian; Interference; Intention; 28.09.2023 09:34:48; 804.7057; 0.1818001; 240.9315; Road; 2.55179; Checking Box Human Car
10; Pedestrian; Interference; Intention; 28.09.2023 09:34:48; 804.7061; 0.1818001; 240.9308; Road; 2.571854; Checking Box Human Car
10; Pedestrian; Interference; Intention; 28.09.2023 09:34:48; 804.7064; 0.1818001; 240.9305; Road; 2.583746; Checking Box Human Car
10; Pedestrian; Interference; Intention; 28.09.2023 09:34:48; 804.706; 0.1818001; 240.9298; Road; 2.616239; Checking Box AICar
10; Pedestrian; Interference; Intention; 28.09.2023 09:34:48; 804.7043; 0.1818001; 240.929; Road; 2.63869; Checking Box AICar
10; Pedestrian; Interference; Intention; 28.09.2023 09:34:48; 804.7037; 0.1818001; 240.9289; Road; 2.64851; Checking Box AICar
10; Pedestrian; Interference; Intention; 28.09.2023 09:34:48; 804.7019; 0.1818001; 240.9286; Road; 2.670899; Checking Box AICar
10; Pedestrian; Interference; Intention; 28.09.2023 09:34:48; 804.6992; 0.1818001; 240.9286; Road; 2.693036; Checking Box AICar
10; Pedestrian; Interference; Intention; 28.09.2023 09:34:48; 804.696; 0.1818001; 240.929; Road; 2.715349; Checking Box AICar
10; Pedestrian; Interference; Intention; 28.09.2023 09:34:48; 804.6923; 0.1818001; 240.9294; Road; 2.73752; Checking Box AICar
10; Pedestrian; Interference; Intention; 28.09.2023 09:34:49; 804.6923; 0.1818001; 240.9294; Road; 2.73752; Checking Box AICar
10; Pedestrian; Interference; Intention; 28.09.2023 09:34:49; 804.688; 0.1818001; 240.9301; Road; 2.770883; Checking Box AICar
10; Pedestrian; Interference; Intention; 28.09.2023 09:34:49; 804.681; 0.1818001; 240.9314; Road; 2.793426; Checking Box AICar
10; Pedestrian; Interference; Intention; 28.09.2023 09:34:49; 804.6754; 0.1818001; 240.9324; Road; 2.815278; Checking Box AICar
10; Pedestrian; Interference; Intention; 28.09.2023 09:34:49; 804.6688; 0.1818001; 240.9338; Road; 2.837323; Checking Box AICar
10; Pedestrian; Interference; Intention; 28.09.2023 09:34:49; 804.665; 0.1818001; 240.9346; Road; 2.849175; Checking Box AICar
10; Pedestrian; Interference; Intention; 28.09.2023 09:34:49; 804.6563; 0.1818001; 240.9366; Road; 2.870774; Checking Box AICar
10; Pedestrian; Interference; Intention; 28.09.2023 09:34:49; 804.6456; 0.1818001; 240.939; Road; 2.893241; Checking Box AICar
10; Pedestrian; Interference; Intention; 28.09.2023 09:34:49; 804.6332; 0.1818001; 240.9422; Road; 2.918102; Checking Box AICar
10; Pedestrian; Interference; Intention; 28.09.2023 09:34:49; 804.6202; 0.1818001; 240.9458; Road; 2.940045; Checking Box AICar
10; Pedestrian; Interference; Intention; 28.09.2023 09:34:49; 804.6135; 0.1818001; 240.9479; Road; 2.948609; Checking Box AICar
10; Pedestrian; Interference; Intention; 28.09.2023 09:34:49; 804.6068; 0.1818001; 240.9498; Road; 2.959687; Checking Box AICar
10; Pedestrian; Interference; Intention; 28.09.2023 09:34:49; 804.5867; 0.1818001; 240.9565; Road; 2.970738; Checking Box AICar
10; Pedestrian; Interference; Intention; 28.09.2023 09:34:49; 804.5724; 0.1818001; 240.9611; Road; 3.017833; Checking Box AICar
10; Pedestrian; Interference; Intention; 28.09.2023 09:34:49; 804.5591; 0.1818001; 240.9662; Road; 3.03807; Checking Box AICar
10; Pedestrian; Interference; Intention; 28.09.2023 09:34:49; 804.5516; 0.1818001; 240.9689; Road; 3.049022; Checking Box AICar
10; Pedestrian; Interference; Intention; 28.09.2023 09:34:49; 804.5386; 0.1818001; 240.9748; Road; 3.073684; Checking Box AICar
10; Pedestrian; Interference; Intention; 28.09.2023 09:34:49; 804.5262; 0.1818001; 240.981; Road; 3.09607; null
10; Pedestrian; Interference; Intention; 28.09.2023 09:34:49; 804.5142; 0.1818001; 240.9878; Road; 3.114496; null
10; Pedestrian; Interference; Intention; 28.09.2023 09:34:49; 804.5101; 0.1818001; 240.9919; Road; 3.126187; null
10; Pedestrian; Interference; Intention; 28.09.2023 09:34:49; 804.4988; 0.1818001; 240.9985; Road; 3.149118; null
10; Pedestrian; Interference; Intention; 28.09.2023 09:34:49; 804.4897; 0.1818001; 241.0053; Road; 3.170314; null
10; Pedestrian; Interference; Intention; 28.09.2023 09:34:49; 804.4816; 0.1818001; 241.0122; Road; 3.192826; null
10; Pedestrian; Interference; Intention; 28.09.2023 09:34:49; 804.4777; 0.1818001; 241.0155; Road; 3.204377; null
10; Pedestrian; Interference; Intention; 28.09.2023 09:34:49; 804.4698; 0.1818001; 241.0217; Road; 3.236304; null
10; Pedestrian; Interference; Intention; 28.09.2023 09:34:49; 804.4664; 0.1818001; 241.0246; Road; 3.249142; null
10; Pedestrian; Interference; Intention; 28.09.2023 09:34:49; 804.4543; 0.1818001; 241.0327; Road; 3.276234; null
10; Pedestrian; Interference; Intention; 28.09.2023 09:34:49; 804.4463; 0.1818001; 241.0377; Road; 3.292014; null
10; Pedestrian; Interference; Intention; 28.09.2023 09:34:49; 804.4373; 0.1818001; 241.0422; Road; 3.314252; null
10; Pedestrian; Interference; Intention; 28.09.2023 09:34:49; 804.4274; 0.1818001; 241.0463; Road; 3.337259; null
10; Pedestrian; Interference; Intention; 28.09.2023 09:34:49; 804.4219; 0.1818001; 241.0483; Road; 3.34832; null
10; Pedestrian; Interference; Intention; 28.09.2023 09:34:49; 804.4116; 0.1818001; 241.0525; Road; 3.370969; null
10; Pedestrian; Interference; Intention; 28.09.2023 09:34:49; 804.4001; 0.1818001; 241.0567; Road; 3.397858; null
10; Pedestrian; Interference; Intention; 28.09.2023 09:34:49; 804.3879; 0.1818001; 241.0612; Road; 3.417419; null
10; Pedestrian; Interference; Intention; 28.09.2023 09:34:49; 804.3754; 0.1818001; 241.0664; Road; 3.436688; null
10; Pedestrian; Interference; Intention; 28.09.2023 09:34:49; 804.3688; 0.1818001; 241.0692; Road; 3.448132; null
10; Pedestrian; Interference; Intention; 28.09.2023 09:34:49; 804.3556; 0.1818001; 241.075; Road; 3.470078; null
10; Pedestrian; Interference; Intention; 28.09.2023 09:34:49; 804.3427; 0.1818001; 241.0817; Road; 3.492277; null
10; Pedestrian; Interference; Intention; 28.09.2023 09:34:49; 804.3296; 0.1818001; 241.0893; Road; 3.514103; null
10; Pedestrian; Interference; Intention; 28.09.2023 09:34:49; 804.318; 0.1818001; 241.0981; Road; 3.540366; null
10; Pedestrian; Interference; Intention; 28.09.2023 09:34:49; 804.3138; 0.1818001; 241.103; Road; 3.552293; null
10; Pedestrian; Interference; Intention; 28.09.2023 09:34:49; 804.3054; 0.1818001; 241.114; Road; 3.570292; null
10; Pedestrian; Interference; Intention; 28.09.2023 09:34:49; 804.2986; 0.1818001; 241.1259; Road; 3.591923; null
10; Pedestrian; Interference; Intention; 28.09.2023 09:34:49; 804.2932; 0.1818001; 241.1379; Road; 3.614136; null
10; Pedestrian; Interference; Intention; 28.09.2023 09:34:49; 804.2902; 0.1818001; 241.1497; Road; 3.636428; null
10; Pedestrian; Interference; Intention; 28.09.2023 09:34:49; 804.2885; 0.1818001; 241.1552; Road; 3.647012; null
10; Pedestrian; Interference; Intention; 28.09.2023 09:34:49; 804.2844; 0.1818001; 241.1645; Road; 3.669686; null
10; Pedestrian; Interference; Intention; 28.09.2023 09:34:49; 804.2782; 0.1818001; 241.1718; Road; 3.694484; null
10; Pedestrian; Interference; Intention; 28.09.2023 09:34:49; 804.2692; 0.1818001; 241.1778; Road; 3.716491; null
10; Pedestrian; Interference; Intention; 28.09.2023 09:34:49; 804.2583; 0.1818001; 241.1833; Road; 3.736162; null
10; Pedestrian; Interference; Intention; 28.09.2023 09:34:50; 804.2531; 0.1818001; 241.186; Road; 3.747702; null
10; Pedestrian; Interference; Intention; 28.09.2023 09:34:50; 804.2409; 0.1818001; 241.1913; Road; 3.769545; null
10; Pedestrian; Interference; Intention; 28.09.2023 09:34:50; 804.2347; 0.1818001; 241.1939; Road; 3.780646; null
10; Pedestrian; Interference; Intention; 28.09.2023 09:34:50; 804.2152; 0.1818001; 241.2015; Road; 3.814642; null
10; Pedestrian; Interference; Intention; 28.09.2023 09:34:50; 804.2029; 0.1818001; 241.2061; Road; 3.837526; null
10; Pedestrian; Interference; Intention; 28.09.2023 09:34:50; 804.197; 0.1818001; 241.2085; Road; 3.852157; null
10; Pedestrian; Interference; Intention; 28.09.2023 09:34:50; 804.1848; 0.1818001; 241.2129; Road; 3.874165; null
10; Pedestrian; Interference; Intention; 28.09.2023 09:34:50; 804.172; 0.1818001; 241.2173; Road; 3.893358; null
10; Pedestrian; Interference; Intention; 28.09.2023 09:34:50; 804.1594; 0.1818001; 241.2214; Road; 3.91489; null
10; Pedestrian; Interference; Intention; 28.09.2023 09:34:50; 804.1468; 0.1818001; 241.2254; Road; 3.937031; null
10; Pedestrian; Interference; Intention; 28.09.2023 09:34:50; 804.1411; 0.1818001; 241.2276; Road; 3.94907; null
10; Pedestrian; Interference; Intention; 28.09.2023 09:34:50; 804.1281; 0.1818001; 241.2315; Road; 3.971193; null
10; Pedestrian; Interference; Intention; 28.09.2023 09:34:50; 804.1151; 0.1818001; 241.235; Road; 3.993225; null
10; Pedestrian; Interference; Intention; 28.09.2023 09:34:50; 804.101; 0.1818001; 241.2383; Road; 4.020655; null
10; Pedestrian; Interference; Intention; 28.09.2023 09:34:50; 804.0872; 0.1818001; 241.2413; Road; 4.038194; null
10; Pedestrian; Interference; Intention; 28.09.2023 09:34:50; 804.0805; 0.1818001; 241.2426; Road; 4.048888; null
10; Pedestrian; Interference; Intention; 28.09.2023 09:34:50; 804.0658; 0.1818001; 241.2452; Road; 4.070997; null
10; Pedestrian; Interference; Intention; 28.09.2023 09:34:50; 804.0513; 0.1818001; 241.2475; Road; 4.093151; null
10; Pedestrian; Interference; Intention; 28.09.2023 09:34:50; 804.0374; 0.1818001; 241.2497; Road; 4.114878; null
10; Pedestrian; Interference; Intention; 28.09.2023 09:34:50; 804.0244; 0.1818001; 241.252; Road; 4.137046; null
10; Pedestrian; Interference; Intention; 28.09.2023 09:34:50; 804.0176; 0.1818001; 241.253; Road; 4.149106; null
10; Pedestrian; Interference; Intention; 28.09.2023 09:34:50; 804.0037; 0.1818001; 241.2551; Road; 4.173105; null
10; Pedestrian; Interference; Intention; 28.09.2023 09:34:50; 803.9886; 0.1818001; 241.2569; Road; 4.192764; null
10; Pedestrian; Interference; Intention; 28.09.2023 09:34:50; 803.9714; 0.1818001; 241.2581; Road; 4.214956; null
10; Pedestrian; Interference; Intention; 28.09.2023 09:34:50; 803.9523; 0.1818001; 241.2584; Road; 4.237204; null
10; Pedestrian; Interference; Intention; 28.09.2023 09:34:50; 803.9421; 0.1818001; 241.2583; Road; 4.248718; null
10; Pedestrian; Interference; Intention; 28.09.2023 09:34:50; 803.92; 0.1818001; 241.2571; Road; 4.270633; null
10; Pedestrian; Interference; Intention; 28.09.2023 09:34:50; 803.898; 0.1818001; 241.2552; Road; 4.292757; null
10; Pedestrian; Interference; Intention; 28.09.2023 09:34:50; 803.8757; 0.1818001; 241.2526; Road; 4.317667; null
10; Pedestrian; Interference; Intention; 28.09.2023 09:34:50; 803.8527; 0.1818001; 241.2491; Road; 4.33867; null
10; Pedestrian; Interference; Intention; 28.09.2023 09:34:50; 803.8413; 0.1818001; 241.247; Road; 4.348054; null
10; Pedestrian; Interference; Intention; 28.09.2023 09:34:50; 803.8192; 0.1818001; 241.2425; Road; 4.37046; null
10; Pedestrian; Interference; Intention; 28.09.2023 09:34:50; 803.8087; 0.1818001; 241.2401; Road; 4.381664; null
10; Pedestrian; Interference; Intention; 28.09.2023 09:34:50; 803.7798; 0.1818001; 241.233; Road; 4.414035; null
10; Pedestrian; Interference; Intention; 28.09.2023 09:34:50; 803.761; 0.1818001; 241.2284; Road; 4.438581; null
10; Pedestrian; Interference; Intention; 28.09.2023 09:34:50; 803.7513; 0.1818001; 241.2262; Road; 4.450553; null
10; Pedestrian; Interference; Intention; 28.09.2023 09:34:50; 803.7321; 0.1818001; 241.222; Road; 4.475462; null
10; Pedestrian; Interference; Intention; 28.09.2023 09:34:50; 803.7125; 0.1818001; 241.2183; Road; 4.497646; null
10; Pedestrian; Interference; Intention; 28.09.2023 09:34:50; 803.6921; 0.1818001; 241.215; Road; 4.514536; null
10; Pedestrian; Interference; Intention; 28.09.2023 09:34:50; 803.6704; 0.1818001; 241.2119; Road; 4.537544; null
10; Pedestrian; Interference; Intention; 28.09.2023 09:34:50; 803.6586; 0.1818001; 241.2107; Road; 4.548475; null
10; Pedestrian; Interference; Intention; 28.09.2023 09:34:50; 803.6357; 0.1818001; 241.2082; Road; 4.570591; null
10; Pedestrian; Interference; Intention; 28.09.2023 09:34:50; 803.612; 0.1818001; 241.2058; Road; 4.592585; null
10; Pedestrian; Interference; Intention; 28.09.2023 09:34:50; 803.5872; 0.1818001; 241.2036; Road; 4.614451; null
10; Pedestrian; Interference; Intention; 28.09.2023 09:34:50; 803.5612; 0.1818001; 241.2013; Road; 4.642371; null
10; Pedestrian; Interference; Intention; 28.09.2023 09:34:50; 803.5479; 0.1818001; 241.2003; Road; 4.651684; null
10; Pedestrian; Interference; Intention; 28.09.2023 09:34:50; 803.5217; 0.1818001; 241.1982; Road; 4.670556; null
10; Pedestrian; Interference; Intention; 28.09.2023 09:34:50; 803.4937; 0.1818001; 241.196; Road; 4.692182; null
10; Pedestrian; Interference; Intention; 28.09.2023 09:34:50; 803.4638; 0.1818001; 241.194; Road; 4.715086; null
10; Pedestrian; Interference; Intention; 28.09.2023 09:34:50; 803.4335; 0.1818001; 241.1921; Road; 4.737189; null
10; Pedestrian; Interference; Intention; 28.09.2023 09:34:51; 803.4184; 0.1818001; 241.1912; Road; 4.747834; null
10; Pedestrian; Interference; Intention; 28.09.2023 09:34:51; 803.3891; 0.1818001; 241.1893; Road; 4.770272; null
10; Pedestrian; Interference; Intention; 28.09.2023 09:34:51; 803.3595; 0.1818001; 241.1875; Road; 4.795541; null
10; Pedestrian; Interference; Intention; 28.09.2023 09:34:51; 803.3311; 0.1818001; 241.1859; Road; 4.814319; null
10; Pedestrian; Interference; Intention; 28.09.2023 09:34:51; 803.3026; 0.1818001; 241.1844; Road; 4.836722; null
10; Pedestrian; Interference; Intention; 28.09.2023 09:34:51; 803.2887; 0.1818001; 241.1839; Road; 4.847785; null
10; Pedestrian; Interference; Intention; 28.09.2023 09:34:51; 803.2606; 0.1818001; 241.1829; Road; 4.871196; Checking Box Human Car
10; Pedestrian; Interference; Intention; 28.09.2023 09:34:51; 803.2325; 0.1818001; 241.1823; Road; 4.891632; Checking Box Human Car
10; Pedestrian; Interference; Intention; 28.09.2023 09:34:51; 803.2043; 0.1818001; 241.1819; Road; 4.913988; Checking Box Human Car
10; Pedestrian; Interference; Intention; 28.09.2023 09:34:51; 803.1898; 0.1818001; 241.1818; Road; 4.925445; null
10; Pedestrian; Interference; Intention; 28.09.2023 09:34:51; 803.1757; 0.1818001; 241.1817; Road; 4.946911; null
10; Pedestrian; Interference; Intention; 28.09.2023 09:34:51; 803.1324; 0.1818001; 241.1816; Road; 4.971195; null
10; Pedestrian; Interference; Intention; 28.09.2023 09:34:51; 803.1038; 0.1818001; 241.1818; Road; 4.991118; null
10; Pedestrian; Interference; Intention; 28.09.2023 09:34:51; 803.076; 0.1818001; 241.1821; Road; 5.013459; null
10; Pedestrian; Interference; Intention; 28.09.2023 09:34:51; 803.0627; 0.1818001; 241.1826; Road; 5.024473; null
10; Pedestrian; Interference; Intention; 28.09.2023 09:34:51; 803.0352; 0.1818001; 241.1832; Road; 5.047378; null
10; Pedestrian; Interference; Intention; 28.09.2023 09:34:51; 803.0076; 0.1818001; 241.1842; Road; 5.069579; null
10; Pedestrian; Interference; Intention; 28.09.2023 09:34:51; 802.9938; 0.1818001; 241.1849; Road; 5.080748; null
10; Pedestrian; Interference; Intention; 28.09.2023 09:34:51; 802.9514; 0.1818001; 241.1869; Road; 5.124382; null
10; Pedestrian; Interference; Intention; 28.09.2023 09:34:51; 802.9232; 0.1818001; 241.1885; Road; 5.141005; null
10; Pedestrian; Interference; Intention; 28.09.2023 09:34:51; 802.9091; 0.1818001; 241.1893; Road; 5.149942; null
10; Pedestrian; Interference; Intention; 28.09.2023 09:34:51; 802.8809; 0.1818001; 241.191; Road; 5.16965; null
10; Pedestrian; Interference; Intention; 28.09.2023 09:34:51; 802.8522; 0.1818001; 241.1929; Road; 5.191487; null
10; Pedestrian; Interference; Intention; 28.09.2023 09:34:51; 802.824; 0.1818001; 241.1949; Road; 5.213708; null
10; Pedestrian; Interference; Intention; 28.09.2023 09:34:51; 802.7949; 0.1818001; 241.197; Road; 5.236042; null
10; Pedestrian; Interference; Intention; 28.09.2023 09:34:51; 802.7813; 0.1818001; 241.1981; Road; 5.250805; null
10; Pedestrian; Interference; Intention; 28.09.2023 09:34:51; 802.7517; 0.1818001; 241.2004; Road; 5.271703; null
10; Pedestrian; Interference; Intention; 28.09.2023 09:34:51; 802.721; 0.1818001; 241.2029; Road; 5.291675; null
10; Pedestrian; Interference; Intention; 28.09.2023 09:34:51; 802.6887; 0.1818001; 241.2059; Road; 5.313343; null
10; Pedestrian; Interference; Intention; 28.09.2023 09:34:51; 802.6559; 0.1818001; 241.209; Road; 5.33601; null
10; Pedestrian; Interference; Intention; 28.09.2023 09:34:51; 802.64; 0.1818001; 241.2106; Road; 5.347726; null
10; Pedestrian; Interference; Intention; 28.09.2023 09:34:51; 802.6066; 0.1818001; 241.2134; Road; 5.369421; null
10; Pedestrian; Interference; Intention; 28.09.2023 09:34:51; 802.5736; 0.1818001; 241.2159; Road; 5.392361; null
10; Pedestrian; Interference; Intention; 28.09.2023 09:34:51; 802.5413; 0.1818001; 241.218; Road; 5.417253; null
10; Pedestrian; Interference; Intention; 28.09.2023 09:34:51; 802.5087; 0.1818001; 241.2198; Road; 5.437907; null
10; Pedestrian; Interference; Intention; 28.09.2023 09:34:51; 802.492; 0.1818001; 241.2207; Road; 5.447541; null
10; Pedestrian; Interference; Intention; 28.09.2023 09:34:51; 802.4567; 0.1818001; 241.2219; Road; 5.469429; null
10; Pedestrian; Interference; Intention; 28.09.2023 09:34:51; 802.4218; 0.1818001; 241.223; Road; 5.491103; null
10; Pedestrian; Interference; Intention; 28.09.2023 09:34:51; 802.3861; 0.1818001; 241.2238; Road; 5.513289; null
10; Pedestrian; Interference; Intention; 28.09.2023 09:34:51; 802.3497; 0.1818001; 241.2241; Road; 5.536103; null
10; Pedestrian; Interference; Intention; 28.09.2023 09:34:51; 802.3309; 0.1818001; 241.224; Road; 5.547238; null
10; Pedestrian; Interference; Intention; 28.09.2023 09:34:51; 802.2938; 0.1818001; 241.2235; Road; 5.572419; null
10; Pedestrian; Interference; Intention; 28.09.2023 09:34:51; 802.2578; 0.1818001; 241.2229; Road; 5.590759; null
10; Pedestrian; Interference; Intention; 28.09.2023 09:34:51; 802.2219; 0.1818001; 241.222; Road; 5.613054; null
10; Pedestrian; Interference; Intention; 28.09.2023 09:34:51; 802.1858; 0.1818001; 241.2209; Road; 5.635944; null
10; Pedestrian; Interference; Intention; 28.09.2023 09:34:51; 802.166; 0.1818001; 241.2202; Road; 5.647009; null
10; Pedestrian; Interference; Intention; 28.09.2023 09:34:51; 802.1448; 0.1818001; 241.2191; Road; 5.658775; null
10; Pedestrian; Interference; Intention; 28.09.2023 09:34:51; 802.0875; 0.1818001; 241.217; Road; 5.692745; null
10; Pedestrian; Interference; Intention; 28.09.2023 09:34:52; 802.0681; 0.1818001; 241.2162; Road; 5.704572; null
10; Pedestrian; Interference; Intention; 28.09.2023 09:34:52; 802.0681; 0.1818001; 241.2162; Road; 5.704572; null
10; Pedestrian; Interference; Intention; 28.09.2023 09:34:52; 802.0096; 0.1818001; 241.2135; Road; 5.717437; null
10; Pedestrian; Interference; Intention; 28.09.2023 09:34:52; 801.9503; 0.1818001; 241.2104; Road; 5.772292; null
10; Pedestrian; Interference; Intention; 28.09.2023 09:34:52; 801.9105; 0.1818001; 241.2078; Road; 5.791604; null
10; Pedestrian; Interference; Intention; 28.09.2023 09:34:52; 801.8708; 0.1818001; 241.2049; Road; 5.81309; null
10; Pedestrian; Interference; Intention; 28.09.2023 09:34:52; 801.8309; 0.1818001; 241.2018; Road; 5.835608; null
10; Pedestrian; Interference; Intention; 28.09.2023 09:34:52; 801.8116; 0.1818001; 241.2002; Road; 5.846635; null
10; Pedestrian; Interference; Intention; 28.09.2023 09:34:52; 801.77; 0.1818001; 241.1967; Road; 5.874185; null
10; Pedestrian; Interference; Intention; 28.09.2023 09:34:52; 801.7275; 0.1818001; 241.1931; Road; 5.895465; null
10; Pedestrian; Interference; Intention; 28.09.2023 09:34:52; 801.685; 0.1818001; 241.1895; Road; 5.913281; null
10; Pedestrian; Interference; Intention; 28.09.2023 09:34:52; 801.6432; 0.1818001; 241.1861; Road; 5.936028; null
10; Pedestrian; Interference; Intention; 28.09.2023 09:34:52; 801.6223; 0.1818001; 241.1847; Road; 5.946692; null
10; Pedestrian; Interference; Intention; 28.09.2023 09:34:52; 801.5824; 0.1818001; 241.182; Road; 5.970235; null
10; Pedestrian; Interference; Intention; 28.09.2023 09:34:52; 801.5446; 0.1818001; 241.1799; Road; 5.991189; null
10; Pedestrian; Interference; Intention; 28.09.2023 09:34:52; 801.5076; 0.1818001; 241.1784; Road; 6.013638; null
10; Pedestrian; Interference; Intention; 28.09.2023 09:34:52; 801.4706; 0.1818001; 241.1772; Road; 6.039968; null
10; Pedestrian; Interference; Intention; 28.09.2023 09:34:52; 801.4534; 0.1818001; 241.1768; Road; 6.050122; null
10; Pedestrian; Interference; Intention; 28.09.2023 09:34:52; 801.4187; 0.1818001; 241.1759; Road; 6.069173; null
10; Pedestrian; Interference; Intention; 28.09.2023 09:34:52; 801.384; 0.1818001; 241.1753; Road; 6.090917; null
10; Pedestrian; Interference; Intention; 28.09.2023 09:34:52; 801.3501; 0.1818001; 241.1751; Road; 6.113073; null
10; Pedestrian; Interference; Intention; 28.09.2023 09:34:52; 801.3159; 0.1818001; 241.1751; Road; 6.135653; null
10; Pedestrian; Interference; Intention; 28.09.2023 09:34:52; 801.2991; 0.1818001; 241.1754; Road; 6.146536; null
10; Pedestrian; Interference; Intention; 28.09.2023 09:34:52; 801.2643; 0.1818001; 241.1757; Road; 6.168802; null
10; Pedestrian; Interference; Intention; 28.09.2023 09:34:52; 801.2289; 0.1818001; 241.1763; Road; 6.194956; null
10; Pedestrian; Interference; Intention; 28.09.2023 09:34:52; 801.1928; 0.1818001; 241.177; Road; 6.213514; null
10; Pedestrian; Interference; Intention; 28.09.2023 09:34:52; 801.1553; 0.1818001; 241.1779; Road; 6.235429; null
10; Pedestrian; Interference; Intention; 28.09.2023 09:34:52; 801.1365; 0.1818001; 241.1786; Road; 6.246136; null
10; Pedestrian; Interference; Intention; 28.09.2023 09:34:52; 801.0968; 0.1818001; 241.1797; Road; 6.268934; null
10; Pedestrian; Interference; Intention; 28.09.2023 09:34:52; 801.0773; 0.1818001; 241.1804; Road; 6.279867; null
10; Pedestrian; Interference; Intention; 28.09.2023 09:34:52; 801.015; 0.1818001; 241.1823; Road; 6.313575; null
10; Pedestrian; Interference; Intention; 28.09.2023 09:34:52; 800.9733; 0.1818001; 241.1836; Road; 6.340603; null
10; Pedestrian; Interference; Intention; 28.09.2023 09:34:52; 800.9517; 0.1818001; 241.1844; Road; 6.352942; null
10; Pedestrian; Interference; Intention; 28.09.2023 09:34:52; 800.909; 0.1818001; 241.1859; Road; 6.372064; null
10; Pedestrian; Interference; Intention; 28.09.2023 09:34:52; 800.8657; 0.1818001; 241.1876; Road; 6.391297; null
10; Pedestrian; Interference; Intention; 28.09.2023 09:34:52; 800.8195; 0.1818001; 241.1892; Road; 6.41364; null
10; Pedestrian; Interference; Intention; 28.09.2023 09:34:52; 800.7722; 0.1818001; 241.1907; Road; 6.435921; null
10; Pedestrian; Interference; Intention; 28.09.2023 09:34:52; 800.7507; 0.1818001; 241.1918; Road; 6.447154; null
10; Pedestrian; Interference; Intention; 28.09.2023 09:34:52; 800.7043; 0.1818001; 241.1934; Road; 6.469889; null
10; Pedestrian; Interference; Intention; 28.09.2023 09:34:52; 800.658; 0.1818001; 241.1948; Road; 6.494027; null
10; Pedestrian; Interference; Intention; 28.09.2023 09:34:52; 800.6115; 0.1818001; 241.1958; Road; 6.517063; null
10; Pedestrian; Interference; Intention; 28.09.2023 09:34:52; 800.5665; 0.1818001; 241.1966; Road; 6.535872; null
10; Pedestrian; Interference; Intention; 28.09.2023 09:34:52; 800.5436; 0.1818001; 241.197; Road; 6.54632; null
10; Pedestrian; Interference; Intention; 28.09.2023 09:34:52; 800.4968; 0.1818001; 241.1974; Road; 6.569325; null
10; Pedestrian; Interference; Intention; 28.09.2023 09:34:52; 800.45; 0.1818001; 241.1979; Road; 6.590573; null
10; Pedestrian; Interference; Intention; 28.09.2023 09:34:52; 800.4048; 0.1818001; 241.1984; Road; 6.6127; null
10; Pedestrian; Interference; Intention; 28.09.2023 09:34:52; 800.3596; 0.1818001; 241.1984; Road; 6.635294; null
10; Pedestrian; Interference; Intention; 28.09.2023 09:34:52; 800.3376; 0.1818001; 241.1984; Road; 6.648819; null
10; Pedestrian; Interference; Intention; 28.09.2023 09:34:52; 800.2919; 0.1818001; 241.1976; Road; 6.670781; null
10; Pedestrian; Interference; Intention; 28.09.2023 09:34:52; 800.2474; 0.1818001; 241.1965; Road; 6.690707; null
10; Pedestrian; Interference; Intention; 28.09.2023 09:34:52; 800.2029; 0.1818001; 241.195; Road; 6.712983; null
10; Pedestrian; Interference; Intention; 28.09.2023 09:34:53; 800.1584; 0.1818001; 241.1929; Road; 6.735123; null
10; Pedestrian; Interference; Intention; 28.09.2023 09:34:53; 800.137; 0.1818001; 241.1922; Road; 6.745979; null
10; Pedestrian; Interference; Intention; 28.09.2023 09:34:53; 800.0921; 0.1818001; 241.1899; Road; 6.768631; null
10; Pedestrian; Interference; Intention; 28.09.2023 09:34:53; 800.0476; 0.1818001; 241.1873; Road; 6.790913; null
10; Pedestrian; Interference; Intention; 28.09.2023 09:34:53; 800.0054; 0.1818001; 241.1845; Road; 6.816083; null
10; Pedestrian; Interference; Intention; 28.09.2023 09:34:53; 799.9631; 0.1818001; 241.1815; Road; 6.837507; null
10; Pedestrian; Interference; Intention; 28.09.2023 09:34:53; 799.9442; 0.1818001; 241.1802; Road; 6.8457; null
10; Pedestrian; Interference; Intention; 28.09.2023 09:34:53; 799.9027; 0.1818001; 241.177; Road; 6.86902; null
10; Pedestrian; Interference; Intention; 28.09.2023 09:34:53; 799.8594; 0.1818001; 241.1738; Road; 6.890548; null
10; Pedestrian; Interference; Intention; 28.09.2023 09:34:53; 799.8154; 0.1818001; 241.1704; Road; 6.912439; null
10; Pedestrian; Interference; Intention; 28.09.2023 09:34:53; 799.7952; 0.1818001; 241.1692; Road; 6.924547; null
10; Pedestrian; Interference; Intention; 28.09.2023 09:34:53; 799.7546; 0.1818001; 241.1665; Road; 6.947066; null
10; Pedestrian; Interference; Intention; 28.09.2023 09:34:53; 799.7156; 0.1818001; 241.1645; Road; 6.97256; null
10; Pedestrian; Interference; Intention; 28.09.2023 09:34:53; 799.6782; 0.1818001; 241.1629; Road; 6.990564; null
10; Pedestrian; Interference; Intention; 28.09.2023 09:34:53; 799.6406; 0.1818001; 241.1615; Road; 7.01302; null
10; Pedestrian; Interference; Intention; 28.09.2023 09:34:53; 799.6025; 0.1818001; 241.1604; Road; 7.034933; null
10; Pedestrian; Interference; Intention; 28.09.2023 09:34:53; 799.5853; 0.1818001; 241.1602; Road; 7.046605; null
10; Pedestrian; Interference; Intention; 28.09.2023 09:34:53; 799.5492; 0.1818001; 241.1598; Road; 7.069103; null
10; Pedestrian; Interference; Intention; 28.09.2023 09:34:53; 799.5151; 0.1818001; 241.16; Road; 7.09065; null
10; Pedestrian; Interference; Intention; 28.09.2023 09:34:53; 799.4797; 0.1818001; 241.1603; Road; 7.11524; null
10; Pedestrian; Interference; Intention; 28.09.2023 09:34:53; 799.4443; 0.1818001; 241.1608; Road; 7.138996; null
10; Pedestrian; Interference; Intention; 28.09.2023 09:34:53; 799.4287; 0.1818001; 241.1614; Road; 7.147284; null
10; Pedestrian; Interference; Intention; 28.09.2023 09:34:53; 799.3947; 0.1818001; 241.1621; Road; 7.16892; null
10; Pedestrian; Interference; Intention; 28.09.2023 09:34:53; 799.3605; 0.1818001; 241.163; Road; 7.190555; null
10; Pedestrian; Interference; Intention; 28.09.2023 09:34:53; 799.3257; 0.1818001; 241.1641; Road; 7.212828; null
10; Pedestrian; Interference; Intention; 28.09.2023 09:34:53; 799.2905; 0.1818001; 241.1654; Road; 7.234883; null
10; Pedestrian; Interference; Intention; 28.09.2023 09:34:53; 799.2731; 0.1818001; 241.1663; Road; 7.245701; null
10; Pedestrian; Interference; Intention; 28.09.2023 09:34:53; 799.2364; 0.1818001; 241.168; Road; 7.272239; null
10; Pedestrian; Interference; Intention; 28.09.2023 09:34:53; 799.1988; 0.1818001; 241.1699; Road; 7.291276; null
10; Pedestrian; Interference; Intention; 28.09.2023 09:34:53; 799.16; 0.1818001; 241.1718; Road; 7.31259; null
10; Pedestrian; Interference; Intention; 28.09.2023 09:34:53; 799.1207; 0.1818001; 241.1737; Road; 7.33468; null
10; Pedestrian; Interference; Intention; 28.09.2023 09:34:53; 799.1016; 0.1818001; 241.175; Road; 7.345924; null
10; Pedestrian; Interference; Intention; 28.09.2023 09:34:53; 799.0613; 0.1818001; 241.1772; Road; 7.36826; null
10; Pedestrian; Interference; Intention; 28.09.2023 09:34:53; 799.0188; 0.1818001; 241.1795; Road; 7.390659; null
10; Pedestrian; Interference; Intention; 28.09.2023 09:34:53; 798.9773; 0.1818001; 241.1821; Road; 7.412598; null
10; Pedestrian; Interference; Intention; 28.09.2023 09:34:53; 798.9344; 0.1818001; 241.1844; Road; 7.440128; null
10; Pedestrian; Interference; Intention; 28.09.2023 09:34:53; 798.9122; 0.1818001; 241.1852; Road; 7.449345; null
10; Pedestrian; Interference; Intention; 28.09.2023 09:34:53; 798.868; 0.1818001; 241.1867; Road; 7.470225; null
10; Pedestrian; Interference; Intention; 28.09.2023 09:34:53; 798.8262; 0.1818001; 241.1879; Road; 7.49047; null
10; Pedestrian; Interference; Intention; 28.09.2023 09:34:53; 798.783; 0.1818001; 241.1887; Road; 7.513144; null
10; Pedestrian; Interference; Intention; 28.09.2023 09:34:53; 798.74; 0.1818001; 241.1894; Road; 7.536218; null
10; Pedestrian; Interference; Intention; 28.09.2023 09:34:53; 798.7197; 0.1818001; 241.1899; Road; 7.546441; null
10; Pedestrian; Interference; Intention; 28.09.2023 09:34:53; 798.7003; 0.1818001; 241.1903; Road; 7.558069; null
10; Pedestrian; Interference; Intention; 28.09.2023 09:34:53; 798.6391; 0.1818001; 241.1911; Road; 7.594613; null
10; Pedestrian; Interference; Intention; 28.09.2023 09:34:53; 798.5989; 0.1818001; 241.1912; Road; 7.614953; null
10; Pedestrian; Interference; Intention; 28.09.2023 09:34:53; 798.5591; 0.1818001; 241.191; Road; 7.636103; null
10; Pedestrian; Interference; Intention; 28.09.2023 09:34:53; 798.5396; 0.1818001; 241.1909; Road; 7.646791; null
10; Pedestrian; Interference; Intention; 28.09.2023 09:34:53; 798.4991; 0.1818001; 241.1901; Road; 7.668634; null
10; Pedestrian; Interference; Intention; 28.09.2023 09:34:53; 798.4592; 0.1818001; 241.1892; Road; 7.691169; null
10; Pedestrian; Interference; Intention; 28.09.2023 09:34:53; 798.4189; 0.1818001; 241.1883; Road; 7.713577; null
10; Pedestrian; Interference; Intention; 28.09.2023 09:34:53; 798.3782; 0.1818001; 241.1871; Road; 7.736179; null
10; Pedestrian; Interference; Intention; 28.09.2023 09:34:54; 798.3575; 0.1818001; 241.1865; Road; 7.749762; null
10; Pedestrian; Interference; Intention; 28.09.2023 09:34:54; 798.316; 0.1818001; 241.1848; Road; 7.771341; null
10; Pedestrian; Interference; Intention; 28.09.2023 09:34:54; 798.2723; 0.1818001; 241.1824; Road; 7.791428; null
10; Pedestrian; Interference; Intention; 28.09.2023 09:34:54; 798.2292; 0.1818001; 241.1799; Road; 7.813135; null
10; Pedestrian; Interference; Intention; 28.09.2023 09:34:54; 798.1849; 0.1818001; 241.1766; Road; 7.835677; null
10; Pedestrian; Interference; Intention; 28.09.2023 09:34:54; 798.1632; 0.1818001; 241.1749; Road; 7.846835; null
10; Pedestrian; Interference; Intention; 28.09.2023 09:34:54; 798.1191; 0.1818001; 241.1715; Road; 7.870011; null
10; Pedestrian; Interference; Intention; 28.09.2023 09:34:54; 798.0718; 0.1818001; 241.1673; Road; 7.891885; null
10; Pedestrian; Interference; Intention; 28.09.2023 09:34:54; 798.0255; 0.1818001; 241.1632; Road; 7.920405; null
10; Pedestrian; Interference; Intention; 28.09.2023 09:34:54; 797.98; 0.1818001; 241.1591; Road; 7.937702; null
10; Pedestrian; Interference; Intention; 28.09.2023 09:34:54; 797.9579; 0.1818001; 241.1572; Road; 7.945851; null
10; Pedestrian; Interference; Intention; 28.09.2023 09:34:54; 797.9152; 0.1818001; 241.1537; Road; 7.968681; null
10; Pedestrian; Interference; Intention; 28.09.2023 09:34:54; 797.8718; 0.1818001; 241.1505; Road; 7.990011; null
10; Pedestrian; Interference; Intention; 28.09.2023 09:34:54; 797.8296; 0.1818001; 241.1479; Road; 8.012069; null
10; Pedestrian; Interference; Intention; 28.09.2023 09:34:54; 797.7868; 0.1818001; 241.1456; Road; 8.034667; null
10; Pedestrian; Interference; Intention; 28.09.2023 09:34:54; 797.7667; 0.1818001; 241.1447; Road; 8.045788; null
10; Pedestrian; Interference; Intention; 28.09.2023 09:34:54; 797.7263; 0.1818001; 241.1429; Road; 8.072643; null
10; Pedestrian; Interference; Intention; 28.09.2023 09:34:54; 797.6878; 0.1818001; 241.1417; Road; 8.090199; null
10; Pedestrian; Interference; Intention; 28.09.2023 09:34:54; 797.6502; 0.1818001; 241.1408; Road; 8.112733; null
10; Pedestrian; Interference; Intention; 28.09.2023 09:34:54; 797.6132; 0.1818001; 241.14; Road; 8.134449; null
10; Pedestrian; Interference; Intention; 28.09.2023 09:34:54; 797.596; 0.1818001; 241.14; Road; 8.145648; null
10; Pedestrian; Interference; Intention; 28.09.2023 09:34:54; 797.5598; 0.1818001; 241.1394; Road; 8.168211; null
10; Pedestrian; Interference; Intention; 28.09.2023 09:34:54; 797.5236; 0.1818001; 241.139; Road; 8.190142; null
10; Pedestrian; Interference; Intention; 28.09.2023 09:34:54; 797.5068; 0.1818001; 241.1391; Road; 8.202858; null
10; Pedestrian; Interference; Intention; 28.09.2023 09:34:54; 797.4532; 0.1818001; 241.1387; Road; 8.24018; null
10; Pedestrian; Interference; Intention; 28.09.2023 09:34:54; 797.4365; 0.1818001; 241.1389; Road; 8.250122; null
10; Pedestrian; Interference; Intention; 28.09.2023 09:34:54; 797.4022; 0.1818001; 241.1388; Road; 8.26811; null
10; Pedestrian; Interference; Intention; 28.09.2023 09:34:54; 797.3687; 0.1818001; 241.1388; Road; 8.290215; null
10; Pedestrian; Interference; Intention; 28.09.2023 09:34:54; 797.3352; 0.1818001; 241.1391; Road; 8.313064; null
10; Pedestrian; Interference; Intention; 28.09.2023 09:34:54; 797.3024; 0.1818001; 241.1397; Road; 8.334085; null
10; Pedestrian; Interference; Intention; 28.09.2023 09:34:54; 797.2859; 0.1818001; 241.1401; Road; 8.345288; null
10; Pedestrian; Interference; Intention; 28.09.2023 09:34:54; 797.2509; 0.1818001; 241.1409; Road; 8.370653; null
10; Pedestrian; Interference; Intention; 28.09.2023 09:34:54; 797.2151; 0.1818001; 241.1421; Road; 8.3915; null
10; Pedestrian; Interference; Intention; 28.09.2023 09:34:54; 797.1796; 0.1818001; 241.1433; Road; 8.412161; null
10; Pedestrian; Interference; Intention; 28.09.2023 09:34:54; 797.1448; 0.1818001; 241.1445; Road; 8.434977; null
10; Pedestrian; Interference; Intention; 28.09.2023 09:34:54; 797.1448; 0.1818001; 241.1445; Road; 8.434977; null
10; Pedestrian; Interference; Intention; 28.09.2023 09:34:54; 797.1448; 0.1818001; 241.1445; Road; 8.434977; null
10; Pedestrian; Interference; Intention; 28.09.2023 09:34:54; 797.0561; 0.1818001; 241.1471; Road; 8.493353; null
10; Pedestrian; Interference; Intention; 28.09.2023 09:34:54; 796.9915; 0.1818001; 241.1403; Road; 8.514319; null
10; Pedestrian; Interference; Intention; 28.09.2023 09:34:54; 796.9551; 0.1818001; 241.1408; Road; 8.538646; null
10; Pedestrian; Interference; Intention; 28.09.2023 09:34:54; 796.9379; 0.1818001; 241.1413; Road; 8.54837; null
10; Pedestrian; Interference; Intention; 28.09.2023 09:34:54; 796.9025; 0.1818001; 241.1417; Road; 8.568135; null
10; Pedestrian; Interference; Intention; 28.09.2023 09:34:54; 796.8667; 0.1818001; 241.1415;  After Road; 0.0117271; null
10; Pedestrian; Interference; Intention; 28.09.2023 09:34:54; 796.8319; 0.1818001; 241.1411;  After Road; 0.0331292; null
10; Pedestrian; Interference; Intention; 28.09.2023 09:34:54; 796.7992; 0.1818001; 241.1407;  After Road; 0.0558543; null
10; Pedestrian; Interference; Intention; 28.09.2023 09:34:54; 796.7829; 0.1818001; 241.1406;  After Road; 0.0666895; null
10; Pedestrian; Interference; Intention; 28.09.2023 09:34:54; 796.7489; 0.1818001; 241.1398;  After Road; 0.0896541; null
10; Pedestrian; Interference; Intention; 28.09.2023 09:34:54; 796.7153; 0.1818001; 241.1389;  After Road; 0.1140921; null
