user_id; scenario; distraction; ehmi; timestamp; userPositionX; userPositionY; userPositionZ; playerPositon; time; focused object
31; Driver; Noise; None; 11.11.2023 15:23:45; 850; 0.0960815; 203; HI; null
31; Driver; Noise; None; 11.11.2023 15:23:45; 850; 0.09269609; 203; Before; 0.02; null
31; Driver; Noise; None; 11.11.2023 15:23:46; 850; 0.07529796; 203; Before; 0.02; null
31; Driver; Noise; None; 11.11.2023 15:23:46; 850; 0.05768705; 203; Before; 0.02; null
31; Driver; Noise; None; 11.11.2023 15:23:46; 850; 0.03527888; 203; Before; 0.02; null
31; Driver; Noise; None; 11.11.2023 15:23:46; 850; 0.02227915; 203; Before; 0.02; null
31; Driver; Noise; None; 11.11.2023 15:23:46; 850; -0.005056463; 203; Before; 0.02; null
31; Driver; Noise; None; 11.11.2023 15:23:46; 850; -0.02595098; 203; Before; 0.02; null
31; Driver; Noise; None; 11.11.2023 15:23:46; 850; -0.03948666; 203; Before; 0.02; null
31; Driver; Noise; None; 11.11.2023 15:23:46; 850; -0.04622336; 203; Before; 0.02; null
31; Driver; Noise; None; 11.11.2023 15:23:46; 850; -0.04738848; 203; Before; 0.02; null
31; Driver; Noise; None; 11.11.2023 15:23:46; 850; -0.04619898; 203; Before; 0.02; null
31; Driver; Noise; None; 11.11.2023 15:23:46; 850; -0.04158631; 203; Before; 0.02; null
31; Driver; Noise; None; 11.11.2023 15:23:46; 850; -0.03501777; 203; Before; 0.02; null
31; Driver; Noise; None; 11.11.2023 15:23:46; 850; -0.02776622; 203; Before; 0.02; null
31; Driver; Noise; None; 11.11.2023 15:23:46; 850; -0.02420648; 203; Before; 0.02; null
31; Driver; Noise; None; 11.11.2023 15:23:46; 850; -0.017693; 203; Before; 0.02; null
31; Driver; Noise; None; 11.11.2023 15:23:46; 850; -0.01239446; 203; Before; 0.02; null
31; Driver; Noise; None; 11.11.2023 15:23:46; 850; -0.008560622; 203; Before; 0.04; null
31; Driver; Noise; None; 11.11.2023 15:23:46; 850; -0.006200071; 203; Before; 0.04; null
31; Driver; Noise; None; 11.11.2023 15:23:46; 850; -0.005529827; 203; Before; 0.04; null
31; Driver; Noise; None; 11.11.2023 15:23:46; 850; -0.005060978; 203; Before; 0.04; null
31; Driver; Noise; None; 11.11.2023 15:23:46; 850; -0.005511389; 203; Before; 0.3733333; Checking Box Human Car
31; Driver; Noise; None; 11.11.2023 15:23:46; 850; -0.005985234; 203; Before; 0.4549798; Checking Box Human Car
31; Driver; Noise; None; 11.11.2023 15:23:46; 850; -0.007245331; 203; Before; 0.4847195; Checking Box Human Car
31; Driver; Noise; None; 11.11.2023 15:23:46; 850; -0.008702384; 203; Before; 0.4847195; Checking Box Human Car
31; Driver; Noise; None; 11.11.2023 15:23:46; 850; -0.009435401; 203; Before; 0.5225856; null
31; Driver; Noise; None; 11.11.2023 15:23:46; 850; -0.01140998; 203; Before; 0.5401354; null
31; Driver; Noise; None; 11.11.2023 15:23:46; 850; -0.01241519; 203; Before; 0.5557988; null
31; Driver; Noise; None; 11.11.2023 15:23:46; 850; -0.01280568; 203; Before; 0.5891683; null
31; Driver; Noise; None; 11.11.2023 15:23:46; 850; -0.01336052; 203; Before; 0.5891683; null
31; Driver; Noise; None; 11.11.2023 15:23:46; 850; -0.01363648; 203; Before; 0.6226465; null
31; Driver; Noise; None; 11.11.2023 15:23:46; 850; -0.01368084; 203; Before; 0.6388593; null
31; Driver; Noise; None; 11.11.2023 15:23:46; 850; -0.01355307; 203; Before; 0.6523135; null
31; Driver; Noise; None; 11.11.2023 15:23:46; 850; -0.0133152; 203; Before; 0.6523135; null
31; Driver; Noise; None; 11.11.2023 15:23:46; 850; -0.01317307; 203; Before; 0.6523135; null
31; Driver; Noise; None; 11.11.2023 15:23:46; 850; -0.01287348; 203; Before; 0.6523135; null
31; Driver; Noise; None; 11.11.2023 15:23:46; 850; -0.01258611; 203; Before; 0.6523135; null
31; Driver; Noise; None; 11.11.2023 15:23:46; 850; -0.01233901; 203; Before; 0.6523135; null
31; Driver; Noise; None; 11.11.2023 15:23:46; 850; -0.01214822; 203; Before; 0.6666536; null
31; Driver; Noise; None; 11.11.2023 15:23:46; 850; -0.01207589; 203; Before; 0.7918726; null
31; Driver; Noise; None; 11.11.2023 15:23:46; 850; -0.01197643; 203; Before; 0.8179182; null
31; Driver; Noise; None; 11.11.2023 15:23:46; 850; -0.0119316; 203; Before; 0.8362858; null
31; Driver; Noise; None; 11.11.2023 15:23:46; 850; -0.01193101; 203; Before; 0.8650814; null
31; Driver; Noise; None; 11.11.2023 15:23:46; 850; -0.01194348; 203; Before; 0.8932002; null
31; Driver; Noise; None; 11.11.2023 15:23:46; 850; -0.01198617; 203; Before; 0.8932002; null
31; Driver; Noise; None; 11.11.2023 15:23:46; 850; -0.01204279; 203; Before; 0.921179; null
31; Driver; Noise; None; 11.11.2023 15:23:46; 850; -0.0121033; 203; Before; 0.938067; null
31; Driver; Noise; None; 11.11.2023 15:23:46; 850; -0.01216001; 203; Before; 0.9530224; null
31; Driver; Noise; None; 11.11.2023 15:23:46; 850; -0.01218525; 203; Before; 0.9903027; null
31; Driver; Noise; None; 11.11.2023 15:23:46; 850; -0.01222742; 203; Before; 0.9903027; null
31; Driver; Noise; None; 11.11.2023 15:23:47; 850; -0.01225739; 203; Before; 1.021778; null
31; Driver; Noise; None; 11.11.2023 15:23:47; 850; -0.01227526; 203; Before; 1.039059; null
31; Driver; Noise; None; 11.11.2023 15:23:47; 850; -0.01228007; 203; Before; 1.070521; null
31; Driver; Noise; None; 11.11.2023 15:23:47; 850; -0.01228116; 203; Before; 1.085187; null
31; Driver; Noise; None; 11.11.2023 15:23:47; 850; -0.01227809; 203; Before; 1.099761; null
31; Driver; Noise; None; 11.11.2023 15:23:47; 850; -0.01227385; 203; Before; 1.127862; null
31; Driver; Noise; None; 11.11.2023 15:23:47; 850; -0.01225695; 203; Before; 1.141617; null
31; Driver; Noise; None; 11.11.2023 15:23:47; 850; -0.01224474; 203; Before; 1.156967; null
31; Driver; Noise; None; 11.11.2023 15:23:47; 850; -0.01223893; 203; Before; 1.187901; null
31; Driver; Noise; None; 11.11.2023 15:23:47; 850; -0.01222858; 203; Before; 1.203287; null
31; Driver; Noise; None; 11.11.2023 15:23:47; 850; -0.01222045; 203; Before; 1.216931; null
31; Driver; Noise; None; 11.11.2023 15:23:47; 850; -0.01221479; 203; Before; 1.244993; null
31; Driver; Noise; None; 11.11.2023 15:23:47; 850; -0.01221154; 203; Before; 1.259505; null
31; Driver; Noise; None; 11.11.2023 15:23:47; 850; -0.01221071; 203; Before; 1.287195; null
31; Driver; Noise; None; 11.11.2023 15:23:47; 850; -0.01221042; 203; Before; 1.301386; null
31; Driver; Noise; None; 11.11.2023 15:23:47; 850; -0.01221149; 203; Before; 1.314999; null
31; Driver; Noise; None; 11.11.2023 15:23:47; 850; -0.01221346; 203; Before; 1.344856; null
31; Driver; Noise; None; 11.11.2023 15:23:47; 850; -0.01221463; 203; Before; 1.372129; null
31; Driver; Noise; None; 11.11.2023 15:23:47; 850; -0.01221709; 203; Before; 1.386088; null
31; Driver; Noise; None; 11.11.2023 15:23:47; 850; -0.01221943; 203; Before; 1.400037; null
31; Driver; Noise; None; 11.11.2023 15:23:47; 850; -0.01222049; 203; Before; 1.428145; null
31; Driver; Noise; None; 11.11.2023 15:23:47; 850; -0.01222302; 203; Before; 1.441605; null
31; Driver; Noise; None; 11.11.2023 15:23:47; 850; -0.01222362; 203; Before; 1.468806; null
31; Driver; Noise; None; 11.11.2023 15:23:47; 850; -0.01222471; 203; Before; 1.482622; null
31; Driver; Noise; None; 11.11.2023 15:23:47; 850; -0.01222484; 203; Before; 1.497406; null
31; Driver; Noise; None; 11.11.2023 15:23:47; 850; -0.01222486; 203; Before; 1.524583; null
31; Driver; Noise; None; 11.11.2023 15:23:47; 850; -0.0122246; 203; Before; 1.53927; null
31; Driver; Noise; None; 11.11.2023 15:23:47; 850; -0.01222418; 203; Before; 1.554995; null
31; Driver; Noise; None; 11.11.2023 15:23:47; 850; -0.01222394; 203; Before; 1.587845; null
31; Driver; Noise; None; 11.11.2023 15:23:47; 850; -0.01222343; 203; Before; 1.603727; null
31; Driver; Noise; None; 11.11.2023 15:23:47; 850; -0.01222296; 203; Before; 1.618411; Checking Box Human
31; Driver; Noise; None; 11.11.2023 15:23:47; 850; -0.01222256; 203; Before; 1.645341; Checking Box Human
31; Driver; Noise; None; 11.11.2023 15:23:47; 850; -0.0122224; 203; Before; 1.672627; Checking Box Human
31; Driver; Noise; None; 11.11.2023 15:23:47; 850; -0.01222214; 203; Before; 1.686494; Checking Box Human
31; Driver; Noise; None; 11.11.2023 15:23:47; 850; -0.01222201; 203; Before; 1.700369; Checking Box Human
31; Driver; Noise; None; 11.11.2023 15:23:47; 850; -0.01222197; 203; Before; 1.714707; Checking Box Human
31; Driver; Noise; None; 11.11.2023 15:23:47; 850; -0.01222199; 203; Before; 1.743109; Checking Box Human
31; Driver; Noise; None; 11.11.2023 15:23:47; 850; -0.01222203; 203; Before; 1.770241; Checking Box Human
31; Driver; Noise; None; 11.11.2023 15:23:47; 850; -0.01222216; 203; Before; 1.784298; Checking Box Human
31; Driver; Noise; None; 11.11.2023 15:23:47; 850; -0.01222221; 203; Before; 1.79897; Checking Box Human
31; Driver; Noise; None; 11.11.2023 15:23:47; 850; -0.01222227; 203; Before; 1.826425; Checking Box Human
31; Driver; Noise; None; 11.11.2023 15:23:47; 850; -0.0122224; 203; Before; 1.841085; Checking Box Human
31; Driver; Noise; None; 11.11.2023 15:23:47; 850; -0.01222244; 203; Before; 1.869681; Checking Box Human
31; Driver; Noise; None; 11.11.2023 15:23:47; 850; -0.01222253; 203; Before; 1.883177; Checking Box Human
31; Driver; Noise; None; 11.11.2023 15:23:47; 850; -0.01222255; 203; Before; 1.897279; Checking Box Human
31; Driver; Noise; None; 11.11.2023 15:23:47; 850; -0.01222257; 203; Before; 1.926991; Checking Box Human
31; Driver; Noise; None; 11.11.2023 15:23:47; 850; -0.01222259; 203; Before; 1.940704; Checking Box Human
31; Driver; Noise; None; 11.11.2023 15:23:47; 850; -0.01222259; 203; Before; 1.96841; Checking Box Human
31; Driver; Noise; None; 11.11.2023 15:23:47; 850; -0.01222257; 203; Before; 1.982677; Checking Box Human
31; Driver; Noise; None; 11.11.2023 15:23:48; 850; -0.01222256; 203; Before; 1.997082; Checking Box Human
31; Driver; Noise; None; 11.11.2023 15:23:48; 850; -0.01222253; 203; Before; 2.010374; Checking Box Human
31; Driver; Noise; None; 11.11.2023 15:23:48; 850; -0.01222251; 203; Before; 2.042708; Checking Box Human
31; Driver; Noise; None; 11.11.2023 15:23:48; 850; -0.01222249; 203; Before; 2.057925; Checking Box Human
31; Driver; Noise; None; 11.11.2023 15:23:48; 850; -0.01222248; 203; Before; 2.087033; Checking Box Human
31; Driver; Noise; None; 11.11.2023 15:23:48; 850; -0.01222247; 203; Before; 2.105845; Checking Box Human
31; Driver; Noise; None; 11.11.2023 15:23:48; 850; -0.01222247; 203; Before; 2.119467; Checking Box Human
31; Driver; Noise; None; 11.11.2023 15:23:48; 850; -0.01222247; 203; Before; 2.147024; Checking Box Human
31; Driver; Noise; None; 11.11.2023 15:23:48; 850; -0.01222247; 203; Before; 2.161628; Checking Box Human
31; Driver; Noise; None; 11.11.2023 15:23:48; 850; -0.01222247; 203; Before; 2.18776; Checking Box Human
31; Driver; Noise; None; 11.11.2023 15:23:48; 850; -0.01222248; 203; Before; 2.202003; Checking Box Human
31; Driver; Noise; None; 11.11.2023 15:23:48; 850; -0.01222247; 203; Before; 2.216003; Checking Box Human
31; Driver; Noise; None; 11.11.2023 15:23:48; 850; -0.01222247; 203; Before; 2.247748; Checking Box Human
31; Driver; Noise; None; 11.11.2023 15:23:48; 850; -0.01222248; 203; Before; 2.261416; Checking Box Human
31; Driver; Noise; None; 11.11.2023 15:23:48; 849.9999; -0.01222249; 203; Before; 2.288229; null
31; Driver; Noise; None; 11.11.2023 15:23:48; 849.9999; -0.01222262; 203; Before; 2.302931; null
31; Driver; Noise; None; 11.11.2023 15:23:48; 849.9993; -0.01222276; 203; Before; 2.318776; null
31; Driver; Noise; None; 11.11.2023 15:23:48; 849.9988; -0.01222298; 203; Before; 2.34809; null
31; Driver; Noise; None; 11.11.2023 15:23:48; 849.9962; -0.01222332; 203; Before; 2.363949; null
31; Driver; Noise; None; 11.11.2023 15:23:48; 849.9934; -0.01222371; 203; Before; 2.379942; null
31; Driver; Noise; None; 11.11.2023 15:23:48; 849.9917; -0.0122244; 203; Before; 2.397404; null
31; Driver; Noise; None; 11.11.2023 15:23:48; 849.9878; -0.01222491; 203; Before; 2.415254; null
31; Driver; Noise; None; 11.11.2023 15:23:48; 849.983; -0.01222731; 203; Before; 2.432354; null
31; Driver; Noise; None; 11.11.2023 15:23:48; 849.9803; -0.01222946; 203; Before; 2.466773; null
31; Driver; Noise; None; 11.11.2023 15:23:48; 849.9745; -0.01223432; 203; Before; 2.483989; null
31; Driver; Noise; None; 11.11.2023 15:23:48; 849.968; -0.01223904; 203; Before; 2.483989; null
31; Driver; Noise; None; 11.11.2023 15:23:48; 849.9608; -0.01224379; 203; Before; 2.503643; null
31; Driver; Noise; None; 11.11.2023 15:23:48; 849.9568; -0.01224758; 203; Before; 2.54399; null
31; Driver; Noise; None; 11.11.2023 15:23:48; 849.9483; -0.01225584; 203; Before; 2.563231; null
31; Driver; Noise; None; 11.11.2023 15:23:48; 849.934; -0.01226865; 203; Before; 2.581118; null
31; Driver; Noise; None; 11.11.2023 15:23:48; 849.929; -0.01227593; 203; Before; 2.599194; null
31; Driver; Noise; None; 11.11.2023 15:23:48; 849.918; -0.01228576; 203; Before; 2.616921; null
31; Driver; Noise; None; 11.11.2023 15:23:48; 849.9064; -0.01229777; 203; Before; 2.635199; null
31; Driver; Noise; None; 11.11.2023 15:23:48; 849.8941; -0.01230644; 203; Before; 2.652994; null
31; Driver; Noise; None; 11.11.2023 15:23:48; 849.8878; -0.01231193; 203; Before; 2.68876; null
31; Driver; Noise; None; 11.11.2023 15:23:48; 849.8745; -0.01232169; 203; Before; 2.68876; null
31; Driver; Noise; None; 11.11.2023 15:23:48; 849.8676; -0.01232737; 203; Before; 2.722963; null
31; Driver; Noise; None; 11.11.2023 15:23:48; 849.8462; -0.01234309; 203; Before; 2.740596; null
31; Driver; Noise; None; 11.11.2023 15:23:48; 849.8386; -0.01235096; 203; Before; 2.769628; null
31; Driver; Noise; None; 11.11.2023 15:23:48; 849.8153; -0.01236952; 203; Before; 2.78412; null
31; Driver; Noise; None; 11.11.2023 15:23:48; 849.8071; -0.0123776; 203; Before; 2.798282; null
31; Driver; Noise; None; 11.11.2023 15:23:48; 849.7988; -0.0123873; 203; Before; 2.82801; null
31; Driver; Noise; None; 11.11.2023 15:23:48; 849.7724; -0.01240594; 203; Before; 2.841746; null
31; Driver; Noise; None; 11.11.2023 15:23:48; 849.7538; -0.012412; 203; Before; 2.855546; null
31; Driver; Noise; None; 11.11.2023 15:23:48; 849.7443; -0.01241488; 203; Before; 2.887237; null
31; Driver; Noise; None; 11.11.2023 15:23:48; 849.7244; -0.01242771; 203; Before; 2.905747; null
31; Driver; Noise; None; 11.11.2023 15:23:48; 849.7035; -0.01242866; 203; Before; 2.919817; null
31; Driver; Noise; None; 11.11.2023 15:23:48; 849.6927; -0.01243442; 203; Before; 2.94937; null
31; Driver; Noise; None; 11.11.2023 15:23:48; 849.6588; -0.01244413; 203; Before; 2.963948; null
31; Driver; Noise; None; 11.11.2023 15:23:48; 849.647; -0.01245078; 203; Before; 2.992407; null
31; Driver; Noise; None; 11.11.2023 15:23:48; 849.6227; -0.01245857; 203; Before; 2.992407; null
31; Driver; Noise; None; 11.11.2023 15:23:49; 849.5974; -0.01247052; 203; Before; 3.021509; null
31; Driver; Noise; None; 11.11.2023 15:23:49; 849.571; -0.01247025; 203; Before; 3.038573; null
31; Driver; Noise; None; 11.11.2023 15:23:49; 849.5575; -0.01247764; 203; Before; 3.069917; null
31; Driver; Noise; None; 11.11.2023 15:23:49; 849.5297; -0.0124872; 203; Before; 3.085472; null
31; Driver; Noise; None; 11.11.2023 15:23:49; 849.5008; -0.01250237; 203; Before; 3.100238; null
31; Driver; Noise; None; 11.11.2023 15:23:49; 849.4709; -0.01251506; 203; Before; 3.114719; null
31; Driver; Noise; None; 11.11.2023 15:23:49; 849.44; -0.0125324; 203; Before; 3.142768; null
31; Driver; Noise; None; 11.11.2023 15:23:49; 849.4242; -0.01254655; 203; Before; 3.170286; null
31; Driver; Noise; None; 11.11.2023 15:23:49; 849.3753; -0.01257241; 203; Before; 3.184599; null
31; Driver; Noise; None; 11.11.2023 15:23:49; 849.3585; -0.0125839; 203; Before; 3.198788; null
31; Driver; Noise; None; 11.11.2023 15:23:49; 849.3416; -0.01259837; 203; Before; 3.226517; null
31; Driver; Noise; None; 11.11.2023 15:23:49; 849.2892; -0.01262076; 203; Before; 3.240249; null
31; Driver; Noise; None; 11.11.2023 15:23:49; 849.2714; -0.01263056; 203; Before; 3.269016; null
31; Driver; Noise; None; 11.11.2023 15:23:49; 849.2165; -0.01264118; 203; Before; 3.283876; null
31; Driver; Noise; None; 11.11.2023 15:23:49; 849.1978; -0.01264835; 203; Before; 3.298673; null
31; Driver; Noise; None; 11.11.2023 15:23:49; 849.1599; -0.01265209; 203; Before; 3.312631; null
31; Driver; Noise; None; 11.11.2023 15:23:49; 849.1213; -0.01266002; 203; Before; 3.343649; null
31; Driver; Noise; None; 11.11.2023 15:23:49; 849.0818; -0.01266303; 203; Before; 3.359118; null
31; Driver; Noise; None; 11.11.2023 15:23:49; 849.0618; -0.01266459; 203; Before; 3.388649; null
31; Driver; Noise; None; 11.11.2023 15:23:49; 849.0212; -0.01268301; 203; Before; 3.404951; null
31; Driver; Noise; None; 11.11.2023 15:23:49; 848.9797; -0.01267775; 203; Before; 3.419338; null
31; Driver; Noise; None; 11.11.2023 15:23:49; 848.9586; -0.01268562; 203; Before; 3.447993; null
31; Driver; Noise; None; 11.11.2023 15:23:49; 848.8941; -0.01269403; 203; Before; 3.463032; null
31; Driver; Noise; None; 11.11.2023 15:23:49; 848.8722; -0.0127028; 203; Before; 3.491337; null
31; Driver; Noise; None; 11.11.2023 15:23:49; 848.8276; -0.01270949; 203; Before; 3.491337; null
31; Driver; Noise; None; 11.11.2023 15:23:49; 848.7822; -0.01272236; 203; Before; 3.520347; null
31; Driver; Noise; None; 11.11.2023 15:23:49; 848.7359; -0.01272978; 203; Before; 3.535275; null
31; Driver; Noise; None; 11.11.2023 15:23:49; 848.7124; -0.01273348; 203; Before; 3.568208; null
31; Driver; Noise; None; 11.11.2023 15:23:49; 848.6407; -0.01273299; 203; Before; 3.58421; null
31; Driver; Noise; None; 11.11.2023 15:23:49; 848.6163; -0.01274111; 203; Before; 3.598937; null
31; Driver; Noise; None; 11.11.2023 15:23:49; 848.5918; -0.01275539; 203; Before; 3.627396; null
31; Driver; Noise; None; 11.11.2023 15:23:49; 848.5168; -0.01277708; 203; Before; 3.641948; null
31; Driver; Noise; None; 11.11.2023 15:23:49; 848.4915; -0.01278996; 203; Before; 3.670875; null
31; Driver; Noise; None; 11.11.2023 15:23:49; 848.4141; -0.01280611; 203; Before; 3.68548; null
31; Driver; Noise; None; 11.11.2023 15:23:49; 848.3879; -0.0128173; 203; Before; 3.699987; null
31; Driver; Noise; None; 11.11.2023 15:23:49; 848.3349; -0.01282513; 203; Before; 3.713969; null
31; Driver; Noise; None; 11.11.2023 15:23:49; 848.2811; -0.01283844; 203; Before; 3.744793; null
31; Driver; Noise; None; 11.11.2023 15:23:49; 848.2265; -0.012844; 203; Before; 3.759958; null
31; Driver; Noise; None; 11.11.2023 15:23:49; 848.1989; -0.01284641; 203; Before; 3.788756; null
31; Driver; Noise; None; 11.11.2023 15:23:49; 848.1431; -0.01287142; 203; Before; 3.804983; null
31; Driver; Noise; None; 11.11.2023 15:23:49; 848.0864; -0.01286271; 203; Before; 3.819918; null
31; Driver; Noise; None; 11.11.2023 15:23:49; 848.029; -0.01283446; 203; Before; 3.83361; null
31; Driver; Noise; None; 11.11.2023 15:23:49; 847.9707; -0.01281819; 203; Before; 3.853914; null
31; Driver; Noise; None; 11.11.2023 15:23:49; 847.9413; -0.01281495; 203; Before; 3.892383; null
31; Driver; Noise; None; 11.11.2023 15:23:49; 847.8818; -0.01280598; 203; Before; 3.892383; null
31; Driver; Noise; None; 11.11.2023 15:23:49; 847.8214; -0.01281855; 203; Before; 3.922626; null
31; Driver; Noise; None; 11.11.2023 15:23:49; 847.7603; -0.01283371; 203; Before; 3.93814; null
31; Driver; Noise; None; 11.11.2023 15:23:49; 847.7294; -0.01284372; 203; Before; 3.967136; null
31; Driver; Noise; None; 11.11.2023 15:23:49; 847.6354; -0.01286327; 203; Before; 3.983682; null
31; Driver; Noise; None; 11.11.2023 15:23:50; 847.6037; -0.01288097; 203; Before; 3.999309; null
31; Driver; Noise; None; 11.11.2023 15:23:50; 847.5396; -0.01287797; 203; Before; 4.013319; null
31; Driver; Noise; None; 11.11.2023 15:23:50; 847.4747; -0.01288347; 203; Before; 4.032211; null
31; Driver; Noise; None; 11.11.2023 15:23:50; 847.4419; -0.0128894; 203; Before; 4.065021; null
31; Driver; Noise; None; 11.11.2023 15:23:50; 847.3423; -0.01289929; 203; Before; 4.082958; null
31; Driver; Noise; None; 11.11.2023 15:23:50; 847.3087; -0.01291558; 203; Before; 4.098579; null
31; Driver; Noise; None; 11.11.2023 15:23:50; 847.2408; -0.01293498; 203; Before; 4.112976; null
31; Driver; Noise; None; 11.11.2023 15:23:50; 847.2066; -0.01294568; 203; Before; 4.143368; null
31; Driver; Noise; None; 11.11.2023 15:23:50; 847.1027; -0.01298789; 203; Before; 4.160717; null
31; Driver; Noise; None; 11.11.2023 15:23:50; 847.0677; -0.01299823; 203; Before; 4.188344; null
31; Driver; Noise; None; 11.11.2023 15:23:50; 846.9971; -0.01304293; 203; Before; 4.203155; null
31; Driver; Noise; None; 11.11.2023 15:23:50; 846.9257; -0.01304197; 203; Before; 4.217983; null
31; Driver; Noise; None; 11.11.2023 15:23:50; 846.8898; -0.0130577; 203; Before; 4.247454; null
31; Driver; Noise; None; 11.11.2023 15:23:50; 846.7809; -0.01307204; 203; Before; 4.263088; null
31; Driver; Noise; None; 11.11.2023 15:23:50; 846.7443; -0.01308465; 203; Before; 4.29288; null
31; Driver; Noise; None; 11.11.2023 15:23:50; 846.6707; -0.01308929; 203; Before; 4.29288; null
31; Driver; Noise; None; 11.11.2023 15:23:50; 846.5964; -0.01310114; 203.0001; Before; 4.321575; null
31; Driver; Noise; None; 11.11.2023 15:23:50; 846.5215; -0.01310238; 203.0002; Before; 4.337097; null
31; Driver; Noise; None; 11.11.2023 15:23:50; 846.4838; -0.01310241; 203.0002; Before; 4.366968; null
31; Driver; Noise; None; 11.11.2023 15:23:50; 846.3699; -0.0131123; 203.0003; Before; 4.381574; null
31; Driver; Noise; None; 11.11.2023 15:23:50; 846.3316; -0.01311209; 203.0004; Before; 4.3971; null
31; Driver; Noise; None; 11.11.2023 15:23:50; 846.2932; -0.01312196; 203.0004; Before; 4.424931; null
31; Driver; Noise; None; 11.11.2023 15:23:50; 846.1769; -0.01312243; 203.0005; Before; 4.440085; null
31; Driver; Noise; None; 11.11.2023 15:23:50; 846.1379; -0.0131328; 203.0006; Before; 4.469392; null
31; Driver; Noise; None; 11.11.2023 15:23:50; 846.0198; -0.0131345; 203.0008; Before; 4.483856; null
31; Driver; Noise; None; 11.11.2023 15:23:50; 845.9802; -0.01314543; 203.0008; Before; 4.499819; null
31; Driver; Noise; None; 11.11.2023 15:23:50; 845.9004; -0.01314741; 203.001; Before; 4.513916; null
31; Driver; Noise; None; 11.11.2023 15:23:50; 845.8603; -0.01314824; 203.001; Before; 4.546905; null
31; Driver; Noise; None; 11.11.2023 15:23:50; 845.739; -0.01313092; 203.0012; Before; 4.563378; null
31; Driver; Noise; None; 11.11.2023 15:23:50; 845.6574; -0.01311229; 203.0014; Before; 4.578714; null
31; Driver; Noise; None; 11.11.2023 15:23:50; 845.6164; -0.01310745; 203.0015; Before; 4.59393; null
31; Driver; Noise; None; 11.11.2023 15:23:50; 845.5339; -0.01313621; 203.0016; Before; 4.624863; Checking Box Human
31; Driver; Noise; None; 11.11.2023 15:23:50; 845.4507; -0.01315579; 203.0018; Before; 4.639355; Checking Box Human
31; Driver; Noise; None; 11.11.2023 15:23:50; 845.4089; -0.01316496; 203.0019; Before; 4.668754; Checking Box Human
31; Driver; Noise; None; 11.11.2023 15:23:50; 845.3249; -0.013166; 203.0021; Before; 4.685595; Checking Box Human
31; Driver; Noise; None; 11.11.2023 15:23:50; 845.2402; -0.01318161; 203.0022; Before; 4.701904; Checking Box Human
31; Driver; Noise; None; 11.11.2023 15:23:50; 845.155; -0.01315658; 203.0024; Before; 4.7177; Checking Box Human
31; Driver; Noise; None; 11.11.2023 15:23:50; 845.1121; -0.01316822; 203.0025; Before; 4.746441; Checking Box Human
31; Driver; Noise; None; 11.11.2023 15:23:50; 844.9826; -0.01321259; 203.0029; Before; 4.761211; Checking Box Human
31; Driver; Noise; None; 11.11.2023 15:23:50; 844.9391; -0.01322186; 203.003; Before; 4.789009; Checking Box Human
31; Driver; Noise; None; 11.11.2023 15:23:50; 844.8517; -0.01326947; 203.0032; Before; 4.804564; Checking Box Human
31; Driver; Noise; None; 11.11.2023 15:23:50; 844.7637; -0.0132601; 203.0034; Before; 4.819728; Checking Box Human
31; Driver; Noise; None; 11.11.2023 15:23:50; 844.7195; -0.01327543; 203.0035; Before; 4.848926; Checking Box Human
31; Driver; Noise; None; 11.11.2023 15:23:50; 844.5859; -0.01328172; 203.0038; Before; 4.863828; Checking Box Human
31; Driver; Noise; None; 11.11.2023 15:23:50; 844.5411; -0.01329373; 203.0039; Before; 4.893463; Checking Box Human
31; Driver; Noise; None; 11.11.2023 15:23:50; 844.4511; -0.01329331; 203.0041; Before; 4.893463; Checking Box Human
31; Driver; Noise; None; 11.11.2023 15:23:50; 844.3607; -0.01330253; 203.0044; Before; 4.923512; Checking Box Human
31; Driver; Noise; None; 11.11.2023 15:23:50; 844.2697; -0.01326474; 203.0046; Before; 4.939356; Checking Box Human
31; Driver; Noise; None; 11.11.2023 15:23:50; 844.2241; -0.01327094; 203.0047; Before; 4.968904; Checking Box Human
31; Driver; Noise; None; 11.11.2023 15:23:50; 844.0867; -0.01326405; 203.0051; Before; 4.983069; Checking Box Human
31; Driver; Noise; None; 11.11.2023 15:23:51; 844.0408; -0.01327615; 203.0052; Before; 4.998721; Checking Box Human
31; Driver; Noise; None; 11.11.2023 15:23:51; 843.9487; -0.01327981; 203.0055; Before; 5.014861; Checking Box Human
31; Driver; Noise; None; 11.11.2023 15:23:51; 843.9025; -0.01328224; 203.0056; Before; 5.046563; Checking Box Human
31; Driver; Noise; None; 11.11.2023 15:23:51; 843.7637; -0.01326809; 203.006; Before; 5.06228; Checking Box Human
31; Driver; Noise; None; 11.11.2023 15:23:51; 843.7173; -0.01327914; 203.0061; Before; 5.091184; Checking Box Human
31; Driver; Noise; None; 11.11.2023 15:23:51; 843.6244; -0.01328192; 203.0064; Before; 5.091184; Checking Box Human
31; Driver; Noise; None; 11.11.2023 15:23:51; 843.5312; -0.01329982; 203.0067; Before; 5.123013; Checking Box Human
31; Driver; Noise; None; 11.11.2023 15:23:51; 843.4377; -0.01327173; 203.007; Before; 5.139096; Checking Box Human
31; Driver; Noise; None; 11.11.2023 15:23:51; 843.3909; -0.01328363; 203.0072; Before; 5.170012; Checking Box Human
31; Driver; Noise; None; 11.11.2023 15:23:51; 843.2501; -0.01329131; 203.0076; Before; 5.184208; Checking Box Human
31; Driver; Noise; None; 11.11.2023 15:23:51; 843.2031; -0.01330751; 203.0078; Before; 5.198795; Checking Box Human
31; Driver; Noise; None; 11.11.2023 15:23:51; 843.1559; -0.01333419; 203.008; Before; 5.226182; Checking Box Human
31; Driver; Noise; None; 11.11.2023 15:23:51; 843.0142; -0.01336549; 203.0085; Before; 5.240427; Checking Box Human
31; Driver; Noise; None; 11.11.2023 15:23:51; 842.9669; -0.0133837; 203.0087; Before; 5.269836; Checking Box Human
31; Driver; Noise; None; 11.11.2023 15:23:51; 842.8244; -0.01339012; 203.0092; Before; 5.28427; Checking Box Human
31; Driver; Noise; None; 11.11.2023 15:23:51; 842.7768; -0.0134011; 203.0094; Before; 5.298813; Checking Box Human
31; Driver; Noise; None; 11.11.2023 15:23:51; 842.7291; -0.01342105; 203.0096; Before; 5.327303; null
31; Driver; Noise; None; 11.11.2023 15:23:51; 842.5858; -0.01342612; 203.0102; Before; 5.341943; null
31; Driver; Noise; None; 11.11.2023 15:23:51; 842.5378; -0.01343517; 203.0104; Before; 5.370347; null
31; Driver; Noise; None; 11.11.2023 15:23:51; 842.3937; -0.01341607; 203.0111; Before; 5.384781; null
31; Driver; Noise; None; 11.11.2023 15:23:51; 842.3456; -0.01342011; 203.0113; Before; 5.399085; null
31; Driver; Noise; None; 11.11.2023 15:23:51; 842.2491; -0.01340278; 203.0117; Before; 5.413151; null
31; Driver; Noise; None; 11.11.2023 15:23:51; 842.1523; -0.01339769; 203.0122; Before; 5.44259; null
31; Driver; Noise; None; 11.11.2023 15:23:51; 842.1039; -0.01341255; 203.0125; Before; 5.470292; null
31; Driver; Noise; None; 11.11.2023 15:23:51; 841.9581; -0.01341104; 203.0132; Before; 5.484526; null
31; Driver; Noise; None; 11.11.2023 15:23:51; 841.9094; -0.01342067; 203.0134; Before; 5.498189; null
31; Driver; Noise; None; 11.11.2023 15:23:51; 841.8605; -0.01343999; 203.0137; Before; 5.527818; null
31; Driver; Noise; None; 11.11.2023 15:23:51; 841.7137; -0.01344446; 203.0145; Before; 5.542171; Checking Box Human
31; Driver; Noise; None; 11.11.2023 15:23:51; 841.6155; -0.0134184; 203.0151; Before; 5.557504; Checking Box Human
31; Driver; Noise; None; 11.11.2023 15:23:51; 841.5663; -0.01340609; 203.0154; Before; 5.586922; Checking Box Human
31; Driver; Noise; None; 11.11.2023 15:23:51; 841.4677; -0.01342111; 203.016; Before; 5.601711; Checking Box Human
31; Driver; Noise; None; 11.11.2023 15:23:51; 841.3689; -0.01338181; 203.0166; Before; 5.619138; Checking Box Human
31; Driver; Noise; None; 11.11.2023 15:23:51; 841.2697; -0.01335182; 203.0172; Before; 5.633604; Checking Box Human
31; Driver; Noise; None; 11.11.2023 15:23:51; 841.22; -0.0133414; 203.0175; Before; 5.668826; Checking Box Human
31; Driver; Noise; None; 11.11.2023 15:23:51; 841.1205; -0.01331088; 203.0182; Before; 5.685525; Checking Box Human
31; Driver; Noise; None; 11.11.2023 15:23:51; 841.0207; -0.01331076; 203.0189; Before; 5.702533; Checking Box Human
31; Driver; Noise; None; 11.11.2023 15:23:51; 840.9207; -0.01327376; 203.0196; Before; 5.717665; Checking Box Human
31; Driver; Noise; None; 11.11.2023 15:23:51; 840.8705; -0.01328686; 203.0199; Before; 5.746148; Checking Box Human
31; Driver; Noise; None; 11.11.2023 15:23:51; 840.7198; -0.01334595; 203.021; Before; 5.760548; Checking Box Human
31; Driver; Noise; None; 11.11.2023 15:23:51; 840.6694; -0.01336087; 203.0214; Before; 5.789011; Checking Box Human
31; Driver; Noise; None; 11.11.2023 15:23:51; 840.5684; -0.013425; 203.0222; Before; 5.803973; Checking Box Human
31; Driver; Noise; None; 11.11.2023 15:23:51; 840.4672; -0.01342264; 203.0229; Before; 5.818561; Checking Box Human
31; Driver; Noise; None; 11.11.2023 15:23:51; 840.4164; -0.01344379; 203.0233; Before; 5.847372; Checking Box Human
31; Driver; Noise; None; 11.11.2023 15:23:51; 840.2639; -0.01345769; 203.0245; Before; 5.862592; Checking Box Human
31; Driver; Noise; None; 11.11.2023 15:23:51; 840.213; -0.0134721; 203.0249; Before; 5.89061; Checking Box Human
31; Driver; Noise; None; 11.11.2023 15:23:51; 840.1108; -0.01347098; 203.0258; Before; 5.89061; Checking Box Human
31; Driver; Noise; None; 11.11.2023 15:23:51; 840.0084; -0.01347815; 203.0266; Before; 5.92016; Checking Box Human
31; Driver; Noise; None; 11.11.2023 15:23:51; 839.9056; -0.01346989; 203.0275; Before; 5.935781; Checking Box Human
31; Driver; Noise; None; 11.11.2023 15:23:51; 839.8542; -0.01346471; 203.0279; Before; 5.969689; Checking Box Human
31; Driver; Noise; None; 11.11.2023 15:23:51; 839.7511; -0.01343474; 203.0288; Before; 5.985991; Checking Box Human
31; Driver; Noise; None; 11.11.2023 15:23:52; 839.6478; -0.01342645; 203.0298; Before; 6.000203; Checking Box Human
31; Driver; Noise; None; 11.11.2023 15:23:52; 839.5442; -0.01341388; 203.0307; Before; 6.014823; Checking Box Human
31; Driver; Noise; None; 11.11.2023 15:23:52; 839.4404; -0.01342111; 203.0317; Before; 6.042941; Checking Box Human
31; Driver; Noise; None; 11.11.2023 15:23:52; 839.3365; -0.01342093; 203.0326; Before; 6.058546; Checking Box Human
31; Driver; Noise; None; 11.11.2023 15:23:52; 839.2844; -0.01342184; 203.0331; Before; 6.086762; Checking Box Human
31; Driver; Noise; None; 11.11.2023 15:23:52; 839.1801; -0.01346388; 203.0342; Before; 6.102854; Checking Box Human
31; Driver; Noise; None; 11.11.2023 15:23:52; 839.0756; -0.01344429; 203.0352; Before; 6.119833; Checking Box Human
31; Driver; Noise; None; 11.11.2023 15:23:52; 838.9709; -0.01342904; 203.0363; Before; 6.134671; Checking Box Human
31; Driver; Noise; None; 11.11.2023 15:23:52; 838.9185; -0.01342403; 203.0368; Before; 6.166052; Checking Box Human
31; Driver; Noise; None; 11.11.2023 15:23:52; 838.7609; -0.01343306; 203.0385; Before; 6.181064; Checking Box Human
31; Driver; Noise; None; 11.11.2023 15:23:52; 838.7083; -0.01343357; 203.0391; Before; 6.196417; Checking Box Human
31; Driver; Noise; None; 11.11.2023 15:23:52; 838.6028; -0.01347558; 203.0402; Before; 6.224881; Checking Box Human
31; Driver; Noise; None; 11.11.2023 15:23:52; 838.4973; -0.01345566; 203.0414; Before; 6.239854; Checking Box Human
31; Driver; Noise; None; 11.11.2023 15:23:52; 838.4444; -0.01347172; 203.042; Before; 6.269811; Checking Box Human
31; Driver; Noise; None; 11.11.2023 15:23:52; 838.2855; -0.01347786; 203.0438; Before; 6.284831; Checking Box Human
31; Driver; Noise; None; 11.11.2023 15:23:52; 838.2324; -0.0134927; 203.0445; Before; 6.299538; Checking Box Human
31; Driver; Noise; None; 11.11.2023 15:23:52; 838.1262; -0.0134941; 203.0457; Before; 6.313588; Checking Box Human
31; Driver; Noise; None; 11.11.2023 15:23:52; 838.0729; -0.01349362; 203.0464; Before; 6.344595; null
31; Driver; Noise; None; 11.11.2023 15:23:52; 837.913; -0.01346284; 203.0483; Before; 6.362656; null
31; Driver; Noise; None; 11.11.2023 15:23:52; 837.8596; -0.01346994; 203.049; Before; 6.391531; Checking Box Human
31; Driver; Noise; None; 11.11.2023 15:23:52; 837.7526; -0.01346184; 203.0503; Before; 6.391531; Checking Box Human
31; Driver; Noise; None; 11.11.2023 15:23:52; 837.6454; -0.01347201; 203.0517; Before; 6.422093; Checking Box Human
31; Driver; Noise; None; 11.11.2023 15:23:52; 837.5381; -0.013431; 203.0531; Before; 6.438294; Checking Box Human
31; Driver; Noise; None; 11.11.2023 15:23:52; 837.4843; -0.01344111; 203.0538; Before; 6.470199; Checking Box Human
31; Driver; Noise; None; 11.11.2023 15:23:52; 837.3766; -0.01344065; 203.0552; Before; 6.485332; Checking Box Human
31; Driver; Noise; None; 11.11.2023 15:23:52; 837.2688; -0.01345968; 203.0566; Before; 6.500379; Checking Box Human
31; Driver; Noise; None; 11.11.2023 15:23:52; 837.1607; -0.01346888; 203.0581; Before; 6.515594; Checking Box Human
31; Driver; Noise; None; 11.11.2023 15:23:52; 837.1066; -0.01347352; 203.0588; Before; 6.545207; Checking Box Human
31; Driver; Noise; None; 11.11.2023 15:23:52; 836.944; -0.01345952; 203.061; Before; 6.561381; Checking Box Human
31; Driver; Noise; None; 11.11.2023 15:23:52; 836.8353; -0.0134382; 203.0625; Before; 6.577228; Checking Box Human
31; Driver; Noise; None; 11.11.2023 15:23:52; 836.7809; -0.01343242; 203.0632; Before; 6.592627; Checking Box Human
31; Driver; Noise; None; 11.11.2023 15:23:52; 836.7265; -0.01344389; 203.064; Before; 6.625921; Checking Box Human
31; Driver; Noise; None; 11.11.2023 15:23:52; 836.5628; -0.01345001; 203.0663; Before; 6.641302; Checking Box Human
31; Driver; Noise; None; 11.11.2023 15:23:52; 836.4535; -0.01344005; 203.0678; Before; 6.657357; Checking Box Human
31; Driver; Noise; None; 11.11.2023 15:23:52; 836.3987; -0.01343906; 203.0686; Before; 6.687006; Checking Box Human
31; Driver; Noise; None; 11.11.2023 15:23:52; 836.2891; -0.01348411; 203.0702; Before; 6.70254; Checking Box Human
31; Driver; Noise; None; 11.11.2023 15:23:52; 836.1793; -0.01346899; 203.0718; Before; 6.717656; Checking Box Human
31; Driver; Noise; None; 11.11.2023 15:23:52; 836.1243; -0.01348952; 203.0726; Before; 6.747255; Checking Box Human
31; Driver; Noise; None; 11.11.2023 15:23:52; 835.959; -0.01350903; 203.0751; Before; 6.761936; Checking Box Human
31; Driver; Noise; None; 11.11.2023 15:23:52; 835.9039; -0.01352885; 203.0759; Before; 6.790611; Checking Box Human
31; Driver; Noise; None; 11.11.2023 15:23:52; 835.7933; -0.01353831; 203.0775; Before; 6.790611; Checking Box Human
31; Driver; Noise; None; 11.11.2023 15:23:52; 835.6827; -0.01355776; 203.0792; Before; 6.821219; Checking Box Human
31; Driver; Noise; None; 11.11.2023 15:23:52; 835.5718; -0.01355995; 203.0809; Before; 6.837194; Checking Box Human
31; Driver; Noise; None; 11.11.2023 15:23:52; 835.5162; -0.01355928; 203.0818; Before; 6.866512; Checking Box Human
31; Driver; Noise; None; 11.11.2023 15:23:52; 835.3494; -0.01334403; 203.0844; Before; 6.882493; Checking Box Human
31; Driver; Noise; None; 11.11.2023 15:23:52; 835.2937; -0.01327639; 203.0852; Before; 6.898914; Checking Box Human
31; Driver; Noise; None; 11.11.2023 15:23:52; 835.1822; -0.0131105; 203.087; Before; 6.915869; Checking Box Human
31; Driver; Noise; None; 11.11.2023 15:23:52; 835.1263; -0.01307942; 203.0879; Before; 6.948756; Checking Box Human
31; Driver; Noise; None; 11.11.2023 15:23:52; 834.9585; -0.01303165; 203.0905; Before; 6.964096; Checking Box Human
31; Driver; Noise; None; 11.11.2023 15:23:52; 834.8464; -0.01303249; 203.0923; Before; 6.979308; Checking Box Human
31; Driver; Noise; None; 11.11.2023 15:23:53; 834.7902; -0.01304232; 203.0932; Before; 6.99402; Checking Box Human
31; Driver; Noise; None; 11.11.2023 15:23:53; 834.6779; -0.01301767; 203.095; Before; 7.012786; Checking Box Human
31; Driver; Noise; None; 11.11.2023 15:23:53; 834.5652; -0.01303606; 203.0969; Before; 7.03157; Checking Box Human
31; Driver; Noise; None; 11.11.2023 15:23:53; 834.5089; -0.01305287; 203.0978; Before; 7.064754; Checking Box Human
31; Driver; Noise; None; 11.11.2023 15:23:53; 834.3396; -0.0130471; 203.1006; Before; 7.064754; Checking Box Human
31; Driver; Noise; None; 11.11.2023 15:23:53; 834.2831; -0.01303832; 203.1015; Before; 7.085931; Checking Box Human
31; Driver; Noise; None; 11.11.2023 15:23:53; 834.1699; -0.01298612; 203.1034; Before; 7.109432; Checking Box Human
31; Driver; Noise; None; 11.11.2023 15:23:53; 834.0565; -0.01293931; 203.1053; Before; 7.135682; Checking Box Human
31; Driver; Noise; None; 11.11.2023 15:23:53; 833.943; -0.01290243; 203.1073; Before; 7.158919; Checking Box Human
31; Driver; Noise; None; 11.11.2023 15:23:53; 833.8293; -0.01287742; 203.1092; Before; 7.179414; Checking Box Human
31; Driver; Noise; None; 11.11.2023 15:23:53; 833.7725; -0.01291522; 203.1102; Before; 7.198635; Checking Box Human
31; Driver; Noise; None; 11.11.2023 15:23:53; 833.6586; -0.01294647; 203.1121; Before; 7.218142; Checking Box Human
31; Driver; Noise; None; 11.11.2023 15:23:53; 833.5445; -0.01296483; 203.1141; Before; 7.236475; Checking Box Human
31; Driver; Noise; None; 11.11.2023 15:23:53; 833.4303; -0.01297187; 203.1161; Before; 7.254941; Checking Box Human
31; Driver; Noise; None; 11.11.2023 15:23:53; 833.316; -0.0130214; 203.1181; Before; 7.276804; Checking Box Human
31; Driver; Noise; None; 11.11.2023 15:23:53; 833.2588; -0.01298878; 203.1191; Before; 7.276804; Checking Box Human
31; Driver; Noise; None; 11.11.2023 15:23:53; 833.1443; -0.01295724; 203.1212; Before; 7.297769; Checking Box Human
31; Driver; Noise; None; 11.11.2023 15:23:53; 833.0297; -0.01292812; 203.1232; Before; 7.32018; Checking Box Human
31; Driver; Noise; None; 11.11.2023 15:23:53; 832.9723; -0.01293293; 203.1242; Before; 7.364756; Checking Box Human
31; Driver; Noise; None; 11.11.2023 15:23:53; 832.8575; -0.01296423; 203.1263; Before; 7.386415; Checking Box Human
31; Driver; Noise; None; 11.11.2023 15:23:53; 832.7427; -0.01297925; 203.1284; Before; 7.386415; Checking Box Human
31; Driver; Noise; None; 11.11.2023 15:23:53; 832.6277; -0.01298094; 203.1305; Before; 7.408343; Checking Box Human
31; Driver; Noise; None; 11.11.2023 15:23:53; 832.5128; -0.01292143; 203.1326; Before; 7.430444; Checking Box Human
31; Driver; Noise; None; 11.11.2023 15:23:53; 832.3976; -0.01293142; 203.1348; Before; 7.453827; Checking Box Human
31; Driver; Noise; None; 11.11.2023 15:23:53; 832.2825; -0.01293585; 203.1369; Before; 7.475392; Checking Box Human
31; Driver; Noise; None; 11.11.2023 15:23:53; 832.225; -0.01295382; 203.138; Before; 7.497776; Checking Box Human
31; Driver; Noise; None; 11.11.2023 15:23:53; 832.1098; -0.01288818; 203.1401; Before; 7.497776; Checking Box Human
31; Driver; Noise; None; 11.11.2023 15:23:53; 831.9946; -0.01284446; 203.1423; Before; 7.519885; Checking Box Human
31; Driver; Noise; None; 11.11.2023 15:23:53; 831.8793; -0.01282186; 203.1445; Before; 7.542489; Checking Box Human
31; Driver; Noise; None; 11.11.2023 15:23:53; 831.7641; -0.01281718; 203.1467; Before; 7.56487; Checking Box Human
31; Driver; Noise; None; 11.11.2023 15:23:53; 831.7065; -0.01283768; 203.1479; Before; 7.588749; Checking Box Human
31; Driver; Noise; None; 11.11.2023 15:23:53; 831.5912; -0.0128512; 203.1501; Before; 7.60909; Checking Box Human
31; Driver; Noise; None; 11.11.2023 15:23:53; 831.476; -0.01292252; 203.1523; Before; 7.631198; Checking Box Human
31; Driver; Noise; None; 11.11.2023 15:23:53; 831.4184; -0.01296761; 203.1534; Before; 7.668899; Checking Box Human
31; Driver; Noise; None; 11.11.2023 15:23:53; 831.2455; -0.01310351; 203.1567; Before; 7.684022; Checking Box Human
31; Driver; Noise; None; 11.11.2023 15:23:53; 831.188; -0.01316775; 203.1578; Before; 7.698732; Checking Box Human
31; Driver; Noise; None; 11.11.2023 15:23:53; 831.0729; -0.01326786; 203.16; Before; 7.713657; Checking Box Human
31; Driver; Noise; None; 11.11.2023 15:23:53; 831.0153; -0.01330681; 203.161; Before; 7.744814; Checking Box Human
31; Driver; Noise; None; 11.11.2023 15:23:53; 830.8427; -0.01336893; 203.1642; Before; 7.760475; Checking Box Human
31; Driver; Noise; None; 11.11.2023 15:23:53; 830.7852; -0.01339732; 203.1652; Before; 7.790448; Checking Box Human
31; Driver; Noise; None; 11.11.2023 15:23:53; 830.6702; -0.01342046; 203.1672; Before; 7.790448; Checking Box Human
31; Driver; Noise; None; 11.11.2023 15:23:53; 830.5553; -0.01343683; 203.1692; Before; 7.82059; Checking Box Human
31; Driver; Noise; None; 11.11.2023 15:23:53; 830.4404; -0.01338468; 203.1711; Before; 7.836907; Checking Box Human
31; Driver; Noise; None; 11.11.2023 15:23:53; 830.3256; -0.0133419; 203.173; Before; 7.853524; Checking Box Human
31; Driver; Noise; None; 11.11.2023 15:23:53; 830.2682; -0.01332079; 203.174; Before; 7.887903; Checking Box Human
31; Driver; Noise; None; 11.11.2023 15:23:53; 830.1534; -0.01333919; 203.1758; Before; 7.903447; Checking Box Human
31; Driver; Noise; None; 11.11.2023 15:23:53; 830.0388; -0.01330055; 203.1776; Before; 7.918692; Checking Box Human
31; Driver; Noise; None; 11.11.2023 15:23:53; 829.9241; -0.0132776; 203.1794; Before; 7.934031; Checking Box Human
31; Driver; Noise; None; 11.11.2023 15:23:54; 829.8096; -0.01321495; 203.1812; Before; 7.950302; Checking Box Human
31; Driver; Noise; None; 11.11.2023 15:23:54; 829.6952; -0.01301687; 203.1829; Before; 7.950302; Checking Box Human
31; Driver; Noise; None; 11.11.2023 15:23:54; 829.638; -0.01288734; 203.1838; Before; 7.950302; Checking Box Human
31; Driver; Noise; None; 11.11.2023 15:23:54; 829.5236; -0.01266685; 203.1855; Before; 7.965827; Checking Box Human
31; Driver; Noise; None; 11.11.2023 15:23:54; 829.4094; -0.01259378; 203.1871; Before; 8.033988; Checking Box Human
31; Driver; Noise; None; 11.11.2023 15:23:54; 829.3524; -0.01259817; 203.1879; Before; 8.069193; Checking Box Human
31; Driver; Noise; None; 11.11.2023 15:23:54; 829.2384; -0.01266112; 203.1895; Before; 8.085284; Checking Box Human
31; Driver; Noise; None; 11.11.2023 15:23:54; 829.1247; -0.01273665; 203.191; Before; 8.085284; Checking Box Human
31; Driver; Noise; None; 11.11.2023 15:23:54; 829.0111; -0.01281154; 203.1926; Before; 8.10314; null
31; Driver; Noise; None; 11.11.2023 15:23:54; 828.9544; -0.01286291; 203.1933; Before; 8.143749; Checking Box Human
31; Driver; Noise; None; 11.11.2023 15:23:54; 828.7847; -0.01302797; 203.1955; Before; 8.160235; Checking Box Human
31; Driver; Noise; None; 11.11.2023 15:23:54; 828.7282; -0.01310288; 203.1962; Before; 8.190457; Checking Box Human
31; Driver; Noise; None; 11.11.2023 15:23:54; 828.6155; -0.01322391; 203.1976; Before; 8.190457; Checking Box Human
31; Driver; Noise; None; 11.11.2023 15:23:54; 828.503; -0.01333172; 203.199; Before; 8.221781; Checking Box Human
31; Driver; Noise; None; 11.11.2023 15:23:54; 828.3908; -0.01340659; 203.2003; Before; 8.236921; Checking Box Human
31; Driver; Noise; None; 11.11.2023 15:23:54; 828.3348; -0.01342731; 203.201; Before; 8.26564; Checking Box Human
31; Driver; Noise; None; 11.11.2023 15:23:54; 828.1673; -0.01347587; 203.203; Before; 8.28187; Checking Box Human
31; Driver; Noise; None; 11.11.2023 15:23:54; 828.1116; -0.01347044; 203.2036; Before; 8.296786; Checking Box Human
31; Driver; Noise; None; 11.11.2023 15:23:54; 828.0003; -0.01343193; 203.2049; Before; 8.312191; Checking Box Human
31; Driver; Noise; None; 11.11.2023 15:23:54; 827.8893; -0.01342155; 203.2062; Before; 8.327942; Checking Box Human
31; Driver; Noise; None; 11.11.2023 15:23:54; 827.7785; -0.01344786; 203.2075; Before; 8.345371; Checking Box Human
31; Driver; Noise; None; 11.11.2023 15:23:54; 827.668; -0.01342945; 203.2087; Before; 8.370105; Checking Box Human
31; Driver; Noise; None; 11.11.2023 15:23:54; 827.6128; -0.0134266; 203.2093; Before; 8.395307; Checking Box Human
31; Driver; Noise; None; 11.11.2023 15:23:54; 827.5577; -0.01338056; 203.2099; Before; 8.41853; Checking Box Human
31; Driver; Noise; None; 11.11.2023 15:23:54; 827.4476; -0.01331494; 203.2111; Before; 8.441896; Checking Box Human
31; Driver; Noise; None; 11.11.2023 15:23:54; 827.3378; -0.01324425; 203.2123; Before; 8.464039; Checking Box Human
31; Driver; Noise; None; 11.11.2023 15:23:54; 827.2283; -0.01317755; 203.2135; Before; 8.486154; Checking Box Human
31; Driver; Noise; None; 11.11.2023 15:23:54; 827.119; -0.01312089; 203.2146; Before; 8.486154; Checking Box Human
31; Driver; Noise; None; 11.11.2023 15:23:54; 827.0099; -0.013035; 203.2158; Before; 8.508643; Checking Box Human
31; Driver; Noise; None; 11.11.2023 15:23:54; 826.9012; -0.01302428; 203.2169; Before; 8.531672; Checking Box Human
31; Driver; Noise; None; 11.11.2023 15:23:54; 826.847; -0.01304151; 203.2175; Before; 8.568104; Checking Box Human
31; Driver; Noise; None; 11.11.2023 15:23:54; 826.7386; -0.01308788; 203.2186; Before; 8.58524; Checking Box Human
31; Driver; Noise; None; 11.11.2023 15:23:54; 826.6306; -0.01312166; 203.2196; Before; 8.58524; Checking Box Human
31; Driver; Noise; None; 11.11.2023 15:23:54; 826.5227; -0.01314239; 203.2207; Before; 8.605875; Checking Box Human
31; Driver; Noise; None; 11.11.2023 15:23:54; 826.4151; -0.01315126; 203.2217; Before; 8.628595; Checking Box Human
31; Driver; Noise; None; 11.11.2023 15:23:54; 826.3077; -0.01315036; 203.2227; Before; 8.651631; Checking Box Human
31; Driver; Noise; None; 11.11.2023 15:23:54; 826.2542; -0.01316522; 203.2232; Before; 8.687242; Checking Box Human
31; Driver; Noise; None; 11.11.2023 15:23:54; 826.1472; -0.01325576; 203.2242; Before; 8.703929; Checking Box Human
31; Driver; Noise; None; 11.11.2023 15:23:54; 826.0404; -0.01329764; 203.2251; Before; 8.719107; Checking Box Human
31; Driver; Noise; None; 11.11.2023 15:23:54; 825.9339; -0.0133471; 203.2261; Before; 8.7337; Checking Box Human
31; Driver; Noise; None; 11.11.2023 15:23:54; 825.8807; -0.01337276; 203.2266; Before; 8.765584; Checking Box Human
31; Driver; Noise; None; 11.11.2023 15:23:54; 825.7216; -0.01345859; 203.228; Before; 8.781546; Checking Box Human
31; Driver; Noise; None; 11.11.2023 15:23:54; 825.6687; -0.01347798; 203.2285; Before; 8.796916; Checking Box Human
31; Driver; Noise; None; 11.11.2023 15:23:54; 825.563; -0.01348837; 203.2294; Before; 8.811143; Checking Box Human
31; Driver; Noise; None; 11.11.2023 15:23:54; 825.5103; -0.01349185; 203.2299; Before; 8.843954; Checking Box Human
31; Driver; Noise; None; 11.11.2023 15:23:54; 825.3525; -0.0134697; 203.2314; Before; 8.860487; Checking Box Human
31; Driver; Noise; None; 11.11.2023 15:23:54; 825.2476; -0.01344025; 203.2324; Before; 8.877431; Checking Box Human
31; Driver; Noise; None; 11.11.2023 15:23:54; 825.1952; -0.01342969; 203.2329; Before; 8.893373; Checking Box Human
31; Driver; Noise; None; 11.11.2023 15:23:54; 825.0906; -0.01339704; 203.2339; Before; 8.910916; Checking Box Human
31; Driver; Noise; None; 11.11.2023 15:23:54; 824.9863; -0.01333633; 203.2349; Before; 8.931069; Checking Box Human
31; Driver; Noise; None; 11.11.2023 15:23:54; 824.8823; -0.01326191; 203.236; Before; 8.950643; Checking Box Human
31; Driver; Noise; None; 11.11.2023 15:23:54; 824.8303; -0.01318321; 203.2365; Before; 8.970198; Checking Box Human
31; Driver; Noise; None; 11.11.2023 15:23:55; 824.7265; -0.0130781; 203.2375; Before; 8.970198; Checking Box Human
31; Driver; Noise; None; 11.11.2023 15:23:55; 824.6229; -0.01299972; 203.2386; Before; 9.007856; Checking Box Human
31; Driver; Noise; None; 11.11.2023 15:23:55; 824.5196; -0.01294905; 203.2397; Before; 9.02917; Checking Box Human
31; Driver; Noise; None; 11.11.2023 15:23:55; 824.4165; -0.01292372; 203.2407; Before; 9.04752; null
31; Driver; Noise; None; 11.11.2023 15:23:55; 824.3137; -0.01287917; 203.2418; Before; 9.067331; Checking Box Human
31; Driver; Noise; None; 11.11.2023 15:23:55; 824.2623; -0.01285231; 203.2423; Before; 9.067331; Checking Box Human
31; Driver; Noise; None; 11.11.2023 15:23:55; 824.1599; -0.01285412; 203.2434; Before; 9.099708; Checking Box Human
31; Driver; Noise; None; 11.11.2023 15:23:55; 824.1087; -0.01288055; 203.2439; Before; 9.143885; Checking Box Human
31; Driver; Noise; None; 11.11.2023 15:23:55; 823.9556; -0.01299828; 203.2455; Before; 9.160713; Checking Box Human
31; Driver; Noise; None; 11.11.2023 15:23:55; 823.9047; -0.01306603; 203.2461; Before; 9.192299; Checking Box Human
31; Driver; Noise; None; 11.11.2023 15:23:55; 823.8031; -0.01318274; 203.2471; Before; 9.192299; Checking Box Human
31; Driver; Noise; None; 11.11.2023 15:23:55; 823.7017; -0.01325074; 203.2482; Before; 9.207709; Checking Box Human
31; Driver; Noise; None; 11.11.2023 15:23:55; 823.6511; -0.01328531; 203.2488; Before; 9.242524; Checking Box Human
31; Driver; Noise; None; 11.11.2023 15:23:55; 823.4997; -0.01335397; 203.2504; Before; 9.26028; Checking Box Human
31; Driver; Noise; None; 11.11.2023 15:23:55; 823.4493; -0.01338808; 203.251; Before; 9.290841; null
31; Driver; Noise; None; 11.11.2023 15:23:55; 823.3486; -0.01342467; 203.2521; Before; 9.290841; null
31; Driver; Noise; None; 11.11.2023 15:23:55; 823.2482; -0.01346303; 203.2532; Before; 9.322824; null
31; Driver; Noise; None; 11.11.2023 15:23:55; 823.1481; -0.01343876; 203.2543; Before; 9.339819; null
31; Driver; Noise; None; 11.11.2023 15:23:55; 823.0482; -0.01341636; 203.2554; Before; 9.355253; null
31; Driver; Noise; None; 11.11.2023 15:23:55; 822.9983; -0.01340701; 203.2559; Before; 9.387794; null
31; Driver; Noise; None; 11.11.2023 15:23:55; 822.8987; -0.01337403; 203.257; Before; 9.387794; null
31; Driver; Noise; None; 11.11.2023 15:23:55; 822.7994; -0.0133112; 203.2581; Before; 9.407128; null
31; Driver; Noise; None; 11.11.2023 15:23:55; 822.7004; -0.01328863; 203.2591; Before; 9.443521; null
31; Driver; Noise; None; 11.11.2023 15:23:55; 822.6014; -0.01327717; 203.2601; Before; 9.459481; null
31; Driver; Noise; None; 11.11.2023 15:23:55; 822.5521; -0.01327775; 203.2606; Before; 9.490401; null
31; Driver; Noise; None; 11.11.2023 15:23:55; 822.4535; -0.0132702; 203.2616; Before; 9.490401; null
31; Driver; Noise; None; 11.11.2023 15:23:55; 822.4043; -0.01327246; 203.2621; Before; 9.523479; null
31; Driver; Noise; None; 11.11.2023 15:23:55; 822.2571; -0.01327096; 203.2634; Before; 9.54058; null
31; Driver; Noise; None; 11.11.2023 15:23:55; 822.1592; -0.01322944; 203.2643; Before; 9.559735; null
31; Driver; Noise; None; 11.11.2023 15:23:55; 822.0616; -0.0132148; 203.2652; Before; 9.577287; null
31; Driver; Noise; None; 11.11.2023 15:23:55; 822.0129; -0.01321624; 203.2657; Before; 9.595331; null
31; Driver; Noise; None; 11.11.2023 15:23:55; 821.9155; -0.01321423; 203.2665; Before; 9.612241; null
31; Driver; Noise; None; 11.11.2023 15:23:55; 821.8184; -0.01318934; 203.2673; Before; 9.629933; null
31; Driver; Noise; None; 11.11.2023 15:23:55; 821.77; -0.01318754; 203.2677; Before; 9.66493; null
31; Driver; Noise; None; 11.11.2023 15:23:55; 821.6249; -0.01322647; 203.2689; Before; 9.68083; null
31; Driver; Noise; None; 11.11.2023 15:23:55; 821.5767; -0.01324144; 203.2693; Before; 9.696213; null
31; Driver; Noise; None; 11.11.2023 15:23:55; 821.4804; -0.01321981; 203.2701; Before; 9.714016; null
31; Driver; Noise; None; 11.11.2023 15:23:55; 821.3843; -0.01321858; 203.2709; Before; 9.733294; null
31; Driver; Noise; None; 11.11.2023 15:23:55; 821.3363; -0.01322434; 203.2712; Before; 9.765377; null
31; Driver; Noise; None; 11.11.2023 15:23:55; 821.1927; -0.01327114; 203.2723; Before; 9.781093; null
31; Driver; Noise; None; 11.11.2023 15:23:55; 821.145; -0.01328483; 203.2727; Before; 9.79643; null
31; Driver; Noise; None; 11.11.2023 15:23:55; 821.0497; -0.01329429; 203.2734; Before; 9.810165; null
31; Driver; Noise; None; 11.11.2023 15:23:55; 820.9546; -0.01331986; 203.2741; Before; 9.842713; null
31; Driver; Noise; None; 11.11.2023 15:23:55; 820.8597; -0.01329769; 203.2748; Before; 9.858381; null
31; Driver; Noise; None; 11.11.2023 15:23:55; 820.765; -0.01328557; 203.2755; Before; 9.875874; Checking Box Human
31; Driver; Noise; None; 11.11.2023 15:23:55; 820.7178; -0.01328334; 203.2758; Before; 9.89588; Checking Box Human
31; Driver; Noise; None; 11.11.2023 15:23:55; 820.6235; -0.01326752; 203.2765; Before; 9.911181; Checking Box Human
31; Driver; Noise; None; 11.11.2023 15:23:55; 820.5293; -0.01327645; 203.2771; Before; 9.944302; Checking Box Human
31; Driver; Noise; None; 11.11.2023 15:23:55; 820.4354; -0.01328286; 203.2778; Before; 9.959799; Checking Box Human
31; Driver; Noise; None; 11.11.2023 15:23:55; 820.3885; -0.01328766; 203.2782; Before; 9.990441; Checking Box Human
31; Driver; Noise; None; 11.11.2023 15:23:55; 820.2949; -0.01328173; 203.279; Before; 9.990441; Checking Box Human
31; Driver; Noise; None; 11.11.2023 15:23:56; 820.2482; -0.01328153; 203.2793; Before; 10.02196; Checking Box Human Car
31; Driver; Noise; None; 11.11.2023 15:23:56; 820.1084; -0.01326537; 203.2805; Before; 10.04025; Checking Box Human Car
31; Driver; Noise; None; 11.11.2023 15:23:56; 820.0154; -0.01324915; 203.2814; Before; 10.05782; Checking Box Human
31; Driver; Noise; None; 11.11.2023 15:23:56; 819.9227; -0.01320631; 203.2822; Before; 10.07451; Checking Box Human
31; Driver; Noise; None; 11.11.2023 15:23:56; 819.8765; -0.01319438; 203.2827; Before; 10.0904; Checking Box Human
31; Driver; Noise; None; 11.11.2023 15:23:56; 819.7841; -0.01316957; 203.2835; Before; 10.10999; Checking Box Human
31; Driver; Noise; None; 11.11.2023 15:23:56; 819.7379; -0.01316624; 203.284; Before; 10.14561; Noise3
31; Driver; Noise; None; 11.11.2023 15:23:56; 819.5999; -0.01315999; 203.2853; Before; 10.16256; Noise3
31; Driver; Noise; None; 11.11.2023 15:23:56; 819.5081; -0.01316089; 203.2863; Before; 10.178; Checking Box Human
31; Driver; Noise; None; 11.11.2023 15:23:56; 819.4623; -0.0131678; 203.2867; Before; 10.196; Checking Box Human
31; Driver; Noise; None; 11.11.2023 15:23:56; 819.3708; -0.01317352; 203.2877; Before; 10.21322; Checking Box Human
31; Driver; Noise; None; 11.11.2023 15:23:56; 819.2795; -0.0132042; 203.2886; Before; 10.2439; Checking Box Human
31; Driver; Noise; None; 11.11.2023 15:23:56; 819.1885; -0.01323072; 203.2896; Before; 10.25937; Checking Box Human
31; Driver; Noise; None; 11.11.2023 15:23:56; 819.1431; -0.01324429; 203.29; Before; 10.28977; Noise3
31; Driver; Noise; None; 11.11.2023 15:23:56; 819.0523; -0.01325323; 203.291; Before; 10.28977; Noise3
31; Driver; Noise; None; 11.11.2023 15:23:56; 819.007; -0.0132587; 203.2915; Before; 10.32443; Noise3
31; Driver; Noise; None; 11.11.2023 15:23:56; 818.8715; -0.01325333; 203.293; Before; 10.34116; Noise3
31; Driver; Noise; None; 11.11.2023 15:23:56; 818.7814; -0.01320449; 203.2939; Before; 10.359; Noise3
31; Driver; Noise; None; 11.11.2023 15:23:56; 818.6915; -0.01317732; 203.295; Before; 10.37752; Checking Box Human
31; Driver; Noise; None; 11.11.2023 15:23:56; 818.6466; -0.0131714; 203.2955; Before; 10.3966; Checking Box Human
31; Driver; Noise; None; 11.11.2023 15:23:56; 818.557; -0.01315551; 203.2965; Before; 10.41285; Checking Box Human
31; Driver; Noise; None; 11.11.2023 15:23:56; 818.4676; -0.01316992; 203.2975; Before; 10.44382; Checking Box Human
31; Driver; Noise; None; 11.11.2023 15:23:56; 818.3784; -0.0131862; 203.2985; Before; 10.45959; Checking Box Human
31; Driver; Noise; None; 11.11.2023 15:23:56; 818.2895; -0.01317039; 203.2995; Before; 10.47543; Checking Box Human
31; Driver; Noise; None; 11.11.2023 15:23:56; 818.2451; -0.01316878; 203.3; Before; 10.49118; Checking Box Human
31; Driver; Noise; None; 11.11.2023 15:23:56; 818.1564; -0.01315901; 203.3011; Before; 10.51002; Checking Box Human
31; Driver; Noise; None; 11.11.2023 15:23:56; 818.0679; -0.01317611; 203.3021; Before; 10.5437; Checking Box Human
31; Driver; Noise; None; 11.11.2023 15:23:56; 817.9797; -0.01319251; 203.3031; Before; 10.55979; null
31; Driver; Noise; None; 11.11.2023 15:23:56; 817.8916; -0.01317525; 203.3042; Before; 10.57428; Checking Box Human
31; Driver; Noise; None; 11.11.2023 15:23:56; 817.8477; -0.01317239; 203.3047; Before; 10.59087; Checking Box Human
31; Driver; Noise; None; 11.11.2023 15:23:56; 817.7599; -0.01315962; 203.3058; Before; 10.60914; Checking Box Human
31; Driver; Noise; None; 11.11.2023 15:23:56; 817.6723; -0.01312459; 203.3069; Before; 10.62657; Checking Box Human
31; Driver; Noise; None; 11.11.2023 15:23:56; 817.6286; -0.01311666; 203.3074; Before; 10.66563; null
31; Driver; Noise; None; 11.11.2023 15:23:56; 817.4978; -0.0131008; 203.309; Before; 10.68378; Checking Box AICar
31; Driver; Noise; None; 11.11.2023 15:23:56; 817.4543; -0.01311726; 203.3096; Before; 10.6988; null
31; Driver; Noise; None; 11.11.2023 15:23:56; 817.3674; -0.01313825; 203.3106; Before; 10.71392; Checking Box Human
31; Driver; Noise; None; 11.11.2023 15:23:56; 817.3241; -0.01315154; 203.3112; Before; 10.74547; null
31; Driver; Noise; None; 11.11.2023 15:23:56; 817.1943; -0.01317326; 203.3128; Before; 10.76057; null
31; Driver; Noise; None; 11.11.2023 15:23:56; 817.1511; -0.0131943; 203.3133; Before; 10.79047; null
31; Driver; Noise; None; 11.11.2023 15:23:56; 817.065; -0.01321524; 203.3143; Before; 10.79047; null
31; Driver; Noise; None; 11.11.2023 15:23:56; 816.979; -0.01319691; 203.3154; Before; 10.80744; null
31; Driver; Noise; None; 11.11.2023 15:23:56; 816.8932; -0.01315214; 203.3164; Before; 10.82826; null
31; Driver; Noise; None; 11.11.2023 15:23:56; 816.8505; -0.0131382; 203.3169; Before; 10.8667; null
31; Driver; Noise; None; 11.11.2023 15:23:56; 816.7223; -0.01313675; 203.3183; Before; 10.88172; null
31; Driver; Noise; None; 11.11.2023 15:23:56; 816.6797; -0.0131395; 203.3188; Before; 10.89684; null
31; Driver; Noise; None; 11.11.2023 15:23:56; 816.5946; -0.01313595; 203.3198; Before; 10.91171; null
31; Driver; Noise; None; 11.11.2023 15:23:56; 816.5097; -0.01315492; 203.3207; Before; 10.94355; null
31; Driver; Noise; None; 11.11.2023 15:23:56; 816.425; -0.01313756; 203.3217; Before; 10.95984; null
31; Driver; Noise; None; 11.11.2023 15:23:56; 816.3405; -0.01313343; 203.3226; Before; 10.97679; null
31; Driver; Noise; None; 11.11.2023 15:23:57; 816.2983; -0.01313576; 203.3231; Before; 10.99531; null
31; Driver; Noise; None; 11.11.2023 15:23:57; 816.2562; -0.01315144; 203.3235; Before; 11.02602; null
31; Driver; Noise; None; 11.11.2023 15:23:57; 816.1301; -0.01317415; 203.3249; Before; 11.04199; null
31; Driver; Noise; None; 11.11.2023 15:23:57; 816.0463; -0.01317488; 203.3258; Before; 11.05842; null
31; Driver; Noise; None; 11.11.2023 15:23:57; 816.0045; -0.01317695; 203.3262; Before; 11.08831; null
31; Driver; Noise; None; 11.11.2023 15:23:57; 815.9209; -0.0131679; 203.3271; Before; 11.08831; null
31; Driver; Noise; None; 11.11.2023 15:23:57; 815.8376; -0.01313087; 203.328; Before; 11.10463; null
31; Driver; Noise; None; 11.11.2023 15:23:57; 815.7544; -0.01307761; 203.3288; Before; 11.12281; null
31; Driver; Noise; None; 11.11.2023 15:23:57; 815.7129; -0.01306224; 203.3293; Before; 11.16655; null
31; Driver; Noise; None; 11.11.2023 15:23:57; 815.6301; -0.01303549; 203.3301; Before; 11.18442; null
31; Driver; Noise; None; 11.11.2023 15:23:57; 815.5474; -0.01304567; 203.3309; Before; 11.20212; null
31; Driver; Noise; None; 11.11.2023 15:23:57; 815.4649; -0.01303218; 203.3317; Before; 11.21933; null
31; Driver; Noise; None; 11.11.2023 15:23:57; 815.3826; -0.01303964; 203.3325; Before; 11.23355; null
31; Driver; Noise; None; 11.11.2023 15:23:57; 815.3416; -0.01304957; 203.3329; Before; 11.26507; null
31; Driver; Noise; None; 11.11.2023 15:23:57; 815.2222; -0.0130738; 203.3341; Before; 11.28052; null
31; Driver; Noise; None; 11.11.2023 15:23:57; 815.1833; -0.01309661; 203.3344; Before; 11.29872; null
31; Driver; Noise; None; 11.11.2023 15:23:57; 815.1067; -0.01309403; 203.3352; Before; 11.31773; Checking Box Human
31; Driver; Noise; None; 11.11.2023 15:23:57; 815.0315; -0.01309953; 203.3359; Before; 11.33543; null
31; Driver; Noise; None; 11.11.2023 15:23:57; 814.9944; -0.0131041; 203.3362; Before; 11.36692; Checking Box AICar
31; Driver; Noise; None; 11.11.2023 15:23:57; 814.8856; -0.01310129; 203.3372; Before; 11.38305; null
31; Driver; Noise; None; 11.11.2023 15:23:57; 814.85; -0.01311141; 203.3376; Before; 11.39972; null
31; Driver; Noise; None; 11.11.2023 15:23:57; 814.7801; -0.01311394; 203.3382; Before; 11.41518; null
31; Driver; Noise; None; 11.11.2023 15:23:57; 814.7116; -0.01308386; 203.3388; Before; 11.4309; null
31; Driver; Noise; None; 11.11.2023 15:23:57; 814.6446; -0.01303202; 203.3394; Before; 11.44985; null
31; Driver; Noise; None; 11.11.2023 15:23:57; 814.6116; -0.01301237; 203.3397; Before; 11.48909; Checking Box Human
31; Driver; Noise; None; 11.11.2023 15:23:57; 814.5468; -0.01297237; 203.3403; Before; 11.48909; Checking Box Human
31; Driver; Noise; None; 11.11.2023 15:23:57; 814.4835; -0.01292176; 203.3409; Before; 11.50802; Checking Box Human
31; Driver; Noise; None; 11.11.2023 15:23:57; 814.4523; -0.01290531; 203.3412; Before; 11.54274; Checking Box Human
31; Driver; Noise; None; 11.11.2023 15:23:57; 814.3912; -0.01287593; 203.3417; Before; 11.56137; null
31; Driver; Noise; None; 11.11.2023 15:23:57; 814.3315; -0.01284001; 203.3423; Before; 11.58096; Checking Box Human Car
31; Driver; Noise; None; 11.11.2023 15:23:57; 814.2733; -0.01280202; 203.3428; Before; 11.58096; Checking Box Human Car
31; Driver; Noise; None; 11.11.2023 15:23:57; 814.2164; -0.01276541; 203.3433; Before; 11.60558; Checking Box Human Car
31; Driver; Noise; None; 11.11.2023 15:23:57; 814.1609; -0.01273261; 203.3438; Before; 11.6299; Checking Box Human Car
31; Driver; Noise; None; 11.11.2023 15:23:57; 814.1338; -0.0127273; 203.344; Before; 11.66556; Checking Box Human Car
31; Driver; Noise; None; 11.11.2023 15:23:57; 814.0545; -0.0127504; 203.3447; Before; 11.68171; Checking Box Human Car
31; Driver; Noise; None; 11.11.2023 15:23:57; 814.0288; -0.01276191; 203.345; Before; 11.69722; Checking Box Human Car
31; Driver; Noise; None; 11.11.2023 15:23:57; 813.9785; -0.01277901; 203.3454; Before; 11.71158; Checking Box Human Car
31; Driver; Noise; None; 11.11.2023 15:23:57; 813.9295; -0.01277792; 203.3458; Before; 11.72778; Checking Box Human
31; Driver; Noise; None; 11.11.2023 15:23:57; 813.882; -0.01276261; 203.3463; Before; 11.74492; Checking Box Human
31; Driver; Noise; None; 11.11.2023 15:23:57; 813.8588; -0.01275889; 203.3465; Before; 11.78792; Checking Box Human
31; Driver; Noise; None; 11.11.2023 15:23:57; 813.8134; -0.01274873; 203.3469; Before; 11.78792; Checking Box Human
31; Driver; Noise; None; 11.11.2023 15:23:57; 813.7695; -0.01275161; 203.3472; Before; 11.82018; Checking Box Human
31; Driver; Noise; None; 11.11.2023 15:23:57; 813.7269; -0.01275329; 203.3476; Before; 11.8368; Checking Box Human
31; Driver; Noise; None; 11.11.2023 15:23:57; 813.7062; -0.01275411; 203.3478; Before; 11.86706; Checking Box Human
31; Driver; Noise; None; 11.11.2023 15:23:57; 813.6461; -0.0127439; 203.3483; Before; 11.8829; Checking Box Human
31; Driver; Noise; None; 11.11.2023 15:23:57; 813.6268; -0.01274556; 203.3485; Before; 11.89852; Checking Box Human
31; Driver; Noise; None; 11.11.2023 15:23:57; 813.5892; -0.01272303; 203.3488; Before; 11.91685; Checking Box Human
31; Driver; Noise; None; 11.11.2023 15:23:57; 813.5529; -0.01270382; 203.3491; Before; 11.93683; Checking Box Human
31; Driver; Noise; None; 11.11.2023 15:23:57; 813.5353; -0.01269523; 203.3492; Before; 11.96912; Checking Box Human Car
31; Driver; Noise; None; 11.11.2023 15:23:57; 813.5012; -0.01267363; 203.3495; Before; 11.98559; Checking Box Human Car
31; Driver; Noise; None; 11.11.2023 15:23:58; 813.4685; -0.01266028; 203.3498; Before; 12.00123; Checking Box Human Car
31; Driver; Noise; None; 11.11.2023 15:23:58; 813.4371; -0.01263341; 203.35; Before; 12.01734; Checking Box Human Car
31; Driver; Noise; None; 11.11.2023 15:23:58; 813.4072; -0.01261284; 203.3503; Before; 12.03183; Checking Box Human Car
31; Driver; Noise; None; 11.11.2023 15:23:58; 813.3786; -0.0125849; 203.3505; Before; 12.0489; Checking Box Human Car
31; Driver; Noise; None; 11.11.2023 15:23:58; 813.3648; -0.01257408; 203.3506; Before; 12.0882; Checking Box Human Car
31; Driver; Noise; None; 11.11.2023 15:23:58; 813.3383; -0.01255309; 203.3508; Before; 12.0882; Checking Box Human Car
31; Driver; Noise; None; 11.11.2023 15:23:58; 813.3255; -0.01254537; 203.351; Before; 12.12337; Checking Box Human Car
31; Driver; Noise; None; 11.11.2023 15:23:58; 813.2893; -0.01252431; 203.3512; Before; 12.14035; Checking Box Human Car
31; Driver; Noise; None; 11.11.2023 15:23:58; 813.2668; -0.01251224; 203.3514; Before; 12.15725; Checking Box Human Car
31; Driver; Noise; None; 11.11.2023 15:23:58; 813.2562; -0.01250771; 203.3515; Before; 12.18963; Checking Box Human Car
31; Driver; Noise; None; 11.11.2023 15:23:58; 813.2358; -0.01249701; 203.3517; Before; 12.18963; Checking Box Human Car
31; Driver; Noise; None; 11.11.2023 15:23:58; 813.2167; -0.0124805; 203.3518; Before; 12.20698; Checking Box Human Car
31; Driver; Noise; None; 11.11.2023 15:23:58; 813.2077; -0.01247386; 203.3519; Before; 12.24481; Checking Box Human Car
31; Driver; Noise; None; 11.11.2023 15:23:58; 813.1827; -0.01245422; 203.3521; Before; 12.26165; Checking Box Human Car
31; Driver; Noise; None; 11.11.2023 15:23:58; 813.1677; -0.0124417; 203.3522; Before; 12.27856; Checking Box Human Car
31; Driver; Noise; None; 11.11.2023 15:23:58; 813.1606; -0.01243624; 203.3523; Before; 12.29558; Checking Box Human Car
31; Driver; Noise; None; 11.11.2023 15:23:58; 813.1476; -0.01242406; 203.3524; Before; 12.31113; Checking Box Human Car
31; Driver; Noise; None; 11.11.2023 15:23:58; 813.136; -0.01240801; 203.3524; Before; 12.32722; Checking Box Human Car
31; Driver; Noise; None; 11.11.2023 15:23:58; 813.1257; -0.01238976; 203.3525; Before; 12.34637; Checking Box Human Car
31; Driver; Noise; None; 11.11.2023 15:23:58; 813.121; -0.01238188; 203.3526; Before; 12.38742; Checking Box Human Car
31; Driver; Noise; None; 11.11.2023 15:23:58; 813.1126; -0.01236674; 203.3526; Before; 12.38742; Checking Box Human Car
31; Driver; Noise; None; 11.11.2023 15:23:58; 813.1089; -0.01236006; 203.3527; Before; 12.4242; Checking Box Human Car
31; Driver; Noise; None; 11.11.2023 15:23:58; 813.1; -0.01234097; 203.3527; Before; 12.44083; Checking Box Human Car
31; Driver; Noise; None; 11.11.2023 15:23:58; 813.0956; -0.01232894; 203.3528; Before; 12.45651; Checking Box Human Car
31; Driver; Noise; None; 11.11.2023 15:23:58; 813.0955; -0.01232302; 203.3528; Before; 12.48823; Checking Box Human Car
31; Driver; Noise; None; 11.11.2023 15:23:58; 813.0955; -0.01231148; 203.3528; Before; 12.48823; Checking Box Human Car
31; Driver; Noise; None; 11.11.2023 15:23:58; 813.0955; -0.01230512; 203.3528; Before; 12.52068; Checking Box Human
31; Driver; Noise; None; 11.11.2023 15:23:58; 813.0955; -0.0122914; 203.3528; Before; 12.54085; Checking Box Human
31; Driver; Noise; None; 11.11.2023 15:23:58; 813.0955; -0.01226904; 203.3528; Before; 12.56007; Checking Box Human
31; Driver; Noise; None; 11.11.2023 15:23:58; 813.0955; -0.01225374; 203.3528; Before; 12.57702; Checking Box Human
31; Driver; Noise; None; 11.11.2023 15:23:58; 813.0955; -0.01224623; 203.3528; Before; 12.59584; Checking Box Human
31; Driver; Noise; None; 11.11.2023 15:23:58; 813.0955; -0.01223199; 203.3528; Before; 12.61347; Checking Box Human
31; Driver; Noise; None; 11.11.2023 15:23:58; 813.0955; -0.01221942; 203.3528; Before; 12.63117; Checking Box Human
31; Driver; Noise; None; 11.11.2023 15:23:58; 813.0955; -0.01221397; 203.3528; Before; 12.66615; Checking Box Human
31; Driver; Noise; None; 11.11.2023 15:23:58; 813.0955; -0.01220508; 203.3528; Before; 12.6822; Checking Box Human
31; Driver; Noise; None; 11.11.2023 15:23:58; 813.0955; -0.01219907; 203.3528; Before; 12.6822; Checking Box Human
31; Driver; Noise; None; 11.11.2023 15:23:58; 813.0955; -0.01219604; 203.3528; Before; 12.72072; Checking Box Human
31; Driver; Noise; None; 11.11.2023 15:23:58; 813.0955; -0.01219576; 203.3528; Before; 12.73715; Checking Box Human
31; Driver; Noise; None; 11.11.2023 15:23:58; 813.0955; -0.01219654; 203.3528; Before; 12.76758; Checking Box Human
31; Driver; Noise; None; 11.11.2023 15:23:58; 813.0955; -0.0122017; 203.3528; Before; 12.78384; Checking Box Human
31; Driver; Noise; None; 11.11.2023 15:23:58; 813.0955; -0.01220409; 203.3528; Before; 12.79941; Checking Box Human
31; Driver; Noise; None; 11.11.2023 15:23:58; 813.0955; -0.01220937; 203.3528; Before; 12.81524; Checking Box Human
31; Driver; Noise; None; 11.11.2023 15:23:58; 813.0955; -0.01221481; 203.3528; Before; 12.83186; Checking Box Human
31; Driver; Noise; None; 11.11.2023 15:23:58; 813.0955; -0.01221741; 203.3528; Before; 12.86719; Checking Box Human Car
31; Driver; Noise; None; 11.11.2023 15:23:58; 813.0955; -0.01222213; 203.3528; Before; 12.88582; Checking Box Human Car
31; Driver; Noise; None; 11.11.2023 15:23:58; 813.0955; -0.01222591; 203.3528; Before; 12.902; Checking Box Human Car
31; Driver; Noise; None; 11.11.2023 15:23:58; 813.0955; -0.01222856; 203.3528; Before; 12.91804; Checking Box Human Car
31; Driver; Noise; None; 11.11.2023 15:23:58; 813.0955; -0.01223008; 203.3528; Before; 12.93437; Checking Box Human Car
31; Driver; Noise; None; 11.11.2023 15:23:58; 813.0955; -0.01223043; 203.3528; Before; 12.96869; Checking Box Human Car
31; Driver; Noise; None; 11.11.2023 15:23:58; 813.0955; -0.01223041; 203.3528; Before; 12.98546; null
31; Driver; Noise; None; 11.11.2023 15:23:58; 813.0955; -0.01222961; 203.3528; Before; 12.98546; null
31; Driver; Noise; None; 11.11.2023 15:23:59; 813.0955; -0.01222829; 203.3528; Before; 13.02088; null
31; Driver; Noise; None; 11.11.2023 15:23:59; 813.0955; -0.01222668; 203.3528; Before; 13.03909; null
31; Driver; Noise; None; 11.11.2023 15:23:59; 813.0955; -0.01222502; 203.3528; Before; 13.05458; null
31; Driver; Noise; None; 11.11.2023 15:23:59; 813.0955; -0.01222347; 203.3528; Before; 13.07149; null
31; Driver; Noise; None; 11.11.2023 15:23:59; 813.0955; -0.01222278; 203.3528; Before; 13.09021; Checking Box AICar
31; Driver; Noise; None; 11.11.2023 15:23:59; 813.0955; -0.01222165; 203.3528; Before; 13.11054; Checking Box AICar
31; Driver; Noise; None; 11.11.2023 15:23:59; 813.0955; -0.01222086; 203.3528; Before; 13.13169; Checking Box AICar
31; Driver; Noise; None; 11.11.2023 15:23:59; 813.0955; -0.0122206; 203.3528; Before; 13.16698; Checking Box AICar
31; Driver; Noise; None; 11.11.2023 15:23:59; 813.0955; -0.01222031; 203.3528; Before; 13.18602; Checking Box AICar
31; Driver; Noise; None; 11.11.2023 15:23:59; 813.0955; -0.01222031; 203.3528; Before; 13.20408; Checking Box AICar
31; Driver; Noise; None; 11.11.2023 15:23:59; 813.0955; -0.01222053; 203.3528; Before; 13.21995; null
31; Driver; Noise; None; 11.11.2023 15:23:59; 813.0955; -0.01222091; 203.3528; Before; 13.23458; null
31; Driver; Noise; None; 11.11.2023 15:23:59; 813.0955; -0.01222135; 203.3528; Before; 13.25091; null
31; Driver; Noise; None; 11.11.2023 15:23:59; 813.0955; -0.01222157; 203.3528; Before; 13.28713; null
31; Driver; Noise; None; 11.11.2023 15:23:59; 813.0955; -0.01222201; 203.3528; Before; 13.28713; null
31; Driver; Noise; None; 11.11.2023 15:23:59; 813.0955; -0.01222221; 203.3528; Before; 13.32219; null
31; Driver; Noise; None; 11.11.2023 15:23:59; 813.0955; -0.01222255; 203.3528; Before; 13.34192; null
31; Driver; Noise; None; 11.11.2023 15:23:59; 813.0955; -0.01222289; 203.3528; Before; 13.36; Checking Box Human
31; Driver; Noise; None; 11.11.2023 15:23:59; 813.0955; -0.01222296; 203.3528; Before; 13.39197; Checking Box Human
31; Driver; Noise; None; 11.11.2023 15:23:59; 813.0954; -0.01222294; 203.3528; Before; 13.39197; Checking Box Human
31; Driver; Noise; None; 11.11.2023 15:23:59; 813.0953; -0.01222294; 203.3528; Before; 13.42385; Checking Box Human
31; Driver; Noise; None; 11.11.2023 15:23:59; 813.0943; -0.01222278; 203.3528; Before; 13.4408; Checking Box Human
31; Driver; Noise; None; 11.11.2023 15:23:59; 813.0928; -0.01222269; 203.3527; Before; 13.45779; Checking Box Human
31; Driver; Noise; None; 11.11.2023 15:23:59; 813.0904; -0.01222247; 203.3527; Before; 13.47329; null
31; Driver; Noise; None; 11.11.2023 15:23:59; 813.0888; -0.01222286; 203.3526; Before; 13.49121; null
31; Driver; Noise; None; 11.11.2023 15:23:59; 813.085; -0.0122239; 203.3525; Before; 13.51024; null
31; Driver; Noise; None; 11.11.2023 15:23:59; 813.0827; -0.01222513; 203.3525; Before; 13.54602; null
31; Driver; Noise; None; 11.11.2023 15:23:59; 813.0774; -0.01222797; 203.3523; Before; 13.56427; null
31; Driver; Noise; None; 11.11.2023 15:23:59; 813.0712; -0.01223069; 203.3521; Before; 13.58021; null
31; Driver; Noise; None; 11.11.2023 15:23:59; 813.0641; -0.01223764; 203.3519; Before; 13.60002; null
31; Driver; Noise; None; 11.11.2023 15:23:59; 813.0562; -0.01224378; 203.3516; Before; 13.61684; null
31; Driver; Noise; None; 11.11.2023 15:23:59; 813.0471; -0.01225012; 203.3513; Before; 13.63208; null
31; Driver; Noise; None; 11.11.2023 15:23:59; 813.0372; -0.01226008; 203.3509; Before; 13.654; null
31; Driver; Noise; None; 11.11.2023 15:23:59; 813.0262; -0.0122691; 203.3504; Before; 13.67391; null
31; Driver; Noise; None; 11.11.2023 15:23:59; 813.0204; -0.01227528; 203.3502; Before; 13.69141; null
31; Driver; Noise; None; 11.11.2023 15:23:59; 813.0081; -0.01228759; 203.3496; Before; 13.71036; null
31; Driver; Noise; None; 11.11.2023 15:23:59; 812.9949; -0.01229752; 203.349; Before; 13.72947; null
31; Driver; Noise; None; 11.11.2023 15:23:59; 812.9808; -0.01230551; 203.3484; Before; 13.74948; null
31; Driver; Noise; None; 11.11.2023 15:23:59; 812.9658; -0.01231214; 203.3477; Before; 13.76952; null
31; Driver; Noise; None; 11.11.2023 15:23:59; 812.9579; -0.01231773; 203.3473; Before; 13.79052; null
31; Driver; Noise; None; 11.11.2023 15:23:59; 812.9417; -0.01232939; 203.3465; Before; 13.80933; null
31; Driver; Noise; None; 11.11.2023 15:23:59; 812.9333; -0.01233701; 203.3461; Before; 13.84426; null
31; Driver; Noise; None; 11.11.2023 15:23:59; 812.9157; -0.01235104; 203.3452; Before; 13.86376; null
31; Driver; Noise; None; 11.11.2023 15:23:59; 812.8878; -0.01237346; 203.3437; Before; 13.88061; null
31; Driver; Noise; None; 11.11.2023 15:23:59; 812.8781; -0.01238144; 203.3432; Before; 13.89654; null
31; Driver; Noise; None; 11.11.2023 15:23:59; 812.8579; -0.01239439; 203.3421; Before; 13.91083; null
31; Driver; Noise; None; 11.11.2023 15:23:59; 812.8475; -0.01240158; 203.3415; Before; 13.94349; null
31; Driver; Noise; None; 11.11.2023 15:23:59; 812.8261; -0.01241261; 203.3403; Before; 13.96234; null
31; Driver; Noise; None; 11.11.2023 15:23:59; 812.7924; -0.01242813; 203.3383; Before; 13.98072; null
31; Driver; Noise; None; 11.11.2023 15:24:00; 812.7806; -0.01243365; 203.3377; Before; 13.9967; null
31; Driver; Noise; None; 11.11.2023 15:24:00; 812.7566; -0.01244149; 203.3362; Before; 14.01146; null
31; Driver; Noise; None; 11.11.2023 15:24:00; 812.7443; -0.01244657; 203.3355; Before; 14.04654; null
31; Driver; Noise; None; 11.11.2023 15:24:00; 812.7189; -0.01245366; 203.334; Before; 14.06387; null
31; Driver; Noise; None; 11.11.2023 15:24:00; 812.6792; -0.01245561; 203.3315; Before; 14.08047; null
31; Driver; Noise; None; 11.11.2023 15:24:00; 812.6655; -0.01246306; 203.3307; Before; 14.09789; null
31; Driver; Noise; None; 11.11.2023 15:24:00; 812.6376; -0.01246418; 203.3289; Before; 14.1187; null
31; Driver; Noise; None; 11.11.2023 15:24:00; 812.6087; -0.01246116; 203.327; Before; 14.13938; Checking Box Human
31; Driver; Noise; None; 11.11.2023 15:24:00; 812.579; -0.01245626; 203.3251; Before; 14.15974; Checking Box Human
31; Driver; Noise; None; 11.11.2023 15:24:00; 812.5484; -0.01246279; 203.323; Before; 14.17788; Checking Box Human
31; Driver; Noise; None; 11.11.2023 15:24:00; 812.5328; -0.01246986; 203.3219; Before; 14.19515; Checking Box Human
31; Driver; Noise; None; 11.11.2023 15:24:00; 812.5009; -0.01248346; 203.3197; Before; 14.21173; Checking Box Human
31; Driver; Noise; None; 11.11.2023 15:24:00; 812.4847; -0.0124931; 203.3186; Before; 14.24321; Checking Box Human
31; Driver; Noise; None; 11.11.2023 15:24:00; 812.4516; -0.01250977; 203.3163; Before; 14.26019; Checking Box Human
31; Driver; Noise; None; 11.11.2023 15:24:00; 812.4177; -0.01251703; 203.3138; Before; 14.28117; Checking Box Human
31; Driver; Noise; None; 11.11.2023 15:24:00; 812.3831; -0.01253665; 203.3113; Before; 14.3014; Checking Box Human
31; Driver; Noise; None; 11.11.2023 15:24:00; 812.3476; -0.01254333; 203.3086; Before; 14.31876; Checking Box AICar
31; Driver; Noise; None; 11.11.2023 15:24:00; 812.3113; -0.01255629; 203.3058; Before; 14.33301; Checking Box AICar
31; Driver; Noise; None; 11.11.2023 15:24:00; 812.2743; -0.01255865; 203.303; Before; 14.34982; Checking Box AICar
31; Driver; Noise; None; 11.11.2023 15:24:00; 812.2365; -0.0125186; 203.3; Before; 14.34982; Checking Box AICar
31; Driver; Noise; None; 11.11.2023 15:24:00; 812.2172; -0.01250978; 203.2984; Before; 14.36542; Checking Box AICar
31; Driver; Noise; None; 11.11.2023 15:24:00; 812.1782; -0.01250159; 203.2952; Before; 14.4091; Checking Box AICar
31; Driver; Noise; None; 11.11.2023 15:24:00; 812.1383; -0.0124972; 203.2919; Before; 14.43003; Checking Box AICar
31; Driver; Noise; None; 11.11.2023 15:24:00; 812.0976; -0.01249673; 203.2885; Before; 14.45067; Checking Box AICar
31; Driver; Noise; None; 11.11.2023 15:24:00; 812.0769; -0.01250487; 203.2867; Before; 14.48685; null
31; Driver; Noise; None; 11.11.2023 15:24:00; 812.0349; -0.01252552; 203.283; Before; 14.48685; null
31; Driver; Noise; None; 11.11.2023 15:24:00; 812.0136; -0.0125414; 203.2811; Before; 14.52296; Checking Box AICar
31; Driver; Noise; None; 11.11.2023 15:24:00; 811.9484; -0.0125903; 203.2752; Before; 14.54147; Checking Box AICar
31; Driver; Noise; None; 11.11.2023 15:24:00; 811.9037; -0.01260464; 203.2711; Before; 14.559; Checking Box AICar
31; Driver; Noise; None; 11.11.2023 15:24:00; 811.8582; -0.01261062; 203.2668; Before; 14.57617; Checking Box AICar
31; Driver; Noise; None; 11.11.2023 15:24:00; 811.8351; -0.01260339; 203.2646; Before; 14.57617; Checking Box AICar
31; Driver; Noise; None; 11.11.2023 15:24:00; 811.7883; -0.01260131; 203.2601; Before; 14.5989; Checking Box AICar
31; Driver; Noise; None; 11.11.2023 15:24:00; 811.7405; -0.01259686; 203.2553; Before; 14.62411; Checking Box AICar
31; Driver; Noise; None; 11.11.2023 15:24:00; 811.7162; -0.01260262; 203.2529; Before; 14.66811; Checking Box AICar
31; Driver; Noise; None; 11.11.2023 15:24:00; 811.6671; -0.01261702; 203.2479; Before; 14.68535; Checking Box AICar
31; Driver; Noise; None; 11.11.2023 15:24:00; 811.6171; -0.01265254; 203.2427; Before; 14.70252; Checking Box AICar
31; Driver; Noise; None; 11.11.2023 15:24:00; 811.5661; -0.0126706; 203.2373; Before; 14.71913; Checking Box AICar
31; Driver; Noise; None; 11.11.2023 15:24:00; 811.5142; -0.01267769; 203.2317; Before; 14.73562; Checking Box Human
31; Driver; Noise; None; 11.11.2023 15:24:00; 811.4614; -0.01269704; 203.2259; Before; 14.7537; Checking Box Human
31; Driver; Noise; None; 11.11.2023 15:24:00; 811.4077; -0.01270278; 203.2199; Before; 14.77368; Checking Box Human
31; Driver; Noise; None; 11.11.2023 15:24:00; 811.3805; -0.01271104; 203.2168; Before; 14.79285; Checking Box Human
31; Driver; Noise; None; 11.11.2023 15:24:00; 811.3254; -0.01272503; 203.2104; Before; 14.81047; null
31; Driver; Noise; None; 11.11.2023 15:24:00; 811.2975; -0.01273633; 203.2071; Before; 14.84342; null
31; Driver; Noise; None; 11.11.2023 15:24:00; 811.2125; -0.0127662; 203.197; Before; 14.86168; null
31; Driver; Noise; None; 11.11.2023 15:24:00; 811.1546; -0.01278386; 203.1899; Before; 14.87911; null
31; Driver; Noise; None; 11.11.2023 15:24:00; 811.1253; -0.01279546; 203.1863; Before; 14.89448; null
31; Driver; Noise; None; 11.11.2023 15:24:00; 811.066; -0.01278824; 203.1788; Before; 14.9115; null
31; Driver; Noise; None; 11.11.2023 15:24:00; 811.0059; -0.0127717; 203.1711; Before; 14.93293; null
31; Driver; Noise; None; 11.11.2023 15:24:00; 810.9447; -0.01277451; 203.1631; Before; 14.95427; Checking Box Human
31; Driver; Noise; None; 11.11.2023 15:24:00; 810.8826; -0.01276721; 203.1548; Before; 14.97342; Checking Box Human
31; Driver; Noise; None; 11.11.2023 15:24:01; 810.8511; -0.01277192; 203.1506; Before; 14.99099; Checking Box Human
31; Driver; Noise; None; 11.11.2023 15:24:01; 810.7875; -0.01278218; 203.1418; Before; 15.01033; Checking Box Human
31; Driver; Noise; None; 11.11.2023 15:24:01; 810.723; -0.01278152; 203.1328; Before; 15.02932; Checking Box Human
31; Driver; Noise; None; 11.11.2023 15:24:01; 810.6574; -0.01277393; 203.1234; Before; 15.04797; Checking Box Human
31; Driver; Noise; None; 11.11.2023 15:24:01; 810.591; -0.01276305; 203.1138; Before; 15.06859; Checking Box Human
31; Driver; Noise; None; 11.11.2023 15:24:01; 810.5574; -0.01276884; 203.1088; Before; 15.08788; Checking Box Human
31; Driver; Noise; None; 11.11.2023 15:24:01; 810.4896; -0.01278468; 203.0986; Before; 15.10896; Checking Box Human
31; Driver; Noise; None; 11.11.2023 15:24:01; 810.4207; -0.01279168; 203.0881; Before; 15.12855; Checking Box Human
31; Driver; Noise; None; 11.11.2023 15:24:01; 810.3859; -0.01280458; 203.0827; Before; 15.16449; Checking Box Human
31; Driver; Noise; None; 11.11.2023 15:24:01; 810.2802; -0.01284986; 203.0659; Before; 15.18176; Checking Box Human
31; Driver; Noise; None; 11.11.2023 15:24:01; 810.2444; -0.01288169; 203.0601; Before; 15.19806; Checking Box Human
31; Driver; Noise; None; 11.11.2023 15:24:01; 810.1723; -0.01290403; 203.0482; Before; 15.21455; Checking Box Human
31; Driver; Noise; None; 11.11.2023 15:24:01; 810.0992; -0.01290792; 203.0359; Before; 15.23137; Checking Box Human
31; Driver; Noise; None; 11.11.2023 15:24:01; 810.0253; -0.01292763; 203.0232; Before; 15.25415; Checking Box Human
31; Driver; Noise; None; 11.11.2023 15:24:01; 809.9504; -0.0129274; 203.0101; Before; 15.27546; null
31; Driver; Noise; None; 11.11.2023 15:24:01; 809.9127; -0.01293478; 203.0033; Before; 15.29604; null
31; Driver; Noise; None; 11.11.2023 15:24:01; 809.8367; -0.01294635; 202.9894; Before; 15.31361; null
31; Driver; Noise; None; 11.11.2023 15:24:01; 809.7598; -0.01294037; 202.9751; Before; 15.33092; null
31; Driver; Noise; None; 11.11.2023 15:24:01; 809.7211; -0.01294614; 202.9677; Before; 15.36809; null
31; Driver; Noise; None; 11.11.2023 15:24:01; 809.6431; -0.01295621; 202.9525; Before; 15.38577; null
31; Driver; Noise; None; 11.11.2023 15:24:01; 809.5645; -0.0129501; 202.9369; Before; 15.38577; null
31; Driver; Noise; None; 11.11.2023 15:24:01; 809.485; -0.01293382; 202.9207; Before; 15.40655; null
31; Driver; Noise; None; 11.11.2023 15:24:01; 809.4451; -0.01293741; 202.9124; Before; 15.44438; null
31; Driver; Noise; None; 11.11.2023 15:24:01; 809.3244; -0.01296134; 202.8866; Before; 15.46126; null
31; Driver; Noise; None; 11.11.2023 15:24:01; 809.2432; -0.01298629; 202.8688; Before; 15.47852; null
31; Driver; Noise; None; 11.11.2023 15:24:01; 809.2023; -0.01300509; 202.8596; Before; 15.49453; null
31; Driver; Noise; None; 11.11.2023 15:24:01; 809.1202; -0.01303466; 202.8409; Before; 15.51134; null
31; Driver; Noise; None; 11.11.2023 15:24:01; 809.0375; -0.01303861; 202.8215; Before; 15.52908; null
31; Driver; Noise; None; 11.11.2023 15:24:01; 808.9542; -0.01302428; 202.8015; Before; 15.54664; null
31; Driver; Noise; None; 11.11.2023 15:24:01; 808.8704; -0.01299895; 202.7809; Before; 15.56808; null
31; Driver; Noise; None; 11.11.2023 15:24:01; 808.8282; -0.01299894; 202.7704; Before; 15.58915; null
31; Driver; Noise; None; 11.11.2023 15:24:01; 808.7435; -0.01300257; 202.7488; Before; 15.60896; null
31; Driver; Noise; None; 11.11.2023 15:24:01; 808.7009; -0.01301441; 202.7377; Before; 15.64565; null
31; Driver; Noise; None; 11.11.2023 15:24:01; 808.6153; -0.01303584; 202.7151; Before; 15.66346; null
31; Driver; Noise; None; 11.11.2023 15:24:01; 808.4858; -0.01304776; 202.6799; Before; 15.68052; null
31; Driver; Noise; None; 11.11.2023 15:24:01; 808.4423; -0.0130749; 202.6678; Before; 15.69864; null
31; Driver; Noise; None; 11.11.2023 15:24:01; 808.3549; -0.01308167; 202.6431; Before; 15.71807; null
31; Driver; Noise; None; 11.11.2023 15:24:01; 808.2669; -0.01307119; 202.6177; Before; 15.73794; Checking Box Human
31; Driver; Noise; None; 11.11.2023 15:24:01; 808.1783; -0.01308554; 202.5916; Before; 15.75577; Checking Box Human
31; Driver; Noise; None; 11.11.2023 15:24:01; 808.1339; -0.01310041; 202.5782; Before; 15.78987; Checking Box Human
31; Driver; Noise; None; 11.11.2023 15:24:01; 808.0444; -0.01312307; 202.5511; Before; 15.78987; Checking Box Human
31; Driver; Noise; None; 11.11.2023 15:24:01; 807.9544; -0.01312001; 202.5232; Before; 15.80873; Checking Box Human
31; Driver; Noise; None; 11.11.2023 15:24:01; 807.8638; -0.01309947; 202.4945; Before; 15.82949; Checking Box Human
31; Driver; Noise; None; 11.11.2023 15:24:01; 807.7727; -0.01306931; 202.4651; Before; 15.84884; Checking Box Human
31; Driver; Noise; None; 11.11.2023 15:24:01; 807.7269; -0.01306906; 202.45; Before; 15.88901; null
31; Driver; Noise; None; 11.11.2023 15:24:01; 807.6349; -0.01307391; 202.4194; Before; 15.88901; null
31; Driver; Noise; None; 11.11.2023 15:24:01; 807.5424; -0.01306657; 202.3881; Before; 15.90614; null
31; Driver; Noise; None; 11.11.2023 15:24:01; 807.496; -0.01307651; 202.372; Before; 15.94323; Checking Box AICar
31; Driver; Noise; None; 11.11.2023 15:24:01; 807.3558; -0.0131186; 202.3228; Before; 15.96103; Checking Box AICar
31; Driver; Noise; None; 11.11.2023 15:24:01; 807.2618; -0.01315388; 202.2889; Before; 15.97797; Checking Box AICar
31; Driver; Noise; None; 11.11.2023 15:24:02; 807.2146; -0.01317807; 202.2715; Before; 15.99496; Checking Box AICar
31; Driver; Noise; None; 11.11.2023 15:24:02; 807.1198; -0.01317595; 202.2363; Before; 16.01203; Checking Box AICar
31; Driver; Noise; None; 11.11.2023 15:24:02; 807.0245; -0.01315799; 202.2002; Before; 16.03282; Checking Box AICar
31; Driver; Noise; None; 11.11.2023 15:24:02; 806.9288; -0.01317078; 202.1632; Before; 16.0547; null
31; Driver; Noise; None; 11.11.2023 15:24:02; 806.8326; -0.01316357; 202.1252; Intersection; 0; null
31; Driver; Noise; None; 11.11.2023 15:24:02; 806.7844; -0.01317227; 202.1058; Intersection; 0.0188303; null
31; Driver; Noise; None; 11.11.2023 15:24:02; 806.6875; -0.01314828; 202.0663; Intersection; 0.0387238; null
31; Driver; Noise; None; 11.11.2023 15:24:02; 806.5903; -0.01316123; 202.0259; Intersection; 0.0568147; Checking Box Human
31; Driver; Noise; None; 11.11.2023 15:24:02; 806.4926; -0.01315752; 201.9845; Intersection; 0.0759268; Checking Box Human
31; Driver; Noise; None; 11.11.2023 15:24:02; 806.3946; -0.0131429; 201.9421; Intersection; 0.0940042; Checking Box Human
31; Driver; Noise; None; 11.11.2023 15:24:02; 806.3455; -0.01315135; 201.9204; Intersection; 0.1145426; Checking Box Human
31; Driver; Noise; None; 11.11.2023 15:24:02; 806.2469; -0.01317173; 201.8765; Intersection; 0.1349179; Checking Box Human
31; Driver; Noise; None; 11.11.2023 15:24:02; 806.1481; -0.01317452; 201.8315; Intersection; 0.1526214; Checking Box Human
31; Driver; Noise; None; 11.11.2023 15:24:02; 806.0985; -0.01318945; 201.8085; Intersection; 0.1898331; Checking Box Human
31; Driver; Noise; None; 11.11.2023 15:24:02; 805.9991; -0.0132181; 201.7619; Intersection; 0.2083289; null
31; Driver; Noise; None; 11.11.2023 15:24:02; 805.8995; -0.0132846; 201.7141; Intersection; 0.2257238; null
31; Driver; Noise; None; 11.11.2023 15:24:02; 805.7995; -0.01330643; 201.6652; Intersection; 0.2430789; Checking Box Human
31; Driver; Noise; None; 11.11.2023 15:24:02; 805.6992; -0.01320506; 201.6153; Intersection; 0.2599296; null
31; Driver; Noise; None; 11.11.2023 15:24:02; 805.5987; -0.0130228; 201.5642; Intersection; 0.2819129; null
31; Driver; Noise; None; 11.11.2023 15:24:02; 805.4979; -0.01292746; 201.5119; Intersection; 0.3042577; null
31; Driver; Noise; None; 11.11.2023 15:24:02; 805.4474; -0.01290495; 201.4853; Intersection; 0.3226487; null
31; Driver; Noise; None; 11.11.2023 15:24:02; 805.3463; -0.01284413; 201.4313; Intersection; 0.3413572; null
31; Driver; Noise; None; 11.11.2023 15:24:02; 805.2449; -0.01286031; 201.376; Intersection; 0.3587625; null
31; Driver; Noise; None; 11.11.2023 15:24:02; 805.1942; -0.01288605; 201.3479; Intersection; 0.3934017; null
31; Driver; Noise; None; 11.11.2023 15:24:02; 805.0926; -0.01295349; 201.2908; Intersection; 0.4114219; null
31; Driver; Noise; None; 11.11.2023 15:24:02; 804.9908; -0.01299538; 201.2325; Intersection; 0.4114219; null
31; Driver; Noise; None; 11.11.2023 15:24:02; 804.889; -0.0130146; 201.1729; Intersection; 0.4318103; null
31; Driver; Noise; None; 11.11.2023 15:24:02; 804.787; -0.01301603; 201.1119; Intersection; 0.4521307; null
31; Driver; Noise; None; 11.11.2023 15:24:02; 804.736; -0.01303; 201.0809; Intersection; 0.4917305; null
31; Driver; Noise; None; 11.11.2023 15:24:02; 804.6339; -0.01306893; 201.018; Intersection; 0.5103561; null
31; Driver; Noise; None; 11.11.2023 15:24:02; 804.5317; -0.01307946; 200.9538; Intersection; 0.5103561; null
31; Driver; Noise; None; 11.11.2023 15:24:02; 804.4296; -0.01306921; 200.8882; Intersection; 0.5311735; null
31; Driver; Noise; None; 11.11.2023 15:24:02; 804.3274; -0.01304622; 200.8213; Intersection; 0.550776; null
31; Driver; Noise; None; 11.11.2023 15:24:02; 804.2252; -0.0130178; 200.753; Intersection; 0.5719094; null
31; Driver; Noise; None; 11.11.2023 15:24:02; 804.1742; -0.01302222; 200.7182; Intersection; 0.6155345; null
31; Driver; Noise; None; 11.11.2023 15:24:02; 804.0721; -0.0130515; 200.6478; Intersection; 0.6155345; null
31; Driver; Noise; None; 11.11.2023 15:24:02; 803.97; -0.01306147; 200.576; Intersection; 0.6334764; null
31; Driver; Noise; None; 11.11.2023 15:24:02; 803.9191; -0.01307982; 200.5395; Intersection; 0.6689149; null
31; Driver; Noise; None; 11.11.2023 15:24:02; 803.7663; -0.01315677; 200.4279; Intersection; 0.6866103; null
31; Driver; Noise; None; 11.11.2023 15:24:02; 803.6646; -0.0132153; 200.3517; Intersection; 0.7042313; null
31; Driver; Noise; None; 11.11.2023 15:24:02; 803.6138; -0.01324622; 200.313; Intersection; 0.7211949; null
31; Driver; Noise; None; 11.11.2023 15:24:02; 803.5124; -0.01324131; 200.2346; Intersection; 0.7382928; null
31; Driver; Noise; None; 11.11.2023 15:24:02; 803.4111; -0.01320972; 200.1547; Intersection; 0.7589152; null
31; Driver; Noise; None; 11.11.2023 15:24:02; 803.3101; -0.01316388; 200.0733; Intersection; 0.7823607; null
31; Driver; Noise; None; 11.11.2023 15:24:02; 803.2094; -0.01317257; 199.9903; Intersection; 0.8018026; null
31; Driver; Noise; None; 11.11.2023 15:24:02; 803.1591; -0.01318794; 199.9482; Intersection; 0.822299; null
31; Driver; Noise; None; 11.11.2023 15:24:02; 803.0588; -0.01316681; 199.863; Intersection; 0.839805; null
31; Driver; Noise; None; 11.11.2023 15:24:02; 802.9587; -0.01319549; 199.7762; Intersection; 0.8587998; null
31; Driver; Noise; None; 11.11.2023 15:24:02; 802.8589; -0.0131952; 199.6879; Intersection; 0.8779123; null
31; Driver; Noise; None; 11.11.2023 15:24:02; 802.7595; -0.01317511; 199.5981; Intersection; 0.8958206; null
31; Driver; Noise; None; 11.11.2023 15:24:03; 802.71; -0.01318096; 199.5525; Intersection; 0.9177712; null
31; Driver; Noise; None; 11.11.2023 15:24:03; 802.6111; -0.01314783; 199.4603; Intersection; 0.9382092; null
31; Driver; Noise; None; 11.11.2023 15:24:03; 802.5127; -0.01317543; 199.3665; Intersection; 0.9562049; null
31; Driver; Noise; None; 11.11.2023 15:24:03; 802.4637; -0.01320106; 199.319; Intersection; 0.9936852; null
31; Driver; Noise; None; 11.11.2023 15:24:03; 802.3658; -0.01325831; 199.2229; Intersection; 1.011324; null
31; Driver; Noise; None; 11.11.2023 15:24:03; 802.2684; -0.01327508; 199.1251; Intersection; 1.011324; null
31; Driver; Noise; None; 11.11.2023 15:24:03; 802.1714; -0.01326168; 199.0257; Intersection; 1.031371; null
31; Driver; Noise; None; 11.11.2023 15:24:03; 802.0748; -0.01322932; 198.9247; Intersection; 1.051176; null
31; Driver; Noise; None; 11.11.2023 15:24:03; 801.9785; -0.01312574; 198.8221; Intersection; 1.077074; null
31; Driver; Noise; None; 11.11.2023 15:24:03; 801.8829; -0.01311366; 198.7178; Intersection; 1.100901; null
31; Driver; Noise; None; 11.11.2023 15:24:03; 801.8353; -0.01312975; 198.6649; Intersection; 1.120937; null
31; Driver; Noise; None; 11.11.2023 15:24:03; 801.7402; -0.01312109; 198.558; Intersection; 1.138235; null
31; Driver; Noise; None; 11.11.2023 15:24:03; 801.6457; -0.0131803; 198.4495; Intersection; 1.156448; null
31; Driver; Noise; None; 11.11.2023 15:24:03; 801.5517; -0.01321445; 198.3393; Intersection; 1.177456; null
31; Driver; Noise; None; 11.11.2023 15:24:03; 801.4583; -0.0132274; 198.2274; Intersection; 1.195969; null
31; Driver; Noise; None; 11.11.2023 15:24:03; 801.4119; -0.01324985; 198.1707; Intersection; 1.21383; null
31; Driver; Noise; None; 11.11.2023 15:24:03; 801.3193; -0.01330702; 198.0563; Intersection; 1.23488; null
31; Driver; Noise; None; 11.11.2023 15:24:03; 801.2274; -0.01332708; 197.9402; Intersection; 1.255283; null
31; Driver; Noise; None; 11.11.2023 15:24:03; 801.1818; -0.01334862; 197.8814; Intersection; 1.292381; null
31; Driver; Noise; None; 11.11.2023 15:24:03; 801.0908; -0.01339723; 197.7627; Intersection; 1.3107; null
31; Driver; Noise; None; 11.11.2023 15:24:03; 801.0006; -0.0134023; 197.6423; Intersection; 1.3107; null
31; Driver; Noise; None; 11.11.2023 15:24:03; 800.9111; -0.01337668; 197.5202; Intersection; 1.329479; null
31; Driver; Noise; None; 11.11.2023 15:24:03; 800.8668; -0.01337957; 197.4585; Intersection; 1.367588; null
31; Driver; Noise; None; 11.11.2023 15:24:03; 800.7785; -0.01340005; 197.3337; Intersection; 1.388507; null
31; Driver; Noise; None; 11.11.2023 15:24:03; 800.691; -0.01338803; 197.2073; Intersection; 1.408929; null
31; Driver; Noise; None; 11.11.2023 15:24:03; 800.6043; -0.01335533; 197.079; Intersection; 1.408929; null
31; Driver; Noise; None; 11.11.2023 15:24:03; 800.5186; -0.01331296; 196.949; Intersection; 1.427819; null
31; Driver; Noise; None; 11.11.2023 15:24:03; 800.4762; -0.0133148; 196.8832; Intersection; 1.467886; null
31; Driver; Noise; None; 11.11.2023 15:24:03; 800.3918; -0.01334418; 196.7505; Intersection; 1.48719; null
31; Driver; Noise; None; 11.11.2023 15:24:03; 800.3085; -0.01334969; 196.6161; Intersection; 1.505873; null
31; Driver; Noise; None; 11.11.2023 15:24:03; 800.2261; -0.01333851; 196.4798; Intersection; 1.505873; null
31; Driver; Noise; None; 11.11.2023 15:24:03; 800.1448; -0.0133178; 196.3418; Intersection; 1.529269; null
31; Driver; Noise; None; 11.11.2023 15:24:03; 800.0644; -0.01322216; 196.2021; Intersection; 1.556021; null
31; Driver; Noise; None; 11.11.2023 15:24:03; 800.0246; -0.01316271; 196.1315; Intersection; 1.582105; null
31; Driver; Noise; None; 11.11.2023 15:24:03; 799.9462; -0.01311865; 195.9891; Intersection; 1.605877; null
31; Driver; Noise; None; 11.11.2023 15:24:03; 799.869; -0.01310571; 195.8451; Intersection; 1.605877; null
31; Driver; Noise; None; 11.11.2023 15:24:03; 799.7931; -0.01311762; 195.6995; Intersection; 1.628787; null
31; Driver; Noise; None; 11.11.2023 15:24:03; 799.7185; -0.01314671; 195.5524; Intersection; 1.649038; null
31; Driver; Noise; None; 11.11.2023 15:24:03; 799.6819; -0.01319043; 195.4782; Intersection; 1.689542; null
31; Driver; Noise; None; 11.11.2023 15:24:03; 799.5732; -0.01328337; 195.2538; Intersection; 1.689542; null
31; Driver; Noise; None; 11.11.2023 15:24:03; 799.538; -0.01331212; 195.1781; Intersection; 1.710994; null
31; Driver; Noise; None; 11.11.2023 15:24:03; 799.4683; -0.01331937; 195.0256; Intersection; 1.734491; null
31; Driver; Noise; None; 11.11.2023 15:24:03; 799.4001; -0.01332689; 194.8717; Intersection; 1.758311; null
31; Driver; Noise; None; 11.11.2023 15:24:03; 799.3333; -0.01333438; 194.7163; Intersection; 1.781919; null
31; Driver; Noise; None; 11.11.2023 15:24:03; 799.268; -0.01334163; 194.5594; Intersection; 1.802761; null
31; Driver; Noise; None; 11.11.2023 15:24:03; 799.236; -0.01341361; 194.4804; Intersection; 1.823007; null
31; Driver; Noise; None; 11.11.2023 15:24:03; 799.2041; -0.01342464; 194.4011; Intersection; 1.843637; null
31; Driver; Noise; None; 11.11.2023 15:24:03; 799.1417; -0.01347236; 194.2413; Intersection; 1.866549; null
31; Driver; Noise; None; 11.11.2023 15:24:03; 799.0806; -0.01348967; 194.0801; Intersection; 1.889378; null
31; Driver; Noise; None; 11.11.2023 15:24:03; 799.021; -0.01348393; 193.9175; Intersection; 1.909765; null
31; Driver; Noise; None; 11.11.2023 15:24:03; 798.9628; -0.01346326; 193.7535; Intersection; 1.909765; null
31; Driver; Noise; None; 11.11.2023 15:24:04; 798.9061; -0.01343532; 193.5881; Intersection; 1.929398; null
31; Driver; Noise; None; 11.11.2023 15:24:04; 798.8508; -0.01340654; 193.4212; Intersection; 1.950275; null
31; Driver; Noise; None; 11.11.2023 15:24:04; 798.8238; -0.01342018; 193.3373; Intersection; 1.990626; null
31; Driver; Noise; None; 11.11.2023 15:24:04; 798.744; -0.01342362; 193.0836; Intersection; 1.990626; null
31; Driver; Noise; None; 11.11.2023 15:24:04; 798.7184; -0.01342667; 192.9983; Intersection; 2.010787; null
31; Driver; Noise; None; 11.11.2023 15:24:04; 798.6681; -0.01338913; 192.8268; Intersection; 2.034661; null
31; Driver; Noise; None; 11.11.2023 15:24:04; 798.6191; -0.01344669; 192.6539; Intersection; 2.056735; null
31; Driver; Noise; None; 11.11.2023 15:24:04; 798.5714; -0.01348196; 192.4798; Intersection; 2.077282; null
31; Driver; Noise; None; 11.11.2023 15:24:04; 798.5251; -0.01349784; 192.3044; Intersection; 2.097217; null
31; Driver; Noise; None; 11.11.2023 15:24:04; 798.5026; -0.01352753; 192.2162; Intersection; 2.117991; null
31; Driver; Noise; None; 11.11.2023 15:24:04; 798.4582; -0.01360453; 192.039; Intersection; 2.136971; null
31; Driver; Noise; None; 11.11.2023 15:24:04; 798.415; -0.01363687; 191.8605; Intersection; 2.154738; null
31; Driver; Noise; None; 11.11.2023 15:24:04; 798.3732; -0.01363427; 191.6808; Intersection; 2.173446; null
31; Driver; Noise; None; 11.11.2023 15:24:04; 798.3326; -0.013608; 191.5; Intersection; 2.197483; null
31; Driver; Noise; None; 11.11.2023 15:24:04; 798.3129; -0.01361775; 191.4091; Intersection; 2.217996; null
31; Driver; Noise; None; 11.11.2023 15:24:04; 798.274; -0.01365957; 191.2266; Intersection; 2.236702; null
31; Driver; Noise; None; 11.11.2023 15:24:04; 798.2364; -0.0136639; 191.0429; Intersection; 2.254923; null
31; Driver; Noise; None; 11.11.2023 15:24:04; 798.2181; -0.01368404; 190.9506; Intersection; 2.291753; null
31; Driver; Noise; None; 11.11.2023 15:24:04; 798.1822; -0.01373747; 190.7652; Intersection; 2.3117; null
31; Driver; Noise; None; 11.11.2023 15:24:04; 798.1474; -0.01374241; 190.5787; Intersection; 2.3117; null
31; Driver; Noise; None; 11.11.2023 15:24:04; 798.1138; -0.01371307; 190.3911; Intersection; 2.331062; null
31; Driver; Noise; None; 11.11.2023 15:24:04; 798.0812; -0.01366395; 190.2025; Intersection; 2.353962; null
31; Driver; Noise; None; 11.11.2023 15:24:04; 798.0499; -0.01360779; 190.0127; Intersection; 2.37528; null
31; Driver; Noise; None; 11.11.2023 15:24:04; 798.0348; -0.01360961; 189.9175; Intersection; 2.414219; null
31; Driver; Noise; None; 11.11.2023 15:24:04; 798.0051; -0.01364702; 189.7262; Intersection; 2.414219; null
31; Driver; Noise; None; 11.11.2023 15:24:04; 797.9765; -0.01365667; 189.5338; Intersection; 2.432401; null
31; Driver; Noise; None; 11.11.2023 15:24:04; 797.9628; -0.01368308; 189.4373; Intersection; 2.469009; null
31; Driver; Noise; None; 11.11.2023 15:24:04; 797.9359; -0.01375306; 189.2434; Intersection; 2.488091; null
31; Driver; Noise; None; 11.11.2023 15:24:04; 797.91; -0.01377468; 189.0486; Intersection; 2.508854; null
31; Driver; Noise; None; 11.11.2023 15:24:04; 797.8853; -0.01376006; 188.8528; Intersection; 2.508854; null
31; Driver; Noise; None; 11.11.2023 15:24:04; 797.8616; -0.01372231; 188.656; After ; 0; null
31; Driver; Noise; None; 11.11.2023 15:24:04; 797.8502; -0.01372891; 188.5572; After ; 0.0391551; null
31; Driver; Noise; None; 11.11.2023 15:24:04; 797.8279; -0.01376805; 188.3589; After ; 0.0569375; null
31; Driver; Noise; None; 11.11.2023 15:24:04; 797.7963; -0.01379051; 188.0597; After ; 0.0735261; null
31; Driver; Noise; None; 11.11.2023 15:24:04; 797.7863; -0.01385678; 187.9595; After ; 0.0915242; null
31; Driver; Noise; None; 11.11.2023 15:24:04; 797.7666; -0.01388692; 187.7584; After ; 0.1078156; null
31; Driver; Noise; None; 11.11.2023 15:24:04; 797.7477; -0.01387359; 187.5564; After ; 0.1269203; null
31; Driver; Noise; None; 11.11.2023 15:24:04; 797.7294; -0.01392284; 187.3534; After ; 0.1476367; null
31; Driver; Noise; None; 11.11.2023 15:24:04; 797.7205; -0.01395654; 187.2516; After ; 0.1823697; null
31; Driver; Noise; None; 11.11.2023 15:24:04; 797.7031; -0.0140205; 187.0473; After ; 0.1823697; null
31; Driver; Noise; None; 11.11.2023 15:24:04; 797.6946; -0.01405577; 186.9448; After ; 0.2163149; null
31; Driver; Noise; None; 11.11.2023 15:24:04; 797.6696; -0.01414268; 186.636; After ; 0.2339147; null
31; Driver; Noise; None; 11.11.2023 15:24:04; 797.6534; -0.0141839; 186.429; After ; 0.251222; null
31; Driver; Noise; None; 11.11.2023 15:24:04; 797.6456; -0.01420339; 186.3252; After ; 0.2837679; null
31; Driver; Noise; None; 11.11.2023 15:24:04; 797.6299; -0.01422561; 186.1169; After ; 0.2837679; null
31; Driver; Noise; None; 11.11.2023 15:24:04; 797.6223; -0.01423621; 186.0125; After ; 0.3175699; null
31; Driver; Noise; None; 11.11.2023 15:24:04; 797.5997; -0.01424735; 185.6979; After ; 0.3352252; null
31; Driver; Noise; None; 11.11.2023 15:24:04; 797.585; -0.0141504; 185.4871; After ; 0.3512859; null
31; Driver; Noise; None; 11.11.2023 15:24:04; 797.5704; -0.01411772; 185.2755; After ; 0.3697141; null
31; Driver; Noise; None; 11.11.2023 15:24:05; 797.5632; -0.01411403; 185.1693; After ; 0.3869702; null
31; Driver; Noise; None; 11.11.2023 15:24:05; 797.5489; -0.01411409; 184.9565; After ; 0.4031953; null
31; Driver; Noise; None; 11.11.2023 15:24:05; 797.5418; -0.0141241; 184.8497; After ; 0.4368263; null
31; Driver; Noise; None; 11.11.2023 15:24:05; 797.5208; -0.01416272; 184.5284; After ; 0.4550806; null
31; Driver; Noise; None; 11.11.2023 15:24:05; 797.507; -0.01419271; 184.3131; After ; 0.4709642; null
31; Driver; Noise; None; 11.11.2023 15:24:05; 797.5002; -0.01421186; 184.2052; After ; 0.4870938; null
31; Driver; Noise; None; 11.11.2023 15:24:05; 797.4866; -0.01414405; 183.9889; After ; 0.5080304; null
31; Driver; Noise; None; 11.11.2023 15:24:05; 797.4733; -0.01414114; 183.7718; After ; 0.5272551; null
31; Driver; Noise; None; 11.11.2023 15:24:05; 797.4602; -0.01408417; 183.5539; After ; 0.5453412; null
31; Driver; Noise; None; 11.11.2023 15:24:05; 797.4537; -0.01407608; 183.4447; After ; 0.5825106; null
31; Driver; Noise; None; 11.11.2023 15:24:05; 797.4409; -0.01407943; 183.2258; After ; 0.5825106; null
31; Driver; Noise; None; 11.11.2023 15:24:05; 797.4346; -0.01409592; 183.1161; After ; 0.6177321; null
31; Driver; Noise; None; 11.11.2023 15:24:05; 797.4161; -0.01416459; 182.7857; After ; 0.6341574; null
31; Driver; Noise; None; 11.11.2023 15:24:05; 797.4039; -0.01421751; 182.5643; After ; 0.6514415; null
31; Driver; Noise; None; 11.11.2023 15:24:05; 797.3979; -0.01424778; 182.4531; After ; 0.6830565; null
31; Driver; Noise; None; 11.11.2023 15:24:05; 797.3859; -0.0142961; 182.2292; After ; 0.6830565; null
31; Driver; Noise; None; 11.11.2023 15:24:05; 797.38; -0.01432142; 182.1163; After ; 0.7174518; null
31; Driver; Noise; None; 11.11.2023 15:24:05; 797.3622; -0.01437419; 181.7723; After ; 0.7347084; null
31; Driver; Noise; None; 11.11.2023 15:24:05; 797.3503; -0.01439459; 181.5382; After ; 0.7515496; null
31; Driver; Noise; None; 11.11.2023 15:24:05; 797.3384; -0.0143293; 181.3003; After ; 0.766979; null
31; Driver; Noise; None; 11.11.2023 15:24:05; 797.3324; -0.01431215; 181.1799; After ; 0.7834271; null
31; Driver; Noise; None; 11.11.2023 15:24:05; 797.3204; -0.01429083; 180.9361; After ; 0.8037993; null
31; Driver; Noise; None; 11.11.2023 15:24:05; 797.3085; -0.01421532; 180.6885; After ; 0.8209124; null
31; Driver; Noise; None; 11.11.2023 15:24:05; 797.3025; -0.0142045; 180.5632; After ; 0.8592587; null
31; Driver; Noise; None; 11.11.2023 15:24:05; 797.2905; -0.01421255; 180.3096; After ; 0.8773481; null
31; Driver; Noise; None; 11.11.2023 15:24:05; 797.2787; -0.01432041; 180.052; After ; 0.8938993; null
31; Driver; Noise; None; 11.11.2023 15:24:05; 797.2668; -0.01435282; 179.7904; After ; 0.9112235; null
31; Driver; Noise; None; 11.11.2023 15:24:05; 797.2549; -0.01444911; 179.5248; After ; 0.92606; null
31; Driver; Noise; None; 11.11.2023 15:24:05; 797.249; -0.01450488; 179.3905; After ; 0.9614831; null
31; Driver; Noise; None; 11.11.2023 15:24:05; 797.2371; -0.0146054; 179.1188; After ; 0.9797654; null
31; Driver; Noise; None; 11.11.2023 15:24:05; 797.2253; -0.01460768; 178.843; After ; 0.9797654; null
31; Driver; Noise; None; 11.11.2023 15:24:05; 797.2194; -0.01462447; 178.7038; After ; 1.018021; null
31; Driver; Noise; None; 11.11.2023 15:24:05; 797.2077; -0.01466476; 178.4227; After ; 1.035164; null
31; Driver; Noise; None; 11.11.2023 15:24:05; 797.1904; -0.01463335; 177.9943; After ; 1.053823; null
31; Driver; Noise; None; 11.11.2023 15:24:05; 797.1789; -0.01466592; 177.7043; After ; 1.071144; null
31; Driver; Noise; None; 11.11.2023 15:24:05; 797.1732; -0.01470036; 177.558; After ; 1.087161; null
31; Driver; Noise; None; 11.11.2023 15:24:05; 797.1619; -0.01477556; 177.2627; After ; 1.10307; null
31; Driver; Noise; None; 11.11.2023 15:24:05; 797.1564; -0.01482418; 177.1137; After ; 1.136845; null
31; Driver; Noise; None; 11.11.2023 15:24:05; 797.1398; -0.01496458; 176.6614; After ; 1.155125; null
31; Driver; Noise; None; 11.11.2023 15:24:05; 797.1289; -0.01504873; 176.3553; After ; 1.172103; null
31; Driver; Noise; None; 11.11.2023 15:24:05; 797.1235; -0.01509276; 176.201; After ; 1.187524; null
31; Driver; Noise; None; 11.11.2023 15:24:05; 797.1129; -0.01516002; 175.8895; After ; 1.204365; null
31; Driver; Noise; None; 11.11.2023 15:24:05; 797.1077; -0.01519461; 175.7324; After ; 1.240669; null
31; Driver; Noise; None; 11.11.2023 15:24:05; 797.0922; -0.01526852; 175.2558; After ; 1.256763; null
31; Driver; Noise; None; 11.11.2023 15:24:05; 797.082; -0.01530132; 174.9334; After ; 1.272838; null
31; Driver; Noise; None; 11.11.2023 15:24:05; 797.0771; -0.01532103; 174.7709; After ; 1.287724; null
31; Driver; Noise; None; 11.11.2023 15:24:05; 797.0672; -0.01534486; 174.4431; After ; 1.304086; null
31; Driver; Noise; None; 11.11.2023 15:24:05; 797.0624; -0.01536183; 174.2778; After ; 1.338303; null
31; Driver; Noise; None; 11.11.2023 15:24:05; 797.0482; -0.01539998; 173.7764; After ; 1.354817; null
31; Driver; Noise; None; 11.11.2023 15:24:05; 797.0389; -0.01542295; 173.4376; After ; 1.370895; null
31; Driver; Noise; None; 11.11.2023 15:24:06; 797.0344; -0.01544172; 173.2668; After ; 1.388361; null
31; Driver; Noise; None; 11.11.2023 15:24:06; 797.0255; -0.01546885; 172.9223; After ; 1.405076; null
31; Driver; Noise; None; 11.11.2023 15:24:06; 797.0211; -0.01549002; 172.7487; After ; 1.438174; null
31; Driver; Noise; None; 11.11.2023 15:24:06; 797.0084; -0.01554505; 172.2223; After ; 1.456426; null
31; Driver; Noise; None; 11.11.2023 15:24:06; 797.0002; -0.01558029; 171.8667; After ; 1.472639; null
31; Driver; Noise; None; 11.11.2023 15:24:06; 796.9963; -0.01560517; 171.6875; After ; 1.488669; null
31; Driver; Noise; None; 11.11.2023 15:24:06; 796.9885; -0.0154826; 171.3262; After ; 1.507391; null
31; Driver; Noise; None; 11.11.2023 15:24:06; 796.9809; -0.0153128; 170.9612; After ; 1.525425; null
31; Driver; Noise; None; 11.11.2023 15:24:06; 796.9736; -0.0152978; 170.5924; After ; 1.547952; null
31; Driver; Noise; None; 11.11.2023 15:24:06; 796.9702; -0.0153244; 170.4066; After ; 1.581338; null
31; Driver; Noise; None; 11.11.2023 15:24:06; 796.9633; -0.01540455; 170.0321; After ; 1.581338; null
31; Driver; Noise; None; 11.11.2023 15:24:06; 796.9569; -0.0156041; 169.6538; After ; 1.614291; null
31; Driver; Noise; None; 11.11.2023 15:24:06; 796.9507; -0.01583445; 169.2718; After ; 1.631007; null
31; Driver; Noise; None; 11.11.2023 15:24:06; 796.9448; -0.01588492; 168.8864; After ; 1.64654; null
31; Driver; Noise; None; 11.11.2023 15:24:06; 796.9421; -0.01591689; 168.6924; After ; 1.680852; null
31; Driver; Noise; None; 11.11.2023 15:24:06; 796.9367; -0.01596495; 168.3022; After ; 1.680852; null
31; Driver; Noise; None; 11.11.2023 15:24:06; 796.9318; -0.01609694; 167.9087; After ; 1.714075; null
31; Driver; Noise; None; 11.11.2023 15:24:06; 796.9272; -0.01606544; 167.5119; After ; 1.732604; null
31; Driver; Noise; None; 11.11.2023 15:24:06; 796.923; -0.01610276; 167.1119; After ; 1.74828; null
31; Driver; Noise; None; 11.11.2023 15:24:06; 796.9211; -0.01612738; 166.9107; After ; 1.781535; null
31; Driver; Noise; None; 11.11.2023 15:24:06; 796.9174; -0.01615951; 166.5059; After ; 1.781535; null
31; Driver; Noise; None; 11.11.2023 15:24:06; 796.9158; -0.01618192; 166.3023; After ; 1.81645; null
31; Driver; Noise; None; 11.11.2023 15:24:06; 796.9114; -0.01623108; 165.6865; After ; 1.833455; null
31; Driver; Noise; None; 11.11.2023 15:24:06; 796.909; -0.01625695; 165.2719; After ; 1.850565; null
31; Driver; Noise; None; 11.11.2023 15:24:06; 796.908; -0.01627716; 165.0634; After ; 1.883767; null
31; Driver; Noise; None; 11.11.2023 15:24:06; 796.9062; -0.01630216; 164.6439; After ; 1.883767; null
31; Driver; Noise; None; 11.11.2023 15:24:06; 796.9048; -0.01618665; 164.2212; After ; 1.900866; null
31; Driver; Noise; None; 11.11.2023 15:24:06; 796.9044; -0.01615915; 164.0086; After ; 1.938329; null
31; Driver; Noise; None; 11.11.2023 15:24:06; 796.9034; -0.01614287; 163.366; After ; 1.956659; null
31; Driver; Noise; None; 11.11.2023 15:24:06; 796.9034; -0.01598917; 162.9335; After ; 1.973124; null
31; Driver; Noise; None; 11.11.2023 15:24:06; 796.9035; -0.01607364; 162.716; After ; 1.992012; null
31; Driver; Noise; None; 11.11.2023 15:24:06; 796.904; -0.0160396; 162.2786; After ; 2.010308; null
31; Driver; Noise; None; 11.11.2023 15:24:06; 796.9049; -0.01594118; 161.8378; After ; 2.030104; null
31; Driver; Noise; None; 11.11.2023 15:24:06; 796.9062; -0.01601001; 161.3938; After ; 2.048967; null
31; Driver; Noise; None; 11.11.2023 15:24:06; 796.907; -0.01607557; 161.1706; After ; 2.082893; null
31; Driver; Noise; None; 11.11.2023 15:24:06; 796.9089; -0.01621835; 160.7216; After ; 2.082893; null
31; Driver; Noise; None; 11.11.2023 15:24:06; 796.91; -0.01630524; 160.4958; After ; 2.117097; null
31; Driver; Noise; None; 11.11.2023 15:24:06; 796.9139; -0.01654657; 159.8136; After ; 2.13478; null
31; Driver; Noise; None; 11.11.2023 15:24:06; 796.9169; -0.0166808; 159.3545; After ; 2.151863; null
31; Driver; Noise; None; 11.11.2023 15:24:06; 796.9202; -0.01663445; 158.8922; After ; 2.167796; null
31; Driver; Noise; None; 11.11.2023 15:24:06; 796.9221; -0.01663335; 158.6598; After ; 2.185521; null
31; Driver; Noise; None; 11.11.2023 15:24:06; 796.926; -0.01643103; 158.1925; After ; 2.205326; null
31; Driver; Noise; None; 11.11.2023 15:24:06; 796.9302; -0.01619417; 157.7219; After ; 2.228072; null
31; Driver; Noise; None; 11.11.2023 15:24:06; 796.9349; -0.01596589; 157.248; After ; 2.247738; null
31; Driver; Noise; None; 11.11.2023 15:24:06; 796.9398; -0.01598796; 156.7707; After ; 2.269999; null
31; Driver; Noise; None; 11.11.2023 15:24:06; 796.9424; -0.01605464; 156.5309; After ; 2.288685; null
31; Driver; Noise; None; 11.11.2023 15:24:06; 796.9479; -0.01601989; 156.0486; After ; 2.307462; null
31; Driver; Noise; None; 11.11.2023 15:24:06; 796.9538; -0.01596892; 155.563; After ; 2.326736; null
31; Driver; Noise; None; 11.11.2023 15:24:06; 796.96; -0.01613367; 155.074; After ; 2.347222; null
31; Driver; Noise; None; 11.11.2023 15:24:06; 796.9632; -0.01625549; 154.8282; After ; 2.383095; null
31; Driver; Noise; None; 11.11.2023 15:24:07; 796.9698; -0.01651147; 154.334; After ; 2.383095; null
31; Driver; Noise; None; 11.11.2023 15:24:07; 796.9769; -0.01660773; 153.8365; After ; 2.400715; null
31; Driver; Noise; None; 11.11.2023 15:24:07; 796.9841; -0.01635882; 153.3356; After ; 2.421631; null
31; Driver; Noise; None; 11.11.2023 15:24:07; 796.9917; -0.01613171; 152.8313; After ; 2.447204; null
31; Driver; Noise; None; 11.11.2023 15:24:07; 796.9956; -0.01595795; 152.5779; After ; 2.471979; null
31; Driver; Noise; None; 11.11.2023 15:24:07; 797.0036; -0.01580706; 152.0687; After ; 2.471979; null
31; Driver; Noise; None; 11.11.2023 15:24:07; 797.0118; -0.01571784; 151.556; After ; 2.493611; null
