user_id; scenario; distraction; ehmi; timestamp; userPositionX; userPositionY; userPositionZ; playerPositon; time; focused object
29; Driver; Noise; None; 31.10.2023 14:04:54; 850; 0.0960815; 203; HI; null
29; Driver; Noise; None; 31.10.2023 14:04:54; 850; 0.09269609; 203; Before; 0.02; null
29; Driver; Noise; None; 31.10.2023 14:04:55; 850; 0.07529796; 203; Before; 0.02; null
29; Driver; Noise; None; 31.10.2023 14:04:55; 850; 0.05768705; 203; Before; 0.02; null
29; Driver; Noise; None; 31.10.2023 14:04:55; 850; 0.03527888; 203; Before; 0.02; null
29; Driver; Noise; None; 31.10.2023 14:04:55; 850; 0.02227915; 203; Before; 0.02; null
29; Driver; Noise; None; 31.10.2023 14:04:55; 850; -0.005056463; 203; Before; 0.02; null
29; Driver; Noise; None; 31.10.2023 14:04:55; 850; -0.02595098; 203; Before; 0.02; null
29; Driver; Noise; None; 31.10.2023 14:04:55; 850; -0.03948666; 203; Before; 0.02; null
29; Driver; Noise; None; 31.10.2023 14:04:55; 850; -0.04622336; 203; Before; 0.02; null
29; Driver; Noise; None; 31.10.2023 14:04:55; 850; -0.04738848; 203; Before; 0.02; null
29; Driver; Noise; None; 31.10.2023 14:04:55; 850; -0.04619898; 203; Before; 0.02; null
29; Driver; Noise; None; 31.10.2023 14:04:55; 850; -0.04158631; 203; Before; 0.02; null
29; Driver; Noise; None; 31.10.2023 14:04:55; 850; -0.03501777; 203; Before; 0.02; null
29; Driver; Noise; None; 31.10.2023 14:04:55; 850; -0.02776622; 203; Before; 0.02; null
29; Driver; Noise; None; 31.10.2023 14:04:55; 850; -0.02420648; 203; Before; 0.02; null
29; Driver; Noise; None; 31.10.2023 14:04:55; 850; -0.017693; 203; Before; 0.02; null
29; Driver; Noise; None; 31.10.2023 14:04:55; 850; -0.01239446; 203; Before; 0.02; null
29; Driver; Noise; None; 31.10.2023 14:04:55; 850; -0.008560622; 203; Before; 0.04; null
29; Driver; Noise; None; 31.10.2023 14:04:55; 850; -0.006200071; 203; Before; 0.04; null
29; Driver; Noise; None; 31.10.2023 14:04:55; 850; -0.005529827; 203; Before; 0.04; null
29; Driver; Noise; None; 31.10.2023 14:04:55; 850; -0.005060979; 203; Before; 0.04; null
29; Driver; Noise; None; 31.10.2023 14:04:55; 850; -0.005511247; 203; Before; 0.04; null
29; Driver; Noise; None; 31.10.2023 14:04:55; 850; -0.006574921; 203; Before; 0.3733333; Checking Box Human Car
29; Driver; Noise; None; 31.10.2023 14:04:55; 850; -0.00724486; 203; Before; 0.4732898; Checking Box Human Car
29; Driver; Noise; None; 31.10.2023 14:04:55; 850; -0.008701595; 203; Before; 0.4732898; Checking Box Human Car
29; Driver; Noise; None; 31.10.2023 14:04:55; 850; -0.01014032; 203; Before; 0.5080854; Checking Box Human Car
29; Driver; Noise; None; 31.10.2023 14:04:55; 850; -0.01080282; 203; Before; 0.5464928; Checking Box Human Car
29; Driver; Noise; None; 31.10.2023 14:04:55; 850; -0.01241353; 203; Before; 0.5631406; Checking Box Human Car
29; Driver; Noise; None; 31.10.2023 14:04:55; 850; -0.01280427; 203; Before; 0.5935552; Checking Box Human Car
29; Driver; Noise; None; 31.10.2023 14:04:55; 850; -0.01335956; 203; Before; 0.5935552; Checking Box Human Car
29; Driver; Noise; None; 31.10.2023 14:04:55; 850; -0.01363598; 203; Before; 0.6225934; Checking Box Human Car
29; Driver; Noise; None; 31.10.2023 14:04:55; 850; -0.01368052; 203; Before; 0.6225934; Checking Box Human Car
29; Driver; Noise; None; 31.10.2023 14:04:55; 850; -0.01355289; 203; Before; 0.6225934; Checking Box Human Car
29; Driver; Noise; None; 31.10.2023 14:04:55; 850; -0.01331514; 203; Before; 0.6225934; Checking Box Human Car
29; Driver; Noise; None; 31.10.2023 14:04:55; 850; -0.01317306; 203; Before; 0.6225934; Checking Box Human Car
29; Driver; Noise; None; 31.10.2023 14:04:55; 850; -0.01287354; 203; Before; 0.6225934; Checking Box Human Car
29; Driver; Noise; None; 31.10.2023 14:04:55; 850; -0.01258622; 203; Before; 0.6225934; Checking Box Human Car
29; Driver; Noise; None; 31.10.2023 14:04:55; 850; -0.01233915; 203; Before; 0.6225934; Checking Box Human Car
29; Driver; Noise; None; 31.10.2023 14:04:55; 850; -0.01214813; 203; Before; 0.6225934; Checking Box Human Car
29; Driver; Noise; None; 31.10.2023 14:04:55; 850; -0.01207562; 203; Before; 0.6225934; Checking Box Human Car
29; Driver; Noise; None; 31.10.2023 14:04:55; 850; -0.01197584; 203; Before; 0.6225934; Checking Box Human Car
29; Driver; Noise; None; 31.10.2023 14:04:55; 850; -0.01193075; 203; Before; 0.6225934; Checking Box Human Car
29; Driver; Noise; None; 31.10.2023 14:04:55; 850; -0.01193005; 203; Before; 0.6377199; Checking Box Human Car
29; Driver; Noise; None; 31.10.2023 14:04:55; 850; -0.01196143; 203; Before; 0.6377199; Checking Box Human Car
29; Driver; Noise; None; 31.10.2023 14:04:55; 850; -0.01198525; 203; Before; 0.873736; Checking Box Human Car
29; Driver; Noise; None; 31.10.2023 14:04:55; 850; -0.01204199; 203; Before; 0.9114662; Checking Box Human Car
29; Driver; Noise; None; 31.10.2023 14:04:55; 850; -0.01210265; 203; Before; 0.9328728; Checking Box Human Car
29; Driver; Noise; None; 31.10.2023 14:04:56; 850; -0.01215958; 203; Before; 0.9648932; Checking Box Human Car
29; Driver; Noise; None; 31.10.2023 14:04:56; 850; -0.01220758; 203; Before; 0.9799857; Checking Box Human Car
29; Driver; Noise; None; 31.10.2023 14:04:56; 850; -0.01222729; 203; Before; 0.9936094; Checking Box Human Car
29; Driver; Noise; None; 31.10.2023 14:04:56; 850; -0.01225742; 203; Before; 1.00958; Checking Box Human Car
29; Driver; Noise; None; 31.10.2023 14:04:56; 850; -0.0122754; 203; Before; 1.02627; Checking Box Human Car
29; Driver; Noise; None; 31.10.2023 14:04:56; 850; -0.01228265; 203; Before; 1.052147; Checking Box Human Car
29; Driver; Noise; None; 31.10.2023 14:04:56; 850; -0.01228293; 203; Before; 1.091308; Checking Box Human Car
29; Driver; Noise; None; 31.10.2023 14:04:56; 850; -0.01227828; 203; Before; 1.091308; Checking Box Human Car
29; Driver; Noise; None; 31.10.2023 14:04:56; 850; -0.01226891; 203; Before; 1.120543; Checking Box Human Car
29; Driver; Noise; None; 31.10.2023 14:04:56; 850; -0.0122571; 203; Before; 1.135437; Checking Box Human Car
29; Driver; Noise; None; 31.10.2023 14:04:56; 850; -0.01225094; 203; Before; 1.166342; Checking Box Human Car
29; Driver; Noise; None; 31.10.2023 14:04:56; 850; -0.01223901; 203; Before; 1.194961; Checking Box Human Car
29; Driver; Noise; None; 31.10.2023 14:04:56; 850; -0.01222863; 203; Before; 1.194961; Checking Box Human Car
29; Driver; Noise; None; 31.10.2023 14:04:56; 850; -0.01222046; 203; Before; 1.221968; Checking Box Human Car
29; Driver; Noise; None; 31.10.2023 14:04:56; 850; -0.01221731; 203; Before; 1.250223; Checking Box Human Car
29; Driver; Noise; None; 31.10.2023 14:04:56; 850; -0.01221151; 203; Before; 1.264338; Checking Box Human Car
29; Driver; Noise; None; 31.10.2023 14:04:56; 850; -0.01221068; 203; Before; 1.29202; Checking Box Human Car
29; Driver; Noise; None; 31.10.2023 14:04:56; 850; -0.01221038; 203; Before; 1.29202; Checking Box Human Car
29; Driver; Noise; None; 31.10.2023 14:04:56; 850; -0.01221147; 203; Before; 1.321763; Checking Box Human Car
29; Driver; Noise; None; 31.10.2023 14:04:56; 850; -0.01221343; 203; Before; 1.336123; Checking Box Human Car
29; Driver; Noise; None; 31.10.2023 14:04:56; 850; -0.0122146; 203; Before; 1.370977; Checking Box Human Car
29; Driver; Noise; None; 31.10.2023 14:04:56; 850; -0.01221826; 203; Before; 1.384784; Checking Box Human Car
29; Driver; Noise; None; 31.10.2023 14:04:56; 850; -0.01221942; 203; Before; 1.399056; Checking Box Human Car
29; Driver; Noise; None; 31.10.2023 14:04:56; 850; -0.01222144; 203; Before; 1.415401; Checking Box Human Car
29; Driver; Noise; None; 31.10.2023 14:04:56; 850; -0.01222302; 203; Before; 1.443674; Checking Box Human Car
29; Driver; Noise; None; 31.10.2023 14:04:56; 850; -0.01222409; 203; Before; 1.458531; Checking Box Human Car
29; Driver; Noise; None; 31.10.2023 14:04:56; 850; -0.01222445; 203; Before; 1.487021; Checking Box Human Car
29; Driver; Noise; None; 31.10.2023 14:04:56; 850; -0.01222484; 203; Before; 1.502106; Checking Box Human Car
29; Driver; Noise; None; 31.10.2023 14:04:56; 850; -0.01222486; 203; Before; 1.516466; Checking Box Human Car
29; Driver; Noise; None; 31.10.2023 14:04:56; 850; -0.0122246; 203; Before; 1.544663; Checking Box Human Car
29; Driver; Noise; None; 31.10.2023 14:04:56; 850; -0.01222418; 203; Before; 1.55941; Checking Box Human Car
29; Driver; Noise; None; 31.10.2023 14:04:56; 850; -0.01222394; 203; Before; 1.586951; Checking Box Human Car
29; Driver; Noise; None; 31.10.2023 14:04:56; 850; -0.01222344; 203; Before; 1.60173; Checking Box Human Car
29; Driver; Noise; None; 31.10.2023 14:04:56; 850; -0.01222297; 203; Before; 1.615899; Checking Box Human Car
29; Driver; Noise; None; 31.10.2023 14:04:56; 850; -0.01222257; 203; Before; 1.644613; Checking Box Human Car
29; Driver; Noise; None; 31.10.2023 14:04:56; 850; -0.0122224; 203; Before; 1.672641; Checking Box Human Car
29; Driver; Noise; None; 31.10.2023 14:04:56; 850; -0.01222215; 203; Before; 1.686375; Checking Box Human Car
29; Driver; Noise; None; 31.10.2023 14:04:56; 850; -0.01222202; 203; Before; 1.701039; Checking Box Human Car
29; Driver; Noise; None; 31.10.2023 14:04:56; 850; -0.01222197; 203; Before; 1.715679; Checking Box Human Car
29; Driver; Noise; None; 31.10.2023 14:04:56; 850; -0.01222199; 203; Before; 1.74299; Checking Box Human Car
29; Driver; Noise; None; 31.10.2023 14:04:56; 850; -0.01222203; 203; Before; 1.769979; Checking Box Human Car
29; Driver; Noise; None; 31.10.2023 14:04:56; 850; -0.01222215; 203; Before; 1.784007; Checking Box Human Car
29; Driver; Noise; None; 31.10.2023 14:04:56; 850; -0.01222221; 203; Before; 1.798544; Checking Box Human Car
29; Driver; Noise; None; 31.10.2023 14:04:56; 850; -0.0122223; 203; Before; 1.812135; Checking Box Human Car
29; Driver; Noise; None; 31.10.2023 14:04:56; 850; -0.01222239; 203; Before; 1.843602; Checking Box Human Car
29; Driver; Noise; None; 31.10.2023 14:04:56; 850; -0.01222243; 203; Before; 1.871472; Checking Box Human Car
29; Driver; Noise; None; 31.10.2023 14:04:56; 850; -0.01222252; 203; Before; 1.885085; Checking Box Human Car
29; Driver; Noise; None; 31.10.2023 14:04:56; 850; -0.01222255; 203; Before; 1.899259; Checking Box Human Car
29; Driver; Noise; None; 31.10.2023 14:04:56; 850; -0.01222258; 203; Before; 1.914522; Checking Box Human Car
29; Driver; Noise; None; 31.10.2023 14:04:56; 850; -0.01222259; 203; Before; 1.944001; Checking Box Human Car
29; Driver; Noise; None; 31.10.2023 14:04:57; 850; -0.01222259; 203; Before; 1.960017; Checking Box Human Car
29; Driver; Noise; None; 31.10.2023 14:04:57; 850; -0.01222258; 203; Before; 1.988295; Checking Box Human Car
29; Driver; Noise; None; 31.10.2023 14:04:57; 850; -0.01222256; 203; Before; 2.003022; Checking Box Human Car
29; Driver; Noise; None; 31.10.2023 14:04:57; 850; -0.01222254; 203; Before; 2.018339; Checking Box Human Car
29; Driver; Noise; None; 31.10.2023 14:04:57; 850; -0.01222252; 203; Before; 2.048352; Checking Box Human Car
29; Driver; Noise; None; 31.10.2023 14:04:57; 850; -0.01222249; 203; Before; 2.06204; Checking Box Human Car
29; Driver; Noise; None; 31.10.2023 14:04:57; 850; -0.01222248; 203; Before; 2.091247; Checking Box Human Car
29; Driver; Noise; None; 31.10.2023 14:04:57; 850; -0.01222247; 203; Before; 2.105474; Checking Box Human Car
29; Driver; Noise; None; 31.10.2023 14:04:57; 850; -0.01222247; 203; Before; 2.119569; Checking Box Human Car
29; Driver; Noise; None; 31.10.2023 14:04:57; 850; -0.01222247; 203; Before; 2.147413; Checking Box Human Car
29; Driver; Noise; None; 31.10.2023 14:04:57; 850; -0.01222247; 203; Before; 2.161312; Checking Box Human Car
29; Driver; Noise; None; 31.10.2023 14:04:57; 850; -0.01222247; 203; Before; 2.187964; Checking Box Human Car
29; Driver; Noise; None; 31.10.2023 14:04:57; 850; -0.01222247; 203; Before; 2.187964; Checking Box Human Car
29; Driver; Noise; None; 31.10.2023 14:04:57; 850; -0.01222247; 203; Before; 2.220238; Checking Box Human Car
29; Driver; Noise; None; 31.10.2023 14:04:57; 850; -0.01222248; 203; Before; 2.247598; Checking Box Human Car
29; Driver; Noise; None; 31.10.2023 14:04:57; 850; -0.01222248; 203; Before; 2.261909; Checking Box Human Car
29; Driver; Noise; None; 31.10.2023 14:04:57; 850; -0.01222249; 203; Before; 2.27625; Checking Box Human Car
29; Driver; Noise; None; 31.10.2023 14:04:57; 850; -0.01222249; 203; Before; 2.299322; Checking Box Human Car
29; Driver; Noise; None; 31.10.2023 14:04:57; 850; -0.01222249; 203; Before; 2.316945; Checking Box Human Car
29; Driver; Noise; None; 31.10.2023 14:04:57; 850; -0.0122225; 203; Before; 2.346978; Checking Box Human Car
29; Driver; Noise; None; 31.10.2023 14:04:57; 850; -0.0122225; 203; Before; 2.362905; Checking Box Human Car
29; Driver; Noise; None; 31.10.2023 14:04:57; 850; -0.01222251; 203; Before; 2.37809; Checking Box Human Car
29; Driver; Noise; None; 31.10.2023 14:04:57; 850; -0.01222251; 203; Before; 2.393748; Checking Box Human Car
29; Driver; Noise; None; 31.10.2023 14:04:57; 850; -0.0122225; 203; Before; 2.424509; Checking Box Human Car
29; Driver; Noise; None; 31.10.2023 14:04:57; 850; -0.01222249; 203; Before; 2.437905; Checking Box Human Car
29; Driver; Noise; None; 31.10.2023 14:04:57; 850; -0.01222248; 203; Before; 2.456291; Checking Box Human Car
29; Driver; Noise; None; 31.10.2023 14:04:57; 850; -0.01222248; 203; Before; 2.489442; Checking Box Human Car
29; Driver; Noise; None; 31.10.2023 14:04:57; 850; -0.01222247; 203; Before; 2.503693; Checking Box Human Car
29; Driver; Noise; None; 31.10.2023 14:04:57; 849.9998; -0.01222249; 203; Before; 2.517767; Checking Box Human Car
29; Driver; Noise; None; 31.10.2023 14:04:57; 849.9999; -0.01222256; 203; Before; 2.546422; Checking Box Human Car
29; Driver; Noise; None; 31.10.2023 14:04:57; 849.9998; -0.01222311; 203; Before; 2.562386; Checking Box Human Car
29; Driver; Noise; None; 31.10.2023 14:04:57; 849.9995; -0.0122233; 203; Before; 2.577105; Checking Box Human Car
29; Driver; Noise; None; 31.10.2023 14:04:57; 849.9992; -0.01222331; 203; Before; 2.591945; Checking Box Human Car
29; Driver; Noise; None; 31.10.2023 14:04:57; 849.9986; -0.01222336; 203; Before; 2.610771; Checking Box AICar
29; Driver; Noise; None; 31.10.2023 14:04:57; 849.9978; -0.01222334; 203; Before; 2.629855; Checking Box AICar
29; Driver; Noise; None; 31.10.2023 14:04:57; 849.9967; -0.01222381; 203; Before; 2.664884; Checking Box AICar
29; Driver; Noise; None; 31.10.2023 14:04:57; 849.996; -0.01222445; 203; Before; 2.692621; Checking Box AICar
29; Driver; Noise; None; 31.10.2023 14:04:57; 849.9946; -0.0122257; 203; Before; 2.692621; Checking Box AICar
29; Driver; Noise; None; 31.10.2023 14:04:57; 849.9932; -0.01222752; 203; Before; 2.721422; Checking Box AICar
29; Driver; Noise; None; 31.10.2023 14:04:57; 849.9915; -0.01222952; 203; Before; 2.736736; Checking Box AICar
29; Driver; Noise; None; 31.10.2023 14:04:57; 849.9894; -0.01223105; 203; Before; 2.750794; Checking Box AICar
29; Driver; Noise; None; 31.10.2023 14:04:57; 849.9873; -0.01223237; 203; Before; 2.775517; Checking Box AICar
29; Driver; Noise; None; 31.10.2023 14:04:57; 849.9862; -0.01223333; 203; Before; 2.793125; Checking Box AICar
29; Driver; Noise; None; 31.10.2023 14:04:57; 849.9839; -0.01223533; 203; Before; 2.812914; Checking Box AICar
29; Driver; Noise; None; 31.10.2023 14:04:57; 849.9813; -0.01223695; 203; Before; 2.830242; Checking Box AICar
29; Driver; Noise; None; 31.10.2023 14:04:57; 849.9799; -0.01223815; 203; Before; 2.867697; Checking Box AICar
29; Driver; Noise; None; 31.10.2023 14:04:57; 849.9768; -0.01224051; 203; Before; 2.885605; Checking Box AICar
29; Driver; Noise; None; 31.10.2023 14:04:57; 849.9735; -0.01224224; 203; Before; 2.885605; Checking Box AICar
29; Driver; Noise; None; 31.10.2023 14:04:57; 849.9716; -0.01224346; 203; Before; 2.922658; Checking Box Human
29; Driver; Noise; None; 31.10.2023 14:04:58; 849.9654; -0.01224753; 203; Before; 2.940378; Checking Box Human
29; Driver; Noise; None; 31.10.2023 14:04:58; 849.9607; -0.01224891; 203; Before; 2.958539; Checking Box Human
29; Driver; Noise; None; 31.10.2023 14:04:58; 849.9556; -0.01225171; 203; Before; 2.976768; Checking Box Human
29; Driver; Noise; None; 31.10.2023 14:04:58; 849.9527; -0.01225361; 203; Before; 2.995048; Checking Box Human
29; Driver; Noise; None; 31.10.2023 14:04:58; 849.9467; -0.01225733; 203; Before; 3.012482; Checking Box Human
29; Driver; Noise; None; 31.10.2023 14:04:58; 849.9401; -0.01225985; 203; Before; 3.029902; null
29; Driver; Noise; None; 31.10.2023 14:04:58; 849.933; -0.01226166; 203; Before; 3.046681; null
29; Driver; Noise; None; 31.10.2023 14:04:58; 849.9253; -0.0122632; 203; Before; 3.065033; null
29; Driver; Noise; None; 31.10.2023 14:04:58; 849.9213; -0.01226533; 203; Before; 3.090635; null
29; Driver; Noise; None; 31.10.2023 14:04:58; 849.9129; -0.01227026; 203; Before; 3.108919; null
29; Driver; Noise; None; 31.10.2023 14:04:58; 849.9084; -0.01227383; 203; Before; 3.144303; null
29; Driver; Noise; None; 31.10.2023 14:04:58; 849.8942; -0.01228553; 203; Before; 3.161976; null
29; Driver; Noise; None; 31.10.2023 14:04:58; 849.884; -0.01229379; 203; Before; 3.17916; null
29; Driver; Noise; None; 31.10.2023 14:04:58; 849.8788; -0.01229863; 203; Before; 3.196306; null
29; Driver; Noise; None; 31.10.2023 14:04:58; 849.8677; -0.01230313; 203; Before; 3.213054; null
29; Driver; Noise; None; 31.10.2023 14:04:58; 849.856; -0.01231013; 203; Before; 3.233222; null
29; Driver; Noise; None; 31.10.2023 14:04:58; 849.8438; -0.01231414; 203.0001; Before; 3.250924; null
29; Driver; Noise; None; 31.10.2023 14:04:58; 849.8374; -0.01231747; 203.0001; Before; 3.288375; null
29; Driver; Noise; None; 31.10.2023 14:04:58; 849.8243; -0.01232364; 203.0001; Before; 3.288375; null
29; Driver; Noise; None; 31.10.2023 14:04:58; 849.8106; -0.01233442; 203.0002; Before; 3.321753; null
29; Driver; Noise; None; 31.10.2023 14:04:58; 849.7963; -0.01234508; 203.0002; Before; 3.33629; null
29; Driver; Noise; None; 31.10.2023 14:04:58; 849.7889; -0.01235073; 203.0002; Before; 3.365464; null
29; Driver; Noise; None; 31.10.2023 14:04:58; 849.7659; -0.01236969; 203.0002; Before; 3.380119; null
29; Driver; Noise; None; 31.10.2023 14:04:58; 849.7579; -0.01237511; 203.0003; Before; 3.394829; null
29; Driver; Noise; None; 31.10.2023 14:04:58; 849.7415; -0.01238229; 203.0003; Before; 3.412476; null
29; Driver; Noise; None; 31.10.2023 14:04:58; 849.7331; -0.01238604; 203.0003; Before; 3.443844; Checking Box Human
29; Driver; Noise; None; 31.10.2023 14:04:58; 849.7069; -0.01239296; 203.0004; Before; 3.462838; Checking Box Human
29; Driver; Noise; None; 31.10.2023 14:04:58; 849.6979; -0.01239828; 203.0004; Before; 3.492467; Checking Box Human
29; Driver; Noise; None; 31.10.2023 14:04:58; 849.6793; -0.01240494; 203.0004; Before; 3.492467; Checking Box Human
29; Driver; Noise; None; 31.10.2023 14:04:58; 849.6601; -0.01240419; 203.0004; Before; 3.506896; Checking Box Human
29; Driver; Noise; None; 31.10.2023 14:04:58; 849.6403; -0.01239875; 203.0005; Before; 3.52921; Checking Box Human
29; Driver; Noise; None; 31.10.2023 14:04:58; 849.6197; -0.01239104; 203.0005; Before; 3.549058; Checking Box Human
29; Driver; Noise; None; 31.10.2023 14:04:58; 849.5984; -0.0123831; 203.0005; Before; 3.566753; Checking Box Human
29; Driver; Noise; None; 31.10.2023 14:04:58; 849.5875; -0.01238325; 203.0005; Before; 3.593833; null
29; Driver; Noise; None; 31.10.2023 14:04:58; 849.5763; -0.01238861; 203.0005; Before; 3.627287; Checking Box AICar
29; Driver; Noise; None; 31.10.2023 14:04:58; 849.5416; -0.01240681; 203.0006; Before; 3.641129; Checking Box Human Car
29; Driver; Noise; None; 31.10.2023 14:04:58; 849.5297; -0.01241846; 203.0006; Before; 3.669795; Checking Box Human Car
29; Driver; Noise; None; 31.10.2023 14:04:58; 849.4925; -0.01244746; 203.0007; Before; 3.684295; Checking Box Human Car
29; Driver; Noise; None; 31.10.2023 14:04:58; 849.4797; -0.01246073; 203.0007; Before; 3.699505; Checking Box Human Car
29; Driver; Noise; None; 31.10.2023 14:04:58; 849.4534; -0.01247994; 203.0007; Before; 3.713513; Checking Box Human Car
29; Driver; Noise; None; 31.10.2023 14:04:58; 849.4399; -0.01248895; 203.0007; Before; 3.749463; Checking Box Human Car
29; Driver; Noise; None; 31.10.2023 14:04:58; 849.398; -0.01250585; 203.0008; Before; 3.764182; Checking Box Human Car
29; Driver; Noise; None; 31.10.2023 14:04:58; 849.3836; -0.01251518; 203.0008; Before; 3.793876; Checking Box Human Car
29; Driver; Noise; None; 31.10.2023 14:04:58; 849.3541; -0.01252615; 203.0009; Before; 3.793876; Checking Box Human Car
29; Driver; Noise; None; 31.10.2023 14:04:58; 849.3236; -0.01254066; 203.001; Before; 3.822565; Checking Box Human
29; Driver; Noise; None; 31.10.2023 14:04:58; 849.2922; -0.01255077; 203.001; Before; 3.837839; Checking Box Human
29; Driver; Noise; None; 31.10.2023 14:04:58; 849.2762; -0.01255563; 203.0011; Before; 3.867462; Checking Box Human
29; Driver; Noise; None; 31.10.2023 14:04:58; 849.2433; -0.01255896; 203.0011; Before; 3.883097; Checking Box Human
29; Driver; Noise; None; 31.10.2023 14:04:58; 849.2095; -0.01255045; 203.0012; Before; 3.883097; Checking Box Human
29; Driver; Noise; None; 31.10.2023 14:04:58; 849.1747; -0.01255433; 203.0012; Before; 3.921272; Checking Box Human
29; Driver; Noise; None; 31.10.2023 14:04:58; 849.139; -0.01256053; 203.0013; Before; 3.936524; Checking Box Human
29; Driver; Noise; None; 31.10.2023 14:04:59; 849.1207; -0.01256566; 203.0013; Before; 3.965464; Checking Box Human
29; Driver; Noise; None; 31.10.2023 14:04:59; 849.0645; -0.01259165; 203.0015; Before; 3.981532; Checking Box Human
29; Driver; Noise; None; 31.10.2023 14:04:59; 849.0452; -0.0125999; 203.0015; Before; 3.996845; Checking Box Human
29; Driver; Noise; None; 31.10.2023 14:04:59; 849.0059; -0.01260983; 203.0016; Before; 4.011035; Checking Box Human
29; Driver; Noise; None; 31.10.2023 14:04:59; 848.9655; -0.01262823; 203.0017; Before; 4.042464; Checking Box Human
29; Driver; Noise; None; 31.10.2023 14:04:59; 848.9241; -0.01264343; 203.0018; Before; 4.057906; Checking Box Human
29; Driver; Noise; None; 31.10.2023 14:04:59; 848.903; -0.01265135; 203.0019; Before; 4.087069; Checking Box Human
29; Driver; Noise; None; 31.10.2023 14:04:59; 848.8599; -0.01268302; 203.002; Before; 4.102441; Checking Box Human
29; Driver; Noise; None; 31.10.2023 14:04:59; 848.8158; -0.01270491; 203.0021; Before; 4.117428; Checking Box Human
29; Driver; Noise; None; 31.10.2023 14:04:59; 848.7933; -0.01271414; 203.0022; Before; 4.14689; Checking Box Human
29; Driver; Noise; None; 31.10.2023 14:04:59; 848.7242; -0.01272432; 203.0024; Before; 4.162275; Checking Box Human
29; Driver; Noise; None; 31.10.2023 14:04:59; 848.7007; -0.01273389; 203.0025; Before; 4.191125; Checking Box Human
29; Driver; Noise; None; 31.10.2023 14:04:59; 848.6526; -0.01276781; 203.0027; Before; 4.205231; Checking Box Human
29; Driver; Noise; None; 31.10.2023 14:04:59; 848.6035; -0.01276949; 203.0028; Before; 4.219575; Checking Box Human
29; Driver; Noise; None; 31.10.2023 14:04:59; 848.5784; -0.01278135; 203.0029; Before; 4.248369; Checking Box Human
29; Driver; Noise; None; 31.10.2023 14:04:59; 848.5013; -0.0127944; 203.0032; Before; 4.262949; Checking Box Human
29; Driver; Noise; None; 31.10.2023 14:04:59; 848.4749; -0.01280483; 203.0033; Before; 4.291819; Checking Box Human
29; Driver; Noise; None; 31.10.2023 14:04:59; 848.4212; -0.01281168; 203.0035; Before; 4.291819; Checking Box Human
29; Driver; Noise; None; 31.10.2023 14:04:59; 848.3661; -0.01282551; 203.0037; Before; 4.320651; Checking Box Human
29; Driver; Noise; None; 31.10.2023 14:04:59; 848.3381; -0.01284218; 203.0038; Before; 4.348799; Checking Box Human
29; Driver; Noise; None; 31.10.2023 14:04:59; 848.2811; -0.01285803; 203.0041; Before; 4.363882; Checking Box Human
29; Driver; Noise; None; 31.10.2023 14:04:59; 848.2226; -0.01284564; 203.0043; Before; 4.385177; Checking Box Human
29; Driver; Noise; None; 31.10.2023 14:04:59; 848.1628; -0.01284843; 203.0045; Before; 4.400044; Checking Box Human
29; Driver; Noise; None; 31.10.2023 14:04:59; 848.1016; -0.01285098; 203.0048; Before; 4.41545; Checking Box Human
29; Driver; Noise; None; 31.10.2023 14:04:59; 848.039; -0.01286791; 203.0051; Before; 4.443954; Checking Box Human
29; Driver; Noise; None; 31.10.2023 14:04:59; 847.975; -0.01288189; 203.0054; Before; 4.458779; Checking Box Human
29; Driver; Noise; None; 31.10.2023 14:04:59; 847.9426; -0.01289016; 203.0055; Before; 4.487289; Checking Box Human
29; Driver; Noise; None; 31.10.2023 14:04:59; 847.8766; -0.0129327; 203.0058; Before; 4.502442; Checking Box Human
29; Driver; Noise; None; 31.10.2023 14:04:59; 847.8092; -0.01293688; 203.0061; Before; 4.517178; Checking Box Human
29; Driver; Noise; None; 31.10.2023 14:04:59; 847.775; -0.01295566; 203.0063; Before; 4.546367; Checking Box Human
29; Driver; Noise; None; 31.10.2023 14:04:59; 847.6704; -0.01301101; 203.0068; Before; 4.560785; Checking Box Human
29; Driver; Noise; None; 31.10.2023 14:04:59; 847.6349; -0.0130229; 203.007; Before; 4.588482; Checking Box Human
29; Driver; Noise; None; 31.10.2023 14:04:59; 847.5627; -0.01306826; 203.0073; Before; 4.604297; Checking Box Human
29; Driver; Noise; None; 31.10.2023 14:04:59; 847.4893; -0.01306479; 203.0077; Before; 4.619539; Checking Box Human Car
29; Driver; Noise; None; 31.10.2023 14:04:59; 847.452; -0.01307946; 203.0079; Before; 4.648887; Checking Box Human Car
29; Driver; Noise; None; 31.10.2023 14:04:59; 847.3765; -0.01308728; 203.0083; Before; 4.663875; Checking Box Human Car
29; Driver; Noise; None; 31.10.2023 14:04:59; 847.2997; -0.01306017; 203.0087; Before; 4.68031; Checking Box Human Car
29; Driver; Noise; None; 31.10.2023 14:04:59; 847.2215; -0.01305531; 203.0092; Before; 4.702634; Checking Box Human Car
29; Driver; Noise; None; 31.10.2023 14:04:59; 847.142; -0.0130222; 203.0096; Before; 4.717474; Checking Box Human Car
29; Driver; Noise; None; 31.10.2023 14:04:59; 847.1017; -0.01303154; 203.0099; Before; 4.74792; Checking Box Human Car
29; Driver; Noise; None; 31.10.2023 14:04:59; 846.9789; -0.01304856; 203.0106; Before; 4.762537; Checking Box Human Car
29; Driver; Noise; None; 31.10.2023 14:04:59; 846.9373; -0.01306998; 203.0108; Before; 4.79237; Checking Box Human Car
29; Driver; Noise; None; 31.10.2023 14:04:59; 846.8531; -0.01309618; 203.0113; Before; 4.79237; Checking Box Human Car
29; Driver; Noise; None; 31.10.2023 14:04:59; 846.7677; -0.01313627; 203.0119; Before; 4.822567; Checking Box Human Car
29; Driver; Noise; None; 31.10.2023 14:04:59; 846.6811; -0.01313284; 203.0124; Before; 4.838631; Checking Box Human Car
29; Driver; Noise; None; 31.10.2023 14:04:59; 846.6374; -0.01315443; 203.0127; Before; 4.869828; Checking Box Human Car
29; Driver; Noise; None; 31.10.2023 14:04:59; 846.5046; -0.01318935; 203.0136; Before; 4.884963; Checking Box Human Car
29; Driver; Noise; None; 31.10.2023 14:04:59; 846.4599; -0.01321275; 203.0139; Before; 4.899407; Checking Box Human Car
29; Driver; Noise; None; 31.10.2023 14:04:59; 846.3698; -0.01323574; 203.0145; Before; 4.914563; Checking Box Human Car
29; Driver; Noise; None; 31.10.2023 14:05:00; 846.2789; -0.01326754; 203.0151; Before; 4.944086; Checking Box Human Car
29; Driver; Noise; None; 31.10.2023 14:05:00; 846.1873; -0.01324954; 203.0157; Before; 4.95988; Checking Box Human Car
29; Driver; Noise; None; 31.10.2023 14:05:00; 846.1413; -0.01326451; 203.0161; Before; 4.991928; Checking Box Human Car
29; Driver; Noise; None; 31.10.2023 14:05:00; 846.0488; -0.0132731; 203.0168; Before; 4.991928; Checking Box Human Car
29; Driver; Noise; None; 31.10.2023 14:05:00; 845.9556; -0.01329479; 203.0175; Before; 5.023176; Checking Box Human Car
29; Driver; Noise; None; 31.10.2023 14:05:00; 845.862; -0.0133053; 203.0182; Before; 5.038286; Checking Box Human Car
29; Driver; Noise; None; 31.10.2023 14:05:00; 845.815; -0.01330997; 203.0185; Before; 5.066786; Checking Box Human Car
29; Driver; Noise; None; 31.10.2023 14:05:00; 845.6732; -0.01333491; 203.0196; Before; 5.081827; Checking Box Human Car
29; Driver; Noise; None; 31.10.2023 14:05:00; 845.6257; -0.01333796; 203.02; Before; 5.097556; Checking Box Human Car
29; Driver; Noise; None; 31.10.2023 14:05:00; 845.5302; -0.01332475; 203.0208; Before; 5.111154; Checking Box Human Car
29; Driver; Noise; None; 31.10.2023 14:05:00; 845.434; -0.01332954; 203.0216; Before; 5.143085; Checking Box Human Car
29; Driver; Noise; None; 31.10.2023 14:05:00; 845.3373; -0.01332758; 203.0224; Before; 5.159256; Checking Box Human Car
29; Driver; Noise; None; 31.10.2023 14:05:00; 845.2886; -0.01332781; 203.0228; Before; 5.187306; Checking Box Human Car
29; Driver; Noise; None; 31.10.2023 14:05:00; 845.1908; -0.01336663; 203.0237; Before; 5.202614; Checking Box Human Car
29; Driver; Noise; None; 31.10.2023 14:05:00; 845.0922; -0.01334879; 203.0246; Before; 5.217045; Checking Box Human Car
29; Driver; Noise; None; 31.10.2023 14:05:00; 845.0427; -0.01336455; 203.025; Before; 5.247455; Checking Box Human Car
29; Driver; Noise; None; 31.10.2023 14:05:00; 844.8929; -0.0133741; 203.0264; Before; 5.263089; Checking Box Human Car
29; Driver; Noise; None; 31.10.2023 14:05:00; 844.8426; -0.01339005; 203.0269; Before; 5.291889; Checking Box Human Car
29; Driver; Noise; None; 31.10.2023 14:05:00; 844.7415; -0.01339592; 203.0279; Before; 5.291889; Checking Box Human Car
29; Driver; Noise; None; 31.10.2023 14:05:00; 844.6396; -0.01341358; 203.0289; Before; 5.32091; Checking Box Human Car
29; Driver; Noise; None; 31.10.2023 14:05:00; 844.5884; -0.01343981; 203.0294; Before; 5.349708; Checking Box Human Car
29; Driver; Noise; None; 31.10.2023 14:05:00; 844.4337; -0.01346456; 203.031; Before; 5.364277; Checking Box Human Car
29; Driver; Noise; None; 31.10.2023 14:05:00; 844.3818; -0.01348176; 203.0315; Before; 5.392918; Checking Box Human Car
29; Driver; Noise; None; 31.10.2023 14:05:00; 844.2775; -0.01348458; 203.0326; Before; 5.392918; Checking Box Human Car
29; Driver; Noise; None; 31.10.2023 14:05:00; 844.225; -0.01348354; 203.0331; Before; 5.424298; Checking Box Human Car
29; Driver; Noise; None; 31.10.2023 14:05:00; 844.0667; -0.01344879; 203.0349; Before; 5.440201; Checking Box Human Car
29; Driver; Noise; None; 31.10.2023 14:05:00; 843.9601; -0.01341401; 203.036; Before; 5.456424; Checking Box Human Car
29; Driver; Noise; None; 31.10.2023 14:05:00; 843.9067; -0.01340233; 203.0366; Before; 5.488896; Checking Box Human Car
29; Driver; Noise; None; 31.10.2023 14:05:00; 843.7992; -0.01342965; 203.0378; Before; 5.504224; Checking Box Human Car
29; Driver; Noise; None; 31.10.2023 14:05:00; 843.691; -0.01340475; 203.0391; Before; 5.519093; null
29; Driver; Noise; None; 31.10.2023 14:05:00; 843.5822; -0.01339352; 203.0403; Before; 5.532627; null
29; Driver; Noise; None; 31.10.2023 14:05:00; 843.5275; -0.01339335; 203.041; Before; 5.565166; null
29; Driver; Noise; None; 31.10.2023 14:05:00; 843.3624; -0.01342477; 203.043; Before; 5.580596; null
29; Driver; Noise; None; 31.10.2023 14:05:00; 843.3071; -0.01343395; 203.0436; Before; 5.59562; Checking Box Human
29; Driver; Noise; None; 31.10.2023 14:05:00; 843.196; -0.0133915; 203.045; Before; 5.61018; Checking Box Human
29; Driver; Noise; None; 31.10.2023 14:05:00; 843.1403; -0.01331008; 203.0457; Before; 5.646996; Checking Box Human
29; Driver; Noise; None; 31.10.2023 14:05:00; 842.9723; -0.01311559; 203.0478; Before; 5.663857; Checking Box Human
29; Driver; Noise; None; 31.10.2023 14:05:00; 842.9161; -0.01309373; 203.0485; Before; 5.691341; Checking Box AICar
29; Driver; Noise; None; 31.10.2023 14:05:00; 842.8033; -0.01312816; 203.05; Before; 5.705988; Checking Box AICar
29; Driver; Noise; None; 31.10.2023 14:05:00; 842.6902; -0.01312399; 203.0515; Before; 5.719984; Checking Box AICar
29; Driver; Noise; None; 31.10.2023 14:05:00; 842.6336; -0.01315681; 203.0523; Before; 5.749477; Checking Box AICar
29; Driver; Noise; None; 31.10.2023 14:05:00; 842.5201; -0.01320734; 203.0538; Before; 5.764163; Checking Box AICar
29; Driver; Noise; None; 31.10.2023 14:05:00; 842.4066; -0.01320374; 203.0553; Before; 5.78641; Checking Box AICar
29; Driver; Noise; None; 31.10.2023 14:05:00; 842.293; -0.0132256; 203.0569; Before; 5.801478; Checking Box AICar
29; Driver; Noise; None; 31.10.2023 14:05:00; 842.1796; -0.01325341; 203.0585; Before; 5.817098; Checking Box AICar
29; Driver; Noise; None; 31.10.2023 14:05:00; 842.0665; -0.01329183; 203.0601; Before; 5.845061; Checking Box AICar
29; Driver; Noise; None; 31.10.2023 14:05:00; 841.9538; -0.01332333; 203.0618; Before; 5.859801; Checking Box AICar
29; Driver; Noise; None; 31.10.2023 14:05:00; 841.8975; -0.01333165; 203.0626; Before; 5.887572; Checking Box AICar
29; Driver; Noise; None; 31.10.2023 14:05:00; 841.7852; -0.0133915; 203.0642; Before; 5.902874; Checking Box AICar
29; Driver; Noise; None; 31.10.2023 14:05:00; 841.673; -0.0133747; 203.0659; Before; 5.91791; Checking Box AICar
29; Driver; Noise; None; 31.10.2023 14:05:01; 841.5612; -0.01341766; 203.0676; Before; 5.946094; Checking Box AICar
29; Driver; Noise; None; 31.10.2023 14:05:01; 841.4495; -0.01343513; 203.0692; Before; 5.959791; Checking Box AICar
29; Driver; Noise; None; 31.10.2023 14:05:01; 841.3938; -0.01343162; 203.0701; Before; 5.988929; Checking Box AICar
29; Driver; Noise; None; 31.10.2023 14:05:01; 841.2825; -0.01346166; 203.0718; Before; 6.004419; Checking Box AICar
29; Driver; Noise; None; 31.10.2023 14:05:01; 841.1715; -0.01349929; 203.0735; Before; 6.018872; Checking Box AICar
29; Driver; Noise; None; 31.10.2023 14:05:01; 841.1161; -0.01357507; 203.0744; Before; 6.046942; Checking Box AICar
29; Driver; Noise; None; 31.10.2023 14:05:01; 840.9502; -0.01374214; 203.077; Before; 6.061273; Checking Box AICar
29; Driver; Noise; None; 31.10.2023 14:05:01; 840.8951; -0.01376812; 203.0778; Before; 6.088902; Checking Box AICar
29; Driver; Noise; None; 31.10.2023 14:05:01; 840.785; -0.01382865; 203.0796; Before; 6.103895; Checking Box AICar
29; Driver; Noise; None; 31.10.2023 14:05:01; 840.6752; -0.01378795; 203.0814; Before; 6.11936; Checking Box AICar
29; Driver; Noise; None; 31.10.2023 14:05:01; 840.6204; -0.01378465; 203.0822; Before; 6.147705; Checking Box AICar
29; Driver; Noise; None; 31.10.2023 14:05:01; 840.4564; -0.01370839; 203.0849; Before; 6.162304; Checking Box AICar
29; Driver; Noise; None; 31.10.2023 14:05:01; 840.4018; -0.01369273; 203.0858; Before; 6.190028; Checking Box AICar
29; Driver; Noise; None; 31.10.2023 14:05:01; 840.2928; -0.01369391; 203.0876; Before; 6.204206; Checking Box AICar
29; Driver; Noise; None; 31.10.2023 14:05:01; 840.1841; -0.0136245; 203.0894; Before; 6.219284; Checking Box AICar
29; Driver; Noise; None; 31.10.2023 14:05:01; 840.1299; -0.01361627; 203.0903; Before; 6.249307; Checking Box AICar
29; Driver; Noise; None; 31.10.2023 14:05:01; 839.9675; -0.01355483; 203.0931; Before; 6.263684; Checking Box AICar
29; Driver; Noise; None; 31.10.2023 14:05:01; 839.9135; -0.01355088; 203.094; Before; 6.291666; Checking Box AICar
29; Driver; Noise; None; 31.10.2023 14:05:01; 839.8056; -0.01352082; 203.0959; Before; 6.291666; Checking Box AICar
29; Driver; Noise; None; 31.10.2023 14:05:01; 839.698; -0.01351092; 203.0978; Before; 6.320903; Checking Box AICar
29; Driver; Noise; None; 31.10.2023 14:05:01; 839.6443; -0.01352718; 203.0987; Before; 6.349863; Checking Box AICar
29; Driver; Noise; None; 31.10.2023 14:05:01; 839.4835; -0.01352918; 203.1015; Before; 6.363812; Checking Box AICar
29; Driver; Noise; None; 31.10.2023 14:05:01; 839.4301; -0.01354159; 203.1025; Before; 6.392566; Checking Box AICar
29; Driver; Noise; None; 31.10.2023 14:05:01; 839.3233; -0.01353665; 203.1043; Before; 6.392566; Checking Box AICar
29; Driver; Noise; None; 31.10.2023 14:05:01; 839.2168; -0.0135415; 203.1062; Before; 6.422083; Checking Box AICar
29; Driver; Noise; None; 31.10.2023 14:05:01; 839.1105; -0.01353098; 203.1081; Before; 6.436853; Checking Box AICar
29; Driver; Noise; None; 31.10.2023 14:05:01; 839.0575; -0.01352456; 203.109; Before; 6.465171; Checking Box AICar
29; Driver; Noise; None; 31.10.2023 14:05:01; 838.9516; -0.01355011; 203.1109; Before; 6.495702; Checking Box AICar
29; Driver; Noise; None; 31.10.2023 14:05:01; 838.8459; -0.0135528; 203.1127; Before; 6.495702; Checking Box AICar
29; Driver; Noise; None; 31.10.2023 14:05:01; 838.7405; -0.01355977; 203.1146; Before; 6.522633; Checking Box AICar
29; Driver; Noise; None; 31.10.2023 14:05:01; 838.6354; -0.01354739; 203.1165; Before; 6.537589; Checking Box AICar
29; Driver; Noise; None; 31.10.2023 14:05:01; 838.5829; -0.01353895; 203.1174; Before; 6.566164; Checking Box AICar
29; Driver; Noise; None; 31.10.2023 14:05:01; 838.4258; -0.01352439; 203.1202; Before; 6.581637; Checking Box AICar
29; Driver; Noise; None; 31.10.2023 14:05:01; 838.3735; -0.01351408; 203.1211; Before; 6.596162; Checking Box AICar
29; Driver; Noise; None; 31.10.2023 14:05:01; 838.3214; -0.01351746; 203.1221; Before; 6.625569; Checking Box AICar
29; Driver; Noise; None; 31.10.2023 14:05:01; 838.1652; -0.01348917; 203.1249; Before; 6.640194; Checking Box AICar
29; Driver; Noise; None; 31.10.2023 14:05:01; 838.1132; -0.0134939; 203.1259; Before; 6.668828; Checking Box AICar
29; Driver; Noise; None; 31.10.2023 14:05:01; 837.9578; -0.01351174; 203.1287; Before; 6.683594; Checking Box AICar
29; Driver; Noise; None; 31.10.2023 14:05:01; 837.9061; -0.01350951; 203.1296; Before; 6.697605; Checking Box AICar
29; Driver; Noise; None; 31.10.2023 14:05:01; 837.8029; -0.01348182; 203.1315; Before; 6.711832; Checking Box AICar
29; Driver; Noise; None; 31.10.2023 14:05:01; 837.6999; -0.01347132; 203.1334; Before; 6.742369; Checking Box AICar
29; Driver; Noise; None; 31.10.2023 14:05:01; 837.6485; -0.01348579; 203.1344; Before; 6.770695; Checking Box AICar
29; Driver; Noise; None; 31.10.2023 14:05:01; 837.5459; -0.0134854; 203.1363; Before; 6.786166; Checking Box AICar
29; Driver; Noise; None; 31.10.2023 14:05:01; 837.4435; -0.0134933; 203.1382; Before; 6.800941; Checking Box AICar
29; Driver; Noise; None; 31.10.2023 14:05:01; 837.3412; -0.01348525; 203.14; Before; 6.81676; Checking Box AICar
29; Driver; Noise; None; 31.10.2023 14:05:01; 837.2902; -0.01347972; 203.141; Before; 6.845667; Checking Box AICar
29; Driver; Noise; None; 31.10.2023 14:05:01; 837.1375; -0.01347463; 203.1439; Before; 6.86059; Checking Box AICar
29; Driver; Noise; None; 31.10.2023 14:05:01; 837.0867; -0.01346761; 203.1449; Before; 6.888805; Checking Box AICar
29; Driver; Noise; None; 31.10.2023 14:05:01; 836.9854; -0.01343454; 203.1468; Before; 6.888805; Checking Box AICar
29; Driver; Noise; None; 31.10.2023 14:05:01; 836.8842; -0.0134227; 203.1487; Before; 6.920174; Checking Box AICar
29; Driver; Noise; None; 31.10.2023 14:05:01; 836.7833; -0.01340663; 203.1506; Before; 6.935912; Checking Box AICar
29; Driver; Noise; None; 31.10.2023 14:05:02; 836.6827; -0.01340945; 203.1525; Before; 6.964485; Checking Box AICar
29; Driver; Noise; None; 31.10.2023 14:05:02; 836.5823; -0.01340485; 203.1545; Before; 6.979746; Checking Box AICar
29; Driver; Noise; None; 31.10.2023 14:05:02; 836.5322; -0.01340333; 203.1554; Before; 6.994821; Checking Box AICar
29; Driver; Noise; None; 31.10.2023 14:05:02; 836.4821; -0.01341546; 203.1564; Before; 7.024072; Checking Box AICar
29; Driver; Noise; None; 31.10.2023 14:05:02; 836.3322; -0.01341475; 203.1593; Before; 7.04005; Checking Box AICar
29; Driver; Noise; None; 31.10.2023 14:05:02; 836.2823; -0.01342717; 203.1602; Before; 7.069082; Checking Box AICar
29; Driver; Noise; None; 31.10.2023 14:05:02; 836.1331; -0.01342448; 203.1631; Before; 7.08429; Checking Box AICar
29; Driver; Noise; None; 31.10.2023 14:05:02; 836.0835; -0.01343549; 203.1641; Before; 7.0997; Checking Box AICar
29; Driver; Noise; None; 31.10.2023 14:05:02; 835.9844; -0.01343109; 203.1661; Before; 7.114314; Checking Box AICar
29; Driver; Noise; None; 31.10.2023 14:05:02; 835.935; -0.01342776; 203.167; Before; 7.145441; Checking Box AICar
29; Driver; Noise; None; 31.10.2023 14:05:02; 835.787; -0.01339081; 203.17; Before; 7.161463; Checking Box AICar
29; Driver; Noise; None; 31.10.2023 14:05:02; 835.6887; -0.01335598; 203.1719; Before; 7.176817; Checking Box AICar
29; Driver; Noise; None; 31.10.2023 14:05:02; 835.6395; -0.01334357; 203.1729; Before; 7.192039; Checking Box AICar
29; Driver; Noise; None; 31.10.2023 14:05:02; 835.5414; -0.01331; 203.1749; Before; 7.209446; Checking Box AICar
29; Driver; Noise; None; 31.10.2023 14:05:02; 835.4436; -0.01330677; 203.1768; Before; 7.242368; Checking Box AICar
29; Driver; Noise; None; 31.10.2023 14:05:02; 835.346; -0.01330565; 203.1788; Before; 7.257613; Checking Box AICar
29; Driver; Noise; None; 31.10.2023 14:05:02; 835.2973; -0.0133084; 203.1797; Before; 7.288918; Checking Box AICar
29; Driver; Noise; None; 31.10.2023 14:05:02; 835.2001; -0.0133546; 203.1817; Before; 7.30407; Checking Box AICar
29; Driver; Noise; None; 31.10.2023 14:05:02; 835.1031; -0.01334525; 203.1836; Before; 7.318888; Checking Box AICar
29; Driver; Noise; None; 31.10.2023 14:05:02; 835.0062; -0.01333991; 203.1856; Before; 7.332574; Checking Box AICar
29; Driver; Noise; None; 31.10.2023 14:05:02; 834.9579; -0.01333907; 203.1866; Before; 7.366829; Checking Box AICar
29; Driver; Noise; None; 31.10.2023 14:05:02; 834.8132; -0.01331774; 203.1895; Before; 7.384433; Checking Box AICar
29; Driver; Noise; None; 31.10.2023 14:05:02; 834.7651; -0.01332782; 203.1905; Before; 7.398876; Checking Box AICar
29; Driver; Noise; None; 31.10.2023 14:05:02; 834.7171; -0.01335009; 203.1915; Before; 7.427711; Checking Box AICar
29; Driver; Noise; None; 31.10.2023 14:05:02; 834.5733; -0.01337433; 203.1945; Before; 7.441981; Checking Box AICar
29; Driver; Noise; None; 31.10.2023 14:05:02; 834.4777; -0.01336544; 203.1965; Before; 7.457124; Checking Box AICar
29; Driver; Noise; None; 31.10.2023 14:05:02; 834.3823; -0.0133174; 203.1984; Before; 7.474436; Checking Box AICar
29; Driver; Noise; None; 31.10.2023 14:05:02; 834.3347; -0.01329988; 203.1994; Before; 7.491788; Checking Box AICar
29; Driver; Noise; None; 31.10.2023 14:05:02; 834.2396; -0.01322261; 203.2014; Before; 7.511538; Checking Box AICar
29; Driver; Noise; None; 31.10.2023 14:05:02; 834.1448; -0.01314239; 203.2034; Before; 7.535055; Checking Box AICar
29; Driver; Noise; None; 31.10.2023 14:05:02; 834.0502; -0.0131056; 203.2054; Before; 7.557665; Checking Box AICar
29; Driver; Noise; None; 31.10.2023 14:05:02; 834.0029; -0.01310152; 203.2064; Before; 7.590748; Checking Box AICar
29; Driver; Noise; None; 31.10.2023 14:05:02; 833.9086; -0.0130983; 203.2084; Before; 7.590748; Checking Box AICar
29; Driver; Noise; None; 31.10.2023 14:05:02; 833.8146; -0.01313493; 203.2103; Before; 7.62174; Checking Box AICar
29; Driver; Noise; None; 31.10.2023 14:05:02; 833.7208; -0.0131769; 203.2123; Before; 7.63719; Checking Box AICar
29; Driver; Noise; None; 31.10.2023 14:05:02; 833.6739; -0.01320045; 203.2133; Before; 7.665154; Checking Box AICar
29; Driver; Noise; None; 31.10.2023 14:05:02; 833.5336; -0.0132837; 203.2163; Before; 7.681113; Checking Box AICar
29; Driver; Noise; None; 31.10.2023 14:05:02; 833.487; -0.01330428; 203.2173; Before; 7.697166; Checking Box AICar
29; Driver; Noise; None; 31.10.2023 14:05:02; 833.4404; -0.01333474; 203.2183; Before; 7.725433; Checking Box AICar
29; Driver; Noise; None; 31.10.2023 14:05:02; 833.301; -0.01337371; 203.2213; Before; 7.741008; Checking Box AICar
29; Driver; Noise; None; 31.10.2023 14:05:02; 833.2546; -0.01339271; 203.2223; Before; 7.769805; Checking Box AICar
29; Driver; Noise; None; 31.10.2023 14:05:02; 833.1158; -0.01339789; 203.2253; Before; 7.785372; Checking Box AICar
29; Driver; Noise; None; 31.10.2023 14:05:02; 833.0697; -0.01340674; 203.2263; Before; 7.799925; Checking Box AICar
29; Driver; Noise; None; 31.10.2023 14:05:02; 832.9775; -0.01335983; 203.2283; Before; 7.816989; Checking Box AICar
29; Driver; Noise; None; 31.10.2023 14:05:02; 832.9315; -0.01335988; 203.2293; Before; 7.847156; Checking Box AICar
29; Driver; Noise; None; 31.10.2023 14:05:02; 832.7938; -0.0133295; 203.2323; Before; 7.863117; Checking Box AICar
29; Driver; Noise; None; 31.10.2023 14:05:02; 832.748; -0.01333286; 203.2333; Before; 7.890928; Checking Box AICar
29; Driver; Noise; None; 31.10.2023 14:05:02; 832.6567; -0.01331908; 203.2354; Before; 7.890928; Checking Box AICar
29; Driver; Noise; None; 31.10.2023 14:05:02; 832.5654; -0.01331957; 203.2374; Before; 7.920565; Checking Box AICar
29; Driver; Noise; None; 31.10.2023 14:05:02; 832.4744; -0.01331153; 203.2394; Before; 7.936316; Checking Box AICar
29; Driver; Noise; None; 31.10.2023 14:05:03; 832.429; -0.01330783; 203.2404; Before; 7.965689; Checking Box AICar
29; Driver; Noise; None; 31.10.2023 14:05:03; 832.2931; -0.01331131; 203.2434; Before; 7.980825; Checking Box AICar
29; Driver; Noise; None; 31.10.2023 14:05:03; 832.2479; -0.01330856; 203.2444; Before; 7.995576; Checking Box AICar
29; Driver; Noise; None; 31.10.2023 14:05:03; 832.1576; -0.01333661; 203.2464; Before; 8.024033; Checking Box AICar
29; Driver; Noise; None; 31.10.2023 14:05:03; 832.0676; -0.01334535; 203.2484; Before; 8.039323; Checking Box AICar
29; Driver; Noise; None; 31.10.2023 14:05:03; 832.0226; -0.01334631; 203.2495; Before; 8.067183; Checking Box AICar
29; Driver; Noise; None; 31.10.2023 14:05:03; 831.888; -0.01331655; 203.2525; Before; 8.082676; Checking Box AICar
29; Driver; Noise; None; 31.10.2023 14:05:03; 831.8433; -0.01326937; 203.2535; Before; 8.082676; Checking Box AICar
29; Driver; Noise; None; 31.10.2023 14:05:03; 831.754; -0.01310751; 203.2555; Before; 8.082676; Checking Box AICar
29; Driver; Noise; None; 31.10.2023 14:05:03; 831.6648; -0.01289296; 203.2575; Before; 8.082676; Checking Box AICar
29; Driver; Noise; None; 31.10.2023 14:05:03; 831.5759; -0.01274827; 203.2595; Before; 8.098178; Checking Box AICar
29; Driver; Noise; None; 31.10.2023 14:05:03; 831.5315; -0.01271427; 203.2605; Before; 8.188439; null
29; Driver; Noise; None; 31.10.2023 14:05:03; 831.4429; -0.01269311; 203.2625; Before; 8.188439; null
29; Driver; Noise; None; 31.10.2023 14:05:03; 831.3544; -0.01275349; 203.2646; Before; 8.221519; Checking Box Human
29; Driver; Noise; None; 31.10.2023 14:05:03; 831.2662; -0.01284773; 203.2666; Before; 8.236981; Checking Box Human
29; Driver; Noise; None; 31.10.2023 14:05:03; 831.2222; -0.0129036; 203.2676; Before; 8.265767; Checking Box Human
29; Driver; Noise; None; 31.10.2023 14:05:03; 831.0904; -0.01309008; 203.2706; Before; 8.282243; Checking Box Human
29; Driver; Noise; None; 31.10.2023 14:05:03; 831.0466; -0.01314387; 203.2716; Before; 8.297614; Checking Box Human
29; Driver; Noise; None; 31.10.2023 14:05:03; 830.959; -0.01322076; 203.2736; Before; 8.311862; Checking Box Human
29; Driver; Noise; None; 31.10.2023 14:05:03; 830.8717; -0.01324337; 203.2756; Before; 8.327523; Checking Box Human
29; Driver; Noise; None; 31.10.2023 14:05:03; 830.8281; -0.01325292; 203.2766; Before; 8.369784; Checking Box Human
29; Driver; Noise; None; 31.10.2023 14:05:03; 830.7411; -0.01325189; 203.2787; Before; 8.385872; Checking Box Human
29; Driver; Noise; None; 31.10.2023 14:05:03; 830.6543; -0.01326271; 203.2807; Before; 8.400684; Checking Box Human
29; Driver; Noise; None; 31.10.2023 14:05:03; 830.5677; -0.01326302; 203.2828; Before; 8.415653; Checking Box Human
29; Driver; Noise; None; 31.10.2023 14:05:03; 830.4813; -0.01327302; 203.2848; Before; 8.444743; Checking Box Human
29; Driver; Noise; None; 31.10.2023 14:05:03; 830.395; -0.01327109; 203.2868; Before; 8.459988; Checking Box Human
29; Driver; Noise; None; 31.10.2023 14:05:03; 830.352; -0.01326912; 203.2879; Before; 8.49058; Checking Box Human
29; Driver; Noise; None; 31.10.2023 14:05:03; 830.2661; -0.01324799; 203.2899; Before; 8.49058; Checking Box Human
29; Driver; Noise; None; 31.10.2023 14:05:03; 830.1804; -0.01324315; 203.292; Before; 8.521959; Checking Box Human
29; Driver; Noise; None; 31.10.2023 14:05:03; 830.0948; -0.01323295; 203.294; Before; 8.53719; Checking Box Human
29; Driver; Noise; None; 31.10.2023 14:05:03; 830.0522; -0.013229; 203.295; Before; 8.566505; Checking Box Human
29; Driver; Noise; None; 31.10.2023 14:05:03; 829.9244; -0.01320026; 203.2981; Before; 8.582058; Checking Box Human
29; Driver; Noise; None; 31.10.2023 14:05:03; 829.882; -0.01320614; 203.2991; Before; 8.599357; Checking Box Human
29; Driver; Noise; None; 31.10.2023 14:05:03; 829.7988; -0.01320217; 203.3011; Before; 8.613848; Checking Box Human
29; Driver; Noise; None; 31.10.2023 14:05:03; 829.7582; -0.01320153; 203.3021; Before; 8.645083; Checking Box AICar
29; Driver; Noise; None; 31.10.2023 14:05:03; 829.6388; -0.01321407; 203.3049; Before; 8.660417; Checking Box AICar
29; Driver; Noise; None; 31.10.2023 14:05:03; 829.5997; -0.01321415; 203.3059; Before; 8.689839; Checking Box AICar
29; Driver; Noise; None; 31.10.2023 14:05:03; 829.5228; -0.01319827; 203.3077; Before; 8.689839; Checking Box AICar
29; Driver; Noise; None; 31.10.2023 14:05:03; 829.4473; -0.01319438; 203.3095; Before; 8.721809; Checking Box AICar
29; Driver; Noise; None; 31.10.2023 14:05:03; 829.3734; -0.01315319; 203.3112; Before; 8.738082; Checking Box AICar
29; Driver; Noise; None; 31.10.2023 14:05:03; 829.3369; -0.01315308; 203.3121; Before; 8.770137; Checking Box AICar
29; Driver; Noise; None; 31.10.2023 14:05:03; 829.2651; -0.01313772; 203.3138; Before; 8.785879; Checking Box AICar
29; Driver; Noise; None; 31.10.2023 14:05:03; 829.1948; -0.01309359; 203.3155; Before; 8.785879; Checking Box AICar
29; Driver; Noise; None; 31.10.2023 14:05:03; 829.126; -0.01303199; 203.3171; Before; 8.801755; Checking Box AICar
29; Driver; Noise; None; 31.10.2023 14:05:03; 829.0921; -0.01300934; 203.3179; Before; 8.845895; Checking Box AICar
29; Driver; Noise; None; 31.10.2023 14:05:03; 828.9927; -0.01295257; 203.3202; Before; 8.861506; Checking Box AICar
29; Driver; Noise; None; 31.10.2023 14:05:03; 828.9282; -0.01292609; 203.3217; Before; 8.877628; Checking Box AICar
29; Driver; Noise; None; 31.10.2023 14:05:03; 828.8965; -0.01291945; 203.3225; Before; 8.893855; Checking Box AICar
29; Driver; Noise; None; 31.10.2023 14:05:03; 828.8652; -0.0129247; 203.3232; Before; 8.925066; Checking Box AICar
29; Driver; Noise; None; 31.10.2023 14:05:04; 828.7735; -0.01293054; 203.3253; Before; 8.94076; Checking Box AICar
29; Driver; Noise; None; 31.10.2023 14:05:04; 828.7437; -0.01290888; 203.326; Before; 8.956003; Checking Box AICar
29; Driver; Noise; None; 31.10.2023 14:05:04; 828.6563; -0.01288945; 203.3281; Before; 8.980042; Checking Box AICar
29; Driver; Noise; None; 31.10.2023 14:05:04; 828.6279; -0.01288577; 203.3288; Before; 8.99776; Checking Box AICar
29; Driver; Noise; None; 31.10.2023 14:05:04; 828.5723; -0.01287321; 203.3301; Before; 9.012585; Checking Box AICar
29; Driver; Noise; None; 31.10.2023 14:05:04; 828.5181; -0.01287521; 203.3313; Before; 9.043587; null
29; Driver; Noise; None; 31.10.2023 14:05:04; 828.4653; -0.0128752; 203.3326; Before; 9.059521; null
29; Driver; Noise; None; 31.10.2023 14:05:04; 828.4395; -0.0128753; 203.3332; Before; 9.090266; Checking Box AICar
29; Driver; Noise; None; 31.10.2023 14:05:04; 828.3889; -0.01286545; 203.3344; Before; 9.090266; Checking Box AICar
29; Driver; Noise; None; 31.10.2023 14:05:04; 828.3397; -0.01283571; 203.3355; Before; 9.107242; Checking Box AICar
29; Driver; Noise; None; 31.10.2023 14:05:04; 828.2919; -0.01279365; 203.3366; Before; 9.129701; Checking Box AICar
29; Driver; Noise; None; 31.10.2023 14:05:04; 828.2686; -0.01277811; 203.3371; Before; 9.165744; Checking Box AICar
29; Driver; Noise; None; 31.10.2023 14:05:04; 828.2007; -0.01273852; 203.3387; Before; 9.182489; Checking Box AICar
29; Driver; Noise; None; 31.10.2023 14:05:04; 828.1788; -0.01273746; 203.3392; Before; 9.198042; Checking Box AICar
29; Driver; Noise; None; 31.10.2023 14:05:04; 828.136; -0.01273112; 203.3401; Before; 9.213258; Checking Box AICar
29; Driver; Noise; None; 31.10.2023 14:05:04; 828.1151; -0.01272987; 203.3406; Before; 9.245546; Checking Box AICar
29; Driver; Noise; None; 31.10.2023 14:05:04; 828.0546; -0.01269719; 203.342; Before; 9.245546; Checking Box AICar
29; Driver; Noise; None; 31.10.2023 14:05:04; 828.0352; -0.01268479; 203.3424; Before; 9.287661; Checking Box AICar
29; Driver; Noise; None; 31.10.2023 14:05:04; 827.9973; -0.01266129; 203.3433; Before; 9.287661; Checking Box AICar
29; Driver; Noise; None; 31.10.2023 14:05:04; 827.9608; -0.01265336; 203.3441; Before; 9.320708; Checking Box AICar
29; Driver; Noise; None; 31.10.2023 14:05:04; 827.9257; -0.01263434; 203.3448; Before; 9.337676; Checking Box AICar
29; Driver; Noise; None; 31.10.2023 14:05:04; 827.9087; -0.01263626; 203.3452; Before; 9.370297; Checking Box AICar
29; Driver; Noise; None; 31.10.2023 14:05:04; 827.8757; -0.01263498; 203.346; Before; 9.386497; Checking Box AICar
29; Driver; Noise; None; 31.10.2023 14:05:04; 827.8441; -0.01263891; 203.3467; Before; 9.402649; Checking Box AICar
29; Driver; Noise; None; 31.10.2023 14:05:04; 827.8138; -0.01262593; 203.3473; Before; 9.418519; Checking Box AICar
29; Driver; Noise; None; 31.10.2023 14:05:04; 827.7849; -0.01261475; 203.348; Before; 9.433735; Checking Box AICar
29; Driver; Noise; None; 31.10.2023 14:05:04; 827.771; -0.01260942; 203.3483; Before; 9.468411; Checking Box AICar
29; Driver; Noise; None; 31.10.2023 14:05:04; 827.7442; -0.01259412; 203.3489; Before; 9.486245; Checking Box AICar
29; Driver; Noise; None; 31.10.2023 14:05:04; 827.7188; -0.01258355; 203.3494; Before; 9.502309; Checking Box AICar
29; Driver; Noise; None; 31.10.2023 14:05:04; 827.6948; -0.01256098; 203.35; Before; 9.518686; null
29; Driver; Noise; None; 31.10.2023 14:05:04; 827.6832; -0.0125565; 203.3502; Before; 9.549657; null
29; Driver; Noise; None; 31.10.2023 14:05:04; 827.6507; -0.0125364; 203.351; Before; 9.564329; Checking Box AICar
29; Driver; Noise; None; 31.10.2023 14:05:04; 827.6406; -0.01252092; 203.3512; Before; 9.5794; null
29; Driver; Noise; None; 31.10.2023 14:05:04; 827.6213; -0.0125047; 203.3516; Before; 9.602521; null
29; Driver; Noise; None; 31.10.2023 14:05:04; 827.6033; -0.01248157; 203.352; Before; 9.6193; Checking Box Human
29; Driver; Noise; None; 31.10.2023 14:05:04; 827.5867; -0.01246316; 203.3524; Before; 9.633496; Checking Box Human
29; Driver; Noise; None; 31.10.2023 14:05:04; 827.5789; -0.01245525; 203.3525; Before; 9.667152; Checking Box Human
29; Driver; Noise; None; 31.10.2023 14:05:04; 827.5576; -0.01243193; 203.353; Before; 9.683682; Checking Box Human
29; Driver; Noise; None; 31.10.2023 14:05:04; 827.5509; -0.01242724; 203.3532; Before; 9.699647; Checking Box Human
29; Driver; Noise; None; 31.10.2023 14:05:04; 827.5376; -0.01241566; 203.3535; Before; 9.715129; Checking Box Human
29; Driver; Noise; None; 31.10.2023 14:05:04; 827.5243; -0.01239948; 203.3537; Before; 9.729548; Checking Box Human
29; Driver; Noise; None; 31.10.2023 14:05:04; 827.5177; -0.01239254; 203.3539; Before; 9.767563; Checking Box Human
29; Driver; Noise; None; 31.10.2023 14:05:04; 827.4979; -0.01237264; 203.3543; Before; 9.783285; Checking Box Human
29; Driver; Noise; None; 31.10.2023 14:05:04; 827.4913; -0.01236952; 203.3544; Before; 9.79979; Checking Box Human
29; Driver; Noise; None; 31.10.2023 14:05:04; 827.4781; -0.01236229; 203.3547; Before; 9.815081; Checking Box Human
29; Driver; Noise; None; 31.10.2023 14:05:04; 827.4716; -0.01235967; 203.3548; Before; 9.846272; Checking Box Human
29; Driver; Noise; None; 31.10.2023 14:05:04; 827.452; -0.0123521; 203.3553; Before; 9.862508; Checking Box Human
29; Driver; Noise; None; 31.10.2023 14:05:04; 827.4389; -0.01234835; 203.3555; Before; 9.878056; Checking Box Human
29; Driver; Noise; None; 31.10.2023 14:05:04; 827.4324; -0.01234776; 203.3557; Before; 9.893095; Checking Box Human
29; Driver; Noise; None; 31.10.2023 14:05:04; 827.4193; -0.01234634; 203.3559; Before; 9.910953; Checking Box Human
29; Driver; Noise; None; 31.10.2023 14:05:04; 827.4128; -0.01234688; 203.3561; Before; 9.945453; Checking Box Human
29; Driver; Noise; None; 31.10.2023 14:05:05; 827.3934; -0.01234896; 203.3565; Before; 9.961535; Checking Box Human
29; Driver; Noise; None; 31.10.2023 14:05:05; 827.3804; -0.01235101; 203.3568; Before; 9.977354; Checking Box Human
29; Driver; Noise; None; 31.10.2023 14:05:05; 827.374; -0.01235293; 203.3569; Before; 9.992027; Checking Box Human
29; Driver; Noise; None; 31.10.2023 14:05:05; 827.361; -0.01235555; 203.3572; Before; 10.00899; Checking Box Human
29; Driver; Noise; None; 31.10.2023 14:05:05; 827.3482; -0.0123615; 203.3575; Before; 10.04331; Checking Box Human
29; Driver; Noise; None; 31.10.2023 14:05:05; 827.3354; -0.01236658; 203.3577; Before; 10.05908; Checking Box Human
29; Driver; Noise; None; 31.10.2023 14:05:05; 827.329; -0.01236904; 203.3579; Before; 10.09021; Checking Box Human
29; Driver; Noise; None; 31.10.2023 14:05:05; 827.3162; -0.01237111; 203.3581; Before; 10.09021; Checking Box Human
29; Driver; Noise; None; 31.10.2023 14:05:05; 827.3034; -0.01237479; 203.3584; Before; 10.1215; Checking Box Human
29; Driver; Noise; None; 31.10.2023 14:05:05; 827.2907; -0.01237657; 203.3587; Before; 10.13795; Checking Box Human
29; Driver; Noise; None; 31.10.2023 14:05:05; 827.2844; -0.01237717; 203.3588; Before; 10.16771; null
29; Driver; Noise; None; 31.10.2023 14:05:05; 827.2717; -0.01237546; 203.3591; Before; 10.18446; null
29; Driver; Noise; None; 31.10.2023 14:05:05; 827.259; -0.0123686; 203.3594; Before; 10.18446; null
29; Driver; Noise; None; 31.10.2023 14:05:05; 827.2463; -0.01236571; 203.3596; Before; 10.22422; null
29; Driver; Noise; None; 31.10.2023 14:05:05; 827.2338; -0.0123585; 203.3599; Before; 10.23983; null
29; Driver; Noise; None; 31.10.2023 14:05:05; 827.2275; -0.01235903; 203.3601; Before; 10.27027; null
29; Driver; Noise; None; 31.10.2023 14:05:05; 827.2149; -0.01235855; 203.3603; Before; 10.2855; null
29; Driver; Noise; None; 31.10.2023 14:05:05; 827.2023; -0.01236119; 203.3606; Before; 10.3017; null
29; Driver; Noise; None; 31.10.2023 14:05:05; 827.1899; -0.01235833; 203.3609; Before; 10.3179; null
29; Driver; Noise; None; 31.10.2023 14:05:05; 827.1774; -0.01235253; 203.3612; Before; 10.3351; null
29; Driver; Noise; None; 31.10.2023 14:05:05; 827.165; -0.01235007; 203.3614; Before; 10.35791; null
29; Driver; Noise; None; 31.10.2023 14:05:05; 827.1588; -0.01234995; 203.3616; Before; 10.38899; null
29; Driver; Noise; None; 31.10.2023 14:05:05; 827.1463; -0.01234916; 203.3618; Before; 10.38899; null
29; Driver; Noise; None; 31.10.2023 14:05:05; 827.134; -0.01235243; 203.3621; Before; 10.42153; Checking Box AICar
29; Driver; Noise; None; 31.10.2023 14:05:05; 827.1216; -0.01235572; 203.3624; Before; 10.43762; Checking Box AICar
29; Driver; Noise; None; 31.10.2023 14:05:05; 827.1093; -0.01235429; 203.3627; Before; 10.45234; Checking Box AICar
29; Driver; Noise; None; 31.10.2023 14:05:05; 827.1031; -0.01235435; 203.3628; Before; 10.48944; Checking Box AICar
29; Driver; Noise; None; 31.10.2023 14:05:05; 827.0909; -0.01235336; 203.3631; Before; 10.48944; Checking Box AICar
29; Driver; Noise; None; 31.10.2023 14:05:05; 827.0787; -0.01234907; 203.3634; Before; 10.50534; Checking Box AICar
29; Driver; Noise; None; 31.10.2023 14:05:05; 827.0726; -0.01234819; 203.3635; Before; 10.54856; Checking Box AICar
29; Driver; Noise; None; 31.10.2023 14:05:05; 827.0543; -0.01234634; 203.3639; Before; 10.56369; Checking Box AICar
29; Driver; Noise; None; 31.10.2023 14:05:05; 827.0421; -0.01234606; 203.3642; Before; 10.5785; Checking Box AICar
29; Driver; Noise; None; 31.10.2023 14:05:05; 827.036; -0.01234685; 203.3643; Before; 10.59371; Checking Box AICar
29; Driver; Noise; None; 31.10.2023 14:05:05; 827.03; -0.0123497; 203.3644; Before; 10.62502; Checking Box AICar
29; Driver; Noise; None; 31.10.2023 14:05:05; 827.0118; -0.01235525; 203.3648; Before; 10.64036; Checking Box AICar
29; Driver; Noise; None; 31.10.2023 14:05:05; 827.0058; -0.01235212; 203.3649; Before; 10.65683; Checking Box AICar
29; Driver; Noise; None; 31.10.2023 14:05:05; 826.9937; -0.01234764; 203.3652; Before; 10.68217; Checking Box AICar
29; Driver; Noise; None; 31.10.2023 14:05:05; 826.9817; -0.01234792; 203.3654; Before; 10.7018; Checking Box AICar
29; Driver; Noise; None; 31.10.2023 14:05:05; 826.9697; -0.01234447; 203.3657; Before; 10.71898; Checking Box AICar
29; Driver; Noise; None; 31.10.2023 14:05:05; 826.9637; -0.01234667; 203.3658; Before; 10.74898; Checking Box AICar
29; Driver; Noise; None; 31.10.2023 14:05:05; 826.9518; -0.01234936; 203.366; Before; 10.76418; Checking Box AICar
29; Driver; Noise; None; 31.10.2023 14:05:05; 826.9398; -0.01234785; 203.3663; Before; 10.78213; Checking Box AICar
29; Driver; Noise; None; 31.10.2023 14:05:05; 826.9278; -0.01235008; 203.3665; Before; 10.80065; Checking Box AICar
29; Driver; Noise; None; 31.10.2023 14:05:05; 826.9159; -0.01234755; 203.3668; Before; 10.81912; Checking Box AICar
29; Driver; Noise; None; 31.10.2023 14:05:05; 826.904; -0.01234723; 203.367; Before; 10.83356; Checking Box AICar
29; Driver; Noise; None; 31.10.2023 14:05:05; 826.8981; -0.01234769; 203.3671; Before; 10.86669; Checking Box AICar
29; Driver; Noise; None; 31.10.2023 14:05:05; 826.8804; -0.01234808; 203.3675; Before; 10.88347; null
29; Driver; Noise; None; 31.10.2023 14:05:05; 826.8745; -0.01235058; 203.3676; Before; 10.89931; null
29; Driver; Noise; None; 31.10.2023 14:05:05; 826.8625; -0.01235325; 203.3679; Before; 10.91371; null
29; Driver; Noise; None; 31.10.2023 14:05:05; 826.8566; -0.01235473; 203.368; Before; 10.94472; null
29; Driver; Noise; None; 31.10.2023 14:05:06; 826.8384; -0.01235617; 203.3683; Before; 10.96115; Checking Box AICar
29; Driver; Noise; None; 31.10.2023 14:05:06; 826.8324; -0.01235184; 203.3685; Before; 10.97681; Checking Box AICar
29; Driver; Noise; None; 31.10.2023 14:05:06; 826.8202; -0.01234533; 203.3687; Before; 10.97681; Checking Box AICar
29; Driver; Noise; None; 31.10.2023 14:05:06; 826.8141; -0.0123436; 203.3689; Before; 11.02157; Checking Box AICar
29; Driver; Noise; None; 31.10.2023 14:05:06; 826.8019; -0.01234036; 203.3691; Before; 11.04117; Checking Box AICar
29; Driver; Noise; None; 31.10.2023 14:05:06; 826.7835; -0.01233505; 203.3695; Before; 11.06069; Checking Box AICar
29; Driver; Noise; None; 31.10.2023 14:05:06; 826.7712; -0.01233458; 203.3698; Before; 11.07695; Checking Box AICar
29; Driver; Noise; None; 31.10.2023 14:05:06; 826.765; -0.01233579; 203.3699; Before; 11.09339; Checking Box AICar
29; Driver; Noise; None; 31.10.2023 14:05:06; 826.7527; -0.01233809; 203.3702; Before; 11.11005; Checking Box AICar
29; Driver; Noise; None; 31.10.2023 14:05:06; 826.7402; -0.01233772; 203.3704; Before; 11.12625; Checking Box AICar
29; Driver; Noise; None; 31.10.2023 14:05:06; 826.7277; -0.01233541; 203.3707; Before; 11.14273; Checking Box AICar
29; Driver; Noise; None; 31.10.2023 14:05:06; 826.7214; -0.01233601; 203.3708; Before; 11.188; Checking Box AICar
29; Driver; Noise; None; 31.10.2023 14:05:06; 826.7087; -0.01233734; 203.3711; Before; 11.188; Checking Box AICar
29; Driver; Noise; None; 31.10.2023 14:05:06; 826.7023; -0.01233938; 203.3713; Before; 11.22558; Checking Box AICar
29; Driver; Noise; None; 31.10.2023 14:05:06; 826.6829; -0.01234543; 203.3717; Before; 11.24205; Checking Box AICar
29; Driver; Noise; None; 31.10.2023 14:05:06; 826.6697; -0.01234936; 203.3719; Before; 11.25834; Checking Box AICar
29; Driver; Noise; None; 31.10.2023 14:05:06; 826.6632; -0.01235206; 203.3721; Before; 11.28989; Checking Box AICar
29; Driver; Noise; None; 31.10.2023 14:05:06; 826.6498; -0.01235552; 203.3724; Before; 11.28989; Checking Box AICar
29; Driver; Noise; None; 31.10.2023 14:05:06; 826.6363; -0.01235458; 203.3726; Before; 11.30628; Checking Box AICar
29; Driver; Noise; None; 31.10.2023 14:05:06; 826.6295; -0.01235522; 203.3728; Before; 11.34356; Checking Box AICar
29; Driver; Noise; None; 31.10.2023 14:05:06; 826.6156; -0.01235561; 203.3731; Before; 11.3629; Checking Box AICar
29; Driver; Noise; None; 31.10.2023 14:05:06; 826.5943; -0.01235829; 203.3735; Before; 11.38051; Checking Box AICar
29; Driver; Noise; None; 31.10.2023 14:05:06; 826.587; -0.01236001; 203.3737; Before; 11.39666; Checking Box AICar
29; Driver; Noise; None; 31.10.2023 14:05:06; 826.5797; -0.01236413; 203.3738; Before; 11.42647; Checking Box AICar
29; Driver; Noise; None; 31.10.2023 14:05:06; 826.5569; -0.01237287; 203.3743; Before; 11.44209; Checking Box AICar
29; Driver; Noise; None; 31.10.2023 14:05:06; 826.549; -0.01236961; 203.3745; Before; 11.45806; Checking Box AICar
29; Driver; Noise; None; 31.10.2023 14:05:06; 826.5328; -0.01236566; 203.3748; Before; 11.48535; Checking Box AICar
29; Driver; Noise; None; 31.10.2023 14:05:06; 826.5162; -0.01235968; 203.3752; Before; 11.48535; Checking Box AICar
29; Driver; Noise; None; 31.10.2023 14:05:06; 826.5077; -0.01235934; 203.3754; Before; 11.52304; Checking Box AICar
29; Driver; Noise; None; 31.10.2023 14:05:06; 826.4812; -0.01236226; 203.3759; Before; 11.54114; Checking Box AICar
29; Driver; Noise; None; 31.10.2023 14:05:06; 826.463; -0.01236065; 203.3763; Before; 11.55986; Checking Box AICar
29; Driver; Noise; None; 31.10.2023 14:05:06; 826.4442; -0.01236605; 203.3767; Before; 11.57675; Checking Box AICar
29; Driver; Noise; None; 31.10.2023 14:05:06; 826.4346; -0.01237103; 203.3769; Before; 11.59508; Checking Box AICar
29; Driver; Noise; None; 31.10.2023 14:05:06; 826.4151; -0.01237322; 203.3773; Before; 11.61314; Checking Box AICar
29; Driver; Noise; None; 31.10.2023 14:05:06; 826.3951; -0.01238175; 203.3777; Before; 11.63234; Checking Box AICar
29; Driver; Noise; None; 31.10.2023 14:05:06; 826.3849; -0.012388; 203.3779; Before; 11.66722; Checking Box AICar
29; Driver; Noise; None; 31.10.2023 14:05:06; 826.3535; -0.01240612; 203.3786; Before; 11.68398; Checking Box AICar
29; Driver; Noise; None; 31.10.2023 14:05:06; 826.3427; -0.01241643; 203.3788; Before; 11.69985; Checking Box AICar
29; Driver; Noise; None; 31.10.2023 14:05:06; 826.3209; -0.01242417; 203.3792; Before; 11.71626; Checking Box AICar
29; Driver; Noise; None; 31.10.2023 14:05:06; 826.3098; -0.01243406; 203.3795; Before; 11.74785; Checking Box AICar
29; Driver; Noise; None; 31.10.2023 14:05:06; 826.2756; -0.01245551; 203.3802; Before; 11.76425; Checking Box AICar
29; Driver; Noise; None; 31.10.2023 14:05:06; 826.2522; -0.01246427; 203.3807; Before; 11.77981; Checking Box AICar
29; Driver; Noise; None; 31.10.2023 14:05:06; 826.2403; -0.01246876; 203.3809; Before; 11.79434; Checking Box AICar
29; Driver; Noise; None; 31.10.2023 14:05:06; 826.2161; -0.01247311; 203.3814; Before; 11.81136; Checking Box AICar
29; Driver; Noise; None; 31.10.2023 14:05:06; 826.2038; -0.01247584; 203.3817; Before; 11.84553; Checking Box AICar
29; Driver; Noise; None; 31.10.2023 14:05:06; 826.1661; -0.01247943; 203.3824; Before; 11.86135; Checking Box AICar
29; Driver; Noise; None; 31.10.2023 14:05:06; 826.1533; -0.01248526; 203.3827; Before; 11.89311; Checking Box AICar
29; Driver; Noise; None; 31.10.2023 14:05:06; 826.1273; -0.01249175; 203.3832; Before; 11.89311; Checking Box AICar
29; Driver; Noise; None; 31.10.2023 14:05:06; 826.1142; -0.01249543; 203.3835; Before; 11.92429; Checking Box AICar
29; Driver; Noise; None; 31.10.2023 14:05:07; 826.0742; -0.0125008; 203.3843; Before; 11.94186; Checking Box AICar
29; Driver; Noise; None; 31.10.2023 14:05:07; 826.047; -0.01250192; 203.3849; Before; 11.95776; Checking Box AICar
29; Driver; Noise; None; 31.10.2023 14:05:07; 826.0333; -0.01250377; 203.3852; Before; 11.98867; Checking Box AICar
29; Driver; Noise; None; 31.10.2023 14:05:07; 826.0056; -0.01250441; 203.3857; Before; 11.98867; Checking Box AICar
29; Driver; Noise; None; 31.10.2023 14:05:07; 825.9777; -0.01251264; 203.3863; Before; 12.02062; null
29; Driver; Noise; None; 31.10.2023 14:05:07; 825.9497; -0.01252016; 203.3869; Before; 12.03736; null
29; Driver; Noise; None; 31.10.2023 14:05:07; 825.9356; -0.01252442; 203.3872; Before; 12.06742; null
29; Driver; Noise; None; 31.10.2023 14:05:07; 825.9073; -0.01252806; 203.3878; Before; 12.08348; null
29; Driver; Noise; None; 31.10.2023 14:05:07; 825.8789; -0.01252152; 203.3884; Before; 12.08348; null
29; Driver; Noise; None; 31.10.2023 14:05:07; 825.8646; -0.01252045; 203.3886; Before; 12.12336; Checking Box Human
29; Driver; Noise; None; 31.10.2023 14:05:07; 825.8216; -0.01251702; 203.3895; Before; 12.14073; Checking Box Human
29; Driver; Noise; None; 31.10.2023 14:05:07; 825.8072; -0.01252242; 203.3898; Before; 12.17097; Checking Box Human
29; Driver; Noise; None; 31.10.2023 14:05:07; 825.7782; -0.01252868; 203.3904; Before; 12.18644; Checking Box Human
29; Driver; Noise; None; 31.10.2023 14:05:07; 825.7491; -0.01254075; 203.391; Before; 12.20155; Checking Box Human
29; Driver; Noise; None; 31.10.2023 14:05:07; 825.7198; -0.01254983; 203.3916; Before; 12.21673; Checking Box Human
29; Driver; Noise; None; 31.10.2023 14:05:07; 825.6903; -0.01254561; 203.3922; Before; 12.23096; Checking Box Human
29; Driver; Noise; None; 31.10.2023 14:05:07; 825.6606; -0.01253236; 203.3928; Before; 12.2483; Checking Box Human
29; Driver; Noise; None; 31.10.2023 14:05:07; 825.6458; -0.0125287; 203.3931; Before; 12.28904; Checking Box Human
29; Driver; Noise; None; 31.10.2023 14:05:07; 825.6158; -0.012521; 203.3937; Before; 12.28904; Checking Box Human
29; Driver; Noise; None; 31.10.2023 14:05:07; 825.5857; -0.01250825; 203.3943; Before; 12.30647; Checking Box Human
29; Driver; Noise; None; 31.10.2023 14:05:07; 825.5706; -0.01250605; 203.3946; Before; 12.34517; Checking Box Human
29; Driver; Noise; None; 31.10.2023 14:05:07; 825.5248; -0.01250483; 203.3955; Before; 12.36256; Checking Box Human
29; Driver; Noise; None; 31.10.2023 14:05:07; 825.4941; -0.01250841; 203.3961; Before; 12.37897; Checking Box Human
29; Driver; Noise; None; 31.10.2023 14:05:07; 825.4786; -0.01251299; 203.3964; Before; 12.39499; Checking Box Human
29; Driver; Noise; None; 31.10.2023 14:05:07; 825.4476; -0.01252013; 203.397; Before; 12.41158; Checking Box Human
29; Driver; Noise; None; 31.10.2023 14:05:07; 825.4163; -0.01251911; 203.3977; Before; 12.43055; Checking Box Human
29; Driver; Noise; None; 31.10.2023 14:05:07; 825.4006; -0.01252163; 203.398; Before; 12.46838; Checking Box Human
29; Driver; Noise; None; 31.10.2023 14:05:07; 825.369; -0.01252537; 203.3987; Before; 12.48619; Checking Box Human
29; Driver; Noise; None; 31.10.2023 14:05:07; 825.3372; -0.01253938; 203.3993; Before; 12.50349; Checking Box Human
29; Driver; Noise; None; 31.10.2023 14:05:07; 825.3052; -0.01254069; 203.3999; Before; 12.51997; Checking Box Human
29; Driver; Noise; None; 31.10.2023 14:05:07; 825.2731; -0.01254706; 203.4006; Before; 12.535; Checking Box Human
29; Driver; Noise; None; 31.10.2023 14:05:07; 825.2569; -0.0125518; 203.4009; Before; 12.5685; Checking Box Human
29; Driver; Noise; None; 31.10.2023 14:05:07; 825.2244; -0.01255716; 203.4015; Before; 12.5851; Checking Box Human
29; Driver; Noise; None; 31.10.2023 14:05:07; 825.1918; -0.01257019; 203.4022; Before; 12.60261; null
29; Driver; Noise; None; 31.10.2023 14:05:07; 825.1589; -0.0125682; 203.4028; Before; 12.61948; null
29; Driver; Noise; None; 31.10.2023 14:05:07; 825.1259; -0.01257033; 203.4035; Before; 12.6344; null
29; Driver; Noise; None; 31.10.2023 14:05:07; 825.1093; -0.01257283; 203.4038; Before; 12.66765; null
29; Driver; Noise; None; 31.10.2023 14:05:07; 825.0592; -0.01257567; 203.4048; Before; 12.68406; null
29; Driver; Noise; None; 31.10.2023 14:05:07; 825.0424; -0.01258288; 203.4052; Before; 12.69964; null
29; Driver; Noise; None; 31.10.2023 14:05:07; 825.0087; -0.01257744; 203.4058; Before; 12.71588; null
29; Driver; Noise; None; 31.10.2023 14:05:07; 824.9748; -0.01256409; 203.4065; Before; 12.73181; null
29; Driver; Noise; None; 31.10.2023 14:05:07; 824.9407; -0.01255982; 203.4072; Before; 12.75623; null
29; Driver; Noise; None; 31.10.2023 14:05:07; 824.9235; -0.01256078; 203.4075; Before; 12.79072; null
29; Driver; Noise; None; 31.10.2023 14:05:07; 824.8892; -0.01256111; 203.4082; Before; 12.79072; null
29; Driver; Noise; None; 31.10.2023 14:05:07; 824.8546; -0.01255365; 203.4088; Before; 12.80776; null
29; Driver; Noise; None; 31.10.2023 14:05:07; 824.8198; -0.01254156; 203.4095; Before; 12.82607; null
29; Driver; Noise; None; 31.10.2023 14:05:07; 824.7848; -0.01251417; 203.4102; Before; 12.84354; null
29; Driver; Noise; None; 31.10.2023 14:05:07; 824.7496; -0.01250667; 203.4109; Before; 12.87929; null
29; Driver; Noise; None; 31.10.2023 14:05:07; 824.732; -0.01250926; 203.4112; Before; 12.89719; null
29; Driver; Noise; None; 31.10.2023 14:05:07; 824.6965; -0.01250367; 203.4119; Before; 12.91695; null
29; Driver; Noise; None; 31.10.2023 14:05:08; 824.6609; -0.01249992; 203.4126; Before; 12.93878; null
29; Driver; Noise; None; 31.10.2023 14:05:08; 824.6251; -0.01249808; 203.4133; Before; 12.95719; null
29; Driver; Noise; None; 31.10.2023 14:05:08; 824.5891; -0.01251188; 203.414; Before; 12.9784; null
29; Driver; Noise; None; 31.10.2023 14:05:08; 824.571; -0.01252314; 203.4144; Before; 12.9964; null
29; Driver; Noise; None; 31.10.2023 14:05:08; 824.5347; -0.01253015; 203.4151; Before; 13.01378; null
29; Driver; Noise; None; 31.10.2023 14:05:08; 824.4982; -0.01254741; 203.4158; Before; 13.03123; null
29; Driver; Noise; None; 31.10.2023 14:05:08; 824.4615; -0.01255556; 203.4165; Before; 13.05132; null
29; Driver; Noise; None; 31.10.2023 14:05:08; 824.4246; -0.01255639; 203.4172; Before; 13.07252; null
29; Driver; Noise; None; 31.10.2023 14:05:08; 824.4061; -0.01256099; 203.4175; Before; 13.0968; null
29; Driver; Noise; None; 31.10.2023 14:05:08; 824.369; -0.01255488; 203.4182; Before; 13.11533; null
29; Driver; Noise; None; 31.10.2023 14:05:08; 824.3317; -0.01254664; 203.4189; Before; 13.13468; null
29; Driver; Noise; None; 31.10.2023 14:05:08; 824.2943; -0.01255242; 203.4196; Before; 13.15407; null
29; Driver; Noise; None; 31.10.2023 14:05:08; 824.2756; -0.01255948; 203.42; Before; 13.19118; null
29; Driver; Noise; None; 31.10.2023 14:05:08; 824.238; -0.01257212; 203.4207; Before; 13.19118; null
29; Driver; Noise; None; 31.10.2023 14:05:08; 824.2003; -0.01257535; 203.4214; Before; 13.20805; null
29; Driver; Noise; None; 31.10.2023 14:05:08; 824.1625; -0.01257157; 203.4221; Before; 13.22768; null
29; Driver; Noise; None; 31.10.2023 14:05:08; 824.1246; -0.0125633; 203.4228; Before; 13.24847; null
29; Driver; Noise; None; 31.10.2023 14:05:08; 824.1057; -0.01256463; 203.4232; Before; 13.28714; null
29; Driver; Noise; None; 31.10.2023 14:05:08; 824.0679; -0.01256852; 203.4238; Before; 13.28714; null
29; Driver; Noise; None; 31.10.2023 14:05:08; 824.049; -0.01257448; 203.4242; Before; 13.32214; null
29; Driver; Noise; None; 31.10.2023 14:05:08; 823.9923; -0.01259262; 203.4252; Before; 13.34152; null
29; Driver; Noise; None; 31.10.2023 14:05:08; 823.9547; -0.0125896; 203.4259; Before; 13.35941; null
29; Driver; Noise; None; 31.10.2023 14:05:08; 823.9171; -0.01258099; 203.4265; Before; 13.37913; null
29; Driver; Noise; None; 31.10.2023 14:05:08; 823.8983; -0.01258988; 203.4268; Before; 13.39915; null
29; Driver; Noise; None; 31.10.2023 14:05:08; 823.8608; -0.01258875; 203.4275; Before; 13.41597; null
29; Driver; Noise; None; 31.10.2023 14:05:08; 823.8235; -0.01259605; 203.4281; Before; 13.43271; null
29; Driver; Noise; None; 31.10.2023 14:05:08; 823.8048; -0.01260206; 203.4285; Before; 13.46896; null
29; Driver; Noise; None; 31.10.2023 14:05:08; 823.7676; -0.01260987; 203.4291; Before; 13.48648; null
29; Driver; Noise; None; 31.10.2023 14:05:08; 823.7304; -0.01260578; 203.4297; Before; 13.48648; null
29; Driver; Noise; None; 31.10.2023 14:05:08; 823.7119; -0.0126067; 203.4301; Before; 13.521; null
29; Driver; Noise; None; 31.10.2023 14:05:08; 823.6748; -0.01260605; 203.4307; Before; 13.54185; null
29; Driver; Noise; None; 31.10.2023 14:05:08; 823.6194; -0.01259487; 203.4317; Before; 13.56161; null
29; Driver; Noise; None; 31.10.2023 14:05:08; 823.5826; -0.01259182; 203.4323; Before; 13.57909; null
29; Driver; Noise; None; 31.10.2023 14:05:08; 823.5643; -0.01259356; 203.4326; Before; 13.59621; null
29; Driver; Noise; None; 31.10.2023 14:05:08; 823.5276; -0.01259494; 203.4332; Before; 13.61293; null
29; Driver; Noise; None; 31.10.2023 14:05:08; 823.491; -0.01258724; 203.4338; Before; 13.63042; null
29; Driver; Noise; None; 31.10.2023 14:05:08; 823.4727; -0.01258722; 203.4341; Before; 13.66533; null
29; Driver; Noise; None; 31.10.2023 14:05:08; 823.4362; -0.01258624; 203.4347; Before; 13.68314; null
29; Driver; Noise; None; 31.10.2023 14:05:08; 823.3998; -0.01257762; 203.4353; Before; 13.68314; null
29; Driver; Noise; None; 31.10.2023 14:05:08; 823.3817; -0.01257755; 203.4356; Before; 13.72427; null
29; Driver; Noise; None; 31.10.2023 14:05:08; 823.3273; -0.01258032; 203.4365; Before; 13.74118; null
29; Driver; Noise; None; 31.10.2023 14:05:08; 823.2911; -0.01258458; 203.4371; Before; 13.75832; null
29; Driver; Noise; None; 31.10.2023 14:05:08; 823.2551; -0.01257964; 203.4377; Before; 13.77386; null
29; Driver; Noise; None; 31.10.2023 14:05:08; 823.2371; -0.01258076; 203.438; Before; 13.79121; Checking Box AICar
29; Driver; Noise; None; 31.10.2023 14:05:08; 823.2011; -0.01256769; 203.4386; Before; 13.81185; Checking Box AICar
29; Driver; Noise; None; 31.10.2023 14:05:08; 823.1652; -0.01256662; 203.4391; Before; 13.83185; Checking Box AICar
29; Driver; Noise; None; 31.10.2023 14:05:08; 823.1295; -0.01254563; 203.4397; Before; 13.85106; Checking Box AICar
29; Driver; Noise; None; 31.10.2023 14:05:08; 823.0938; -0.01252717; 203.4403; Before; 13.87887; Checking Box AICar
29; Driver; Noise; None; 31.10.2023 14:05:08; 823.0759; -0.01253307; 203.4406; Before; 13.89823; Checking Box AICar
29; Driver; Noise; None; 31.10.2023 14:05:08; 823.0403; -0.01253125; 203.4411; Before; 13.91699; Checking Box AICar
29; Driver; Noise; None; 31.10.2023 14:05:09; 823.0048; -0.01254183; 203.4417; Before; 13.9344; Checking Box AICar
29; Driver; Noise; None; 31.10.2023 14:05:09; 822.9694; -0.01254561; 203.4422; Before; 13.95201; Checking Box AICar
29; Driver; Noise; None; 31.10.2023 14:05:09; 822.9517; -0.01255136; 203.4425; Before; 13.98694; Checking Box AICar
29; Driver; Noise; None; 31.10.2023 14:05:09; 822.9164; -0.0125614; 203.443; Before; 13.98694; Checking Box AICar
29; Driver; Noise; None; 31.10.2023 14:05:09; 822.8812; -0.01256241; 203.4435; Before; 14.00577; Checking Box AICar
29; Driver; Noise; None; 31.10.2023 14:05:09; 822.8461; -0.01255677; 203.444; Before; 14.02616; Checking Box AICar
29; Driver; Noise; None; 31.10.2023 14:05:09; 822.8286; -0.01255815; 203.4443; Before; 14.06546; Checking Box AICar
29; Driver; Noise; None; 31.10.2023 14:05:09; 822.7761; -0.01256495; 203.4451; Before; 14.08206; Checking Box AICar
29; Driver; Noise; None; 31.10.2023 14:05:09; 822.7586; -0.01257541; 203.4453; Before; 14.09876; Checking Box Human
29; Driver; Noise; None; 31.10.2023 14:05:09; 822.7238; -0.01257672; 203.4458; Before; 14.11496; Checking Box Human
29; Driver; Noise; None; 31.10.2023 14:05:09; 822.689; -0.01258358; 203.4463; Before; 14.13209; Checking Box Human
29; Driver; Noise; None; 31.10.2023 14:05:09; 822.6543; -0.0125794; 203.4468; Before; 14.15199; Checking Box Human
29; Driver; Noise; None; 31.10.2023 14:05:09; 822.6197; -0.01255417; 203.4473; Before; 14.17115; null
29; Driver; Noise; None; 31.10.2023 14:05:09; 822.6024; -0.01255539; 203.4475; Before; 14.19831; null
29; Driver; Noise; None; 31.10.2023 14:05:09; 822.5679; -0.01254397; 203.448; Before; 14.21781; null
29; Driver; Noise; None; 31.10.2023 14:05:09; 822.5335; -0.01254483; 203.4485; Before; 14.23476; null
29; Driver; Noise; None; 31.10.2023 14:05:09; 822.5164; -0.01254893; 203.4487; Before; 14.26718; null
29; Driver; Noise; None; 31.10.2023 14:05:09; 822.4821; -0.01255579; 203.4492; Before; 14.28455; null
29; Driver; Noise; None; 31.10.2023 14:05:09; 822.4479; -0.01257327; 203.4496; Before; 14.3006; null
29; Driver; Noise; None; 31.10.2023 14:05:09; 822.4138; -0.01257612; 203.4501; Before; 14.31811; null
29; Driver; Noise; None; 31.10.2023 14:05:09; 822.3797; -0.01255103; 203.4505; Before; 14.31811; null
29; Driver; Noise; None; 31.10.2023 14:05:09; 822.3457; -0.01252872; 203.451; Before; 14.33341; null
29; Driver; Noise; None; 31.10.2023 14:05:09; 822.3287; -0.01252413; 203.4512; Before; 14.38899; null
29; Driver; Noise; None; 31.10.2023 14:05:09; 822.2949; -0.01251935; 203.4516; Before; 14.38899; null
29; Driver; Noise; None; 31.10.2023 14:05:09; 822.261; -0.01253184; 203.452; Before; 14.42267; null
29; Driver; Noise; None; 31.10.2023 14:05:09; 822.2274; -0.01253532; 203.4524; Before; 14.43917; null
29; Driver; Noise; None; 31.10.2023 14:05:09; 822.1937; -0.01254685; 203.4528; Before; 14.45462; null
29; Driver; Noise; None; 31.10.2023 14:05:09; 822.1602; -0.01254911; 203.4532; Before; 14.47302; null
29; Driver; Noise; None; 31.10.2023 14:05:09; 822.1434; -0.01255311; 203.4533; Before; 14.4904; null
29; Driver; Noise; None; 31.10.2023 14:05:09; 822.11; -0.01255877; 203.4537; Before; 14.5094; null
29; Driver; Noise; None; 31.10.2023 14:05:09; 822.0933; -0.01256365; 203.4539; Before; 14.54389; null
29; Driver; Noise; None; 31.10.2023 14:05:09; 822.0433; -0.01257415; 203.4544; Before; 14.56183; null
29; Driver; Noise; None; 31.10.2023 14:05:09; 822.0101; -0.01257856; 203.4548; Before; 14.5784; null
29; Driver; Noise; None; 31.10.2023 14:05:09; 821.9935; -0.01258195; 203.455; Before; 14.59399; null
29; Driver; Noise; None; 31.10.2023 14:05:09; 821.977; -0.01259019; 203.4551; Before; 14.62597; null
29; Driver; Noise; None; 31.10.2023 14:05:09; 821.9274; -0.01260307; 203.4556; Before; 14.64134; null
29; Driver; Noise; None; 31.10.2023 14:05:09; 821.8945; -0.01259141; 203.456; Before; 14.65943; null
29; Driver; Noise; None; 31.10.2023 14:05:09; 821.8781; -0.01259512; 203.4561; Before; 14.69321; null
29; Driver; Noise; None; 31.10.2023 14:05:09; 821.8452; -0.01259624; 203.4565; Before; 14.69321; null
29; Driver; Noise; None; 31.10.2023 14:05:09; 821.8289; -0.01259734; 203.4566; Before; 14.72442; null
29; Driver; Noise; None; 31.10.2023 14:05:09; 821.7798; -0.0125936; 203.4571; Before; 14.7404; null
29; Driver; Noise; None; 31.10.2023 14:05:09; 821.7472; -0.01258807; 203.4574; Before; 14.75588; null
29; Driver; Noise; None; 31.10.2023 14:05:09; 821.7309; -0.01258678; 203.4575; Before; 14.78718; null
29; Driver; Noise; None; 31.10.2023 14:05:09; 821.6984; -0.01258063; 203.4578; Before; 14.78718; null
29; Driver; Noise; None; 31.10.2023 14:05:09; 821.666; -0.01258339; 203.4581; Before; 14.82106; null
29; Driver; Noise; None; 31.10.2023 14:05:09; 821.6337; -0.01257299; 203.4584; Before; 14.83931; Checking Box Human
29; Driver; Noise; None; 31.10.2023 14:05:09; 821.6175; -0.01257754; 203.4585; Before; 14.87085; Checking Box Human
29; Driver; Noise; None; 31.10.2023 14:05:09; 821.5853; -0.01258099; 203.4588; Before; 14.88638; Checking Box Human
29; Driver; Noise; None; 31.10.2023 14:05:09; 821.5531; -0.01259024; 203.4591; Before; 14.90175; Checking Box Human
29; Driver; Noise; None; 31.10.2023 14:05:09; 821.521; -0.01258354; 203.4594; Before; 14.91767; Checking Box Human
29; Driver; Noise; None; 31.10.2023 14:05:09; 821.505; -0.0125889; 203.4595; Before; 14.94848; Checking Box Human
29; Driver; Noise; None; 31.10.2023 14:05:10; 821.457; -0.01257644; 203.4599; Before; 14.94848; Checking Box Human
29; Driver; Noise; None; 31.10.2023 14:05:10; 821.4252; -0.01255181; 203.4601; Before; 14.96444; Checking Box Human
29; Driver; Noise; None; 31.10.2023 14:05:10; 821.4092; -0.01254418; 203.4603; Before; 14.99038; Checking Box Human
29; Driver; Noise; None; 31.10.2023 14:05:10; 821.3934; -0.01254355; 203.4604; Before; 15.02481; Checking Box Human
29; Driver; Noise; None; 31.10.2023 14:05:10; 821.3458; -0.01254312; 203.4608; Before; 15.04044; Checking Box Human
29; Driver; Noise; None; 31.10.2023 14:05:10; 821.3142; -0.0125445; 203.461; Before; 15.05602; Checking Box Human
29; Driver; Noise; None; 31.10.2023 14:05:10; 821.2984; -0.01254736; 203.4611; Before; 15.08808; Checking Box Human
29; Driver; Noise; None; 31.10.2023 14:05:10; 821.2669; -0.01255013; 203.4614; Before; 15.08808; Checking Box Human
29; Driver; Noise; None; 31.10.2023 14:05:10; 821.2512; -0.01255323; 203.4615; Before; 15.12019; Checking Box Human
29; Driver; Noise; None; 31.10.2023 14:05:10; 821.2041; -0.01255852; 203.4618; Before; 15.1408; Checking Box Human
29; Driver; Noise; None; 31.10.2023 14:05:10; 821.1729; -0.01255994; 203.462; Before; 15.15901; Checking Box Human
29; Driver; Noise; None; 31.10.2023 14:05:10; 821.1572; -0.01256196; 203.4621; Before; 15.18923; Checking Box AICar
29; Driver; Noise; None; 31.10.2023 14:05:10; 821.126; -0.01256192; 203.4623; Before; 15.18923; Checking Box AICar
29; Driver; Noise; None; 31.10.2023 14:05:10; 821.0949; -0.01256929; 203.4626; Before; 15.22042; Checking Box AICar
29; Driver; Noise; None; 31.10.2023 14:05:10; 821.0639; -0.01257474; 203.4628; Before; 15.23594; Checking Box AICar
29; Driver; Noise; None; 31.10.2023 14:05:10; 821.0484; -0.01257757; 203.4629; Before; 15.26714; Checking Box AICar
29; Driver; Noise; None; 31.10.2023 14:05:10; 821.0175; -0.01257727; 203.4631; Before; 15.28291; Checking Box AICar
29; Driver; Noise; None; 31.10.2023 14:05:10; 820.9866; -0.01256524; 203.4633; Before; 15.28291; Checking Box AICar
29; Driver; Noise; None; 31.10.2023 14:05:10; 820.9558; -0.012546; 203.4635; Before; 15.3072; Checking Box AICar
29; Driver; Noise; None; 31.10.2023 14:05:10; 820.9404; -0.0125402; 203.4635; Before; 15.34286; Checking Box AICar
29; Driver; Noise; None; 31.10.2023 14:05:10; 820.8944; -0.01252781; 203.4638; Before; 15.36097; Checking Box AICar
29; Driver; Noise; None; 31.10.2023 14:05:10; 820.8791; -0.0125321; 203.4639; Before; 15.39298; Checking Box AICar
29; Driver; Noise; None; 31.10.2023 14:05:10; 820.8486; -0.01253759; 203.4641; Before; 15.39298; Checking Box AICar
29; Driver; Noise; None; 31.10.2023 14:05:10; 820.8181; -0.01255068; 203.4643; Before; 15.42351; Checking Box AICar
29; Driver; Noise; None; 31.10.2023 14:05:10; 820.7877; -0.01254968; 203.4645; Before; 15.43896; Checking Box AICar
29; Driver; Noise; None; 31.10.2023 14:05:10; 820.7574; -0.0125403; 203.4646; Before; 15.45735; Checking Box AICar
29; Driver; Noise; None; 31.10.2023 14:05:10; 820.7422; -0.01254521; 203.4647; Before; 15.49234; Checking Box AICar
29; Driver; Noise; None; 31.10.2023 14:05:10; 820.712; -0.01255027; 203.4649; Before; 15.49234; Checking Box AICar
29; Driver; Noise; None; 31.10.2023 14:05:10; 820.6818; -0.0125612; 203.465; Before; 15.52227; Checking Box AICar
29; Driver; Noise; None; 31.10.2023 14:05:10; 820.6517; -0.01255723; 203.4652; Before; 15.5386; Checking Box AICar
29; Driver; Noise; None; 31.10.2023 14:05:10; 820.6367; -0.01256335; 203.4652; Before; 15.56904; Checking Box AICar
29; Driver; Noise; None; 31.10.2023 14:05:10; 820.5917; -0.012571; 203.4655; Before; 15.58445; Checking Box AICar
29; Driver; Noise; None; 31.10.2023 14:05:10; 820.5768; -0.01257722; 203.4655; Before; 15.59962; Checking Box AICar
29; Driver; Noise; None; 31.10.2023 14:05:10; 820.5469; -0.01256964; 203.4657; Before; 15.61782; Checking Box AICar
29; Driver; Noise; None; 31.10.2023 14:05:10; 820.5172; -0.0125644; 203.4658; Before; 15.63547; Checking Box AICar
29; Driver; Noise; None; 31.10.2023 14:05:10; 820.5023; -0.0125628; 203.4659; Before; 15.66826; Checking Box AICar
29; Driver; Noise; None; 31.10.2023 14:05:10; 820.4726; -0.01255587; 203.466; Before; 15.68657; Checking Box AICar
29; Driver; Noise; None; 31.10.2023 14:05:10; 820.443; -0.01255676; 203.4661; Before; 15.70323; Checking Box AICar
29; Driver; Noise; None; 31.10.2023 14:05:10; 820.4135; -0.01254557; 203.4662; Before; 15.71955; Checking Box AICar
29; Driver; Noise; None; 31.10.2023 14:05:10; 820.384; -0.01254; 203.4664; Before; 15.73408; Checking Box AICar
29; Driver; Noise; None; 31.10.2023 14:05:10; 820.3546; -0.01251554; 203.4665; Before; 15.74992; Checking Box AICar
29; Driver; Noise; None; 31.10.2023 14:05:10; 820.3252; -0.01250356; 203.4666; Before; 15.77627; Checking Box AICar
29; Driver; Noise; None; 31.10.2023 14:05:10; 820.3105; -0.01250174; 203.4667; Before; 15.79698; Checking Box AICar
29; Driver; Noise; None; 31.10.2023 14:05:10; 820.2813; -0.01249931; 203.4668; Before; 15.81232; Checking Box AICar
29; Driver; Noise; None; 31.10.2023 14:05:10; 820.2521; -0.01250906; 203.4669; Before; 15.84285; Checking Box AICar
29; Driver; Noise; None; 31.10.2023 14:05:10; 820.223; -0.0125205; 203.467; Before; 15.85874; Checking Box AICar
29; Driver; Noise; None; 31.10.2023 14:05:10; 820.2085; -0.01252709; 203.467; Before; 15.8889; Checking Box AICar
29; Driver; Noise; None; 31.10.2023 14:05:10; 820.1795; -0.01253528; 203.4671; Before; 15.8889; Checking Box AICar
29; Driver; Noise; None; 31.10.2023 14:05:10; 820.165; -0.01253988; 203.4672; Before; 15.92263; Checking Box AICar
29; Driver; Noise; None; 31.10.2023 14:05:11; 820.1217; -0.01254634; 203.4673; Before; 15.94128; Checking Box AICar
29; Driver; Noise; None; 31.10.2023 14:05:11; 820.0929; -0.01254642; 203.4674; Before; 15.9576; Checking Box AICar
29; Driver; Noise; None; 31.10.2023 14:05:11; 820.0785; -0.01254721; 203.4674; Before; 15.98762; Checking Box AICar
29; Driver; Noise; None; 31.10.2023 14:05:11; 820.0498; -0.01256043; 203.4675; Before; 16.00444; Checking Box AICar
29; Driver; Noise; None; 31.10.2023 14:05:11; 820.0211; -0.01255695; 203.4676; Before; 16.01905; null
29; Driver; Noise; None; 31.10.2023 14:05:11; 820.0068; -0.0125622; 203.4676; Before; 16.04832; null
29; Driver; Noise; None; 31.10.2023 14:05:11; 819.9641; -0.01255004; 203.4677; Before; 16.04832; null
29; Driver; Noise; None; 31.10.2023 14:05:11; 819.9356; -0.01252603; 203.4678; Before; 16.06349; null
29; Driver; Noise; None; 31.10.2023 14:05:11; 819.9214; -0.01251797; 203.4678; Before; 16.09282; null
29; Driver; Noise; None; 31.10.2023 14:05:11; 819.8931; -0.01250381; 203.4679; Before; 16.11437; Checking Box AICar
29; Driver; Noise; None; 31.10.2023 14:05:11; 819.8789; -0.01250061; 203.4679; Before; 16.14775; Checking Box AICar
29; Driver; Noise; None; 31.10.2023 14:05:11; 819.8365; -0.01249594; 203.468; Before; 16.16337; Checking Box AICar
29; Driver; Noise; None; 31.10.2023 14:05:11; 819.8224; -0.01250201; 203.468; Before; 16.19329; Checking Box AICar
29; Driver; Noise; None; 31.10.2023 14:05:11; 819.7943; -0.01251081; 203.4681; Before; 16.19329; Checking Box AICar
29; Driver; Noise; None; 31.10.2023 14:05:11; 819.7662; -0.01251018; 203.4682; Before; 16.20842; Checking Box AICar
29; Driver; Noise; None; 31.10.2023 14:05:11; 819.7383; -0.01250278; 203.4682; Before; 16.22339; Checking Box AICar
29; Driver; Noise; None; 31.10.2023 14:05:11; 819.7243; -0.0125021; 203.4682; Before; 16.26923; null
29; Driver; Noise; None; 31.10.2023 14:05:11; 819.6964; -0.01250028; 203.4683; Before; 16.28589; null
29; Driver; Noise; None; 31.10.2023 14:05:11; 819.6686; -0.01250843; 203.4684; Before; 16.3009; null
29; Driver; Noise; None; 31.10.2023 14:05:11; 819.6408; -0.01250632; 203.4684; Before; 16.31704; null
29; Driver; Noise; None; 31.10.2023 14:05:11; 819.627; -0.0125137; 203.4684; Before; 16.34813; null
29; Driver; Noise; None; 31.10.2023 14:05:11; 819.5854; -0.01252807; 203.4685; Before; 16.36329; null
29; Driver; Noise; None; 31.10.2023 14:05:11; 819.5579; -0.01250637; 203.4685; Before; 16.36329; null
29; Driver; Noise; None; 31.10.2023 14:05:11; 819.5441; -0.01250052; 203.4685; Before; 16.37945; null
29; Driver; Noise; None; 31.10.2023 14:05:11; 819.5166; -0.01247981; 203.4686; Before; 16.40965; null
29; Driver; Noise; None; 31.10.2023 14:05:11; 819.4891; -0.012472; 203.4686; Before; 16.43113; null
29; Driver; Noise; None; 31.10.2023 14:05:11; 819.4755; -0.01247222; 203.4686; Before; 16.46718; Checking Box Human
29; Driver; Noise; None; 31.10.2023 14:05:11; 819.4481; -0.01247388; 203.4686; Before; 16.4838; Checking Box Human
29; Driver; Noise; None; 31.10.2023 14:05:11; 819.4208; -0.01248664; 203.4687; Before; 16.50022; Checking Box Human
29; Driver; Noise; None; 31.10.2023 14:05:11; 819.3934; -0.01248973; 203.4687; Before; 16.51804; Checking Box Human
29; Driver; Noise; None; 31.10.2023 14:05:11; 819.3798; -0.01248435; 203.4687; Before; 16.53407; null
29; Driver; Noise; None; 31.10.2023 14:05:11; 819.3524; -0.01247943; 203.4688; Before; 16.56403; null
29; Driver; Noise; None; 31.10.2023 14:05:11; 819.3251; -0.01247146; 203.4688; Before; 16.58418; null
29; Driver; Noise; None; 31.10.2023 14:05:11; 819.2976; -0.01247739; 203.4688; Before; 16.60029; null
29; Driver; Noise; None; 31.10.2023 14:05:11; 819.2701; -0.01247645; 203.4688; Before; 16.61696; null
29; Driver; Noise; None; 31.10.2023 14:05:11; 819.2563; -0.01248524; 203.4688; Before; 16.64733; null
29; Driver; Noise; None; 31.10.2023 14:05:11; 819.2288; -0.01249884; 203.4688; Before; 16.66334; null
29; Driver; Noise; None; 31.10.2023 14:05:11; 819.1872; -0.01250537; 203.4689; Before; 16.68118; null
29; Driver; Noise; None; 31.10.2023 14:05:11; 819.1733; -0.01249765; 203.4689; Before; 16.68118; null
29; Driver; Noise; None; 31.10.2023 14:05:11; 819.1455; -0.01248815; 203.4689; Before; 16.69857; null
29; Driver; Noise; None; 31.10.2023 14:05:11; 819.1316; -0.01248703; 203.4689; Before; 16.7462; null
29; Driver; Noise; None; 31.10.2023 14:05:11; 819.0897; -0.01248762; 203.469; Before; 16.76208; null
29; Driver; Noise; None; 31.10.2023 14:05:11; 819.0617; -0.01249116; 203.469; Before; 16.77902; null
29; Driver; Noise; None; 31.10.2023 14:05:11; 819.0477; -0.01249522; 203.4691; Before; 16.79535; null
29; Driver; Noise; None; 31.10.2023 14:05:11; 819.0195; -0.01250107; 203.4691; Before; 16.81052; null
29; Driver; Noise; None; 31.10.2023 14:05:11; 819.0054; -0.01250566; 203.4691; Before; 16.84373; null
29; Driver; Noise; None; 31.10.2023 14:05:11; 818.9772; -0.01251159; 203.4692; Before; 16.86279; null
29; Driver; Noise; None; 31.10.2023 14:05:11; 818.9489; -0.01250855; 203.4693; Before; 16.88174; null
29; Driver; Noise; None; 31.10.2023 14:05:11; 818.9204; -0.01251523; 203.4694; Before; 16.90087; null
29; Driver; Noise; None; 31.10.2023 14:05:11; 818.8919; -0.01251142; 203.4695; Before; 16.91657; null
29; Driver; Noise; None; 31.10.2023 14:05:11; 818.8776; -0.01251828; 203.4696; Before; 16.94757; null
29; Driver; Noise; None; 31.10.2023 14:05:12; 818.8347; -0.01253172; 203.4697; Before; 16.96309; null
29; Driver; Noise; None; 31.10.2023 14:05:12; 818.8059; -0.01253614; 203.4698; Before; 16.97925; null
29; Driver; Noise; None; 31.10.2023 14:05:12; 818.7915; -0.01253891; 203.4698; Before; 16.99531; null
29; Driver; Noise; None; 31.10.2023 14:05:12; 818.7626; -0.01253966; 203.4699; Before; 17.01173; null
29; Driver; Noise; None; 31.10.2023 14:05:12; 818.7336; -0.01253031; 203.47; Before; 17.02781; Checking Box Human
29; Driver; Noise; None; 31.10.2023 14:05:12; 818.7191; -0.012528; 203.4701; Before; 17.06593; Checking Box Human
29; Driver; Noise; None; 31.10.2023 14:05:12; 818.6753; -0.0125215; 203.4702; Before; 17.08223; Checking Box Human
29; Driver; Noise; None; 31.10.2023 14:05:12; 818.6606; -0.01252621; 203.4702; Before; 17.09815; Checking Box Human
29; Driver; Noise; None; 31.10.2023 14:05:12; 818.6311; -0.01251997; 203.4703; Before; 17.11376; Checking Box Human
29; Driver; Noise; None; 31.10.2023 14:05:12; 818.6014; -0.01252009; 203.4704; Before; 17.13156; Checking Box Human
29; Driver; Noise; None; 31.10.2023 14:05:12; 818.5864; -0.01252227; 203.4705; Before; 17.16596; Checking Box Human
29; Driver; Noise; None; 31.10.2023 14:05:12; 818.5563; -0.01252408; 203.4706; Before; 17.18235; Checking Box Human
29; Driver; Noise; None; 31.10.2023 14:05:12; 818.5258; -0.01251782; 203.4707; Before; 17.18235; Checking Box Human
29; Driver; Noise; None; 31.10.2023 14:05:12; 818.495; -0.0125066; 203.4707; Before; 17.20863; Checking Box Human
29; Driver; Noise; None; 31.10.2023 14:05:12; 818.4795; -0.01250527; 203.4708; Before; 17.24381; Checking Box Human
29; Driver; Noise; None; 31.10.2023 14:05:12; 818.4324; -0.01250664; 203.4709; Before; 17.26056; Checking Box Human
29; Driver; Noise; None; 31.10.2023 14:05:12; 818.4165; -0.01251559; 203.471; Before; 17.2915; Checking Box Human
29; Driver; Noise; None; 31.10.2023 14:05:12; 818.3845; -0.01252958; 203.4711; Before; 17.2915; Checking Box Human
29; Driver; Noise; None; 31.10.2023 14:05:12; 818.3521; -0.0125507; 203.4712; Before; 17.32209; Checking Box Human
29; Driver; Noise; None; 31.10.2023 14:05:12; 818.3193; -0.01255585; 203.4713; Before; 17.33788; Checking Box Human
29; Driver; Noise; None; 31.10.2023 14:05:12; 818.2862; -0.01256372; 203.4713; Before; 17.35593; Checking Box Human
29; Driver; Noise; None; 31.10.2023 14:05:12; 818.2695; -0.0125686; 203.4714; Before; 17.39036; Checking Box Human
29; Driver; Noise; None; 31.10.2023 14:05:12; 818.2358; -0.0125732; 203.4715; Before; 17.39036; Checking Box Human
29; Driver; Noise; None; 31.10.2023 14:05:12; 818.2017; -0.01258517; 203.4716; Before; 17.42324; Checking Box Human
29; Driver; Noise; None; 31.10.2023 14:05:12; 818.1672; -0.0125814; 203.4717; Before; 17.43902; Checking Box Human
29; Driver; Noise; None; 31.10.2023 14:05:12; 818.1323; -0.01258227; 203.4718; Before; 17.45605; Checking Box Human
29; Driver; Noise; None; 31.10.2023 14:05:12; 818.1147; -0.01258447; 203.4718; Before; 17.48859; Checking Box Human
29; Driver; Noise; None; 31.10.2023 14:05:12; 818.0792; -0.012585; 203.4719; Before; 17.48859; Checking Box Human
29; Driver; Noise; None; 31.10.2023 14:05:12; 818.0612; -0.01258727; 203.4719; Before; 17.52515; Checking Box Human
29; Driver; Noise; None; 31.10.2023 14:05:12; 818.0067; -0.01259079; 203.4721; Before; 17.54111; null
29; Driver; Noise; None; 31.10.2023 14:05:12; 817.9697; -0.01259242; 203.4722; Before; 17.55672; null
29; Driver; Noise; None; 31.10.2023 14:05:12; 817.951; -0.01259548; 203.4722; Before; 17.58768; null
29; Driver; Noise; None; 31.10.2023 14:05:12; 817.9132; -0.01259794; 203.4723; Before; 17.58768; null
29; Driver; Noise; None; 31.10.2023 14:05:12; 817.8941; -0.01260146; 203.4724; Before; 17.62342; null
29; Driver; Noise; None; 31.10.2023 14:05:12; 817.8358; -0.01258708; 203.4725; Before; 17.62342; null
29; Driver; Noise; None; 31.10.2023 14:05:12; 817.7961; -0.01256415; 203.4726; Before; 17.64092; null
29; Driver; Noise; None; 31.10.2023 14:05:12; 817.7759; -0.01255994; 203.4726; Before; 17.68786; null
29; Driver; Noise; None; 31.10.2023 14:05:12; 817.7351; -0.01255609; 203.4727; Before; 17.68786; null
29; Driver; Noise; None; 31.10.2023 14:05:12; 817.6934; -0.01257327; 203.4729; Before; 17.72017; null
29; Driver; Noise; None; 31.10.2023 14:05:12; 817.6509; -0.0125958; 203.473; Before; 17.73629; null
29; Driver; Noise; None; 31.10.2023 14:05:12; 817.6293; -0.01260947; 203.4731; Before; 17.76593; Checking Box AICar
29; Driver; Noise; None; 31.10.2023 14:05:12; 817.5631; -0.01264327; 203.4732; Before; 17.78156; Checking Box AICar
29; Driver; Noise; None; 31.10.2023 14:05:12; 817.5406; -0.01263726; 203.4733; Before; 17.78156; Checking Box AICar
29; Driver; Noise; None; 31.10.2023 14:05:12; 817.4948; -0.01263269; 203.4734; Before; 17.79784; Checking Box AICar
29; Driver; Noise; None; 31.10.2023 14:05:12; 817.4716; -0.01263554; 203.4735; Before; 17.84404; Checking Box AICar
29; Driver; Noise; None; 31.10.2023 14:05:12; 817.4003; -0.01264765; 203.4737; Before; 17.86101; Checking Box AICar
29; Driver; Noise; None; 31.10.2023 14:05:12; 817.3761; -0.01266338; 203.4737; Before; 17.8923; Checking Box AICar
29; Driver; Noise; None; 31.10.2023 14:05:12; 817.3269; -0.01268751; 203.4738; Before; 17.8923; Checking Box AICar
29; Driver; Noise; None; 31.10.2023 14:05:12; 817.2766; -0.01272172; 203.474; Before; 17.92315; Checking Box AICar
29; Driver; Noise; None; 31.10.2023 14:05:13; 817.2253; -0.0127308; 203.4741; Before; 17.93927; Checking Box AICar
29; Driver; Noise; None; 31.10.2023 14:05:13; 817.1729; -0.01274418; 203.4742; Before; 17.95448; Checking Box AICar
29; Driver; Noise; None; 31.10.2023 14:05:13; 817.1193; -0.01273936; 203.4743; Before; 17.97387; Checking Box AICar
29; Driver; Noise; None; 31.10.2023 14:05:13; 817.0922; -0.01274136; 203.4743; Before; 17.99324; Checking Box AICar
29; Driver; Noise; None; 31.10.2023 14:05:13; 817.0647; -0.01275304; 203.4744; Before; 18.026; Checking Box AICar
29; Driver; Noise; None; 31.10.2023 14:05:13; 816.9807; -0.01277828; 203.4745; Before; 18.04165; Checking Box AICar
29; Driver; Noise; None; 31.10.2023 14:05:13; 816.9232; -0.01279006; 203.4746; Before; 18.0591; Checking Box AICar
29; Driver; Noise; None; 31.10.2023 14:05:13; 816.894; -0.01279841; 203.4746; Before; 18.0913; Checking Box AICar
29; Driver; Noise; None; 31.10.2023 14:05:13; 816.8348; -0.01280752; 203.4747; Before; 18.0913; Checking Box AICar
29; Driver; Noise; None; 31.10.2023 14:05:13; 816.7745; -0.01279837; 203.4748; Before; 18.10759; Checking Box AICar
29; Driver; Noise; None; 31.10.2023 14:05:13; 816.7438; -0.01279955; 203.4748; Before; 18.14588; Checking Box AICar
29; Driver; Noise; None; 31.10.2023 14:05:13; 816.6503; -0.01280558; 203.4749; Before; 18.16194; Checking Box AICar
29; Driver; Noise; None; 31.10.2023 14:05:13; 816.5864; -0.01281384; 203.4749; Before; 18.17768; Checking Box AICar
29; Driver; Noise; None; 31.10.2023 14:05:13; 816.554; -0.01282304; 203.475; Before; 18.19348; Checking Box AICar
29; Driver; Noise; None; 31.10.2023 14:05:13; 816.5212; -0.01284339; 203.475; Before; 18.22521; Checking Box AICar
29; Driver; Noise; None; 31.10.2023 14:05:13; 816.4212; -0.01288913; 203.4751; Before; 18.24029; Checking Box AICar
29; Driver; Noise; None; 31.10.2023 14:05:13; 816.3529; -0.01288406; 203.4751; Before; 18.25808; Checking Box AICar
29; Driver; Noise; None; 31.10.2023 14:05:13; 816.2832; -0.01289157; 203.4751; Before; 18.27631; Checking Box AICar
29; Driver; Noise; None; 31.10.2023 14:05:13; 816.2479; -0.01289993; 203.4752; Before; 18.29492; Checking Box AICar
29; Driver; Noise; None; 31.10.2023 14:05:13; 816.2122; -0.01291998; 203.4752; Before; 18.32666; Checking Box AICar
29; Driver; Noise; None; 31.10.2023 14:05:13; 816.1028; -0.01296201; 203.4752; Before; 18.34189; Checking Box AICar
29; Driver; Noise; None; 31.10.2023 14:05:13; 816.0281; -0.01297929; 203.4752; Before; 18.35817; Checking Box AICar
29; Driver; Noise; None; 31.10.2023 14:05:13; 815.952; -0.01296977; 203.4751; Before; 18.37511; Checking Box AICar
29; Driver; Noise; None; 31.10.2023 14:05:13; 815.9133; -0.01297112; 203.4751; Before; 18.39151; Checking Box AICar
29; Driver; Noise; None; 31.10.2023 14:05:13; 815.835; -0.01296941; 203.4751; Before; 18.40967; Checking Box AICar
29; Driver; Noise; None; 31.10.2023 14:05:13; 815.755; -0.01295047; 203.475; Before; 18.43013; Checking Box AICar
29; Driver; Noise; None; 31.10.2023 14:05:13; 815.6736; -0.0129225; 203.4749; Before; 18.45052; Checking Box AICar
29; Driver; Noise; None; 31.10.2023 14:05:13; 815.6323; -0.01292132; 203.4748; Before; 18.4876; Checking Box AICar
29; Driver; Noise; None; 31.10.2023 14:05:13; 815.5486; -0.01292423; 203.4747; Before; 18.4876; Checking Box AICar
29; Driver; Noise; None; 31.10.2023 14:05:13; 815.4633; -0.01296537; 203.4746; Before; 18.52082; Checking Box AICar
29; Driver; Noise; None; 31.10.2023 14:05:13; 815.3765; -0.01301356; 203.4744; Before; 18.53768; Checking Box AICar
29; Driver; Noise; None; 31.10.2023 14:05:13; 815.288; -0.01303304; 203.4742; Before; 18.55272; Checking Box AICar
29; Driver; Noise; None; 31.10.2023 14:05:13; 815.198; -0.01303103; 203.474; Before; 18.57024; Checking Box AICar
29; Driver; Noise; None; 31.10.2023 14:05:13; 815.1524; -0.01303979; 203.4739; Before; 18.59093; Checking Box AICar
29; Driver; Noise; None; 31.10.2023 14:05:13; 815.06; -0.01305495; 203.4736; Before; 18.61141; Checking Box AICar
29; Driver; Noise; None; 31.10.2023 14:05:13; 815.0132; -0.01307069; 203.4735; Before; 18.6452; Checking Box AICar
29; Driver; Noise; None; 31.10.2023 14:05:13; 814.8704; -0.0131151; 203.473; Before; 18.6618; Checking Box AICar
29; Driver; Noise; None; 31.10.2023 14:05:13; 814.822; -0.01314997; 203.4729; Before; 18.69257; Checking Box AICar
29; Driver; Noise; None; 31.10.2023 14:05:13; 814.7239; -0.01320063; 203.4725; Before; 18.69257; Checking Box AICar
29; Driver; Noise; None; 31.10.2023 14:05:13; 814.6241; -0.01321093; 203.4721; Before; 18.70849; Checking Box AICar
29; Driver; Noise; None; 31.10.2023 14:05:13; 814.5735; -0.01322161; 203.4718; Before; 18.74426; Checking Box AICar
29; Driver; Noise; None; 31.10.2023 14:05:13; 814.4194; -0.01324327; 203.4711; Before; 18.76341; Checking Box AICar
29; Driver; Noise; None; 31.10.2023 14:05:13; 814.3671; -0.01321361; 203.4708; Before; 18.77987; Checking Box AICar
29; Driver; Noise; None; 31.10.2023 14:05:13; 814.2614; -0.01317764; 203.4702; Before; 18.77987; Checking Box AICar
29; Driver; Noise; None; 31.10.2023 14:05:13; 814.1539; -0.01319399; 203.4696; Before; 18.82181; Checking Box AICar
29; Driver; Noise; None; 31.10.2023 14:05:13; 814.0446; -0.01318444; 203.4688; Before; 18.83813; Checking Box AICar
29; Driver; Noise; None; 31.10.2023 14:05:13; 813.9335; -0.01316479; 203.4679; Before; 18.85696; Checking Box AICar
29; Driver; Noise; None; 31.10.2023 14:05:13; 813.8772; -0.01304147; 203.4674; Before; 18.8788; Checking Box AICar
29; Driver; Noise; None; 31.10.2023 14:05:13; 813.7634; -0.01286024; 203.4663; Before; 18.8788; Checking Box AICar
29; Driver; Noise; None; 31.10.2023 14:05:13; 813.6478; -0.0127309; 203.4651; Before; 18.90199; Checking Box AICar
29; Driver; Noise; None; 31.10.2023 14:05:13; 813.5894; -0.01270474; 203.4645; Before; 18.94604; Checking Box AICar
29; Driver; Noise; None; 31.10.2023 14:05:14; 813.4111; -0.01267154; 203.4624; Before; 18.94604; Checking Box AICar
29; Driver; Noise; None; 31.10.2023 14:05:14; 813.2899; -0.01266464; 203.4608; Before; 18.96418; Checking Box AICar
29; Driver; Noise; None; 31.10.2023 14:05:14; 813.2286; -0.01269297; 203.46; Before; 18.98936; null
29; Driver; Noise; None; 31.10.2023 14:05:14; 813.1046; -0.01266347; 203.4583; Before; 18.98936; null
29; Driver; Noise; None; 31.10.2023 14:05:14; 812.9786; -0.01267662; 203.4563; Before; 19.01717; null
29; Driver; Noise; None; 31.10.2023 14:05:14; 812.8508; -0.01259337; 203.4543; Before; 19.01717; null
29; Driver; Noise; None; 31.10.2023 14:05:14; 812.721; -0.01258085; 203.4521; Before; 19.04512; null
29; Driver; Noise; None; 31.10.2023 14:05:14; 812.6554; -0.01254355; 203.4509; Before; 19.04512; null
29; Driver; Noise; None; 31.10.2023 14:05:14; 812.5227; -0.01250161; 203.4484; Before; 19.09461; Checking Box Human
29; Driver; Noise; None; 31.10.2023 14:05:14; 812.3881; -0.01246299; 203.4457; Before; 19.09461; Checking Box Human
29; Driver; Noise; None; 31.10.2023 14:05:14; 812.2515; -0.0125053; 203.4427; Before; 19.13212; Checking Box Human
29; Driver; Noise; None; 31.10.2023 14:05:14; 812.1824; -0.01249337; 203.4411; Before; 19.1652; Checking Box Human
29; Driver; Noise; None; 31.10.2023 14:05:14; 812.0429; -0.01256017; 203.4378; Before; 19.1652; Checking Box Human
29; Driver; Noise; None; 31.10.2023 14:05:14; 811.9014; -0.01252955; 203.4343; Before; 19.1652; Checking Box Human
29; Driver; Noise; None; 31.10.2023 14:05:14; 811.758; -0.01257608; 203.4304; Before; 19.2002; Checking Box Human
29; Driver; Noise; None; 31.10.2023 14:05:14; 811.6126; -0.01252911; 203.4263; Before; 19.2002; Checking Box Human
29; Driver; Noise; None; 31.10.2023 14:05:14; 811.4654; -0.01242158; 203.422; Before; 19.2002; Checking Box Human
29; Driver; Noise; None; 31.10.2023 14:05:14; 811.3911; -0.01243701; 203.4196; Before; 19.25261; null
29; Driver; Noise; None; 31.10.2023 14:05:14; 811.3162; -0.01243292; 203.4171; Before; 19.31423; null
29; Driver; Noise; None; 31.10.2023 14:05:14; 811.089; -0.01253751; 203.409; Before; 19.31423; null
29; Driver; Noise; None; 31.10.2023 14:05:14; 810.9352; -0.01264543; 203.4031; Before; 19.34173; null
29; Driver; Noise; None; 31.10.2023 14:05:14; 810.7795; -0.01271982; 203.3967; Before; 19.37007; null
29; Driver; Noise; None; 31.10.2023 14:05:14; 810.701; -0.01283667; 203.3933; Before; 19.39931; null
29; Driver; Noise; None; 31.10.2023 14:05:14; 810.5427; -0.01301613; 203.3861; Before; 19.41956; null
29; Driver; Noise; None; 31.10.2023 14:05:14; 810.4628; -0.01307337; 203.3823; Before; 19.43838; null
29; Driver; Noise; None; 31.10.2023 14:05:14; 810.3016; -0.01321184; 203.3743; Before; 19.46087; null
29; Driver; Noise; None; 31.10.2023 14:05:14; 810.1387; -0.01331308; 203.3656; Before; 19.48347; null
29; Driver; Noise; None; 31.10.2023 14:05:14; 809.974; -0.01337695; 203.3563; Before; 19.48347; null
29; Driver; Noise; None; 31.10.2023 14:05:14; 809.808; -0.01340812; 203.3463; Before; 19.50183; null
29; Driver; Noise; None; 31.10.2023 14:05:14; 809.6405; -0.01341404; 203.3356; Before; 19.52207; null
29; Driver; Noise; None; 31.10.2023 14:05:14; 809.4717; -0.01340306; 203.3241; Before; 19.54742; null
29; Driver; Noise; None; 31.10.2023 14:05:14; 809.3014; -0.01338319; 203.3119; Before; 19.56864; null
29; Driver; Noise; None; 31.10.2023 14:05:14; 809.2157; -0.01339816; 203.3055; Before; 19.58938; null
29; Driver; Noise; None; 31.10.2023 14:05:14; 809.0433; -0.01337715; 203.2921; Before; 19.61021; null
29; Driver; Noise; None; 31.10.2023 14:05:14; 808.8695; -0.01336061; 203.2778; Before; 19.63264; null
29; Driver; Noise; None; 31.10.2023 14:05:14; 808.6942; -0.01335076; 203.2626; Before; 19.65545; null
29; Driver; Noise; None; 31.10.2023 14:05:14; 808.5175; -0.01334827; 203.2466; Before; 19.6767; null
29; Driver; Noise; None; 31.10.2023 14:05:14; 808.4285; -0.01342126; 203.2382; Before; 19.69841; null
29; Driver; Noise; None; 31.10.2023 14:05:14; 808.2496; -0.01348979; 203.2207; Before; 19.7179; null
29; Driver; Noise; None; 31.10.2023 14:05:14; 808.0692; -0.01352906; 203.2022; Before; 19.73434; null
29; Driver; Noise; None; 31.10.2023 14:05:14; 807.8873; -0.01362514; 203.1826; Before; 19.7548; null
29; Driver; Noise; None; 31.10.2023 14:05:14; 807.704; -0.01366635; 203.162; Before; 19.77284; null
29; Driver; Noise; None; 31.10.2023 14:05:14; 807.6118; -0.01369828; 203.1512; Before; 19.78947; null
29; Driver; Noise; None; 31.10.2023 14:05:14; 807.4264; -0.01376384; 203.1288; Before; 19.80902; null
29; Driver; Noise; None; 31.10.2023 14:05:14; 807.2396; -0.01376975; 203.1051; Before; 19.8288; null
29; Driver; Noise; None; 31.10.2023 14:05:14; 807.0515; -0.01373408; 203.0802; Before; 19.85131; null
29; Driver; Noise; None; 31.10.2023 14:05:14; 806.957; -0.01373537; 203.0672; Intersection; 0; null
29; Driver; Noise; None; 31.10.2023 14:05:14; 806.7668; -0.01375611; 203.0402; Intersection; 0; null
29; Driver; Noise; None; 31.10.2023 14:05:14; 806.5754; -0.01373668; 203.0118; Intersection; 0.0172365; null
29; Driver; Noise; None; 31.10.2023 14:05:14; 806.4792; -0.01374637; 202.9969; Intersection; 0.051439; null
29; Driver; Noise; None; 31.10.2023 14:05:15; 806.1888; -0.01381325; 202.9501; Intersection; 0.0688391; null
29; Driver; Noise; None; 31.10.2023 14:05:15; 805.9938; -0.01387723; 202.9168; Intersection; 0.0863941; null
29; Driver; Noise; None; 31.10.2023 14:05:15; 805.896; -0.0139151; 202.8994; Intersection; 0.1046602; null
29; Driver; Noise; None; 31.10.2023 14:05:15; 805.6996; -0.01389372; 202.8636; Intersection; 0.1237987; null
29; Driver; Noise; None; 31.10.2023 14:05:15; 805.5025; -0.01383927; 202.8258; Intersection; 0.1459439; null
29; Driver; Noise; None; 31.10.2023 14:05:15; 805.3047; -0.01385967; 202.7863; Intersection; 0.1635418; null
29; Driver; Noise; None; 31.10.2023 14:05:15; 805.2056; -0.01388386; 202.7656; Intersection; 0.1975285; null
29; Driver; Noise; None; 31.10.2023 14:05:15; 805.0071; -0.01393823; 202.7231; Intersection; 0.1975285; null
29; Driver; Noise; None; 31.10.2023 14:05:15; 804.8083; -0.01393295; 202.6786; Intersection; 0.2148761; null
29; Driver; Noise; None; 31.10.2023 14:05:15; 804.7088; -0.01394493; 202.6554; Intersection; 0.2523762; null
29; Driver; Noise; None; 31.10.2023 14:05:15; 804.5096; -0.01397745; 202.6077; Intersection; 0.2723636; Checking Box Human
29; Driver; Noise; None; 31.10.2023 14:05:15; 804.3104; -0.01395451; 202.5579; Intersection; 0.2920474; Checking Box Human
29; Driver; Noise; None; 31.10.2023 14:05:15; 804.1112; -0.01389558; 202.5058; Intersection; 0.2920474; Checking Box Human
29; Driver; Noise; None; 31.10.2023 14:05:15; 803.9123; -0.01393374; 202.4512; Intersection; 0.329728; Checking Box Human
29; Driver; Noise; None; 31.10.2023 14:05:15; 803.7135; -0.01392631; 202.3946; Intersection; 0.3478395; Checking Box Human
29; Driver; Noise; None; 31.10.2023 14:05:15; 803.5151; -0.01398072; 202.3356; Intersection; 0.3659832; Checking Box Human
29; Driver; Noise; None; 31.10.2023 14:05:15; 803.3173; -0.01397602; 202.2742; Intersection; 0.3839216; Checking Box Human
29; Driver; Noise; None; 31.10.2023 14:05:15; 803.2187; -0.0139886; 202.2425; Intersection; 0.4013794; Checking Box Human
29; Driver; Noise; None; 31.10.2023 14:05:15; 803.0219; -0.0140222; 202.1774; Intersection; 0.4194805; Checking Box Human
29; Driver; Noise; None; 31.10.2023 14:05:15; 802.8257; -0.01390526; 202.1101; Intersection; 0.4365048; null
29; Driver; Noise; None; 31.10.2023 14:05:15; 802.6307; -0.01388636; 202.04; Intersection; 0.4629932; null
29; Driver; Noise; None; 31.10.2023 14:05:15; 802.5336; -0.01389825; 202.0038; Intersection; 0.499605; null
29; Driver; Noise; None; 31.10.2023 14:05:15; 802.3403; -0.01394008; 201.9299; Intersection; 0.499605; null
29; Driver; Noise; None; 31.10.2023 14:05:15; 802.1484; -0.013933; 201.8533; Intersection; 0.5164649; null
29; Driver; Noise; None; 31.10.2023 14:05:15; 802.053; -0.01394714; 201.8139; Intersection; 0.5516943; null
29; Driver; Noise; None; 31.10.2023 14:05:15; 801.7692; -0.0140175; 201.6921; Intersection; 0.5700187; null
29; Driver; Noise; None; 31.10.2023 14:05:15; 801.5818; -0.01386849; 201.6085; Intersection; 0.5700187; null
29; Driver; Noise; None; 31.10.2023 14:05:15; 801.4891; -0.01382967; 201.5652; Intersection; 0.5885381; null
29; Driver; Noise; None; 31.10.2023 14:05:15; 801.3048; -0.01370771; 201.4768; Intersection; 0.6199755; null
29; Driver; Noise; None; 31.10.2023 14:05:15; 801.1225; -0.0136161; 201.3859; Intersection; 0.6443199; null
29; Driver; Noise; None; 31.10.2023 14:05:15; 800.9422; -0.01355707; 201.2923; Intersection; 0.6652423; null
29; Driver; Noise; None; 31.10.2023 14:05:15; 800.764; -0.01352798; 201.196; Intersection; 0.6855754; null
29; Driver; Noise; None; 31.10.2023 14:05:15; 800.6758; -0.0136046; 201.1466; Intersection; 0.7077106; null
29; Driver; Noise; None; 31.10.2023 14:05:15; 800.5008; -0.01367898; 201.0463; Intersection; 0.7268391; null
29; Driver; Noise; None; 31.10.2023 14:05:15; 800.414; -0.01367603; 200.9953; Intersection; 0.7478874; null
29; Driver; Noise; None; 31.10.2023 14:05:15; 800.2424; -0.01371208; 200.891; Intersection; 0.7722657; null
29; Driver; Noise; None; 31.10.2023 14:05:15; 800.0732; -0.01372459; 200.7839; Intersection; 0.7953075; null
29; Driver; Noise; None; 31.10.2023 14:05:15; 799.9064; -0.01371817; 200.6742; Intersection; 0.7953075; null
29; Driver; Noise; None; 31.10.2023 14:05:15; 799.742; -0.01369848; 200.5619; Intersection; 0.8146214; null
29; Driver; Noise; None; 31.10.2023 14:05:15; 799.5801; -0.01367123; 200.4469; Intersection; 0.8344334; null
29; Driver; Noise; None; 31.10.2023 14:05:15; 799.4208; -0.01364149; 200.3293; Intersection; 0.8541479; null
29; Driver; Noise; None; 31.10.2023 14:05:15; 799.3423; -0.01365698; 200.2694; Intersection; 0.8968731; null
29; Driver; Noise; None; 31.10.2023 14:05:15; 799.1869; -0.01371915; 200.1481; Intersection; 0.8968731; null
29; Driver; Noise; None; 31.10.2023 14:05:15; 799.0342; -0.01374559; 200.0243; Intersection; 0.9170716; null
29; Driver; Noise; None; 31.10.2023 14:05:15; 798.8842; -0.01374276; 199.898; Intersection; 0.9395804; null
29; Driver; Noise; None; 31.10.2023 14:05:15; 798.7369; -0.01371893; 199.7694; Intersection; 0.9606118; null
29; Driver; Noise; None; 31.10.2023 14:05:15; 798.6646; -0.01373146; 199.704; Intersection; 0.9969711; null
29; Driver; Noise; None; 31.10.2023 14:05:15; 798.5215; -0.01377952; 199.5719; Intersection; 0.9969711; null
29; Driver; Noise; None; 31.10.2023 14:05:15; 798.4512; -0.01381683; 199.5048; Intersection; 1.032387; null
29; Driver; Noise; None; 31.10.2023 14:05:16; 798.2443; -0.01393601; 199.3006; Intersection; 1.049648; null
29; Driver; Noise; None; 31.10.2023 14:05:16; 798.1099; -0.01392121; 199.1619; Intersection; 1.067566; null
29; Driver; Noise; None; 31.10.2023 14:05:16; 798.0436; -0.01386867; 199.0919; Intersection; 1.088037; null
29; Driver; Noise; None; 31.10.2023 14:05:16; 797.9136; -0.01380174; 198.9501; Intersection; 1.088037; null
29; Driver; Noise; None; 31.10.2023 14:05:16; 797.7866; -0.01372115; 198.8064; Intersection; 1.110012; null
29; Driver; Noise; None; 31.10.2023 14:05:16; 797.6626; -0.01364047; 198.6606; Intersection; 1.132729; null
29; Driver; Noise; None; 31.10.2023 14:05:16; 797.5415; -0.0135693; 198.5131; Intersection; 1.152583; null
29; Driver; Noise; None; 31.10.2023 14:05:16; 797.4235; -0.01351332; 198.3638; Intersection; 1.174363; null
29; Driver; Noise; None; 31.10.2023 14:05:16; 797.3658; -0.01352068; 198.2883; Intersection; 1.195693; null
29; Driver; Noise; None; 31.10.2023 14:05:16; 797.2523; -0.0134905; 198.1364; Intersection; 1.223959; null
29; Driver; Noise; None; 31.10.2023 14:05:16; 797.1419; -0.01347589; 197.9828; Intersection; 1.244475; null
29; Driver; Noise; None; 31.10.2023 14:05:16; 797.0345; -0.01347368; 197.8277; Intersection; 1.265643; null
29; Driver; Noise; None; 31.10.2023 14:05:16; 796.9302; -0.01356485; 197.6712; Intersection; 1.285394; null
29; Driver; Noise; None; 31.10.2023 14:05:16; 796.8794; -0.01362622; 197.5922; Intersection; 1.304569; null
29; Driver; Noise; None; 31.10.2023 14:05:16; 796.7797; -0.01366702; 197.4335; Intersection; 1.322924; null
29; Driver; Noise; None; 31.10.2023 14:05:16; 796.683; -0.01376272; 197.2734; Intersection; 1.340536; null
29; Driver; Noise; None; 31.10.2023 14:05:16; 796.5895; -0.01379718; 197.1121; Intersection; 1.358796; null
29; Driver; Noise; None; 31.10.2023 14:05:16; 796.499; -0.01378328; 196.9495; Intersection; 1.377819; null
29; Driver; Noise; None; 31.10.2023 14:05:16; 796.4552; -0.01379116; 196.8677; Intersection; 1.399862; null
29; Driver; Noise; None; 31.10.2023 14:05:16; 796.3694; -0.01373327; 196.7034; Intersection; 1.421254; null
29; Driver; Noise; None; 31.10.2023 14:05:16; 796.2867; -0.01374733; 196.5381; Intersection; 1.440523; null
29; Driver; Noise; None; 31.10.2023 14:05:16; 796.207; -0.01372351; 196.3718; Intersection; 1.458933; null
29; Driver; Noise; None; 31.10.2023 14:05:16; 796.1686; -0.01372958; 196.2882; Intersection; 1.496095; null
29; Driver; Noise; None; 31.10.2023 14:05:16; 796.0936; -0.01375665; 196.1205; Intersection; 1.496095; null
29; Driver; Noise; None; 31.10.2023 14:05:16; 796.0217; -0.01373974; 195.952; Intersection; 1.515165; null
29; Driver; Noise; None; 31.10.2023 14:05:16; 795.9529; -0.01369319; 195.7827; Intersection; 1.532132; null
29; Driver; Noise; None; 31.10.2023 14:05:16; 795.9199; -0.01369093; 195.6977; Intersection; 1.575345; null
29; Driver; Noise; None; 31.10.2023 14:05:16; 795.8557; -0.0137074; 195.5273; Intersection; 1.593866; null
29; Driver; Noise; None; 31.10.2023 14:05:16; 795.7946; -0.01368748; 195.3563; Intersection; 1.593866; null
29; Driver; Noise; None; 31.10.2023 14:05:16; 795.737; -0.01374431; 195.1845; Intersection; 1.629182; null
29; Driver; Noise; None; 31.10.2023 14:05:16; 795.6821; -0.01375097; 195.0123; Intersection; 1.647858; null
29; Driver; Noise; None; 31.10.2023 14:05:16; 795.6302; -0.01380183; 194.8397; Intersection; 1.664163; null
29; Driver; Noise; None; 31.10.2023 14:05:16; 795.5814; -0.0137927; 194.6667; Intersection; 1.683369; null
29; Driver; Noise; None; 31.10.2023 14:05:16; 795.5584; -0.01379848; 194.58; Intersection; 1.703887; null
29; Driver; Noise; None; 31.10.2023 14:05:16; 795.5142; -0.01373314; 194.4064; Intersection; 1.724456; null
29; Driver; Noise; None; 31.10.2023 14:05:16; 795.4731; -0.01365225; 194.2326; Intersection; 1.744269; null
29; Driver; Noise; None; 31.10.2023 14:05:16; 795.4349; -0.01356998; 194.0585; Intersection; 1.763394; null
29; Driver; Noise; None; 31.10.2023 14:05:16; 795.3997; -0.01357668; 193.8842; Intersection; 1.785237; null
29; Driver; Noise; None; 31.10.2023 14:05:16; 795.3834; -0.01359848; 193.797; Intersection; 1.804401; null
29; Driver; Noise; None; 31.10.2023 14:05:16; 795.3526; -0.01357575; 193.6226; Intersection; 1.823751; null
29; Driver; Noise; None; 31.10.2023 14:05:16; 795.338; -0.01353326; 193.5354; Intersection; 1.846955; null
29; Driver; Noise; None; 31.10.2023 14:05:16; 795.2985; -0.01340844; 193.2738; Intersection; 1.846955; null
29; Driver; Noise; None; 31.10.2023 14:05:16; 795.2762; -0.01331288; 193.0993; Intersection; 1.87201; null
29; Driver; Noise; None; 31.10.2023 14:05:16; 795.2662; -0.01330667; 193.0121; Intersection; 1.900497; null
29; Driver; Noise; None; 31.10.2023 14:05:16; 795.2478; -0.01326831; 192.8378; Intersection; 1.922201; null
29; Driver; Noise; None; 31.10.2023 14:05:16; 795.2318; -0.01333963; 192.6636; Intersection; 1.940936; null
29; Driver; Noise; None; 31.10.2023 14:05:16; 795.2183; -0.01339747; 192.4896; Intersection; 1.959941; null
29; Driver; Noise; None; 31.10.2023 14:05:16; 795.2072; -0.01343806; 192.3158; Intersection; 1.978666; null
29; Driver; Noise; None; 31.10.2023 14:05:16; 795.2026; -0.01347803; 192.229; Intersection; 1.99944; null
29; Driver; Noise; None; 31.10.2023 14:05:16; 795.1948; -0.01349247; 192.0556; Intersection; 2.022097; null
29; Driver; Noise; None; 31.10.2023 14:05:17; 795.189; -0.01349256; 191.8825; Intersection; 2.045943; null
29; Driver; Noise; None; 31.10.2023 14:05:17; 795.1853; -0.01348203; 191.7097; Intersection; 2.066316; null
29; Driver; Noise; None; 31.10.2023 14:05:17; 795.184; -0.01344781; 191.6234; Intersection; 2.088093; null
29; Driver; Noise; None; 31.10.2023 14:05:17; 795.183; -0.01342881; 191.4509; Intersection; 2.088093; null
29; Driver; Noise; None; 31.10.2023 14:05:17; 795.1838; -0.01340843; 191.2786; Intersection; 2.110119; null
29; Driver; Noise; None; 31.10.2023 14:05:17; 795.1862; -0.0133892; 191.1064; Intersection; 2.135676; null
29; Driver; Noise; None; 31.10.2023 14:05:17; 795.1901; -0.01337284; 190.9343; Intersection; 2.156989; null
29; Driver; Noise; None; 31.10.2023 14:05:17; 795.1953; -0.01336021; 190.7622; Intersection; 2.182522; null
29; Driver; Noise; None; 31.10.2023 14:05:17; 795.1985; -0.01338157; 190.6762; Intersection; 2.205414; null
29; Driver; Noise; None; 31.10.2023 14:05:17; 795.2057; -0.01337484; 190.5041; Intersection; 2.224497; null
29; Driver; Noise; None; 31.10.2023 14:05:17; 795.2139; -0.0134489; 190.332; Intersection; 2.242599; null
29; Driver; Noise; None; 31.10.2023 14:05:17; 795.223; -0.01349043; 190.1598; Intersection; 2.262003; null
29; Driver; Noise; None; 31.10.2023 14:05:17; 795.2281; -0.01352637; 190.0737; Intersection; 2.298921; null
29; Driver; Noise; None; 31.10.2023 14:05:17; 795.2385; -0.01360517; 189.9014; Intersection; 2.298921; null
29; Driver; Noise; None; 31.10.2023 14:05:17; 795.2496; -0.01363053; 189.729; Intersection; 2.316519; null
29; Driver; Noise; None; 31.10.2023 14:05:17; 795.2614; -0.01361486; 189.5566; Intersection; 2.33701; null
29; Driver; Noise; None; 31.10.2023 14:05:17; 795.2676; -0.01362228; 189.4704; Intersection; 2.375713; null
29; Driver; Noise; None; 31.10.2023 14:05:17; 795.28; -0.0136488; 189.2978; Intersection; 2.392746; null
29; Driver; Noise; None; 31.10.2023 14:05:17; 795.2928; -0.01372816; 189.1252; Intersection; 2.410388; null
29; Driver; Noise; None; 31.10.2023 14:05:17; 795.3058; -0.01374261; 188.9525; Intersection; 2.427332; null
29; Driver; Noise; None; 31.10.2023 14:05:17; 795.3189; -0.01378697; 188.7798; After ; 0; null
29; Driver; Noise; None; 31.10.2023 14:05:17; 795.332; -0.0137661; 188.6069; After ; 0.0182794; null
29; Driver; Noise; None; 31.10.2023 14:05:17; 795.3452; -0.0137016; 188.434; After ; 0.0344968; null
29; Driver; Noise; None; 31.10.2023 14:05:17; 795.3518; -0.01368596; 188.3475; After ; 0.0554007; null
29; Driver; Noise; None; 31.10.2023 14:05:17; 795.3648; -0.01367201; 188.1744; After ; 0.0747824; null
29; Driver; Noise; None; 31.10.2023 14:05:17; 795.3777; -0.01372082; 188.0013; After ; 0.1086972; null
29; Driver; Noise; None; 31.10.2023 14:05:17; 795.3904; -0.01371519; 187.8281; After ; 0.1251322; null
29; Driver; Noise; None; 31.10.2023 14:05:17; 795.4029; -0.01374956; 187.6547; After ; 0.1421081; null
29; Driver; Noise; None; 31.10.2023 14:05:17; 795.4091; -0.01377055; 187.568; After ; 0.1586004; null
29; Driver; Noise; None; 31.10.2023 14:05:17; 795.4213; -0.01380455; 187.3945; After ; 0.1750787; null
29; Driver; Noise; None; 31.10.2023 14:05:17; 795.4333; -0.01377472; 187.2209; After ; 0.1917322; null
29; Driver; Noise; None; 31.10.2023 14:05:17; 795.4393; -0.01376929; 187.1341; After ; 0.2308361; null
29; Driver; Noise; None; 31.10.2023 14:05:17; 795.451; -0.01376328; 186.9603; After ; 0.2498923; null
29; Driver; Noise; None; 31.10.2023 14:05:17; 795.4626; -0.01371039; 186.7865; After ; 0.2498923; null
29; Driver; Noise; None; 31.10.2023 14:05:17; 795.4741; -0.01372759; 186.6124; After ; 0.2861098; null
29; Driver; Noise; None; 31.10.2023 14:05:17; 795.4854; -0.0136992; 186.4383; After ; 0.3039225; null
29; Driver; Noise; None; 31.10.2023 14:05:17; 795.4909; -0.01364664; 186.3512; After ; 0.3253789; null
29; Driver; Noise; None; 31.10.2023 14:05:17; 795.5019; -0.01358104; 186.1767; After ; 0.3485513; null
29; Driver; Noise; None; 31.10.2023 14:05:17; 795.5128; -0.01350907; 186.002; After ; 0.3485513; null
29; Driver; Noise; None; 31.10.2023 14:05:17; 795.5234; -0.01344171; 185.8271; After ; 0.3710307; null
29; Driver; Noise; None; 31.10.2023 14:05:17; 795.5287; -0.01343883; 185.7394; After ; 0.4107776; null
29; Driver; Noise; None; 31.10.2023 14:05:17; 795.5444; -0.01350407; 185.4758; After ; 0.4285045; null
29; Driver; Noise; None; 31.10.2023 14:05:17; 795.5547; -0.01358586; 185.2994; After ; 0.4453741; null
29; Driver; Noise; None; 31.10.2023 14:05:17; 795.5598; -0.01363479; 185.211; After ; 0.4616476; null
29; Driver; Noise; None; 31.10.2023 14:05:17; 795.5698; -0.01364714; 185.0338; After ; 0.4798431; null
29; Driver; Noise; None; 31.10.2023 14:05:17; 795.5798; -0.01370658; 184.856; After ; 0.4984588; null
29; Driver; Noise; None; 31.10.2023 14:05:17; 795.5897; -0.01370951; 184.6777; After ; 0.5172599; null
29; Driver; Noise; None; 31.10.2023 14:05:17; 795.5946; -0.01372208; 184.5884; After ; 0.5524885; null
29; Driver; Noise; None; 31.10.2023 14:05:17; 795.6042; -0.01375161; 184.4093; After ; 0.5524885; null
29; Driver; Noise; None; 31.10.2023 14:05:17; 795.6137; -0.01382882; 184.2296; After ; 0.5861515; null
29; Driver; Noise; None; 31.10.2023 14:05:18; 795.623; -0.01383451; 184.0493; After ; 0.6034327; null
29; Driver; Noise; None; 31.10.2023 14:05:18; 795.6322; -0.0138702; 183.8684; After ; 0.6188781; null
29; Driver; Noise; None; 31.10.2023 14:05:18; 795.6367; -0.01388901; 183.7777; After ; 0.654588; null
29; Driver; Noise; None; 31.10.2023 14:05:18; 795.6456; -0.01391465; 183.5959; After ; 0.654588; null
29; Driver; Noise; None; 31.10.2023 14:05:18; 795.6544; -0.01397282; 183.4135; After ; 0.6889778; null
29; Driver; Noise; None; 31.10.2023 14:05:18; 795.663; -0.01394964; 183.2304; After ; 0.7054549; null
29; Driver; Noise; None; 31.10.2023 14:05:18; 795.6714; -0.01395429; 183.0465; After ; 0.7210299; null
29; Driver; Noise; None; 31.10.2023 14:05:18; 795.6755; -0.01395817; 182.9543; After ; 0.7561954; null
29; Driver; Noise; None; 31.10.2023 14:05:18; 795.6837; -0.01395708; 182.7695; After ; 0.7561954; null
29; Driver; Noise; None; 31.10.2023 14:05:18; 795.6917; -0.01389231; 182.5839; After ; 0.7736842; null
29; Driver; Noise; None; 31.10.2023 14:05:18; 795.6956; -0.01387292; 182.4908; After ; 0.8097256; null
29; Driver; Noise; None; 31.10.2023 14:05:18; 795.707; -0.01384465; 182.2106; After ; 0.8270941; null
29; Driver; Noise; None; 31.10.2023 14:05:18; 795.7144; -0.01384891; 182.0229; After ; 0.8448331; null
29; Driver; Noise; None; 31.10.2023 14:05:18; 795.718; -0.01385998; 181.9288; After ; 0.860325; null
29; Driver; Noise; None; 31.10.2023 14:05:18; 795.725; -0.01388303; 181.7401; After ; 0.8773011; null
29; Driver; Noise; None; 31.10.2023 14:05:18; 795.7285; -0.01390034; 181.6455; After ; 0.9098182; null
29; Driver; Noise; None; 31.10.2023 14:05:18; 795.7352; -0.01393009; 181.4558; After ; 0.9269886; null
29; Driver; Noise; None; 31.10.2023 14:05:18; 795.745; -0.01397571; 181.1701; After ; 0.9458934; null
29; Driver; Noise; None; 31.10.2023 14:05:18; 795.7481; -0.01399124; 181.0746; After ; 0.9632684; null
29; Driver; Noise; None; 31.10.2023 14:05:18; 795.7543; -0.0139259; 180.8832; After ; 0.9791066; null
29; Driver; Noise; None; 31.10.2023 14:05:18; 795.7602; -0.01391589; 180.6913; After ; 0.9973987; null
29; Driver; Noise; None; 31.10.2023 14:05:18; 795.7631; -0.01392058; 180.5952; After ; 1.034112; null
29; Driver; Noise; None; 31.10.2023 14:05:18; 795.7687; -0.01393278; 180.4028; After ; 1.05049; null
29; Driver; Noise; None; 31.10.2023 14:05:18; 795.774; -0.013996; 180.2101; After ; 1.066399; null
29; Driver; Noise; None; 31.10.2023 14:05:18; 795.7792; -0.01398487; 180.0173; After ; 1.08436; null
29; Driver; Noise; None; 31.10.2023 14:05:18; 795.7842; -0.01392272; 179.8242; After ; 1.10031; null
29; Driver; Noise; None; 31.10.2023 14:05:18; 795.789; -0.01383248; 179.6309; After ; 1.121175; null
29; Driver; Noise; None; 31.10.2023 14:05:18; 795.7936; -0.01382066; 179.4374; After ; 1.142146; null
29; Driver; Noise; None; 31.10.2023 14:05:18; 795.7959; -0.01383081; 179.3405; After ; 1.160532; null
29; Driver; Noise; None; 31.10.2023 14:05:18; 795.8003; -0.01386223; 179.1466; After ; 1.177118; null
29; Driver; Noise; None; 31.10.2023 14:05:18; 795.8024; -0.01388744; 179.0496; After ; 1.209354; null
29; Driver; Noise; None; 31.10.2023 14:05:18; 795.8086; -0.01396516; 178.7579; After ; 1.226814; null
29; Driver; Noise; None; 31.10.2023 14:05:18; 795.8125; -0.01401213; 178.5628; After ; 1.243186; null
29; Driver; Noise; None; 31.10.2023 14:05:18; 795.8144; -0.0140362; 178.4651; After ; 1.260425; null
29; Driver; Noise; None; 31.10.2023 14:05:18; 795.8181; -0.01406979; 178.2693; After ; 1.277428; null
29; Driver; Noise; None; 31.10.2023 14:05:18; 795.8198; -0.01408592; 178.1712; After ; 1.310586; null
29; Driver; Noise; None; 31.10.2023 14:05:18; 795.8249; -0.01411137; 177.876; After ; 1.327759; null
29; Driver; Noise; None; 31.10.2023 14:05:18; 795.8281; -0.01411476; 177.6785; After ; 1.343714; null
29; Driver; Noise; None; 31.10.2023 14:05:18; 795.8296; -0.01411747; 177.5795; After ; 1.359701; null
29; Driver; Noise; None; 31.10.2023 14:05:18; 795.8325; -0.01411252; 177.3811; After ; 1.375694; null
29; Driver; Noise; None; 31.10.2023 14:05:18; 795.8339; -0.01411255; 177.2816; After ; 1.408975; null
29; Driver; Noise; None; 31.10.2023 14:05:18; 795.8379; -0.01410476; 176.9823; After ; 1.426278; null
29; Driver; Noise; None; 31.10.2023 14:05:18; 795.8403; -0.01409857; 176.7818; After ; 1.442708; null
29; Driver; Noise; None; 31.10.2023 14:05:18; 795.8415; -0.0140999; 176.6813; After ; 1.458642; null
29; Driver; Noise; None; 31.10.2023 14:05:18; 795.8426; -0.01413913; 176.5807; After ; 1.491662; null
29; Driver; Noise; None; 31.10.2023 14:05:18; 795.8456; -0.01421134; 176.2776; After ; 1.507313; null
29; Driver; Noise; None; 31.10.2023 14:05:18; 795.8475; -0.01422843; 176.0747; After ; 1.524124; null
29; Driver; Noise; None; 31.10.2023 14:05:18; 795.8483; -0.01423373; 175.973; After ; 1.55694; null
29; Driver; Noise; None; 31.10.2023 14:05:18; 795.8499; -0.0142269; 175.769; After ; 1.55694; null
29; Driver; Noise; None; 31.10.2023 14:05:18; 795.8506; -0.01422345; 175.6668; After ; 1.589355; null
29; Driver; Noise; None; 31.10.2023 14:05:19; 795.8526; -0.01419917; 175.359; After ; 1.606668; null
29; Driver; Noise; None; 31.10.2023 14:05:19; 795.8538; -0.01418033; 175.1529; After ; 1.623482; null
29; Driver; Noise; None; 31.10.2023 14:05:19; 795.8549; -0.01409582; 174.9462; After ; 1.640546; null
29; Driver; Noise; None; 31.10.2023 14:05:19; 795.8553; -0.01407001; 174.8426; After ; 1.657888; null
29; Driver; Noise; None; 31.10.2023 14:05:19; 795.8561; -0.01403548; 174.635; After ; 1.675555; null
29; Driver; Noise; None; 31.10.2023 14:05:19; 795.8565; -0.01403294; 174.5309; After ; 1.708047; null
29; Driver; Noise; None; 31.10.2023 14:05:19; 795.8574; -0.01405209; 174.2179; After ; 1.727346; null
29; Driver; Noise; None; 31.10.2023 14:05:19; 795.8578; -0.0140814; 174.0085; After ; 1.743327; null
29; Driver; Noise; None; 31.10.2023 14:05:19; 795.8579; -0.01410268; 173.9036; After ; 1.760538; null
29; Driver; Noise; None; 31.10.2023 14:05:19; 795.8582; -0.01413972; 173.6934; After ; 1.777252; null
29; Driver; Noise; None; 31.10.2023 14:05:19; 795.8582; -0.0141616; 173.5881; After ; 1.810254; null
29; Driver; Noise; None; 31.10.2023 14:05:19; 795.8582; -0.01421276; 173.2713; After ; 1.827274; null
29; Driver; Noise; None; 31.10.2023 14:05:19; 795.858; -0.01423593; 173.0593; After ; 1.844216; null
29; Driver; Noise; None; 31.10.2023 14:05:19; 795.8578; -0.01424845; 172.9531; After ; 1.862655; null
29; Driver; Noise; None; 31.10.2023 14:05:19; 795.8575; -0.01416536; 172.7403; After ; 1.878949; null
29; Driver; Noise; None; 31.10.2023 14:05:19; 795.857; -0.01414368; 172.5268; After ; 1.897184; null
29; Driver; Noise; None; 31.10.2023 14:05:19; 795.8567; -0.01414399; 172.4199; After ; 1.93339; null
29; Driver; Noise; None; 31.10.2023 14:05:19; 795.8561; -0.01414892; 172.2055; After ; 1.95025; null
29; Driver; Noise; None; 31.10.2023 14:05:19; 795.8555; -0.01421294; 171.9906; After ; 1.966676; null
29; Driver; Noise; None; 31.10.2023 14:05:19; 795.8549; -0.01419644; 171.775; After ; 1.984021; null
29; Driver; Noise; None; 31.10.2023 14:05:19; 795.8542; -0.01422202; 171.5588; After ; 1.999873; null
29; Driver; Noise; None; 31.10.2023 14:05:19; 795.8539; -0.01423842; 171.4505; After ; 2.033213; null
29; Driver; Noise; None; 31.10.2023 14:05:19; 795.8533; -0.01426144; 171.2334; After ; 2.050489; null
29; Driver; Noise; None; 31.10.2023 14:05:19; 795.8528; -0.01432842; 171.0157; After ; 2.067796; null
29; Driver; Noise; None; 31.10.2023 14:05:19; 795.8524; -0.01430232; 170.7975; After ; 2.084882; null
29; Driver; Noise; None; 31.10.2023 14:05:19; 795.852; -0.01421396; 170.5787; After ; 2.10009; null
29; Driver; Noise; None; 31.10.2023 14:05:19; 795.8517; -0.01419117; 170.3595; After ; 2.119062; null
29; Driver; Noise; None; 31.10.2023 14:05:19; 795.8516; -0.01419192; 170.2497; After ; 2.153975; null
29; Driver; Noise; None; 31.10.2023 14:05:19; 795.8514; -0.01419892; 170.0298; After ; 2.153975; null
29; Driver; Noise; None; 31.10.2023 14:05:19; 795.8513; -0.01414504; 169.8095; After ; 2.171085; null
29; Driver; Noise; None; 31.10.2023 14:05:19; 795.8513; -0.01417751; 169.5889; After ; 2.20806; null
29; Driver; Noise; None; 31.10.2023 14:05:19; 795.8513; -0.0141497; 169.3681; After ; 2.22542; null
29; Driver; Noise; None; 31.10.2023 14:05:19; 795.8514; -0.01418209; 169.1473; After ; 2.241948; null
29; Driver; Noise; None; 31.10.2023 14:05:19; 795.8516; -0.01420636; 169.0369; After ; 2.258948; null
29; Driver; Noise; None; 31.10.2023 14:05:19; 795.8519; -0.01425032; 168.8161; After ; 2.276642; null
29; Driver; Noise; None; 31.10.2023 14:05:19; 795.8522; -0.01421877; 168.5955; After ; 2.294322; null
29; Driver; Noise; None; 31.10.2023 14:05:19; 795.8525; -0.01421631; 168.4854; After ; 2.330014; null
29; Driver; Noise; None; 31.10.2023 14:05:19; 795.853; -0.01421891; 168.2652; After ; 2.348356; null
29; Driver; Noise; None; 31.10.2023 14:05:19; 795.8536; -0.01416224; 168.0456; After ; 2.348356; null
29; Driver; Noise; None; 31.10.2023 14:05:19; 795.8544; -0.01419217; 167.8265; After ; 2.385721; null
29; Driver; Noise; None; 31.10.2023 14:05:19; 795.8552; -0.01416221; 167.6078; After ; 2.403514; null
29; Driver; Noise; None; 31.10.2023 14:05:19; 795.8562; -0.01419128; 167.3897; After ; 2.421546; null
29; Driver; Noise; None; 31.10.2023 14:05:19; 795.8573; -0.01415585; 167.172; After ; 2.440505; null
29; Driver; Noise; None; 31.10.2023 14:05:19; 795.8579; -0.014154; 167.0634; After ; 2.457314; null
29; Driver; Noise; None; 31.10.2023 14:05:19; 795.8592; -0.01416132; 166.8465; After ; 2.475229; null
29; Driver; Noise; None; 31.10.2023 14:05:19; 795.8606; -0.01411263; 166.6301; After ; 2.493352; null
29; Driver; Noise; None; 31.10.2023 14:05:19; 795.8614; -0.01410695; 166.5221; After ; 2.530581; null
29; Driver; Noise; None; 31.10.2023 14:05:19; 795.8639; -0.01412617; 166.1989; After ; 2.547491; null
29; Driver; Noise; None; 31.10.2023 14:05:19; 795.8648; -0.01418486; 166.0913; After ; 2.564568; null
29; Driver; Noise; None; 31.10.2023 14:05:19; 795.8667; -0.01418216; 165.8767; After ; 2.57989; null
29; Driver; Noise; None; 31.10.2023 14:05:20; 795.8688; -0.01422152; 165.6625; After ; 2.597425; null
29; Driver; Noise; None; 31.10.2023 14:05:20; 795.871; -0.01418479; 165.4488; After ; 2.618469; null
29; Driver; Noise; None; 31.10.2023 14:05:20; 795.8721; -0.01417847; 165.3421; After ; 2.65484; null
29; Driver; Noise; None; 31.10.2023 14:05:20; 795.8746; -0.01417208; 165.1289; After ; 2.65484; null
29; Driver; Noise; None; 31.10.2023 14:05:20; 795.8771; -0.01410776; 164.9159; After ; 2.672735; null
29; Driver; Noise; None; 31.10.2023 14:05:20; 795.8785; -0.01409387; 164.8095; After ; 2.708506; null
29; Driver; Noise; None; 31.10.2023 14:05:20; 795.8828; -0.01409123; 164.4905; After ; 2.727059; null
29; Driver; Noise; None; 31.10.2023 14:05:20; 795.8858; -0.01411374; 164.2779; After ; 2.74384; null
29; Driver; Noise; None; 31.10.2023 14:05:20; 795.8874; -0.01413322; 164.1716; After ; 2.760849; null
29; Driver; Noise; None; 31.10.2023 14:05:20; 795.8907; -0.01407316; 163.9589; After ; 2.778011; null
29; Driver; Noise; None; 31.10.2023 14:05:20; 795.8941; -0.01408068; 163.7462; After ; 2.797513; null
29; Driver; Noise; None; 31.10.2023 14:05:20; 795.8977; -0.01403566; 163.5334; After ; 2.817784; null
29; Driver; Noise; None; 31.10.2023 14:05:20; 795.8996; -0.01403236; 163.4269; After ; 2.852994; null
29; Driver; Noise; None; 31.10.2023 14:05:20; 795.9034; -0.01404261; 163.2139; After ; 2.852994; null
29; Driver; Noise; None; 31.10.2023 14:05:20; 795.9055; -0.01406077; 163.1074; After ; 2.888087; null
29; Driver; Noise; None; 31.10.2023 14:05:20; 795.9116; -0.0141283; 162.7875; After ; 2.90582; null
29; Driver; Noise; None; 31.10.2023 14:05:20; 795.9158; -0.01417615; 162.5741; After ; 2.922918; null
29; Driver; Noise; None; 31.10.2023 14:05:20; 795.9202; -0.0141484; 162.3606; After ; 2.9397; null
29; Driver; Noise; None; 31.10.2023 14:05:20; 795.9225; -0.01414666; 162.2537; After ; 2.957098; null
29; Driver; Noise; None; 31.10.2023 14:05:20; 795.9271; -0.01414914; 162.04; After ; 2.974617; null
29; Driver; Noise; None; 31.10.2023 14:05:20; 795.9295; -0.01415939; 161.933; After ; 3.009765; null
29; Driver; Noise; None; 31.10.2023 14:05:20; 795.9344; -0.01417923; 161.719; After ; 3.02765; null
29; Driver; Noise; None; 31.10.2023 14:05:20; 795.942; -0.01412381; 161.3978; After ; 3.045612; null
29; Driver; Noise; None; 31.10.2023 14:05:20; 795.9446; -0.01416211; 161.2906; After ; 3.063658; null
29; Driver; Noise; None; 31.10.2023 14:05:20; 795.9499; -0.01412882; 161.0762; After ; 3.079868; null
29; Driver; Noise; None; 31.10.2023 14:05:20; 795.9553; -0.01415098; 160.8616; After ; 3.097048; null
29; Driver; Noise; None; 31.10.2023 14:05:20; 795.9608; -0.01410958; 160.647; After ; 3.115644; null
29; Driver; Noise; None; 31.10.2023 14:05:20; 795.9637; -0.01410513; 160.5396; After ; 3.153713; null
29; Driver; Noise; None; 31.10.2023 14:05:20; 795.9694; -0.0141088; 160.3247; After ; 3.153713; null
29; Driver; Noise; None; 31.10.2023 14:05:20; 795.9724; -0.01412222; 160.2172; After ; 3.189001; null
29; Driver; Noise; None; 31.10.2023 14:05:20; 795.9814; -0.01417318; 159.8945; After ; 3.207696; null
29; Driver; Noise; None; 31.10.2023 14:05:20; 795.9875; -0.01411364; 159.6792; After ; 3.225155; null
29; Driver; Noise; None; 31.10.2023 14:05:20; 795.9939; -0.01412033; 159.4638; After ; 3.241958; null
29; Driver; Noise; None; 31.10.2023 14:05:20; 795.9971; -0.01413465; 159.3561; After ; 3.259599; null
29; Driver; Noise; None; 31.10.2023 14:05:20; 796.0037; -0.0141648; 159.1405; After ; 3.277667; null
29; Driver; Noise; None; 31.10.2023 14:05:20; 796.0104; -0.01412837; 158.9249; After ; 3.295615; null
29; Driver; Noise; None; 31.10.2023 14:05:20; 796.0139; -0.01412551; 158.817; After ; 3.332106; null
29; Driver; Noise; None; 31.10.2023 14:05:20; 796.0208; -0.01413064; 158.6013; After ; 3.350495; null
29; Driver; Noise; None; 31.10.2023 14:05:20; 796.0278; -0.01408105; 158.3854; After ; 3.350495; null
29; Driver; Noise; None; 31.10.2023 14:05:20; 796.035; -0.01399889; 158.1695; After ; 3.370716; null
29; Driver; Noise; None; 31.10.2023 14:05:20; 796.0424; -0.01390402; 157.9536; After ; 3.389839; null
29; Driver; Noise; None; 31.10.2023 14:05:20; 796.0498; -0.01381213; 157.7376; After ; 3.410651; null
29; Driver; Noise; None; 31.10.2023 14:05:20; 796.0536; -0.01380369; 157.6296; After ; 3.452882; null
29; Driver; Noise; None; 31.10.2023 14:05:20; 796.0613; -0.01383197; 157.4136; After ; 3.452882; null
29; Driver; Noise; None; 31.10.2023 14:05:20; 796.0652; -0.01386982; 157.3056; After ; 3.489119; null
29; Driver; Noise; None; 31.10.2023 14:05:20; 796.0771; -0.01401892; 156.9815; After ; 3.506939; null
29; Driver; Noise; None; 31.10.2023 14:05:20; 796.0852; -0.01402862; 156.7654; After ; 3.524391; null
29; Driver; Noise; None; 31.10.2023 14:05:20; 796.0934; -0.0140969; 156.5493; After ; 3.542955; null
29; Driver; Noise; None; 31.10.2023 14:05:20; 796.0976; -0.0141372; 156.4413; After ; 3.562069; null
29; Driver; Noise; None; 31.10.2023 14:05:20; 796.1061; -0.01411065; 156.2252; After ; 3.579319; null
29; Driver; Noise; None; 31.10.2023 14:05:21; 796.1146; -0.01414293; 156.0091; After ; 3.597856; null
29; Driver; Noise; None; 31.10.2023 14:05:21; 796.1234; -0.01411176; 155.793; After ; 3.616013; null
29; Driver; Noise; None; 31.10.2023 14:05:21; 796.1322; -0.01403944; 155.5769; After ; 3.635255; null
29; Driver; Noise; None; 31.10.2023 14:05:21; 796.1367; -0.01402737; 155.4689; After ; 3.656788; null
29; Driver; Noise; None; 31.10.2023 14:05:21; 796.1457; -0.01402866; 155.2528; After ; 3.677723; null
29; Driver; Noise; None; 31.10.2023 14:05:21; 796.1548; -0.01398984; 155.0367; After ; 3.696332; null
29; Driver; Noise; None; 31.10.2023 14:05:21; 796.1595; -0.01399343; 154.9287; After ; 3.732759; null
29; Driver; Noise; None; 31.10.2023 14:05:21; 796.1688; -0.01402192; 154.7126; After ; 3.751383; null
29; Driver; Noise; None; 31.10.2023 14:05:21; 796.1782; -0.01400328; 154.4966; After ; 3.751383; null
29; Driver; Noise; None; 31.10.2023 14:05:21; 796.1829; -0.01401413; 154.3886; After ; 3.787242; null
29; Driver; Noise; None; 31.10.2023 14:05:21; 796.197; -0.01408212; 154.0646; After ; 3.805822; null
29; Driver; Noise; None; 31.10.2023 14:05:21; 796.2065; -0.01414298; 153.8487; After ; 3.822974; null
29; Driver; Noise; None; 31.10.2023 14:05:21; 796.2161; -0.01413214; 153.6329; After ; 3.840022; null
29; Driver; Noise; None; 31.10.2023 14:05:21; 796.2208; -0.01413951; 153.525; After ; 3.858279; null
29; Driver; Noise; None; 31.10.2023 14:05:21; 796.2303; -0.01415952; 153.3093; After ; 3.878209; null
29; Driver; Noise; None; 31.10.2023 14:05:21; 796.2399; -0.01411749; 153.0937; After ; 3.896502; null
29; Driver; Noise; None; 31.10.2023 14:05:21; 796.2446; -0.01411327; 152.9859; After ; 3.932437; null
29; Driver; Noise; None; 31.10.2023 14:05:21; 796.2542; -0.01411802; 152.7705; After ; 3.951411; null
29; Driver; Noise; None; 31.10.2023 14:05:21; 796.2637; -0.0140702; 152.5553; After ; 3.951411; null
29; Driver; Noise; None; 31.10.2023 14:05:21; 796.2684; -0.01406597; 152.4477; After ; 3.987432; null
29; Driver; Noise; None; 31.10.2023 14:05:21; 796.2827; -0.01409276; 152.1253; After ; 4.006007; null
29; Driver; Noise; None; 31.10.2023 14:05:21; 796.2922; -0.01413255; 151.9107; After ; 4.023137; null
29; Driver; Noise; None; 31.10.2023 14:05:21; 796.3018; -0.01410738; 151.6964; After ; 4.040645; null
