user_id; scenario; distraction; ehmi; timestamp; userPositionX; userPositionY; userPositionZ; playerPositon; time; focused object
29; Pedestrian; None; None; 31.10.2023 14:51:37; 805.1; -0.24; 241; HI; null
29; Pedestrian; None; None; 31.10.2023 14:51:37; 805.1; 0.001800179; 241; Sidewalk; 0.02; null
29; Pedestrian; None; None; 31.10.2023 14:51:38; 805.1; 0.001800179; 241; Sidewalk; 0.02; null
29; Pedestrian; None; None; 31.10.2023 14:51:38; 805.1; 0.001800179; 241; Sidewalk; 0.02; null
29; Pedestrian; None; None; 31.10.2023 14:51:38; 805.1; 0.001800179; 241; Sidewalk; 0.02; null
29; Pedestrian; None; None; 31.10.2023 14:51:38; 805.1; 0.001800179; 241; Sidewalk; 0.02; null
29; Pedestrian; None; None; 31.10.2023 14:51:38; 805.1; 0.001800179; 241; Sidewalk; 0.02; null
29; Pedestrian; None; None; 31.10.2023 14:51:38; 805.1; 0.001800179; 241; Sidewalk; 0.02; null
29; Pedestrian; None; None; 31.10.2023 14:51:38; 805.1; 0.001800179; 241; Sidewalk; 0.02; null
29; Pedestrian; None; None; 31.10.2023 14:51:38; 805.1; 0.001800179; 241; Sidewalk; 0.02; null
29; Pedestrian; None; None; 31.10.2023 14:51:38; 805.1; 0.001800179; 241; Sidewalk; 0.02; null
29; Pedestrian; None; None; 31.10.2023 14:51:38; 805.1; 0.001800179; 241; Sidewalk; 0.02; null
29; Pedestrian; None; None; 31.10.2023 14:51:38; 805.1; 0.001800179; 241; Sidewalk; 0.02; null
29; Pedestrian; None; None; 31.10.2023 14:51:38; 805.1; 0.001800179; 241; Sidewalk; 0.02; null
29; Pedestrian; None; None; 31.10.2023 14:51:38; 805.1; 0.001800179; 241; Sidewalk; 0.02; null
29; Pedestrian; None; None; 31.10.2023 14:51:38; 805.1; 0.001800179; 241; Sidewalk; 0.02; null
29; Pedestrian; None; None; 31.10.2023 14:51:38; 805.1; 0.001800179; 241; Sidewalk; 0.02; null
29; Pedestrian; None; None; 31.10.2023 14:51:38; 805.1; 0.001800179; 241; Sidewalk; 0.02; null
29; Pedestrian; None; None; 31.10.2023 14:51:38; 804.3428; 0.001800179; 241.1342; Sidewalk; 0.04; null
29; Pedestrian; None; None; 31.10.2023 14:51:38; 804.3428; 0.001800179; 241.1342; Sidewalk; 0.04; null
29; Pedestrian; None; None; 31.10.2023 14:51:38; 804.3428; 0.001800179; 241.1342; Sidewalk; 0.04; null
29; Pedestrian; None; None; 31.10.2023 14:51:38; 804.3428; 0.001800179; 241.1342; Sidewalk; 0.04; null
29; Pedestrian; None; None; 31.10.2023 14:51:38; 804.4283; 0.001800179; 241.1165; Road; 0; null
29; Pedestrian; None; None; 31.10.2023 14:51:38; 804.4279; 0.001800179; 241.1212; Road; 0.0859516; null
29; Pedestrian; None; None; 31.10.2023 14:51:38; 804.4282; 0.001800179; 241.1243; Road; 0.1253109; null
29; Pedestrian; None; None; 31.10.2023 14:51:38; 804.428; 0.001800179; 241.1253; Road; 0.1329138; null
29; Pedestrian; None; None; 31.10.2023 14:51:38; 804.4279; 0.001800179; 241.1275; Road; 0.14736; null
29; Pedestrian; None; None; 31.10.2023 14:51:38; 804.4279; 0.001800179; 241.13; Road; 0.1692152; null
29; Pedestrian; None; None; 31.10.2023 14:51:38; 804.4277; 0.001800179; 241.1327; Road; 0.1920188; null
29; Pedestrian; None; None; 31.10.2023 14:51:38; 804.4282; 0.001800179; 241.1357; Road; 0.2145643; null
29; Pedestrian; None; None; 31.10.2023 14:51:38; 804.4285; 0.001800179; 241.1372; Road; 0.2255035; null
29; Pedestrian; None; None; 31.10.2023 14:51:38; 804.4291; 0.001800179; 241.1402; Road; 0.2568259; null
29; Pedestrian; None; None; 31.10.2023 14:51:38; 804.4296; 0.001800179; 241.1432; Road; 0.2767046; null
29; Pedestrian; None; None; 31.10.2023 14:51:38; 804.4301; 0.001800179; 241.1461; Road; 0.2940546; null
29; Pedestrian; None; None; 31.10.2023 14:51:38; 804.4307; 0.001800179; 241.1488; Road; 0.3146788; null
29; Pedestrian; None; None; 31.10.2023 14:51:38; 804.4311; 0.001800179; 241.1501; Road; 0.3264571; null
29; Pedestrian; None; None; 31.10.2023 14:51:38; 804.4314; 0.001800179; 241.1526; Road; 0.347668; null
29; Pedestrian; None; None; 31.10.2023 14:51:38; 804.4318; 0.001800179; 241.1551; Road; 0.369049; null
29; Pedestrian; None; None; 31.10.2023 14:51:38; 804.4324; 0.001800179; 241.1573; Road; 0.3914555; null
29; Pedestrian; None; None; 31.10.2023 14:51:38; 804.4325; 0.001800179; 241.1594; Road; 0.4173014; null
29; Pedestrian; None; None; 31.10.2023 14:51:38; 804.4324; 0.001800179; 241.1604; Road; 0.4245971; null
29; Pedestrian; None; None; 31.10.2023 14:51:38; 804.4322; 0.001800179; 241.1624; Road; 0.4473226; null
29; Pedestrian; None; None; 31.10.2023 14:51:38; 804.4327; 0.001800179; 241.1652; Road; 0.4805163; null
29; Pedestrian; None; None; 31.10.2023 14:51:38; 804.4327; 0.001800179; 241.1661; Road; 0.4910101; null
29; Pedestrian; None; None; 31.10.2023 14:51:38; 804.4329; 0.001800179; 241.1679; Road; 0.5134064; null
29; Pedestrian; None; None; 31.10.2023 14:51:38; 804.433; 0.001800179; 241.1688; Road; 0.5249131; null
29; Pedestrian; None; None; 31.10.2023 14:51:38; 804.4328; 0.001800179; 241.1705; Road; 0.5476826; null
29; Pedestrian; None; None; 31.10.2023 14:51:38; 804.4327; 0.001800179; 241.1728; Road; 0.5799692; null
29; Pedestrian; None; None; 31.10.2023 14:51:38; 804.4323; 0.001800179; 241.1744; Road; 0.6025282; null
29; Pedestrian; None; None; 31.10.2023 14:51:38; 804.4316; 0.001800179; 241.1759; Road; 0.6245298; null
29; Pedestrian; None; None; 31.10.2023 14:51:38; 804.4316; 0.001800179; 241.1759; Road; 0.6245298; null
29; Pedestrian; None; None; 31.10.2023 14:51:38; 804.4301; 0.001800179; 241.178; Road; 0.6578393; null
29; Pedestrian; None; None; 31.10.2023 14:51:38; 804.4293; 0.001800179; 241.1795; Road; 0.6803401; null
29; Pedestrian; None; None; 31.10.2023 14:51:38; 804.4287; 0.001800179; 241.1801; Road; 0.6909459; null
29; Pedestrian; None; None; 31.10.2023 14:51:38; 804.4273; 0.00180006; 241.1814; Road; 0.7207889; null
29; Pedestrian; None; None; 31.10.2023 14:51:38; 804.4261; 0.00180006; 241.1827; Road; 0.7372839; null
29; Pedestrian; None; None; 31.10.2023 14:51:39; 804.4254; 0.00180006; 241.1833; Road; 0.7462984; null
29; Pedestrian; None; None; 31.10.2023 14:51:39; 804.4232; 0.00180006; 241.1852; Road; 0.7801647; null
29; Pedestrian; None; None; 31.10.2023 14:51:39; 804.4213; 0.00180006; 241.1863; Road; 0.8024998; null
29; Pedestrian; None; None; 31.10.2023 14:51:39; 804.4196; 0.00180006; 241.1873; Road; 0.8241225; null
29; Pedestrian; None; None; 31.10.2023 14:51:39; 804.4196; 0.00180006; 241.1873; Road; 0.8241225; null
29; Pedestrian; None; None; 31.10.2023 14:51:39; 804.4176; 0.00180006; 241.188; Road; 0.8470052; null
29; Pedestrian; None; None; 31.10.2023 14:51:39; 804.4155; 0.00180006; 241.1884; Road; 0.8786293; null
29; Pedestrian; None; None; 31.10.2023 14:51:39; 804.4127; 0.00180006; 241.1885; Road; 0.8999804; null
29; Pedestrian; None; None; 31.10.2023 14:51:39; 804.4094; 0.00180006; 241.1882; Road; 0.9259335; null
29; Pedestrian; None; None; 31.10.2023 14:51:39; 804.408; 0.00180006; 241.1878; Road; 0.9349286; null
29; Pedestrian; None; None; 31.10.2023 14:51:39; 804.4053; 0.00180006; 241.1868; Road; 0.9574457; null
29; Pedestrian; None; None; 31.10.2023 14:51:39; 804.4041; 0.00180006; 241.1861; Road; 0.9685143; null
29; Pedestrian; None; None; 31.10.2023 14:51:39; 804.4012; 0.00180006; 241.1845; Road; 0.9912173; null
29; Pedestrian; None; None; 31.10.2023 14:51:39; 804.399; 0.00180006; 241.1823; Road; 1.013597; null
29; Pedestrian; None; None; 31.10.2023 14:51:39; 804.3979; 0.00180006; 241.1811; Road; 1.031747; null
29; Pedestrian; None; None; 31.10.2023 14:51:39; 804.3962; 0.00180006; 241.1782; Road; 1.047416; null
29; Pedestrian; None; None; 31.10.2023 14:51:39; 804.3937; 0.00180006; 241.1728; Road; 1.079925; null
29; Pedestrian; None; None; 31.10.2023 14:51:39; 804.3932; 0.00180006; 241.1686; Road; 1.102471; null
29; Pedestrian; None; None; 31.10.2023 14:51:39; 804.3937; 0.00180006; 241.164; Road; 1.124397; null
29; Pedestrian; None; None; 31.10.2023 14:51:39; 804.3942; 0.00180006; 241.1618; Road; 1.135319; null
29; Pedestrian; None; None; 31.10.2023 14:51:39; 804.3965; 0.00180006; 241.1571; Road; 1.158349; null
29; Pedestrian; None; None; 31.10.2023 14:51:39; 804.3983; 0.00180006; 241.1548; Road; 1.16881; null
29; Pedestrian; None; None; 31.10.2023 14:51:39; 804.4059; 0.00180006; 241.1476; Road; 1.203214; null
29; Pedestrian; None; None; 31.10.2023 14:51:39; 804.4089; 0.00180006; 241.1451; Road; 1.213141; null
29; Pedestrian; None; None; 31.10.2023 14:51:39; 804.4159; 0.00180006; 241.1403; Road; 1.235711; null
29; Pedestrian; None; None; 31.10.2023 14:51:39; 804.4196; 0.00180006; 241.1379; Road; 1.246598; null
29; Pedestrian; None; None; 31.10.2023 14:51:39; 804.4274; 0.00180006; 241.1332; Road; 1.269268; null
29; Pedestrian; None; None; 31.10.2023 14:51:39; 804.4371; 0.00180006; 241.1287; Road; 1.291936; null
29; Pedestrian; None; None; 31.10.2023 14:51:39; 804.4474; 0.00180006; 241.1245; Road; 1.313399; null
29; Pedestrian; None; None; 31.10.2023 14:51:39; 804.4529; 0.00180006; 241.1227; Road; 1.324925; null
29; Pedestrian; None; None; 31.10.2023 14:51:39; 804.4634; 0.00180006; 241.119; Road; 1.351914; null
29; Pedestrian; None; None; 31.10.2023 14:51:39; 804.4743; 0.00180006; 241.1158; Road; 1.368911; null
29; Pedestrian; None; None; 31.10.2023 14:51:39; 804.4853; 0.00180006; 241.1131; Road; 1.391236; null
29; Pedestrian; None; None; 31.10.2023 14:51:39; 804.496; 0.00180006; 241.1107; Road; 1.41343; null
29; Pedestrian; None; None; 31.10.2023 14:51:39; 804.5012; 0.00180006; 241.1098; Road; 1.42471; null
29; Pedestrian; None; None; 31.10.2023 14:51:39; 804.511; 0.00180006; 241.1081; Road; 1.446852; null
29; Pedestrian; None; None; 31.10.2023 14:51:39; 804.5201; 0.00180006; 241.1068; Road; 1.469131; null
29; Pedestrian; None; None; 31.10.2023 14:51:39; 804.5284; 0.00180006; 241.1056; Road; 1.499197; Checking Box Human Car
29; Pedestrian; None; None; 31.10.2023 14:51:39; 804.5357; 0.00180006; 241.1046; Road; 1.51822; Checking Box Human Car
29; Pedestrian; None; None; 31.10.2023 14:51:39; 804.5395; 0.00180006; 241.1042; Road; 1.525476; Checking Box Human Car
29; Pedestrian; None; None; 31.10.2023 14:51:39; 804.5466; 0.00180006; 241.1035; Road; 1.547213; Checking Box Human Car
29; Pedestrian; None; None; 31.10.2023 14:51:39; 804.5531; 0.00180006; 241.103; Road; 1.569247; Checking Box Human Car
29; Pedestrian; None; None; 31.10.2023 14:51:39; 804.5586; 0.00180006; 241.1025; Road; 1.591755; Checking Box Human Car
29; Pedestrian; None; None; 31.10.2023 14:51:39; 804.5637; 0.00180006; 241.1022; Road; 1.61344; Checking Box Human Car
29; Pedestrian; None; None; 31.10.2023 14:51:39; 804.5663; 0.00180006; 241.1019; Road; 1.625471; Checking Box Human Car
29; Pedestrian; None; None; 31.10.2023 14:51:39; 804.5698; 0.00180006; 241.1016; Road; 1.653883; Checking Box AICar
29; Pedestrian; None; None; 31.10.2023 14:51:39; 804.5736; 0.00180006; 241.1011; Road; 1.670983; Checking Box AICar
29; Pedestrian; None; None; 31.10.2023 14:51:39; 804.5767; 0.00180006; 241.1006; Road; 1.691296; Checking Box AICar
29; Pedestrian; None; None; 31.10.2023 14:51:39; 804.5793; 0.00180006; 241.1003; Road; 1.713448; Checking Box AICar
29; Pedestrian; None; None; 31.10.2023 14:51:39; 804.5807; 0.00180006; 241.1001; Road; 1.724726; Checking Box AICar
29; Pedestrian; None; None; 31.10.2023 14:51:40; 804.5839; 0.00180006; 241.0999; Road; 1.747449; Checking Box AICar
29; Pedestrian; None; None; 31.10.2023 14:51:40; 804.5865; 0.00180006; 241.0996; Road; 1.769285; Checking Box AICar
29; Pedestrian; None; None; 31.10.2023 14:51:40; 804.5889; 0.00180006; 241.0992; Road; 1.791267; Checking Box AICar
29; Pedestrian; None; None; 31.10.2023 14:51:40; 804.5915; 0.00180006; 241.0987; Road; 1.819081; Checking Box AICar
29; Pedestrian; None; None; 31.10.2023 14:51:40; 804.5928; 0.00180006; 241.0984; Road; 1.827094; Checking Box AICar
29; Pedestrian; None; None; 31.10.2023 14:51:40; 804.5953; 0.00180006; 241.0979; Road; 1.846929; Checking Box AICar
29; Pedestrian; None; None; 31.10.2023 14:51:40; 804.5983; 0.00180006; 241.0975; Road; 1.868981; Checking Box AICar
29; Pedestrian; None; None; 31.10.2023 14:51:40; 804.6015; 0.00180006; 241.0971; Road; 1.891713; Checking Box AICar
29; Pedestrian; None; None; 31.10.2023 14:51:40; 804.6042; 0.00180006; 241.0966; Road; 1.914; Checking Box AICar
29; Pedestrian; None; None; 31.10.2023 14:51:40; 804.6056; 0.00180006; 241.0964; Road; 1.92473; Checking Box AICar
29; Pedestrian; None; None; 31.10.2023 14:51:40; 804.6084; 0.00180006; 241.096; Road; 1.946694; Checking Box AICar
29; Pedestrian; None; None; 31.10.2023 14:51:40; 804.6113; 0.00180006; 241.0952; Road; 1.983297; Checking Box AICar
29; Pedestrian; None; None; 31.10.2023 14:51:40; 804.6124; 0.00180006; 241.095; Road; 1.990792; Checking Box AICar
29; Pedestrian; None; None; 31.10.2023 14:51:40; 804.6149; 0.00180006; 241.0945; Road; 2.013379; Checking Box AICar
29; Pedestrian; None; None; 31.10.2023 14:51:40; 804.6162; 0.00180006; 241.0943; Road; 2.024637; Checking Box AICar
29; Pedestrian; None; None; 31.10.2023 14:51:40; 804.6191; 0.00180006; 241.0938; Road; 2.0474; Checking Box AICar
29; Pedestrian; None; None; 31.10.2023 14:51:40; 804.6241; 0.00180006; 241.0932; Road; 2.080816; Checking Box AICar
29; Pedestrian; None; None; 31.10.2023 14:51:40; 804.6257; 0.00180006; 241.0928; Road; 2.090893; Checking Box AICar
29; Pedestrian; None; None; 31.10.2023 14:51:40; 804.6295; 0.00180006; 241.092; Road; 2.122726; Checking Box AICar
29; Pedestrian; None; None; 31.10.2023 14:51:40; 804.6312; 0.00180006; 241.0915; Road; 2.131939; Checking Box AICar
29; Pedestrian; None; None; 31.10.2023 14:51:40; 804.6384; 0.00180006; 241.0902; Road; 2.157873; Checking Box AICar
29; Pedestrian; None; None; 31.10.2023 14:51:40; 804.6409; 0.00180006; 241.0898; Road; 2.168792; Checking Box AICar
29; Pedestrian; None; None; 31.10.2023 14:51:40; 804.6459; 0.00180006; 241.0891; Road; 2.19214; Checking Box AICar
29; Pedestrian; None; None; 31.10.2023 14:51:40; 804.6508; 0.00180006; 241.0883; Road; 2.213501; Checking Box AICar
29; Pedestrian; None; None; 31.10.2023 14:51:40; 804.6535; 0.00180006; 241.088; Road; 2.224831; Checking Box AICar
29; Pedestrian; None; None; 31.10.2023 14:51:40; 804.6587; 0.00180006; 241.0874; Road; 2.247758; Checking Box AICar
29; Pedestrian; None; None; 31.10.2023 14:51:40; 804.6639; 0.00180006; 241.087; Road; 2.275734; Checking Box AICar
29; Pedestrian; None; None; 31.10.2023 14:51:40; 804.6686; 0.00180006; 241.0868; Road; 2.295271; Checking Box AICar
29; Pedestrian; None; None; 31.10.2023 14:51:40; 804.6738; 0.00180006; 241.0867; Road; 2.31343; Checking Box AICar
29; Pedestrian; None; None; 31.10.2023 14:51:40; 804.6766; 0.00180006; 241.0867; Road; 2.324858; Checking Box AICar
29; Pedestrian; None; None; 31.10.2023 14:51:40; 804.681; 0.00180006; 241.0867; Road; 2.346958; Checking Box AICar
29; Pedestrian; None; None; 31.10.2023 14:51:40; 804.6855; 0.00180006; 241.0869; Road; 2.369896; Checking Box AICar
29; Pedestrian; None; None; 31.10.2023 14:51:40; 804.6898; 0.00180006; 241.0873; Road; 2.391591; Checking Box AICar
29; Pedestrian; None; None; 31.10.2023 14:51:40; 804.6946; 0.00180006; 241.0879; Road; 2.414111; Checking Box AICar
29; Pedestrian; None; None; 31.10.2023 14:51:40; 804.6967; 0.00180006; 241.0881; Road; 2.43401; Checking Box AICar
29; Pedestrian; None; None; 31.10.2023 14:51:40; 804.7008; 0.00180006; 241.0888; Road; 2.43401; Checking Box AICar
29; Pedestrian; None; None; 31.10.2023 14:51:40; 804.7065; 0.00180006; 241.0898; Sidewalk; 0.3840721; Checking Box AICar
29; Pedestrian; None; None; 31.10.2023 14:51:40; 804.7103; 0.00180006; 241.0905; Sidewalk; 0.4074753; Checking Box AICar
29; Pedestrian; None; None; 31.10.2023 14:51:40; 804.712; 0.00180006; 241.091; Sidewalk; 0.4175578; Checking Box AICar
29; Pedestrian; None; None; 31.10.2023 14:51:40; 804.7147; 0.00180006; 241.0914; Sidewalk; 0.4291398; Checking Box AICar
29; Pedestrian; None; None; 31.10.2023 14:51:40; 804.7185; 0.00180006; 241.0922; Sidewalk; 0.4513276; Checking Box AICar
29; Pedestrian; None; None; 31.10.2023 14:51:40; 804.7228; 0.00180006; 241.093; Sidewalk; 0.4740944; Checking Box AICar
29; Pedestrian; None; None; 31.10.2023 14:51:40; 804.7265; 0.00180006; 241.0939; Sidewalk; 0.5032517; Checking Box AICar
29; Pedestrian; None; None; 31.10.2023 14:51:40; 804.7328; 0.00180006; 241.0952; Sidewalk; 0.5304924; Checking Box AICar
29; Pedestrian; None; None; 31.10.2023 14:51:40; 804.7349; 0.00180006; 241.0956; Sidewalk; 0.539658; Checking Box AICar
29; Pedestrian; None; None; 31.10.2023 14:51:40; 804.7398; 0.00180006; 241.0965; Sidewalk; 0.5621545; Checking Box AICar
29; Pedestrian; None; None; 31.10.2023 14:51:40; 804.7447; 0.00180006; 241.0974; Sidewalk; 0.5843276; Checking Box AICar
29; Pedestrian; None; None; 31.10.2023 14:51:40; 804.7501; 0.00180006; 241.0984; Sidewalk; 0.6069692; Checking Box AICar
29; Pedestrian; None; None; 31.10.2023 14:51:40; 804.7528; 0.00180006; 241.0988; Sidewalk; 0.6172081; Checking Box AICar
29; Pedestrian; None; None; 31.10.2023 14:51:40; 804.7556; 0.00180006; 241.0993; Sidewalk; 0.6288037; Checking Box AICar
29; Pedestrian; None; None; 31.10.2023 14:51:41; 804.7612; 0.00180006; 241.1002; Sidewalk; 0.6572206; Checking Box AICar
29; Pedestrian; None; None; 31.10.2023 14:51:41; 804.7673; 0.00180006; 241.1013; Sidewalk; 0.6757331; Checking Box AICar
29; Pedestrian; None; None; 31.10.2023 14:51:41; 804.773; 0.00180006; 241.1024; Sidewalk; 0.6956539; Checking Box AICar
29; Pedestrian; None; None; 31.10.2023 14:51:41; 804.7816; 0.00180006; 241.104; Sidewalk; 0.7298963; Checking Box AICar
29; Pedestrian; None; None; 31.10.2023 14:51:41; 804.7816; 0.00180006; 241.104; Sidewalk; 0.7298963; Checking Box AICar
29; Pedestrian; None; None; 31.10.2023 14:51:41; 804.7901; 0.00180006; 241.1058; Sidewalk; 0.7626413; Checking Box AICar
29; Pedestrian; None; None; 31.10.2023 14:51:41; 804.7929; 0.00180006; 241.1064; Sidewalk; 0.7730556; Checking Box AICar
29; Pedestrian; None; None; 31.10.2023 14:51:41; 804.7983; 0.00180006; 241.1077; Sidewalk; 0.8048962; Checking Box AICar
29; Pedestrian; None; None; 31.10.2023 14:51:41; 804.803; 0.00180006; 241.1091; Sidewalk; 0.8242743; Checking Box AICar
29; Pedestrian; None; None; 31.10.2023 14:51:41; 804.8079; 0.00180006; 241.1105; Sidewalk; 0.8405792; Checking Box AICar
29; Pedestrian; None; None; 31.10.2023 14:51:41; 804.8103; 0.00180006; 241.1111; Sidewalk; 0.8508506; Checking Box AICar
29; Pedestrian; None; None; 31.10.2023 14:51:41; 804.8172; 0.00180006; 241.1134; Sidewalk; 0.8847573; Checking Box AICar
29; Pedestrian; None; None; 31.10.2023 14:51:41; 804.8217; 0.00180006; 241.1149; Sidewalk; 0.906917; Checking Box AICar
29; Pedestrian; None; None; 31.10.2023 14:51:41; 804.8239; 0.00180006; 241.1157; Sidewalk; 0.9171079; Checking Box AICar
29; Pedestrian; None; None; 31.10.2023 14:51:41; 804.8256; 0.00180006; 241.1165; Sidewalk; 0.9282667; Checking Box AICar
29; Pedestrian; None; None; 31.10.2023 14:51:41; 804.8298; 0.00180006; 241.118; Sidewalk; 0.9619374; Checking Box AICar
29; Pedestrian; None; None; 31.10.2023 14:51:41; 804.8334; 0.00180006; 241.1195; Sidewalk; 0.9811539; Checking Box AICar
29; Pedestrian; None; None; 31.10.2023 14:51:41; 804.8373; 0.00180006; 241.121; Sidewalk; 0.9975816; Checking Box AICar
29; Pedestrian; None; None; 31.10.2023 14:51:41; 804.8422; 0.00180006; 241.1231; Sidewalk; 1.029638; Checking Box AICar
29; Pedestrian; None; None; 31.10.2023 14:51:41; 804.8436; 0.00180006; 241.1239; Sidewalk; 1.039555; Checking Box AICar
29; Pedestrian; None; None; 31.10.2023 14:51:41; 804.8451; 0.00180006; 241.1246; Sidewalk; 1.050522; Checking Box AICar
29; Pedestrian; None; None; 31.10.2023 14:51:41; 804.848; 0.00180006; 241.1261; Sidewalk; 1.073912; Checking Box AICar
29; Pedestrian; None; None; 31.10.2023 14:51:41; 804.8503; 0.00180006; 241.1277; Sidewalk; 1.095725; Checking Box AICar
29; Pedestrian; None; None; 31.10.2023 14:51:41; 804.8527; 0.00180006; 241.1291; Sidewalk; 1.124209; null
29; Pedestrian; None; None; 31.10.2023 14:51:41; 804.8552; 0.00180006; 241.1307; Sidewalk; 1.141345; null
29; Pedestrian; None; None; 31.10.2023 14:51:41; 804.8569; 0.00180006; 241.1315; Sidewalk; 1.150542; null
29; Pedestrian; None; None; 31.10.2023 14:51:41; 804.8604; 0.00180006; 241.1338; Sidewalk; 1.184072; null
29; Pedestrian; None; None; 31.10.2023 14:51:41; 804.8627; 0.00180006; 241.1354; Sidewalk; 1.20726; null
29; Pedestrian; None; None; 31.10.2023 14:51:41; 804.8638; 0.00180006; 241.1362; Sidewalk; 1.216674; null
29; Pedestrian; None; None; 31.10.2023 14:51:41; 804.8658; 0.00180006; 241.1378; Sidewalk; 1.240318; null
29; Pedestrian; None; None; 31.10.2023 14:51:41; 804.8671; 0.00180006; 241.1386; Sidewalk; 1.250772; null
29; Pedestrian; None; None; 31.10.2023 14:51:41; 804.869; 0.00180006; 241.1401; Sidewalk; 1.279546; null
29; Pedestrian; None; None; 31.10.2023 14:51:41; 804.8721; 0.00180006; 241.1424; Sidewalk; 1.308167; null
29; Pedestrian; None; None; 31.10.2023 14:51:41; 804.8738; 0.00180006; 241.1441; Sidewalk; 1.328239; null
29; Pedestrian; None; None; 31.10.2023 14:51:41; 804.8746; 0.00180006; 241.145; Sidewalk; 1.339882; null
29; Pedestrian; None; None; 31.10.2023 14:51:41; 804.8753; 0.00180006; 241.1459; Sidewalk; 1.350831; null
29; Pedestrian; None; None; 31.10.2023 14:51:41; 804.8775; 0.00180006; 241.1487; Sidewalk; 1.383951; null
29; Pedestrian; None; None; 31.10.2023 14:51:41; 804.8785; 0.00180006; 241.1498; Sidewalk; 1.394817; null
29; Pedestrian; None; None; 31.10.2023 14:51:41; 804.8801; 0.00180006; 241.1516; Sidewalk; 1.427651; null
29; Pedestrian; None; None; 31.10.2023 14:51:41; 804.881; 0.00180006; 241.1525; Sidewalk; 1.438871; null
29; Pedestrian; None; None; 31.10.2023 14:51:41; 804.8834; 0.00180006; 241.1551; Sidewalk; 1.46567; null
29; Pedestrian; None; None; 31.10.2023 14:51:41; 804.8849; 0.00180006; 241.1567; Sidewalk; 1.483628; null
29; Pedestrian; None; None; 31.10.2023 14:51:41; 804.8865; 0.00180006; 241.1583; Sidewalk; 1.506562; null
29; Pedestrian; None; None; 31.10.2023 14:51:41; 804.8887; 0.00180006; 241.16; Sidewalk; 1.52868; null
29; Pedestrian; None; None; 31.10.2023 14:51:41; 804.8896; 0.00180006; 241.1609; Sidewalk; 1.539739; null
29; Pedestrian; None; None; 31.10.2023 14:51:41; 804.8905; 0.00180006; 241.1617; Sidewalk; 1.550271; null
29; Pedestrian; None; None; 31.10.2023 14:51:41; 804.8922; 0.00180006; 241.1634; Sidewalk; 1.57954; null
29; Pedestrian; None; None; 31.10.2023 14:51:41; 804.8943; 0.00180006; 241.1658; Sidewalk; 1.607564; null
29; Pedestrian; None; None; 31.10.2023 14:51:41; 804.895; 0.00180006; 241.1666; Sidewalk; 1.61673; Checking Box AICar
29; Pedestrian; None; None; 31.10.2023 14:51:41; 804.8955; 0.00180006; 241.1674; Sidewalk; 1.628969; Checking Box AICar
29; Pedestrian; None; None; 31.10.2023 14:51:42; 804.8976; 0.00180006; 241.1696; Sidewalk; 1.662832; Checking Box AICar
29; Pedestrian; None; None; 31.10.2023 14:51:42; 804.899; 0.00180006; 241.1712; Sidewalk; 1.684667; Checking Box AICar
29; Pedestrian; None; None; 31.10.2023 14:51:42; 804.8994; 0.00180006; 241.1726; Sidewalk; 1.707007; Checking Box AICar
29; Pedestrian; None; None; 31.10.2023 14:51:42; 804.8998; 0.00180006; 241.1733; Sidewalk; 1.717441; Checking Box AICar
29; Pedestrian; None; None; 31.10.2023 14:51:42; 804.8998; 0.00180006; 241.1733; Sidewalk; 1.717441; Checking Box AICar
29; Pedestrian; None; None; 31.10.2023 14:51:42; 804.9007; 0.00180006; 241.1754; Sidewalk; 1.76102; Checking Box AICar
29; Pedestrian; None; None; 31.10.2023 14:51:42; 804.9013; 0.00180006; 241.1772; Sidewalk; 1.783813; Checking Box AICar
29; Pedestrian; None; None; 31.10.2023 14:51:42; 804.9026; 0.00180006; 241.1785; Sidewalk; 1.806583; Checking Box AICar
29; Pedestrian; None; None; 31.10.2023 14:51:42; 804.9031; 0.00180006; 241.1797; Sidewalk; 1.828249; Checking Box AICar
29; Pedestrian; None; None; 31.10.2023 14:51:42; 804.9037; 0.00180006; 241.1803; Sidewalk; 1.839074; Checking Box AICar
29; Pedestrian; None; None; 31.10.2023 14:51:42; 804.9047; 0.00180006; 241.1814; Sidewalk; 1.861455; Checking Box AICar
29; Pedestrian; None; None; 31.10.2023 14:51:42; 804.905; 0.00180006; 241.182; Sidewalk; 1.87291; Checking Box AICar
29; Pedestrian; None; None; 31.10.2023 14:51:42; 804.9057; 0.00180006; 241.1831; Sidewalk; 1.902403; Checking Box AICar
29; Pedestrian; None; None; 31.10.2023 14:51:42; 804.9056; 0.00180006; 241.1845; Sidewalk; 1.927975; Checking Box AICar
29; Pedestrian; None; None; 31.10.2023 14:51:42; 804.9055; 0.00180006; 241.1851; Sidewalk; 1.939351; Checking Box AICar
29; Pedestrian; None; None; 31.10.2023 14:51:42; 804.9046; 0.00180006; 241.1859; Sidewalk; 1.961377; Checking Box AICar
29; Pedestrian; None; None; 31.10.2023 14:51:42; 804.9042; 0.00180006; 241.1863; Sidewalk; 1.97322; Checking Box AICar
29; Pedestrian; None; None; 31.10.2023 14:51:42; 804.9019; 0.00180006; 241.1873; Sidewalk; 2.006196; Checking Box AICar
29; Pedestrian; None; None; 31.10.2023 14:51:42; 804.9019; 0.00180006; 241.1877; Sidewalk; 2.017064; Checking Box AICar
29; Pedestrian; None; None; 31.10.2023 14:51:42; 804.9012; 0.00180006; 241.188; Sidewalk; 2.028856; Checking Box AICar
29; Pedestrian; None; None; 31.10.2023 14:51:42; 804.8996; 0.00180006; 241.1885; Sidewalk; 2.057085; Checking Box AICar
29; Pedestrian; None; None; 31.10.2023 14:51:42; 804.8978; 0.00180006; 241.1893; Sidewalk; 2.084337; Checking Box AICar
29; Pedestrian; None; None; 31.10.2023 14:51:42; 804.8966; 0.00180006; 241.1898; Sidewalk; 2.106572; Checking Box AICar
29; Pedestrian; None; None; 31.10.2023 14:51:42; 804.8954; 0.00180006; 241.1902; Sidewalk; 2.128357; Checking Box AICar
29; Pedestrian; None; None; 31.10.2023 14:51:42; 804.8954; 0.00180006; 241.1902; Sidewalk; 2.128357; Checking Box AICar
29; Pedestrian; None; None; 31.10.2023 14:51:42; 804.8931; 0.00180006; 241.1907; Sidewalk; 2.163043; Checking Box AICar
29; Pedestrian; None; None; 31.10.2023 14:51:42; 804.8925; 0.00180006; 241.1908; Sidewalk; 2.17305; Checking Box AICar
29; Pedestrian; None; None; 31.10.2023 14:51:42; 804.8916; 0.00180006; 241.1911; Sidewalk; 2.202395; Checking Box AICar
29; Pedestrian; None; None; 31.10.2023 14:51:42; 804.8912; 0.00180006; 241.1914; Sidewalk; 2.224546; Checking Box AICar
29; Pedestrian; None; None; 31.10.2023 14:51:42; 804.8909; 0.00180006; 241.1915; Sidewalk; 2.233161; Checking Box AICar
29; Pedestrian; None; None; 31.10.2023 14:51:42; 804.89; 0.00180006; 241.1918; Sidewalk; 2.262435; Checking Box AICar
29; Pedestrian; None; None; 31.10.2023 14:51:42; 804.8893; 0.00180006; 241.1918; Sidewalk; 2.283667; Checking Box AICar
29; Pedestrian; None; None; 31.10.2023 14:51:42; 804.8885; 0.00180006; 241.1918; Sidewalk; 2.307053; Checking Box AICar
29; Pedestrian; None; None; 31.10.2023 14:51:42; 804.888; 0.00180006; 241.1918; Sidewalk; 2.328206; Checking Box AICar
29; Pedestrian; None; None; 31.10.2023 14:51:42; 804.888; 0.00180006; 241.1918; Sidewalk; 2.328206; Checking Box AICar
29; Pedestrian; None; None; 31.10.2023 14:51:42; 804.8877; 0.00180006; 241.1919; Sidewalk; 2.358093; Checking Box AICar
29; Pedestrian; None; None; 31.10.2023 14:51:42; 804.8875; 0.00180006; 241.1919; Sidewalk; 2.376963; Checking Box AICar
29; Pedestrian; None; None; 31.10.2023 14:51:42; 804.8856; 0.00180006; 241.1918; Sidewalk; 2.408561; Checking Box AICar
29; Pedestrian; None; None; 31.10.2023 14:51:42; 804.8849; 0.00180006; 241.1918; Sidewalk; 2.429163; Checking Box AICar
29; Pedestrian; None; None; 31.10.2023 14:51:42; 804.8845; 0.00180006; 241.1918; Sidewalk; 2.439379; Checking Box AICar
29; Pedestrian; None; None; 31.10.2023 14:51:42; 804.8834; 0.00180006; 241.1917; Sidewalk; 2.450514; Checking Box AICar
29; Pedestrian; None; None; 31.10.2023 14:51:42; 804.8821; 0.00180006; 241.1916; Sidewalk; 2.483336; Checking Box AICar
29; Pedestrian; None; None; 31.10.2023 14:51:42; 804.8817; 0.00180006; 241.1915; Sidewalk; 2.494817; Checking Box AICar
29; Pedestrian; None; None; 31.10.2023 14:51:42; 804.8807; 0.00180006; 241.1913; Sidewalk; 2.523337; Checking Box AICar
29; Pedestrian; None; None; 31.10.2023 14:51:42; 804.8808; 0.00180006; 241.1911; Sidewalk; 2.540318; Checking Box AICar
29; Pedestrian; None; None; 31.10.2023 14:51:42; 804.8804; 0.00180006; 241.1909; Sidewalk; 2.561388; Checking Box AICar
29; Pedestrian; None; None; 31.10.2023 14:51:42; 804.8798; 0.00180006; 241.1906; Sidewalk; 2.583649; Checking Box AICar
29; Pedestrian; None; None; 31.10.2023 14:51:42; 804.8786; 0.00180006; 241.1902; Sidewalk; 2.606034; Checking Box AICar
29; Pedestrian; None; None; 31.10.2023 14:51:42; 804.8782; 0.00180006; 241.19; Sidewalk; 2.627975; Checking Box AICar
29; Pedestrian; None; None; 31.10.2023 14:51:42; 804.8778; 0.00180006; 241.1899; Sidewalk; 2.638788; Checking Box AICar
29; Pedestrian; None; None; 31.10.2023 14:51:43; 804.8774; 0.00180006; 241.1897; Sidewalk; 2.649731; Checking Box AICar
29; Pedestrian; None; None; 31.10.2023 14:51:43; 804.8766; 0.00180006; 241.1894; Sidewalk; 2.678396; Checking Box AICar
29; Pedestrian; None; None; 31.10.2023 14:51:43; 804.8744; 0.00180006; 241.189; Sidewalk; 2.707442; Checking Box AICar
29; Pedestrian; None; None; 31.10.2023 14:51:43; 804.8733; 0.00180006; 241.1887; Sidewalk; 2.728494; Checking Box AICar
29; Pedestrian; None; None; 31.10.2023 14:51:43; 804.873; 0.00180006; 241.1887; Sidewalk; 2.738771; Checking Box AICar
29; Pedestrian; None; None; 31.10.2023 14:51:43; 804.8727; 0.00180006; 241.1884; Sidewalk; 2.760926; Checking Box AICar
29; Pedestrian; None; None; 31.10.2023 14:51:43; 804.8723; 0.00180006; 241.1883; Sidewalk; 2.783817; Checking Box AICar
29; Pedestrian; None; None; 31.10.2023 14:51:43; 804.8718; 0.00180006; 241.1881; Sidewalk; 2.795377; Checking Box AICar
29; Pedestrian; None; None; 31.10.2023 14:51:43; 804.8708; 0.00180006; 241.1879; Sidewalk; 2.823403; Checking Box AICar
29; Pedestrian; None; None; 31.10.2023 14:51:43; 804.8699; 0.00180006; 241.1876; Sidewalk; 2.842666; Checking Box AICar
29; Pedestrian; None; None; 31.10.2023 14:51:43; 804.8689; 0.00180006; 241.1874; Sidewalk; 2.860849; Checking Box AICar
29; Pedestrian; None; None; 31.10.2023 14:51:43; 804.8676; 0.00180006; 241.1872; Sidewalk; 2.883273; Checking Box AICar
29; Pedestrian; None; None; 31.10.2023 14:51:43; 804.866; 0.00180006; 241.1869; Sidewalk; 2.905988; Checking Box AICar
29; Pedestrian; None; None; 31.10.2023 14:51:43; 804.864; 0.00180006; 241.1867; Sidewalk; 2.927465; Checking Box AICar
29; Pedestrian; None; None; 31.10.2023 14:51:43; 804.8632; 0.00180006; 241.1866; Sidewalk; 2.938807; Checking Box AICar
29; Pedestrian; None; None; 31.10.2023 14:51:43; 804.863; 0.00180006; 241.1865; Sidewalk; 2.950253; Checking Box AICar
29; Pedestrian; None; None; 31.10.2023 14:51:43; 804.8611; 0.00180006; 241.1863; Sidewalk; 2.978714; null
29; Pedestrian; None; None; 31.10.2023 14:51:43; 804.8584; 0.00180006; 241.186; Sidewalk; 3.005414; null
29; Pedestrian; None; None; 31.10.2023 14:51:43; 804.8566; 0.00180006; 241.1859; Sidewalk; 3.027678; null
29; Pedestrian; None; None; 31.10.2023 14:51:43; 804.8557; 0.00180006; 241.1858; Sidewalk; 3.038515; null
29; Pedestrian; None; None; 31.10.2023 14:51:43; 804.8535; 0.00180006; 241.1856; Sidewalk; 3.060937; null
29; Pedestrian; None; None; 31.10.2023 14:51:43; 804.8515; 0.00180006; 241.1855; Sidewalk; 3.083078; null
29; Pedestrian; None; None; 31.10.2023 14:51:43; 804.8505; 0.00180006; 241.1854; Sidewalk; 3.105428; null
29; Pedestrian; None; None; 31.10.2023 14:51:43; 804.8491; 0.00180006; 241.1852; Sidewalk; 3.11625; Checking Box Human Car
29; Pedestrian; None; None; 31.10.2023 14:51:43; 804.8483; 0.00180006; 241.1851; Sidewalk; 3.137575; Checking Box Human Car
29; Pedestrian; None; None; 31.10.2023 14:51:43; 804.8453; 0.00180006; 241.185; Sidewalk; 3.162948; Checking Box Human Car
29; Pedestrian; None; None; 31.10.2023 14:51:43; 804.8435; 0.00180006; 241.1848; Sidewalk; 3.184099; Checking Box Human Car
29; Pedestrian; None; None; 31.10.2023 14:51:43; 804.8422; 0.00180006; 241.1847; Sidewalk; 3.206479; Checking Box Human Car
29; Pedestrian; None; None; 31.10.2023 14:51:43; 804.8414; 0.00180006; 241.1846; Sidewalk; 3.216978; Checking Box Human Car
29; Pedestrian; None; None; 31.10.2023 14:51:43; 804.8397; 0.00180006; 241.1844; Sidewalk; 3.240051; Checking Box Human Car
29; Pedestrian; None; None; 31.10.2023 14:51:43; 804.838; 0.00180006; 241.1843; Sidewalk; 3.260506; Checking Box Human Car
29; Pedestrian; None; None; 31.10.2023 14:51:43; 804.8371; 0.00180006; 241.1841; Sidewalk; 3.27299; Checking Box Human Car
29; Pedestrian; None; None; 31.10.2023 14:51:43; 804.8354; 0.00180006; 241.184; Sidewalk; 3.302389; Checking Box Human Car
29; Pedestrian; None; None; 31.10.2023 14:51:43; 804.8331; 0.00180006; 241.1838; Sidewalk; 3.327617; Checking Box Human Car
29; Pedestrian; None; None; 31.10.2023 14:51:43; 804.8321; 0.00180006; 241.1836; Sidewalk; 3.338208; Checking Box Human Car
29; Pedestrian; None; None; 31.10.2023 14:51:43; 804.8303; 0.00180006; 241.1833; Sidewalk; 3.361329; Checking Box Human Car
29; Pedestrian; None; None; 31.10.2023 14:51:43; 804.8292; 0.00180006; 241.1832; Sidewalk; 3.382822; Checking Box Human Car
29; Pedestrian; None; None; 31.10.2023 14:51:43; 804.8276; 0.00180006; 241.1828; Sidewalk; 3.405667; Checking Box Human Car
29; Pedestrian; None; None; 31.10.2023 14:51:43; 804.827; 0.00180006; 241.1827; Sidewalk; 3.416275; Checking Box Human Car
29; Pedestrian; None; None; 31.10.2023 14:51:43; 804.8263; 0.00180006; 241.1826; Sidewalk; 3.427853; Checking Box Human Car
29; Pedestrian; None; None; 31.10.2023 14:51:43; 804.8254; 0.00180006; 241.1826; Sidewalk; 3.449845; Checking Box Human Car
29; Pedestrian; None; None; 31.10.2023 14:51:43; 804.8225; 0.00180006; 241.1821; Sidewalk; 3.482869; Checking Box Human Car
29; Pedestrian; None; None; 31.10.2023 14:51:43; 804.8212; 0.00180006; 241.1819; Sidewalk; 3.50592; Checking Box Human Car
29; Pedestrian; None; None; 31.10.2023 14:51:43; 804.8203; 0.00180006; 241.1816; Sidewalk; 3.527916; Checking Box Human Car
29; Pedestrian; None; None; 31.10.2023 14:51:43; 804.8195; 0.00180006; 241.1814; Sidewalk; 3.53882; Checking Box Human Car
29; Pedestrian; None; None; 31.10.2023 14:51:43; 804.8179; 0.00180006; 241.1811; Sidewalk; 3.560991; Checking Box Human Car
29; Pedestrian; None; None; 31.10.2023 14:51:43; 804.8178; 0.00180006; 241.181; Sidewalk; 3.572376; Checking Box Human Car
29; Pedestrian; None; None; 31.10.2023 14:51:43; 804.817; 0.00180006; 241.1806; Sidewalk; 3.601295; Checking Box Human Car
29; Pedestrian; None; None; 31.10.2023 14:51:43; 804.816; 0.00180006; 241.1802; Sidewalk; 3.627531; Checking Box Human Car
29; Pedestrian; None; None; 31.10.2023 14:51:43; 804.8155; 0.00180006; 241.1801; Sidewalk; 3.638369; Checking Box Human Car
29; Pedestrian; None; None; 31.10.2023 14:51:44; 804.8145; 0.00180006; 241.1797; Sidewalk; 3.660337; Checking Box Human Car
29; Pedestrian; None; None; 31.10.2023 14:51:44; 804.8137; 0.00180006; 241.1793; Sidewalk; 3.682758; Checking Box Human Car
29; Pedestrian; None; None; 31.10.2023 14:51:44; 804.813; 0.00180006; 241.179; Sidewalk; 3.705524; Checking Box Human Car
29; Pedestrian; None; None; 31.10.2023 14:51:44; 804.8123; 0.00180006; 241.1785; Sidewalk; 3.727551; Checking Box Human Car
29; Pedestrian; None; None; 31.10.2023 14:51:44; 804.8123; 0.00180006; 241.1785; Sidewalk; 3.727551; Checking Box Human Car
29; Pedestrian; None; None; 31.10.2023 14:51:44; 804.8115; 0.00180006; 241.1781; Sidewalk; 3.757021; Checking Box Human Car
29; Pedestrian; None; None; 31.10.2023 14:51:44; 804.8098; 0.00180006; 241.1776; Sidewalk; 3.785739; Checking Box Human Car
29; Pedestrian; None; None; 31.10.2023 14:51:44; 804.8089; 0.00180006; 241.1772; Sidewalk; 3.80577; Checking Box Human Car
29; Pedestrian; None; None; 31.10.2023 14:51:44; 804.8086; 0.00180006; 241.177; Sidewalk; 3.828045; Checking Box Human Car
29; Pedestrian; None; None; 31.10.2023 14:51:44; 804.8079; 0.00180006; 241.177; Sidewalk; 3.838137; Checking Box Human Car
29; Pedestrian; None; None; 31.10.2023 14:51:44; 804.8075; 0.00180006; 241.1768; Sidewalk; 3.849529; Checking Box Human Car
29; Pedestrian; None; None; 31.10.2023 14:51:44; 804.8056; 0.00180006; 241.1765; Sidewalk; 3.88394; Checking Box Human Car
29; Pedestrian; None; None; 31.10.2023 14:51:44; 804.8049; 0.00180006; 241.1764; Sidewalk; 3.894873; Checking Box Human Car
29; Pedestrian; None; None; 31.10.2023 14:51:44; 804.8037; 0.00180006; 241.1761; Sidewalk; 3.922081; Checking Box Human Car
29; Pedestrian; None; None; 31.10.2023 14:51:44; 804.8029; 0.00180006; 241.1759; Sidewalk; 3.940498; Checking Box Human Car
29; Pedestrian; None; None; 31.10.2023 14:51:44; 804.8013; 0.00180006; 241.1758; Sidewalk; 3.960408; Checking Box Human Car
29; Pedestrian; None; None; 31.10.2023 14:51:44; 804.8002; 0.00180006; 241.1756; Sidewalk; 3.982844; Checking Box Human Car
29; Pedestrian; None; None; 31.10.2023 14:51:44; 804.799; 0.00180006; 241.1755; Sidewalk; 4.005439; Checking Box Human Car
29; Pedestrian; None; None; 31.10.2023 14:51:44; 804.7983; 0.00180006; 241.1754; Sidewalk; 4.027806; Checking Box Human Car
29; Pedestrian; None; None; 31.10.2023 14:51:44; 804.7977; 0.00180006; 241.1754; Sidewalk; 4.038378; Checking Box Human Car
29; Pedestrian; None; None; 31.10.2023 14:51:44; 804.7975; 0.00180006; 241.1754; Sidewalk; 4.049279; Checking Box Human Car
29; Pedestrian; None; None; 31.10.2023 14:51:44; 804.796; 0.00180006; 241.1753; Sidewalk; 4.085372; Checking Box Human Car
29; Pedestrian; None; None; 31.10.2023 14:51:44; 804.795; 0.00180006; 241.1752; Sidewalk; 4.104781; Checking Box Human Car
29; Pedestrian; None; None; 31.10.2023 14:51:44; 804.7941; 0.00180006; 241.1751; Sidewalk; 4.127429; Checking Box Human Car
29; Pedestrian; None; None; 31.10.2023 14:51:44; 804.7938; 0.00180006; 241.1751; Sidewalk; 4.138057; Checking Box Human Car
29; Pedestrian; None; None; 31.10.2023 14:51:44; 804.7933; 0.00180006; 241.175; Sidewalk; 4.16013; Checking Box Human Car
29; Pedestrian; None; None; 31.10.2023 14:51:44; 804.7936; 0.00180006; 241.1749; Sidewalk; 4.182628; Checking Box Human Car
29; Pedestrian; None; None; 31.10.2023 14:51:44; 804.7935; 0.00180006; 241.1748; Sidewalk; 4.193811; Checking Box Human Car
29; Pedestrian; None; None; 31.10.2023 14:51:44; 804.7936; 0.00180006; 241.1747; Sidewalk; 4.222743; Checking Box Human Car
29; Pedestrian; None; None; 31.10.2023 14:51:44; 804.7942; 0.00180006; 241.1746; Sidewalk; 4.242629; Checking Box Human Car
29; Pedestrian; None; None; 31.10.2023 14:51:44; 804.7949; 0.00180006; 241.1744; Sidewalk; 4.26008; Checking Box Human Car
29; Pedestrian; None; None; 31.10.2023 14:51:44; 804.7953; 0.00180006; 241.1741; Sidewalk; 4.283548; Checking Box Human Car
29; Pedestrian; None; None; 31.10.2023 14:51:44; 804.7962; 0.00180006; 241.1738; Sidewalk; 4.304711; Checking Box Human Car
29; Pedestrian; None; None; 31.10.2023 14:51:44; 804.7968; 0.00180006; 241.1735; Sidewalk; 4.327282; Checking Box Human Car
29; Pedestrian; None; None; 31.10.2023 14:51:44; 804.7973; 0.00180006; 241.1733; Sidewalk; 4.338175; Checking Box Human Car
29; Pedestrian; None; None; 31.10.2023 14:51:44; 804.798; 0.00180006; 241.1732; Sidewalk; 4.349341; Checking Box Human Car
29; Pedestrian; None; None; 31.10.2023 14:51:44; 804.7986; 0.00180006; 241.173; Sidewalk; 4.381362; Checking Box Human Car
29; Pedestrian; None; None; 31.10.2023 14:51:44; 804.7993; 0.00180006; 241.1729; Sidewalk; 4.404202; Checking Box Human Car
29; Pedestrian; None; None; 31.10.2023 14:51:44; 804.7996; 0.00180006; 241.1727; Sidewalk; 4.421731; Checking Box Human Car
29; Pedestrian; None; None; 31.10.2023 14:51:44; 804.7996; 0.00180006; 241.1727; Sidewalk; 4.421731; Checking Box Human Car
29; Pedestrian; None; None; 31.10.2023 14:51:44; 804.7996; 0.00180006; 241.1727; Sidewalk; 4.421731; Checking Box Human Car
29; Pedestrian; None; None; 31.10.2023 14:51:44; 804.7996; 0.00180006; 241.1727; Sidewalk; 4.421731; Checking Box Human Car
29; Pedestrian; None; None; 31.10.2023 14:51:44; 804.7994; 0.00180006; 241.1723; Sidewalk; 4.500413; Checking Box Human Car
29; Pedestrian; None; None; 31.10.2023 14:51:44; 804.7991; 0.00180006; 241.1722; Sidewalk; 4.516664; Checking Box Human Car
29; Pedestrian; None; None; 31.10.2023 14:51:44; 804.7988; 0.00180006; 241.1721; Sidewalk; 4.537744; Checking Box Human Car
29; Pedestrian; None; None; 31.10.2023 14:51:44; 804.7983; 0.00180006; 241.1719; Sidewalk; 4.559431; Checking Box Human Car
29; Pedestrian; None; None; 31.10.2023 14:51:44; 804.7975; 0.00180006; 241.1716; Sidewalk; 4.585383; Checking Box Human Car
29; Pedestrian; None; None; 31.10.2023 14:51:44; 804.7971; 0.00180006; 241.1713; Sidewalk; 4.60576; Checking Box Human Car
29; Pedestrian; None; None; 31.10.2023 14:51:44; 804.7971; 0.00180006; 241.171; Sidewalk; 4.627724; Checking Box Human Car
29; Pedestrian; None; None; 31.10.2023 14:51:44; 804.7968; 0.00180006; 241.1709; Sidewalk; 4.637888; Checking Box Human Car
29; Pedestrian; None; None; 31.10.2023 14:51:45; 804.7967; 0.00180006; 241.1707; Sidewalk; 4.649702; Checking Box Human Car
29; Pedestrian; None; None; 31.10.2023 14:51:45; 804.7963; 0.00180006; 241.1703; Sidewalk; 4.673247; Checking Box Human Car
29; Pedestrian; None; None; 31.10.2023 14:51:45; 804.7954; 0.00180006; 241.1699; Sidewalk; 4.70712; Checking Box Human Car
29; Pedestrian; None; None; 31.10.2023 14:51:45; 804.7953; 0.00180006; 241.1695; Sidewalk; 4.723971; Checking Box Human Car
29; Pedestrian; None; None; 31.10.2023 14:51:45; 804.7949; 0.00180006; 241.1693; Sidewalk; 4.732198; Checking Box Human Car
29; Pedestrian; None; None; 31.10.2023 14:51:45; 804.7946; 0.00180006; 241.1689; Sidewalk; 4.754; Checking Box Human Car
29; Pedestrian; None; None; 31.10.2023 14:51:45; 804.7943; 0.00180006; 241.1684; Sidewalk; 4.77713; Checking Box Human Car
29; Pedestrian; None; None; 31.10.2023 14:51:45; 804.7937; 0.00180006; 241.1679; Sidewalk; 4.802934; Checking Box Human Car
29; Pedestrian; None; None; 31.10.2023 14:51:45; 804.7934; 0.00180006; 241.1677; Sidewalk; 4.815253; Checking Box Human Car
29; Pedestrian; None; None; 31.10.2023 14:51:45; 804.7934; 0.00180006; 241.1677; Sidewalk; 4.815253; Checking Box Human Car
29; Pedestrian; None; None; 31.10.2023 14:51:45; 804.7931; 0.00180006; 241.1672; Sidewalk; 4.829352; null
29; Pedestrian; None; None; 31.10.2023 14:51:45; 804.791; 0.00180006; 241.1659; Sidewalk; 4.88583; null
29; Pedestrian; None; None; 31.10.2023 14:51:45; 804.7899; 0.00180006; 241.1653; Sidewalk; 4.904371; null
29; Pedestrian; None; None; 31.10.2023 14:51:45; 804.7888; 0.00180006; 241.1648; Sidewalk; 4.927557; null
29; Pedestrian; None; None; 31.10.2023 14:51:45; 804.788; 0.00180006; 241.1646; Sidewalk; 4.937582; null
29; Pedestrian; None; None; 31.10.2023 14:51:45; 804.787; 0.00180006; 241.1641; Sidewalk; 4.960237; null
29; Pedestrian; None; None; 31.10.2023 14:51:45; 804.7861; 0.00180006; 241.1639; Sidewalk; 4.970995; null
29; Pedestrian; None; None; 31.10.2023 14:51:45; 804.7849; 0.00180006; 241.1635; Sidewalk; 5.000494; null
29; Pedestrian; None; None; 31.10.2023 14:51:45; 804.783; 0.00180006; 241.1627; Sidewalk; 5.027162; null
29; Pedestrian; None; None; 31.10.2023 14:51:45; 804.7823; 0.00180006; 241.1624; Sidewalk; 5.037885; null
29; Pedestrian; None; None; 31.10.2023 14:51:45; 804.7811; 0.00180006; 241.1619; Sidewalk; 5.060703; null
29; Pedestrian; None; None; 31.10.2023 14:51:45; 804.7803; 0.00180006; 241.1615; Sidewalk; 5.083053; null
29; Pedestrian; None; None; 31.10.2023 14:51:45; 804.7798; 0.00180006; 241.1611; Sidewalk; 5.104984; null
29; Pedestrian; None; None; 31.10.2023 14:51:45; 804.779; 0.00180006; 241.1605; Sidewalk; 5.127412; null
29; Pedestrian; None; None; 31.10.2023 14:51:45; 804.779; 0.00180006; 241.1605; Sidewalk; 5.127412; null
29; Pedestrian; None; None; 31.10.2023 14:51:45; 804.7783; 0.00180006; 241.1598; Sidewalk; 5.165246; null
29; Pedestrian; None; None; 31.10.2023 14:51:45; 804.778; 0.00180006; 241.1595; Sidewalk; 5.182493; null
29; Pedestrian; None; None; 31.10.2023 14:51:45; 804.7773; 0.00180006; 241.1591; Sidewalk; 5.204974; null
29; Pedestrian; None; None; 31.10.2023 14:51:45; 804.7765; 0.00180006; 241.1586; Sidewalk; 5.226659; null
29; Pedestrian; None; None; 31.10.2023 14:51:45; 804.7761; 0.00180006; 241.1585; Sidewalk; 5.237575; null
29; Pedestrian; None; None; 31.10.2023 14:51:45; 804.7758; 0.00180006; 241.1582; Sidewalk; 5.260998; null
29; Pedestrian; None; None; 31.10.2023 14:51:45; 804.7751; 0.00180006; 241.1579; Sidewalk; 5.282353; null
29; Pedestrian; None; None; 31.10.2023 14:51:45; 804.7748; 0.00180006; 241.1577; Sidewalk; 5.294129; null
29; Pedestrian; None; None; 31.10.2023 14:51:45; 804.7739; 0.00180006; 241.1573; Sidewalk; 5.324191; null
29; Pedestrian; None; None; 31.10.2023 14:51:45; 804.7734; 0.00180006; 241.1571; Sidewalk; 5.340898; null
29; Pedestrian; None; None; 31.10.2023 14:51:45; 804.7728; 0.00180006; 241.157; Sidewalk; 5.360155; null
29; Pedestrian; None; None; 31.10.2023 14:51:45; 804.7718; 0.00180006; 241.1569; Sidewalk; 5.382205; null
29; Pedestrian; None; None; 31.10.2023 14:51:45; 804.7711; 0.00180006; 241.1568; Sidewalk; 5.405393; null
29; Pedestrian; None; None; 31.10.2023 14:51:45; 804.7701; 0.00180006; 241.1567; Sidewalk; 5.427501; null
29; Pedestrian; None; None; 31.10.2023 14:51:45; 804.7695; 0.00180006; 241.1567; Sidewalk; 5.437569; null
29; Pedestrian; None; None; 31.10.2023 14:51:45; 804.769; 0.00180006; 241.1566; Sidewalk; 5.44889; null
29; Pedestrian; None; None; 31.10.2023 14:51:45; 804.7675; 0.00180006; 241.1565; Sidewalk; 5.486246; null
29; Pedestrian; None; None; 31.10.2023 14:51:45; 804.7664; 0.00180006; 241.1566; Sidewalk; 5.505377; null
29; Pedestrian; None; None; 31.10.2023 14:51:45; 804.7653; 0.00180006; 241.1566; Sidewalk; 5.527293; null
29; Pedestrian; None; None; 31.10.2023 14:51:45; 804.7651; 0.00180006; 241.1567; Sidewalk; 5.538129; null
29; Pedestrian; None; None; 31.10.2023 14:51:45; 804.7643; 0.00180006; 241.1568; Sidewalk; 5.559939; null
29; Pedestrian; None; None; 31.10.2023 14:51:45; 804.7633; 0.00180006; 241.157; Sidewalk; 5.581822; null
29; Pedestrian; None; None; 31.10.2023 14:51:45; 804.7628; 0.00180006; 241.1571; Sidewalk; 5.593426; null
29; Pedestrian; None; None; 31.10.2023 14:51:45; 804.7617; 0.00180006; 241.1574; Sidewalk; 5.621927; null
29; Pedestrian; None; None; 31.10.2023 14:51:45; 804.7604; 0.00180006; 241.1576; Sidewalk; 5.640088; null
29; Pedestrian; None; None; 31.10.2023 14:51:46; 804.7599; 0.00180006; 241.1579; Sidewalk; 5.659914; null
29; Pedestrian; None; None; 31.10.2023 14:51:46; 804.7592; 0.00180006; 241.1581; Sidewalk; 5.682066; null
29; Pedestrian; None; None; 31.10.2023 14:51:46; 804.7581; 0.00180006; 241.1583; Sidewalk; 5.704453; null
29; Pedestrian; None; None; 31.10.2023 14:51:46; 804.7569; 0.00180006; 241.1585; Sidewalk; 5.72658; null
29; Pedestrian; None; None; 31.10.2023 14:51:46; 804.7563; 0.00180006; 241.1586; Sidewalk; 5.737161; null
29; Pedestrian; None; None; 31.10.2023 14:51:46; 804.7557; 0.00180006; 241.1588; Sidewalk; 5.748612; null
29; Pedestrian; None; None; 31.10.2023 14:51:46; 804.7545; 0.00180006; 241.159; Sidewalk; 5.778743; null
29; Pedestrian; None; None; 31.10.2023 14:51:46; 804.753; 0.00180006; 241.1593; Sidewalk; 5.806795; null
29; Pedestrian; None; None; 31.10.2023 14:51:46; 804.7513; 0.00180006; 241.1595; Sidewalk; 5.828427; null
29; Pedestrian; None; None; 31.10.2023 14:51:46; 804.7502; 0.00180006; 241.1596; Sidewalk; 5.837481; null
29; Pedestrian; None; None; 31.10.2023 14:51:46; 804.7488; 0.00180006; 241.1599; Sidewalk; 5.860075; null
29; Pedestrian; None; None; 31.10.2023 14:51:46; 804.7479; 0.00180006; 241.1603; Sidewalk; 5.88177; null
29; Pedestrian; None; None; 31.10.2023 14:51:46; 804.7465; 0.00180006; 241.1606; Sidewalk; 5.904257; Checking Box AICar
29; Pedestrian; None; None; 31.10.2023 14:51:46; 804.7458; 0.00180006; 241.1608; Sidewalk; 5.914925; Checking Box AICar
29; Pedestrian; None; None; 31.10.2023 14:51:46; 804.746; 0.00180006; 241.161; Sidewalk; 5.933901; Checking Box AICar
29; Pedestrian; None; None; 31.10.2023 14:51:46; 804.7447; 0.00180006; 241.1618; Sidewalk; 5.960627; Checking Box AICar
29; Pedestrian; None; None; 31.10.2023 14:51:46; 804.744; 0.00180006; 241.1622; Sidewalk; 5.983647; Checking Box AICar
29; Pedestrian; None; None; 31.10.2023 14:51:46; 804.7433; 0.00180006; 241.1626; Sidewalk; 6.005198; Checking Box AICar
29; Pedestrian; None; None; 31.10.2023 14:51:46; 804.7427; 0.00180006; 241.163; Sidewalk; 6.026512; Checking Box AICar
29; Pedestrian; None; None; 31.10.2023 14:51:46; 804.7426; 0.00180006; 241.1633; Sidewalk; 6.037295; Checking Box AICar
29; Pedestrian; None; None; 31.10.2023 14:51:46; 804.7421; 0.00180006; 241.1637; Sidewalk; 6.060721; Checking Box AICar
29; Pedestrian; None; None; 31.10.2023 14:51:46; 804.7418; 0.00180006; 241.1639; Sidewalk; 6.070938; Checking Box AICar
29; Pedestrian; None; None; 31.10.2023 14:51:46; 804.7413; 0.00180006; 241.1643; Sidewalk; 6.103964; Checking Box AICar
29; Pedestrian; None; None; 31.10.2023 14:51:46; 804.741; 0.00180006; 241.1646; Sidewalk; 6.129694; Checking Box AICar
29; Pedestrian; None; None; 31.10.2023 14:51:46; 804.7416; 0.00180006; 241.1648; Sidewalk; 6.13713; Checking Box AICar
29; Pedestrian; None; None; 31.10.2023 14:51:46; 804.7411; 0.00180006; 241.1649; Sidewalk; 6.160705; Checking Box AICar
29; Pedestrian; None; None; 31.10.2023 14:51:46; 804.741; 0.00180006; 241.1651; Sidewalk; 6.181972; Checking Box AICar
29; Pedestrian; None; None; 31.10.2023 14:51:46; 804.7408; 0.00180006; 241.1653; Sidewalk; 6.20497; Checking Box AICar
29; Pedestrian; None; None; 31.10.2023 14:51:46; 804.7404; 0.00180006; 241.1654; Sidewalk; 6.214798; Checking Box AICar
29; Pedestrian; None; None; 31.10.2023 14:51:46; 804.7405; 0.00180006; 241.1655; Sidewalk; 6.226561; Checking Box AICar
29; Pedestrian; None; None; 31.10.2023 14:51:46; 804.7405; 0.00180006; 241.1657; Sidewalk; 6.262381; Checking Box AICar
29; Pedestrian; None; None; 31.10.2023 14:51:46; 804.7404; 0.00180006; 241.1657; Sidewalk; 6.281705; Checking Box AICar
29; Pedestrian; None; None; 31.10.2023 14:51:46; 804.7411; 0.00180006; 241.1659; Sidewalk; 6.304437; Checking Box AICar
29; Pedestrian; None; None; 31.10.2023 14:51:46; 804.7412; 0.00180006; 241.1661; Sidewalk; 6.326158; Checking Box AICar
29; Pedestrian; None; None; 31.10.2023 14:51:46; 804.7413; 0.00180006; 241.1663; Sidewalk; 6.337118; Checking Box AICar
29; Pedestrian; None; None; 31.10.2023 14:51:46; 804.7423; 0.00180006; 241.1665; Sidewalk; 6.359936; Checking Box AICar
29; Pedestrian; None; None; 31.10.2023 14:51:46; 804.7426; 0.00180006; 241.1666; Sidewalk; 6.370472; Checking Box AICar
29; Pedestrian; None; None; 31.10.2023 14:51:46; 804.7435; 0.00180006; 241.1669; Sidewalk; 6.409724; Checking Box AICar
29; Pedestrian; None; None; 31.10.2023 14:51:46; 804.7444; 0.00180006; 241.1671; Sidewalk; 6.426592; Checking Box AICar
29; Pedestrian; None; None; 31.10.2023 14:51:46; 804.7451; 0.00180006; 241.1673; Sidewalk; 6.438317; Checking Box AICar
29; Pedestrian; None; None; 31.10.2023 14:51:46; 804.7472; 0.00180006; 241.1677; Sidewalk; 6.45927; Checking Box AICar
29; Pedestrian; None; None; 31.10.2023 14:51:46; 804.7487; 0.00180006; 241.1681; Sidewalk; 6.481443; Checking Box AICar
29; Pedestrian; None; None; 31.10.2023 14:51:46; 804.7502; 0.00180006; 241.1686; Sidewalk; 6.504164; Checking Box AICar
29; Pedestrian; None; None; 31.10.2023 14:51:46; 804.7518; 0.00180006; 241.1691; Sidewalk; 6.526055; Checking Box AICar
29; Pedestrian; None; None; 31.10.2023 14:51:46; 804.7518; 0.00180006; 241.1691; Sidewalk; 6.526055; Checking Box AICar
29; Pedestrian; None; None; 31.10.2023 14:51:46; 804.754; 0.00180006; 241.1701; Sidewalk; 6.565091; Checking Box AICar
29; Pedestrian; None; None; 31.10.2023 14:51:46; 804.7564; 0.00180006; 241.171; Sidewalk; 6.581656; Checking Box AICar
29; Pedestrian; None; None; 31.10.2023 14:51:46; 804.7581; 0.00180006; 241.1718; Sidewalk; 6.603539; Checking Box AICar
29; Pedestrian; None; None; 31.10.2023 14:51:46; 804.7587; 0.00180006; 241.1726; Sidewalk; 6.627018; Checking Box AICar
29; Pedestrian; None; None; 31.10.2023 14:51:46; 804.7597; 0.00180006; 241.1731; Sidewalk; 6.637016; Checking Box AICar
29; Pedestrian; None; None; 31.10.2023 14:51:47; 804.7606; 0.00180006; 241.1743; Sidewalk; 6.659548; Checking Box AICar
29; Pedestrian; None; None; 31.10.2023 14:51:47; 804.7611; 0.00180006; 241.1758; Sidewalk; 6.681976; Checking Box AICar
29; Pedestrian; None; None; 31.10.2023 14:51:47; 804.7601; 0.00180006; 241.1766; Sidewalk; 6.692804; Checking Box AICar
29; Pedestrian; None; None; 31.10.2023 14:51:47; 804.7574; 0.00180006; 241.1798; Sidewalk; 6.729749; Checking Box AICar
29; Pedestrian; None; None; 31.10.2023 14:51:47; 804.7554; 0.00180006; 241.1812; Sidewalk; 6.736946; Checking Box AICar
29; Pedestrian; None; None; 31.10.2023 14:51:47; 804.7522; 0.00180006; 241.1843; Sidewalk; 6.759231; Checking Box AICar
29; Pedestrian; None; None; 31.10.2023 14:51:47; 804.747; 0.00180006; 241.1879; Sidewalk; 6.782125; Checking Box AICar
29; Pedestrian; None; None; 31.10.2023 14:51:47; 804.7426; 0.00180006; 241.1921; Sidewalk; 6.803606; Checking Box AICar
29; Pedestrian; None; None; 31.10.2023 14:51:47; 804.7375; 0.00180006; 241.1969; Sidewalk; 6.826549; Checking Box AICar
29; Pedestrian; None; None; 31.10.2023 14:51:47; 804.735; 0.00180006; 241.1994; Sidewalk; 6.837735; Checking Box AICar
29; Pedestrian; None; None; 31.10.2023 14:51:47; 804.7327; 0.00180006; 241.202; Sidewalk; 6.848038; Checking Box AICar
29; Pedestrian; None; None; 31.10.2023 14:51:47; 804.7252; 0.00180006; 241.2102; Sidewalk; 6.885182; Checking Box AICar
29; Pedestrian; None; None; 31.10.2023 14:51:47; 804.7212; 0.00180006; 241.2159; Sidewalk; 6.903136; null
29; Pedestrian; None; None; 31.10.2023 14:51:47; 804.7178; 0.00180006; 241.2216; Sidewalk; 6.927654; null
29; Pedestrian; None; None; 31.10.2023 14:51:47; 804.7167; 0.00180006; 241.2245; Sidewalk; 6.937726; null
29; Pedestrian; None; None; 31.10.2023 14:51:47; 804.7145; 0.00180006; 241.2301; Sidewalk; 6.959813; null
29; Pedestrian; None; None; 31.10.2023 14:51:47; 804.7136; 0.00180006; 241.236; Sidewalk; 6.981018; null
29; Pedestrian; None; None; 31.10.2023 14:51:47; 804.7133; 0.00180006; 241.239; Sidewalk; 6.992305; null
29; Pedestrian; None; None; 31.10.2023 14:51:47; 804.7132; 0.00180006; 241.2476; Sidewalk; 7.030756; null
29; Pedestrian; None; None; 31.10.2023 14:51:47; 804.7139; 0.00180006; 241.2505; Sidewalk; 7.037549; null
29; Pedestrian; None; None; 31.10.2023 14:51:47; 804.7148; 0.00180006; 241.2559; Sidewalk; 7.058117; null
29; Pedestrian; None; None; 31.10.2023 14:51:47; 804.7158; 0.00180006; 241.2613; Sidewalk; 7.080592; null
29; Pedestrian; None; None; 31.10.2023 14:51:47; 804.7173; 0.00180006; 241.2664; Sidewalk; 7.1031; null
29; Pedestrian; None; None; 31.10.2023 14:51:47; 804.7193; 0.00180006; 241.2715; Sidewalk; 7.125463; null
29; Pedestrian; None; None; 31.10.2023 14:51:47; 804.7203; 0.00180006; 241.2739; Sidewalk; 7.136443; null
29; Pedestrian; None; None; 31.10.2023 14:51:47; 804.722; 0.00180006; 241.2764; Sidewalk; 7.147428; null
29; Pedestrian; None; None; 31.10.2023 14:51:47; 804.7269; 0.00180006; 241.2836; Sidewalk; 7.186682; null
29; Pedestrian; None; None; 31.10.2023 14:51:47; 804.731; 0.00180006; 241.2882; Sidewalk; 7.202818; null
29; Pedestrian; None; None; 31.10.2023 14:51:47; 804.733; 0.00180006; 241.2903; Sidewalk; 7.213741; null
29; Pedestrian; None; None; 31.10.2023 14:51:47; 804.733; 0.00180006; 241.2903; Sidewalk; 7.213741; null
29; Pedestrian; None; None; 31.10.2023 14:51:47; 804.7429; 0.00180006; 241.2979; Sidewalk; 7.259753; null
29; Pedestrian; None; None; 31.10.2023 14:51:47; 804.7485; 0.00180006; 241.3012; Sidewalk; 7.280466; null
29; Pedestrian; None; None; 31.10.2023 14:51:47; 804.7535; 0.00180006; 241.3041; Sidewalk; 7.302771; Checking Box Human Car
29; Pedestrian; None; None; 31.10.2023 14:51:47; 804.7563; 0.00180006; 241.3055; Sidewalk; 7.314604; null
29; Pedestrian; None; None; 31.10.2023 14:51:47; 804.7589; 0.00180006; 241.3067; Sidewalk; 7.336026; null
29; Pedestrian; None; None; 31.10.2023 14:51:47; 804.7639; 0.00180006; 241.309; Sidewalk; 7.35611; null
29; Pedestrian; None; None; 31.10.2023 14:51:47; 804.7706; 0.00180006; 241.3116; Sidewalk; 7.38202; null
29; Pedestrian; None; None; 31.10.2023 14:51:47; 804.7748; 0.00180006; 241.3131; Sidewalk; 7.403224; null
29; Pedestrian; None; None; 31.10.2023 14:51:47; 804.7788; 0.00180006; 241.3142; Sidewalk; 7.425632; null
29; Pedestrian; None; None; 31.10.2023 14:51:47; 804.7806; 0.00180006; 241.3147; Sidewalk; 7.435911; null
29; Pedestrian; None; None; 31.10.2023 14:51:47; 804.7841; 0.00180006; 241.3155; Sidewalk; 7.458185; null
29; Pedestrian; None; None; 31.10.2023 14:51:47; 804.7856; 0.00180006; 241.3159; Sidewalk; 7.469599; null
29; Pedestrian; None; None; 31.10.2023 14:51:47; 804.7884; 0.00180006; 241.3164; Sidewalk; 7.502432; null
29; Pedestrian; None; None; 31.10.2023 14:51:47; 804.7924; 0.00180006; 241.3167; Sidewalk; 7.529155; null
29; Pedestrian; None; None; 31.10.2023 14:51:47; 804.7933; 0.00180006; 241.3168; Sidewalk; 7.53588; null
29; Pedestrian; None; None; 31.10.2023 14:51:47; 804.7953; 0.00180006; 241.3168; Sidewalk; 7.558316; null
29; Pedestrian; None; None; 31.10.2023 14:51:47; 804.7969; 0.00180006; 241.3166; Sidewalk; 7.580329; null
29; Pedestrian; None; None; 31.10.2023 14:51:47; 804.7985; 0.00180006; 241.3164; Sidewalk; 7.602478; null
29; Pedestrian; None; None; 31.10.2023 14:51:47; 804.799; 0.00180006; 241.3162; Sidewalk; 7.613831; null
29; Pedestrian; None; None; 31.10.2023 14:51:47; 804.7991; 0.00180006; 241.316; Sidewalk; 7.625182; null
29; Pedestrian; None; None; 31.10.2023 14:51:48; 804.7997; 0.00180006; 241.3154; Sidewalk; 7.664883; null
29; Pedestrian; None; None; 31.10.2023 14:51:48; 804.8001; 0.00180006; 241.3148; Sidewalk; 7.680337; null
29; Pedestrian; None; None; 31.10.2023 14:51:48; 804.7998; 0.00180006; 241.314; Sidewalk; 7.702937; null
29; Pedestrian; None; None; 31.10.2023 14:51:48; 804.7995; 0.00180006; 241.3132; Sidewalk; 7.725128; null
29; Pedestrian; None; None; 31.10.2023 14:51:48; 804.7985; 0.00180006; 241.3129; Sidewalk; 7.735559; null
29; Pedestrian; None; None; 31.10.2023 14:51:48; 804.7971; 0.00180006; 241.3122; Sidewalk; 7.757857; null
29; Pedestrian; None; None; 31.10.2023 14:51:48; 804.7957; 0.00180006; 241.3118; Sidewalk; 7.770242; null
29; Pedestrian; None; None; 31.10.2023 14:51:48; 804.7905; 0.00180006; 241.3105; Sidewalk; 7.808053; null
29; Pedestrian; None; None; 31.10.2023 14:51:48; 804.787; 0.00180006; 241.3098; Sidewalk; 7.824694; null
29; Pedestrian; None; None; 31.10.2023 14:51:48; 804.7849; 0.00180006; 241.3095; Sidewalk; 7.835572; null
29; Pedestrian; None; None; 31.10.2023 14:51:48; 804.7803; 0.00180006; 241.3088; Sidewalk; 7.857835; null
29; Pedestrian; None; None; 31.10.2023 14:51:48; 804.7756; 0.00180006; 241.3081; Sidewalk; 7.88024; null
29; Pedestrian; None; None; 31.10.2023 14:51:48; 804.7704; 0.00180006; 241.3074; Sidewalk; 7.903016; null
29; Pedestrian; None; None; 31.10.2023 14:51:48; 804.7655; 0.00180006; 241.3067; Sidewalk; 7.924585; null
29; Pedestrian; None; None; 31.10.2023 14:51:48; 804.7655; 0.00180006; 241.3067; Sidewalk; 7.924585; null
29; Pedestrian; None; None; 31.10.2023 14:51:48; 804.7578; 0.00180006; 241.3059; Sidewalk; 7.962486; null
29; Pedestrian; None; None; 31.10.2023 14:51:48; 804.7527; 0.00180006; 241.3053; Sidewalk; 7.979924; null
29; Pedestrian; None; None; 31.10.2023 14:51:48; 804.748; 0.00180006; 241.3048; Sidewalk; 8.002319; null
29; Pedestrian; None; None; 31.10.2023 14:51:48; 804.7431; 0.00180006; 241.3042; Sidewalk; 8.024578; null
29; Pedestrian; None; None; 31.10.2023 14:51:48; 804.7402; 0.00180006; 241.3039; Sidewalk; 8.035793; null
29; Pedestrian; None; None; 31.10.2023 14:51:48; 804.7353; 0.00180006; 241.3032; Sidewalk; 8.059724; null
29; Pedestrian; None; None; 31.10.2023 14:51:48; 804.7301; 0.00180006; 241.3025; Sidewalk; 8.08019; Checking Box AICar
29; Pedestrian; None; None; 31.10.2023 14:51:48; 804.7242; 0.00180006; 241.3017; Sidewalk; 8.10945; Checking Box AICar
29; Pedestrian; None; None; 31.10.2023 14:51:48; 804.7178; 0.00180006; 241.3009; Sidewalk; 8.124585; Checking Box AICar
29; Pedestrian; None; None; 31.10.2023 14:51:48; 804.7151; 0.00180006; 241.3005; Sidewalk; 8.135406; Checking Box AICar
29; Pedestrian; None; None; 31.10.2023 14:51:48; 804.7095; 0.00180006; 241.2996; Sidewalk; 8.157518; Checking Box AICar
29; Pedestrian; None; None; 31.10.2023 14:51:48; 804.7027; 0.00180006; 241.2984; Sidewalk; 8.180037; Checking Box AICar
29; Pedestrian; None; None; 31.10.2023 14:51:48; 804.6957; 0.00180006; 241.297; Sidewalk; 8.180037; Checking Box AICar
29; Pedestrian; None; None; 31.10.2023 14:51:48; 804.6887; 0.00180006; 241.2955; Road; 2.480296; Checking Box AICar
29; Pedestrian; None; None; 31.10.2023 14:51:48; 804.6852; 0.00180006; 241.2947; Road; 2.490788; Checking Box AICar
29; Pedestrian; None; None; 31.10.2023 14:51:48; 804.6818; 0.00180006; 241.2938; Road; 2.502398; Checking Box AICar
29; Pedestrian; None; None; 31.10.2023 14:51:48; 804.6709; 0.00180006; 241.2908; Road; 2.538151; Checking Box AICar
29; Pedestrian; None; None; 31.10.2023 14:51:48; 804.6641; 0.00180006; 241.2884; Road; 2.557982; Checking Box AICar
29; Pedestrian; None; None; 31.10.2023 14:51:48; 804.6569; 0.00180006; 241.2859; Road; 2.580522; Checking Box AICar
29; Pedestrian; None; None; 31.10.2023 14:51:48; 804.6534; 0.00180006; 241.2845; Road; 2.59139; Checking Box AICar
29; Pedestrian; None; None; 31.10.2023 14:51:48; 804.6469; 0.00180006; 241.2816; Road; 2.612861; Checking Box AICar
29; Pedestrian; None; None; 31.10.2023 14:51:48; 804.6403; 0.00180006; 241.2784; Road; 2.635267; Checking Box AICar
29; Pedestrian; None; None; 31.10.2023 14:51:48; 804.6369; 0.00180006; 241.2766; Road; 2.646374; Checking Box AICar
29; Pedestrian; None; None; 31.10.2023 14:51:48; 804.6274; 0.00180006; 241.2709; Road; 2.684822; Checking Box AICar
29; Pedestrian; None; None; 31.10.2023 14:51:48; 804.624; 0.00180006; 241.2688; Road; 2.691402; Checking Box AICar
29; Pedestrian; None; None; 31.10.2023 14:51:48; 804.6184; 0.00180006; 241.264; Road; 2.713802; Checking Box AICar
29; Pedestrian; None; None; 31.10.2023 14:51:48; 804.6127; 0.00180006; 241.2589; Road; 2.735753; Checking Box AICar
29; Pedestrian; None; None; 31.10.2023 14:51:48; 804.6076; 0.00180006; 241.2534; Road; 2.757595; Checking Box AICar
29; Pedestrian; None; None; 31.10.2023 14:51:48; 804.6031; 0.00180006; 241.2475; Road; 2.780771; null
29; Pedestrian; None; None; 31.10.2023 14:51:48; 804.6011; 0.00180006; 241.2445; Road; 2.79089; null
29; Pedestrian; None; None; 31.10.2023 14:51:48; 804.5996; 0.00180006; 241.2414; Road; 2.802398; null
29; Pedestrian; None; None; 31.10.2023 14:51:48; 804.5966; 0.00180006; 241.2317; Road; 2.841201; null
29; Pedestrian; None; None; 31.10.2023 14:51:48; 804.5954; 0.00180006; 241.2252; Road; 2.857787; null
29; Pedestrian; None; None; 31.10.2023 14:51:48; 804.5965; 0.00180006; 241.2185; Road; 2.880356; null
29; Pedestrian; None; None; 31.10.2023 14:51:48; 804.5975; 0.00180006; 241.2151; Road; 2.891028; null
29; Pedestrian; None; None; 31.10.2023 14:51:49; 804.5997; 0.00180006; 241.2081; Road; 2.913112; null
29; Pedestrian; None; None; 31.10.2023 14:51:49; 804.6039; 0.00180006; 241.2012; Road; 2.936201; null
29; Pedestrian; None; None; 31.10.2023 14:51:49; 804.6093; 0.00180006; 241.1944; Road; 2.957965; null
29; Pedestrian; None; None; 31.10.2023 14:51:49; 804.613; 0.00180006; 241.1909; Road; 2.969243; null
29; Pedestrian; None; None; 31.10.2023 14:51:49; 804.6212; 0.00180006; 241.1842; Road; 2.99677; null
29; Pedestrian; None; None; 31.10.2023 14:51:49; 804.6304; 0.00180006; 241.1776; Road; 3.013412; null
29; Pedestrian; None; None; 31.10.2023 14:51:49; 804.6403; 0.00180006; 241.1715; Road; 3.035457; null
29; Pedestrian; None; None; 31.10.2023 14:51:49; 804.6511; 0.00180006; 241.1657; Road; 3.058177; null
29; Pedestrian; None; None; 31.10.2023 14:51:49; 804.6627; 0.00180006; 241.1603; Road; 3.080971; null
29; Pedestrian; None; None; 31.10.2023 14:51:49; 804.6686; 0.00180006; 241.1578; Road; 3.091617; null
29; Pedestrian; None; None; 31.10.2023 14:51:49; 804.6803; 0.00180006; 241.1532; Road; 3.11372; null
29; Pedestrian; None; None; 31.10.2023 14:51:49; 804.6862; 0.00180006; 241.1512; Road; 3.125018; null
29; Pedestrian; None; None; 31.10.2023 14:51:49; 804.7036; 0.00180006; 241.1456; Road; 3.152364; null
29; Pedestrian; None; None; 31.10.2023 14:51:49; 804.7149; 0.00180006; 241.1423; Sidewalk; 8.224677; Checking Box Human Car
29; Pedestrian; None; None; 31.10.2023 14:51:49; 804.7202; 0.00180006; 241.1409; Sidewalk; 8.23575; Checking Box Human Car
29; Pedestrian; None; None; 31.10.2023 14:51:49; 804.7278; 0.00180006; 241.1379; Sidewalk; 8.257758; Checking Box Human Car
29; Pedestrian; None; None; 31.10.2023 14:51:49; 804.7365; 0.00180006; 241.1354; Sidewalk; 8.280918; Checking Box Human Car
29; Pedestrian; None; None; 31.10.2023 14:51:49; 804.744; 0.00180006; 241.133; Sidewalk; 8.302624; Checking Box Human Car
29; Pedestrian; None; None; 31.10.2023 14:51:49; 804.7479; 0.00180006; 241.1319; Sidewalk; 8.31386; Checking Box Human Car
29; Pedestrian; None; None; 31.10.2023 14:51:49; 804.751; 0.00180006; 241.1308; Sidewalk; 8.325055; Checking Box Human Car
29; Pedestrian; None; None; 31.10.2023 14:51:49; 804.759; 0.00180006; 241.1276; Sidewalk; 8.362261; Checking Box Human Car
29; Pedestrian; None; None; 31.10.2023 14:51:49; 804.7623; 0.00180006; 241.1255; Sidewalk; 8.380269; Checking Box Human Car
29; Pedestrian; None; None; 31.10.2023 14:51:49; 804.7638; 0.00180006; 241.1238; Sidewalk; 8.402442; null
29; Pedestrian; None; None; 31.10.2023 14:51:49; 804.7638; 0.00180006; 241.1221; Sidewalk; 8.42483; null
29; Pedestrian; None; None; 31.10.2023 14:51:49; 804.7634; 0.00180006; 241.1213; Sidewalk; 8.435953; null
29; Pedestrian; None; None; 31.10.2023 14:51:49; 804.7617; 0.00180006; 241.1198; Sidewalk; 8.457861; null
29; Pedestrian; None; None; 31.10.2023 14:51:49; 804.7606; 0.00180006; 241.119; Sidewalk; 8.469646; null
29; Pedestrian; None; None; 31.10.2023 14:51:49; 804.7543; 0.00180006; 241.1173; Sidewalk; 8.508885; null
29; Pedestrian; None; None; 31.10.2023 14:51:49; 804.7493; 0.00180006; 241.1163; Sidewalk; 8.525105; null
29; Pedestrian; None; None; 31.10.2023 14:51:49; 804.7465; 0.00180006; 241.1158; Sidewalk; 8.537055; null
29; Pedestrian; None; None; 31.10.2023 14:51:49; 804.7395; 0.00180006; 241.115; Sidewalk; 8.558007; Checking Box Human Car
29; Pedestrian; None; None; 31.10.2023 14:51:49; 804.7321; 0.00180006; 241.1145; Sidewalk; 8.581904; Checking Box Human Car
29; Pedestrian; None; None; 31.10.2023 14:51:49; 804.7244; 0.00180006; 241.1143; Sidewalk; 8.602865; Checking Box Human Car
29; Pedestrian; None; None; 31.10.2023 14:51:49; 804.7152; 0.00180006; 241.1145; Sidewalk; 8.626329; Checking Box Human Car
29; Pedestrian; None; None; 31.10.2023 14:51:49; 804.7152; 0.00180006; 241.1145; Sidewalk; 8.626329; Checking Box Human Car
29; Pedestrian; None; None; 31.10.2023 14:51:49; 804.7056; 0.00180006; 241.1146; Sidewalk; 8.657605; Checking Box Human Car
29; Pedestrian; None; None; 31.10.2023 14:51:49; 804.6917; 0.00180006; 241.1157; Road; 3.169153; Checking Box Human Car
29; Pedestrian; None; None; 31.10.2023 14:51:49; 804.6826; 0.00180006; 241.1165; Road; 3.185536; Checking Box Human Car
29; Pedestrian; None; None; 31.10.2023 14:51:49; 804.6743; 0.00180006; 241.1175; Road; 3.207107; Checking Box Human Car
29; Pedestrian; None; None; 31.10.2023 14:51:49; 804.6702; 0.00180006; 241.118; Road; 3.218484; Checking Box Human Car
29; Pedestrian; None; None; 31.10.2023 14:51:49; 804.6631; 0.00180006; 241.1192; Road; 3.24012; Checking Box Human Car
29; Pedestrian; None; None; 31.10.2023 14:51:49; 804.6564; 0.00180006; 241.1201; Road; 3.26291; Checking Box Human Car
29; Pedestrian; None; None; 31.10.2023 14:51:49; 804.6499; 0.00180006; 241.1211; Road; 3.291442; Checking Box Human Car
29; Pedestrian; None; None; 31.10.2023 14:51:49; 804.6447; 0.00180006; 241.1221; Road; 3.307087; Checking Box Human Car
29; Pedestrian; None; None; 31.10.2023 14:51:49; 804.6426; 0.00180006; 241.1225; Road; 3.317909; Checking Box Human Car
29; Pedestrian; None; None; 31.10.2023 14:51:49; 804.6391; 0.00180006; 241.1234; Road; 3.340615; Checking Box Human Car
29; Pedestrian; None; None; 31.10.2023 14:51:49; 804.6353; 0.00180006; 241.1239; Road; 3.363743; Checking Box Human Car
29; Pedestrian; None; None; 31.10.2023 14:51:49; 804.6326; 0.00180006; 241.1245; Road; 3.385228; Checking Box Human Car
29; Pedestrian; None; None; 31.10.2023 14:51:49; 804.6306; 0.00180006; 241.125; Road; 3.406909; Checking Box Human Car
29; Pedestrian; None; None; 31.10.2023 14:51:49; 804.6302; 0.00180006; 241.1253; Road; 3.418004; Checking Box Human Car
29; Pedestrian; None; None; 31.10.2023 14:51:50; 804.6297; 0.00180006; 241.1255; Road; 3.429357; Checking Box Human Car
29; Pedestrian; None; None; 31.10.2023 14:51:50; 804.6286; 0.00180006; 241.1258; Road; 3.464961; Checking Box Human Car
29; Pedestrian; None; None; 31.10.2023 14:51:50; 804.6277; 0.00180006; 241.1259; Road; 3.484759; Checking Box Human Car
29; Pedestrian; None; None; 31.10.2023 14:51:50; 804.6287; 0.00180006; 241.1261; Road; 3.506953; Checking Box Human Car
29; Pedestrian; None; None; 31.10.2023 14:51:50; 804.6286; 0.00180006; 241.1261; Road; 3.51783; Checking Box Human Car
29; Pedestrian; None; None; 31.10.2023 14:51:50; 804.6303; 0.00180006; 241.1263; Road; 3.540797; Checking Box Human Car
29; Pedestrian; None; None; 31.10.2023 14:51:50; 804.6327; 0.00180006; 241.1266; Road; 3.5628; Checking Box Human Car
29; Pedestrian; None; None; 31.10.2023 14:51:50; 804.6341; 0.00180006; 241.1268; Road; 3.574353; Checking Box Human Car
29; Pedestrian; None; None; 31.10.2023 14:51:50; 804.6364; 0.00180006; 241.127; Road; 3.604167; Checking Box Human Car
29; Pedestrian; None; None; 31.10.2023 14:51:50; 804.64; 0.00180006; 241.1274; Road; 3.622757; Checking Box Human Car
29; Pedestrian; None; None; 31.10.2023 14:51:50; 804.6439; 0.00180006; 241.1279; Road; 3.639709; Checking Box Human Car
29; Pedestrian; None; None; 31.10.2023 14:51:50; 804.6484; 0.00180006; 241.1283; Road; 3.662353; Checking Box Human Car
29; Pedestrian; None; None; 31.10.2023 14:51:50; 804.6525; 0.00180006; 241.1288; Road; 3.684624; Checking Box Human Car
29; Pedestrian; None; None; 31.10.2023 14:51:50; 804.6567; 0.00180006; 241.1295; Road; 3.707144; Checking Box Human Car
29; Pedestrian; None; None; 31.10.2023 14:51:50; 804.6585; 0.00180006; 241.1299; Road; 3.717979; Checking Box Human Car
29; Pedestrian; None; None; 31.10.2023 14:51:50; 804.6608; 0.00180006; 241.1302; Road; 3.729808; Checking Box Human Car
29; Pedestrian; None; None; 31.10.2023 14:51:50; 804.6664; 0.00180006; 241.1312; Road; 3.762137; Checking Box Human Car
29; Pedestrian; None; None; 31.10.2023 14:51:50; 804.6707; 0.00180006; 241.132; Road; 3.785056; Checking Box Human Car
29; Pedestrian; None; None; 31.10.2023 14:51:50; 804.6765; 0.00180006; 241.1333; Road; 3.809848; Checking Box Human Car
29; Pedestrian; None; None; 31.10.2023 14:51:50; 804.6784; 0.00180006; 241.1338; Road; 3.81762; Checking Box Human Car
29; Pedestrian; None; None; 31.10.2023 14:51:50; 804.6827; 0.00180006; 241.1348; Road; 3.840183; Checking Box Human Car
29; Pedestrian; None; None; 31.10.2023 14:51:50; 804.6866; 0.00180006; 241.1358; Road; 3.8622; Checking Box Human Car
29; Pedestrian; None; None; 31.10.2023 14:51:50; 804.69; 0.00180006; 241.1366; Road; 3.884596; Checking Box Human Car
29; Pedestrian; None; None; 31.10.2023 14:51:50; 804.6915; 0.00180006; 241.137; Road; 3.895603; Checking Box Human Car
29; Pedestrian; None; None; 31.10.2023 14:51:50; 804.6943; 0.00180006; 241.1378; Road; 3.924165; Checking Box Human Car
29; Pedestrian; None; None; 31.10.2023 14:51:50; 804.6974; 0.00180006; 241.1387; Road; 3.931871; Checking Box Human Car
29; Pedestrian; None; None; 31.10.2023 14:51:50; 804.7003; 0.00180006; 241.1396; Road; 3.931871; Checking Box Human Car
29; Pedestrian; None; None; 31.10.2023 14:51:50; 804.7032; 0.00180006; 241.1404; Road; 3.931871; Checking Box Human Car
29; Pedestrian; None; None; 31.10.2023 14:51:50; 804.7064; 0.00180006; 241.1412; Sidewalk; 8.697998; Checking Box Human Car
29; Pedestrian; None; None; 31.10.2023 14:51:50; 804.7078; 0.00180006; 241.1417; Sidewalk; 8.709078; Checking Box Human Car
29; Pedestrian; None; None; 31.10.2023 14:51:50; 804.7107; 0.00180006; 241.1425; Sidewalk; 8.731216; Checking Box Human Car
29; Pedestrian; None; None; 31.10.2023 14:51:50; 804.7118; 0.00180006; 241.1429; Sidewalk; 8.742291; Checking Box Human Car
29; Pedestrian; None; None; 31.10.2023 14:51:50; 804.715; 0.00180006; 241.1442; Sidewalk; 8.78067; Checking Box Human Car
29; Pedestrian; None; None; 31.10.2023 14:51:50; 804.7167; 0.00180006; 241.1449; Sidewalk; 8.797685; Checking Box Human Car
29; Pedestrian; None; None; 31.10.2023 14:51:50; 804.7175; 0.00180006; 241.1454; Sidewalk; 8.809258; null
29; Pedestrian; None; None; 31.10.2023 14:51:50; 804.7198; 0.00180006; 241.1463; Sidewalk; 8.830933; null
29; Pedestrian; None; None; 31.10.2023 14:51:50; 804.7217; 0.00180006; 241.1473; Sidewalk; 8.85338; null
29; Pedestrian; None; None; 31.10.2023 14:51:50; 804.7233; 0.00180006; 241.1482; Sidewalk; 8.876013; null
29; Pedestrian; None; None; 31.10.2023 14:51:50; 804.7239; 0.00180006; 241.1486; Sidewalk; 8.886828; Checking Box Human Car
29; Pedestrian; None; None; 31.10.2023 14:51:50; 804.7246; 0.00180006; 241.149; Sidewalk; 8.897722; Checking Box Human Car
29; Pedestrian; None; None; 31.10.2023 14:51:50; 804.7264; 0.00180006; 241.1503; Sidewalk; 8.936089; Checking Box Human Car
29; Pedestrian; None; None; 31.10.2023 14:51:50; 804.7274; 0.00180006; 241.1512; Sidewalk; 8.954054; Checking Box Human Car
29; Pedestrian; None; None; 31.10.2023 14:51:50; 804.7284; 0.00180006; 241.152; Sidewalk; 8.975489; Checking Box Human Car
29; Pedestrian; None; None; 31.10.2023 14:51:50; 804.7287; 0.00180006; 241.1527; Sidewalk; 8.99766; Checking Box Human Car
29; Pedestrian; None; None; 31.10.2023 14:51:50; 804.7294; 0.00180006; 241.153; Sidewalk; 9.008918; Checking Box Human Car
29; Pedestrian; None; None; 31.10.2023 14:51:50; 804.7294; 0.00180006; 241.1537; Sidewalk; 9.030667; Checking Box Human Car
29; Pedestrian; None; None; 31.10.2023 14:51:50; 804.7297; 0.00180006; 241.154; Sidewalk; 9.043025; Checking Box Human Car
29; Pedestrian; None; None; 31.10.2023 14:51:50; 804.7307; 0.00180006; 241.1551; Sidewalk; 9.080452; Checking Box Human Car
29; Pedestrian; None; None; 31.10.2023 14:51:50; 804.7311; 0.00180006; 241.1558; Sidewalk; 9.097531; Checking Box Human Car
29; Pedestrian; None; None; 31.10.2023 14:51:50; 804.7311; 0.00180006; 241.1562; Sidewalk; 9.108924; Checking Box Human Car
29; Pedestrian; None; None; 31.10.2023 14:51:51; 804.7311; 0.00180006; 241.1569; Sidewalk; 9.131491; Checking Box Human Car
29; Pedestrian; None; None; 31.10.2023 14:51:51; 804.7311; 0.00180006; 241.1577; Sidewalk; 9.15299; Checking Box Human Car
29; Pedestrian; None; None; 31.10.2023 14:51:51; 804.7311; 0.00180006; 241.1585; Sidewalk; 9.17527; Checking Box Human Car
29; Pedestrian; None; None; 31.10.2023 14:51:51; 804.7311; 0.00180006; 241.1591; Sidewalk; 9.197476; Checking Box Human Car
29; Pedestrian; None; None; 31.10.2023 14:51:51; 804.7311; 0.00180006; 241.1591; Sidewalk; 9.197476; Checking Box Human Car
29; Pedestrian; None; None; 31.10.2023 14:51:51; 804.731; 0.00180006; 241.1598; Sidewalk; 9.227474; Checking Box Human Car
29; Pedestrian; None; None; 31.10.2023 14:51:51; 804.7307; 0.00180006; 241.1604; Sidewalk; 9.247202; Checking Box Human Car
29; Pedestrian; None; None; 31.10.2023 14:51:51; 804.7303; 0.00180006; 241.1612; Sidewalk; 9.279533; Checking Box Human Car
29; Pedestrian; None; None; 31.10.2023 14:51:51; 804.73; 0.00180006; 241.1617; Sidewalk; 9.298553; Checking Box Human Car
29; Pedestrian; None; None; 31.10.2023 14:51:51; 804.73; 0.00180006; 241.1619; Sidewalk; 9.30939; Checking Box Human Car
29; Pedestrian; None; None; 31.10.2023 14:51:51; 804.7299; 0.00180006; 241.1623; Sidewalk; 9.330558; Checking Box Human Car
29; Pedestrian; None; None; 31.10.2023 14:51:51; 804.7295; 0.00180006; 241.1625; Sidewalk; 9.354014; Checking Box Human Car
29; Pedestrian; None; None; 31.10.2023 14:51:51; 804.7298; 0.00180006; 241.1627; Sidewalk; 9.364348; Checking Box Human Car
29; Pedestrian; None; None; 31.10.2023 14:51:51; 804.7296; 0.00180006; 241.163; Sidewalk; 9.400895; Checking Box Human Car
29; Pedestrian; None; None; 31.10.2023 14:51:51; 804.7302; 0.00180006; 241.1632; Sidewalk; 9.408491; Checking Box Human Car
29; Pedestrian; None; None; 31.10.2023 14:51:51; 804.7307; 0.00180006; 241.1633; Sidewalk; 9.431109; Checking Box Human Car
29; Pedestrian; None; None; 31.10.2023 14:51:51; 804.7311; 0.00180006; 241.1634; Sidewalk; 9.453389; Checking Box Human Car
29; Pedestrian; None; None; 31.10.2023 14:51:51; 804.7316; 0.00180006; 241.1634; Sidewalk; 9.475899; Checking Box Human Car
29; Pedestrian; None; None; 31.10.2023 14:51:51; 804.7322; 0.00180006; 241.1632; Sidewalk; 9.498133; Checking Box Human Car
29; Pedestrian; None; None; 31.10.2023 14:51:51; 804.7328; 0.00180006; 241.1631; Sidewalk; 9.508865; Checking Box Human Car
29; Pedestrian; None; None; 31.10.2023 14:51:51; 804.7333; 0.00180006; 241.163; Sidewalk; 9.520029; Checking Box Human Car
29; Pedestrian; None; None; 31.10.2023 14:51:51; 804.7356; 0.00180006; 241.1627; Sidewalk; 9.556746; Checking Box Human Car
29; Pedestrian; None; None; 31.10.2023 14:51:51; 804.7363; 0.00180006; 241.1624; Sidewalk; 9.575036; Checking Box Human Car
29; Pedestrian; None; None; 31.10.2023 14:51:51; 804.7368; 0.00180006; 241.1622; Sidewalk; 9.598031; Checking Box Human Car
29; Pedestrian; None; None; 31.10.2023 14:51:51; 804.7371; 0.00180006; 241.1621; Sidewalk; 9.608466; Checking Box Human Car
29; Pedestrian; None; None; 31.10.2023 14:51:51; 804.7371; 0.00180006; 241.1618; Sidewalk; 9.630492; Checking Box Human Car
29; Pedestrian; None; None; 31.10.2023 14:51:51; 804.7371; 0.00180006; 241.1617; Sidewalk; 9.653032; Checking Box Human Car
29; Pedestrian; None; None; 31.10.2023 14:51:51; 804.7372; 0.00180006; 241.1616; Sidewalk; 9.664054; Checking Box Human Car
29; Pedestrian; None; None; 31.10.2023 14:51:51; 804.7365; 0.00180006; 241.1614; Sidewalk; 9.703176; Checking Box Human Car
29; Pedestrian; None; None; 31.10.2023 14:51:51; 804.7362; 0.00180006; 241.1614; Sidewalk; 9.71155; Checking Box Human Car
29; Pedestrian; None; None; 31.10.2023 14:51:51; 804.7366; 0.00180006; 241.1613; Sidewalk; 9.730461; Checking Box Human Car
29; Pedestrian; None; None; 31.10.2023 14:51:51; 804.7363; 0.00180006; 241.1612; Sidewalk; 9.75338; Checking Box Human Car
29; Pedestrian; None; None; 31.10.2023 14:51:51; 804.7356; 0.00180006; 241.1611; Sidewalk; 9.775353; Checking Box Human Car
29; Pedestrian; None; None; 31.10.2023 14:51:51; 804.7352; 0.00180006; 241.161; Sidewalk; 9.797588; Checking Box Human Car
29; Pedestrian; None; None; 31.10.2023 14:51:51; 804.7347; 0.00180006; 241.161; Sidewalk; 9.808637; Checking Box Human Car
29; Pedestrian; None; None; 31.10.2023 14:51:51; 804.7343; 0.00180006; 241.1609; Sidewalk; 9.820144; Checking Box Human Car
29; Pedestrian; None; None; 31.10.2023 14:51:51; 804.7327; 0.00180006; 241.1607; Sidewalk; 9.859066; Checking Box Human Car
29; Pedestrian; None; None; 31.10.2023 14:51:51; 804.732; 0.00180006; 241.1605; Sidewalk; 9.875335; Checking Box Human Car
29; Pedestrian; None; None; 31.10.2023 14:51:51; 804.7302; 0.00180006; 241.1602; Sidewalk; 9.897389; Checking Box Human Car
29; Pedestrian; None; None; 31.10.2023 14:51:51; 804.7293; 0.00180006; 241.16; Sidewalk; 9.908019; Checking Box Human Car
29; Pedestrian; None; None; 31.10.2023 14:51:51; 804.728; 0.00180006; 241.1597; Sidewalk; 9.930417; Checking Box Human Car
29; Pedestrian; None; None; 31.10.2023 14:51:51; 804.7267; 0.00180006; 241.1593; Sidewalk; 9.953153; Checking Box Human Car
29; Pedestrian; None; None; 31.10.2023 14:51:51; 804.7248; 0.00180006; 241.1587; Sidewalk; 9.974958; Checking Box Human Car
29; Pedestrian; None; None; 31.10.2023 14:51:51; 804.7238; 0.00180006; 241.1585; Sidewalk; 9.987256; Checking Box Human Car
29; Pedestrian; None; None; 31.10.2023 14:51:51; 804.7227; 0.00180006; 241.1582; Sidewalk; 10.00801; Checking Box Human Car
29; Pedestrian; None; None; 31.10.2023 14:51:51; 804.7211; 0.00180006; 241.1577; Sidewalk; 10.03116; Checking Box Human Car
29; Pedestrian; None; None; 31.10.2023 14:51:51; 804.7173; 0.00180006; 241.1567; Sidewalk; 10.05681; Checking Box Human Car
29; Pedestrian; None; None; 31.10.2023 14:51:51; 804.7139; 0.00180006; 241.156; Sidewalk; 10.07496; Checking Box Human Car
29; Pedestrian; None; None; 31.10.2023 14:51:51; 804.7121; 0.00180006; 241.1554; Sidewalk; 10.09753; Checking Box Human Car
29; Pedestrian; None; None; 31.10.2023 14:51:51; 804.7108; 0.00180006; 241.1552; Sidewalk; 10.10833; Checking Box Human Car
29; Pedestrian; None; None; 31.10.2023 14:51:52; 804.7081; 0.00180006; 241.1545; Sidewalk; 10.13046; Checking Box Human Car
29; Pedestrian; None; None; 31.10.2023 14:51:52; 804.7064; 0.00180006; 241.1541; Sidewalk; 10.14186; Checking Box Human Car
29; Pedestrian; None; None; 31.10.2023 14:51:52; 804.7039; 0.00180006; 241.1532; Sidewalk; 10.18095; Checking Box Human Car
29; Pedestrian; None; None; 31.10.2023 14:51:52; 804.7014; 0.00180006; 241.1525; Sidewalk; 10.18937; Checking Box Human Car
29; Pedestrian; None; None; 31.10.2023 14:51:52; 804.7004; 0.00180006; 241.1522; Sidewalk; 10.18937; Checking Box Human Car
29; Pedestrian; None; None; 31.10.2023 14:51:52; 804.6987; 0.00180006; 241.1516; Sidewalk; 10.18937; Checking Box Human Car
29; Pedestrian; None; None; 31.10.2023 14:51:52; 804.697; 0.00180006; 241.151; Sidewalk; 10.18937; Checking Box Human Car
29; Pedestrian; None; None; 31.10.2023 14:51:52; 804.6957; 0.00180006; 241.1502; Sidewalk; 10.18937; Checking Box Human Car
29; Pedestrian; None; None; 31.10.2023 14:51:52; 804.6948; 0.00180006; 241.1499; Road; 3.995594; Checking Box Human Car
29; Pedestrian; None; None; 31.10.2023 14:51:52; 804.6944; 0.00180006; 241.1495; Road; 4.006999; Checking Box Human Car
29; Pedestrian; None; None; 31.10.2023 14:51:52; 804.6932; 0.00180006; 241.1485; Road; 4.047407; Checking Box Human Car
29; Pedestrian; None; None; 31.10.2023 14:51:52; 804.6926; 0.00180006; 241.1478; Road; 4.064744; Checking Box Human Car
29; Pedestrian; None; None; 31.10.2023 14:51:52; 804.6921; 0.00180006; 241.1472; Road; 4.084442; Checking Box Human Car
29; Pedestrian; None; None; 31.10.2023 14:51:52; 804.6922; 0.00180006; 241.1467; Road; 4.107645; Checking Box Human Car
29; Pedestrian; None; None; 31.10.2023 14:51:52; 804.6921; 0.00180006; 241.1463; Road; 4.118302; Checking Box Human Car
29; Pedestrian; None; None; 31.10.2023 14:51:52; 804.692; 0.00180006; 241.1457; Road; 4.139715; Checking Box Human Car
29; Pedestrian; None; None; 31.10.2023 14:51:52; 804.6918; 0.00180006; 241.1453; Road; 4.150998; Checking Box Human Car
29; Pedestrian; None; None; 31.10.2023 14:51:52; 804.6915; 0.00180006; 241.1442; Road; 4.191397; Checking Box Human Car
29; Pedestrian; None; None; 31.10.2023 14:51:52; 804.6918; 0.00180006; 241.1436; Road; 4.206168; Checking Box Human Car
29; Pedestrian; None; None; 31.10.2023 14:51:52; 804.6919; 0.00180006; 241.1432; Road; 4.218722; Checking Box Human Car
29; Pedestrian; None; None; 31.10.2023 14:51:52; 804.6919; 0.00180006; 241.1426; Road; 4.23969; Checking Box Human Car
29; Pedestrian; None; None; 31.10.2023 14:51:52; 804.6923; 0.00180006; 241.142; Road; 4.261862; Checking Box Human Car
29; Pedestrian; None; None; 31.10.2023 14:51:52; 804.6926; 0.00180006; 241.1416; Road; 4.284328; Checking Box Human Car
29; Pedestrian; None; None; 31.10.2023 14:51:52; 804.6927; 0.00180006; 241.1409; Road; 4.307185; Checking Box Human Car
29; Pedestrian; None; None; 31.10.2023 14:51:52; 804.6927; 0.00180006; 241.1409; Road; 4.307185; Checking Box Human Car
29; Pedestrian; None; None; 31.10.2023 14:51:52; 804.6928; 0.00180006; 241.1401; Road; 4.345419; Checking Box Human Car
29; Pedestrian; None; None; 31.10.2023 14:51:52; 804.6935; 0.00180006; 241.1396; Road; 4.362406; Checking Box Human Car
29; Pedestrian; None; None; 31.10.2023 14:51:52; 804.6945; 0.00180006; 241.1391; Road; 4.384632; Checking Box Human Car
29; Pedestrian; None; None; 31.10.2023 14:51:52; 804.6946; 0.00180006; 241.1387; Road; 4.406483; Checking Box Human Car
29; Pedestrian; None; None; 31.10.2023 14:51:52; 804.6946; 0.00180006; 241.1384; Road; 4.417657; Checking Box Human Car
29; Pedestrian; None; None; 31.10.2023 14:51:52; 804.6951; 0.00180006; 241.1381; Road; 4.439847; Checking Box Human Car
29; Pedestrian; None; None; 31.10.2023 14:51:52; 804.6951; 0.00180006; 241.1377; Road; 4.462265; Checking Box Human Car
29; Pedestrian; None; None; 31.10.2023 14:51:52; 804.6951; 0.00180006; 241.1376; Road; 4.474609; Checking Box Human Car
29; Pedestrian; None; None; 31.10.2023 14:51:52; 804.6951; 0.00180006; 241.1372; Road; 4.512516; Checking Box Human Car
29; Pedestrian; None; None; 31.10.2023 14:51:52; 804.6948; 0.00180006; 241.1371; Road; 4.521761; Checking Box Human Car
29; Pedestrian; None; None; 31.10.2023 14:51:52; 804.6946; 0.00180006; 241.137; Road; 4.530468; Checking Box Human Car
29; Pedestrian; None; None; 31.10.2023 14:51:52; 804.6945; 0.00180006; 241.1367; Road; 4.561707; Checking Box Human Car
29; Pedestrian; None; None; 31.10.2023 14:51:52; 804.6941; 0.00180006; 241.1361; Road; 4.58776; Checking Box Human Car
29; Pedestrian; None; None; 31.10.2023 14:51:52; 804.6943; 0.00180006; 241.1358; Road; 4.60657; Checking Box Human Car
29; Pedestrian; None; None; 31.10.2023 14:51:52; 804.6942; 0.00180006; 241.1356; Road; 4.618521; Checking Box Human Car
29; Pedestrian; None; None; 31.10.2023 14:51:52; 804.6935; 0.00180006; 241.1355; Road; 4.629161; Checking Box Human Car
29; Pedestrian; None; None; 31.10.2023 14:51:52; 804.693; 0.00180006; 241.1351; Road; 4.665149; Checking Box Human Car
29; Pedestrian; None; None; 31.10.2023 14:51:52; 804.6927; 0.00180006; 241.135; Road; 4.684679; Checking Box Human Car
29; Pedestrian; None; None; 31.10.2023 14:51:52; 804.693; 0.00180006; 241.1349; Road; 4.706473; Checking Box Human Car
29; Pedestrian; None; None; 31.10.2023 14:51:52; 804.6923; 0.00180006; 241.1348; Road; 4.717682; Checking Box Human Car
29; Pedestrian; None; None; 31.10.2023 14:51:52; 804.6917; 0.00180006; 241.1349; Road; 4.739736; Checking Box Human Car
29; Pedestrian; None; None; 31.10.2023 14:51:52; 804.6913; 0.00180006; 241.1349; Road; 4.761721; Checking Box Human Car
29; Pedestrian; None; None; 31.10.2023 14:51:52; 804.6909; 0.00180006; 241.135; Road; 4.773146; Checking Box Human Car
29; Pedestrian; None; None; 31.10.2023 14:51:52; 804.6894; 0.00180006; 241.1351; Road; 4.810818; Checking Box Human Car
29; Pedestrian; None; None; 31.10.2023 14:51:52; 804.6888; 0.00180006; 241.1352; Road; 4.818064; Checking Box Human Car
29; Pedestrian; None; None; 31.10.2023 14:51:53; 804.6881; 0.00180006; 241.1353; Road; 4.839454; Checking Box Human Car
29; Pedestrian; None; None; 31.10.2023 14:51:53; 804.6871; 0.00180006; 241.1355; Road; 4.862022; Checking Box Human Car
29; Pedestrian; None; None; 31.10.2023 14:51:53; 804.6863; 0.00180006; 241.1356; Road; 4.884696; Checking Box Human Car
29; Pedestrian; None; None; 31.10.2023 14:51:53; 804.6851; 0.00180006; 241.1358; Road; 4.90653; Checking Box Human Car
29; Pedestrian; None; None; 31.10.2023 14:51:53; 804.6846; 0.00180006; 241.1361; Road; 4.917536; Checking Box Human Car
29; Pedestrian; None; None; 31.10.2023 14:51:53; 804.6843; 0.00180006; 241.1362; Road; 4.929668; Checking Box Human Car
29; Pedestrian; None; None; 31.10.2023 14:51:53; 804.684; 0.00180006; 241.1363; Road; 4.939696; Checking Box Human Car
29; Pedestrian; None; None; 31.10.2023 14:51:53; 804.6827; 0.00180006; 241.1369; Road; 4.957702; Checking Box Human Car
29; Pedestrian; None; None; 31.10.2023 14:51:53; 804.6821; 0.00180006; 241.1373; Road; 5.010969; Checking Box Human Car
29; Pedestrian; None; None; 31.10.2023 14:51:53; 804.682; 0.00180006; 241.1374; Road; 5.020442; Checking Box Human Car
29; Pedestrian; None; None; 31.10.2023 14:51:53; 804.6812; 0.00180006; 241.1376; Road; 5.039355; Checking Box Human Car
29; Pedestrian; None; None; 31.10.2023 14:51:53; 804.6805; 0.00180006; 241.1378; Road; 5.062752; Checking Box Human Car
29; Pedestrian; None; None; 31.10.2023 14:51:53; 804.6803; 0.00180006; 241.138; Road; 5.08432; Checking Box Human Car
29; Pedestrian; None; None; 31.10.2023 14:51:53; 804.68; 0.00180006; 241.1382; Road; 5.095948; Checking Box Human Car
29; Pedestrian; None; None; 31.10.2023 14:51:53; 804.6797; 0.00180006; 241.1384; Road; 5.117365; Checking Box Human Car
29; Pedestrian; None; None; 31.10.2023 14:51:53; 804.6788; 0.00180006; 241.1389; Road; 5.145494; Checking Box Human Car
29; Pedestrian; None; None; 31.10.2023 14:51:53; 804.6788; 0.00180006; 241.1394; Road; 5.161982; Checking Box Human Car
29; Pedestrian; None; None; 31.10.2023 14:51:53; 804.6783; 0.00180006; 241.1398; Road; 5.184356; Checking Box Human Car
29; Pedestrian; None; None; 31.10.2023 14:51:53; 804.678; 0.00180006; 241.1403; Road; 5.206781; null
29; Pedestrian; None; None; 31.10.2023 14:51:53; 804.6779; 0.00180006; 241.1406; Road; 5.218108; null
29; Pedestrian; None; None; 31.10.2023 14:51:53; 804.6769; 0.00180006; 241.141; Road; 5.240229; null
29; Pedestrian; None; None; 31.10.2023 14:51:53; 804.6765; 0.00180006; 241.1412; Road; 5.251647; Checking Box Human Car
29; Pedestrian; None; None; 31.10.2023 14:51:53; 804.6751; 0.00180006; 241.1419; Road; 5.290042; Checking Box Human Car
29; Pedestrian; None; None; 31.10.2023 14:51:53; 804.6748; 0.00180006; 241.1425; Road; 5.309649; Checking Box Human Car
29; Pedestrian; None; None; 31.10.2023 14:51:53; 804.6743; 0.00180006; 241.1428; Road; 5.318846; Checking Box Human Car
29; Pedestrian; None; None; 31.10.2023 14:51:53; 804.6733; 0.00180006; 241.1432; Road; 5.340283; Checking Box Human Car
29; Pedestrian; None; None; 31.10.2023 14:51:53; 804.673; 0.00180006; 241.1438; Road; 5.362432; Checking Box Human Car
29; Pedestrian; None; None; 31.10.2023 14:51:53; 804.6725; 0.00180006; 241.1443; Road; 5.384855; null
29; Pedestrian; None; None; 31.10.2023 14:51:53; 804.6722; 0.00180006; 241.1445; Road; 5.396301; null
29; Pedestrian; None; None; 31.10.2023 14:51:53; 804.6719; 0.00180006; 241.1448; Road; 5.406815; null
29; Pedestrian; None; None; 31.10.2023 14:51:53; 804.6709; 0.00180006; 241.1456; Road; 5.444911; null
29; Pedestrian; None; None; 31.10.2023 14:51:53; 804.6705; 0.00180006; 241.1462; Road; 5.462169; null
29; Pedestrian; None; None; 31.10.2023 14:51:53; 804.6692; 0.00180006; 241.1467; Road; 5.485082; null
29; Pedestrian; None; None; 31.10.2023 14:51:53; 804.668; 0.00180006; 241.1473; Road; 5.507215; null
29; Pedestrian; None; None; 31.10.2023 14:51:53; 804.6673; 0.00180006; 241.1476; Road; 5.518671; null
29; Pedestrian; None; None; 31.10.2023 14:51:53; 804.6667; 0.00180006; 241.1483; Road; 5.539977; Checking Box Human Car
29; Pedestrian; None; None; 31.10.2023 14:51:53; 804.6663; 0.00180006; 241.1487; Road; 5.553484; Checking Box Human Car
29; Pedestrian; None; None; 31.10.2023 14:51:53; 804.6658; 0.00180006; 241.1494; Road; 5.583438; Checking Box Human Car
29; Pedestrian; None; None; 31.10.2023 14:51:53; 804.6642; 0.00180006; 241.1502; Road; 5.61127; Checking Box Human Car
29; Pedestrian; None; None; 31.10.2023 14:51:53; 804.6638; 0.00180006; 241.1506; Road; 5.618502; Checking Box Human Car
29; Pedestrian; None; None; 31.10.2023 14:51:53; 804.6634; 0.00180006; 241.1512; Road; 5.639644; Checking Box Human Car
29; Pedestrian; None; None; 31.10.2023 14:51:53; 804.6623; 0.00180006; 241.1518; Road; 5.662293; Checking Box Human Car
29; Pedestrian; None; None; 31.10.2023 14:51:53; 804.662; 0.00180006; 241.1524; Road; 5.68383; Checking Box Human Car
29; Pedestrian; None; None; 31.10.2023 14:51:53; 804.6614; 0.00180006; 241.153; Road; 5.706351; Checking Box Human Car
29; Pedestrian; None; None; 31.10.2023 14:51:53; 804.6614; 0.00180006; 241.153; Road; 5.706351; Checking Box Human Car
29; Pedestrian; None; None; 31.10.2023 14:51:53; 804.661; 0.00180006; 241.1538; Road; 5.747568; Checking Box Human Car
29; Pedestrian; None; None; 31.10.2023 14:51:53; 804.6606; 0.00180006; 241.1544; Road; 5.764509; Checking Box Human Car
29; Pedestrian; None; None; 31.10.2023 14:51:53; 804.6603; 0.00180006; 241.155; Road; 5.78454; Checking Box Human Car
29; Pedestrian; None; None; 31.10.2023 14:51:53; 804.6607; 0.00180006; 241.1555; Road; 5.806211; Checking Box Human Car
29; Pedestrian; None; None; 31.10.2023 14:51:53; 804.6604; 0.00180006; 241.1557; Road; 5.817743; Checking Box Human Car
29; Pedestrian; None; None; 31.10.2023 14:51:54; 804.6609; 0.00180006; 241.1563; Road; 5.838938; Checking Box Human Car
29; Pedestrian; None; None; 31.10.2023 14:51:54; 804.6609; 0.00180006; 241.1568; Road; 5.861034; Checking Box Human Car
29; Pedestrian; None; None; 31.10.2023 14:51:54; 804.6609; 0.00180006; 241.1572; Road; 5.890837; Checking Box Human Car
29; Pedestrian; None; None; 31.10.2023 14:51:54; 804.6615; 0.00180006; 241.1577; Road; 5.907758; Checking Box Human Car
29; Pedestrian; None; None; 31.10.2023 14:51:54; 804.6618; 0.00180006; 241.1579; Road; 5.917173; null
29; Pedestrian; None; None; 31.10.2023 14:51:54; 804.6622; 0.00180006; 241.1585; Road; 5.939281; null
29; Pedestrian; None; None; 31.10.2023 14:51:54; 804.6625; 0.00180006; 241.1589; Road; 5.961675; null
29; Pedestrian; None; None; 31.10.2023 14:51:54; 804.6638; 0.00180006; 241.1594; Road; 5.98419; Checking Box AICar
29; Pedestrian; None; None; 31.10.2023 14:51:54; 804.6646; 0.00180006; 241.1599; Road; 6.005767; Checking Box AICar
29; Pedestrian; None; None; 31.10.2023 14:51:54; 804.6652; 0.00180006; 241.1602; Road; 6.018886; Checking Box AICar
29; Pedestrian; None; None; 31.10.2023 14:51:54; 804.6655; 0.00180006; 241.1603; Road; 6.030267; Checking Box AICar
29; Pedestrian; None; None; 31.10.2023 14:51:54; 804.6664; 0.00180006; 241.1609; Road; 6.065869; Checking Box AICar
29; Pedestrian; None; None; 31.10.2023 14:51:54; 804.6671; 0.00180006; 241.1613; Road; 6.084682; Checking Box AICar
29; Pedestrian; None; None; 31.10.2023 14:51:54; 804.6677; 0.00180006; 241.1617; Road; 6.105856; Checking Box AICar
29; Pedestrian; None; None; 31.10.2023 14:51:54; 804.6678; 0.00180006; 241.1619; Road; 6.117401; Checking Box AICar
29; Pedestrian; None; None; 31.10.2023 14:51:54; 804.6685; 0.00180006; 241.1624; Road; 6.138877; Checking Box AICar
29; Pedestrian; None; None; 31.10.2023 14:51:54; 804.669; 0.00180006; 241.1628; Road; 6.161257; Checking Box AICar
29; Pedestrian; None; None; 31.10.2023 14:51:54; 804.6691; 0.00180006; 241.163; Road; 6.172487; Checking Box AICar
29; Pedestrian; None; None; 31.10.2023 14:51:54; 804.6697; 0.00180006; 241.1638; Road; 6.213626; Checking Box AICar
29; Pedestrian; None; None; 31.10.2023 14:51:54; 804.6701; 0.00180006; 241.164; Road; 6.221258; Checking Box AICar
29; Pedestrian; None; None; 31.10.2023 14:51:54; 804.6705; 0.00180006; 241.1644; Road; 6.239059; Checking Box AICar
29; Pedestrian; None; None; 31.10.2023 14:51:54; 804.6713; 0.00180006; 241.1648; Road; 6.262304; Checking Box AICar
29; Pedestrian; None; None; 31.10.2023 14:51:54; 804.6719; 0.00180006; 241.1651; Road; 6.284337; Checking Box AICar
29; Pedestrian; None; None; 31.10.2023 14:51:54; 804.6727; 0.00180006; 241.1655; Road; 6.30583; Checking Box AICar
29; Pedestrian; None; None; 31.10.2023 14:51:54; 804.6732; 0.00180006; 241.1656; Road; 6.317498; Checking Box AICar
29; Pedestrian; None; None; 31.10.2023 14:51:54; 804.6736; 0.00180006; 241.1659; Road; 6.327863; Checking Box AICar
29; Pedestrian; None; None; 31.10.2023 14:51:54; 804.6749; 0.00180006; 241.1665; Road; 6.367494; Checking Box AICar
29; Pedestrian; None; None; 31.10.2023 14:51:54; 804.676; 0.00180006; 241.1669; Road; 6.383831; Checking Box AICar
29; Pedestrian; None; None; 31.10.2023 14:51:54; 804.6774; 0.00180006; 241.1673; Road; 6.406029; Checking Box AICar
29; Pedestrian; None; None; 31.10.2023 14:51:54; 804.6779; 0.00180006; 241.1674; Road; 6.41789; Checking Box AICar
29; Pedestrian; None; None; 31.10.2023 14:51:54; 804.6793; 0.00180006; 241.1677; Road; 6.43882; Checking Box AICar
29; Pedestrian; None; None; 31.10.2023 14:51:54; 804.6816; 0.00180006; 241.168; Road; 6.460834; Checking Box AICar
29; Pedestrian; None; None; 31.10.2023 14:51:54; 804.6832; 0.00180006; 241.1683; Road; 6.48378; Checking Box AICar
29; Pedestrian; None; None; 31.10.2023 14:51:54; 804.6855; 0.00180006; 241.1685; Road; 6.512821; Checking Box AICar
29; Pedestrian; None; None; 31.10.2023 14:51:54; 804.6866; 0.00180006; 241.1687; Road; 6.52216; Checking Box AICar
29; Pedestrian; None; None; 31.10.2023 14:51:54; 804.689; 0.00180006; 241.1689; Road; 6.539033; Checking Box AICar
29; Pedestrian; None; None; 31.10.2023 14:51:54; 804.6917; 0.00180006; 241.1692; Road; 6.561761; Checking Box AICar
29; Pedestrian; None; None; 31.10.2023 14:51:54; 804.6939; 0.00180006; 241.1693; Road; 6.583762; Checking Box AICar
29; Pedestrian; None; None; 31.10.2023 14:51:54; 804.697; 0.00180006; 241.1694; Road; 6.605731; Checking Box AICar
29; Pedestrian; None; None; 31.10.2023 14:51:54; 804.6984; 0.00180006; 241.1695; Road; 6.605731; Checking Box AICar
29; Pedestrian; None; None; 31.10.2023 14:51:54; 804.7016; 0.00180006; 241.1696; Road; 6.605731; Checking Box AICar
29; Pedestrian; None; None; 31.10.2023 14:51:54; 804.7044; 0.00180006; 241.1697; Sidewalk; 10.286; Checking Box AICar
29; Pedestrian; None; None; 31.10.2023 14:51:54; 804.7073; 0.00180006; 241.1697; Sidewalk; 10.30409; Checking Box AICar
29; Pedestrian; None; None; 31.10.2023 14:51:54; 804.7114; 0.00180006; 241.1699; Sidewalk; 10.32347; Checking Box AICar
29; Pedestrian; None; None; 31.10.2023 14:51:54; 804.7133; 0.00180006; 241.17; Sidewalk; 10.33491; Checking Box AICar
29; Pedestrian; None; None; 31.10.2023 14:51:54; 804.7167; 0.00180006; 241.1701; Sidewalk; 10.35653; Checking Box AICar
29; Pedestrian; None; None; 31.10.2023 14:51:54; 804.7203; 0.00180006; 241.1702; Sidewalk; 10.37836; Checking Box AICar
29; Pedestrian; None; None; 31.10.2023 14:51:54; 804.724; 0.00180006; 241.1704; Sidewalk; 10.40191; Checking Box AICar
29; Pedestrian; None; None; 31.10.2023 14:51:54; 804.7255; 0.00180006; 241.1705; Sidewalk; 10.41267; Checking Box AICar
29; Pedestrian; None; None; 31.10.2023 14:51:54; 804.7272; 0.00180006; 241.1707; Sidewalk; 10.42412; Checking Box AICar
29; Pedestrian; None; None; 31.10.2023 14:51:55; 804.7323; 0.00180006; 241.1709; Sidewalk; 10.46223; Checking Box AICar
29; Pedestrian; None; None; 31.10.2023 14:51:55; 804.7354; 0.00180006; 241.1711; Sidewalk; 10.4791; Checking Box AICar
29; Pedestrian; None; None; 31.10.2023 14:51:55; 804.7383; 0.00180006; 241.1712; Sidewalk; 10.50088; Checking Box AICar
29; Pedestrian; None; None; 31.10.2023 14:51:55; 804.742; 0.00180006; 241.1713; Sidewalk; 10.52343; Checking Box AICar
29; Pedestrian; None; None; 31.10.2023 14:51:55; 804.7438; 0.00180006; 241.1713; Sidewalk; 10.53467; Checking Box AICar
29; Pedestrian; None; None; 31.10.2023 14:51:55; 804.7468; 0.00180006; 241.1713; Sidewalk; 10.55628; Checking Box AICar
29; Pedestrian; None; None; 31.10.2023 14:51:55; 804.748; 0.00180006; 241.1713; Sidewalk; 10.5676; Checking Box AICar
29; Pedestrian; None; None; 31.10.2023 14:51:55; 804.7531; 0.00180006; 241.1712; Sidewalk; 10.60728; Checking Box AICar
29; Pedestrian; None; None; 31.10.2023 14:51:55; 804.7557; 0.00180006; 241.1712; Sidewalk; 10.62323; Checking Box AICar
29; Pedestrian; None; None; 31.10.2023 14:51:55; 804.7571; 0.00180006; 241.1712; Sidewalk; 10.63459; Checking Box AICar
29; Pedestrian; None; None; 31.10.2023 14:51:55; 804.7595; 0.00180006; 241.171; Sidewalk; 10.65624; Checking Box AICar
29; Pedestrian; None; None; 31.10.2023 14:51:55; 804.7625; 0.00180006; 241.1709; Sidewalk; 10.6813; Checking Box AICar
29; Pedestrian; None; None; 31.10.2023 14:51:55; 804.765; 0.00180006; 241.1707; Sidewalk; 10.70193; Checking Box AICar
29; Pedestrian; None; None; 31.10.2023 14:51:55; 804.7675; 0.00180006; 241.1706; Sidewalk; 10.72372; Checking Box AICar
29; Pedestrian; None; None; 31.10.2023 14:51:55; 804.7675; 0.00180006; 241.1706; Sidewalk; 10.72372; Checking Box AICar
29; Pedestrian; None; None; 31.10.2023 14:51:55; 804.7714; 0.00180006; 241.1703; Sidewalk; 10.76433; Checking Box AICar
29; Pedestrian; None; None; 31.10.2023 14:51:55; 804.7738; 0.00180006; 241.1702; Sidewalk; 10.77979; Checking Box AICar
29; Pedestrian; None; None; 31.10.2023 14:51:55; 804.7762; 0.00180006; 241.17; Sidewalk; 10.8006; Checking Box AICar
29; Pedestrian; None; None; 31.10.2023 14:51:55; 804.7787; 0.00180006; 241.1697; Sidewalk; 10.82344; Checking Box AICar
29; Pedestrian; None; None; 31.10.2023 14:51:55; 804.7796; 0.00180006; 241.1696; Sidewalk; 10.83434; Checking Box AICar
29; Pedestrian; None; None; 31.10.2023 14:51:55; 804.7824; 0.00180006; 241.1694; Sidewalk; 10.85647; Checking Box AICar
29; Pedestrian; None; None; 31.10.2023 14:51:55; 804.785; 0.00180006; 241.1691; Sidewalk; 10.87858; Checking Box AICar
29; Pedestrian; None; None; 31.10.2023 14:51:55; 804.7863; 0.00180006; 241.1689; Sidewalk; 10.89048; Checking Box AICar
29; Pedestrian; None; None; 31.10.2023 14:51:55; 804.7888; 0.00180006; 241.1687; Sidewalk; 10.92339; Checking Box AICar
29; Pedestrian; None; None; 31.10.2023 14:51:55; 804.7919; 0.00180006; 241.1687; Sidewalk; 10.94205; Checking Box AICar
29; Pedestrian; None; None; 31.10.2023 14:51:55; 804.7941; 0.00180006; 241.1685; Sidewalk; 10.95676; Checking Box AICar
29; Pedestrian; None; None; 31.10.2023 14:51:55; 804.7974; 0.00180006; 241.1684; Sidewalk; 10.97832; Checking Box AICar
29; Pedestrian; None; None; 31.10.2023 14:51:55; 804.8002; 0.00180006; 241.1682; Sidewalk; 11.00055; Checking Box AICar
29; Pedestrian; None; None; 31.10.2023 14:51:55; 804.8036; 0.00180006; 241.1682; Sidewalk; 11.0233; Checking Box AICar
29; Pedestrian; None; None; 31.10.2023 14:51:55; 804.8057; 0.00180006; 241.1681; Sidewalk; 11.0347; Checking Box AICar
29; Pedestrian; None; None; 31.10.2023 14:51:55; 804.8089; 0.00180006; 241.168; Sidewalk; 11.06377; Checking Box AICar
29; Pedestrian; None; None; 31.10.2023 14:51:55; 804.8111; 0.00180006; 241.1678; Sidewalk; 11.08128; Checking Box AICar
29; Pedestrian; None; None; 31.10.2023 14:51:55; 804.8139; 0.00180006; 241.1676; Sidewalk; 11.10056; Checking Box AICar
29; Pedestrian; None; None; 31.10.2023 14:51:55; 804.8171; 0.00180006; 241.1674; Sidewalk; 11.12275; Checking Box AICar
29; Pedestrian; None; None; 31.10.2023 14:51:55; 804.8185; 0.00180006; 241.1673; Sidewalk; 11.13464; Checking Box AICar
29; Pedestrian; None; None; 31.10.2023 14:51:55; 804.8212; 0.00180006; 241.1671; Sidewalk; 11.1568; Checking Box AICar
29; Pedestrian; None; None; 31.10.2023 14:51:55; 804.8236; 0.00180006; 241.167; Sidewalk; 11.17942; Checking Box AICar
29; Pedestrian; None; None; 31.10.2023 14:51:55; 804.8246; 0.00180006; 241.1669; Sidewalk; 11.19077; Checking Box AICar
29; Pedestrian; None; None; 31.10.2023 14:51:55; 804.8278; 0.00180006; 241.1668; Sidewalk; 11.22822; Checking Box AICar
29; Pedestrian; None; None; 31.10.2023 14:51:55; 804.8286; 0.00180006; 241.1667; Sidewalk; 11.23619; Checking Box AICar
29; Pedestrian; None; None; 31.10.2023 14:51:55; 804.83; 0.00180006; 241.1666; Sidewalk; 11.25708; Checking Box AICar
29; Pedestrian; None; None; 31.10.2023 14:51:55; 804.8306; 0.00180006; 241.1665; Sidewalk; 11.27839; Checking Box AICar
29; Pedestrian; None; None; 31.10.2023 14:51:55; 804.8315; 0.00180006; 241.1664; Sidewalk; 11.30048; Checking Box AICar
29; Pedestrian; None; None; 31.10.2023 14:51:55; 804.8323; 0.00180006; 241.1664; Sidewalk; 11.32375; Checking Box AICar
29; Pedestrian; None; None; 31.10.2023 14:51:55; 804.8326; 0.00180006; 241.1663; Sidewalk; 11.33456; Checking Box AICar
29; Pedestrian; None; None; 31.10.2023 14:51:55; 804.833; 0.00180006; 241.1662; Sidewalk; 11.34581; Checking Box AICar
29; Pedestrian; None; None; 31.10.2023 14:51:55; 804.8328; 0.00180006; 241.166; Sidewalk; 11.37785; Checking Box AICar
29; Pedestrian; None; None; 31.10.2023 14:51:55; 804.8328; 0.00180006; 241.1657; Sidewalk; 11.40812; Checking Box AICar
29; Pedestrian; None; None; 31.10.2023 14:51:55; 804.8324; 0.00180006; 241.1654; Sidewalk; 11.42417; Checking Box AICar
29; Pedestrian; None; None; 31.10.2023 14:51:55; 804.8323; 0.00180006; 241.1653; Sidewalk; 11.43402; Checking Box AICar
29; Pedestrian; None; None; 31.10.2023 14:51:56; 804.8324; 0.00180006; 241.165; Sidewalk; 11.45721; Checking Box AICar
29; Pedestrian; None; None; 31.10.2023 14:51:56; 804.8323; 0.00180006; 241.1647; Sidewalk; 11.47828; Checking Box AICar
29; Pedestrian; None; None; 31.10.2023 14:51:56; 804.8315; 0.00180006; 241.1644; Sidewalk; 11.50033; Checking Box AICar
29; Pedestrian; None; None; 31.10.2023 14:51:56; 804.8315; 0.00180006; 241.1642; Sidewalk; 11.523; Checking Box AICar
29; Pedestrian; None; None; 31.10.2023 14:51:56; 804.8312; 0.00180006; 241.164; Sidewalk; 11.53395; Checking Box AICar
29; Pedestrian; None; None; 31.10.2023 14:51:56; 804.8314; 0.00180006; 241.1637; Sidewalk; 11.55613; Checking Box AICar
29; Pedestrian; None; None; 31.10.2023 14:51:56; 804.8312; 0.00180006; 241.1634; Sidewalk; 11.57857; Checking Box AICar
29; Pedestrian; None; None; 31.10.2023 14:51:56; 804.8311; 0.00180006; 241.163; Sidewalk; 11.60071; Checking Box AICar
29; Pedestrian; None; None; 31.10.2023 14:51:56; 804.8307; 0.00180006; 241.1626; Sidewalk; 11.62291; Checking Box AICar
29; Pedestrian; None; None; 31.10.2023 14:51:56; 804.8307; 0.00180006; 241.1624; Sidewalk; 11.63493; Checking Box AICar
29; Pedestrian; None; None; 31.10.2023 14:51:56; 804.8301; 0.00180006; 241.162; Sidewalk; 11.65627; Checking Box AICar
29; Pedestrian; None; None; 31.10.2023 14:51:56; 804.8296; 0.00180006; 241.1616; Sidewalk; 11.67808; Checking Box AICar
29; Pedestrian; None; None; 31.10.2023 14:51:56; 804.8295; 0.00180006; 241.1612; Sidewalk; 11.70088; Checking Box AICar
29; Pedestrian; None; None; 31.10.2023 14:51:56; 804.8297; 0.00180006; 241.1608; Sidewalk; 11.72254; Checking Box AICar
29; Pedestrian; None; None; 31.10.2023 14:51:56; 804.8293; 0.00180006; 241.1606; Sidewalk; 11.73395; Checking Box AICar
29; Pedestrian; None; None; 31.10.2023 14:51:56; 804.8297; 0.00180006; 241.1602; Sidewalk; 11.75625; Checking Box AICar
29; Pedestrian; None; None; 31.10.2023 14:51:56; 804.8292; 0.00180006; 241.1597; Sidewalk; 11.77867; Checking Box AICar
29; Pedestrian; None; None; 31.10.2023 14:51:56; 804.8292; 0.00180006; 241.1593; Sidewalk; 11.8003; Checking Box AICar
29; Pedestrian; None; None; 31.10.2023 14:51:56; 804.8289; 0.00180006; 241.1588; Sidewalk; 11.82303; Checking Box AICar
29; Pedestrian; None; None; 31.10.2023 14:51:56; 804.8289; 0.00180006; 241.1586; Sidewalk; 11.83355; Checking Box AICar
29; Pedestrian; None; None; 31.10.2023 14:51:56; 804.8289; 0.00180006; 241.1582; Sidewalk; 11.85589; Checking Box AICar
29; Pedestrian; None; None; 31.10.2023 14:51:56; 804.8286; 0.00180006; 241.1578; Sidewalk; 11.87804; Checking Box AICar
29; Pedestrian; None; None; 31.10.2023 14:51:56; 804.8285; 0.00180006; 241.1572; Sidewalk; 11.90033; null
29; Pedestrian; None; None; 31.10.2023 14:51:56; 804.8284; 0.00180006; 241.1567; Sidewalk; 11.92356; null
29; Pedestrian; None; None; 31.10.2023 14:51:56; 804.8284; 0.00180006; 241.1565; Sidewalk; 11.93637; null
29; Pedestrian; None; None; 31.10.2023 14:51:56; 804.8292; 0.00180006; 241.156; Sidewalk; 11.95792; null
29; Pedestrian; None; None; 31.10.2023 14:51:56; 804.8292; 0.00180006; 241.1557; Sidewalk; 11.96949; null
29; Pedestrian; None; None; 31.10.2023 14:51:56; 804.8295; 0.00180006; 241.155; Sidewalk; 12.00844; null
29; Pedestrian; None; None; 31.10.2023 14:51:56; 804.8297; 0.00180006; 241.1545; Sidewalk; 12.02336; null
29; Pedestrian; None; None; 31.10.2023 14:51:56; 804.8301; 0.00180006; 241.1543; Sidewalk; 12.03395; null
29; Pedestrian; None; None; 31.10.2023 14:51:56; 804.8304; 0.00180006; 241.1539; Sidewalk; 12.05621; null
29; Pedestrian; None; None; 31.10.2023 14:51:56; 804.8306; 0.00180006; 241.1533; Sidewalk; 12.07789; null
29; Pedestrian; None; None; 31.10.2023 14:51:56; 804.8308; 0.00180006; 241.1527; Sidewalk; 12.10004; null
29; Pedestrian; None; None; 31.10.2023 14:51:56; 804.8322; 0.00180006; 241.1523; Sidewalk; 12.12246; null
29; Pedestrian; None; None; 31.10.2023 14:51:56; 804.8325; 0.00180006; 241.152; Sidewalk; 12.13341; null
29; Pedestrian; None; None; 31.10.2023 14:51:56; 804.8328; 0.00180006; 241.1514; Sidewalk; 12.15543; null
29; Pedestrian; None; None; 31.10.2023 14:51:56; 804.8336; 0.00180006; 241.1509; Sidewalk; 12.17787; null
29; Pedestrian; None; None; 31.10.2023 14:51:56; 804.8344; 0.00180006; 241.1503; Sidewalk; 12.20179; null
29; Pedestrian; None; None; 31.10.2023 14:51:56; 804.8342; 0.00180006; 241.1496; Sidewalk; 12.22254; null
29; Pedestrian; None; None; 31.10.2023 14:51:56; 804.8349; 0.00180006; 241.1493; Sidewalk; 12.2341; null
29; Pedestrian; None; None; 31.10.2023 14:51:56; 804.8355; 0.00180006; 241.1488; Sidewalk; 12.25597; null
29; Pedestrian; None; None; 31.10.2023 14:51:56; 804.8364; 0.00180006; 241.1482; Sidewalk; 12.27793; null
29; Pedestrian; None; None; 31.10.2023 14:51:56; 804.8372; 0.00180006; 241.1475; Sidewalk; 12.30002; null
29; Pedestrian; None; None; 31.10.2023 14:51:56; 804.8375; 0.00180006; 241.147; Sidewalk; 12.32243; null
29; Pedestrian; None; None; 31.10.2023 14:51:56; 804.8378; 0.00180006; 241.1467; Sidewalk; 12.33412; null
29; Pedestrian; None; None; 31.10.2023 14:51:56; 804.8389; 0.00180006; 241.1462; Sidewalk; 12.35573; null
29; Pedestrian; None; None; 31.10.2023 14:51:56; 804.8395; 0.00180006; 241.1457; Sidewalk; 12.37828; null
29; Pedestrian; None; None; 31.10.2023 14:51:56; 804.8408; 0.00180006; 241.1452; Sidewalk; 12.40028; null
29; Pedestrian; None; None; 31.10.2023 14:51:56; 804.8414; 0.00180006; 241.1447; Sidewalk; 12.42296; null
29; Pedestrian; None; None; 31.10.2023 14:51:56; 804.8419; 0.00180006; 241.1444; Sidewalk; 12.43532; null
29; Pedestrian; None; None; 31.10.2023 14:51:57; 804.8427; 0.00180006; 241.1439; Sidewalk; 12.45688; null
29; Pedestrian; None; None; 31.10.2023 14:51:57; 804.8431; 0.00180006; 241.1434; Sidewalk; 12.47838; null
29; Pedestrian; None; None; 31.10.2023 14:51:57; 804.8439; 0.00180006; 241.1428; Sidewalk; 12.50179; null
29; Pedestrian; None; None; 31.10.2023 14:51:57; 804.8444; 0.00180006; 241.1423; Sidewalk; 12.52432; null
29; Pedestrian; None; None; 31.10.2023 14:51:57; 804.8448; 0.00180006; 241.142; Sidewalk; 12.53555; null
29; Pedestrian; None; None; 31.10.2023 14:51:57; 804.8452; 0.00180006; 241.1416; Sidewalk; 12.55751; null
29; Pedestrian; None; None; 31.10.2023 14:51:57; 804.8451; 0.00180006; 241.1412; Sidewalk; 12.57957; null
29; Pedestrian; None; None; 31.10.2023 14:51:57; 804.8447; 0.00180006; 241.1408; Sidewalk; 12.60348; null
29; Pedestrian; None; None; 31.10.2023 14:51:57; 804.8437; 0.00180006; 241.1406; Sidewalk; 12.62865; null
29; Pedestrian; None; None; 31.10.2023 14:51:57; 804.8434; 0.00180006; 241.1405; Sidewalk; 12.63642; null
29; Pedestrian; None; None; 31.10.2023 14:51:57; 804.842; 0.00180006; 241.1402; Sidewalk; 12.65653; null
29; Pedestrian; None; None; 31.10.2023 14:51:57; 804.8419; 0.00180006; 241.1401; Sidewalk; 12.67894; null
29; Pedestrian; None; None; 31.10.2023 14:51:57; 804.8414; 0.00180006; 241.14; Sidewalk; 12.70206; null
29; Pedestrian; None; None; 31.10.2023 14:51:57; 804.8412; 0.00180006; 241.1398; Sidewalk; 12.72504; null
29; Pedestrian; None; None; 31.10.2023 14:51:57; 804.8411; 0.00180006; 241.1397; Sidewalk; 12.73552; null
29; Pedestrian; None; None; 31.10.2023 14:51:57; 804.8405; 0.00180006; 241.1395; Sidewalk; 12.75763; null
29; Pedestrian; None; None; 31.10.2023 14:51:57; 804.8405; 0.00180006; 241.1393; Sidewalk; 12.77957; null
29; Pedestrian; None; None; 31.10.2023 14:51:57; 804.8403; 0.00180006; 241.1391; Sidewalk; 12.80206; null
29; Pedestrian; None; None; 31.10.2023 14:51:57; 804.8397; 0.00180006; 241.139; Sidewalk; 12.82357; Checking Box AICar
29; Pedestrian; None; None; 31.10.2023 14:51:57; 804.8394; 0.00180006; 241.139; Sidewalk; 12.83512; Checking Box AICar
29; Pedestrian; None; None; 31.10.2023 14:51:57; 804.8391; 0.00180006; 241.139; Sidewalk; 12.85663; Checking Box AICar
29; Pedestrian; None; None; 31.10.2023 14:51:57; 804.8382; 0.00180006; 241.139; Sidewalk; 12.87884; Checking Box AICar
29; Pedestrian; None; None; 31.10.2023 14:51:57; 804.8373; 0.00180006; 241.139; Sidewalk; 12.90115; Checking Box AICar
29; Pedestrian; None; None; 31.10.2023 14:51:57; 804.8369; 0.00180006; 241.139; Sidewalk; 12.91233; Checking Box AICar
29; Pedestrian; None; None; 31.10.2023 14:51:57; 804.8361; 0.00180006; 241.139; Sidewalk; 12.94213; Checking Box AICar
29; Pedestrian; None; None; 31.10.2023 14:51:57; 804.8353; 0.00180006; 241.1391; Sidewalk; 12.95886; Checking Box AICar
29; Pedestrian; None; None; 31.10.2023 14:51:57; 804.8342; 0.00180006; 241.1392; Sidewalk; 12.97899; Checking Box AICar
29; Pedestrian; None; None; 31.10.2023 14:51:57; 804.8333; 0.00180006; 241.1392; Sidewalk; 12.99987; Checking Box AICar
29; Pedestrian; None; None; 31.10.2023 14:51:57; 804.8331; 0.00180006; 241.1394; Sidewalk; 13.02196; Checking Box AICar
29; Pedestrian; None; None; 31.10.2023 14:51:57; 804.8331; 0.00180006; 241.1394; Sidewalk; 13.03324; Checking Box AICar
29; Pedestrian; None; None; 31.10.2023 14:51:57; 804.8325; 0.00180006; 241.1395; Sidewalk; 13.0555; Checking Box AICar
29; Pedestrian; None; None; 31.10.2023 14:51:57; 804.8319; 0.00180006; 241.1396; Sidewalk; 13.08148; Checking Box AICar
29; Pedestrian; None; None; 31.10.2023 14:51:57; 804.8315; 0.00180006; 241.1398; Sidewalk; 13.10478; Checking Box AICar
29; Pedestrian; None; None; 31.10.2023 14:51:57; 804.8305; 0.00180006; 241.1397; Sidewalk; 13.12217; Checking Box AICar
29; Pedestrian; None; None; 31.10.2023 14:51:57; 804.8302; 0.00180006; 241.1398; Sidewalk; 13.13343; Checking Box AICar
29; Pedestrian; None; None; 31.10.2023 14:51:57; 804.8298; 0.00180006; 241.1398; Sidewalk; 13.15513; Checking Box AICar
29; Pedestrian; None; None; 31.10.2023 14:51:57; 804.8298; 0.00180006; 241.1398; Sidewalk; 13.17744; Checking Box AICar
29; Pedestrian; None; None; 31.10.2023 14:51:57; 804.8295; 0.00180006; 241.1397; Sidewalk; 13.1994; Checking Box AICar
29; Pedestrian; None; None; 31.10.2023 14:51:57; 804.8297; 0.00180006; 241.1397; Sidewalk; 13.223; Checking Box AICar
29; Pedestrian; None; None; 31.10.2023 14:51:57; 804.8295; 0.00180006; 241.1397; Sidewalk; 13.23349; Checking Box AICar
29; Pedestrian; None; None; 31.10.2023 14:51:57; 804.8298; 0.00180006; 241.1396; Sidewalk; 13.25522; Checking Box AICar
29; Pedestrian; None; None; 31.10.2023 14:51:57; 804.8298; 0.00180006; 241.1395; Sidewalk; 13.2776; Checking Box AICar
29; Pedestrian; None; None; 31.10.2023 14:51:57; 804.8301; 0.00180006; 241.1394; Sidewalk; 13.29984; Checking Box AICar
29; Pedestrian; None; None; 31.10.2023 14:51:57; 804.8301; 0.00180006; 241.1393; Sidewalk; 13.3221; Checking Box AICar
29; Pedestrian; None; None; 31.10.2023 14:51:57; 804.83; 0.00180006; 241.1392; Sidewalk; 13.33338; Checking Box AICar
29; Pedestrian; None; None; 31.10.2023 14:51:57; 804.8302; 0.00180006; 241.1391; Sidewalk; 13.35548; Checking Box AICar
29; Pedestrian; None; None; 31.10.2023 14:51:57; 804.8298; 0.00180006; 241.1389; Sidewalk; 13.37739; Checking Box AICar
29; Pedestrian; None; None; 31.10.2023 14:51:57; 804.8298; 0.00180006; 241.1389; Sidewalk; 13.39988; Checking Box AICar
29; Pedestrian; None; None; 31.10.2023 14:51:57; 804.8301; 0.00180006; 241.1389; Sidewalk; 13.42219; Checking Box AICar
29; Pedestrian; None; None; 31.10.2023 14:51:57; 804.8305; 0.00180006; 241.139; Sidewalk; 13.43325; Checking Box AICar
29; Pedestrian; None; None; 31.10.2023 14:51:58; 804.8303; 0.00180006; 241.1391; Sidewalk; 13.45641; Checking Box AICar
29; Pedestrian; None; None; 31.10.2023 14:51:58; 804.8306; 0.00180006; 241.1393; Sidewalk; 13.47894; Checking Box AICar
29; Pedestrian; None; None; 31.10.2023 14:51:58; 804.8309; 0.00180006; 241.1394; Sidewalk; 13.48895; Checking Box AICar
29; Pedestrian; None; None; 31.10.2023 14:51:58; 804.8312; 0.00180006; 241.1396; Sidewalk; 13.50005; Checking Box AICar
29; Pedestrian; None; None; 31.10.2023 14:51:58; 804.8313; 0.00180006; 241.1397; Sidewalk; 13.53032; Checking Box AICar
29; Pedestrian; None; None; 31.10.2023 14:51:58; 804.8318; 0.00180006; 241.1398; Sidewalk; 13.55644; Checking Box AICar
29; Pedestrian; None; None; 31.10.2023 14:51:58; 804.8325; 0.00180006; 241.14; Sidewalk; 13.57722; Checking Box AICar
29; Pedestrian; None; None; 31.10.2023 14:51:58; 804.8326; 0.00180006; 241.1401; Sidewalk; 13.5996; Checking Box AICar
29; Pedestrian; None; None; 31.10.2023 14:51:58; 804.8328; 0.00180006; 241.1403; Sidewalk; 13.62187; Checking Box AICar
29; Pedestrian; None; None; 31.10.2023 14:51:58; 804.8329; 0.00180006; 241.1403; Sidewalk; 13.63299; Checking Box AICar
29; Pedestrian; None; None; 31.10.2023 14:51:58; 804.8335; 0.00180006; 241.1405; Sidewalk; 13.65582; Checking Box AICar
29; Pedestrian; None; None; 31.10.2023 14:51:58; 804.8337; 0.00180006; 241.1407; Sidewalk; 13.67756; Checking Box AICar
29; Pedestrian; None; None; 31.10.2023 14:51:58; 804.8342; 0.00180006; 241.141; Sidewalk; 13.70316; Checking Box AICar
29; Pedestrian; None; None; 31.10.2023 14:51:58; 804.8344; 0.00180006; 241.1412; Sidewalk; 13.72582; Checking Box AICar
29; Pedestrian; None; None; 31.10.2023 14:51:58; 804.8344; 0.00180006; 241.1413; Sidewalk; 13.73613; Checking Box AICar
29; Pedestrian; None; None; 31.10.2023 14:51:58; 804.8348; 0.00180006; 241.1416; Sidewalk; 13.75551; Checking Box AICar
29; Pedestrian; None; None; 31.10.2023 14:51:58; 804.8348; 0.00180006; 241.1419; Sidewalk; 13.77704; Checking Box AICar
29; Pedestrian; None; None; 31.10.2023 14:51:58; 804.835; 0.00180006; 241.1422; Sidewalk; 13.79958; Checking Box AICar
29; Pedestrian; None; None; 31.10.2023 14:51:58; 804.8353; 0.00180006; 241.1425; Sidewalk; 13.82213; Checking Box AICar
29; Pedestrian; None; None; 31.10.2023 14:51:58; 804.8354; 0.00180006; 241.1426; Sidewalk; 13.8331; Checking Box AICar
29; Pedestrian; None; None; 31.10.2023 14:51:58; 804.8358; 0.00180006; 241.143; Sidewalk; 13.85833; Checking Box AICar
29; Pedestrian; None; None; 31.10.2023 14:51:58; 804.835; 0.00180006; 241.1433; Sidewalk; 13.88014; Checking Box AICar
29; Pedestrian; None; None; 31.10.2023 14:51:58; 804.8353; 0.00180006; 241.1438; Sidewalk; 13.8993; Checking Box AICar
29; Pedestrian; None; None; 31.10.2023 14:51:58; 804.8348; 0.00180006; 241.1443; Sidewalk; 13.92216; Checking Box AICar
29; Pedestrian; None; None; 31.10.2023 14:51:58; 804.8347; 0.00180006; 241.1445; Sidewalk; 13.93337; Checking Box AICar
29; Pedestrian; None; None; 31.10.2023 14:51:58; 804.8346; 0.00180006; 241.1451; Sidewalk; 13.9553; Checking Box AICar
29; Pedestrian; None; None; 31.10.2023 14:51:58; 804.8333; 0.00180006; 241.1456; Sidewalk; 13.97797; Checking Box AICar
29; Pedestrian; None; None; 31.10.2023 14:51:58; 804.8321; 0.00180006; 241.1462; Sidewalk; 13.99996; Checking Box AICar
29; Pedestrian; None; None; 31.10.2023 14:51:58; 804.8303; 0.00180006; 241.1468; Sidewalk; 14.02577; Checking Box AICar
29; Pedestrian; None; None; 31.10.2023 14:51:58; 804.8294; 0.00180006; 241.1472; Sidewalk; 14.035; Checking Box AICar
29; Pedestrian; None; None; 31.10.2023 14:51:58; 804.8283; 0.00180006; 241.148; Sidewalk; 14.05522; Checking Box AICar
29; Pedestrian; None; None; 31.10.2023 14:51:58; 804.8264; 0.00180006; 241.149; Sidewalk; 14.07769; Checking Box AICar
29; Pedestrian; None; None; 31.10.2023 14:51:58; 804.8239; 0.00180006; 241.1501; Sidewalk; 14.0998; Checking Box AICar
29; Pedestrian; None; None; 31.10.2023 14:51:58; 804.8212; 0.00180006; 241.1514; Sidewalk; 14.12257; Checking Box AICar
29; Pedestrian; None; None; 31.10.2023 14:51:58; 804.8199; 0.00180006; 241.1522; Sidewalk; 14.13483; Checking Box AICar
29; Pedestrian; None; None; 31.10.2023 14:51:58; 804.8178; 0.00180006; 241.154; Sidewalk; 14.15684; Checking Box AICar
29; Pedestrian; None; None; 31.10.2023 14:51:58; 804.8146; 0.00180006; 241.1559; Sidewalk; 14.18102; Checking Box AICar
29; Pedestrian; None; None; 31.10.2023 14:51:58; 804.8104; 0.00180006; 241.1581; Sidewalk; 14.20127; Checking Box AICar
29; Pedestrian; None; None; 31.10.2023 14:51:58; 804.8054; 0.00180006; 241.1608; Sidewalk; 14.22256; Checking Box AICar
29; Pedestrian; None; None; 31.10.2023 14:51:58; 804.8033; 0.00180006; 241.1623; Sidewalk; 14.23413; Checking Box AICar
29; Pedestrian; None; None; 31.10.2023 14:51:58; 804.7962; 0.00180006; 241.1654; Sidewalk; 14.25711; Checking Box AICar
29; Pedestrian; None; None; 31.10.2023 14:51:58; 804.7896; 0.00180006; 241.1686; Sidewalk; 14.279; Checking Box AICar
29; Pedestrian; None; None; 31.10.2023 14:51:58; 804.7823; 0.00180006; 241.1717; Sidewalk; 14.30017; Checking Box AICar
29; Pedestrian; None; None; 31.10.2023 14:51:58; 804.7758; 0.00180006; 241.175; Sidewalk; 14.32599; Checking Box AICar
29; Pedestrian; None; None; 31.10.2023 14:51:58; 804.7723; 0.00180006; 241.1766; Sidewalk; 14.33773; Checking Box AICar
29; Pedestrian; None; None; 31.10.2023 14:51:58; 804.7656; 0.00180006; 241.1795; Sidewalk; 14.35843; Checking Box AICar
29; Pedestrian; None; None; 31.10.2023 14:51:58; 804.7587; 0.00180006; 241.1821; Sidewalk; 14.37682; Checking Box AICar
29; Pedestrian; None; None; 31.10.2023 14:51:58; 804.7519; 0.00180006; 241.1843; Sidewalk; 14.39868; Checking Box AICar
29; Pedestrian; None; None; 31.10.2023 14:51:58; 804.7454; 0.00180006; 241.186; Sidewalk; 14.42155; Checking Box AICar
29; Pedestrian; None; None; 31.10.2023 14:51:58; 804.7422; 0.00180006; 241.1867; Sidewalk; 14.43279; Checking Box AICar
29; Pedestrian; None; None; 31.10.2023 14:51:59; 804.7352; 0.00180006; 241.1879; Sidewalk; 14.4547; Checking Box AICar
29; Pedestrian; None; None; 31.10.2023 14:51:59; 804.7279; 0.00180006; 241.1893; Sidewalk; 14.47946; null
29; Pedestrian; None; None; 31.10.2023 14:51:59; 804.7191; 0.00180006; 241.1907; Sidewalk; 14.5012; null
29; Pedestrian; None; None; 31.10.2023 14:51:59; 804.7099; 0.00180006; 241.1925; Sidewalk; 14.52187; null
29; Pedestrian; None; None; 31.10.2023 14:51:59; 804.7048; 0.00180006; 241.1936; Sidewalk; 14.5325; null
29; Pedestrian; None; None; 31.10.2023 14:51:59; 804.694; 0.00180006; 241.196; Sidewalk; 14.54362; null
29; Pedestrian; None; None; 31.10.2023 14:51:59; 804.684; 0.00180006; 241.1988; Road; 6.679523; null
29; Pedestrian; None; None; 31.10.2023 14:51:59; 804.6732; 0.00180006; 241.2023; Road; 6.702498; null
29; Pedestrian; None; None; 31.10.2023 14:51:59; 804.6677; 0.00180006; 241.2041; Road; 6.713122; null
29; Pedestrian; None; None; 31.10.2023 14:51:59; 804.6626; 0.00180006; 241.2061; Road; 6.724574; null
29; Pedestrian; None; None; 31.10.2023 14:51:59; 804.6461; 0.00180006; 241.2123; Road; 6.766087; null
29; Pedestrian; None; None; 31.10.2023 14:51:59; 804.6361; 0.00180006; 241.2168; Road; 6.781209; null
29; Pedestrian; None; None; 31.10.2023 14:51:59; 804.6271; 0.00180006; 241.2211; Road; 6.8014; null
29; Pedestrian; None; None; 31.10.2023 14:51:59; 804.6187; 0.00180006; 241.225; Road; 6.824005; null
29; Pedestrian; None; None; 31.10.2023 14:51:59; 804.6149; 0.00180006; 241.2267; Road; 6.835008; null
29; Pedestrian; None; None; 31.10.2023 14:51:59; 804.6077; 0.00180006; 241.23; Road; 6.857864; null
29; Pedestrian; None; None; 31.10.2023 14:51:59; 804.6006; 0.00180006; 241.2331; Road; 6.879934; null
29; Pedestrian; None; None; 31.10.2023 14:51:59; 804.5939; 0.00180006; 241.2355; Road; 6.903747; null
29; Pedestrian; None; None; 31.10.2023 14:51:59; 804.5875; 0.00180006; 241.2374; Road; 6.923455; null
29; Pedestrian; None; None; 31.10.2023 14:51:59; 804.5847; 0.00180006; 241.2383; Road; 6.934738; null
29; Pedestrian; None; None; 31.10.2023 14:51:59; 804.5792; 0.00180006; 241.2396; Road; 6.956586; null
29; Pedestrian; None; None; 31.10.2023 14:51:59; 804.5744; 0.00180006; 241.2408; Road; 6.978675; null
29; Pedestrian; None; None; 31.10.2023 14:51:59; 804.5702; 0.00180006; 241.2418; Road; 7.00744; null
29; Pedestrian; None; None; 31.10.2023 14:51:59; 804.567; 0.00180006; 241.2426; Road; 7.024263; null
29; Pedestrian; None; None; 31.10.2023 14:51:59; 804.5656; 0.00180006; 241.2428; Road; 7.034593; null
29; Pedestrian; None; None; 31.10.2023 14:51:59; 804.5625; 0.00180006; 241.2432; Road; 7.062169; null
29; Pedestrian; None; None; 31.10.2023 14:51:59; 804.5601; 0.00180006; 241.2434; Road; 7.079035; null
29; Pedestrian; None; None; 31.10.2023 14:51:59; 804.5571; 0.00180006; 241.2433; Road; 7.101866; null
29; Pedestrian; None; None; 31.10.2023 14:51:59; 804.5541; 0.00180006; 241.243; Road; 7.124062; null
29; Pedestrian; None; None; 31.10.2023 14:51:59; 804.5521; 0.00180006; 241.2426; Road; 7.135695; null
29; Pedestrian; None; None; 31.10.2023 14:51:59; 804.5477; 0.00180006; 241.2417; Road; 7.157475; null
29; Pedestrian; None; None; 31.10.2023 14:51:59; 804.5425; 0.00180006; 241.2404; Road; 7.178759; null
29; Pedestrian; None; None; 31.10.2023 14:51:59; 804.5359; 0.00180006; 241.2389; Road; 7.203851; null
29; Pedestrian; None; None; 31.10.2023 14:51:59; 804.5294; 0.00180006; 241.2375; Road; 7.228127; null
29; Pedestrian; None; None; 31.10.2023 14:51:59; 804.5259; 0.00180006; 241.2367; Road; 7.235867; null
29; Pedestrian; None; None; 31.10.2023 14:51:59; 804.5182; 0.00180006; 241.2351; Road; 7.257027; null
29; Pedestrian; None; None; 31.10.2023 14:51:59; 804.5107; 0.00180006; 241.2335; Road; 7.279267; null
29; Pedestrian; None; None; 31.10.2023 14:51:59; 804.5029; 0.00180006; 241.232; Road; 7.300897; null
29; Pedestrian; None; None; 31.10.2023 14:51:59; 804.4948; 0.00180006; 241.2304; Road; 7.323731; null
29; Pedestrian; None; None; 31.10.2023 14:51:59; 804.4913; 0.00180006; 241.2298; Road; 7.334737; null
29; Pedestrian; None; None; 31.10.2023 14:51:59; 804.4838; 0.00180006; 241.2285; Road; 7.36098; null
29; Pedestrian; None; None; 31.10.2023 14:51:59; 804.4761; 0.00180006; 241.2272; Road; 7.380345; null
29; Pedestrian; None; None; 31.10.2023 14:51:59; 804.4678; 0.00180006; 241.2259; Road; 7.401014; null
29; Pedestrian; None; None; 31.10.2023 14:51:59; 804.4595; 0.00180006; 241.2245; Road; 7.423242; null
29; Pedestrian; None; None; 31.10.2023 14:51:59; 804.4556; 0.00180006; 241.2238; Road; 7.434306; null
29; Pedestrian; None; None; 31.10.2023 14:51:59; 804.448; 0.00180006; 241.2225; Road; 7.456739; null
29; Pedestrian; None; None; 31.10.2023 14:51:59; 804.4404; 0.00180006; 241.2213; Road; 7.479302; Checking Box Human Car
29; Pedestrian; None; None; 31.10.2023 14:51:59; 804.4368; 0.00180006; 241.2206; Road; 7.490417; Checking Box Human Car
29; Pedestrian; None; None; 31.10.2023 14:51:59; 804.4303; 0.00180006; 241.2194; Road; 7.522525; Checking Box Human Car
29; Pedestrian; None; None; 31.10.2023 14:51:59; 804.4233; 0.00180006; 241.2179; Road; 7.543624; Checking Box Human Car
29; Pedestrian; None; None; 31.10.2023 14:52:00; 804.416; 0.00180006; 241.2162; Road; 7.558403; Checking Box Human Car
29; Pedestrian; None; None; 31.10.2023 14:52:00; 804.4077; 0.00180006; 241.2139; Road; 7.578817; Checking Box Human Car
29; Pedestrian; None; None; 31.10.2023 14:52:00; 804.3984; 0.00180006; 241.2107; Road; 7.601994; Checking Box Human Car
29; Pedestrian; None; None; 31.10.2023 14:52:00; 804.3882; 0.00180006; 241.2064; Road; 7.623885; Checking Box Human Car
29; Pedestrian; None; None; 31.10.2023 14:52:00; 804.3831; 0.00180006; 241.2039; Road; 7.63541; Checking Box Human Car
29; Pedestrian; None; None; 31.10.2023 14:52:00; 804.3735; 0.00180006; 241.1982; Road; 7.656625; Checking Box Human Car
29; Pedestrian; None; None; 31.10.2023 14:52:00; 804.3657; 0.00180006; 241.192; Road; 7.681872; Checking Box Human Car
29; Pedestrian; None; None; 31.10.2023 14:52:00; 804.3593; 0.00180006; 241.1852; Road; 7.700707; null
29; Pedestrian; None; None; 31.10.2023 14:52:00; 804.3542; 0.00180006; 241.1781; Road; 7.723341; null
29; Pedestrian; None; None; 31.10.2023 14:52:00; 804.3525; 0.00180006; 241.1743; Road; 7.734648; null
29; Pedestrian; None; None; 31.10.2023 14:52:00; 804.3508; 0.00180006; 241.1669; Road; 7.756746; null
29; Pedestrian; None; None; 31.10.2023 14:52:00; 804.3517; 0.00180006; 241.1597; Road; 7.779016; null
29; Pedestrian; None; None; 31.10.2023 14:52:00; 804.3542; 0.00180006; 241.1524; Road; 7.801087; null
29; Pedestrian; None; None; 31.10.2023 14:52:00; 804.3561; 0.00180006; 241.1489; Road; 7.81301; null
29; Pedestrian; None; None; 31.10.2023 14:52:00; 804.3583; 0.00180006; 241.1456; Road; 7.833494; null
29; Pedestrian; None; None; 31.10.2023 14:52:00; 804.3688; 0.00180006; 241.136; Road; 7.866499; null
29; Pedestrian; None; None; 31.10.2023 14:52:00; 804.378; 0.00180006; 241.1303; Road; 7.88467; null
29; Pedestrian; None; None; 31.10.2023 14:52:00; 804.3888; 0.00180006; 241.1257; Road; 7.901373; null
29; Pedestrian; None; None; 31.10.2023 14:52:00; 804.3998; 0.00180006; 241.1221; Road; 7.923489; null
29; Pedestrian; None; None; 31.10.2023 14:52:00; 804.4056; 0.00180006; 241.1207; Road; 7.935037; null
29; Pedestrian; None; None; 31.10.2023 14:52:00; 804.4158; 0.00180006; 241.1186; Road; 7.957115; Checking Box AICar
29; Pedestrian; None; None; 31.10.2023 14:52:00; 804.421; 0.00180006; 241.1181; Road; 7.968335; Checking Box AICar
29; Pedestrian; None; None; 31.10.2023 14:52:00; 804.4343; 0.00180006; 241.1178; Road; 8.01117; Checking Box AICar
29; Pedestrian; None; None; 31.10.2023 14:52:00; 804.4399; 0.00180006; 241.1185; Road; 8.030057; Checking Box AICar
29; Pedestrian; None; None; 31.10.2023 14:52:00; 804.4424; 0.00180006; 241.119; Road; 8.039501; Checking Box AICar
29; Pedestrian; None; None; 31.10.2023 14:52:00; 804.4467; 0.00180006; 241.1205; Road; 8.057549; Checking Box AICar
29; Pedestrian; None; None; 31.10.2023 14:52:00; 804.4499; 0.00180006; 241.1221; Road; 8.079565; Checking Box AICar
29; Pedestrian; None; None; 31.10.2023 14:52:00; 804.4517; 0.00180006; 241.1242; Road; 8.101656; Checking Box AICar
29; Pedestrian; None; None; 31.10.2023 14:52:00; 804.4529; 0.00180006; 241.1261; Road; 8.124158; Checking Box AICar
29; Pedestrian; None; None; 31.10.2023 14:52:00; 804.4539; 0.00180006; 241.1272; Road; 8.138915; Checking Box AICar
29; Pedestrian; None; None; 31.10.2023 14:52:00; 804.4554; 0.00180006; 241.1291; Road; 8.159842; Checking Box AICar
29; Pedestrian; None; None; 31.10.2023 14:52:00; 804.4579; 0.00180006; 241.131; Road; 8.179779; Checking Box AICar
29; Pedestrian; None; None; 31.10.2023 14:52:00; 804.4598; 0.00180006; 241.1326; Road; 8.20135; Checking Box AICar
29; Pedestrian; None; None; 31.10.2023 14:52:00; 804.4625; 0.00180006; 241.1342; Road; 8.223853; Checking Box AICar
29; Pedestrian; None; None; 31.10.2023 14:52:00; 804.4641; 0.00180006; 241.1349; Road; 8.235057; Checking Box AICar
29; Pedestrian; None; None; 31.10.2023 14:52:00; 804.4681; 0.00180006; 241.1362; Road; 8.257312; Checking Box AICar
29; Pedestrian; None; None; 31.10.2023 14:52:00; 804.4716; 0.00180006; 241.1372; Road; 8.279211; Checking Box AICar
29; Pedestrian; None; None; 31.10.2023 14:52:00; 804.4755; 0.00180006; 241.1381; Road; 8.30526; Checking Box AICar
29; Pedestrian; None; None; 31.10.2023 14:52:00; 804.4789; 0.00180006; 241.139; Road; 8.3268; Checking Box AICar
29; Pedestrian; None; None; 31.10.2023 14:52:00; 804.4803; 0.00180006; 241.1395; Road; 8.335847; Checking Box AICar
29; Pedestrian; None; None; 31.10.2023 14:52:00; 804.4827; 0.00180006; 241.1404; Road; 8.358195; Checking Box AICar
29; Pedestrian; None; None; 31.10.2023 14:52:00; 804.4841; 0.00180006; 241.1413; Road; 8.379238; Checking Box AICar
29; Pedestrian; None; None; 31.10.2023 14:52:00; 804.4857; 0.00180006; 241.1422; Road; 8.401; Checking Box AICar
29; Pedestrian; None; None; 31.10.2023 14:52:00; 804.4858; 0.00180006; 241.1432; Road; 8.424114; Checking Box AICar
29; Pedestrian; None; None; 31.10.2023 14:52:00; 804.4858; 0.00180006; 241.1436; Road; 8.43499; Checking Box AICar
29; Pedestrian; None; None; 31.10.2023 14:52:00; 804.4858; 0.00180006; 241.1443; Road; 8.461467; Checking Box AICar
29; Pedestrian; None; None; 31.10.2023 14:52:00; 804.486; 0.00180006; 241.1449; Road; 8.480268; Checking Box AICar
29; Pedestrian; None; None; 31.10.2023 14:52:00; 804.4858; 0.00180006; 241.1455; Road; 8.50099; Checking Box AICar
29; Pedestrian; None; None; 31.10.2023 14:52:00; 804.4858; 0.00180006; 241.146; Road; 8.52388; Checking Box AICar
29; Pedestrian; None; None; 31.10.2023 14:52:00; 804.4854; 0.00180006; 241.1463; Road; 8.534658; Checking Box AICar
29; Pedestrian; None; None; 31.10.2023 14:52:01; 804.4855; 0.00180006; 241.1467; Road; 8.557149; Checking Box AICar
29; Pedestrian; None; None; 31.10.2023 14:52:01; 804.4857; 0.00180006; 241.147; Road; 8.579021; Checking Box AICar
29; Pedestrian; None; None; 31.10.2023 14:52:01; 804.4851; 0.00180006; 241.1474; Road; 8.604567; Checking Box AICar
29; Pedestrian; None; None; 31.10.2023 14:52:01; 804.4835; 0.00180006; 241.1479; Road; 8.628272; Checking Box AICar
29; Pedestrian; None; None; 31.10.2023 14:52:01; 804.4825; 0.00180006; 241.1483; Road; 8.636954; Checking Box AICar
29; Pedestrian; None; None; 31.10.2023 14:52:01; 804.4798; 0.00180006; 241.1492; Road; 8.656772; Checking Box AICar
29; Pedestrian; None; None; 31.10.2023 14:52:01; 804.4762; 0.00180006; 241.1507; Road; 8.679411; Checking Box AICar
29; Pedestrian; None; None; 31.10.2023 14:52:01; 804.4709; 0.00180006; 241.1524; Road; 8.70146; Checking Box AICar
29; Pedestrian; None; None; 31.10.2023 14:52:01; 804.4654; 0.00180006; 241.1544; Road; 8.72367; Checking Box AICar
29; Pedestrian; None; None; 31.10.2023 14:52:01; 804.4629; 0.00180006; 241.1555; Road; 8.734955; Checking Box AICar
29; Pedestrian; None; None; 31.10.2023 14:52:01; 804.4556; 0.00180006; 241.158; Road; 8.760264; Checking Box AICar
29; Pedestrian; None; None; 31.10.2023 14:52:01; 804.4475; 0.00180006; 241.161; Road; 8.783261; Checking Box AICar
29; Pedestrian; None; None; 31.10.2023 14:52:01; 804.4381; 0.00180006; 241.1648; Road; 8.800955; Checking Box AICar
29; Pedestrian; None; None; 31.10.2023 14:52:01; 804.4277; 0.00180006; 241.1696; Road; 8.823874; Checking Box AICar
29; Pedestrian; None; None; 31.10.2023 14:52:01; 804.4225; 0.00180006; 241.1722; Road; 8.835226; null
29; Pedestrian; None; None; 31.10.2023 14:52:01; 804.4125; 0.00180006; 241.178; Road; 8.857528; Checking Box Human Car
29; Pedestrian; None; None; 31.10.2023 14:52:01; 804.4042; 0.00180006; 241.1839; Road; 8.879609; Checking Box Human Car
29; Pedestrian; None; None; 31.10.2023 14:52:01; 804.4001; 0.00180006; 241.1868; Road; 8.89009; Checking Box Human Car
29; Pedestrian; None; None; 31.10.2023 14:52:01; 804.394; 0.00180006; 241.1927; Road; 8.922319; Checking Box Human Car
29; Pedestrian; None; None; 31.10.2023 14:52:01; 804.3888; 0.00180006; 241.1987; Road; 8.944039; Checking Box Human Car
29; Pedestrian; None; None; 31.10.2023 14:52:01; 804.3849; 0.00180006; 241.2043; Road; 8.959292; Checking Box Human Car
29; Pedestrian; None; None; 31.10.2023 14:52:01; 804.3815; 0.00180006; 241.2099; Road; 8.978774; Checking Box Human Car
29; Pedestrian; None; None; 31.10.2023 14:52:01; 804.3793; 0.00180006; 241.2156; Road; 9.001721; Checking Box Human Car
29; Pedestrian; None; None; 31.10.2023 14:52:01; 804.3769; 0.00180006; 241.2218; Road; 9.022998; Checking Box Human Car
29; Pedestrian; None; None; 31.10.2023 14:52:01; 804.376; 0.00180006; 241.2253; Road; 9.034547; Checking Box Human Car
29; Pedestrian; None; None; 31.10.2023 14:52:01; 804.3735; 0.00180006; 241.2325; Road; 9.057148; Checking Box Human Car
29; Pedestrian; None; None; 31.10.2023 14:52:01; 804.3727; 0.00180006; 241.2408; Road; 9.08076; null
29; Pedestrian; None; None; 31.10.2023 14:52:01; 804.3723; 0.00180006; 241.2496; Road; 9.101361; null
29; Pedestrian; None; None; 31.10.2023 14:52:01; 804.3735; 0.00180006; 241.2587; Road; 9.122722; null
29; Pedestrian; None; None; 31.10.2023 14:52:01; 804.3744; 0.00180006; 241.2633; Road; 9.134095; null
29; Pedestrian; None; None; 31.10.2023 14:52:01; 804.377; 0.00180006; 241.2724; Road; 9.1562; null
29; Pedestrian; None; None; 31.10.2023 14:52:01; 804.3807; 0.00180006; 241.2813; Road; 9.178313; null
29; Pedestrian; None; None; 31.10.2023 14:52:01; 804.3853; 0.00180006; 241.2896; Road; 9.200394; null
29; Pedestrian; None; None; 31.10.2023 14:52:01; 804.3882; 0.00180006; 241.2936; Road; 9.211609; null
29; Pedestrian; None; None; 31.10.2023 14:52:01; 804.3941; 0.00180006; 241.3007; Road; 9.243647; null
29; Pedestrian; None; None; 31.10.2023 14:52:01; 804.4001; 0.00180006; 241.307; Road; 9.259176; null
29; Pedestrian; None; None; 31.10.2023 14:52:01; 804.4062; 0.00180006; 241.3121; Road; 9.277881; null
29; Pedestrian; None; None; 31.10.2023 14:52:01; 804.4111; 0.00180006; 241.3168; Road; 9.300353; null
29; Pedestrian; None; None; 31.10.2023 14:52:01; 804.4156; 0.00180006; 241.3209; Road; 9.322375; null
29; Pedestrian; None; None; 31.10.2023 14:52:01; 804.4173; 0.00180006; 241.3229; Road; 9.333611; null
29; Pedestrian; None; None; 31.10.2023 14:52:01; 804.4205; 0.00180006; 241.3263; Road; 9.356879; null
29; Pedestrian; None; None; 31.10.2023 14:52:01; 804.4229; 0.00180006; 241.3294; Road; 9.381982; null
29; Pedestrian; None; None; 31.10.2023 14:52:01; 804.4249; 0.00180006; 241.332; Road; 9.4032; null
29; Pedestrian; None; None; 31.10.2023 14:52:01; 804.4261; 0.00180006; 241.3345; Road; 9.422331; null
29; Pedestrian; None; None; 31.10.2023 14:52:01; 804.4264; 0.00180006; 241.3356; Road; 9.43356; null
29; Pedestrian; None; None; 31.10.2023 14:52:01; 804.4267; 0.00180006; 241.3376; Road; 9.455733; null
29; Pedestrian; None; None; 31.10.2023 14:52:01; 804.4257; 0.00180006; 241.3391; Road; 9.478098; null
29; Pedestrian; None; None; 31.10.2023 14:52:01; 804.4235; 0.00180006; 241.3404; Road; 9.500136; null
29; Pedestrian; None; None; 31.10.2023 14:52:01; 804.4205; 0.00180006; 241.3416; Road; 9.52244; null
29; Pedestrian; None; None; 31.10.2023 14:52:01; 804.4188; 0.00180006; 241.342; Road; 9.536514; null
29; Pedestrian; None; None; 31.10.2023 14:52:02; 804.4144; 0.00180006; 241.3425; Road; 9.555774; null
29; Pedestrian; None; None; 31.10.2023 14:52:02; 804.4091; 0.00180006; 241.3425; Road; 9.577579; null
29; Pedestrian; None; None; 31.10.2023 14:52:02; 804.4029; 0.00180006; 241.3423; Road; 9.599952; null
29; Pedestrian; None; None; 31.10.2023 14:52:02; 804.3959; 0.00180006; 241.3417; Road; 9.622128; null
29; Pedestrian; None; None; 31.10.2023 14:52:02; 804.3921; 0.00180006; 241.3412; Road; 9.633501; null
29; Pedestrian; None; None; 31.10.2023 14:52:02; 804.3834; 0.00180006; 241.3396; Road; 9.655569; null
29; Pedestrian; None; None; 31.10.2023 14:52:02; 804.3732; 0.00180006; 241.3375; Road; 9.677896; null
29; Pedestrian; None; None; 31.10.2023 14:52:02; 804.3598; 0.00180006; 241.334; Road; 9.702902; null
29; Pedestrian; None; None; 31.10.2023 14:52:02; 804.3435; 0.00180006; 241.3289; Road; 9.722077; null
29; Pedestrian; None; None; 31.10.2023 14:52:02; 804.3354; 0.00180006; 241.3259; Road; 9.734593; null
29; Pedestrian; None; None; 31.10.2023 14:52:02; 804.3197; 0.00180006; 241.3194; Road; 9.757527; null
29; Pedestrian; None; None; 31.10.2023 14:52:02; 804.3026; 0.00180006; 241.312; Road; 9.780172; null
29; Pedestrian; None; None; 31.10.2023 14:52:02; 804.2861; 0.00180006; 241.3036; Road; 9.801939; null
29; Pedestrian; None; None; 31.10.2023 14:52:02; 804.27; 0.00180006; 241.2942; Road; 9.825069; null
29; Pedestrian; None; None; 31.10.2023 14:52:02; 804.2617; 0.00180006; 241.2894; Road; 9.836604; null
29; Pedestrian; None; None; 31.10.2023 14:52:02; 804.2461; 0.00180006; 241.2794; Road; 9.86471; null
29; Pedestrian; None; None; 31.10.2023 14:52:02; 804.2307; 0.00180006; 241.2693; Road; 9.882025; null
29; Pedestrian; None; None; 31.10.2023 14:52:02; 804.2155; 0.00180006; 241.2591; Road; 9.899856; null
29; Pedestrian; None; None; 31.10.2023 14:52:02; 804.2013; 0.00180006; 241.2486; Road; 9.923548; null
29; Pedestrian; None; None; 31.10.2023 14:52:02; 804.1938; 0.00180006; 241.2433; Road; 9.933595; null
29; Pedestrian; None; None; 31.10.2023 14:52:02; 804.1794; 0.00180006; 241.2329; Road; 9.955829; null
29; Pedestrian; None; None; 31.10.2023 14:52:02; 804.165; 0.00180006; 241.2222; Road; 9.978207; null
29; Pedestrian; None; None; 31.10.2023 14:52:02; 804.1506; 0.00180006; 241.2112; Road; 10.00332; null
29; Pedestrian; None; None; 31.10.2023 14:52:02; 804.1363; 0.00180006; 241.2001; Road; 10.02435; null
29; Pedestrian; None; None; 31.10.2023 14:52:02; 804.129; 0.00180006; 241.1946; Road; 10.03387; null
29; Pedestrian; None; None; 31.10.2023 14:52:02; 804.114; 0.00180006; 241.1838; Road; 10.05622; null
29; Pedestrian; None; None; 31.10.2023 14:52:02; 804.0975; 0.00180006; 241.173; Road; 10.07891; null
29; Pedestrian; None; None; 31.10.2023 14:52:02; 804.0801; 0.00180006; 241.163; Road; 10.10142; Checking Box AICar
29; Pedestrian; None; None; 31.10.2023 14:52:02; 804.0609; 0.00180006; 241.1537; Road; 10.12277; Checking Box AICar
29; Pedestrian; None; None; 31.10.2023 14:52:02; 804.0507; 0.00180006; 241.1491; Road; 10.1341; Checking Box AICar
29; Pedestrian; None; None; 31.10.2023 14:52:02; 804.0393; 0.00180006; 241.1448; Road; 10.14543; Checking Box AICar
29; Pedestrian; None; None; 31.10.2023 14:52:02; 804.0052; 0.00180006; 241.1324; Road; 10.18848; Checking Box AICar
29; Pedestrian; None; None; 31.10.2023 14:52:02; 803.9786; 0.00180006; 241.1242; Road; 10.20531; Checking Box AICar
29; Pedestrian; None; None; 31.10.2023 14:52:02; 803.9499; 0.00180006; 241.1167; Road; 10.22287; Checking Box AICar
29; Pedestrian; None; None; 31.10.2023 14:52:02; 803.9349; 0.00180006; 241.1129; Road; 10.23497; Checking Box AICar
29; Pedestrian; None; None; 31.10.2023 14:52:02; 803.9029; 0.00180006; 241.1059; Road; 10.25703; Checking Box AICar
29; Pedestrian; None; None; 31.10.2023 14:52:02; 803.8698; 0.00180006; 241.099; Road; 10.27858; Checking Box AICar
29; Pedestrian; None; None; 31.10.2023 14:52:02; 803.8356; 0.00180006; 241.0925; Road; 10.30087; Checking Box AICar
29; Pedestrian; None; None; 31.10.2023 14:52:02; 803.8013; 0.00180006; 241.0867; Road; 10.32834; Checking Box AICar
29; Pedestrian; None; None; 31.10.2023 14:52:02; 803.7841; 0.00180006; 241.0838; Road; 10.33721; Checking Box AICar
29; Pedestrian; None; None; 31.10.2023 14:52:02; 803.7487; 0.00180006; 241.0788; Road; 10.35637; Checking Box AICar
29; Pedestrian; None; None; 31.10.2023 14:52:02; 803.7145; 0.00180006; 241.0745; Road; 10.37837; Checking Box AICar
29; Pedestrian; None; None; 31.10.2023 14:52:02; 803.6801; 0.00180006; 241.0708; Road; 10.40129; Checking Box AICar
29; Pedestrian; None; None; 31.10.2023 14:52:02; 803.6462; 0.00180006; 241.0676; Road; 10.42344; Checking Box AICar
29; Pedestrian; None; None; 31.10.2023 14:52:02; 803.6295; 0.00180006; 241.0662; Road; 10.43404; Checking Box AICar
29; Pedestrian; None; None; 31.10.2023 14:52:02; 803.595; 0.00180006; 241.0641; Road; 10.45655; Checking Box AICar
29; Pedestrian; None; None; 31.10.2023 14:52:02; 803.5601; 0.00180006; 241.0627; Road; 10.4824; Checking Box AICar
29; Pedestrian; None; None; 31.10.2023 14:52:02; 803.5242; 0.00180006; 241.0621; Road; 10.5002; Checking Box AICar
29; Pedestrian; None; None; 31.10.2023 14:52:02; 803.4868; 0.00180006; 241.0622; Road; 10.52268; Checking Box AICar
29; Pedestrian; None; None; 31.10.2023 14:52:02; 803.468; 0.00180006; 241.0624; Road; 10.53469; Checking Box AICar
29; Pedestrian; None; None; 31.10.2023 14:52:03; 803.4294; 0.00180006; 241.0637; Road; 10.55603; Checking Box AICar
29; Pedestrian; None; None; 31.10.2023 14:52:03; 803.3906; 0.00180006; 241.0659; Road; 10.57886; Checking Box AICar
29; Pedestrian; None; None; 31.10.2023 14:52:03; 803.3503; 0.00180006; 241.0691; Road; 10.60116; Checking Box AICar
29; Pedestrian; None; None; 31.10.2023 14:52:03; 803.31; 0.00180006; 241.0735; Road; 10.62683; null
29; Pedestrian; None; None; 31.10.2023 14:52:03; 803.2898; 0.00180006; 241.0762; Road; 10.63886; null
29; Pedestrian; None; None; 31.10.2023 14:52:03; 803.2491; 0.00180006; 241.0821; Road; 10.65702; null
29; Pedestrian; None; None; 31.10.2023 14:52:03; 803.2091; 0.00180006; 241.0889; Road; 10.67867; null
29; Pedestrian; None; None; 31.10.2023 14:52:03; 803.17; 0.00180006; 241.0966; Road; 10.7003; null
29; Pedestrian; None; None; 31.10.2023 14:52:03; 803.1318; 0.00180006; 241.1047; Road; 10.72391; null
29; Pedestrian; None; None; 31.10.2023 14:52:03; 803.1133; 0.00180006; 241.1091; Road; 10.73452; null
29; Pedestrian; None; None; 31.10.2023 14:52:03; 803.0735; 0.00180006; 241.1172; Road; 10.75625; null
29; Pedestrian; None; None; 31.10.2023 14:52:03; 803.0535; 0.00180006; 241.1217; Road; 10.76782; null
29; Pedestrian; None; None; 31.10.2023 14:52:03; 803.0008; 0.00180006; 241.1355; Road; 10.81052; null
29; Pedestrian; None; None; 31.10.2023 14:52:03; 802.9678; 0.00180006; 241.1449; Road; 10.82792; null
29; Pedestrian; None; None; 31.10.2023 14:52:03; 802.9515; 0.00180006; 241.1495; Road; 10.8359; null
29; Pedestrian; None; None; 31.10.2023 14:52:03; 802.9205; 0.00180006; 241.1588; Road; 10.85553; null
29; Pedestrian; None; None; 31.10.2023 14:52:03; 802.8906; 0.00180006; 241.1682; Road; 10.87969; null
29; Pedestrian; None; None; 31.10.2023 14:52:03; 802.859; 0.00180006; 241.177; Road; 10.90007; null
29; Pedestrian; None; None; 31.10.2023 14:52:03; 802.8253; 0.00180006; 241.1853; Road; 10.92229; null
29; Pedestrian; None; None; 31.10.2023 14:52:03; 802.8074; 0.00180006; 241.1892; Road; 10.93687; null
29; Pedestrian; None; None; 31.10.2023 14:52:03; 802.7753; 0.00180006; 241.1972; Road; 10.95945; null
29; Pedestrian; None; None; 31.10.2023 14:52:03; 802.7435; 0.00180006; 241.2051; Road; 10.9774; null
29; Pedestrian; None; None; 31.10.2023 14:52:03; 802.7139; 0.00180006; 241.2134; Road; 10.9996; null
29; Pedestrian; None; None; 31.10.2023 14:52:03; 802.6857; 0.00180006; 241.2217; Road; 11.02177; null
29; Pedestrian; None; None; 31.10.2023 14:52:03; 802.6725; 0.00180006; 241.2259; Road; 11.03296; null
29; Pedestrian; None; None; 31.10.2023 14:52:03; 802.6472; 0.00180006; 241.234; Road; 11.05505; null
29; Pedestrian; None; None; 31.10.2023 14:52:03; 802.6214; 0.00180006; 241.2411; Road; 11.07768; null
29; Pedestrian; None; None; 31.10.2023 14:52:03; 802.5845; 0.00180006; 241.2499; Road; 11.11114; null
29; Pedestrian; None; None; 31.10.2023 14:52:03; 802.5717; 0.00180006; 241.2525; Road; 11.12136; null
29; Pedestrian; None; None; 31.10.2023 14:52:03; 802.5588; 0.00180006; 241.2545; Road; 11.13275; null
29; Pedestrian; None; None; 31.10.2023 14:52:03; 802.5321; 0.00180006; 241.2583; Road; 11.15496; null
29; Pedestrian; None; None; 31.10.2023 14:52:03; 802.5057; 0.00180006; 241.2611; Road; 11.17733; null
29; Pedestrian; None; None; 31.10.2023 14:52:03; 802.4778; 0.00180006; 241.2627; Road; 11.1998; null
29; Pedestrian; None; None; 31.10.2023 14:52:03; 802.4485; 0.00180006; 241.2633; Road; 11.22162; null
29; Pedestrian; None; None; 31.10.2023 14:52:03; 802.4336; 0.00180006; 241.2634; Road; 11.23318; null
29; Pedestrian; None; None; 31.10.2023 14:52:03; 802.402; 0.00180006; 241.2626; Road; 11.25779; null
29; Pedestrian; None; None; 31.10.2023 14:52:03; 802.3477; 0.00180006; 241.2588; Road; 11.28802; null
29; Pedestrian; None; None; 31.10.2023 14:52:03; 802.3085; 0.00180006; 241.2553; Road; 11.31061; null
29; Pedestrian; None; None; 31.10.2023 14:52:03; 802.2892; 0.00180006; 241.2535; Road; 11.32109; null
29; Pedestrian; None; None; 31.10.2023 14:52:03; 802.2684; 0.00180006; 241.2511; Road; 11.33287; null
29; Pedestrian; None; None; 31.10.2023 14:52:03; 802.2274; 0.00180006; 241.2461; Road; 11.35511; null
29; Pedestrian; None; None; 31.10.2023 14:52:03; 802.1836; 0.00180006; 241.2401; Road; 11.37827; null
29; Pedestrian; None; None; 31.10.2023 14:52:03; 802.1384; 0.00180006; 241.2331; Road; 11.40382; null
29; Pedestrian; None; None; 31.10.2023 14:52:03; 802.0926; 0.00180006; 241.2255; Road; 11.42789; null
29; Pedestrian; None; None; 31.10.2023 14:52:03; 802.0687; 0.00180006; 241.2213; Road; 11.43601; null
29; Pedestrian; None; None; 31.10.2023 14:52:03; 802.0196; 0.00180006; 241.212; Road; 11.45509; null
29; Pedestrian; None; None; 31.10.2023 14:52:03; 801.9682; 0.00180006; 241.2014; Road; 11.47712; null
29; Pedestrian; None; None; 31.10.2023 14:52:03; 801.9168; 0.00180006; 241.19; Road; 11.49948; null
29; Pedestrian; None; None; 31.10.2023 14:52:03; 801.864; 0.00180006; 241.1776; Road; 11.52144; null
29; Pedestrian; None; None; 31.10.2023 14:52:03; 801.8372; 0.00180006; 241.1708; Road; 11.53317; null
29; Pedestrian; None; None; 31.10.2023 14:52:04; 801.7831; 0.00180006; 241.1572; Road; 11.55768; null
29; Pedestrian; None; None; 31.10.2023 14:52:04; 801.7313; 0.00180006; 241.1434; Road; 11.57724; null
29; Pedestrian; None; None; 31.10.2023 14:52:04; 801.6798; 0.00180006; 241.1293; Road; 11.59945; null
29; Pedestrian; None; None; 31.10.2023 14:52:04; 801.6324; 0.00180006; 241.1156; Road; 11.62161; null
29; Pedestrian; None; None; 31.10.2023 14:52:04; 801.6093; 0.00180006; 241.1088; Road; 11.63368; null
29; Pedestrian; None; None; 31.10.2023 14:52:04; 801.5666; 0.00180006; 241.0971; Road; 11.65505; null
29; Pedestrian; None; None; 31.10.2023 14:52:04; 801.5225; 0.00180006; 241.0863; Road; 11.6777; null
29; Pedestrian; None; None; 31.10.2023 14:52:04; 801.4802; 0.00180006; 241.077; Road; 11.7003; null
29; Pedestrian; None; None; 31.10.2023 14:52:04; 801.4372; 0.00180006; 241.069; Road; 11.72463; null
29; Pedestrian; None; None; 31.10.2023 14:52:04; 801.4163; 0.00180006; 241.0653; Road; 11.73598; null
29; Pedestrian; None; None; 31.10.2023 14:52:04; 801.3737; 0.00180006; 241.0587; Road; 11.75535; null
29; Pedestrian; None; None; 31.10.2023 14:52:04; 801.3316; 0.00180006; 241.0533; Road; 11.77754; null
29; Pedestrian; None; None; 31.10.2023 14:52:04; 801.2901; 0.00180006; 241.0491; Road; 11.80007; null
29; Pedestrian; None; None; 31.10.2023 14:52:04; 801.2481; 0.00180006; 241.0457; Road; 11.82327; null
29; Pedestrian; None; None; 31.10.2023 14:52:04; 801.2267; 0.00180006; 241.0441; Road; 11.8345; null
29; Pedestrian; None; None; 31.10.2023 14:52:04; 801.1851; 0.00180006; 241.0413; Road; 11.85652; null
29; Pedestrian; None; None; 31.10.2023 14:52:04; 801.1629; 0.00180006; 241.0401; Road; 11.87098; null
29; Pedestrian; None; None; 31.10.2023 14:52:04; 801.1629; 0.00180006; 241.0401; Road; 11.87098; null
29; Pedestrian; None; None; 31.10.2023 14:52:04; 801.0754; 0.00180006; 241.0364; Road; 11.88261; null
29; Pedestrian; None; None; 31.10.2023 14:52:04; 801.0537; 0.00180006; 241.0361; Road; 11.92638; null
29; Pedestrian; None; None; 31.10.2023 14:52:04; 800.9879; 0.00180006; 241.0342; Road; 11.95625; null
29; Pedestrian; None; None; 31.10.2023 14:52:04; 800.941; 0.00180006; 241.0333; Road; 11.97933; null
29; Pedestrian; None; None; 31.10.2023 14:52:04; 800.894; 0.00180006; 241.0327; Road; 12.00051; null
29; Pedestrian; None; None; 31.10.2023 14:52:04; 800.8468; 0.00180006; 241.0324; Road; 12.02714; null
29; Pedestrian; None; None; 31.10.2023 14:52:04; 800.8226; 0.00180006; 241.0324; Road; 12.03989; null
29; Pedestrian; None; None; 31.10.2023 14:52:04; 800.7749; 0.00180006; 241.0331; Road; 12.05895; null
29; Pedestrian; None; None; 31.10.2023 14:52:04; 800.7248; 0.00180006; 241.034; Road; 12.07711; null
29; Pedestrian; None; None; 31.10.2023 14:52:04; 800.6747; 0.00180006; 241.0352; Road; 12.09932; null
29; Pedestrian; None; None; 31.10.2023 14:52:04; 800.6255; 0.00180006; 241.0367; Road; 12.12161; null
29; Pedestrian; None; None; 31.10.2023 14:52:04; 800.5999; 0.00180006; 241.0375; Road; 12.13299; null
29; Pedestrian; None; None; 31.10.2023 14:52:04; 800.5492; 0.00180006; 241.0393; Road; 12.15534; null
29; Pedestrian; None; None; 31.10.2023 14:52:04; 800.4982; 0.00180006; 241.0412; Road; 12.18089; null
29; Pedestrian; None; None; 31.10.2023 14:52:04; 800.4454; 0.00180006; 241.0426; Road; 12.20213; null
29; Pedestrian; None; None; 31.10.2023 14:52:04; 800.3938; 0.00180006; 241.0437; Road; 12.22217; null
29; Pedestrian; None; None; 31.10.2023 14:52:04; 800.3691; 0.00180006; 241.0441; Road; 12.23354; null
29; Pedestrian; None; None; 31.10.2023 14:52:04; 800.3226; 0.00180006; 241.0449; Road; 12.25636; null
29; Pedestrian; None; None; 31.10.2023 14:52:04; 800.2516; 0.00180006; 241.0445; Road; 12.28829; null
29; Pedestrian; None; None; 31.10.2023 14:52:04; 800.2297; 0.00180006; 241.0444; Road; 12.29917; null
29; Pedestrian; None; None; 31.10.2023 14:52:04; 800.1843; 0.00180006; 241.043; Road; 12.32211; null
29; Pedestrian; None; None; 31.10.2023 14:52:04; 800.1615; 0.00180006; 241.0422; Road; 12.33683; null
29; Pedestrian; None; None; 31.10.2023 14:52:04; 800.118; 0.00180006; 241.0402; Road; 12.35786; null
29; Pedestrian; None; None; 31.10.2023 14:52:04; 800.0742; 0.00180006; 241.0377; Road; 12.37728; null
29; Pedestrian; None; None; 31.10.2023 14:52:04; 800.008; 0.00180006; 241.033; Road; 12.41064; null
29; Pedestrian; None; None; 31.10.2023 14:52:04; 799.9649; 0.00180006; 241.0294; Road; 12.43262; null
29; Pedestrian; None; None; 31.10.2023 14:52:04; 799.9649; 0.00180006; 241.0294; Road; 12.43262; null
29; Pedestrian; None; None; 31.10.2023 14:52:04; 799.9214; 0.00180006; 241.0252; Road; 12.45553; null
29; Pedestrian; None; None; 31.10.2023 14:52:04; 799.8784; 0.00180006; 241.0208; Road; 12.47833; null
29; Pedestrian; None; None; 31.10.2023 14:52:04; 799.8344; 0.00180006; 241.0159; Road; 12.5024; null
29; Pedestrian; None; None; 31.10.2023 14:52:04; 799.7918; 0.00180006; 241.011; Road; 12.52214; null
29; Pedestrian; None; None; 31.10.2023 14:52:04; 799.7693; 0.00180006; 241.0083; Road; 12.53327; null
29; Pedestrian; None; None; 31.10.2023 14:52:05; 799.7252; 0.00180006; 241.0028; Road; 12.55584; null
29; Pedestrian; None; None; 31.10.2023 14:52:05; 799.6801; 0.00180006; 240.9968; Road; 12.57808; null
29; Pedestrian; None; None; 31.10.2023 14:52:05; 799.6354; 0.00180006; 240.9905; Road; 12.60023; null
29; Pedestrian; None; None; 31.10.2023 14:52:05; 799.5919; 0.00180006; 240.9842; Road; 12.62193; null
29; Pedestrian; None; None; 31.10.2023 14:52:05; 799.5706; 0.00180006; 240.981; Road; 12.63359; null
29; Pedestrian; None; None; 31.10.2023 14:52:05; 799.5267; 0.00180006; 240.9741; Road; 12.65851; null
29; Pedestrian; None; None; 31.10.2023 14:52:05; 799.4813; 0.00180006; 240.9668; Road; 12.678; null
29; Pedestrian; None; None; 31.10.2023 14:52:05; 799.4302; 0.00180006; 240.9584; Road; 12.70004; null
29; Pedestrian; None; None; 31.10.2023 14:52:05; 799.3825; 0.00180006; 240.9507; Road; 12.72263; null
29; Pedestrian; None; None; 31.10.2023 14:52:05; 799.3582; 0.00180006; 240.9467; Road; 12.73406; null
29; Pedestrian; None; None; 31.10.2023 14:52:05; 799.3067; 0.00180006; 240.9386; Road; 12.7563; null
29; Pedestrian; None; None; 31.10.2023 14:52:05; 799.2569; 0.00180006; 240.9311; Road; 12.77971; null
29; Pedestrian; None; None; 31.10.2023 14:52:05; 799.2082; 0.00180006; 240.9238; Road; 12.80447; null
29; Pedestrian; None; None; 31.10.2023 14:52:05; 799.1638; 0.00180006; 240.9176; Road; 12.82724; null
29; Pedestrian; None; None; 31.10.2023 14:52:05; 799.1412; 0.00180006; 240.9144; Road; 12.83668; null
29; Pedestrian; None; None; 31.10.2023 14:52:05; 799.0981; 0.00180006; 240.909; Road; 12.85594; null
29; Pedestrian; None; None; 31.10.2023 14:52:05; 799.0551; 0.00180006; 240.9039; Road; 12.87971; null
29; Pedestrian; None; None; 31.10.2023 14:52:05; 799.0121; 0.00180006; 240.8993; Road; 12.90017; null
29; Pedestrian; None; None; 31.10.2023 14:52:05; 798.97; 0.00180006; 240.8955; Road; 12.92257; null
29; Pedestrian; None; None; 31.10.2023 14:52:05; 798.949; 0.00180006; 240.8938; Road; 12.93357; null
29; Pedestrian; None; None; 31.10.2023 14:52:05; 798.9075; 0.00180006; 240.8906; Road; 12.95885; null
29; Pedestrian; None; None; 31.10.2023 14:52:05; 798.8663; 0.00180006; 240.8878; Road; 12.9784; null
29; Pedestrian; None; None; 31.10.2023 14:52:05; 798.8248; 0.00180006; 240.8853; Road; 13.00002; null
29; Pedestrian; None; None; 31.10.2023 14:52:05; 798.7838; 0.00180006; 240.8831; Road; 13.02222; null
29; Pedestrian; None; None; 31.10.2023 14:52:05; 798.7635; 0.00180006; 240.8822; Road; 13.03388; null
29; Pedestrian; None; None; 31.10.2023 14:52:05; 798.7233; 0.00180006; 240.8807; Road; 13.0559; null
29; Pedestrian; None; None; 31.10.2023 14:52:05; 798.6818; 0.00180006; 240.8794; Road; 13.07807; null
29; Pedestrian; None; None; 31.10.2023 14:52:05; 798.64; 0.00180006; 240.8786; Road; 13.10101; null
29; Pedestrian; None; None; 31.10.2023 14:52:05; 798.5968; 0.00180006; 240.8778; Road; 13.12539; null
29; Pedestrian; None; None; 31.10.2023 14:52:05; 798.5749; 0.00180006; 240.8775; Road; 13.1338; null
29; Pedestrian; None; None; 31.10.2023 14:52:05; 798.5309; 0.00180006; 240.8772; Road; 13.15576; null
29; Pedestrian; None; None; 31.10.2023 14:52:05; 798.4859; 0.00180006; 240.8771; Road; 13.17787; null
29; Pedestrian; None; None; 31.10.2023 14:52:05; 798.4395; 0.00180006; 240.8773; Road; 13.20034; null
29; Pedestrian; None; None; 31.10.2023 14:52:05; 798.3917; 0.00180006; 240.8776; Road; 13.22293; null
29; Pedestrian; None; None; 31.10.2023 14:52:05; 798.3679; 0.00180006; 240.878; Road; 13.23526; null
29; Pedestrian; None; None; 31.10.2023 14:52:05; 798.3183; 0.00180006; 240.879; Road; 13.25705; null
29; Pedestrian; None; None; 31.10.2023 14:52:05; 798.2675; 0.00180006; 240.8801; Road; 13.28275; null
29; Pedestrian; None; None; 31.10.2023 14:52:05; 798.2159; 0.00180006; 240.8815; Road; 13.30202; null
29; Pedestrian; None; None; 31.10.2023 14:52:05; 798.1635; 0.00180006; 240.8835; Road; 13.3243; null
29; Pedestrian; None; None; 31.10.2023 14:52:05; 798.1367; 0.00180006; 240.8845; Road; 13.33576; null
29; Pedestrian; None; None; 31.10.2023 14:52:05; 798.0828; 0.00180006; 240.8867; Road; 13.35793; null
29; Pedestrian; None; None; 31.10.2023 14:52:05; 798.0295; 0.00180006; 240.8892; Road; 13.37999; null
29; Pedestrian; None; None; 31.10.2023 14:52:05; 797.9752; 0.00180006; 240.8917; Road; 13.40238; null
29; Pedestrian; None; None; 31.10.2023 14:52:05; 797.9197; 0.00180006; 240.8942; Road; 13.4269; null
29; Pedestrian; None; None; 31.10.2023 14:52:05; 797.8913; 0.00180006; 240.8953; Road; 13.43912; null
29; Pedestrian; None; None; 31.10.2023 14:52:05; 797.8357; 0.00180006; 240.8974; Road; 13.45707; null
29; Pedestrian; None; None; 31.10.2023 14:52:05; 797.7826; 0.00180006; 240.899; Road; 13.47794; null
29; Pedestrian; None; None; 31.10.2023 14:52:05; 797.7313; 0.00180006; 240.8999; Road; 13.49981; null
29; Pedestrian; None; None; 31.10.2023 14:52:05; 797.6826; 0.00180006; 240.9004; Road; 13.52219; null
29; Pedestrian; None; None; 31.10.2023 14:52:05; 797.6587; 0.00180006; 240.9004; Road; 13.53335; null
29; Pedestrian; None; None; 31.10.2023 14:52:06; 797.6114; 0.00180006; 240.8999; Road; 13.55546; null
29; Pedestrian; None; None; 31.10.2023 14:52:06; 797.5643; 0.00180006; 240.899; Road; 13.5813; null
29; Pedestrian; None; None; 31.10.2023 14:52:06; 797.5179; 0.00180006; 240.8978; Road; 13.60317; null
29; Pedestrian; None; None; 31.10.2023 14:52:06; 797.4727; 0.00180006; 240.8964; Road; 13.62271; null
29; Pedestrian; None; None; 31.10.2023 14:52:06; 797.451; 0.00180006; 240.8956; Road; 13.63328; null
29; Pedestrian; None; None; 31.10.2023 14:52:06; 797.407; 0.00180006; 240.8936; Road; 13.65541; null
29; Pedestrian; None; None; 31.10.2023 14:52:06; 797.3644; 0.00180006; 240.8912; Road; 13.67727; null
29; Pedestrian; None; None; 31.10.2023 14:52:06; 797.3217; 0.00180006; 240.8887; Road; 13.70026; null
29; Pedestrian; None; None; 31.10.2023 14:52:06; 797.2785; 0.00180006; 240.8856; Road; 13.72237; null
29; Pedestrian; None; None; 31.10.2023 14:52:06; 797.2574; 0.00180006; 240.884; Road; 13.73752; null
29; Pedestrian; None; None; 31.10.2023 14:52:06; 797.1949; 0.00180006; 240.8793; Road; 13.76813; null
29; Pedestrian; None; None; 31.10.2023 14:52:06; 797.1534; 0.00180006; 240.8759; Road; 13.78738; null
29; Pedestrian; None; None; 31.10.2023 14:52:06; 797.112; 0.00180006; 240.8722; Road; 13.81031; null
29; Pedestrian; None; None; 31.10.2023 14:52:06; 797.072; 0.00180006; 240.8685; Road; 13.83176; null
29; Pedestrian; None; None; 31.10.2023 14:52:06; 797.0516; 0.00180006; 240.8665; Road; 13.84304; null
29; Pedestrian; None; None; 31.10.2023 14:52:06; 797.0119; 0.00180006; 240.8623; Road; 13.86516; null
29; Pedestrian; None; None; 31.10.2023 14:52:06; 796.9924; 0.00180006; 240.8602; Road; 13.87643; null
29; Pedestrian; None; None; 31.10.2023 14:52:06; 796.9537; 0.00180006; 240.8558; Road; 13.90445; null
29; Pedestrian; None; None; 31.10.2023 14:52:06; 796.894; 0.00180006; 240.8486; Road; 13.93197; null
29; Pedestrian; None; None; 31.10.2023 14:52:06; 796.8739; 0.00180006; 240.8464; Road; 13.94289; null
29; Pedestrian; None; None; 31.10.2023 14:52:06; 796.8336; 0.00180006; 240.8419;  After Road; 0; null
29; Pedestrian; None; None; 31.10.2023 14:52:06; 796.7933; 0.00180006; 240.8376;  After Road; 0.0224822; null
29; Pedestrian; None; None; 31.10.2023 14:52:06; 796.7526; 0.00180006; 240.8335;  After Road; 0.0446433; null
29; Pedestrian; None; None; 31.10.2023 14:52:06; 796.7323; 0.00180006; 240.8315;  After Road; 0.0558768; null
29; Pedestrian; None; None; 31.10.2023 14:52:06; 796.7126; 0.00180006; 240.8298;  After Road; 0.0668091; null
29; Pedestrian; None; None; 31.10.2023 14:52:06; 796.6756; 0.00180006; 240.8269;  After Road; 0.09366541; null
