user_id; scenario; distraction; ehmi; timestamp; userPositionX; userPositionY; userPositionZ; playerPositon; time; focused object
27; Driver; Interference; Intention; 30.10.2023 10:54:09; 850; 0.0960815; 203; HI; null
27; Driver; Interference; Intention; 30.10.2023 10:54:09; 850; 0.09269609; 203; Before; 0.02; null
27; Driver; Interference; Intention; 30.10.2023 10:54:10; 850; 0.07529796; 203; Before; 0.02; null
27; Driver; Interference; Intention; 30.10.2023 10:54:10; 850; 0.05768705; 203; Before; 0.02; null
27; Driver; Interference; Intention; 30.10.2023 10:54:10; 850; 0.03527888; 203; Before; 0.02; null
27; Driver; Interference; Intention; 30.10.2023 10:54:10; 850; 0.02227915; 203; Before; 0.02; null
27; Driver; Interference; Intention; 30.10.2023 10:54:10; 850; -0.005056463; 203; Before; 0.02; null
27; Driver; Interference; Intention; 30.10.2023 10:54:10; 850; -0.02595098; 203; Before; 0.02; null
27; Driver; Interference; Intention; 30.10.2023 10:54:10; 850; -0.03948666; 203; Before; 0.02; null
27; Driver; Interference; Intention; 30.10.2023 10:54:10; 850; -0.04622336; 203; Before; 0.02; null
27; Driver; Interference; Intention; 30.10.2023 10:54:10; 850; -0.04738848; 203; Before; 0.02; null
27; Driver; Interference; Intention; 30.10.2023 10:54:10; 850; -0.04619898; 203; Before; 0.02; null
27; Driver; Interference; Intention; 30.10.2023 10:54:10; 850; -0.04158631; 203; Before; 0.02; null
27; Driver; Interference; Intention; 30.10.2023 10:54:10; 850; -0.03501777; 203; Before; 0.02; null
27; Driver; Interference; Intention; 30.10.2023 10:54:10; 850; -0.02776622; 203; Before; 0.02; null
27; Driver; Interference; Intention; 30.10.2023 10:54:10; 850; -0.02420648; 203; Before; 0.02; null
27; Driver; Interference; Intention; 30.10.2023 10:54:10; 850; -0.017693; 203; Before; 0.02; null
27; Driver; Interference; Intention; 30.10.2023 10:54:10; 850; -0.01239446; 203; Before; 0.02; null
27; Driver; Interference; Intention; 30.10.2023 10:54:10; 850; -0.008560622; 203; Before; 0.04; null
27; Driver; Interference; Intention; 30.10.2023 10:54:10; 850; -0.006200071; 203; Before; 0.04; null
27; Driver; Interference; Intention; 30.10.2023 10:54:10; 850; -0.005529827; 203; Before; 0.04; null
27; Driver; Interference; Intention; 30.10.2023 10:54:10; 850; -0.005060979; 203; Before; 0.04; null
27; Driver; Interference; Intention; 30.10.2023 10:54:10; 850; -0.005190388; 203; Before; 0.3733333; null
27; Driver; Interference; Intention; 30.10.2023 10:54:10; 850; -0.006574641; 203; Before; 0.3733333; null
27; Driver; Interference; Intention; 30.10.2023 10:54:10; 850; -0.00796352; 203; Before; 0.4605469; null
27; Driver; Interference; Intention; 30.10.2023 10:54:10; 850; -0.008701999; 203; Before; 0.4942853; null
27; Driver; Interference; Intention; 30.10.2023 10:54:10; 850; -0.0101408; 203; Before; 0.5139084; null
27; Driver; Interference; Intention; 30.10.2023 10:54:10; 850; -0.01080364; 203; Before; 0.5491758; null
27; Driver; Interference; Intention; 30.10.2023 10:54:10; 850; -0.01241493; 203; Before; 0.564397; null
27; Driver; Interference; Intention; 30.10.2023 10:54:10; 850; -0.01280572; 203; Before; 0.5926698; null
27; Driver; Interference; Intention; 30.10.2023 10:54:10; 850; -0.01336099; 203; Before; 0.5926698; null
27; Driver; Interference; Intention; 30.10.2023 10:54:10; 850; -0.01363722; 203; Before; 0.6246378; null
27; Driver; Interference; Intention; 30.10.2023 10:54:10; 850; -0.01368169; 203; Before; 0.6394641; null
27; Driver; Interference; Intention; 30.10.2023 10:54:10; 850; -0.01363541; 203; Before; 0.6668369; null
27; Driver; Interference; Intention; 30.10.2023 10:54:10; 850; -0.01331621; 203; Before; 0.6821865; null
27; Driver; Interference; Intention; 30.10.2023 10:54:10; 850; -0.01317421; 203; Before; 0.6974133; null
27; Driver; Interference; Intention; 30.10.2023 10:54:11; 850; -0.01287497; 203; Before; 0.7106667; null
27; Driver; Interference; Intention; 30.10.2023 10:54:11; 850; -0.01258769; 203; Before; 0.7106667; null
27; Driver; Interference; Intention; 30.10.2023 10:54:11; 850; -0.01234046; 203; Before; 0.7106667; null
27; Driver; Interference; Intention; 30.10.2023 10:54:11; 850; -0.0121492; 203; Before; 0.7106667; null
27; Driver; Interference; Intention; 30.10.2023 10:54:11; 850; -0.01207655; 203; Before; 0.7106667; null
27; Driver; Interference; Intention; 30.10.2023 10:54:11; 850; -0.01197649; 203; Before; 0.7106667; null
27; Driver; Interference; Intention; 30.10.2023 10:54:11; 850; -0.0119312; 203; Before; 0.7260315; null
27; Driver; Interference; Intention; 30.10.2023 10:54:11; 850; -0.0119303; 203; Before; 0.8429091; null
27; Driver; Interference; Intention; 30.10.2023 10:54:11; 850; -0.01194269; 203; Before; 0.8888415; null
27; Driver; Interference; Intention; 30.10.2023 10:54:11; 850; -0.0119853; 203; Before; 0.8888415; null
27; Driver; Interference; Intention; 30.10.2023 10:54:11; 850; -0.01204197; 203; Before; 0.9209979; null
27; Driver; Interference; Intention; 30.10.2023 10:54:11; 850; -0.01210258; 203; Before; 0.9378118; null
27; Driver; Interference; Intention; 30.10.2023 10:54:11; 850; -0.01215944; 203; Before; 0.9535185; null
27; Driver; Interference; Intention; 30.10.2023 10:54:11; 850; -0.01218475; 203; Before; 0.9764506; null
27; Driver; Interference; Intention; 30.10.2023 10:54:11; 850; -0.01222711; 203; Before; 1.00223; null
27; Driver; Interference; Intention; 30.10.2023 10:54:11; 850; -0.01225718; 203; Before; 1.00223; null
27; Driver; Interference; Intention; 30.10.2023 10:54:11; 850; -0.01227518; 203; Before; 1.019904; null
27; Driver; Interference; Intention; 30.10.2023 10:54:11; 850; -0.01228246; 203; Before; 1.04259; null
27; Driver; Interference; Intention; 30.10.2023 10:54:11; 849.9999; -0.01228116; 203; Before; 1.065231; null
27; Driver; Interference; Intention; 30.10.2023 10:54:11; 849.9999; -0.01227813; 203; Before; 1.089771; null
27; Driver; Interference; Intention; 30.10.2023 10:54:11; 849.9998; -0.01226882; 203; Before; 1.109368; null
27; Driver; Interference; Intention; 30.10.2023 10:54:11; 849.9995; -0.01225704; 203; Before; 1.132384; null
27; Driver; Interference; Intention; 30.10.2023 10:54:11; 849.999; -0.01224477; 203; Before; 1.154395; null
27; Driver; Interference; Intention; 30.10.2023 10:54:11; 849.9986; -0.01223879; 203; Before; 1.179834; null
27; Driver; Interference; Intention; 30.10.2023 10:54:11; 849.9976; -0.01222828; 203; Before; 1.179834; null
27; Driver; Interference; Intention; 30.10.2023 10:54:11; 849.9961; -0.01221989; 203; Before; 1.201414; null
27; Driver; Interference; Intention; 30.10.2023 10:54:11; 849.9939; -0.01221413; 203; Before; 1.224813; null
27; Driver; Interference; Intention; 30.10.2023 10:54:11; 849.9926; -0.01221263; 203; Before; 1.26478; null
27; Driver; Interference; Intention; 30.10.2023 10:54:11; 849.9875; -0.01221102; 203; Before; 1.26478; null
27; Driver; Interference; Intention; 30.10.2023 10:54:11; 849.9855; -0.01221195; 203; Before; 1.2866; null
27; Driver; Interference; Intention; 30.10.2023 10:54:11; 849.9809; -0.0122144; 203; Before; 1.309754; null
27; Driver; Interference; Intention; 30.10.2023 10:54:11; 849.9752; -0.01221893; 203; Before; 1.334541; null
27; Driver; Interference; Intention; 30.10.2023 10:54:11; 849.9722; -0.01222071; 203; Before; 1.356888; null
27; Driver; Interference; Intention; 30.10.2023 10:54:11; 849.9656; -0.01222709; 203; Before; 1.380001; null
27; Driver; Interference; Intention; 30.10.2023 10:54:11; 849.9581; -0.01223855; 203; Before; 1.400567; null
27; Driver; Interference; Intention; 30.10.2023 10:54:11; 849.9498; -0.01224889; 203; Before; 1.419273; null
27; Driver; Interference; Intention; 30.10.2023 10:54:11; 849.9406; -0.01225841; 203; Before; 1.437134; null
27; Driver; Interference; Intention; 30.10.2023 10:54:11; 849.9304; -0.01226706; 203; Before; 1.455542; null
27; Driver; Interference; Intention; 30.10.2023 10:54:11; 849.9194; -0.01227884; 203; Before; 1.475757; null
27; Driver; Interference; Intention; 30.10.2023 10:54:11; 849.9135; -0.01228577; 203; Before; 1.495533; null
27; Driver; Interference; Intention; 30.10.2023 10:54:11; 849.901; -0.0122943; 202.9999; Before; 1.513365; null
27; Driver; Interference; Intention; 30.10.2023 10:54:11; 849.8876; -0.01230601; 202.9999; Before; 1.531173; null
27; Driver; Interference; Intention; 30.10.2023 10:54:11; 849.8732; -0.01231465; 202.9999; Before; 1.548974; null
27; Driver; Interference; Intention; 30.10.2023 10:54:11; 849.8657; -0.01232058; 202.9999; Before; 1.588582; null
27; Driver; Interference; Intention; 30.10.2023 10:54:11; 849.8499; -0.01234022; 202.9998; Before; 1.604124; null
27; Driver; Interference; Intention; 30.10.2023 10:54:11; 849.8329; -0.01235229; 202.9998; Before; 1.619509; null
27; Driver; Interference; Intention; 30.10.2023 10:54:11; 849.8149; -0.01236548; 202.9998; Before; 1.634733; null
27; Driver; Interference; Intention; 30.10.2023 10:54:11; 849.8054; -0.01237269; 202.9998; Before; 1.670802; null
27; Driver; Interference; Intention; 30.10.2023 10:54:11; 849.7857; -0.01238405; 202.9997; Before; 1.685975; null
27; Driver; Interference; Intention; 30.10.2023 10:54:11; 849.7648; -0.01240012; 202.9997; Before; 1.700704; null
27; Driver; Interference; Intention; 30.10.2023 10:54:11; 849.7426; -0.01241452; 202.9997; Before; 1.716099; null
27; Driver; Interference; Intention; 30.10.2023 10:54:11; 849.7311; -0.01242201; 202.9996; Before; 1.74564; null
27; Driver; Interference; Intention; 30.10.2023 10:54:11; 849.6946; -0.0124477; 202.9996; Before; 1.761256; null
27; Driver; Interference; Intention; 30.10.2023 10:54:11; 849.6818; -0.01245523; 202.9996; Before; 1.789599; null
27; Driver; Interference; Intention; 30.10.2023 10:54:11; 849.6552; -0.01247969; 202.9996; Before; 1.805509; null
27; Driver; Interference; Intention; 30.10.2023 10:54:12; 849.6274; -0.01248783; 202.9995; Before; 1.819414; null
27; Driver; Interference; Intention; 30.10.2023 10:54:12; 849.5983; -0.01249646; 202.9995; Before; 1.832989; null
27; Driver; Interference; Intention; 30.10.2023 10:54:12; 849.5833; -0.01250158; 202.9995; Before; 1.865952; null
27; Driver; Interference; Intention; 30.10.2023 10:54:12; 849.5362; -0.01252357; 202.9994; Before; 1.882016; null
27; Driver; Interference; Intention; 30.10.2023 10:54:12; 849.5199; -0.01253035; 202.9994; Before; 1.896595; null
27; Driver; Interference; Intention; 30.10.2023 10:54:12; 849.5032; -0.01254172; 202.9994; Before; 1.926089; null
27; Driver; Interference; Intention; 30.10.2023 10:54:12; 849.4514; -0.01256413; 202.9994; Before; 1.940859; null
27; Driver; Interference; Intention; 30.10.2023 10:54:12; 849.4335; -0.01257645; 202.9993; Before; 1.97026; null
27; Driver; Interference; Intention; 30.10.2023 10:54:12; 849.3967; -0.01259188; 202.9993; Before; 1.985384; null
27; Driver; Interference; Intention; 30.10.2023 10:54:12; 849.3585; -0.01261209; 202.9993; Before; 2.00048; null
27; Driver; Interference; Intention; 30.10.2023 10:54:12; 849.3191; -0.01261242; 202.9993; Before; 2.018859; null
27; Driver; Interference; Intention; 30.10.2023 10:54:12; 849.2784; -0.01261669; 202.9992; Before; 2.033604; null
27; Driver; Interference; Intention; 30.10.2023 10:54:12; 849.2575; -0.01262087; 202.9992; Before; 2.064531; null
27; Driver; Interference; Intention; 30.10.2023 10:54:12; 849.2148; -0.01264829; 202.9992; Before; 2.094921; null
27; Driver; Interference; Intention; 30.10.2023 10:54:12; 849.1707; -0.01266994; 202.9991; Before; 2.094921; null
27; Driver; Interference; Intention; 30.10.2023 10:54:12; 849.1482; -0.01268035; 202.9991; Before; 2.124068; null
27; Driver; Interference; Intention; 30.10.2023 10:54:12; 849.0787; -0.01269775; 202.9991; Before; 2.140015; null
27; Driver; Interference; Intention; 30.10.2023 10:54:12; 849.0548; -0.01271066; 202.9991; Before; 2.169204; null
27; Driver; Interference; Intention; 30.10.2023 10:54:12; 848.9812; -0.01273275; 202.999; Before; 2.184241; null
27; Driver; Interference; Intention; 30.10.2023 10:54:12; 848.956; -0.01274698; 202.999; Before; 2.198162; null
27; Driver; Interference; Intention; 30.10.2023 10:54:12; 848.9304; -0.01276675; 202.999; Before; 2.227706; null
27; Driver; Interference; Intention; 30.10.2023 10:54:12; 848.8517; -0.01279966; 202.9989; Before; 2.242001; null
27; Driver; Interference; Intention; 30.10.2023 10:54:12; 848.7975; -0.01278597; 202.9989; Before; 2.256741; null
27; Driver; Interference; Intention; 30.10.2023 10:54:12; 848.742; -0.0127797; 202.9989; Before; 2.276487; null
27; Driver; Interference; Intention; 30.10.2023 10:54:12; 848.7137; -0.01278013; 202.9989; Before; 2.295382; null
27; Driver; Interference; Intention; 30.10.2023 10:54:12; 848.6561; -0.01280843; 202.9988; Before; 2.324889; null
27; Driver; Interference; Intention; 30.10.2023 10:54:12; 848.5972; -0.01283117; 202.9988; Before; 2.33871; null
27; Driver; Interference; Intention; 30.10.2023 10:54:12; 848.5671; -0.0128426; 202.9988; Before; 2.366536; null
27; Driver; Interference; Intention; 30.10.2023 10:54:12; 848.475; -0.01288368; 202.9987; Before; 2.381448; null
27; Driver; Interference; Intention; 30.10.2023 10:54:12; 848.4435; -0.01289389; 202.9987; Before; 2.395945; null
27; Driver; Interference; Intention; 30.10.2023 10:54:12; 848.3796; -0.01293619; 202.9987; Before; 2.425119; null
27; Driver; Interference; Intention; 30.10.2023 10:54:12; 848.3143; -0.01296256; 202.9987; Before; 2.439008; null
27; Driver; Interference; Intention; 30.10.2023 10:54:12; 848.2811; -0.01297288; 202.9987; Before; 2.466663; null
27; Driver; Interference; Intention; 30.10.2023 10:54:12; 848.1794; -0.01300361; 202.9986; Before; 2.481235; null
27; Driver; Interference; Intention; 30.10.2023 10:54:12; 848.1448; -0.01300842; 202.9986; Before; 2.495817; null
27; Driver; Interference; Intention; 30.10.2023 10:54:12; 848.1099; -0.01302143; 202.9986; Before; 2.52482; null
27; Driver; Interference; Intention; 30.10.2023 10:54:12; 848.0027; -0.01303011; 202.9985; Before; 2.541682; null
27; Driver; Interference; Intention; 30.10.2023 10:54:12; 847.9664; -0.01304184; 202.9985; Before; 2.570549; null
27; Driver; Interference; Intention; 30.10.2023 10:54:12; 847.855; -0.01304923; 202.9985; Before; 2.584945; null
27; Driver; Interference; Intention; 30.10.2023 10:54:12; 847.8172; -0.01306185; 202.9984; Before; 2.599027; null
27; Driver; Interference; Intention; 30.10.2023 10:54:12; 847.7404; -0.01306875; 202.9984; Before; 2.614582; null
27; Driver; Interference; Intention; 30.10.2023 10:54:12; 847.7015; -0.0130726; 202.9984; Before; 2.644261; null
27; Driver; Interference; Intention; 30.10.2023 10:54:12; 847.5825; -0.01309701; 202.9983; Before; 2.660023; null
27; Driver; Interference; Intention; 30.10.2023 10:54:12; 847.5421; -0.01310234; 202.9982; Before; 2.687546; null
27; Driver; Interference; Intention; 30.10.2023 10:54:12; 847.4601; -0.01314396; 202.9982; Before; 2.702273; null
27; Driver; Interference; Intention; 30.10.2023 10:54:12; 847.3767; -0.01316888; 202.9981; Before; 2.716179; null
27; Driver; Interference; Intention; 30.10.2023 10:54:12; 847.3344; -0.01317888; 202.9981; Before; 2.745833; null
27; Driver; Interference; Intention; 30.10.2023 10:54:12; 847.2053; -0.0132125; 202.998; Before; 2.760351; null
27; Driver; Interference; Intention; 30.10.2023 10:54:12; 847.1616; -0.01321776; 202.998; Before; 2.788478; null
27; Driver; Interference; Intention; 30.10.2023 10:54:12; 847.0729; -0.01325861; 202.9979; Before; 2.803325; null
27; Driver; Interference; Intention; 30.10.2023 10:54:13; 846.9827; -0.01324434; 202.9978; Before; 2.817877; null
27; Driver; Interference; Intention; 30.10.2023 10:54:13; 846.937; -0.01325908; 202.9978; Before; 2.845835; null
27; Driver; Interference; Intention; 30.10.2023 10:54:13; 846.7977; -0.01326804; 202.9977; Before; 2.860292; null
27; Driver; Interference; Intention; 30.10.2023 10:54:13; 846.7505; -0.01328343; 202.9977; Before; 2.889435; null
27; Driver; Interference; Intention; 30.10.2023 10:54:13; 846.655; -0.01334368; 202.9976; Before; 2.903863; null
27; Driver; Interference; Intention; 30.10.2023 10:54:13; 846.5579; -0.01333968; 202.9976; Before; 2.918129; null
27; Driver; Interference; Intention; 30.10.2023 10:54:13; 846.5088; -0.01335937; 202.9975; Before; 2.947407; null
27; Driver; Interference; Intention; 30.10.2023 10:54:13; 846.3591; -0.01337382; 202.9975; Before; 2.962235; null
27; Driver; Interference; Intention; 30.10.2023 10:54:13; 846.3085; -0.01339008; 202.9975; Before; 2.991455; null
27; Driver; Interference; Intention; 30.10.2023 10:54:13; 846.2059; -0.01339541; 202.9974; Before; 2.991455; null
27; Driver; Interference; Intention; 30.10.2023 10:54:13; 846.1019; -0.01341312; 202.9974; Before; 3.02015; null
27; Driver; Interference; Intention; 30.10.2023 10:54:13; 845.9962; -0.01341811; 202.9974; Before; 3.035081; null
27; Driver; Interference; Intention; 30.10.2023 10:54:13; 845.9428; -0.01342068; 202.9974; Before; 3.065584; null
27; Driver; Interference; Intention; 30.10.2023 10:54:13; 845.8348; -0.01346647; 202.9975; Before; 3.095687; null
27; Driver; Interference; Intention; 30.10.2023 10:54:13; 845.7252; -0.01349056; 202.9975; Before; 3.095687; null
27; Driver; Interference; Intention; 30.10.2023 10:54:13; 845.614; -0.01352141; 202.9976; Before; 3.122687; null
27; Driver; Interference; Intention; 30.10.2023 10:54:13; 845.5012; -0.01336021; 202.9977; Before; 3.13805; null
27; Driver; Interference; Intention; 30.10.2023 10:54:13; 845.4442; -0.01328845; 202.9978; Before; 3.170139; null
27; Driver; Interference; Intention; 30.10.2023 10:54:13; 845.329; -0.01316405; 202.998; Before; 3.185495; null
27; Driver; Interference; Intention; 30.10.2023 10:54:13; 845.2122; -0.01310358; 202.9982; Before; 3.200371; null
27; Driver; Interference; Intention; 30.10.2023 10:54:13; 845.0939; -0.01308763; 202.9985; Before; 3.215806; null
27; Driver; Interference; Intention; 30.10.2023 10:54:13; 844.9741; -0.01311876; 202.9988; Before; 3.244418; null
27; Driver; Interference; Intention; 30.10.2023 10:54:13; 844.8526; -0.01317064; 202.9991; Before; 3.259131; null
27; Driver; Interference; Intention; 30.10.2023 10:54:13; 844.7913; -0.01319704; 202.9993; Before; 3.288917; null
27; Driver; Interference; Intention; 30.10.2023 10:54:13; 844.6676; -0.01323984; 202.9997; Before; 3.288917; null
27; Driver; Interference; Intention; 30.10.2023 10:54:13; 844.5424; -0.01330208; 203.0002; Before; 3.321601; null
27; Driver; Interference; Intention; 30.10.2023 10:54:13; 844.4158; -0.01336106; 203.0006; Before; 3.338211; null
27; Driver; Interference; Intention; 30.10.2023 10:54:13; 844.3519; -0.01338362; 203.0009; Before; 3.367323; null
27; Driver; Interference; Intention; 30.10.2023 10:54:13; 844.1584; -0.0134158; 203.0017; Before; 3.383315; null
27; Driver; Interference; Intention; 30.10.2023 10:54:13; 844.0933; -0.01344412; 203.002; Before; 3.398023; null
27; Driver; Interference; Intention; 30.10.2023 10:54:13; 844.0278; -0.01348912; 203.0023; Before; 3.426336; null
27; Driver; Interference; Intention; 30.10.2023 10:54:13; 843.8295; -0.01355509; 203.0033; Before; 3.440594; null
27; Driver; Interference; Intention; 30.10.2023 10:54:13; 843.7628; -0.01358563; 203.0037; Before; 3.470683; null
27; Driver; Interference; Intention; 30.10.2023 10:54:13; 843.6287; -0.01360901; 203.0044; Before; 3.485533; null
27; Driver; Interference; Intention; 30.10.2023 10:54:13; 843.4935; -0.01362849; 203.0052; Before; 3.500411; null
27; Driver; Interference; Intention; 30.10.2023 10:54:13; 843.3572; -0.01363229; 203.006; Before; 3.515926; null
27; Driver; Interference; Intention; 30.10.2023 10:54:13; 843.22; -0.01363848; 203.0069; Before; 3.543175; null
27; Driver; Interference; Intention; 30.10.2023 10:54:13; 843.0818; -0.01363482; 203.0078; Before; 3.558908; null
27; Driver; Interference; Intention; 30.10.2023 10:54:13; 843.0125; -0.01362604; 203.0083; Before; 3.587279; null
27; Driver; Interference; Intention; 30.10.2023 10:54:13; 842.8729; -0.01366903; 203.0093; Before; 3.602032; null
27; Driver; Interference; Intention; 30.10.2023 10:54:13; 842.7324; -0.01362878; 203.0103; Before; 3.617094; null
27; Driver; Interference; Intention; 30.10.2023 10:54:13; 842.6618; -0.01364351; 203.0108; Before; 3.646557; null
27; Driver; Interference; Intention; 30.10.2023 10:54:13; 842.4486; -0.013704; 203.0125; Before; 3.660419; null
27; Driver; Interference; Intention; 30.10.2023 10:54:13; 842.3771; -0.01370623; 203.0131; Before; 3.689312; null
27; Driver; Interference; Intention; 30.10.2023 10:54:13; 842.2334; -0.01368502; 203.0143; Before; 3.689312; null
27; Driver; Interference; Intention; 30.10.2023 10:54:13; 842.0889; -0.01367847; 203.0156; Before; 3.721856; null
27; Driver; Interference; Intention; 30.10.2023 10:54:13; 841.9436; -0.01367152; 203.0169; Before; 3.737334; null
27; Driver; Interference; Intention; 30.10.2023 10:54:13; 841.8707; -0.01366355; 203.0176; Before; 3.767687; null
27; Driver; Interference; Intention; 30.10.2023 10:54:13; 841.6508; -0.01368517; 203.0197; Before; 3.782583; null
27; Driver; Interference; Intention; 30.10.2023 10:54:13; 841.5771; -0.01368241; 203.0204; Before; 3.797581; null
27; Driver; Interference; Intention; 30.10.2023 10:54:14; 841.5033; -0.01370292; 203.0211; Before; 3.82658; null
27; Driver; Interference; Intention; 30.10.2023 10:54:14; 841.281; -0.01371418; 203.0235; Before; 3.841056; null
27; Driver; Interference; Intention; 30.10.2023 10:54:14; 841.2067; -0.01373594; 203.0242; Before; 3.870982; null
27; Driver; Interference; Intention; 30.10.2023 10:54:14; 841.0577; -0.01374827; 203.0259; Before; 3.885945; null
27; Driver; Interference; Intention; 30.10.2023 10:54:14; 840.9083; -0.01376708; 203.0275; Before; 3.90235; null
27; Driver; Interference; Intention; 30.10.2023 10:54:14; 840.7587; -0.01370881; 203.0293; Before; 3.918557; null
27; Driver; Interference; Intention; 30.10.2023 10:54:14; 840.6838; -0.0137206; 203.0302; Before; 3.947517; null
27; Driver; Interference; Intention; 30.10.2023 10:54:14; 840.4592; -0.01371711; 203.0329; Before; 3.962991; null
27; Driver; Interference; Intention; 30.10.2023 10:54:14; 840.3843; -0.01373736; 203.0338; Before; 3.991944; null
27; Driver; Interference; Intention; 30.10.2023 10:54:14; 840.2347; -0.01374993; 203.0357; Before; 3.991944; null
27; Driver; Interference; Intention; 30.10.2023 10:54:14; 840.0853; -0.01377144; 203.0376; Before; 4.020608; null
27; Driver; Interference; Intention; 30.10.2023 10:54:14; 839.9363; -0.01378378; 203.0396; Before; 4.035811; null
27; Driver; Interference; Intention; 30.10.2023 10:54:14; 839.862; -0.01378136; 203.0406; Before; 4.064962; null
27; Driver; Interference; Intention; 30.10.2023 10:54:14; 839.6394; -0.01380558; 203.0437; Before; 4.0816; null
27; Driver; Interference; Intention; 30.10.2023 10:54:14; 839.5654; -0.01379887; 203.0447; Before; 4.095574; null
27; Driver; Interference; Intention; 30.10.2023 10:54:14; 839.4176; -0.01384584; 203.0468; Before; 4.123754; null
27; Driver; Interference; Intention; 30.10.2023 10:54:14; 839.2701; -0.01386518; 203.049; Before; 4.138814; null
27; Driver; Interference; Intention; 30.10.2023 10:54:14; 839.1965; -0.01386059; 203.0501; Before; 4.166796; null
27; Driver; Interference; Intention; 30.10.2023 10:54:14; 838.9763; -0.01386205; 203.0534; Before; 4.182023; null
27; Driver; Interference; Intention; 30.10.2023 10:54:14; 838.903; -0.01384463; 203.0545; Before; 4.196676; null
27; Driver; Interference; Intention; 30.10.2023 10:54:14; 838.7567; -0.01386798; 203.0567; Before; 4.224623; null
27; Driver; Interference; Intention; 30.10.2023 10:54:14; 838.6108; -0.01379913; 203.059; Before; 4.239757; null
27; Driver; Interference; Intention; 30.10.2023 10:54:14; 838.538; -0.0137999; 203.0602; Before; 4.268523; null
27; Driver; Interference; Intention; 30.10.2023 10:54:14; 838.3199; -0.01375359; 203.0636; Before; 4.283503; null
27; Driver; Interference; Intention; 30.10.2023 10:54:14; 838.2474; -0.01375729; 203.0647; Before; 4.298339; null
27; Driver; Interference; Intention; 30.10.2023 10:54:14; 838.1027; -0.01373836; 203.067; Before; 4.312587; null
27; Driver; Interference; Intention; 30.10.2023 10:54:14; 837.9582; -0.01373151; 203.0694; Before; 4.342472; null
27; Driver; Interference; Intention; 30.10.2023 10:54:14; 837.8141; -0.01372125; 203.0717; Before; 4.358315; null
27; Driver; Interference; Intention; 30.10.2023 10:54:14; 837.7422; -0.01371017; 203.0728; Before; 4.386833; null
27; Driver; Interference; Intention; 30.10.2023 10:54:14; 837.5986; -0.01375193; 203.0752; Before; 4.402033; null
27; Driver; Interference; Intention; 30.10.2023 10:54:14; 837.4553; -0.01370803; 203.0775; Before; 4.417517; null
27; Driver; Interference; Intention; 30.10.2023 10:54:14; 837.3838; -0.01372107; 203.0786; Before; 4.446264; null
27; Driver; Interference; Intention; 30.10.2023 10:54:14; 837.1697; -0.01370929; 203.0821; Before; 4.460885; null
27; Driver; Interference; Intention; 30.10.2023 10:54:14; 837.0986; -0.01372217; 203.0833; Before; 4.489976; null
27; Driver; Interference; Intention; 30.10.2023 10:54:14; 836.9564; -0.01371816; 203.0856; Before; 4.489976; null
27; Driver; Interference; Intention; 30.10.2023 10:54:14; 836.8146; -0.01372056; 203.0879; Before; 4.520333; null
27; Driver; Interference; Intention; 30.10.2023 10:54:14; 836.6732; -0.01371456; 203.0902; Before; 4.536356; null
27; Driver; Interference; Intention; 30.10.2023 10:54:14; 836.6025; -0.0137041; 203.0914; Before; 4.565249; null
27; Driver; Interference; Intention; 30.10.2023 10:54:14; 836.3912; -0.01370731; 203.0949; Before; 4.580327; null
27; Driver; Interference; Intention; 30.10.2023 10:54:14; 836.3209; -0.0136962; 203.0961; Before; 4.595351; null
27; Driver; Interference; Intention; 30.10.2023 10:54:14; 836.1805; -0.01373424; 203.0984; Before; 4.624377; null
27; Driver; Interference; Intention; 30.10.2023 10:54:14; 836.0405; -0.01368662; 203.1008; Before; 4.639044; null
27; Driver; Interference; Intention; 30.10.2023 10:54:14; 835.9706; -0.01369664; 203.102; Before; 4.669114; null
27; Driver; Interference; Intention; 30.10.2023 10:54:14; 835.7614; -0.0136769; 203.1055; Before; 4.684301; null
27; Driver; Interference; Intention; 30.10.2023 10:54:14; 835.6918; -0.013687; 203.1067; Before; 4.699114; null
27; Driver; Interference; Intention; 30.10.2023 10:54:14; 835.5529; -0.01367889; 203.1091; Before; 4.712843; null
27; Driver; Interference; Intention; 30.10.2023 10:54:14; 835.4143; -0.01367824; 203.1114; Before; 4.743607; null
27; Driver; Interference; Intention; 30.10.2023 10:54:14; 835.2761; -0.01367063; 203.1138; Before; 4.758959; null
27; Driver; Interference; Intention; 30.10.2023 10:54:14; 835.1381; -0.01359377; 203.1162; Before; 4.773107; null
27; Driver; Interference; Intention; 30.10.2023 10:54:14; 835.0693; -0.01355957; 203.1174; Before; 4.796045; null
27; Driver; Interference; Intention; 30.10.2023 10:54:15; 834.9318; -0.01343284; 203.1198; Before; 4.816969; null
27; Driver; Interference; Intention; 30.10.2023 10:54:15; 834.7946; -0.01336478; 203.1221; Before; 4.832617; null
27; Driver; Interference; Intention; 30.10.2023 10:54:15; 834.7261; -0.01334516; 203.1234; Before; 4.866731; null
27; Driver; Interference; Intention; 30.10.2023 10:54:15; 834.5212; -0.01332268; 203.127; Before; 4.883506; null
27; Driver; Interference; Intention; 30.10.2023 10:54:15; 834.4531; -0.01335295; 203.1282; Before; 4.899067; null
27; Driver; Interference; Intention; 30.10.2023 10:54:15; 834.385; -0.01340751; 203.1294; Before; 4.927485; null
27; Driver; Interference; Intention; 30.10.2023 10:54:15; 834.1813; -0.01352422; 203.133; Before; 4.941868; null
27; Driver; Interference; Intention; 30.10.2023 10:54:15; 834.0458; -0.01356327; 203.1354; Before; 4.956247; null
27; Driver; Interference; Intention; 30.10.2023 10:54:15; 833.9782; -0.01357482; 203.1366; Before; 4.987608; null
27; Driver; Interference; Intention; 30.10.2023 10:54:15; 833.8433; -0.01365079; 203.139; Before; 5.0035; null
27; Driver; Interference; Intention; 30.10.2023 10:54:15; 833.7086; -0.01363519; 203.1414; Before; 5.01779; null
27; Driver; Interference; Intention; 30.10.2023 10:54:15; 833.6414; -0.01365607; 203.1426; Before; 5.046963; null
27; Driver; Interference; Intention; 30.10.2023 10:54:15; 833.4401; -0.01365581; 203.1463; Before; 5.061516; null
27; Driver; Interference; Intention; 30.10.2023 10:54:15; 833.3732; -0.01366734; 203.1475; Before; 5.090157; null
27; Driver; Interference; Intention; 30.10.2023 10:54:15; 833.2396; -0.013658; 203.1499; Before; 5.090157; null
27; Driver; Interference; Intention; 30.10.2023 10:54:15; 833.1063; -0.01365089; 203.1523; Before; 5.120285; null
27; Driver; Interference; Intention; 30.10.2023 10:54:15; 832.9733; -0.01363436; 203.1547; Before; 5.137157; null
27; Driver; Interference; Intention; 30.10.2023 10:54:15; 832.9069; -0.01361911; 203.1559; Before; 5.169568; null
27; Driver; Interference; Intention; 30.10.2023 10:54:15; 832.7083; -0.01354822; 203.1595; Before; 5.185284; null
27; Driver; Interference; Intention; 30.10.2023 10:54:15; 832.6422; -0.01354787; 203.1607; Before; 5.199957; null
27; Driver; Interference; Intention; 30.10.2023 10:54:15; 832.5103; -0.01353024; 203.1631; Before; 5.214623; null
27; Driver; Interference; Intention; 30.10.2023 10:54:15; 832.3786; -0.01353064; 203.1655; Before; 5.244248; null
27; Driver; Interference; Intention; 30.10.2023 10:54:15; 832.2473; -0.01353205; 203.168; Before; 5.259436; null
27; Driver; Interference; Intention; 30.10.2023 10:54:15; 832.1818; -0.01352807; 203.1692; Before; 5.288877; null
27; Driver; Interference; Intention; 30.10.2023 10:54:15; 832.0509; -0.0135784; 203.1716; Before; 5.304764; null
27; Driver; Interference; Intention; 30.10.2023 10:54:15; 831.9203; -0.01354941; 203.174; Before; 5.319261; null
27; Driver; Interference; Intention; 30.10.2023 10:54:15; 831.8552; -0.01356599; 203.1752; Before; 5.348006; null
27; Driver; Interference; Intention; 30.10.2023 10:54:15; 831.6602; -0.01356529; 203.1787; Before; 5.364123; null
27; Driver; Interference; Intention; 30.10.2023 10:54:15; 831.5953; -0.01357897; 203.1799; Before; 5.393826; null
27; Driver; Interference; Intention; 30.10.2023 10:54:15; 831.4658; -0.01357736; 203.1823; Before; 5.393826; null
27; Driver; Interference; Intention; 30.10.2023 10:54:15; 831.3365; -0.01357951; 203.1847; Before; 5.424046; null
27; Driver; Interference; Intention; 30.10.2023 10:54:15; 831.2076; -0.01351447; 203.187; Before; 5.43936; null
27; Driver; Interference; Intention; 30.10.2023 10:54:15; 831.1432; -0.01351732; 203.1882; Before; 5.469514; null
27; Driver; Interference; Intention; 30.10.2023 10:54:15; 831.0148; -0.01350408; 203.1905; Before; 5.485381; null
27; Driver; Interference; Intention; 30.10.2023 10:54:15; 830.8865; -0.01350556; 203.1928; Before; 5.501094; null
27; Driver; Interference; Intention; 30.10.2023 10:54:15; 830.7587; -0.01344829; 203.1951; Before; 5.516754; null
27; Driver; Interference; Intention; 30.10.2023 10:54:15; 830.6948; -0.01345667; 203.1962; Before; 5.546526; null
27; Driver; Interference; Intention; 30.10.2023 10:54:15; 830.5037; -0.01345385; 203.1996; Before; 5.560933; null
27; Driver; Interference; Intention; 30.10.2023 10:54:15; 830.3767; -0.01343658; 203.2019; Before; 5.576201; null
27; Driver; Interference; Intention; 30.10.2023 10:54:15; 830.3133; -0.01342768; 203.203; Before; 5.593022; null
27; Driver; Interference; Intention; 30.10.2023 10:54:15; 830.1867; -0.01340328; 203.2052; Before; 5.611035; null
27; Driver; Interference; Intention; 30.10.2023 10:54:15; 830.1235; -0.01339302; 203.2063; Before; 5.645248; null
27; Driver; Interference; Intention; 30.10.2023 10:54:15; 829.9344; -0.01336102; 203.2097; Before; 5.662812; null
27; Driver; Interference; Intention; 30.10.2023 10:54:15; 829.8715; -0.01337689; 203.2108; Before; 5.693053; null
27; Driver; Interference; Intention; 30.10.2023 10:54:15; 829.746; -0.01339418; 203.213; Before; 5.693053; null
27; Driver; Interference; Intention; 30.10.2023 10:54:15; 829.6207; -0.01335709; 203.2151; Before; 5.707922; null
27; Driver; Interference; Intention; 30.10.2023 10:54:15; 829.4957; -0.01335509; 203.2173; Before; 5.742814; null
27; Driver; Interference; Intention; 30.10.2023 10:54:15; 829.371; -0.01336717; 203.2195; Before; 5.758796; null
27; Driver; Interference; Intention; 30.10.2023 10:54:15; 829.3087; -0.01337206; 203.2206; Before; 5.78861; null
27; Driver; Interference; Intention; 30.10.2023 10:54:15; 829.1844; -0.01344076; 203.2227; Before; 5.804239; null
27; Driver; Interference; Intention; 30.10.2023 10:54:16; 829.0604; -0.01343545; 203.2248; Before; 5.819062; null
27; Driver; Interference; Intention; 30.10.2023 10:54:16; 828.9985; -0.01346175; 203.2259; Before; 5.848816; null
27; Driver; Interference; Intention; 30.10.2023 10:54:16; 828.8132; -0.01348736; 203.229; Before; 5.864413; null
27; Driver; Interference; Intention; 30.10.2023 10:54:16; 828.69; -0.0134713; 203.2312; Before; 5.879561; null
27; Driver; Interference; Intention; 30.10.2023 10:54:16; 828.6284; -0.01345901; 203.2322; Before; 5.894338; null
27; Driver; Interference; Intention; 30.10.2023 10:54:16; 828.5054; -0.01342252; 203.2343; Before; 5.911557; null
27; Driver; Interference; Intention; 30.10.2023 10:54:16; 828.3823; -0.01340899; 203.2364; Before; 5.942364; null
27; Driver; Interference; Intention; 30.10.2023 10:54:16; 828.2594; -0.01340253; 203.2385; Before; 5.957746; null
27; Driver; Interference; Intention; 30.10.2023 10:54:16; 828.1979; -0.01339707; 203.2395; Before; 5.988991; null
27; Driver; Interference; Intention; 30.10.2023 10:54:16; 828.0751; -0.01337625; 203.2416; Before; 5.988991; null
27; Driver; Interference; Intention; 30.10.2023 10:54:16; 827.9523; -0.01337883; 203.2437; Before; 6.022105; null
27; Driver; Interference; Intention; 30.10.2023 10:54:16; 827.8296; -0.01338698; 203.2457; Before; 6.037778; null
27; Driver; Interference; Intention; 30.10.2023 10:54:16; 827.7683; -0.01338783; 203.2467; Before; 6.068882; null
27; Driver; Interference; Intention; 30.10.2023 10:54:16; 827.6459; -0.01337733; 203.2488; Before; 6.085476; null
27; Driver; Interference; Intention; 30.10.2023 10:54:16; 827.5238; -0.01338669; 203.2508; Before; 6.101054; null
27; Driver; Interference; Intention; 30.10.2023 10:54:16; 827.4019; -0.01334348; 203.2528; Before; 6.117067; null
27; Driver; Interference; Intention; 30.10.2023 10:54:16; 827.3411; -0.01335776; 203.2538; Before; 6.147495; null
27; Driver; Interference; Intention; 30.10.2023 10:54:16; 827.1589; -0.01337359; 203.2569; Before; 6.162779; null
27; Driver; Interference; Intention; 30.10.2023 10:54:16; 827.0379; -0.01336751; 203.2588; Before; 6.177872; null
27; Driver; Interference; Intention; 30.10.2023 10:54:16; 826.9775; -0.01336332; 203.2598; Before; 6.194971; null
27; Driver; Interference; Intention; 30.10.2023 10:54:16; 826.8568; -0.01334657; 203.2618; Before; 6.210409; null
27; Driver; Interference; Intention; 30.10.2023 10:54:16; 826.7365; -0.01328658; 203.2638; Before; 6.229784; null
27; Driver; Interference; Intention; 30.10.2023 10:54:16; 826.6764; -0.01326488; 203.2648; Before; 6.264822; null
27; Driver; Interference; Intention; 30.10.2023 10:54:16; 826.5565; -0.01323017; 203.2667; Before; 6.284222; null
27; Driver; Interference; Intention; 30.10.2023 10:54:16; 826.4368; -0.0132377; 203.2687; Before; 6.300647; null
27; Driver; Interference; Intention; 30.10.2023 10:54:16; 826.3173; -0.01320979; 203.2706; Before; 6.316781; null
27; Driver; Interference; Intention; 30.10.2023 10:54:16; 826.2578; -0.01323486; 203.2716; Before; 6.347667; null
27; Driver; Interference; Intention; 30.10.2023 10:54:16; 826.0794; -0.01329008; 203.2744; Before; 6.363656; null
27; Driver; Interference; Intention; 30.10.2023 10:54:16; 826.0201; -0.0133257; 203.2754; Before; 6.393294; null
27; Driver; Interference; Intention; 30.10.2023 10:54:16; 825.9016; -0.01337088; 203.2773; Before; 6.393294; null
27; Driver; Interference; Intention; 30.10.2023 10:54:16; 825.8425; -0.0133851; 203.2782; Before; 6.425241; null
27; Driver; Interference; Intention; 30.10.2023 10:54:16; 825.6655; -0.01338913; 203.2811; Before; 6.441381; null
27; Driver; Interference; Intention; 30.10.2023 10:54:16; 825.5479; -0.01336947; 203.2829; Before; 6.456642; null
27; Driver; Interference; Intention; 30.10.2023 10:54:16; 825.4892; -0.01335782; 203.2839; Before; 6.488568; null
27; Driver; Interference; Intention; 30.10.2023 10:54:16; 825.3719; -0.01332659; 203.2857; Before; 6.488568; null
27; Driver; Interference; Intention; 30.10.2023 10:54:16; 825.2549; -0.01332008; 203.2876; Before; 6.52056; null
27; Driver; Interference; Intention; 30.10.2023 10:54:16; 825.1382; -0.01332152; 203.2894; Before; 6.537; null
27; Driver; Interference; Intention; 30.10.2023 10:54:16; 825.08; -0.0133201; 203.2903; Before; 6.566168; null
27; Driver; Interference; Intention; 30.10.2023 10:54:16; 824.9057; -0.01335288; 203.2931; Before; 6.581982; null
27; Driver; Interference; Intention; 30.10.2023 10:54:16; 824.8477; -0.01335482; 203.294; Before; 6.597112; null
27; Driver; Interference; Intention; 30.10.2023 10:54:16; 824.7319; -0.0133431; 203.2958; Before; 6.611495; null
27; Driver; Interference; Intention; 30.10.2023 10:54:16; 824.6164; -0.01334612; 203.2976; Before; 6.642899; null
27; Driver; Interference; Intention; 30.10.2023 10:54:16; 824.5012; -0.01334892; 203.2994; Before; 6.658148; null
27; Driver; Interference; Intention; 30.10.2023 10:54:16; 824.4437; -0.01334581; 203.3003; Before; 6.689474; null
27; Driver; Interference; Intention; 30.10.2023 10:54:16; 824.3289; -0.01332633; 203.3021; Before; 6.689474; null
27; Driver; Interference; Intention; 30.10.2023 10:54:16; 824.2143; -0.01332449; 203.3038; Before; 6.722201; null
27; Driver; Interference; Intention; 30.10.2023 10:54:16; 824.1; -0.0133252; 203.3056; Before; 6.738547; null
27; Driver; Interference; Intention; 30.10.2023 10:54:16; 824.0429; -0.01332197; 203.3065; Before; 6.767729; null
27; Driver; Interference; Intention; 30.10.2023 10:54:16; 823.8721; -0.01329384; 203.3091; Before; 6.783307; null
27; Driver; Interference; Intention; 30.10.2023 10:54:16; 823.8152; -0.01330409; 203.31; Before; 6.798029; null
27; Driver; Interference; Intention; 30.10.2023 10:54:17; 823.7019; -0.01330759; 203.3117; Before; 6.812743; null
27; Driver; Interference; Intention; 30.10.2023 10:54:17; 823.5888; -0.0133222; 203.3134; Before; 6.842726; null
27; Driver; Interference; Intention; 30.10.2023 10:54:17; 823.476; -0.01333275; 203.3151; Before; 6.857816; null
27; Driver; Interference; Intention; 30.10.2023 10:54:17; 823.4196; -0.01333219; 203.3159; Before; 6.887432; null
27; Driver; Interference; Intention; 30.10.2023 10:54:17; 823.3071; -0.01337807; 203.3176; Before; 6.903149; null
27; Driver; Interference; Intention; 30.10.2023 10:54:17; 823.1949; -0.01335236; 203.3193; Before; 6.918382; null
27; Driver; Interference; Intention; 30.10.2023 10:54:17; 823.1389; -0.01336526; 203.3201; Before; 6.947596; null
27; Driver; Interference; Intention; 30.10.2023 10:54:17; 822.9711; -0.01335849; 203.3226; Before; 6.96253; null
27; Driver; Interference; Intention; 30.10.2023 10:54:17; 822.8596; -0.01332866; 203.3243; Before; 6.977419; null
27; Driver; Interference; Intention; 30.10.2023 10:54:17; 822.804; -0.01331167; 203.3251; Before; 6.991823; null
27; Driver; Interference; Intention; 30.10.2023 10:54:17; 822.6929; -0.01327055; 203.3267; Before; 7.010781; null
27; Driver; Interference; Intention; 30.10.2023 10:54:17; 822.5821; -0.01335583; 203.3284; Before; 7.029014; null
27; Driver; Interference; Intention; 30.10.2023 10:54:17; 822.5268; -0.01339748; 203.3292; Before; 7.064691; null
27; Driver; Interference; Intention; 30.10.2023 10:54:17; 822.3613; -0.01352132; 203.3316; Before; 7.080035; null
27; Driver; Interference; Intention; 30.10.2023 10:54:17; 822.3062; -0.01354927; 203.3324; Before; 7.094996; null
27; Driver; Interference; Intention; 30.10.2023 10:54:17; 822.1963; -0.0136313; 203.334; Before; 7.124585; null
27; Driver; Interference; Intention; 30.10.2023 10:54:17; 822.0866; -0.01367067; 203.3356; Before; 7.139757; null
27; Driver; Interference; Intention; 30.10.2023 10:54:17; 822.0319; -0.01367963; 203.3363; Before; 7.168859; null
27; Driver; Interference; Intention; 30.10.2023 10:54:17; 821.9225; -0.01365975; 203.3379; Before; 7.18576; null
27; Driver; Interference; Intention; 30.10.2023 10:54:17; 821.8135; -0.01364394; 203.3395; Before; 7.200512; null
27; Driver; Interference; Intention; 30.10.2023 10:54:17; 821.7047; -0.01361038; 203.341; Before; 7.216033; null
27; Driver; Interference; Intention; 30.10.2023 10:54:17; 821.5961; -0.01358948; 203.3426; Before; 7.244247; null
27; Driver; Interference; Intention; 30.10.2023 10:54:17; 821.4877; -0.01355767; 203.3441; Before; 7.259027; null
27; Driver; Interference; Intention; 30.10.2023 10:54:17; 821.4337; -0.01354273; 203.3448; Before; 7.290164; null
27; Driver; Interference; Intention; 30.10.2023 10:54:17; 821.3257; -0.01349649; 203.3464; Before; 7.290164; null
27; Driver; Interference; Intention; 30.10.2023 10:54:17; 821.2718; -0.01347835; 203.3471; Before; 7.323535; null
27; Driver; Interference; Intention; 30.10.2023 10:54:17; 821.1105; -0.0134169; 203.3494; Before; 7.34103; null
27; Driver; Interference; Intention; 30.10.2023 10:54:17; 821.0032; -0.01337998; 203.3509; Before; 7.35739; null
27; Driver; Interference; Intention; 30.10.2023 10:54:17; 820.9497; -0.01337029; 203.3516; Before; 7.38844; null
27; Driver; Interference; Intention; 30.10.2023 10:54:17; 820.8428; -0.01340519; 203.3531; Before; 7.404478; null
27; Driver; Interference; Intention; 30.10.2023 10:54:17; 820.7362; -0.01339022; 203.3546; Before; 7.419631; null
27; Driver; Interference; Intention; 30.10.2023 10:54:17; 820.683; -0.01341233; 203.3553; Before; 7.449292; null
27; Driver; Interference; Intention; 30.10.2023 10:54:17; 820.5237; -0.01344316; 203.3575; Before; 7.46433; null
27; Driver; Interference; Intention; 30.10.2023 10:54:17; 820.4707; -0.01346687; 203.3582; Before; 7.493328; null
27; Driver; Interference; Intention; 30.10.2023 10:54:17; 820.3649; -0.01348492; 203.3597; Before; 7.493328; null
27; Driver; Interference; Intention; 30.10.2023 10:54:17; 820.2594; -0.01351059; 203.3611; Before; 7.523027; null
27; Driver; Interference; Intention; 30.10.2023 10:54:17; 820.1541; -0.01351724; 203.3625; Before; 7.538374; null
27; Driver; Interference; Intention; 30.10.2023 10:54:17; 820.1016; -0.01351772; 203.3633; Before; 7.566434; null
27; Driver; Interference; Intention; 30.10.2023 10:54:17; 819.9443; -0.01352533; 203.3654; Before; 7.581618; null
27; Driver; Interference; Intention; 30.10.2023 10:54:17; 819.892; -0.01352055; 203.3661; Before; 7.596754; null
27; Driver; Interference; Intention; 30.10.2023 10:54:17; 819.8397; -0.01352849; 203.3668; Before; 7.625585; null
27; Driver; Interference; Intention; 30.10.2023 10:54:17; 819.6833; -0.01350813; 203.3689; Before; 7.640736; null
27; Driver; Interference; Intention; 30.10.2023 10:54:17; 819.6313; -0.01351379; 203.3696; Before; 7.671101; null
27; Driver; Interference; Intention; 30.10.2023 10:54:17; 819.5275; -0.01349839; 203.3709; Before; 7.685607; null
27; Driver; Interference; Intention; 30.10.2023 10:54:17; 819.424; -0.01349573; 203.3723; Before; 7.701257; null
27; Driver; Interference; Intention; 30.10.2023 10:54:17; 819.3206; -0.01348123; 203.3736; Before; 7.716509; null
27; Driver; Interference; Intention; 30.10.2023 10:54:17; 819.269; -0.01347392; 203.3743; Before; 7.745874; null
27; Driver; Interference; Intention; 30.10.2023 10:54:17; 819.1147; -0.01342825; 203.3763; Before; 7.761328; null
27; Driver; Interference; Intention; 30.10.2023 10:54:17; 819.0121; -0.01339041; 203.3775; Before; 7.776053; null
27; Driver; Interference; Intention; 30.10.2023 10:54:17; 818.9609; -0.0133775; 203.3781; Before; 7.791743; null
27; Driver; Interference; Intention; 30.10.2023 10:54:18; 818.9097; -0.01338179; 203.3787; Before; 7.825992; null
27; Driver; Interference; Intention; 30.10.2023 10:54:18; 818.7567; -0.01337366; 203.3805; Before; 7.84198; null
27; Driver; Interference; Intention; 30.10.2023 10:54:18; 818.6548; -0.01335903; 203.3816; Before; 7.858089; null
27; Driver; Interference; Intention; 30.10.2023 10:54:18; 818.6039; -0.01335627; 203.3821; Before; 7.887733; null
27; Driver; Interference; Intention; 30.10.2023 10:54:18; 818.5024; -0.01339565; 203.3832; Before; 7.903195; null
27; Driver; Interference; Intention; 30.10.2023 10:54:18; 818.4012; -0.01338042; 203.3842; Before; 7.918326; null
27; Driver; Interference; Intention; 30.10.2023 10:54:18; 818.3506; -0.01339885; 203.3847; Before; 7.947733; null
27; Driver; Interference; Intention; 30.10.2023 10:54:18; 818.1994; -0.0134154; 203.386; Before; 7.963218; null
27; Driver; Interference; Intention; 30.10.2023 10:54:18; 818.1491; -0.01343282; 203.3865; Before; 7.991602; null
27; Driver; Interference; Intention; 30.10.2023 10:54:18; 818.0487; -0.01343964; 203.3873; Before; 7.991602; null
27; Driver; Interference; Intention; 30.10.2023 10:54:18; 817.9485; -0.01330427; 203.3882; Before; 7.991602; null
27; Driver; Interference; Intention; 30.10.2023 10:54:18; 817.8486; -0.01308704; 203.389; Before; 7.991602; null
27; Driver; Interference; Intention; 30.10.2023 10:54:18; 817.7489; -0.01283487; 203.3897; Before; 7.991602; null
27; Driver; Interference; Intention; 30.10.2023 10:54:18; 817.6494; -0.01267949; 203.3904; Before; 8.006783; null
27; Driver; Interference; Intention; 30.10.2023 10:54:18; 817.5997; -0.01264983; 203.3907; Before; 8.086888; null
27; Driver; Interference; Intention; 30.10.2023 10:54:18; 817.5005; -0.01261086; 203.3913; Before; 8.111755; null
27; Driver; Interference; Intention; 30.10.2023 10:54:18; 817.4016; -0.01266813; 203.3919; Before; 8.132005; null
27; Driver; Interference; Intention; 30.10.2023 10:54:18; 817.3522; -0.01272289; 203.3922; Before; 8.165309; null
27; Driver; Interference; Intention; 30.10.2023 10:54:18; 817.2044; -0.01295744; 203.393; Before; 8.180592; null
27; Driver; Interference; Intention; 30.10.2023 10:54:18; 817.1553; -0.01303784; 203.3932; Before; 8.19595; null
27; Driver; Interference; Intention; 30.10.2023 10:54:18; 817.1062; -0.01312955; 203.3935; Before; 8.225979; null
27; Driver; Interference; Intention; 30.10.2023 10:54:18; 817.0081; -0.01327486; 203.3939; Before; 8.24152; null
27; Driver; Interference; Intention; 30.10.2023 10:54:18; 816.9103; -0.01335005; 203.3943; Before; 8.260748; null
27; Driver; Interference; Intention; 30.10.2023 10:54:18; 816.764; -0.0134112; 203.3949; Before; 8.281625; null
27; Driver; Interference; Intention; 30.10.2023 10:54:18; 816.7153; -0.01342156; 203.3951; Before; 8.297232; null
27; Driver; Interference; Intention; 30.10.2023 10:54:18; 816.6667; -0.01344182; 203.3952; Before; 8.326375; null
27; Driver; Interference; Intention; 30.10.2023 10:54:18; 816.5214; -0.0134491; 203.3957; Before; 8.341649; null
27; Driver; Interference; Intention; 30.10.2023 10:54:18; 816.4246; -0.01342403; 203.3959; Before; 8.356887; null
27; Driver; Interference; Intention; 30.10.2023 10:54:18; 816.3763; -0.01341161; 203.396; Before; 8.387913; null
27; Driver; Interference; Intention; 30.10.2023 10:54:18; 816.28; -0.01342437; 203.3962; Before; 8.40334; null
27; Driver; Interference; Intention; 30.10.2023 10:54:18; 816.1838; -0.01338249; 203.3964; Before; 8.418536; null
27; Driver; Interference; Intention; 30.10.2023 10:54:18; 816.136; -0.01338651; 203.3965; Before; 8.447978; null
27; Driver; Interference; Intention; 30.10.2023 10:54:18; 815.9963; -0.01336744; 203.3966; Before; 8.463171; null
27; Driver; Interference; Intention; 30.10.2023 10:54:18; 815.9054; -0.01333929; 203.3967; Before; 8.47844; null
27; Driver; Interference; Intention; 30.10.2023 10:54:18; 815.8605; -0.0133279; 203.3968; Before; 8.494226; null
27; Driver; Interference; Intention; 30.10.2023 10:54:18; 815.7718; -0.013294; 203.3968; Before; 8.511678; null
27; Driver; Interference; Intention; 30.10.2023 10:54:18; 815.728; -0.01328144; 203.3968; Before; 8.543042; null
27; Driver; Interference; Intention; 30.10.2023 10:54:18; 815.6416; -0.01324812; 203.3969; Before; 8.560293; null
27; Driver; Interference; Intention; 30.10.2023 10:54:18; 815.5567; -0.01319222; 203.3969; Before; 8.582832; null
27; Driver; Interference; Intention; 30.10.2023 10:54:18; 815.4733; -0.01317127; 203.3968; Before; 8.604379; null
27; Driver; Interference; Intention; 30.10.2023 10:54:18; 815.3914; -0.01312651; 203.3968; Before; 8.619872; null
27; Driver; Interference; Intention; 30.10.2023 10:54:18; 815.3111; -0.0131047; 203.3967; Before; 8.634853; null
27; Driver; Interference; Intention; 30.10.2023 10:54:18; 815.2715; -0.01310068; 203.3967; Before; 8.666541; null
27; Driver; Interference; Intention; 30.10.2023 10:54:18; 815.1548; -0.01308729; 203.3966; Before; 8.682929; null
27; Driver; Interference; Intention; 30.10.2023 10:54:18; 815.1167; -0.0130991; 203.3966; Before; 8.698287; null
27; Driver; Interference; Intention; 30.10.2023 10:54:18; 815.0415; -0.01310843; 203.3965; Before; 8.713766; null
27; Driver; Interference; Intention; 30.10.2023 10:54:18; 815.0045; -0.01311355; 203.3964; Before; 8.745589; null
27; Driver; Interference; Intention; 30.10.2023 10:54:18; 814.8954; -0.01310793; 203.3962; Before; 8.761695; null
27; Driver; Interference; Intention; 30.10.2023 10:54:18; 814.8597; -0.0131161; 203.3962; Before; 8.791821; null
27; Driver; Interference; Intention; 30.10.2023 10:54:19; 814.7896; -0.01311398; 203.3961; Before; 8.791821; null
27; Driver; Interference; Intention; 30.10.2023 10:54:19; 814.7208; -0.0130133; 203.3959; Before; 8.791821; null
27; Driver; Interference; Intention; 30.10.2023 10:54:19; 814.687; -0.01297777; 203.3959; Before; 8.842299; null
27; Driver; Interference; Intention; 30.10.2023 10:54:19; 814.5875; -0.0128985; 203.3956; Before; 8.860664; null
27; Driver; Interference; Intention; 30.10.2023 10:54:19; 814.523; -0.01286898; 203.3955; Before; 8.877001; null
27; Driver; Interference; Intention; 30.10.2023 10:54:19; 814.4913; -0.01286373; 203.3954; Before; 8.895999; null
27; Driver; Interference; Intention; 30.10.2023 10:54:19; 814.4289; -0.01283107; 203.3952; Before; 8.914825; null
27; Driver; Interference; Intention; 30.10.2023 10:54:19; 814.3982; -0.01283925; 203.3952; Before; 8.948307; null
27; Driver; Interference; Intention; 30.10.2023 10:54:19; 814.3379; -0.01285276; 203.395; Before; 8.964115; null
27; Driver; Interference; Intention; 30.10.2023 10:54:19; 814.2499; -0.01287619; 203.3948; Before; 8.980049; null
27; Driver; Interference; Intention; 30.10.2023 10:54:19; 814.2213; -0.01288425; 203.3947; Before; 8.996497; null
27; Driver; Interference; Intention; 30.10.2023 10:54:19; 814.165; -0.01289032; 203.3946; Before; 9.011748; null
27; Driver; Interference; Intention; 30.10.2023 10:54:19; 814.1101; -0.01287399; 203.3944; Before; 9.02836; null
27; Driver; Interference; Intention; 30.10.2023 10:54:19; 814.0831; -0.01286872; 203.3943; Before; 9.067105; null
27; Driver; Interference; Intention; 30.10.2023 10:54:19; 814.0042; -0.01284747; 203.3941; Before; 9.083905; null
27; Driver; Interference; Intention; 30.10.2023 10:54:19; 813.9785; -0.01285049; 203.394; Before; 9.099861; null
27; Driver; Interference; Intention; 30.10.2023 10:54:19; 813.9282; -0.01282636; 203.3939; Before; 9.11539; null
27; Driver; Interference; Intention; 30.10.2023 10:54:19; 813.8793; -0.01281063; 203.3938; Before; 9.13182; null
27; Driver; Interference; Intention; 30.10.2023 10:54:19; 813.8553; -0.01280524; 203.3937; Before; 9.164584; null
27; Driver; Interference; Intention; 30.10.2023 10:54:19; 813.8083; -0.01278956; 203.3936; Before; 9.18323; null
27; Driver; Interference; Intention; 30.10.2023 10:54:19; 813.7628; -0.01276044; 203.3935; Before; 9.18323; null
27; Driver; Interference; Intention; 30.10.2023 10:54:19; 813.7185; -0.01274841; 203.3934; Before; 9.222232; null
27; Driver; Interference; Intention; 30.10.2023 10:54:19; 813.6757; -0.01272237; 203.3932; Before; 9.23955; null
27; Driver; Interference; Intention; 30.10.2023 10:54:19; 813.6342; -0.01270733; 203.3931; Before; 9.255368; null
27; Driver; Interference; Intention; 30.10.2023 10:54:19; 813.594; -0.01268308; 203.393; Before; 9.272309; null
27; Driver; Interference; Intention; 30.10.2023 10:54:19; 813.5744; -0.01267543; 203.3929; Before; 9.290271; null
27; Driver; Interference; Intention; 30.10.2023 10:54:19; 813.5363; -0.01266017; 203.3928; Before; 9.309342; null
27; Driver; Interference; Intention; 30.10.2023 10:54:19; 813.4996; -0.01263798; 203.3927; Before; 9.328291; null
27; Driver; Interference; Intention; 30.10.2023 10:54:19; 813.4817; -0.01263137; 203.3926; Before; 9.365119; null
27; Driver; Interference; Intention; 30.10.2023 10:54:19; 813.447; -0.01261867; 203.3925; Before; 9.385377; null
27; Driver; Interference; Intention; 30.10.2023 10:54:19; 813.4136; -0.01261862; 203.3924; Before; 9.401595; null
27; Driver; Interference; Intention; 30.10.2023 10:54:19; 813.3815; -0.0125885; 203.3923; Before; 9.401595; null
27; Driver; Interference; Intention; 30.10.2023 10:54:19; 813.366; -0.01257946; 203.3923; Before; 9.442993; null
27; Driver; Interference; Intention; 30.10.2023 10:54:19; 813.3216; -0.01255914; 203.3922; Before; 9.461768; null
27; Driver; Interference; Intention; 30.10.2023 10:54:19; 813.2937; -0.01255047; 203.3921; Before; 9.477841; null
27; Driver; Interference; Intention; 30.10.2023 10:54:19; 813.2803; -0.01254846; 203.392; Before; 9.493972; null
27; Driver; Interference; Intention; 30.10.2023 10:54:19; 813.2544; -0.01253187; 203.3919; Before; 9.510314; null
27; Driver; Interference; Intention; 30.10.2023 10:54:19; 813.2299; -0.01252283; 203.3919; Before; 9.531662; null
27; Driver; Interference; Intention; 30.10.2023 10:54:19; 813.2182; -0.01252013; 203.3918; Before; 9.568202; null
27; Driver; Interference; Intention; 30.10.2023 10:54:19; 813.1957; -0.01251288; 203.3918; Before; 9.585858; null
27; Driver; Interference; Intention; 30.10.2023 10:54:19; 813.1747; -0.01251083; 203.3917; Before; 9.602279; null
27; Driver; Interference; Intention; 30.10.2023 10:54:19; 813.155; -0.01249876; 203.3916; Before; 9.618917; null
27; Driver; Interference; Intention; 30.10.2023 10:54:19; 813.1366; -0.01248872; 203.3916; Before; 9.6352; null
27; Driver; Interference; Intention; 30.10.2023 10:54:19; 813.1196; -0.01247183; 203.3915; Before; 9.65283; null
27; Driver; Interference; Intention; 30.10.2023 10:54:19; 813.1039; -0.01245068; 203.3915; Before; 9.66948; null
27; Driver; Interference; Intention; 30.10.2023 10:54:19; 813.0966; -0.01244175; 203.3914; Before; 9.691004; null
27; Driver; Interference; Intention; 30.10.2023 10:54:19; 813.0829; -0.01242429; 203.3914; Before; 9.711744; null
27; Driver; Interference; Intention; 30.10.2023 10:54:19; 813.0765; -0.01241693; 203.3913; Before; 9.745749; null
27; Driver; Interference; Intention; 30.10.2023 10:54:19; 813.0649; -0.01240236; 203.3913; Before; 9.762177; null
27; Driver; Interference; Intention; 30.10.2023 10:54:19; 813.0499; -0.01237873; 203.3913; Before; 9.780125; null
27; Driver; Interference; Intention; 30.10.2023 10:54:19; 813.0456; -0.0123736; 203.3913; Before; 9.798898; null
27; Driver; Interference; Intention; 30.10.2023 10:54:20; 813.0379; -0.01236286; 203.3912; Before; 9.8149; null
27; Driver; Interference; Intention; 30.10.2023 10:54:20; 813.0316; -0.0123499; 203.3912; Before; 9.83071; null
27; Driver; Interference; Intention; 30.10.2023 10:54:20; 813.0267; -0.01233564; 203.3912; Before; 9.850539; null
27; Driver; Interference; Intention; 30.10.2023 10:54:20; 813.0245; -0.01232888; 203.3911; Before; 9.887614; null
27; Driver; Interference; Intention; 30.10.2023 10:54:20; 813.0244; -0.01231701; 203.3911; Before; 9.887614; null
27; Driver; Interference; Intention; 30.10.2023 10:54:20; 813.0244; -0.01230439; 203.3911; Before; 9.921489; null
27; Driver; Interference; Intention; 30.10.2023 10:54:20; 813.0244; -0.01229053; 203.3911; Before; 9.937878; null
27; Driver; Interference; Intention; 30.10.2023 10:54:20; 813.0244; -0.01227577; 203.3911; Before; 9.95311; null
27; Driver; Interference; Intention; 30.10.2023 10:54:20; 813.0244; -0.0122682; 203.3911; Before; 9.986725; null
27; Driver; Interference; Intention; 30.10.2023 10:54:20; 813.0244; -0.01225303; 203.3911; Before; 9.986725; null
27; Driver; Interference; Intention; 30.10.2023 10:54:20; 813.0244; -0.0122384; 203.3911; Before; 10.00751; null
27; Driver; Interference; Intention; 30.10.2023 10:54:20; 813.0244; -0.01223153; 203.3911; Before; 10.04339; null
27; Driver; Interference; Intention; 30.10.2023 10:54:20; 813.0244; -0.01221914; 203.3911; Before; 10.06131; null
27; Driver; Interference; Intention; 30.10.2023 10:54:20; 813.0244; -0.01220499; 203.3911; Before; 10.08075; null
27; Driver; Interference; Intention; 30.10.2023 10:54:20; 813.0244; -0.01220167; 203.3911; Before; 10.09819; null
27; Driver; Interference; Intention; 30.10.2023 10:54:20; 813.0244; -0.01219728; 203.3911; Before; 10.11329; null
27; Driver; Interference; Intention; 30.10.2023 10:54:20; 813.0244; -0.01219572; 203.3911; Before; 10.12997; null
27; Driver; Interference; Intention; 30.10.2023 10:54:20; 813.0244; -0.01219673; 203.3911; Before; 10.14627; null
27; Driver; Interference; Intention; 30.10.2023 10:54:20; 813.0244; -0.01219803; 203.3911; Before; 10.18716; null
27; Driver; Interference; Intention; 30.10.2023 10:54:20; 813.0244; -0.01220188; 203.3911; Before; 10.18716; null
27; Driver; Interference; Intention; 30.10.2023 10:54:20; 813.0244; -0.01220683; 203.3911; Before; 10.22032; null
27; Driver; Interference; Intention; 30.10.2023 10:54:20; 813.0244; -0.01221223; 203.3911; Before; 10.23668; null
27; Driver; Interference; Intention; 30.10.2023 10:54:20; 813.0244; -0.01221492; 203.3911; Before; 10.26748; null
27; Driver; Interference; Intention; 30.10.2023 10:54:20; 813.0244; -0.01221993; 203.3911; Before; 10.28394; null
27; Driver; Interference; Intention; 30.10.2023 10:54:20; 813.0244; -0.01222418; 203.3911; Before; 10.28394; null
27; Driver; Interference; Intention; 30.10.2023 10:54:20; 813.0244; -0.01222738; 203.3911; Before; 10.30107; null
27; Driver; Interference; Intention; 30.10.2023 10:54:20; 813.0244; -0.01222944; 203.3911; Before; 10.34241; null
27; Driver; Interference; Intention; 30.10.2023 10:54:20; 813.0244; -0.01223038; 203.3911; Before; 10.35998; null
27; Driver; Interference; Intention; 30.10.2023 10:54:20; 813.0244; -0.01223035; 203.3911; Before; 10.37566; null
27; Driver; Interference; Intention; 30.10.2023 10:54:20; 813.0244; -0.01223004; 203.3911; Before; 10.39508; null
27; Driver; Interference; Intention; 30.10.2023 10:54:20; 813.0242; -0.01222888; 203.3911; Before; 10.41289; null
27; Driver; Interference; Intention; 30.10.2023 10:54:20; 813.0242; -0.01222808; 203.3911; Before; 10.44634; null
27; Driver; Interference; Intention; 30.10.2023 10:54:20; 813.0237; -0.01222636; 203.3911; Before; 10.46349; null
27; Driver; Interference; Intention; 30.10.2023 10:54:20; 813.0229; -0.01222457; 203.3911; Before; 10.48347; null
27; Driver; Interference; Intention; 30.10.2023 10:54:20; 813.0212; -0.01222261; 203.3911; Before; 10.48347; null
27; Driver; Interference; Intention; 30.10.2023 10:54:20; 813.0187; -0.01222097; 203.3911; Before; 10.50344; null
27; Driver; Interference; Intention; 30.10.2023 10:54:20; 813.0171; -0.01222091; 203.3911; Before; 10.54224; null
27; Driver; Interference; Intention; 30.10.2023 10:54:20; 813.0132; -0.01222139; 203.391; Before; 10.5626; null
27; Driver; Interference; Intention; 30.10.2023 10:54:20; 813.0084; -0.01222237; 203.3909; Before; 10.58344; null
27; Driver; Interference; Intention; 30.10.2023 10:54:20; 813.0028; -0.01222418; 203.3908; Before; 10.58344; null
27; Driver; Interference; Intention; 30.10.2023 10:54:20; 812.996; -0.01222705; 203.3907; Before; 10.60484; null
27; Driver; Interference; Intention; 30.10.2023 10:54:20; 812.9881; -0.01223125; 203.3906; Before; 10.62538; null
27; Driver; Interference; Intention; 30.10.2023 10:54:20; 812.9836; -0.01223533; 203.3905; Before; 10.66562; null
27; Driver; Interference; Intention; 30.10.2023 10:54:20; 812.9738; -0.01224487; 203.3904; Before; 10.6849; null
27; Driver; Interference; Intention; 30.10.2023 10:54:20; 812.9627; -0.01225413; 203.3902; Before; 10.6849; null
27; Driver; Interference; Intention; 30.10.2023 10:54:20; 812.9504; -0.01226328; 203.39; Before; 10.70423; null
27; Driver; Interference; Intention; 30.10.2023 10:54:20; 812.937; -0.01227246; 203.3897; Before; 10.72481; null
27; Driver; Interference; Intention; 30.10.2023 10:54:20; 812.9297; -0.01227953; 203.3896; Before; 10.76468; null
27; Driver; Interference; Intention; 30.10.2023 10:54:20; 812.9143; -0.01229458; 203.3893; Before; 10.78533; null
27; Driver; Interference; Intention; 30.10.2023 10:54:20; 812.8977; -0.0123076; 203.389; Before; 10.78533; null
27; Driver; Interference; Intention; 30.10.2023 10:54:21; 812.8799; -0.01231888; 203.3886; Before; 10.80467; null
27; Driver; Interference; Intention; 30.10.2023 10:54:21; 812.8705; -0.01232715; 203.3884; Before; 10.84426; null
27; Driver; Interference; Intention; 30.10.2023 10:54:21; 812.8405; -0.01235388; 203.3878; Before; 10.86101; null
27; Driver; Interference; Intention; 30.10.2023 10:54:21; 812.8188; -0.01237272; 203.3873; Before; 10.87754; null
27; Driver; Interference; Intention; 30.10.2023 10:54:21; 812.8075; -0.01238356; 203.387; Before; 10.89323; null
27; Driver; Interference; Intention; 30.10.2023 10:54:21; 812.7838; -0.01240232; 203.3865; Before; 10.90941; null
27; Driver; Interference; Intention; 30.10.2023 10:54:21; 812.7714; -0.01241285; 203.3862; Before; 10.94333; null
27; Driver; Interference; Intention; 30.10.2023 10:54:21; 812.7454; -0.01243015; 203.3856; Before; 10.96404; null
27; Driver; Interference; Intention; 30.10.2023 10:54:21; 812.7178; -0.01243862; 203.3849; Before; 10.98493; null
27; Driver; Interference; Intention; 30.10.2023 10:54:21; 812.6884; -0.01245692; 203.3842; Before; 11.00174; null
27; Driver; Interference; Intention; 30.10.2023 10:54:21; 812.6573; -0.01246457; 203.3834; Before; 11.01872; null
27; Driver; Interference; Intention; 30.10.2023 10:54:21; 812.6246; -0.01247834; 203.3825; Before; 11.03362; null
27; Driver; Interference; Intention; 30.10.2023 10:54:21; 812.6076; -0.0124877; 203.382; Before; 11.0663; null
27; Driver; Interference; Intention; 30.10.2023 10:54:21; 812.5542; -0.0125138; 203.3806; Before; 11.08228; null
27; Driver; Interference; Intention; 30.10.2023 10:54:21; 812.5356; -0.01253016; 203.38; Before; 11.09909; Checking Box AICar
27; Driver; Interference; Intention; 30.10.2023 10:54:21; 812.4974; -0.01254189; 203.3789; Before; 11.11857; Checking Box AICar
27; Driver; Interference; Intention; 30.10.2023 10:54:21; 812.4576; -0.0125451; 203.3777; Before; 11.13958; Checking Box AICar
27; Driver; Interference; Intention; 30.10.2023 10:54:21; 812.4163; -0.01254337; 203.3764; Before; 11.15891; Checking Box AICar
27; Driver; Interference; Intention; 30.10.2023 10:54:21; 812.3951; -0.0125576; 203.3757; Before; 11.19336; Checking Box AICar
27; Driver; Interference; Intention; 30.10.2023 10:54:21; 812.3516; -0.01258252; 203.3742; Before; 11.19336; Checking Box AICar
27; Driver; Interference; Intention; 30.10.2023 10:54:21; 812.3293; -0.01259768; 203.3734; Before; 11.22459; Checking Box AICar
27; Driver; Interference; Intention; 30.10.2023 10:54:21; 812.2601; -0.01263719; 203.371; Before; 11.24123; Checking Box AICar
27; Driver; Interference; Intention; 30.10.2023 10:54:21; 812.2121; -0.01264193; 203.3692; Before; 11.25699; Checking Box AICar
27; Driver; Interference; Intention; 30.10.2023 10:54:21; 812.1627; -0.01263845; 203.3672; Before; 11.27795; Checking Box AICar
27; Driver; Interference; Intention; 30.10.2023 10:54:21; 812.1374; -0.01265406; 203.3662; Before; 11.29915; Checking Box AICar
27; Driver; Interference; Intention; 30.10.2023 10:54:21; 812.0859; -0.01267979; 203.3641; Before; 11.31535; Checking Box AICar
27; Driver; Interference; Intention; 30.10.2023 10:54:21; 812.0597; -0.01269526; 203.363; Before; 11.34671; Checking Box AICar
27; Driver; Interference; Intention; 30.10.2023 10:54:21; 811.9791; -0.01273311; 203.3594; Before; 11.36324; Checking Box AICar
27; Driver; Interference; Intention; 30.10.2023 10:54:21; 811.9237; -0.01275319; 203.3568; Before; 11.3799; null
27; Driver; Interference; Intention; 30.10.2023 10:54:21; 811.8956; -0.01276531; 203.3555; Before; 11.39481; null
27; Driver; Interference; Intention; 30.10.2023 10:54:21; 811.8383; -0.01275973; 203.3527; Before; 11.4113; null
27; Driver; Interference; Intention; 30.10.2023 10:54:21; 811.7797; -0.01276669; 203.3497; Before; 11.43198; null
27; Driver; Interference; Intention; 30.10.2023 10:54:21; 811.7499; -0.01277471; 203.3482; Before; 11.46693; null
27; Driver; Interference; Intention; 30.10.2023 10:54:21; 811.6586; -0.01279614; 203.3432; Before; 11.48347; null
27; Driver; Interference; Intention; 30.10.2023 10:54:21; 811.6274; -0.01281632; 203.3414; Before; 11.49925; null
27; Driver; Interference; Intention; 30.10.2023 10:54:21; 811.5642; -0.01284514; 203.3378; Before; 11.51409; null
27; Driver; Interference; Intention; 30.10.2023 10:54:21; 811.5321; -0.0128607; 203.3359; Before; 11.54622; null
27; Driver; Interference; Intention; 30.10.2023 10:54:21; 811.4668; -0.01288015; 203.3319; Before; 11.56256; Checking Box AICar
27; Driver; Interference; Intention; 30.10.2023 10:54:21; 811.4001; -0.01287533; 203.3277; Before; 11.58519; Checking Box AICar
27; Driver; Interference; Intention; 30.10.2023 10:54:21; 811.332; -0.01285472; 203.3232; Before; 11.58519; Checking Box AICar
27; Driver; Interference; Intention; 30.10.2023 10:54:21; 811.2625; -0.01286469; 203.3184; Before; 11.62275; Checking Box AICar
27; Driver; Interference; Intention; 30.10.2023 10:54:21; 811.1914; -0.01288267; 203.3134; Before; 11.63911; Checking Box AICar
27; Driver; Interference; Intention; 30.10.2023 10:54:21; 811.1554; -0.01289619; 203.3107; Before; 11.67; null
27; Driver; Interference; Intention; 30.10.2023 10:54:21; 811.0823; -0.01291562; 203.3052; Before; 11.68656; null
27; Driver; Interference; Intention; 30.10.2023 10:54:21; 811.0077; -0.01295488; 203.2994; Before; 11.7028; null
27; Driver; Interference; Intention; 30.10.2023 10:54:21; 810.9698; -0.0129482; 203.2964; Before; 11.71931; null
27; Driver; Interference; Intention; 30.10.2023 10:54:21; 810.8931; -0.01294401; 203.29; Before; 11.74048; null
27; Driver; Interference; Intention; 30.10.2023 10:54:21; 810.7753; -0.01292587; 203.2798; Before; 11.76106; null
27; Driver; Interference; Intention; 30.10.2023 10:54:21; 810.6951; -0.01292925; 203.2725; Before; 11.77791; null
27; Driver; Interference; Intention; 30.10.2023 10:54:21; 810.6545; -0.01293988; 203.2687; Before; 11.79322; null
27; Driver; Interference; Intention; 30.10.2023 10:54:22; 810.5723; -0.01295903; 203.2608; Before; 11.80992; null
27; Driver; Interference; Intention; 30.10.2023 10:54:22; 810.5308; -0.01297572; 203.2567; Before; 11.84269; null
27; Driver; Interference; Intention; 30.10.2023 10:54:22; 810.4042; -0.01302196; 203.2437; Before; 11.86055; null
27; Driver; Interference; Intention; 30.10.2023 10:54:22; 810.3185; -0.01305063; 203.2346; Before; 11.8769; null
27; Driver; Interference; Intention; 30.10.2023 10:54:22; 810.2752; -0.01306914; 203.2298; Before; 11.89626; null
27; Driver; Interference; Intention; 30.10.2023 10:54:22; 810.188; -0.01306109; 203.22; Before; 11.91555; null
27; Driver; Interference; Intention; 30.10.2023 10:54:22; 810.144; -0.01308515; 203.2148; Before; 11.94807; null
27; Driver; Interference; Intention; 30.10.2023 10:54:22; 810.0111; -0.01313887; 203.1989; Before; 11.96382; null
27; Driver; Interference; Intention; 30.10.2023 10:54:22; 809.9216; -0.01316286; 203.1877; Before; 11.97947; null
27; Driver; Interference; Intention; 30.10.2023 10:54:22; 809.8766; -0.01317714; 203.1819; Before; 11.9953; null
27; Driver; Interference; Intention; 30.10.2023 10:54:22; 809.7863; -0.01319099; 203.1701; Before; 12.01194; null
27; Driver; Interference; Intention; 30.10.2023 10:54:22; 809.6955; -0.01317283; 203.1578; Before; 12.02876; null
27; Driver; Interference; Intention; 30.10.2023 10:54:22; 809.6044; -0.01313431; 203.145; Before; 12.04943; null
27; Driver; Interference; Intention; 30.10.2023 10:54:22; 809.5588; -0.0131264; 203.1384; Before; 12.08777; null
27; Driver; Interference; Intention; 30.10.2023 10:54:22; 809.4675; -0.01311242; 203.125; Before; 12.08777; null
27; Driver; Interference; Intention; 30.10.2023 10:54:22; 809.3762; -0.01313626; 203.1111; Before; 12.12123; null
27; Driver; Interference; Intention; 30.10.2023 10:54:22; 809.2849; -0.0131304; 203.0968; Before; 12.13835; null
27; Driver; Interference; Intention; 30.10.2023 10:54:22; 809.1938; -0.01314511; 203.0821; Before; 12.15336; null
27; Driver; Interference; Intention; 30.10.2023 10:54:22; 809.1031; -0.01313555; 203.0669; Before; 12.17214; null
27; Driver; Interference; Intention; 30.10.2023 10:54:22; 809.0578; -0.0131397; 203.0592; Before; 12.18896; null
27; Driver; Interference; Intention; 30.10.2023 10:54:22; 808.9674; -0.01314412; 203.0434; Before; 12.20918; null
27; Driver; Interference; Intention; 30.10.2023 10:54:22; 808.8774; -0.01312722; 203.0272; Before; 12.22974; null
27; Driver; Interference; Intention; 30.10.2023 10:54:22; 808.8325; -0.01312864; 203.0189; Before; 12.2652; null
27; Driver; Interference; Intention; 30.10.2023 10:54:22; 808.7428; -0.01312941; 203.002; Before; 12.28265; null
27; Driver; Interference; Intention; 30.10.2023 10:54:22; 808.6535; -0.01316149; 202.9846; Before; 12.30153; null
27; Driver; Interference; Intention; 30.10.2023 10:54:22; 808.5645; -0.01315838; 202.9669; Before; 12.3187; null
27; Driver; Interference; Intention; 30.10.2023 10:54:22; 808.4758; -0.01313504; 202.9487; Before; 12.33491; null
27; Driver; Interference; Intention; 30.10.2023 10:54:22; 808.3875; -0.01309945; 202.9301; Before; 12.35357; null
27; Driver; Interference; Intention; 30.10.2023 10:54:22; 808.2994; -0.0130938; 202.9111; Before; 12.37734; null
27; Driver; Interference; Intention; 30.10.2023 10:54:22; 808.2555; -0.01310023; 202.9013; Before; 12.39723; null
27; Driver; Interference; Intention; 30.10.2023 10:54:22; 808.1679; -0.0130746; 202.8816; Before; 12.41391; null
27; Driver; Interference; Intention; 30.10.2023 10:54:22; 808.0806; -0.01307808; 202.8615; Before; 12.43144; null
27; Driver; Interference; Intention; 30.10.2023 10:54:22; 808.0371; -0.01308851; 202.8513; Before; 12.46508; null
27; Driver; Interference; Intention; 30.10.2023 10:54:22; 807.907; -0.01311863; 202.82; Before; 12.48189; null
27; Driver; Interference; Intention; 30.10.2023 10:54:22; 807.8638; -0.0131471; 202.8093; Before; 12.49814; null
27; Driver; Interference; Intention; 30.10.2023 10:54:22; 807.7776; -0.01315108; 202.7877; Before; 12.5148; null
27; Driver; Interference; Intention; 30.10.2023 10:54:22; 807.6917; -0.01313163; 202.7658; Before; 12.53566; null
27; Driver; Interference; Intention; 30.10.2023 10:54:22; 807.6062; -0.01313179; 202.7434; Before; 12.55529; null
27; Driver; Interference; Intention; 30.10.2023 10:54:22; 807.5635; -0.01313794; 202.732; Before; 12.58933; null
27; Driver; Interference; Intention; 30.10.2023 10:54:22; 807.4785; -0.01314233; 202.7091; Before; 12.58933; null
27; Driver; Interference; Intention; 30.10.2023 10:54:22; 807.4361; -0.01314952; 202.6974; Before; 12.6236; null
27; Driver; Interference; Intention; 30.10.2023 10:54:22; 807.3093; -0.013161; 202.662; Before; 12.64072; null
27; Driver; Interference; Intention; 30.10.2023 10:54:22; 807.2252; -0.01316378; 202.6379; Before; 12.65721; null
27; Driver; Interference; Intention; 30.10.2023 10:54:22; 807.1414; -0.01313929; 202.6134; Before; 12.67326; null
27; Driver; Interference; Intention; 30.10.2023 10:54:22; 807.0996; -0.01313477; 202.601; Before; 12.69394; null
27; Driver; Interference; Intention; 30.10.2023 10:54:22; 807.0163; -0.01308815; 202.576; Before; 12.71577; null
27; Driver; Interference; Intention; 30.10.2023 10:54:22; 806.9333; -0.01307142; 202.5506; Before; 12.73228; null
27; Driver; Interference; Intention; 30.10.2023 10:54:22; 806.892; -0.01307272; 202.5377; Intersection; 0.0163825; null
27; Driver; Interference; Intention; 30.10.2023 10:54:22; 806.8095; -0.01307383; 202.5118; Intersection; 0.0346448; null
27; Driver; Interference; Intention; 30.10.2023 10:54:22; 806.7273; -0.01310508; 202.4854; Intersection; 0.0509996; null
27; Driver; Interference; Intention; 30.10.2023 10:54:23; 806.6452; -0.01310323; 202.4586; Intersection; 0.0689721; null
27; Driver; Interference; Intention; 30.10.2023 10:54:23; 806.5632; -0.01308236; 202.4313; Intersection; 0.0847742; null
27; Driver; Interference; Intention; 30.10.2023 10:54:23; 806.4811; -0.01308344; 202.4036; Intersection; 0.1046659; null
27; Driver; Interference; Intention; 30.10.2023 10:54:23; 806.3989; -0.0130649; 202.3754; Intersection; 0.1251836; null
27; Driver; Interference; Intention; 30.10.2023 10:54:23; 806.3577; -0.01306538; 202.361; Intersection; 0.1428879; null
27; Driver; Interference; Intention; 30.10.2023 10:54:23; 806.2753; -0.0130651; 202.332; Intersection; 0.160846; null
27; Driver; Interference; Intention; 30.10.2023 10:54:23; 806.1927; -0.01304762; 202.3025; Intersection; 0.1806038; null
27; Driver; Interference; Intention; 30.10.2023 10:54:23; 806.1514; -0.01304948; 202.2875; Intersection; 0.2173524; null
27; Driver; Interference; Intention; 30.10.2023 10:54:23; 806.0684; -0.01305302; 202.2571; Intersection; 0.2359384; null
27; Driver; Interference; Intention; 30.10.2023 10:54:23; 805.9852; -0.01304002; 202.2261; Intersection; 0.2359384; null
27; Driver; Interference; Intention; 30.10.2023 10:54:23; 805.9014; -0.01301687; 202.1944; Intersection; 0.2577404; null
27; Driver; Interference; Intention; 30.10.2023 10:54:23; 805.8594; -0.01301854; 202.1783; Intersection; 0.2963045; null
27; Driver; Interference; Intention; 30.10.2023 10:54:23; 805.7751; -0.01302554; 202.1457; Intersection; 0.3130676; null
27; Driver; Interference; Intention; 30.10.2023 10:54:23; 805.6479; -0.01302852; 202.0955; Intersection; 0.3307588; null
27; Driver; Interference; Intention; 30.10.2023 10:54:23; 805.6053; -0.01305594; 202.0784; Intersection; 0.3497157; null
27; Driver; Interference; Intention; 30.10.2023 10:54:23; 805.5198; -0.01306553; 202.0438; Intersection; 0.3664413; null
27; Driver; Interference; Intention; 30.10.2023 10:54:23; 805.434; -0.0130961; 202.0086; Intersection; 0.3829816; null
27; Driver; Interference; Intention; 30.10.2023 10:54:23; 805.348; -0.01310153; 201.9727; Intersection; 0.4002561; null
27; Driver; Interference; Intention; 30.10.2023 10:54:23; 805.3048; -0.01311285; 201.9544; Intersection; 0.4413526; null
27; Driver; Interference; Intention; 30.10.2023 10:54:23; 805.2181; -0.0131301; 201.9175; Intersection; 0.4413526; null
27; Driver; Interference; Intention; 30.10.2023 10:54:23; 805.1311; -0.01312359; 201.8798; Intersection; 0.4589613; null
27; Driver; Interference; Intention; 30.10.2023 10:54:23; 805.0875; -0.01313002; 201.8607; Intersection; 0.4934868; null
27; Driver; Interference; Intention; 30.10.2023 10:54:23; 804.9561; -0.01315207; 201.8023; Intersection; 0.5116396; null
27; Driver; Interference; Intention; 30.10.2023 10:54:23; 804.8679; -0.01316987; 201.7624; Intersection; 0.5286309; null
27; Driver; Interference; Intention; 30.10.2023 10:54:23; 804.8237; -0.01318483; 201.7422; Intersection; 0.5455619; null
27; Driver; Interference; Intention; 30.10.2023 10:54:23; 804.735; -0.01316676; 201.7012; Intersection; 0.5626591; null
27; Driver; Interference; Intention; 30.10.2023 10:54:23; 804.646; -0.01313549; 201.6595; Intersection; 0.5835799; null
27; Driver; Interference; Intention; 30.10.2023 10:54:23; 804.5566; -0.01313683; 201.617; Intersection; 0.6042909; null
27; Driver; Interference; Intention; 30.10.2023 10:54:23; 804.5118; -0.01314787; 201.5954; Intersection; 0.6400684; null
27; Driver; Interference; Intention; 30.10.2023 10:54:23; 804.4219; -0.01316618; 201.5517; Intersection; 0.6400684; null
27; Driver; Interference; Intention; 30.10.2023 10:54:23; 804.3315; -0.01316126; 201.5071; Intersection; 0.6576282; null
27; Driver; Interference; Intention; 30.10.2023 10:54:23; 804.2863; -0.01316957; 201.4845; Intersection; 0.6930143; null
27; Driver; Interference; Intention; 30.10.2023 10:54:23; 804.1499; -0.01319843; 201.4155; Intersection; 0.7113984; null
27; Driver; Interference; Intention; 30.10.2023 10:54:23; 804.0585; -0.01318155; 201.3684; Intersection; 0.7292065; null
27; Driver; Interference; Intention; 30.10.2023 10:54:23; 804.0127; -0.0132083; 201.3445; Intersection; 0.7490186; null
27; Driver; Interference; Intention; 30.10.2023 10:54:23; 803.9208; -0.0132088; 201.2961; Intersection; 0.7695942; null
27; Driver; Interference; Intention; 30.10.2023 10:54:23; 803.8285; -0.01323186; 201.2469; Intersection; 0.7868455; null
27; Driver; Interference; Intention; 30.10.2023 10:54:23; 803.736; -0.01322702; 201.1968; Intersection; 0.8039046; null
27; Driver; Interference; Intention; 30.10.2023 10:54:23; 803.6896; -0.01323484; 201.1713; Intersection; 0.83851; null
27; Driver; Interference; Intention; 30.10.2023 10:54:23; 803.5966; -0.01324593; 201.1198; Intersection; 0.83851; null
27; Driver; Interference; Intention; 30.10.2023 10:54:23; 803.5032; -0.01329181; 201.0673; Intersection; 0.8729205; null
27; Driver; Interference; Intention; 30.10.2023 10:54:23; 803.4096; -0.01329512; 201.014; Intersection; 0.8906506; null
27; Driver; Interference; Intention; 30.10.2023 10:54:23; 803.3627; -0.01326866; 200.987; Intersection; 0.9106727; null
27; Driver; Interference; Intention; 30.10.2023 10:54:23; 803.2214; -0.0132382; 200.9045; Intersection; 0.9319101; null
27; Driver; Interference; Intention; 30.10.2023 10:54:23; 803.1743; -0.01325974; 200.8765; Intersection; 0.9497401; null
27; Driver; Interference; Intention; 30.10.2023 10:54:23; 803.0797; -0.01325068; 200.8199; Intersection; 0.9664447; null
27; Driver; Interference; Intention; 30.10.2023 10:54:23; 802.9849; -0.0132705; 200.7623; Intersection; 0.9831666; null
27; Driver; Interference; Intention; 30.10.2023 10:54:23; 802.89; -0.01326477; 200.7038; Intersection; 1.00098; null
27; Driver; Interference; Intention; 30.10.2023 10:54:23; 802.8425; -0.01317782; 200.6741; Intersection; 1.03753; null
27; Driver; Interference; Intention; 30.10.2023 10:54:23; 802.7475; -0.01304153; 200.6141; Intersection; 1.03753; null
27; Driver; Interference; Intention; 30.10.2023 10:54:24; 802.6525; -0.01292388; 200.5533; Intersection; 1.058386; null
27; Driver; Interference; Intention; 30.10.2023 10:54:24; 802.5577; -0.01283499; 200.4917; Intersection; 1.078994; null
27; Driver; Interference; Intention; 30.10.2023 10:54:24; 802.4632; -0.01277839; 200.4294; Intersection; 1.102442; null
27; Driver; Interference; Intention; 30.10.2023 10:54:24; 802.4161; -0.01277906; 200.3978; Intersection; 1.139698; null
27; Driver; Interference; Intention; 30.10.2023 10:54:24; 802.3223; -0.01281764; 200.3344; Intersection; 1.139698; null
27; Driver; Interference; Intention; 30.10.2023 10:54:24; 802.2756; -0.01285406; 200.3024; Intersection; 1.175548; null
27; Driver; Interference; Intention; 30.10.2023 10:54:24; 802.1364; -0.01298952; 200.2056; Intersection; 1.192699; null
27; Driver; Interference; Intention; 30.10.2023 10:54:24; 802.0444; -0.01303158; 200.1403; Intersection; 1.210319; null
27; Driver; Interference; Intention; 30.10.2023 10:54:24; 801.9986; -0.01302537; 200.1075; Intersection; 1.230224; null
27; Driver; Interference; Intention; 30.10.2023 10:54:24; 801.9075; -0.01303021; 200.0413; Intersection; 1.230224; null
27; Driver; Interference; Intention; 30.10.2023 10:54:24; 801.8173; -0.01307992; 199.9744; Intersection; 1.271038; null
27; Driver; Interference; Intention; 30.10.2023 10:54:24; 801.7277; -0.01309487; 199.9071; Intersection; 1.288673; null
27; Driver; Interference; Intention; 30.10.2023 10:54:24; 801.6388; -0.01313326; 199.8391; Intersection; 1.304623; null
27; Driver; Interference; Intention; 30.10.2023 10:54:24; 801.5947; -0.01315335; 199.8049; Intersection; 1.3402; null
27; Driver; Interference; Intention; 30.10.2023 10:54:24; 801.5069; -0.01318482; 199.7361; Intersection; 1.3402; null
27; Driver; Interference; Intention; 30.10.2023 10:54:24; 801.4199; -0.01332559; 199.6668; Intersection; 1.35824; null
27; Driver; Interference; Intention; 30.10.2023 10:54:24; 801.3336; -0.01340371; 199.5968; Intersection; 1.375806; null
27; Driver; Interference; Intention; 30.10.2023 10:54:24; 801.248; -0.01342774; 199.5263; Intersection; 1.397187; null
27; Driver; Interference; Intention; 30.10.2023 10:54:24; 801.1633; -0.01340993; 199.4552; Intersection; 1.419227; null
27; Driver; Interference; Intention; 30.10.2023 10:54:24; 801.121; -0.01334685; 199.4195; Intersection; 1.419227; null
27; Driver; Interference; Intention; 30.10.2023 10:54:24; 801.0374; -0.01325799; 199.3474; Intersection; 1.437768; null
27; Driver; Interference; Intention; 30.10.2023 10:54:24; 800.9959; -0.01323472; 199.3111; Intersection; 1.495544; null
27; Driver; Interference; Intention; 30.10.2023 10:54:24; 800.9134; -0.01320341; 199.2382; Intersection; 1.513492; null
27; Driver; Interference; Intention; 30.10.2023 10:54:24; 800.8316; -0.01316977; 199.1647; Intersection; 1.532134; null
27; Driver; Interference; Intention; 30.10.2023 10:54:24; 800.7507; -0.01313806; 199.0907; Intersection; 1.532134; null
27; Driver; Interference; Intention; 30.10.2023 10:54:24; 800.6705; -0.01311108; 199.0161; Intersection; 1.554597; null
27; Driver; Interference; Intention; 30.10.2023 10:54:24; 800.5911; -0.01309039; 198.941; Intersection; 1.575591; null
27; Driver; Interference; Intention; 30.10.2023 10:54:24; 800.5126; -0.01307637; 198.8653; Intersection; 1.594034; null
27; Driver; Interference; Intention; 30.10.2023 10:54:24; 800.435; -0.01306856; 198.7892; Intersection; 1.622812; null
27; Driver; Interference; Intention; 30.10.2023 10:54:24; 800.3965; -0.01308504; 198.7509; Intersection; 1.641298; null
27; Driver; Interference; Intention; 30.10.2023 10:54:24; 800.3201; -0.01312668; 198.674; Intersection; 1.661092; null
27; Driver; Interference; Intention; 30.10.2023 10:54:24; 800.2446; -0.01315293; 198.5967; Intersection; 1.678675; null
27; Driver; Interference; Intention; 30.10.2023 10:54:24; 800.17; -0.01316501; 198.5188; Intersection; 1.696129; null
27; Driver; Interference; Intention; 30.10.2023 10:54:24; 800.1331; -0.01318465; 198.4797; Intersection; 1.737875; null
27; Driver; Interference; Intention; 30.10.2023 10:54:24; 800.0597; -0.013222; 198.4012; Intersection; 1.737875; null
27; Driver; Interference; Intention; 30.10.2023 10:54:24; 800.0234; -0.01324894; 198.3617; Intersection; 1.773078; null
27; Driver; Interference; Intention; 30.10.2023 10:54:24; 799.9157; -0.01331758; 198.2427; Intersection; 1.792204; null
27; Driver; Interference; Intention; 30.10.2023 10:54:24; 799.845; -0.01331088; 198.1629; Intersection; 1.810252; null
27; Driver; Interference; Intention; 30.10.2023 10:54:24; 799.7751; -0.0133239; 198.0826; Intersection; 1.827649; null
27; Driver; Interference; Intention; 30.10.2023 10:54:24; 799.7406; -0.01333614; 198.0422; Intersection; 1.845874; null
27; Driver; Interference; Intention; 30.10.2023 10:54:24; 799.6721; -0.01330659; 197.9613; Intersection; 1.864432; null
27; Driver; Interference; Intention; 30.10.2023 10:54:24; 799.6044; -0.01326152; 197.88; Intersection; 1.88902; null
27; Driver; Interference; Intention; 30.10.2023 10:54:24; 799.5377; -0.01321001; 197.7983; Intersection; 1.909233; null
27; Driver; Interference; Intention; 30.10.2023 10:54:24; 799.4719; -0.01320034; 197.7162; Intersection; 1.928149; null
27; Driver; Interference; Intention; 30.10.2023 10:54:24; 799.4393; -0.01320843; 197.6749; Intersection; 1.945905; null
27; Driver; Interference; Intention; 30.10.2023 10:54:24; 799.3748; -0.0131828; 197.5922; Intersection; 1.963889; null
27; Driver; Interference; Intention; 30.10.2023 10:54:24; 799.3112; -0.01319394; 197.5092; Intersection; 1.981911; null
27; Driver; Interference; Intention; 30.10.2023 10:54:24; 799.2485; -0.01318741; 197.4258; Intersection; 2.00077; null
27; Driver; Interference; Intention; 30.10.2023 10:54:24; 799.1866; -0.01316863; 197.342; Intersection; 2.019364; null
27; Driver; Interference; Intention; 30.10.2023 10:54:24; 799.1561; -0.01317391; 197.3; Intersection; 2.040477; null
27; Driver; Interference; Intention; 30.10.2023 10:54:25; 799.0955; -0.01318686; 197.2157; Intersection; 2.061088; null
27; Driver; Interference; Intention; 30.10.2023 10:54:25; 799.0657; -0.0132037; 197.1734; Intersection; 2.096223; null
27; Driver; Interference; Intention; 30.10.2023 10:54:25; 799.0065; -0.01323168; 197.0886; Intersection; 2.114273; null
27; Driver; Interference; Intention; 30.10.2023 10:54:25; 798.9482; -0.01323198; 197.0036; Intersection; 2.13302; null
27; Driver; Interference; Intention; 30.10.2023 10:54:25; 798.8908; -0.0132121; 196.9182; Intersection; 2.13302; null
27; Driver; Interference; Intention; 30.10.2023 10:54:25; 798.8625; -0.01321439; 196.8754; Intersection; 2.171281; null
27; Driver; Interference; Intention; 30.10.2023 10:54:25; 798.8063; -0.01321828; 196.7896; Intersection; 2.192736; null
27; Driver; Interference; Intention; 30.10.2023 10:54:25; 798.751; -0.01320193; 196.7035; Intersection; 2.213528; null
27; Driver; Interference; Intention; 30.10.2023 10:54:25; 798.6966; -0.01317261; 196.6172; Intersection; 2.232638; null
27; Driver; Interference; Intention; 30.10.2023 10:54:25; 798.6431; -0.01319351; 196.5306; Intersection; 2.250787; null
27; Driver; Interference; Intention; 30.10.2023 10:54:25; 798.5904; -0.01318774; 196.4438; Intersection; 2.268306; null
27; Driver; Interference; Intention; 30.10.2023 10:54:25; 798.5385; -0.01320836; 196.3568; Intersection; 2.284321; null
27; Driver; Interference; Intention; 30.10.2023 10:54:25; 798.4874; -0.01320409; 196.2695; Intersection; 2.302688; null
27; Driver; Interference; Intention; 30.10.2023 10:54:25; 798.4623; -0.01321196; 196.2258; Intersection; 2.33854; null
27; Driver; Interference; Intention; 30.10.2023 10:54:25; 798.4124; -0.01322315; 196.1382; Intersection; 2.33854; null
27; Driver; Interference; Intention; 30.10.2023 10:54:25; 798.3634; -0.01320993; 196.0505; Intersection; 2.359313; null
27; Driver; Interference; Intention; 30.10.2023 10:54:25; 798.3152; -0.01318039; 195.9626; Intersection; 2.379976; null
27; Driver; Interference; Intention; 30.10.2023 10:54:25; 798.2914; -0.01317886; 195.9185; Intersection; 2.418241; null
27; Driver; Interference; Intention; 30.10.2023 10:54:25; 798.2444; -0.01317772; 195.8303; Intersection; 2.435694; null
27; Driver; Interference; Intention; 30.10.2023 10:54:25; 798.1981; -0.0131599; 195.742; Intersection; 2.435694; null
27; Driver; Interference; Intention; 30.10.2023 10:54:25; 798.1528; -0.01318707; 195.6535; Intersection; 2.47272; null
27; Driver; Interference; Intention; 30.10.2023 10:54:25; 798.1302; -0.01317135; 195.6092; Intersection; 2.490598; null
27; Driver; Interference; Intention; 30.10.2023 10:54:25; 798.0859; -0.01316015; 195.5205; Intersection; 2.511191; null
27; Driver; Interference; Intention; 30.10.2023 10:54:25; 798.0422; -0.01313632; 195.4317; Intersection; 2.534766; null
27; Driver; Interference; Intention; 30.10.2023 10:54:25; 797.9993; -0.01310582; 195.3428; Intersection; 2.534766; null
27; Driver; Interference; Intention; 30.10.2023 10:54:25; 797.9782; -0.01310637; 195.2983; Intersection; 2.573347; null
27; Driver; Interference; Intention; 30.10.2023 10:54:25; 797.9158; -0.01312811; 195.1647; Intersection; 2.591898; null
27; Driver; Interference; Intention; 30.10.2023 10:54:25; 797.8953; -0.01310693; 195.1202; Intersection; 2.60998; null
27; Driver; Interference; Intention; 30.10.2023 10:54:25; 797.8548; -0.01309161; 195.031; Intersection; 2.630955; null
27; Driver; Interference; Intention; 30.10.2023 10:54:25; 797.8151; -0.01307129; 194.9417; Intersection; 2.630955; null
27; Driver; Interference; Intention; 30.10.2023 10:54:25; 797.776; -0.01304942; 194.8524; Intersection; 2.651327; null
27; Driver; Interference; Intention; 30.10.2023 10:54:25; 797.7376; -0.01302867; 194.763; Intersection; 2.676254; null
27; Driver; Interference; Intention; 30.10.2023 10:54:25; 797.7187; -0.01303574; 194.7183; Intersection; 2.716506; null
27; Driver; Interference; Intention; 30.10.2023 10:54:25; 797.6813; -0.01305753; 194.6288; Intersection; 2.734482; null
27; Driver; Interference; Intention; 30.10.2023 10:54:25; 797.6445; -0.01306683; 194.5394; Intersection; 2.734482; null
27; Driver; Interference; Intention; 30.10.2023 10:54:25; 797.6085; -0.01311953; 194.4498; Intersection; 2.771073; null
27; Driver; Interference; Intention; 30.10.2023 10:54:25; 797.5729; -0.01314027; 194.3603; Intersection; 2.788774; null
27; Driver; Interference; Intention; 30.10.2023 10:54:25; 797.5381; -0.01314089; 194.2708; Intersection; 2.806871; null
27; Driver; Interference; Intention; 30.10.2023 10:54:25; 797.5209; -0.0131191; 194.226; Intersection; 2.829544; null
27; Driver; Interference; Intention; 30.10.2023 10:54:25; 797.4871; -0.01315289; 194.1364; Intersection; 2.850823; null
27; Driver; Interference; Intention; 30.10.2023 10:54:25; 797.4537; -0.01315571; 194.0468; Intersection; 2.869915; null
27; Driver; Interference; Intention; 30.10.2023 10:54:25; 797.421; -0.01314105; 193.9573; Intersection; 2.887246; null
27; Driver; Interference; Intention; 30.10.2023 10:54:25; 797.389; -0.01315229; 193.8677; Intersection; 2.904882; null
27; Driver; Interference; Intention; 30.10.2023 10:54:25; 797.3575; -0.0131419; 193.7782; Intersection; 2.92584; null
27; Driver; Interference; Intention; 30.10.2023 10:54:25; 797.3421; -0.01314683; 193.7334; Intersection; 2.94393; null
27; Driver; Interference; Intention; 30.10.2023 10:54:25; 797.3116; -0.01311705; 193.6439; Intersection; 2.963486; null
27; Driver; Interference; Intention; 30.10.2023 10:54:25; 797.2816; -0.01308228; 193.5544; Intersection; 2.986068; null
27; Driver; Interference; Intention; 30.10.2023 10:54:25; 797.2522; -0.01304759; 193.465; Intersection; 3.00745; null
27; Driver; Interference; Intention; 30.10.2023 10:54:25; 797.2233; -0.01305323; 193.3755; Intersection; 3.026636; null
27; Driver; Interference; Intention; 30.10.2023 10:54:25; 797.2092; -0.01306793; 193.3308; Intersection; 3.046833; null
27; Driver; Interference; Intention; 30.10.2023 10:54:26; 797.1812; -0.01305947; 193.2413; Intersection; 3.064646; null
27; Driver; Interference; Intention; 30.10.2023 10:54:26; 797.1538; -0.01308202; 193.1519; Intersection; 3.082558; null
27; Driver; Interference; Intention; 30.10.2023 10:54:26; 797.1269; -0.01308602; 193.0625; Intersection; 3.101094; null
27; Driver; Interference; Intention; 30.10.2023 10:54:26; 797.1006; -0.01307606; 192.9731; Intersection; 3.120442; null
27; Driver; Interference; Intention; 30.10.2023 10:54:26; 797.0876; -0.01308311; 192.9284; Intersection; 3.142446; null
27; Driver; Interference; Intention; 30.10.2023 10:54:26; 797.0621; -0.01306118; 192.839; Intersection; 3.163945; null
27; Driver; Interference; Intention; 30.10.2023 10:54:26; 797.0372; -0.01307275; 192.7496; Intersection; 3.182697; null
27; Driver; Interference; Intention; 30.10.2023 10:54:26; 797.0127; -0.01306915; 192.6601; Intersection; 3.201681; null
27; Driver; Interference; Intention; 30.10.2023 10:54:26; 797.0007; -0.01307876; 192.6154; Intersection; 3.2389; null
27; Driver; Interference; Intention; 30.10.2023 10:54:26; 796.9769; -0.01309688; 192.5259; Intersection; 3.2389; null
27; Driver; Interference; Intention; 30.10.2023 10:54:26; 796.9537; -0.01309502; 192.4364; Intersection; 3.256694; null
27; Driver; Interference; Intention; 30.10.2023 10:54:26; 796.9311; -0.01307884; 192.3468; Intersection; 3.274902; null
27; Driver; Interference; Intention; 30.10.2023 10:54:26; 796.9089; -0.01305404; 192.2571; Intersection; 3.299164; null
27; Driver; Interference; Intention; 30.10.2023 10:54:26; 796.8981; -0.01305564; 192.2122; Intersection; 3.339918; null
27; Driver; Interference; Intention; 30.10.2023 10:54:26; 796.8766; -0.01306295; 192.1222; Intersection; 3.339918; null
27; Driver; Interference; Intention; 30.10.2023 10:54:26; 796.8555; -0.01305657; 192.032; Intersection; 3.359262; null
27; Driver; Interference; Intention; 30.10.2023 10:54:26; 796.8349; -0.01304093; 191.9414; Intersection; 3.377345; null
27; Driver; Interference; Intention; 30.10.2023 10:54:26; 796.8146; -0.01302033; 191.8504; Intersection; 3.398671; null
27; Driver; Interference; Intention; 30.10.2023 10:54:26; 796.7947; -0.01299847; 191.7588; Intersection; 3.420676; null
27; Driver; Interference; Intention; 30.10.2023 10:54:26; 796.785; -0.01300391; 191.7128; Intersection; 3.442354; null
27; Driver; Interference; Intention; 30.10.2023 10:54:26; 796.7657; -0.01298532; 191.6204; Intersection; 3.464577; null
27; Driver; Interference; Intention; 30.10.2023 10:54:26; 796.7467; -0.01297098; 191.5275; Intersection; 3.486808; null
27; Driver; Interference; Intention; 30.10.2023 10:54:26; 796.7281; -0.01299836; 191.4339; Intersection; 3.505; null
27; Driver; Interference; Intention; 30.10.2023 10:54:26; 796.7098; -0.01301453; 191.3396; Intersection; 3.523981; null
27; Driver; Interference; Intention; 30.10.2023 10:54:26; 796.7008; -0.01303525; 191.2922; Intersection; 3.542119; null
27; Driver; Interference; Intention; 30.10.2023 10:54:26; 796.683; -0.01307556; 191.1968; Intersection; 3.560779; null
27; Driver; Interference; Intention; 30.10.2023 10:54:26; 796.6655; -0.01309368; 191.1007; Intersection; 3.579808; null
27; Driver; Interference; Intention; 30.10.2023 10:54:26; 796.6483; -0.01309433; 191.0037; Intersection; 3.598236; null
27; Driver; Interference; Intention; 30.10.2023 10:54:26; 796.6313; -0.0130829; 190.9059; Intersection; 3.623042; null
27; Driver; Interference; Intention; 30.10.2023 10:54:26; 796.6229; -0.01309124; 190.8566; Intersection; 3.644785; null
27; Driver; Interference; Intention; 30.10.2023 10:54:26; 796.6064; -0.01307152; 190.7573; Intersection; 3.665176; null
27; Driver; Interference; Intention; 30.10.2023 10:54:26; 796.59; -0.01309041; 190.657; Intersection; 3.684118; null
27; Driver; Interference; Intention; 30.10.2023 10:54:26; 796.5739; -0.01309484; 190.5556; Intersection; 3.702434; null
27; Driver; Interference; Intention; 30.10.2023 10:54:26; 796.566; -0.01311048; 190.5044; Intersection; 3.740785; null
27; Driver; Interference; Intention; 30.10.2023 10:54:26; 796.5502; -0.01314142; 190.4013; Intersection; 3.740785; null
27; Driver; Interference; Intention; 30.10.2023 10:54:26; 796.5347; -0.01315088; 190.297; Intersection; 3.759382; null
27; Driver; Interference; Intention; 30.10.2023 10:54:26; 796.5195; -0.01314471; 190.1915; Intersection; 3.780787; null
27; Driver; Interference; Intention; 30.10.2023 10:54:26; 796.5045; -0.01312888; 190.0848; Intersection; 3.801934; null
27; Driver; Interference; Intention; 30.10.2023 10:54:26; 796.4971; -0.01313745; 190.031; Intersection; 3.839714; null
27; Driver; Interference; Intention; 30.10.2023 10:54:26; 796.4824; -0.01315905; 189.9224; Intersection; 3.839714; null
27; Driver; Interference; Intention; 30.10.2023 10:54:26; 796.468; -0.0131641; 189.8125; Intersection; 3.857544; null
27; Driver; Interference; Intention; 30.10.2023 10:54:26; 796.461; -0.01318092; 189.757; Intersection; 3.894076; null
27; Driver; Interference; Intention; 30.10.2023 10:54:26; 796.447; -0.01304328; 189.645; Intersection; 3.912517; null
27; Driver; Interference; Intention; 30.10.2023 10:54:26; 796.4332; -0.01292233; 189.5316; Intersection; 3.934004; null
27; Driver; Interference; Intention; 30.10.2023 10:54:26; 796.4198; -0.01282979; 189.4168; Intersection; 3.934004; null
27; Driver; Interference; Intention; 30.10.2023 10:54:26; 796.4132; -0.01281361; 189.3589; Intersection; 3.973347; null
27; Driver; Interference; Intention; 30.10.2023 10:54:26; 796.3938; -0.01284833; 189.1832; Intersection; 3.991611; null
27; Driver; Interference; Intention; 30.10.2023 10:54:26; 796.3812; -0.01291967; 189.0643; Intersection; 4.008406; null
27; Driver; Interference; Intention; 30.10.2023 10:54:26; 796.369; -0.01296958; 188.944; Intersection; 4.025713; null
27; Driver; Interference; Intention; 30.10.2023 10:54:26; 796.363; -0.01300531; 188.8833; After ; 0; null
27; Driver; Interference; Intention; 30.10.2023 10:54:27; 796.3511; -0.01308073; 188.761; After ; 0.0172395; null
27; Driver; Interference; Intention; 30.10.2023 10:54:27; 796.3397; -0.01311672; 188.6372; After ; 0.0348587; null
27; Driver; Interference; Intention; 30.10.2023 10:54:27; 796.3286; -0.0131215; 188.512; After ; 0.0553419; null
27; Driver; Interference; Intention; 30.10.2023 10:54:27; 796.3231; -0.01313447; 188.4489; After ; 0.0955742; null
27; Driver; Interference; Intention; 30.10.2023 10:54:27; 796.3124; -0.01316748; 188.3216; After ; 0.0955742; null
27; Driver; Interference; Intention; 30.10.2023 10:54:27; 796.302; -0.01316715; 188.1929; After ; 0.1156272; null
27; Driver; Interference; Intention; 30.10.2023 10:54:27; 796.297; -0.01317772; 188.1279; After ; 0.1509207; null
27; Driver; Interference; Intention; 30.10.2023 10:54:27; 796.2822; -0.01322731; 187.9308; After ; 0.1684799; null
27; Driver; Interference; Intention; 30.10.2023 10:54:27; 796.2727; -0.01321011; 187.7975; After ; 0.1873385; null
27; Driver; Interference; Intention; 30.10.2023 10:54:27; 796.268; -0.01317429; 187.7303; After ; 0.1873385; null
27; Driver; Interference; Intention; 30.10.2023 10:54:27; 796.259; -0.01321185; 187.5946; After ; 0.2276743; null
27; Driver; Interference; Intention; 30.10.2023 10:54:27; 796.2502; -0.01321939; 187.4573; After ; 0.246731; null
27; Driver; Interference; Intention; 30.10.2023 10:54:27; 796.2416; -0.01326758; 187.3183; After ; 0.2615808; null
27; Driver; Interference; Intention; 30.10.2023 10:54:27; 796.2374; -0.01329735; 187.2481; After ; 0.2943431; null
27; Driver; Interference; Intention; 30.10.2023 10:54:27; 796.2291; -0.01343158; 187.1065; After ; 0.3107208; null
27; Driver; Interference; Intention; 30.10.2023 10:54:27; 796.2209; -0.01348565; 186.963; After ; 0.327341; null
27; Driver; Interference; Intention; 30.10.2023 10:54:27; 796.2129; -0.0135417; 186.8178; After ; 0.342177; null
27; Driver; Interference; Intention; 30.10.2023 10:54:27; 796.209; -0.01356393; 186.7444; After ; 0.3769626; null
27; Driver; Interference; Intention; 30.10.2023 10:54:27; 796.2011; -0.01358825; 186.5963; After ; 0.3930929; null
27; Driver; Interference; Intention; 30.10.2023 10:54:27; 796.1934; -0.01363062; 186.4464; After ; 0.4088432; null
27; Driver; Interference; Intention; 30.10.2023 10:54:27; 796.1857; -0.01360218; 186.2944; After ; 0.4267643; null
27; Driver; Interference; Intention; 30.10.2023 10:54:27; 796.1781; -0.01359679; 186.1406; After ; 0.4422449; null
27; Driver; Interference; Intention; 30.10.2023 10:54:27; 796.1706; -0.01353938; 185.9847; After ; 0.4586425; null
27; Driver; Interference; Intention; 30.10.2023 10:54:27; 796.1669; -0.01352276; 185.9061; After ; 0.4960603; null
27; Driver; Interference; Intention; 30.10.2023 10:54:27; 796.1594; -0.01350207; 185.7472; After ; 0.4960603; null
27; Driver; Interference; Intention; 30.10.2023 10:54:27; 796.1521; -0.0135396; 185.5863; After ; 0.5300096; null
27; Driver; Interference; Intention; 30.10.2023 10:54:27; 796.1447; -0.01352987; 185.4233; After ; 0.5473852; null
27; Driver; Interference; Intention; 30.10.2023 10:54:27; 796.1375; -0.01356274; 185.2585; After ; 0.5623909; null
27; Driver; Interference; Intention; 30.10.2023 10:54:27; 796.1339; -0.01358534; 185.1755; After ; 0.5964068; null
27; Driver; Interference; Intention; 30.10.2023 10:54:27; 796.1266; -0.01362745; 185.0082; After ; 0.5964068; null
27; Driver; Interference; Intention; 30.10.2023 10:54:27; 796.1194; -0.01370762; 184.8391; After ; 0.6305628; null
27; Driver; Interference; Intention; 30.10.2023 10:54:27; 796.1123; -0.01371644; 184.6683; After ; 0.6474639; null
27; Driver; Interference; Intention; 30.10.2023 10:54:27; 796.1052; -0.01375177; 184.4955; After ; 0.6632131; null
27; Driver; Interference; Intention; 30.10.2023 10:54:27; 796.1016; -0.0137706; 184.4085; After ; 0.6967997; null
27; Driver; Interference; Intention; 30.10.2023 10:54:27; 796.0945; -0.0137975; 184.233; After ; 0.6967997; null
27; Driver; Interference; Intention; 30.10.2023 10:54:27; 796.0875; -0.0138584; 184.0556; After ; 0.7307792; null
27; Driver; Interference; Intention; 30.10.2023 10:54:27; 796.0804; -0.01384278; 183.8762; After ; 0.7473373; null
27; Driver; Interference; Intention; 30.10.2023 10:54:27; 796.0735; -0.0138567; 183.6949; After ; 0.7620776; null
27; Driver; Interference; Intention; 30.10.2023 10:54:27; 796.07; -0.01386624; 183.6036; After ; 0.7959558; null
27; Driver; Interference; Intention; 30.10.2023 10:54:27; 796.063; -0.01387773; 183.4194; After ; 0.7959558; null
27; Driver; Interference; Intention; 30.10.2023 10:54:27; 796.0562; -0.01393035; 183.2331; After ; 0.8289973; null
27; Driver; Interference; Intention; 30.10.2023 10:54:27; 796.0528; -0.01389835; 183.1392; After ; 0.8467197; null
27; Driver; Interference; Intention; 30.10.2023 10:54:27; 796.0461; -0.01384805; 182.9498; After ; 0.8700513; null
27; Driver; Interference; Intention; 30.10.2023 10:54:27; 796.0394; -0.01376199; 182.7582; After ; 0.8891178; null
27; Driver; Interference; Intention; 30.10.2023 10:54:27; 796.0328; -0.01377053; 182.5644; After ; 0.9077168; null
27; Driver; Interference; Intention; 30.10.2023 10:54:27; 796.0262; -0.01374388; 182.3685; After ; 0.9259194; null
27; Driver; Interference; Intention; 30.10.2023 10:54:27; 796.0198; -0.01378534; 182.1703; After ; 0.9414613; null
27; Driver; Interference; Intention; 30.10.2023 10:54:27; 796.0165; -0.01381812; 182.0704; After ; 0.9766597; null
27; Driver; Interference; Intention; 30.10.2023 10:54:27; 796.0102; -0.01388586; 181.869; After ; 0.9936202; null
27; Driver; Interference; Intention; 30.10.2023 10:54:27; 796.0039; -0.01400329; 181.6653; After ; 1.009855; null
27; Driver; Interference; Intention; 30.10.2023 10:54:28; 795.9977; -0.01403481; 181.4596; After ; 1.026515; null
27; Driver; Interference; Intention; 30.10.2023 10:54:28; 795.9916; -0.01409561; 181.2516; After ; 1.041606; null
27; Driver; Interference; Intention; 30.10.2023 10:54:28; 795.9885; -0.01412587; 181.1469; After ; 1.075277; null
27; Driver; Interference; Intention; 30.10.2023 10:54:28; 795.9825; -0.01417007; 180.9358; After ; 1.092636; null
27; Driver; Interference; Intention; 30.10.2023 10:54:28; 795.9765; -0.01425049; 180.7226; After ; 1.108832; null
27; Driver; Interference; Intention; 30.10.2023 10:54:28; 795.9706; -0.01423487; 180.5073; After ; 1.126671; null
27; Driver; Interference; Intention; 30.10.2023 10:54:28; 795.9647; -0.01425144; 180.2899; After ; 1.14186; null
27; Driver; Interference; Intention; 30.10.2023 10:54:28; 795.9619; -0.01426184; 180.1804; After ; 1.174883; null
27; Driver; Interference; Intention; 30.10.2023 10:54:28; 795.9562; -0.01427224; 179.9599; After ; 1.192954; null
27; Driver; Interference; Intention; 30.10.2023 10:54:28; 795.9506; -0.01433059; 179.7373; After ; 1.209391; null
27; Driver; Interference; Intention; 30.10.2023 10:54:28; 795.9452; -0.01429881; 179.5127; After ; 1.225944; null
27; Driver; Interference; Intention; 30.10.2023 10:54:28; 795.9398; -0.01430958; 179.2859; After ; 1.241421; null
27; Driver; Interference; Intention; 30.10.2023 10:54:28; 795.9372; -0.01431988; 179.1718; After ; 1.276484; null
27; Driver; Interference; Intention; 30.10.2023 10:54:28; 795.932; -0.01433376; 178.9419; After ; 1.292161; null
27; Driver; Interference; Intention; 30.10.2023 10:54:28; 795.927; -0.01440119; 178.71; After ; 1.308573; null
27; Driver; Interference; Intention; 30.10.2023 10:54:28; 795.9221; -0.01437635; 178.476; After ; 1.325302; null
27; Driver; Interference; Intention; 30.10.2023 10:54:28; 795.9173; -0.0143958; 178.2398; After ; 1.340447; null
27; Driver; Interference; Intention; 30.10.2023 10:54:28; 795.915; -0.01441027; 178.121; After ; 1.374533; null
27; Driver; Interference; Intention; 30.10.2023 10:54:28; 795.9104; -0.01443103; 177.8818; After ; 1.391334; null
27; Driver; Interference; Intention; 30.10.2023 10:54:28; 795.906; -0.01450556; 177.6404; After ; 1.408392; null
27; Driver; Interference; Intention; 30.10.2023 10:54:28; 795.9017; -0.01448206; 177.397; After ; 1.425363; null
27; Driver; Interference; Intention; 30.10.2023 10:54:28; 795.8976; -0.01450288; 177.1514; After ; 1.440518; null
27; Driver; Interference; Intention; 30.10.2023 10:54:28; 795.8956; -0.01451766; 177.0279; After ; 1.475174; null
27; Driver; Interference; Intention; 30.10.2023 10:54:28; 795.8917; -0.01453788; 176.7791; After ; 1.492277; null
27; Driver; Interference; Intention; 30.10.2023 10:54:28; 795.8881; -0.01447428; 176.5283; After ; 1.492277; null
27; Driver; Interference; Intention; 30.10.2023 10:54:28; 795.8846; -0.01450124; 176.2753; After ; 1.53039; null
27; Driver; Interference; Intention; 30.10.2023 10:54:28; 795.8812; -0.01445619; 176.0202; After ; 1.546512; null
27; Driver; Interference; Intention; 30.10.2023 10:54:28; 795.8781; -0.01448189; 175.7629; After ; 1.56157; null
27; Driver; Interference; Intention; 30.10.2023 10:54:28; 795.8766; -0.01450606; 175.6335; After ; 1.594338; null
27; Driver; Interference; Intention; 30.10.2023 10:54:28; 795.8737; -0.01455332; 175.3731; After ; 1.594338; null
27; Driver; Interference; Intention; 30.10.2023 10:54:28; 795.871; -0.01451858; 175.1105; After ; 1.612666; null
27; Driver; Interference; Intention; 30.10.2023 10:54:28; 795.8698; -0.01452007; 174.9784; After ; 1.653847; null
27; Driver; Interference; Intention; 30.10.2023 10:54:28; 795.8663; -0.01455923; 174.579; After ; 1.67046; null
27; Driver; Interference; Intention; 30.10.2023 10:54:28; 795.8643; -0.01460738; 174.31; After ; 1.687512; null
27; Driver; Interference; Intention; 30.10.2023 10:54:28; 795.8633; -0.01464051; 174.1748; After ; 1.704142; null
27; Driver; Interference; Intention; 30.10.2023 10:54:28; 795.8615; -0.01470018; 173.9029; After ; 1.721131; null
27; Driver; Interference; Intention; 30.10.2023 10:54:28; 795.8599; -0.01466763; 173.6294; After ; 1.737425; null
27; Driver; Interference; Intention; 30.10.2023 10:54:28; 795.8591; -0.01466882; 173.492; After ; 1.772077; null
27; Driver; Interference; Intention; 30.10.2023 10:54:28; 795.8578; -0.01468225; 173.216; After ; 1.789605; null
27; Driver; Interference; Intention; 30.10.2023 10:54:28; 795.8566; -0.01477818; 172.9384; After ; 1.807826; null
27; Driver; Interference; Intention; 30.10.2023 10:54:28; 795.8556; -0.01477424; 172.6594; After ; 1.825601; null
27; Driver; Interference; Intention; 30.10.2023 10:54:28; 795.8547; -0.01482664; 172.3789; After ; 1.841596; null
27; Driver; Interference; Intention; 30.10.2023 10:54:28; 795.8544; -0.01485775; 172.2382; After ; 1.877494; null
27; Driver; Interference; Intention; 30.10.2023 10:54:28; 795.8538; -0.01490646; 171.9558; After ; 1.893713; null
27; Driver; Interference; Intention; 30.10.2023 10:54:28; 795.8533; -0.01501055; 171.6722; After ; 1.909785; null
27; Driver; Interference; Intention; 30.10.2023 10:54:28; 795.853; -0.01499062; 171.3875; After ; 1.926656; null
27; Driver; Interference; Intention; 30.10.2023 10:54:28; 795.8529; -0.01501399; 171.1018; After ; 1.942411; null
27; Driver; Interference; Intention; 30.10.2023 10:54:28; 795.8529; -0.01502755; 170.9587; After ; 1.976297; null
27; Driver; Interference; Intention; 30.10.2023 10:54:28; 795.853; -0.01503901; 170.6718; After ; 1.994009; null
27; Driver; Interference; Intention; 30.10.2023 10:54:29; 795.8531; -0.01510795; 170.3844; After ; 2.010162; null
27; Driver; Interference; Intention; 30.10.2023 10:54:29; 795.8535; -0.01505618; 170.0963; After ; 2.027215; null
27; Driver; Interference; Intention; 30.10.2023 10:54:29; 795.8538; -0.01505523; 169.8076; After ; 2.042837; null
27; Driver; Interference; Intention; 30.10.2023 10:54:29; 795.8541; -0.01505938; 169.663; After ; 2.076729; null
27; Driver; Interference; Intention; 30.10.2023 10:54:29; 795.8546; -0.01505721; 169.3734; After ; 2.093558; null
27; Driver; Interference; Intention; 30.10.2023 10:54:29; 795.8552; -0.01495832; 169.0831; After ; 2.093558; null
27; Driver; Interference; Intention; 30.10.2023 10:54:29; 795.8559; -0.01496494; 168.7921; After ; 2.127677; null
27; Driver; Interference; Intention; 30.10.2023 10:54:29; 795.8566; -0.01502096; 168.5005; After ; 2.144864; null
27; Driver; Interference; Intention; 30.10.2023 10:54:29; 795.8571; -0.01505067; 168.3544; After ; 2.176764; null
27; Driver; Interference; Intention; 30.10.2023 10:54:29; 795.8579; -0.01509074; 168.0618; After ; 2.193601; null
27; Driver; Interference; Intention; 30.10.2023 10:54:29; 795.8588; -0.01518257; 167.7684; After ; 2.209875; null
27; Driver; Interference; Intention; 30.10.2023 10:54:29; 795.8597; -0.01514316; 167.4743; After ; 2.226476; null
27; Driver; Interference; Intention; 30.10.2023 10:54:29; 795.8607; -0.01514789; 167.1795; After ; 2.242688; null
27; Driver; Interference; Intention; 30.10.2023 10:54:29; 795.8611; -0.01515251; 167.0319; After ; 2.276718; null
27; Driver; Interference; Intention; 30.10.2023 10:54:29; 795.8622; -0.0151473; 166.736; After ; 2.293662; null
27; Driver; Interference; Intention; 30.10.2023 10:54:29; 795.8633; -0.01504002; 166.4395; After ; 2.293662; null
27; Driver; Interference; Intention; 30.10.2023 10:54:29; 795.8639; -0.01500704; 166.291; After ; 2.327705; null
27; Driver; Interference; Intention; 30.10.2023 10:54:29; 795.8657; -0.0149558; 165.8443; After ; 2.347594; null
27; Driver; Interference; Intention; 30.10.2023 10:54:29; 795.8669; -0.01482493; 165.5457; After ; 2.365235; null
27; Driver; Interference; Intention; 30.10.2023 10:54:29; 795.8682; -0.01481144; 165.2463; After ; 2.383751; null
27; Driver; Interference; Intention; 30.10.2023 10:54:29; 795.8688; -0.0148285; 165.0964; After ; 2.400948; null
27; Driver; Interference; Intention; 30.10.2023 10:54:29; 795.8702; -0.0148783; 164.796; After ; 2.417277; null
27; Driver; Interference; Intention; 30.10.2023 10:54:29; 795.8708; -0.01491744; 164.6456; After ; 2.452626; null
27; Driver; Interference; Intention; 30.10.2023 10:54:29; 795.8729; -0.01503766; 164.1932; After ; 2.469509; null
27; Driver; Interference; Intention; 30.10.2023 10:54:29; 795.8744; -0.0151108; 163.8908; After ; 2.486146; null
27; Driver; Interference; Intention; 30.10.2023 10:54:29; 795.8751; -0.01514857; 163.7393; After ; 2.503432; null
27; Driver; Interference; Intention; 30.10.2023 10:54:29; 795.8766; -0.01520219; 163.4358; After ; 2.520739; null
27; Driver; Interference; Intention; 30.10.2023 10:54:29; 795.8781; -0.01513775; 163.1317; After ; 2.5379; null
27; Driver; Interference; Intention; 30.10.2023 10:54:29; 795.8788; -0.01512101; 162.9793; After ; 2.572382; null
27; Driver; Interference; Intention; 30.10.2023 10:54:29; 795.8812; -0.01509729; 162.5213; After ; 2.590341; null
27; Driver; Interference; Intention; 30.10.2023 10:54:29; 795.882; -0.0151602; 162.3683; After ; 2.607091; null
27; Driver; Interference; Intention; 30.10.2023 10:54:29; 795.8836; -0.0151169; 162.0617; After ; 2.622804; null
27; Driver; Interference; Intention; 30.10.2023 10:54:29; 795.8853; -0.01514072; 161.7544; After ; 2.639981; null
27; Driver; Interference; Intention; 30.10.2023 10:54:29; 795.8862; -0.0151602; 161.6005; After ; 2.675108; null
27; Driver; Interference; Intention; 30.10.2023 10:54:29; 795.8879; -0.01518958; 161.2922; After ; 2.692859; null
27; Driver; Interference; Intention; 30.10.2023 10:54:29; 795.8896; -0.01528561; 160.9832; After ; 2.709665; null
27; Driver; Interference; Intention; 30.10.2023 10:54:29; 795.8913; -0.01525221; 160.6734; After ; 2.726895; null
27; Driver; Interference; Intention; 30.10.2023 10:54:29; 795.8931; -0.01513167; 160.363; After ; 2.74604; null
27; Driver; Interference; Intention; 30.10.2023 10:54:29; 795.895; -0.01510423; 160.052; After ; 2.763938; null
27; Driver; Interference; Intention; 30.10.2023 10:54:29; 795.8959; -0.01510751; 159.8962; After ; 2.79886; null
27; Driver; Interference; Intention; 30.10.2023 10:54:29; 795.8977; -0.01512107; 159.5841; After ; 2.79886; null
27; Driver; Interference; Intention; 30.10.2023 10:54:29; 795.8997; -0.01504691; 159.2713; After ; 2.816223; null
27; Driver; Interference; Intention; 30.10.2023 10:54:29; 795.9006; -0.01503567; 159.1146; After ; 2.850708; null
27; Driver; Interference; Intention; 30.10.2023 10:54:29; 795.9036; -0.0150548; 158.6437; After ; 2.867967; null
27; Driver; Interference; Intention; 30.10.2023 10:54:29; 795.9056; -0.01510029; 158.3289; After ; 2.884836; null
27; Driver; Interference; Intention; 30.10.2023 10:54:29; 795.9066; -0.01513453; 158.1712; After ; 2.901975; null
27; Driver; Interference; Intention; 30.10.2023 10:54:29; 795.9087; -0.01519647; 157.8554; After ; 2.919092; null
27; Driver; Interference; Intention; 30.10.2023 10:54:29; 795.9108; -0.01515097; 157.5389; After ; 2.935964; null
27; Driver; Interference; Intention; 30.10.2023 10:54:29; 795.9119; -0.01514779; 157.3804; After ; 2.972069; null
27; Driver; Interference; Intention; 30.10.2023 10:54:29; 795.9152; -0.01517035; 156.9041; After ; 2.990252; null
27; Driver; Interference; Intention; 30.10.2023 10:54:29; 795.9163; -0.01525089; 156.745; After ; 3.007428; null
27; Driver; Interference; Intention; 30.10.2023 10:54:30; 795.9185; -0.01523255; 156.4264; After ; 3.023791; null
27; Driver; Interference; Intention; 30.10.2023 10:54:30; 795.9208; -0.01527754; 156.1073; After ; 3.040707; null
27; Driver; Interference; Intention; 30.10.2023 10:54:30; 795.922; -0.01530518; 155.9476; After ; 3.076309; null
27; Driver; Interference; Intention; 30.10.2023 10:54:30; 795.9243; -0.01534514; 155.628; After ; 3.093791; null
27; Driver; Interference; Intention; 30.10.2023 10:54:30; 795.9268; -0.01527001; 155.308; After ; 3.093791; null
27; Driver; Interference; Intention; 30.10.2023 10:54:30; 795.928; -0.01525152; 155.148; After ; 3.129566; null
27; Driver; Interference; Intention; 30.10.2023 10:54:30; 795.9317; -0.01523182; 154.668; After ; 3.149192; null
27; Driver; Interference; Intention; 30.10.2023 10:54:30; 795.9343; -0.01510123; 154.3481; After ; 3.166487; null
27; Driver; Interference; Intention; 30.10.2023 10:54:30; 795.9368; -0.0150872; 154.0285; After ; 3.183844; null
27; Driver; Interference; Intention; 30.10.2023 10:54:30; 795.9381; -0.01510253; 153.8689; After ; 3.201162; null
27; Driver; Interference; Intention; 30.10.2023 10:54:30; 795.9408; -0.01514559; 153.5502; After ; 3.217982; null
27; Driver; Interference; Intention; 30.10.2023 10:54:30; 795.9421; -0.01518034; 153.3911; After ; 3.252324; null
27; Driver; Interference; Intention; 30.10.2023 10:54:30; 795.9462; -0.01528328; 152.9148; After ; 3.269328; null
27; Driver; Interference; Intention; 30.10.2023 10:54:30; 795.9489; -0.01534266; 152.5981; After ; 3.286431; null
27; Driver; Interference; Intention; 30.10.2023 10:54:30; 795.9503; -0.01537317; 152.4401; After ; 3.30227; null
27; Driver; Interference; Intention; 30.10.2023 10:54:30; 795.9531; -0.01541142; 152.1246; After ; 3.319676; null
27; Driver; Interference; Intention; 30.10.2023 10:54:30; 795.9559; -0.01532698; 151.8098; After ; 3.337481; null
27; Driver; Interference; Intention; 30.10.2023 10:54:30; 795.9573; -0.01530069; 151.6526; After ; 3.373855; null
