user_id; scenario; distraction; ehmi; timestamp; userPositionX; userPositionY; userPositionZ; playerPositon; time; focused object
3; Bicycle; Interference; None; 20.09.2023 14:03:08; 869.3503; 0.83; 107.1881; HI; null
3; Bicycle; Interference; None; 20.09.2023 14:03:08; 869.3503; 0.8269753; 107.1881; Before; 0.02; PedestrianInterference
3; Bicycle; Interference; None; 20.09.2023 14:03:09; 869.3503; 0.8269753; 107.1881; Before; 0.02; PedestrianInterference
3; Bicycle; Interference; None; 20.09.2023 14:03:09; 869.3503; 0.8269753; 107.1881; Before; 0.02; PedestrianInterference
3; Bicycle; Interference; None; 20.09.2023 14:03:09; 869.3503; 0.8269753; 107.1881; Before; 0.02; PedestrianInterference
3; Bicycle; Interference; None; 20.09.2023 14:03:09; 869.3503; 0.8269753; 107.1881; Before; 0.02; PedestrianInterference
3; Bicycle; Interference; None; 20.09.2023 14:03:09; 869.3503; 0.8269753; 107.1881; Before; 0.02; PedestrianInterference
3; Bicycle; Interference; None; 20.09.2023 14:03:09; 869.3503; 0.8269753; 107.1881; Before; 0.02; PedestrianInterference
3; Bicycle; Interference; None; 20.09.2023 14:03:09; 869.3503; 0.8269753; 107.1881; Before; 0.02; PedestrianInterference
3; Bicycle; Interference; None; 20.09.2023 14:03:09; 869.3503; 0.8269753; 107.1881; Before; 0.02; PedestrianInterference
3; Bicycle; Interference; None; 20.09.2023 14:03:09; 869.3503; 0.8269753; 107.1881; Before; 0.02; PedestrianInterference
3; Bicycle; Interference; None; 20.09.2023 14:03:09; 869.3503; 0.8269753; 107.1881; Before; 0.02; PedestrianInterference
3; Bicycle; Interference; None; 20.09.2023 14:03:09; 869.3503; 0.8269753; 107.1881; Before; 0.02; PedestrianInterference
3; Bicycle; Interference; None; 20.09.2023 14:03:09; 869.3503; 0.8269753; 107.1881; Before; 0.02; PedestrianInterference
3; Bicycle; Interference; None; 20.09.2023 14:03:09; 869.3503; 0.8269753; 107.1881; Before; 0.02; PedestrianInterference
3; Bicycle; Interference; None; 20.09.2023 14:03:09; 869.3503; 0.8269753; 107.1881; Before; 0.02; PedestrianInterference
3; Bicycle; Interference; None; 20.09.2023 14:03:09; 869.3503; 0.8269753; 107.1881; Before; 0.02; PedestrianInterference
3; Bicycle; Interference; None; 20.09.2023 14:03:09; 869.3503; 0.8269753; 107.1881; Before; 0.02; PedestrianInterference
3; Bicycle; Interference; None; 20.09.2023 14:03:09; 869.3503; 0.7692157; 107.1881; Before; 0.04; null
3; Bicycle; Interference; None; 20.09.2023 14:03:09; 869.3503; 0.7692157; 107.1881; Before; 0.04; null
3; Bicycle; Interference; None; 20.09.2023 14:03:09; 869.3503; 0.7692157; 107.1881; Before; 0.04; null
3; Bicycle; Interference; None; 20.09.2023 14:03:09; 869.3503; 0.7692157; 107.1881; Before; 0.04; null
3; Bicycle; Interference; None; 20.09.2023 14:03:09; 869.3503; 0.7692157; 107.1881; Before; 0.04; null
3; Bicycle; Interference; None; 20.09.2023 14:03:09; 869.3503; 0.7692157; 107.1881; Before; 0.04; null
3; Bicycle; Interference; None; 20.09.2023 14:03:09; 869.3503; 0.758322; 107.1881; Before; 0.3733333; null
3; Bicycle; Interference; None; 20.09.2023 14:03:09; 869.3503; 0.758322; 107.1881; Before; 0.3733333; null
3; Bicycle; Interference; None; 20.09.2023 14:03:09; 869.3503; 0.758322; 107.1881; Before; 0.3733333; null
3; Bicycle; Interference; None; 20.09.2023 14:03:09; 869.3503; 0.7552044; 107.1881; Before; 0.4952284; null
3; Bicycle; Interference; None; 20.09.2023 14:03:09; 869.3503; 0.7537725; 107.1881; Before; 0.5463963; null
3; Bicycle; Interference; None; 20.09.2023 14:03:09; 869.3503; 0.7522652; 107.1881; Before; 0.5910908; null
3; Bicycle; Interference; None; 20.09.2023 14:03:09; 869.3503; 0.7522652; 107.1881; Before; 0.5910908; null
3; Bicycle; Interference; None; 20.09.2023 14:03:09; 869.3503; 0.7510777; 107.1881; Before; 0.6231143; null
3; Bicycle; Interference; None; 20.09.2023 14:03:10; 869.3503; 0.7505846; 107.1881; Before; 0.6396051; null
3; Bicycle; Interference; None; 20.09.2023 14:03:10; 869.3503; 0.7497591; 107.1881; Before; 0.6539281; null
3; Bicycle; Interference; None; 20.09.2023 14:03:10; 869.3503; 0.7491859; 107.1881; Before; 0.6803589; null
3; Bicycle; Interference; None; 20.09.2023 14:03:10; 869.3503; 0.7491859; 107.1881; Before; 0.6803589; null
3; Bicycle; Interference; None; 20.09.2023 14:03:10; 869.3503; 0.7482448; 107.1881; Before; 0.721495; null
3; Bicycle; Interference; None; 20.09.2023 14:03:10; 869.3503; 0.7478857; 107.1881; Before; 0.7391744; null
3; Bicycle; Interference; None; 20.09.2023 14:03:10; 869.3503; 0.7475296; 107.1881; Before; 0.7558535; null
3; Bicycle; Interference; None; 20.09.2023 14:03:10; 869.3503; 0.7469727; 107.1881; Before; 0.789975; null
3; Bicycle; Interference; None; 20.09.2023 14:03:10; 869.3503; 0.7469727; 107.1881; Before; 0.789975; null
3; Bicycle; Interference; None; 20.09.2023 14:03:10; 869.3504; 0.746551; 107.1881; Before; 0.8052682; null
3; Bicycle; Interference; None; 20.09.2023 14:03:10; 869.3503; 0.7462652; 107.1881; Before; 0.832628; null
3; Bicycle; Interference; None; 20.09.2023 14:03:10; 869.3503; 0.7458894; 107.1881; Before; 0.8699164; null
3; Bicycle; Interference; None; 20.09.2023 14:03:10; 869.3503; 0.745717; 107.1881; Before; 0.8842388; null
3; Bicycle; Interference; None; 20.09.2023 14:03:10; 869.3503; 0.7455195; 107.1881; Before; 0.9000691; null
3; Bicycle; Interference; None; 20.09.2023 14:03:10; 869.3503; 0.745343; 107.1881; Before; 0.9196746; null
3; Bicycle; Interference; None; 20.09.2023 14:03:10; 869.3503; 0.7451922; 107.1881; Before; 0.9390412; null
3; Bicycle; Interference; None; 20.09.2023 14:03:10; 869.3503; 0.7449714; 107.1881; Before; 0.9570701; null
3; Bicycle; Interference; None; 20.09.2023 14:03:10; 869.3503; 0.7448597; 107.1881; Before; 0.9864313; null
3; Bicycle; Interference; None; 20.09.2023 14:03:10; 869.3503; 0.7447618; 107.1881; Before; 1.003186; null
3; Bicycle; Interference; None; 20.09.2023 14:03:10; 869.3503; 0.7446753; 107.1881; Before; 1.018836; null
3; Bicycle; Interference; None; 20.09.2023 14:03:10; 869.3503; 0.7445738; 107.1881; Before; 1.0339; null
3; Bicycle; Interference; None; 20.09.2023 14:03:10; 869.3503; 0.744416; 107.1881; Before; 1.068432; null
3; Bicycle; Interference; None; 20.09.2023 14:03:10; 869.3503; 0.7443538; 107.1881; Before; 1.086292; null
3; Bicycle; Interference; None; 20.09.2023 14:03:10; 869.3503; 0.7442907; 107.1881; Before; 1.101226; null
3; Bicycle; Interference; None; 20.09.2023 14:03:10; 869.3503; 0.7442056; 107.1881; Before; 1.117322; null
3; Bicycle; Interference; None; 20.09.2023 14:03:10; 869.3503; 0.7441442; 107.1881; Before; 1.141248; null
3; Bicycle; Interference; None; 20.09.2023 14:03:10; 869.3503; 0.744084; 107.1881; Before; 1.160483; null
3; Bicycle; Interference; None; 20.09.2023 14:03:10; 869.3503; 0.7440398; 107.1881; Before; 1.181186; null
3; Bicycle; Interference; None; 20.09.2023 14:03:10; 869.3503; 0.7440026; 107.1881; Before; 1.197808; null
3; Bicycle; Interference; None; 20.09.2023 14:03:10; 869.3503; 0.7439691; 107.1881; Before; 1.212809; null
3; Bicycle; Interference; None; 20.09.2023 14:03:10; 869.3503; 0.7439041; 107.1881; Before; 1.242248; null
3; Bicycle; Interference; None; 20.09.2023 14:03:10; 869.3503; 0.7438769; 107.1881; Before; 1.258676; null
3; Bicycle; Interference; None; 20.09.2023 14:03:10; 869.3503; 0.7438418; 107.1881; Before; 1.273218; null
3; Bicycle; Interference; None; 20.09.2023 14:03:10; 869.3503; 0.7438171; 107.1881; Before; 1.293956; null
3; Bicycle; Interference; None; 20.09.2023 14:03:10; 869.3503; 0.7437743; 107.1881; Before; 1.325634; null
3; Bicycle; Interference; None; 20.09.2023 14:03:10; 869.3503; 0.7437555; 107.1881; Before; 1.340169; null
3; Bicycle; Interference; None; 20.09.2023 14:03:10; 869.3503; 0.7437316; 107.1881; Before; 1.355408; null
3; Bicycle; Interference; None; 20.09.2023 14:03:10; 869.3503; 0.7437114; 107.1881; Before; 1.376094; null
3; Bicycle; Interference; None; 20.09.2023 14:03:10; 869.3503; 0.7436974; 107.1881; Before; 1.395065; null
3; Bicycle; Interference; None; 20.09.2023 14:03:10; 869.3503; 0.7436825; 107.1881; Before; 1.409808; null
3; Bicycle; Interference; None; 20.09.2023 14:03:10; 869.3503; 0.7436643; 107.1881; Before; 1.426145; null
3; Bicycle; Interference; None; 20.09.2023 14:03:10; 869.3503; 0.7436385; 107.1881; Before; 1.465512; null
3; Bicycle; Interference; None; 20.09.2023 14:03:10; 869.3503; 0.7436283; 107.1881; Before; 1.484069; null
3; Bicycle; Interference; None; 20.09.2023 14:03:10; 869.3503; 0.7436182; 107.1881; Before; 1.500846; null
3; Bicycle; Interference; None; 20.09.2023 14:03:10; 869.3503; 0.7436106; 107.1881; Before; 1.517545; null
3; Bicycle; Interference; None; 20.09.2023 14:03:10; 869.3503; 0.743602; 107.1881; Before; 1.532171; null
3; Bicycle; Interference; None; 20.09.2023 14:03:10; 869.3503; 0.7435868; 107.1881; Before; 1.565356; null
3; Bicycle; Interference; None; 20.09.2023 14:03:10; 869.3503; 0.743578; 107.1881; Before; 1.582818; null
3; Bicycle; Interference; None; 20.09.2023 14:03:10; 869.3503; 0.743578; 107.1881; Before; 1.582818; null
3; Bicycle; Interference; None; 20.09.2023 14:03:10; 869.3503; 0.7435658; 107.1881; Before; 1.621587; null
3; Bicycle; Interference; None; 20.09.2023 14:03:11; 869.3503; 0.7435609; 107.1881; Before; 1.640491; null
3; Bicycle; Interference; None; 20.09.2023 14:03:11; 869.3503; 0.7435566; 107.1881; Before; 1.657676; null
3; Bicycle; Interference; None; 20.09.2023 14:03:11; 869.3503; 0.7435484; 107.1881; Before; 1.686702; null
3; Bicycle; Interference; None; 20.09.2023 14:03:11; 869.3503; 0.7435484; 107.1881; Before; 1.686702; null
3; Bicycle; Interference; None; 20.09.2023 14:03:11; 869.3503; 0.743541; 107.1881; Before; 1.722412; null
3; Bicycle; Interference; None; 20.09.2023 14:03:11; 869.3503; 0.743541; 107.1881; Before; 1.722412; null
3; Bicycle; Interference; None; 20.09.2023 14:03:11; 869.3503; 0.7435367; 107.1881; Before; 1.740567; null
3; Bicycle; Interference; None; 20.09.2023 14:03:11; 869.3503; 0.7435303; 107.1881; Before; 1.788678; null
3; Bicycle; Interference; None; 20.09.2023 14:03:11; 869.3503; 0.7435303; 107.1881; Before; 1.788678; null
3; Bicycle; Interference; None; 20.09.2023 14:03:11; 869.3503; 0.7435257; 107.1881; Before; 1.821959; null
3; Bicycle; Interference; None; 20.09.2023 14:03:11; 869.3503; 0.7435242; 107.1881; Before; 1.839056; null
3; Bicycle; Interference; None; 20.09.2023 14:03:11; 869.3503; 0.7435207; 107.1881; Before; 1.869673; null
3; Bicycle; Interference; None; 20.09.2023 14:03:11; 869.3503; 0.7435194; 107.1881; Before; 1.88513; null
3; Bicycle; Interference; None; 20.09.2023 14:03:11; 869.3503; 0.7435194; 107.1881; Before; 1.88513; null
3; Bicycle; Interference; None; 20.09.2023 14:03:11; 869.3503; 0.7435161; 107.1881; Before; 1.923922; null
3; Bicycle; Interference; None; 20.09.2023 14:03:11; 869.3503; 0.7435155; 107.1881; Before; 1.940201; null
3; Bicycle; Interference; None; 20.09.2023 14:03:11; 869.3503; 0.7435142; 107.1881; Before; 1.954508; null
3; Bicycle; Interference; None; 20.09.2023 14:03:11; 869.3503; 0.7435117; 107.1881; Before; 1.986827; null
3; Bicycle; Interference; None; 20.09.2023 14:03:11; 869.3503; 0.7435117; 107.1881; Before; 1.986827; null
3; Bicycle; Interference; None; 20.09.2023 14:03:11; 869.3503; 0.743511; 107.1881; Before; 2.006876; null
3; Bicycle; Interference; None; 20.09.2023 14:03:11; 869.3503; 0.7435089; 107.1881; Before; 2.045234; null
3; Bicycle; Interference; None; 20.09.2023 14:03:11; 869.3503; 0.7435081; 107.1881; Before; 2.063565; null
3; Bicycle; Interference; None; 20.09.2023 14:03:11; 869.3503; 0.7435077; 107.1881; Before; 2.086113; null
3; Bicycle; Interference; None; 20.09.2023 14:03:11; 869.3503; 0.743507; 107.1881; Before; 2.101676; null
3; Bicycle; Interference; None; 20.09.2023 14:03:11; 869.3503; 0.7435069; 107.1881; Before; 2.118381; null
3; Bicycle; Interference; None; 20.09.2023 14:03:11; 869.3503; 0.7435057; 107.1881; Before; 2.147781; null
3; Bicycle; Interference; None; 20.09.2023 14:03:11; 869.3503; 0.7435054; 107.1881; Before; 2.162263; null
3; Bicycle; Interference; None; 20.09.2023 14:03:11; 869.3503; 0.7435052; 107.1881; Before; 2.180767; null
3; Bicycle; Interference; None; 20.09.2023 14:03:11; 869.3502; 0.7435364; 107.1881; Before; 2.197538; null
3; Bicycle; Interference; None; 20.09.2023 14:03:11; 869.3501; 0.7436398; 107.1881; Before; 2.210603; null
3; Bicycle; Interference; None; 20.09.2023 14:03:11; 869.3499; 0.7443609; 107.1881; Before; 2.24669; null
3; Bicycle; Interference; None; 20.09.2023 14:03:11; 869.3499; 0.7448286; 107.1881; Before; 2.26168; null
3; Bicycle; Interference; None; 20.09.2023 14:03:11; 869.3496; 0.7462745; 107.1881; Before; 2.28839; null
3; Bicycle; Interference; None; 20.09.2023 14:03:11; 869.3494; 0.7472864; 107.1881; Before; 2.303684; null
3; Bicycle; Interference; None; 20.09.2023 14:03:11; 869.3495; 0.7483424; 107.1881; Before; 2.31921; null
3; Bicycle; Interference; None; 20.09.2023 14:03:11; 869.3492; 0.7509446; 107.1881; Before; 2.347841; null
3; Bicycle; Interference; None; 20.09.2023 14:03:11; 869.3491; 0.7523959; 107.1881; Before; 2.36242; null
3; Bicycle; Interference; None; 20.09.2023 14:03:11; 869.3489; 0.7546867; 107.1881; Before; 2.3774; null
3; Bicycle; Interference; None; 20.09.2023 14:03:11; 869.3486; 0.7563021; 107.1881; Before; 2.400665; null
3; Bicycle; Interference; None; 20.09.2023 14:03:11; 869.3486; 0.7578293; 107.1881; Before; 2.417351; null
3; Bicycle; Interference; None; 20.09.2023 14:03:11; 869.3484; 0.7593912; 107.1881; Before; 2.43371; null
3; Bicycle; Interference; None; 20.09.2023 14:03:11; 869.3481; 0.7618787; 107.1881; Before; 2.466285; null
3; Bicycle; Interference; None; 20.09.2023 14:03:11; 869.3479; 0.7631156; 107.1881; Before; 2.482683; null
3; Bicycle; Interference; None; 20.09.2023 14:03:11; 869.3477; 0.764143; 107.1881; Before; 2.500343; null
3; Bicycle; Interference; None; 20.09.2023 14:03:11; 869.3475; 0.7651063; 107.1881; Before; 2.516652; null
3; Bicycle; Interference; None; 20.09.2023 14:03:11; 869.3472; 0.7662027; 107.1881; Before; 2.533714; null
3; Bicycle; Interference; None; 20.09.2023 14:03:11; 869.3469; 0.766901; 107.1881; Before; 2.556202; null
3; Bicycle; Interference; None; 20.09.2023 14:03:11; 869.3464; 0.7679194; 107.1881; Before; 2.587917; null
3; Bicycle; Interference; None; 20.09.2023 14:03:11; 869.3461; 0.7683733; 107.1881; Before; 2.602891; null
3; Bicycle; Interference; None; 20.09.2023 14:03:11; 869.3459; 0.7687094; 107.1881; Before; 2.619406; null
3; Bicycle; Interference; None; 20.09.2023 14:03:12; 869.3453; 0.7692535; 107.1881; Before; 2.649486; null
3; Bicycle; Interference; None; 20.09.2023 14:03:12; 869.345; 0.7694653; 107.1881; Before; 2.663778; null
3; Bicycle; Interference; None; 20.09.2023 14:03:12; 869.3447; 0.7696202; 107.1881; Before; 2.679232; null
3; Bicycle; Interference; None; 20.09.2023 14:03:12; 869.3447; 0.7696202; 107.1881; Before; 2.679232; null
3; Bicycle; Interference; None; 20.09.2023 14:03:12; 869.3428; 0.7699614; 107.1881; Before; 2.720945; null
3; Bicycle; Interference; None; 20.09.2023 14:03:12; 869.3419; 0.7700233; 107.1881; Before; 2.739319; null
3; Bicycle; Interference; None; 20.09.2023 14:03:12; 869.3396; 0.7701008; 107.1881; Before; 2.769997; null
3; Bicycle; Interference; None; 20.09.2023 14:03:12; 869.3383; 0.7701163; 107.1881; Before; 2.786232; null
3; Bicycle; Interference; None; 20.09.2023 14:03:12; 869.3368; 0.7701211; 107.1881; Before; 2.801964; null
3; Bicycle; Interference; None; 20.09.2023 14:03:12; 869.3352; 0.7701173; 107.1881; Before; 2.818047; null
3; Bicycle; Interference; None; 20.09.2023 14:03:12; 869.3335; 0.770106; 107.1881; Before; 2.833699; null
3; Bicycle; Interference; None; 20.09.2023 14:03:12; 869.3309; 0.7700837; 107.1881; Before; 2.85027; null
3; Bicycle; Interference; None; 20.09.2023 14:03:12; 869.3264; 0.7700363; 107.1881; Before; 2.892053; null
3; Bicycle; Interference; None; 20.09.2023 14:03:12; 869.3264; 0.7700363; 107.1881; Before; 2.892053; null
3; Bicycle; Interference; None; 20.09.2023 14:03:12; 869.3223; 0.7699939; 107.1881; Before; 2.921856; null
3; Bicycle; Interference; None; 20.09.2023 14:03:12; 869.3183; 0.7699561; 107.1881; Before; 2.949385; null
3; Bicycle; Interference; None; 20.09.2023 14:03:12; 869.3155; 0.7699336; 107.1881; Before; 2.96284; null
3; Bicycle; Interference; None; 20.09.2023 14:03:12; 869.3129; 0.7699146; 107.1881; Before; 2.979671; null
3; Bicycle; Interference; None; 20.09.2023 14:03:12; 869.3099; 0.7698946; 107.1882; Before; 2.994356; null
3; Bicycle; Interference; None; 20.09.2023 14:03:12; 869.3046; 0.7698634; 107.1882; Before; 3.010945; null
3; Bicycle; Interference; None; 20.09.2023 14:03:12; 869.3013; 0.7698486; 107.1882; Before; 3.039028; null
3; Bicycle; Interference; None; 20.09.2023 14:03:12; 869.2977; 0.7698331; 107.1882; Before; 3.054997; null
3; Bicycle; Interference; None; 20.09.2023 14:03:12; 869.291; 0.7698114; 107.1882; Before; 3.087336; null
3; Bicycle; Interference; None; 20.09.2023 14:03:12; 869.2877; 0.7698025; 107.1882; Before; 3.103074; null
3; Bicycle; Interference; None; 20.09.2023 14:03:12; 869.2836; 0.7697933; 107.1882; Before; 3.117556; null
3; Bicycle; Interference; None; 20.09.2023 14:03:12; 869.2798; 0.7697864; 107.1882; Before; 3.135067; null
3; Bicycle; Interference; None; 20.09.2023 14:03:12; 869.276; 0.7697809; 107.1882; Before; 3.150518; null
3; Bicycle; Interference; None; 20.09.2023 14:03:12; 869.2662; 0.7697704; 107.1882; Before; 3.187439; null
3; Bicycle; Interference; None; 20.09.2023 14:03:12; 869.2617; 0.7697666; 107.1882; Before; 3.203054; null
3; Bicycle; Interference; None; 20.09.2023 14:03:12; 869.2576; 0.7697638; 107.1882; Before; 3.218787; null
3; Bicycle; Interference; None; 20.09.2023 14:03:12; 869.2467; 0.7697588; 107.1883; Before; 3.24821; null
3; Bicycle; Interference; None; 20.09.2023 14:03:12; 869.2411; 0.7697577; 107.1883; Before; 3.264393; null
3; Bicycle; Interference; None; 20.09.2023 14:03:12; 869.2344; 0.7697564; 107.1883; Before; 3.279709; null
3; Bicycle; Interference; None; 20.09.2023 14:03:12; 869.2275; 0.7697556; 107.1883; Before; 3.296984; null
3; Bicycle; Interference; None; 20.09.2023 14:03:12; 869.2206; 0.7697551; 107.1883; Before; 3.313869; null
3; Bicycle; Interference; None; 20.09.2023 14:03:12; 869.2103; 0.7697551; 107.1883; Before; 3.329719; null
3; Bicycle; Interference; None; 20.09.2023 14:03:12; 869.1947; 0.7697551; 107.1884; Before; 3.3678; null
3; Bicycle; Interference; None; 20.09.2023 14:03:12; 869.1862; 0.7697551; 107.1884; Before; 3.384352; null
3; Bicycle; Interference; None; 20.09.2023 14:03:12; 869.1766; 0.7697551; 107.1884; Before; 3.400837; null
3; Bicycle; Interference; None; 20.09.2023 14:03:12; 869.1682; 0.769756; 107.1884; Before; 3.418542; null
3; Bicycle; Interference; None; 20.09.2023 14:03:12; 869.1572; 0.7697562; 107.1884; Before; 3.433758; null
3; Bicycle; Interference; None; 20.09.2023 14:03:12; 869.1487; 0.7697564; 107.1884; Before; 3.452794; null
3; Bicycle; Interference; None; 20.09.2023 14:03:12; 869.1354; 0.769758; 107.1884; Before; 3.466926; null
3; Bicycle; Interference; None; 20.09.2023 14:03:12; 869.1187; 0.7697591; 107.1885; Before; 3.4885; null
3; Bicycle; Interference; None; 20.09.2023 14:03:12; 869.1057; 0.7697603; 107.1885; Before; 3.514269; null
3; Bicycle; Interference; None; 20.09.2023 14:03:12; 869.0953; 0.7697601; 107.1885; Before; 3.533469; null
3; Bicycle; Interference; None; 20.09.2023 14:03:12; 869.0725; 0.7697603; 107.1886; Before; 3.564683; null
3; Bicycle; Interference; None; 20.09.2023 14:03:12; 869.0515; 0.7697606; 107.1886; Before; 3.594101; null
3; Bicycle; Interference; None; 20.09.2023 14:03:12; 869.0515; 0.7697606; 107.1886; Before; 3.594101; null
3; Bicycle; Interference; None; 20.09.2023 14:03:12; 869.0385; 0.7697612; 107.1886; Before; 3.608091; null
3; Bicycle; Interference; None; 20.09.2023 14:03:12; 869.0245; 0.7697617; 107.1887; Before; 3.624868; null
3; Bicycle; Interference; None; 20.09.2023 14:03:13; 868.9911; 0.7697613; 107.1887; Before; 3.665696; null
3; Bicycle; Interference; None; 20.09.2023 14:03:13; 868.9778; 0.7697616; 107.1888; Before; 3.68268; null
3; Bicycle; Interference; None; 20.09.2023 14:03:13; 868.9638; 0.7697616; 107.1888; Before; 3.698126; null
3; Bicycle; Interference; None; 20.09.2023 14:03:13; 868.9498; 0.7697623; 107.1888; Before; 3.714056; null
3; Bicycle; Interference; None; 20.09.2023 14:03:13; 868.9349; 0.7697626; 107.1888; Before; 3.729732; null
3; Bicycle; Interference; None; 20.09.2023 14:03:13; 868.8986; 0.7697618; 107.1889; Before; 3.766124; null
3; Bicycle; Interference; None; 20.09.2023 14:03:13; 868.8839; 0.7697625; 107.189; Before; 3.784671; null
3; Bicycle; Interference; None; 20.09.2023 14:03:13; 868.8839; 0.7697625; 107.189; Before; 3.784671; null
3; Bicycle; Interference; None; 20.09.2023 14:03:13; 868.8445; 0.7697625; 107.189; Before; 3.823714; null
3; Bicycle; Interference; None; 20.09.2023 14:03:13; 868.8304; 0.7697624; 107.1891; Before; 3.839388; null
3; Bicycle; Interference; None; 20.09.2023 14:03:13; 868.8076; 0.7697625; 107.1891; Before; 3.853052; null
3; Bicycle; Interference; None; 20.09.2023 14:03:13; 868.783; 0.7697628; 107.1892; Before; 3.87497; null
3; Bicycle; Interference; None; 20.09.2023 14:03:13; 868.7621; 0.7697625; 107.1892; Before; 3.898015; null
3; Bicycle; Interference; None; 20.09.2023 14:03:13; 868.7462; 0.7697626; 107.1893; Before; 3.917315; null
3; Bicycle; Interference; None; 20.09.2023 14:03:13; 868.7104; 0.7697622; 107.1894; Before; 3.94745; null
3; Bicycle; Interference; None; 20.09.2023 14:03:13; 868.6852; 0.7697616; 107.1894; Before; 3.963547; null
3; Bicycle; Interference; None; 20.09.2023 14:03:13; 868.6647; 0.7697619; 107.1895; Before; 3.985353; null
3; Bicycle; Interference; None; 20.09.2023 14:03:13; 868.6647; 0.7697619; 107.1895; Before; 3.985353; null
3; Bicycle; Interference; None; 20.09.2023 14:03:13; 868.6236; 0.7697617; 107.1896; Before; 4.021659; null
3; Bicycle; Interference; None; 20.09.2023 14:03:13; 868.6028; 0.7697616; 107.1896; Before; 4.037197; null
3; Bicycle; Interference; None; 20.09.2023 14:03:13; 868.5653; 0.769762; 107.1897; Before; 4.069906; null
3; Bicycle; Interference; None; 20.09.2023 14:03:13; 868.5438; 0.7697629; 107.1898; Before; 4.084356; null
3; Bicycle; Interference; None; 20.09.2023 14:03:13; 868.5229; 0.769763; 107.1898; Before; 4.101327; null
3; Bicycle; Interference; None; 20.09.2023 14:03:13; 868.4957; 0.7697631; 107.1899; Before; 4.117625; null
3; Bicycle; Interference; None; 20.09.2023 14:03:13; 868.4721; 0.7697637; 107.19; Before; 4.138563; null
3; Bicycle; Interference; None; 20.09.2023 14:03:13; 868.4509; 0.7697632; 107.1901; Before; 4.156502; null
3; Bicycle; Interference; None; 20.09.2023 14:03:13; 868.4084; 0.7697622; 107.1902; Before; 4.188413; null
3; Bicycle; Interference; None; 20.09.2023 14:03:13; 868.3879; 0.7697616; 107.1903; Before; 4.203897; null
3; Bicycle; Interference; None; 20.09.2023 14:03:13; 868.3651; 0.7697624; 107.1903; Before; 4.218811; null
3; Bicycle; Interference; None; 20.09.2023 14:03:13; 868.3433; 0.7697619; 107.1904; Before; 4.235253; null
3; Bicycle; Interference; None; 20.09.2023 14:03:13; 868.2997; 0.7697618; 107.1906; Before; 4.265229; null
3; Bicycle; Interference; None; 20.09.2023 14:03:13; 868.2659; 0.7697613; 107.1907; Before; 4.281479; null
3; Bicycle; Interference; None; 20.09.2023 14:03:13; 868.2659; 0.7697613; 107.1907; Before; 4.281479; null
3; Bicycle; Interference; None; 20.09.2023 14:03:13; 868.2188; 0.769761; 107.1909; Before; 4.321556; null
3; Bicycle; Interference; None; 20.09.2023 14:03:13; 868.1991; 0.7697601; 107.1909; Before; 4.336916; null
3; Bicycle; Interference; None; 20.09.2023 14:03:13; 868.1533; 0.7697601; 107.1911; Before; 4.364799; null
3; Bicycle; Interference; None; 20.09.2023 14:03:13; 868.1311; 0.76976; 107.1912; Before; 4.380592; null
3; Bicycle; Interference; None; 20.09.2023 14:03:13; 868.108; 0.7697607; 107.1913; Before; 4.395061; null
3; Bicycle; Interference; None; 20.09.2023 14:03:13; 868.0623; 0.7697607; 107.1915; Before; 4.425825; null
3; Bicycle; Interference; None; 20.09.2023 14:03:13; 868.0259; 0.7697606; 107.1917; Before; 4.439493; null
3; Bicycle; Interference; None; 20.09.2023 14:03:13; 867.9981; 0.7697617; 107.1918; Before; 4.462529; null
3; Bicycle; Interference; None; 20.09.2023 14:03:13; 867.9705; 0.7697616; 107.1919; Before; 4.479994; null
3; Bicycle; Interference; None; 20.09.2023 14:03:13; 867.9423; 0.7697616; 107.1921; Before; 4.497172; null
3; Bicycle; Interference; None; 20.09.2023 14:03:13; 867.9166; 0.7697611; 107.1922; Before; 4.514554; null
3; Bicycle; Interference; None; 20.09.2023 14:03:13; 867.8848; 0.7697618; 107.1924; Before; 4.530333; null
3; Bicycle; Interference; None; 20.09.2023 14:03:13; 867.8286; 0.7697618; 107.1927; Before; 4.567184; null
3; Bicycle; Interference; None; 20.09.2023 14:03:13; 867.8041; 0.7697611; 107.1928; Before; 4.583299; null
3; Bicycle; Interference; None; 20.09.2023 14:03:13; 867.77; 0.7697613; 107.193; Before; 4.59777; null
3; Bicycle; Interference; None; 20.09.2023 14:03:13; 867.7398; 0.7697624; 107.1931; Before; 4.617865; null
3; Bicycle; Interference; None; 20.09.2023 14:03:14; 867.7067; 0.7697625; 107.1933; Before; 4.635454; null
3; Bicycle; Interference; None; 20.09.2023 14:03:14; 867.6514; 0.7697617; 107.1936; Before; 4.67115; null
3; Bicycle; Interference; None; 20.09.2023 14:03:14; 867.6247; 0.7697623; 107.1938; Before; 4.68627; null
3; Bicycle; Interference; None; 20.09.2023 14:03:14; 867.5946; 0.7697613; 107.194; Before; 4.701287; null
3; Bicycle; Interference; None; 20.09.2023 14:03:14; 867.5665; 0.769762; 107.1941; Before; 4.718135; null
3; Bicycle; Interference; None; 20.09.2023 14:03:14; 867.5342; 0.7697619; 107.1943; Before; 4.733637; null
3; Bicycle; Interference; None; 20.09.2023 14:03:14; 867.4809; 0.7697625; 107.1947; Before; 4.751129; null
3; Bicycle; Interference; None; 20.09.2023 14:03:14; 867.4431; 0.7697622; 107.1949; Before; 4.779526; null
3; Bicycle; Interference; None; 20.09.2023 14:03:14; 867.4103; 0.7697611; 107.1951; Before; 4.799318; null
3; Bicycle; Interference; None; 20.09.2023 14:03:14; 867.3824; 0.7697603; 107.1953; Before; 4.816242; null
3; Bicycle; Interference; None; 20.09.2023 14:03:14; 867.3176; 0.7697606; 107.1957; Before; 4.846031; null
3; Bicycle; Interference; None; 20.09.2023 14:03:14; 867.2849; 0.7697604; 107.1959; Before; 4.862906; null
3; Bicycle; Interference; None; 20.09.2023 14:03:14; 867.2241; 0.7697604; 107.1964; Before; 4.893275; null
3; Bicycle; Interference; None; 20.09.2023 14:03:14; 867.2241; 0.7697604; 107.1964; Before; 4.893275; null
3; Bicycle; Interference; None; 20.09.2023 14:03:14; 867.1752; 0.7697616; 107.1967; Before; 4.908505; null
3; Bicycle; Interference; None; 20.09.2023 14:03:14; 867.1074; 0.7697613; 107.1972; Before; 4.94834; null
3; Bicycle; Interference; None; 20.09.2023 14:03:14; 867.0746; 0.7697611; 107.1975; Before; 4.963517; null
3; Bicycle; Interference; None; 20.09.2023 14:03:14; 867.035; 0.7697611; 107.1978; Before; 4.97862; null
3; Bicycle; Interference; None; 20.09.2023 14:03:14; 867.0015; 0.7697608; 107.1981; Before; 4.996627; null
3; Bicycle; Interference; None; 20.09.2023 14:03:14; 866.9617; 0.7697603; 107.1984; Before; 5.011784; null
3; Bicycle; Interference; None; 20.09.2023 14:03:14; 866.8911; 0.7697605; 107.199; Before; 5.043841; null
3; Bicycle; Interference; None; 20.09.2023 14:03:14; 866.8322; 0.7697603; 107.1995; Before; 5.060623; null
3; Bicycle; Interference; None; 20.09.2023 14:03:14; 866.7955; 0.7697601; 107.1998; Before; 5.086168; null
3; Bicycle; Interference; None; 20.09.2023 14:03:14; 866.7565; 0.7697599; 107.2001; Before; 5.101847; null
3; Bicycle; Interference; None; 20.09.2023 14:03:14; 866.7202; 0.7697607; 107.2005; Before; 5.118412; null
3; Bicycle; Interference; None; 20.09.2023 14:03:14; 866.6796; 0.7697604; 107.2009; Before; 5.133689; null
3; Bicycle; Interference; None; 20.09.2023 14:03:14; 866.5931; 0.769761; 107.2017; Before; 5.17058; null
3; Bicycle; Interference; None; 20.09.2023 14:03:14; 866.5569; 0.769762; 107.202; Before; 5.186226; null
3; Bicycle; Interference; None; 20.09.2023 14:03:14; 866.5164; 0.7697622; 107.2024; Before; 5.200948; null
3; Bicycle; Interference; None; 20.09.2023 14:03:14; 866.4609; 0.7697622; 107.203; Before; 5.217193; null
3; Bicycle; Interference; None; 20.09.2023 14:03:14; 866.4174; 0.7697631; 107.2034; Before; 5.239205; null
3; Bicycle; Interference; None; 20.09.2023 14:03:14; 866.3737; 0.7697628; 107.2039; Before; 5.256248; null
3; Bicycle; Interference; None; 20.09.2023 14:03:14; 866.2885; 0.7697619; 107.2048; Before; 5.289168; null
3; Bicycle; Interference; None; 20.09.2023 14:03:14; 866.2885; 0.7697619; 107.2048; Before; 5.289168; null
3; Bicycle; Interference; None; 20.09.2023 14:03:14; 866.1929; 0.7697626; 107.2058; Before; 5.321787; null
3; Bicycle; Interference; None; 20.09.2023 14:03:14; 866.1519; 0.7697632; 107.2063; Before; 5.341093; null
3; Bicycle; Interference; None; 20.09.2023 14:03:14; 866.1044; 0.7697623; 107.2068; Before; 5.356108; null
3; Bicycle; Interference; None; 20.09.2023 14:03:14; 866.0442; 0.7697619; 107.2075; Before; 5.373345; null
3; Bicycle; Interference; None; 20.09.2023 14:03:14; 865.9991; 0.7697622; 107.208; Before; 5.394904; null
3; Bicycle; Interference; None; 20.09.2023 14:03:14; 865.9531; 0.769762; 107.2085; Before; 5.410918; null
3; Bicycle; Interference; None; 20.09.2023 14:03:14; 865.8605; 0.7697616; 107.2096; Before; 5.442348; null
3; Bicycle; Interference; None; 20.09.2023 14:03:14; 865.8164; 0.7697618; 107.2102; Before; 5.459188; null
3; Bicycle; Interference; None; 20.09.2023 14:03:14; 865.718; 0.7697625; 107.2114; Before; 5.491409; null
3; Bicycle; Interference; None; 20.09.2023 14:03:14; 865.718; 0.7697625; 107.2114; Before; 5.491409; null
3; Bicycle; Interference; None; 20.09.2023 14:03:14; 865.67; 0.7697634; 107.212; Before; 5.507508; null
3; Bicycle; Interference; None; 20.09.2023 14:03:14; 865.5485; 0.7697616; 107.2135; Before; 5.546033; null
3; Bicycle; Interference; None; 20.09.2023 14:03:14; 865.502; 0.7697617; 107.2141; Before; 5.563452; null
3; Bicycle; Interference; None; 20.09.2023 14:03:14; 865.41; 0.7697613; 107.2152; Before; 5.592988; null
3; Bicycle; Interference; None; 20.09.2023 14:03:14; 865.41; 0.7697613; 107.2152; Before; 5.592988; null
3; Bicycle; Interference; None; 20.09.2023 14:03:14; 865.3115; 0.7697617; 107.2165; Before; 5.62325; null
3; Bicycle; Interference; None; 20.09.2023 14:03:15; 865.2656; 0.7697618; 107.217; Before; 5.63921; null
3; Bicycle; Interference; None; 20.09.2023 14:03:15; 865.1647; 0.7697613; 107.2182; Before; 5.669805; null
3; Bicycle; Interference; None; 20.09.2023 14:03:15; 865.0891; 0.7697608; 107.2191; Before; 5.684816; null
3; Bicycle; Interference; None; 20.09.2023 14:03:15; 865.0891; 0.7697608; 107.2191; Before; 5.684816; null
3; Bicycle; Interference; None; 20.09.2023 14:03:15; 865.0337; 0.7697611; 107.2198; Before; 5.707929; null
3; Bicycle; Interference; None; 20.09.2023 14:03:15; 864.906; 0.7697613; 107.2212; Before; 5.743373; null
3; Bicycle; Interference; None; 20.09.2023 14:03:15; 864.8472; 0.7697616; 107.2219; Before; 5.762667; Checking Box AICar
3; Bicycle; Interference; None; 20.09.2023 14:03:15; 864.7897; 0.7697614; 107.2225; Before; 5.779902; Checking Box AICar
3; Bicycle; Interference; None; 20.09.2023 14:03:15; 864.7289; 0.769762; 107.2232; Before; 5.796616; Checking Box AICar
3; Bicycle; Interference; None; 20.09.2023 14:03:15; 864.6626; 0.7697623; 107.2239; Before; 5.814102; Checking Box AICar
3; Bicycle; Interference; None; 20.09.2023 14:03:15; 864.6071; 0.7697619; 107.2245; Before; 5.832985; Checking Box AICar
3; Bicycle; Interference; None; 20.09.2023 14:03:15; 864.5236; 0.7697624; 107.2253; Before; 5.848651; Checking Box AICar
3; Bicycle; Interference; None; 20.09.2023 14:03:15; 864.3991; 0.7697626; 107.2266; Before; 5.888326; Checking Box AICar
3; Bicycle; Interference; None; 20.09.2023 14:03:15; 864.3991; 0.7697626; 107.2266; Before; 5.888326; Checking Box AICar
3; Bicycle; Interference; None; 20.09.2023 14:03:15; 864.2843; 0.7697618; 107.2277; Before; 5.920541; Checking Box AICar
3; Bicycle; Interference; None; 20.09.2023 14:03:15; 864.2334; 0.7697612; 107.2282; Before; 5.937371; Checking Box AICar
3; Bicycle; Interference; None; 20.09.2023 14:03:15; 864.1141; 0.7697611; 107.2293; Before; 5.966275; Checking Box AICar
3; Bicycle; Interference; None; 20.09.2023 14:03:15; 864.0588; 0.7697608; 107.2298; Before; 5.982688; Checking Box AICar
3; Bicycle; Interference; None; 20.09.2023 14:03:15; 864.0001; 0.7697616; 107.2303; Before; 5.997232; Checking Box AICar
3; Bicycle; Interference; None; 20.09.2023 14:03:15; 863.8936; 0.7697611; 107.2312; Before; 6.01255; Checking Box AICar
3; Bicycle; Interference; None; 20.09.2023 14:03:15; 863.8318; 0.769762; 107.2318; Before; 6.040087; Checking Box AICar
3; Bicycle; Interference; None; 20.09.2023 14:03:15; 863.7661; 0.7697616; 107.2323; Before; 6.055898; Checking Box AICar
3; Bicycle; Interference; None; 20.09.2023 14:03:15; 863.6488; 0.7697618; 107.2333; Before; 6.087332; Checking Box AICar
3; Bicycle; Interference; None; 20.09.2023 14:03:15; 863.59; 0.7697616; 107.2338; Before; 6.102148; Checking Box AICar
3; Bicycle; Interference; None; 20.09.2023 14:03:15; 863.5334; 0.7697613; 107.2343; Before; 6.116789; Checking Box AICar
3; Bicycle; Interference; None; 20.09.2023 14:03:15; 863.3993; 0.7697622; 107.2354; Before; 6.145013; Checking Box AICar
3; Bicycle; Interference; None; 20.09.2023 14:03:15; 863.3993; 0.7697622; 107.2354; Before; 6.145013; Checking Box AICar
3; Bicycle; Interference; None; 20.09.2023 14:03:15; 863.2148; 0.7697623; 107.237; Before; 6.189049; Checking Box AICar
3; Bicycle; Interference; None; 20.09.2023 14:03:15; 863.2148; 0.7697623; 107.237; Before; 6.189049; Checking Box AICar
3; Bicycle; Interference; None; 20.09.2023 14:03:15; 863.0776; 0.7697618; 107.2381; Before; 6.223458; Checking Box AICar
3; Bicycle; Interference; None; 20.09.2023 14:03:15; 863.0129; 0.7697626; 107.2387; Before; 6.241238; Checking Box AICar
3; Bicycle; Interference; None; 20.09.2023 14:03:15; 862.9461; 0.7697624; 107.2393; Before; 6.256559; Checking Box AICar
3; Bicycle; Interference; None; 20.09.2023 14:03:15; 862.8123; 0.7697632; 107.2404; Before; 6.288324; Checking Box AICar
3; Bicycle; Interference; None; 20.09.2023 14:03:15; 862.7411; 0.7697629; 107.241; Before; 6.303444; Checking Box AICar
3; Bicycle; Interference; None; 20.09.2023 14:03:15; 862.6448; 0.769762; 107.2419; Before; 6.319908; Checking Box AICar
3; Bicycle; Interference; None; 20.09.2023 14:03:15; 862.5748; 0.7697624; 107.2425; Before; 6.34203; Checking Box AICar
3; Bicycle; Interference; None; 20.09.2023 14:03:15; 862.5038; 0.7697618; 107.2432; Before; 6.358011; Checking Box AICar
3; Bicycle; Interference; None; 20.09.2023 14:03:15; 862.375; 0.7697616; 107.2444; Before; 6.388256; Checking Box AICar
3; Bicycle; Interference; None; 20.09.2023 14:03:15; 862.3112; 0.7697614; 107.245; Before; 6.403144; Checking Box AICar
3; Bicycle; Interference; None; 20.09.2023 14:03:15; 862.2504; 0.7697612; 107.2456; Before; 6.417418; Checking Box AICar
3; Bicycle; Interference; None; 20.09.2023 14:03:15; 862.1772; 0.7697613; 107.2463; Before; 6.430936; Checking Box AICar
3; Bicycle; Interference; None; 20.09.2023 14:03:15; 862.0192; 0.7697617; 107.2479; Before; 6.466177; Checking Box AICar
3; Bicycle; Interference; None; 20.09.2023 14:03:15; 861.9237; 0.7697616; 107.2488; Before; 6.481933; Checking Box AICar
3; Bicycle; Interference; None; 20.09.2023 14:03:15; 861.8457; 0.7697608; 107.2496; Before; 6.50273; Checking Box AICar
3; Bicycle; Interference; None; 20.09.2023 14:03:15; 861.7869; 0.7697612; 107.2503; Before; 6.519661; Checking Box AICar
3; Bicycle; Interference; None; 20.09.2023 14:03:15; 861.6542; 0.7697606; 107.2517; Before; 6.547059; Checking Box AICar
3; Bicycle; Interference; None; 20.09.2023 14:03:15; 861.5802; 0.7697614; 107.2525; Before; 6.56082; Checking Box AICar
3; Bicycle; Interference; None; 20.09.2023 14:03:15; 861.4415; 0.7697612; 107.254; Before; 6.591024; Checking Box AICar
3; Bicycle; Interference; None; 20.09.2023 14:03:15; 861.4415; 0.7697612; 107.254; Before; 6.591024; Checking Box AICar
3; Bicycle; Interference; None; 20.09.2023 14:03:15; 861.286; 0.7697608; 107.2557; Before; 6.621854; Checking Box AICar
3; Bicycle; Interference; None; 20.09.2023 14:03:16; 861.1709; 0.7697606; 107.2571; Before; 6.638657; Checking Box AICar
3; Bicycle; Interference; None; 20.09.2023 14:03:16; 861.0908; 0.7697612; 107.258; Before; 6.66267; Checking Box AICar
3; Bicycle; Interference; None; 20.09.2023 14:03:16; 861.0134; 0.769761; 107.2589; Before; 6.679282; Checking Box AICar
3; Bicycle; Interference; None; 20.09.2023 14:03:16; 860.9315; 0.7697618; 107.2598; Before; 6.695267; Checking Box AICar
3; Bicycle; Interference; None; 20.09.2023 14:03:16; 860.8537; 0.7697616; 107.2608; Before; 6.712101; Checking Box AICar
3; Bicycle; Interference; None; 20.09.2023 14:03:16; 860.6761; 0.7697617; 107.2628; Before; 6.745068; Checking Box AICar
3; Bicycle; Interference; None; 20.09.2023 14:03:16; 860.588; 0.769761; 107.2639; Before; 6.764199; Checking Box AICar
3; Bicycle; Interference; None; 20.09.2023 14:03:16; 860.4979; 0.7697618; 107.2649; Before; 6.781998; Checking Box AICar
3; Bicycle; Interference; None; 20.09.2023 14:03:16; 860.4979; 0.7697618; 107.2649; Before; 6.781998; Checking Box AICar
3; Bicycle; Interference; None; 20.09.2023 14:03:16; 860.3281; 0.7697883; 107.2669; Before; 6.800123; Checking Box AICar
3; Bicycle; Interference; None; 20.09.2023 14:03:16; 860.2261; 0.7699499; 107.2681; Before; 6.834111; Checking Box AICar
3; Bicycle; Interference; None; 20.09.2023 14:03:16; 860.071; 0.7701054; 107.2699; Before; 6.870287; Checking Box AICar
3; Bicycle; Interference; None; 20.09.2023 14:03:16; 859.9926; 0.7701538; 107.2708; Before; 6.885014; Checking Box AICar
3; Bicycle; Interference; None; 20.09.2023 14:03:16; 859.9146; 0.7701862; 107.2716; Before; 6.900437; Checking Box AICar
3; Bicycle; Interference; None; 20.09.2023 14:03:16; 859.8363; 0.7702074; 107.2725; Before; 6.915731; Checking Box AICar
3; Bicycle; Interference; None; 20.09.2023 14:03:16; 859.6855; 0.7702208; 107.2741; Before; 6.945176; Checking Box AICar
3; Bicycle; Interference; None; 20.09.2023 14:03:16; 859.554; 0.7702136; 107.2755; Before; 6.960296; Checking Box AICar
3; Bicycle; Interference; None; 20.09.2023 14:03:16; 859.4715; 0.7702045; 107.2763; Before; 6.98574; Checking Box AICar
3; Bicycle; Interference; None; 20.09.2023 14:03:16; 859.3876; 0.7701911; 107.2772; Before; 7.001607; Checking Box AICar
3; Bicycle; Interference; None; 20.09.2023 14:03:16; 859.2982; 0.7701757; 107.2781; Before; 7.017688; Checking Box AICar
3; Bicycle; Interference; None; 20.09.2023 14:03:16; 859.1956; 0.7701573; 107.2791; Before; 7.034778; Checking Box AICar
3; Bicycle; Interference; None; 20.09.2023 14:03:16; 859.0385; 0.7701268; 107.2807; Before; 7.06952; Checking Box AICar
3; Bicycle; Interference; None; 20.09.2023 14:03:16; 858.9617; 0.7701129; 107.2814; Before; 7.084134; Checking Box AICar
3; Bicycle; Interference; None; 20.09.2023 14:03:16; 858.8876; 0.7700998; 107.2821; Before; 7.098622; Checking Box AICar
3; Bicycle; Interference; None; 20.09.2023 14:03:16; 858.769; 0.7700808; 107.2833; Before; 7.112566; Checking Box AICar
3; Bicycle; Interference; None; 20.09.2023 14:03:16; 858.671; 0.7700663; 107.2842; Before; 7.134782; Checking Box AICar
3; Bicycle; Interference; None; 20.09.2023 14:03:16; 858.5093; 0.7700459; 107.2858; Before; 7.168072; Checking Box AICar
3; Bicycle; Interference; None; 20.09.2023 14:03:16; 858.4215; 0.7700371; 107.2866; Before; 7.183192; Checking Box AICar
3; Bicycle; Interference; None; 20.09.2023 14:03:16; 858.3265; 0.7700278; 107.2875; Before; 7.199466; Checking Box AICar
3; Bicycle; Interference; None; 20.09.2023 14:03:16; 858.2522; 0.7700216; 107.2883; Before; 7.217058; Checking Box AICar
3; Bicycle; Interference; None; 20.09.2023 14:03:16; 858.0735; 0.7700099; 107.29; Before; 7.247474; Checking Box AICar
3; Bicycle; Interference; None; 20.09.2023 14:03:16; 857.9543; 0.7700038; 107.2911; Before; 7.263813; Checking Box AICar
3; Bicycle; Interference; None; 20.09.2023 14:03:16; 857.8703; 0.7700007; 107.2919; Before; 7.28584; Checking Box AICar
3; Bicycle; Interference; None; 20.09.2023 14:03:16; 857.7729; 0.769997; 107.2928; Before; 7.301381; Checking Box AICar
3; Bicycle; Interference; None; 20.09.2023 14:03:16; 857.6952; 0.7699947; 107.2935; Before; 7.319378; Checking Box AICar
3; Bicycle; Interference; None; 20.09.2023 14:03:16; 857.6084; 0.7699928; 107.2943; Before; 7.333734; Checking Box AICar
3; Bicycle; Interference; None; 20.09.2023 14:03:16; 857.4426; 0.7699904; 107.2958; Before; 7.364578; Checking Box AICar
3; Bicycle; Interference; None; 20.09.2023 14:03:16; 857.3609; 0.7699888; 107.2964; Before; 7.380417; Checking Box AICar
3; Bicycle; Interference; None; 20.09.2023 14:03:16; 857.2817; 0.7699883; 107.2971; Before; 7.395524; Checking Box AICar
3; Bicycle; Interference; None; 20.09.2023 14:03:16; 857.2001; 0.7699876; 107.2977; Before; 7.410155; Checking Box AICar
3; Bicycle; Interference; None; 20.09.2023 14:03:16; 857.0032; 0.7699869; 107.2992; Before; 7.44576; Checking Box AICar
3; Bicycle; Interference; None; 20.09.2023 14:03:16; 856.9219; 0.7699871; 107.2997; Before; 7.461648; Checking Box AICar
3; Bicycle; Interference; None; 20.09.2023 14:03:16; 856.8419; 0.7699865; 107.3002; Before; 7.476686; Checking Box AICar
3; Bicycle; Interference; None; 20.09.2023 14:03:16; 856.7394; 0.7699873; 107.3009; Before; 7.491487; Checking Box AICar
3; Bicycle; Interference; None; 20.09.2023 14:03:16; 856.6362; 0.7699864; 107.3015; Before; 7.510442; Checking Box AICar
3; Bicycle; Interference; None; 20.09.2023 14:03:16; 856.4742; 0.7699862; 107.3024; Before; 7.543702; Checking Box AICar
3; Bicycle; Interference; None; 20.09.2023 14:03:16; 856.3971; 0.7699859; 107.3028; Before; 7.559498; Checking Box AICar
3; Bicycle; Interference; None; 20.09.2023 14:03:16; 856.3082; 0.7699862; 107.3032; Before; 7.573771; Checking Box AICar
3; Bicycle; Interference; None; 20.09.2023 14:03:16; 856.1865; 0.7699853; 107.3037; Before; 7.590218; Checking Box AICar
3; Bicycle; Interference; None; 20.09.2023 14:03:16; 856.0894; 0.7699853; 107.3041; Before; 7.612763; Checking Box AICar
3; Bicycle; Interference; None; 20.09.2023 14:03:16; 855.9182; 0.7699847; 107.3046; Before; 7.645727; Checking Box AICar
3; Bicycle; Interference; None; 20.09.2023 14:03:17; 855.8431; 0.7699854; 107.3048; Before; 7.662449; Checking Box AICar
3; Bicycle; Interference; None; 20.09.2023 14:03:17; 855.6768; 0.7699854; 107.3052; Before; 7.69145; Checking Box AICar
3; Bicycle; Interference; None; 20.09.2023 14:03:17; 855.6768; 0.7699854; 107.3052; Before; 7.69145; Checking Box AICar
3; Bicycle; Interference; None; 20.09.2023 14:03:17; 855.5074; 0.769986; 107.3055; Before; 7.721765; Checking Box AICar
3; Bicycle; Interference; None; 20.09.2023 14:03:17; 855.4271; 0.7699875; 107.3055; Before; 7.738543; Checking Box AICar
3; Bicycle; Interference; None; 20.09.2023 14:03:17; 855.2839; 0.7699876; 107.3056; Before; 7.753465; Checking Box AICar
3; Bicycle; Interference; None; 20.09.2023 14:03:17; 855.1844; 0.7699876; 107.3056; Before; 7.780077; Checking Box AICar
3; Bicycle; Interference; None; 20.09.2023 14:03:17; 855.1017; 0.7699878; 107.3055; Before; 7.798593; Checking Box AICar
3; Bicycle; Interference; None; 20.09.2023 14:03:17; 855.0179; 0.7699872; 107.3055; Before; 7.814023; Checking Box AICar
3; Bicycle; Interference; None; 20.09.2023 14:03:17; 854.8446; 0.7699877; 107.3053; Before; 7.844318; Checking Box AICar
3; Bicycle; Interference; None; 20.09.2023 14:03:17; 854.759; 0.7699885; 107.3052; Before; 7.862066; Checking Box AICar
3; Bicycle; Interference; None; 20.09.2023 14:03:17; 854.6564; 0.7699881; 107.305; Before; 7.878099; Checking Box AICar
3; Bicycle; Interference; None; 20.09.2023 14:03:17; 854.5816; 0.7699881; 107.3048; Before; 7.897359; Checking Box AICar
3; Bicycle; Interference; None; 20.09.2023 14:03:17; 854.4618; 0.7699882; 107.3045; Before; 7.91141; Checking Box AICar
3; Bicycle; Interference; None; 20.09.2023 14:03:17; 854.3743; 0.7699876; 107.3043; Before; 7.93393; Checking Box AICar
3; Bicycle; Interference; None; 20.09.2023 14:03:17; 854.2085; 0.7699876; 107.3038; Before; 7.964968; Checking Box AICar
3; Bicycle; Interference; None; 20.09.2023 14:03:17; 854.1311; 0.7699873; 107.3035; Before; 7.981677; Checking Box AICar
3; Bicycle; Interference; None; 20.09.2023 14:03:17; 854.052; 0.7699877; 107.3032; Before; 7.996305; Checking Box AICar
3; Bicycle; Interference; None; 20.09.2023 14:03:17; 853.8919; 0.7699866; 107.3026; Before; 8.026474; Checking Box AICar
3; Bicycle; Interference; None; 20.09.2023 14:03:17; 853.8094; 0.7699872; 107.3022; Before; 8.041603; Checking Box AICar
3; Bicycle; Interference; None; 20.09.2023 14:03:17; 853.7275; 0.7699871; 107.3019; Before; 8.057239; Checking Box AICar
3; Bicycle; Interference; None; 20.09.2023 14:03:17; 853.6047; 0.7699875; 107.3013; Before; 8.072804; Checking Box AICar
3; Bicycle; Interference; None; 20.09.2023 14:03:17; 853.5224; 0.7699883; 107.3009; Before; 8.096152; Checking Box AICar
3; Bicycle; Interference; None; 20.09.2023 14:03:17; 853.4394; 0.7699878; 107.3005; Before; 8.111829; Checking Box AICar
3; Bicycle; Interference; None; 20.09.2023 14:03:17; 853.2743; 0.7699878; 107.2996; Before; 8.142782; Checking Box AICar
3; Bicycle; Interference; None; 20.09.2023 14:03:17; 853.2032; 0.7699876; 107.2992; Before; 8.159192; Checking Box AICar
3; Bicycle; Interference; None; 20.09.2023 14:03:17; 853.0296; 0.7699875; 107.2981; Before; 8.18865; Checking Box AICar
3; Bicycle; Interference; None; 20.09.2023 14:03:17; 853.0296; 0.7699875; 107.2981; Before; 8.18865; Checking Box AICar
3; Bicycle; Interference; None; 20.09.2023 14:03:17; 852.8593; 0.7699869; 107.297; Before; 8.221238; Checking Box AICar
3; Bicycle; Interference; None; 20.09.2023 14:03:17; 852.7559; 0.769987; 107.2963; Before; 8.238773; Checking Box AICar
3; Bicycle; Interference; None; 20.09.2023 14:03:17; 852.673; 0.7699863; 107.2957; Before; 8.258743; Checking Box AICar
3; Bicycle; Interference; None; 20.09.2023 14:03:17; 852.5109; 0.7699862; 107.2946; Before; 8.290684; Checking Box AICar
3; Bicycle; Interference; None; 20.09.2023 14:03:17; 852.5109; 0.7699862; 107.2946; Before; 8.290684; Checking Box AICar
3; Bicycle; Interference; None; 20.09.2023 14:03:17; 852.3417; 0.7699866; 107.2932; Before; 8.322575; Checking Box AICar
3; Bicycle; Interference; None; 20.09.2023 14:03:17; 852.2615; 0.7699871; 107.2926; Before; 8.33959; Checking Box AICar
3; Bicycle; Interference; None; 20.09.2023 14:03:17; 852.1574; 0.7699876; 107.2917; Before; 8.355391; Checking Box AICar
3; Bicycle; Interference; None; 20.09.2023 14:03:17; 852.078; 0.7699869; 107.291; Before; 8.375995; Checking Box AICar
3; Bicycle; Interference; None; 20.09.2023 14:03:17; 851.9692; 0.7699869; 107.2901; Before; 8.391796; Checking Box AICar
3; Bicycle; Interference; None; 20.09.2023 14:03:17; 851.8868; 0.7699101; 107.2893; Before; 8.413493; Checking Box AICar
3; Bicycle; Interference; None; 20.09.2023 14:03:17; 851.7249; 0.7697234; 107.2877; Before; 8.44537; Checking Box AICar
3; Bicycle; Interference; None; 20.09.2023 14:03:17; 851.6563; 0.7696692; 107.287; Before; 8.46265; Checking Box AICar
3; Bicycle; Interference; None; 20.09.2023 14:03:17; 851.5034; 0.7695875; 107.2855; Before; 8.492002; Checking Box AICar
3; Bicycle; Interference; None; 20.09.2023 14:03:17; 851.5034; 0.7695875; 107.2855; Before; 8.492002; Checking Box AICar
3; Bicycle; Interference; None; 20.09.2023 14:03:17; 851.3434; 0.7695498; 107.2837; Before; 8.523806; Checking Box AICar
3; Bicycle; Interference; None; 20.09.2023 14:03:17; 851.2741; 0.7695445; 107.283; Before; 8.540372; Checking Box AICar
3; Bicycle; Interference; None; 20.09.2023 14:03:17; 851.144; 0.7695453; 107.2815; Before; 8.55464; Checking Box AICar
3; Bicycle; Interference; None; 20.09.2023 14:03:17; 851.0435; 0.7695546; 107.2803; Before; 8.581492; Checking Box AICar
3; Bicycle; Interference; None; 20.09.2023 14:03:17; 850.9675; 0.7695644; 107.2794; Before; 8.602369; Checking Box AICar
3; Bicycle; Interference; None; 20.09.2023 14:03:17; 850.9033; 0.769575; 107.2786; Before; 8.618189; Checking Box AICar
3; Bicycle; Interference; None; 20.09.2023 14:03:17; 850.7556; 0.769601; 107.2767; Before; 8.648496; Checking Box AICar
3; Bicycle; Interference; None; 20.09.2023 14:03:18; 850.6813; 0.7696149; 107.2758; Before; 8.662626; Checking Box AICar
3; Bicycle; Interference; None; 20.09.2023 14:03:18; 850.604; 0.7696288; 107.2747; Before; 8.678303; Checking Box AICar
3; Bicycle; Interference; None; 20.09.2023 14:03:18; 850.5334; 0.7696427; 107.2738; Before; 8.694672; Checking Box AICar
3; Bicycle; Interference; None; 20.09.2023 14:03:18; 850.421; 0.7696627; 107.2723; Before; 8.709651; Checking Box AICar
3; Bicycle; Interference; None; 20.09.2023 14:03:18; 850.3361; 0.7696762; 107.2711; Before; 8.73366; Checking Box AICar
3; Bicycle; Interference; None; 20.09.2023 14:03:18; 850.177; 0.7696989; 107.2689; Before; 8.769585; Checking Box AICar
3; Bicycle; Interference; None; 20.09.2023 14:03:18; 850.1057; 0.7697082; 107.2679; Before; 8.78639; Checking Box AICar
3; Bicycle; Interference; None; 20.09.2023 14:03:18; 850.1057; 0.7697082; 107.2679; Before; 8.78639; Checking Box AICar
3; Bicycle; Interference; None; 20.09.2023 14:03:18; 849.946; 0.7697263; 107.2657; Before; 8.820952; Checking Box AICar
3; Bicycle; Interference; None; 20.09.2023 14:03:18; 849.881; 0.7697316; 107.2648; Before; 8.837259; Checking Box AICar
3; Bicycle; Interference; None; 20.09.2023 14:03:18; 849.8185; 0.7697372; 107.2639; Before; 8.851727; Checking Box AICar
3; Bicycle; Interference; None; 20.09.2023 14:03:18; 849.6398; 0.7697484; 107.2613; Before; 8.889952; Checking Box AICar
3; Bicycle; Interference; None; 20.09.2023 14:03:18; 849.6398; 0.7697484; 107.2613; Before; 8.889952; Checking Box AICar
3; Bicycle; Interference; None; 20.09.2023 14:03:18; 849.5088; 0.7697549; 107.2595; Before; 8.921268; Checking Box AICar
3; Bicycle; Interference; None; 20.09.2023 14:03:18; 849.448; 0.7697573; 107.2586; Before; 8.93615; Checking Box AICar
3; Bicycle; Interference; None; 20.09.2023 14:03:18; 849.3103; 0.769761; 107.2566; Before; 8.966176; Checking Box AICar
3; Bicycle; Interference; None; 20.09.2023 14:03:18; 849.2439; 0.7697623; 107.2557; Before; 8.982235; Checking Box AICar
3; Bicycle; Interference; None; 20.09.2023 14:03:18; 849.1617; 0.7697635; 107.2545; Before; 8.997806; Checking Box AICar
3; Bicycle; Interference; None; 20.09.2023 14:03:18; 849.0675; 0.7697642; 107.2531; Before; 9.017225; Checking Box AICar
3; Bicycle; Interference; None; 20.09.2023 14:03:18; 848.9989; 0.7697651; 107.2521; Before; 9.039628; Checking Box AICar
3; Bicycle; Interference; None; 20.09.2023 14:03:18; 848.9298; 0.7697653; 107.2511; Before; 9.056064; Checking Box AICar
3; Bicycle; Interference; None; 20.09.2023 14:03:18; 848.8018; 0.7697654; 107.2491; Before; 9.087651; Checking Box AICar
3; Bicycle; Interference; None; 20.09.2023 14:03:18; 848.7391; 0.7697648; 107.2482; Before; 9.103841; Checking Box AICar
3; Bicycle; Interference; None; 20.09.2023 14:03:18; 848.6747; 0.7697649; 107.2472; Before; 9.119175; Checking Box AICar
3; Bicycle; Interference; None; 20.09.2023 14:03:18; 848.6072; 0.7697645; 107.2461; Before; 9.135028; Checking Box AICar
3; Bicycle; Interference; None; 20.09.2023 14:03:18; 848.5436; 0.7697649; 107.2452; Before; 9.151722; Checking Box AICar
3; Bicycle; Interference; None; 20.09.2023 14:03:18; 848.4337; 0.7697631; 107.2434; Before; 9.167585; Checking Box AICar
3; Bicycle; Interference; None; 20.09.2023 14:03:18; 848.3734; 0.7697629; 107.2425; Before; 9.195152; Checking Box AICar
3; Bicycle; Interference; None; 20.09.2023 14:03:18; 848.2579; 0.7697629; 107.2407; Before; 9.226495; Checking Box AICar
3; Bicycle; Interference; None; 20.09.2023 14:03:18; 848.2018; 0.7697634; 107.2398; Before; 9.241477; Checking Box AICar
3; Bicycle; Interference; None; 20.09.2023 14:03:18; 848.145; 0.769763; 107.2388; Before; 9.257661; Checking Box AICar
3; Bicycle; Interference; None; 20.09.2023 14:03:18; 848.0555; 0.7697629; 107.2374; Before; 9.288578; Checking Box AICar
3; Bicycle; Interference; None; 20.09.2023 14:03:18; 848.0126; 0.7697629; 107.2367; Before; 9.304283; Checking Box AICar
3; Bicycle; Interference; None; 20.09.2023 14:03:18; 848.0126; 0.7697629; 107.2367; Before; 9.304283; Checking Box AICar
3; Bicycle; Interference; None; 20.09.2023 14:03:18; 847.9116; 0.7697628; 107.235; Before; 9.343259; Checking Box AICar
3; Bicycle; Interference; None; 20.09.2023 14:03:18; 847.8766; 0.7697622; 107.2345; Before; 9.359533; Checking Box AICar
3; Bicycle; Interference; None; 20.09.2023 14:03:18; 847.8094; 0.7697611; 107.2334; Before; 9.391433; Checking Box AICar
3; Bicycle; Interference; None; 20.09.2023 14:03:18; 847.8094; 0.7697611; 107.2334; Before; 9.391433; Checking Box AICar
3; Bicycle; Interference; None; 20.09.2023 14:03:18; 847.7584; 0.7697608; 107.2325; Before; 9.423265; Checking Box AICar
3; Bicycle; Interference; None; 20.09.2023 14:03:18; 847.7378; 0.769761; 107.2322; Before; 9.43953; Checking Box AICar
3; Bicycle; Interference; None; 20.09.2023 14:03:18; 847.7007; 0.7697593; 107.2316; Before; 9.468601; Checking Box AICar
3; Bicycle; Interference; None; 20.09.2023 14:03:18; 847.6769; 0.7697582; 107.2312; Before; 9.483922; Checking Box AICar
3; Bicycle; Interference; None; 20.09.2023 14:03:18; 847.6769; 0.7697582; 107.2312; Before; 9.483922; Checking Box AICar
3; Bicycle; Interference; None; 20.09.2023 14:03:18; 847.6644; 0.7697587; 107.231; Before; 9.508608; Checking Box AICar
3; Bicycle; Interference; None; 20.09.2023 14:03:18; 847.6467; 0.7697582; 107.2307; Before; 9.543197; Checking Box AICar
3; Bicycle; Interference; None; 20.09.2023 14:03:18; 847.6423; 0.7697582; 107.2306; Before; 9.558834; Checking Box AICar
3; Bicycle; Interference; None; 20.09.2023 14:03:18; 847.6398; 0.7697582; 107.2305; Before; 9.573683; Checking Box AICar
3; Bicycle; Interference; None; 20.09.2023 14:03:18; 847.639; 0.7697585; 107.2305; Before; 9.590216; Checking Box AICar
3; Bicycle; Interference; None; 20.09.2023 14:03:18; 847.639; 0.7697582; 107.2305; Before; 9.611; Checking Box AICar
3; Bicycle; Interference; None; 20.09.2023 14:03:19; 847.639; 0.7697592; 107.2305; Before; 9.62841; Checking Box AICar
3; Bicycle; Interference; None; 20.09.2023 14:03:19; 847.639; 0.7697597; 107.2305; Before; 9.66827; Checking Box AICar
3; Bicycle; Interference; None; 20.09.2023 14:03:19; 847.639; 0.7697604; 107.2305; Before; 9.683743; Checking Box AICar
3; Bicycle; Interference; None; 20.09.2023 14:03:19; 847.639; 0.76976; 107.2305; Before; 9.699412; Checking Box AICar
3; Bicycle; Interference; None; 20.09.2023 14:03:19; 847.639; 0.7697601; 107.2305; Before; 9.7153; Checking Box AICar
3; Bicycle; Interference; None; 20.09.2023 14:03:19; 847.639; 0.7697604; 107.2305; Before; 9.745056; Checking Box AICar
3; Bicycle; Interference; None; 20.09.2023 14:03:19; 847.6389; 0.7697612; 107.2305; Before; 9.761483; Checking Box AICar
3; Bicycle; Interference; None; 20.09.2023 14:03:19; 847.639; 0.7697608; 107.2305; Before; 9.776595; Checking Box AICar
3; Bicycle; Interference; None; 20.09.2023 14:03:19; 847.639; 0.7697616; 107.2305; Before; 9.793386; Checking Box AICar
3; Bicycle; Interference; None; 20.09.2023 14:03:19; 847.639; 0.7697632; 107.2305; Before; 9.815993; Checking Box AICar
3; Bicycle; Interference; None; 20.09.2023 14:03:19; 847.639; 0.7697635; 107.2305; Before; 9.833508; Checking Box AICar
3; Bicycle; Interference; None; 20.09.2023 14:03:19; 847.639; 0.7697635; 107.2305; Before; 9.868528; Checking Box AICar
3; Bicycle; Interference; None; 20.09.2023 14:03:19; 847.639; 0.7697639; 107.2305; Before; 9.884887; Checking Box AICar
3; Bicycle; Interference; None; 20.09.2023 14:03:19; 847.639; 0.7697644; 107.2305; Before; 9.898324; Checking Box AICar
3; Bicycle; Interference; None; 20.09.2023 14:03:19; 847.639; 0.7697647; 107.2305; Before; 9.914347; Checking Box AICar
3; Bicycle; Interference; None; 20.09.2023 14:03:19; 847.639; 0.7697656; 107.2305; Before; 9.942473; Checking Box AICar
3; Bicycle; Interference; None; 20.09.2023 14:03:19; 847.639; 0.7697659; 107.2305; Before; 9.958613; Checking Box AICar
3; Bicycle; Interference; None; 20.09.2023 14:03:19; 847.639; 0.7697661; 107.2305; Before; 9.981348; Checking Box AICar
3; Bicycle; Interference; None; 20.09.2023 14:03:19; 847.639; 0.7697656; 107.2305; Before; 9.999426; Checking Box AICar
3; Bicycle; Interference; None; 20.09.2023 14:03:19; 847.6389; 0.7697659; 107.2305; Before; 10.01622; Checking Box AICar
3; Bicycle; Interference; None; 20.09.2023 14:03:19; 847.639; 0.7697651; 107.2305; Before; 10.04953; Checking Box AICar
3; Bicycle; Interference; None; 20.09.2023 14:03:19; 847.639; 0.7697656; 107.2305; Before; 10.06377; Checking Box AICar
3; Bicycle; Interference; None; 20.09.2023 14:03:19; 847.639; 0.769765; 107.2305; Before; 10.09324; Checking Box AICar
3; Bicycle; Interference; None; 20.09.2023 14:03:19; 847.639; 0.769765; 107.2305; Before; 10.09324; Checking Box AICar
3; Bicycle; Interference; None; 20.09.2023 14:03:19; 847.639; 0.7697656; 107.2305; Before; 10.10744; Checking Box AICar
3; Bicycle; Interference; None; 20.09.2023 14:03:19; 847.639; 0.7697651; 107.2305; Before; 10.1242; Checking Box AICar
3; Bicycle; Interference; None; 20.09.2023 14:03:19; 847.639; 0.769765; 107.2305; Before; 10.15; Checking Box AICar
3; Bicycle; Interference; None; 20.09.2023 14:03:19; 847.639; 0.7697642; 107.2305; Before; 10.18843; Checking Box AICar
3; Bicycle; Interference; None; 20.09.2023 14:03:19; 847.639; 0.7697642; 107.2305; Before; 10.18843; Checking Box AICar
3; Bicycle; Interference; None; 20.09.2023 14:03:19; 847.639; 0.769763; 107.2305; Before; 10.22051; Checking Box AICar
3; Bicycle; Interference; None; 20.09.2023 14:03:19; 847.639; 0.7697625; 107.2305; Before; 10.23626; Checking Box AICar
3; Bicycle; Interference; None; 20.09.2023 14:03:19; 847.639; 0.7697618; 107.2305; Before; 10.26628; Checking Box AICar
3; Bicycle; Interference; None; 20.09.2023 14:03:19; 847.639; 0.7697611; 107.2305; Before; 10.28246; Checking Box AICar
3; Bicycle; Interference; None; 20.09.2023 14:03:19; 847.639; 0.7697611; 107.2305; Before; 10.28246; Checking Box AICar
3; Bicycle; Interference; None; 20.09.2023 14:03:19; 847.639; 0.7697606; 107.2305; Before; 10.32004; Checking Box AICar
3; Bicycle; Interference; None; 20.09.2023 14:03:19; 847.639; 0.7697603; 107.2305; Before; 10.33525; Checking Box AICar
3; Bicycle; Interference; None; 20.09.2023 14:03:19; 847.639; 0.7697597; 107.2305; Before; 10.36538; Checking Box AICar
3; Bicycle; Interference; None; 20.09.2023 14:03:19; 847.639; 0.7697597; 107.2305; Before; 10.38307; Checking Box AICar
3; Bicycle; Interference; None; 20.09.2023 14:03:19; 847.639; 0.7697589; 107.2305; Before; 10.39939; Checking Box AICar
3; Bicycle; Interference; None; 20.09.2023 14:03:19; 847.639; 0.7697585; 107.2305; Before; 10.41634; Checking Box AICar
3; Bicycle; Interference; None; 20.09.2023 14:03:19; 847.639; 0.7697588; 107.2305; Before; 10.43084; Checking Box AICar
3; Bicycle; Interference; None; 20.09.2023 14:03:19; 847.639; 0.7697582; 107.2305; Before; 10.46667; Checking Box AICar
3; Bicycle; Interference; None; 20.09.2023 14:03:19; 847.639; 0.7697587; 107.2305; Before; 10.48328; Checking Box AICar
3; Bicycle; Interference; None; 20.09.2023 14:03:19; 847.6389; 0.7697582; 107.2305; Before; 10.4998; Checking Box AICar
3; Bicycle; Interference; None; 20.09.2023 14:03:19; 847.6389; 0.7697587; 107.2305; Before; 10.51586; Checking Box AICar
3; Bicycle; Interference; None; 20.09.2023 14:03:19; 847.639; 0.7697581; 107.2305; Before; 10.54839; Checking Box AICar
3; Bicycle; Interference; None; 20.09.2023 14:03:19; 847.639; 0.7697587; 107.2305; Before; 10.56304; Checking Box AICar
3; Bicycle; Interference; None; 20.09.2023 14:03:19; 847.639; 0.7697586; 107.2305; Before; 10.59304; Checking Box AICar
3; Bicycle; Interference; None; 20.09.2023 14:03:19; 847.639; 0.7697586; 107.2305; Before; 10.59304; Checking Box AICar
3; Bicycle; Interference; None; 20.09.2023 14:03:19; 847.639; 0.7697589; 107.2305; Before; 10.6078; Checking Box AICar
3; Bicycle; Interference; None; 20.09.2023 14:03:19; 847.639; 0.7697595; 107.2305; Before; 10.64661; Checking Box AICar
3; Bicycle; Interference; None; 20.09.2023 14:03:20; 847.6389; 0.7697604; 107.2305; Before; 10.66317; Checking Box AICar
3; Bicycle; Interference; None; 20.09.2023 14:03:20; 847.639; 0.7696232; 107.2305; Before; 10.69229; Checking Box AICar
3; Bicycle; Interference; None; 20.09.2023 14:03:20; 847.639; 0.7696232; 107.2305; Before; 10.69229; Checking Box AICar
3; Bicycle; Interference; None; 20.09.2023 14:03:20; 847.6386; 0.7686117; 107.2305; Before; 10.72339; Checking Box AICar
3; Bicycle; Interference; None; 20.09.2023 14:03:20; 847.6384; 0.7680056; 107.2305; Before; 10.7409; Checking Box AICar
3; Bicycle; Interference; None; 20.09.2023 14:03:20; 847.6383; 0.7674224; 107.2305; Before; 10.75613; Checking Box AICar
3; Bicycle; Interference; None; 20.09.2023 14:03:20; 847.6381; 0.766022; 107.2305; Before; 10.79245; Checking Box AICar
3; Bicycle; Interference; None; 20.09.2023 14:03:20; 847.6381; 0.766022; 107.2305; Before; 10.79245; Checking Box AICar
3; Bicycle; Interference; None; 20.09.2023 14:03:20; 847.6381; 0.7655715; 107.2305; Before; 10.8086; Checking Box AICar
3; Bicycle; Interference; None; 20.09.2023 14:03:20; 847.6379; 0.7650745; 107.2305; Before; 10.84444; Checking Box AICar
3; Bicycle; Interference; None; 20.09.2023 14:03:20; 847.6378; 0.7650958; 107.2305; Before; 10.8644; Checking Box AICar
3; Bicycle; Interference; None; 20.09.2023 14:03:20; 847.6376; 0.7652123; 107.2305; Before; 10.87921; Checking Box AICar
3; Bicycle; Interference; None; 20.09.2023 14:03:20; 847.6375; 0.7653815; 107.2305; Before; 10.89618; Checking Box AICar
3; Bicycle; Interference; None; 20.09.2023 14:03:20; 847.6373; 0.7656429; 107.2305; Before; 10.91085; Checking Box AICar
3; Bicycle; Interference; None; 20.09.2023 14:03:20; 847.6371; 0.7660308; 107.2305; Before; 10.92854; Checking Box AICar
3; Bicycle; Interference; None; 20.09.2023 14:03:20; 847.6369; 0.7666562; 107.2305; Before; 10.96713; Checking Box AICar
3; Bicycle; Interference; None; 20.09.2023 14:03:20; 847.6367; 0.7669213; 107.2305; Before; 10.98373; Checking Box AICar
3; Bicycle; Interference; None; 20.09.2023 14:03:20; 847.6365; 0.767294; 107.2305; Before; 10.99761; Checking Box AICar
3; Bicycle; Interference; None; 20.09.2023 14:03:20; 847.6362; 0.7675858; 107.2305; Before; 11.01761; Checking Box AICar
3; Bicycle; Interference; None; 20.09.2023 14:03:20; 847.6359; 0.7680695; 107.2305; Before; 11.04955; Checking Box AICar
3; Bicycle; Interference; None; 20.09.2023 14:03:20; 847.6356; 0.7682767; 107.2305; Before; 11.0638; Checking Box AICar
3; Bicycle; Interference; None; 20.09.2023 14:03:20; 847.6355; 0.768472; 107.2305; Before; 11.07803; Checking Box AICar
3; Bicycle; Interference; None; 20.09.2023 14:03:20; 847.6351; 0.7687417; 107.2305; Before; 11.09254; Checking Box AICar
3; Bicycle; Interference; None; 20.09.2023 14:03:20; 847.6348; 0.7689295; 107.2305; Before; 11.11505; Checking Box AICar
3; Bicycle; Interference; None; 20.09.2023 14:03:20; 847.6345; 0.7690967; 107.2305; Before; 11.13294; Checking Box AICar
3; Bicycle; Interference; None; 20.09.2023 14:03:20; 847.6339; 0.7693247; 107.2305; Before; 11.16597; Checking Box AICar
3; Bicycle; Interference; None; 20.09.2023 14:03:20; 847.6334; 0.7694186; 107.2305; Before; 11.18199; Checking Box AICar
3; Bicycle; Interference; None; 20.09.2023 14:03:20; 847.6323; 0.7694895; 107.2304; Before; 11.1974; Checking Box AICar
3; Bicycle; Interference; None; 20.09.2023 14:03:20; 847.6305; 0.7695673; 107.2304; Before; 11.21082; Checking Box AICar
3; Bicycle; Interference; None; 20.09.2023 14:03:20; 847.6282; 0.7696308; 107.2304; Before; 11.22847; Checking Box AICar
3; Bicycle; Interference; None; 20.09.2023 14:03:20; 847.6205; 0.769734; 107.2302; Before; 11.26869; Checking Box AICar
3; Bicycle; Interference; None; 20.09.2023 14:03:20; 847.6168; 0.7697606; 107.2302; Before; 11.28491; Checking Box AICar
3; Bicycle; Interference; None; 20.09.2023 14:03:20; 847.6128; 0.7697812; 107.2301; Before; 11.29955; Checking Box AICar
3; Bicycle; Interference; None; 20.09.2023 14:03:20; 847.6087; 0.7697968; 107.23; Before; 11.31419; Checking Box AICar
3; Bicycle; Interference; None; 20.09.2023 14:03:20; 847.5964; 0.7698207; 107.2298; Before; 11.3427; Checking Box AICar
3; Bicycle; Interference; None; 20.09.2023 14:03:20; 847.5895; 0.7698268; 107.2297; Before; 11.36335; Checking Box AICar
3; Bicycle; Interference; None; 20.09.2023 14:03:20; 847.5828; 0.7698295; 107.2296; Before; 11.3807; Checking Box AICar
3; Bicycle; Interference; None; 20.09.2023 14:03:20; 847.5728; 0.7698303; 107.2294; Before; 11.39655; Checking Box AICar
3; Bicycle; Interference; None; 20.09.2023 14:03:20; 847.5649; 0.7698302; 107.2293; Before; 11.41795; Checking Box AICar
3; Bicycle; Interference; None; 20.09.2023 14:03:20; 847.5555; 0.769827; 107.2291; Before; 11.43394; Checking Box AICar
3; Bicycle; Interference; None; 20.09.2023 14:03:20; 847.5366; 0.7698195; 107.2288; Before; 11.46658; Checking Box AICar
3; Bicycle; Interference; None; 20.09.2023 14:03:20; 847.5273; 0.7698158; 107.2286; Before; 11.48483; Checking Box AICar
3; Bicycle; Interference; None; 20.09.2023 14:03:20; 847.5273; 0.7698158; 107.2286; Before; 11.48483; Checking Box AICar
3; Bicycle; Interference; None; 20.09.2023 14:03:20; 847.5026; 0.769805; 107.2282; Before; 11.52003; Checking Box AICar
3; Bicycle; Interference; None; 20.09.2023 14:03:20; 847.4924; 0.7698002; 107.228; Before; 11.53723; Checking Box AICar
3; Bicycle; Interference; None; 20.09.2023 14:03:20; 847.4758; 0.7697945; 107.2278; Before; 11.55156; Checking Box AICar
3; Bicycle; Interference; None; 20.09.2023 14:03:20; 847.4626; 0.769791; 107.2275; Before; 11.57393; Checking Box AICar
3; Bicycle; Interference; None; 20.09.2023 14:03:20; 847.4476; 0.7697871; 107.2273; Before; 11.59078; Checking Box AICar
3; Bicycle; Interference; None; 20.09.2023 14:03:20; 847.4199; 0.7697799; 107.2268; Before; 11.62607; Checking Box AICar
3; Bicycle; Interference; None; 20.09.2023 14:03:21; 847.4064; 0.7697773; 107.2266; Before; 11.64214; Checking Box AICar
3; Bicycle; Interference; None; 20.09.2023 14:03:21; 847.3914; 0.7697743; 107.2263; Before; 11.65731; Checking Box AICar
3; Bicycle; Interference; None; 20.09.2023 14:03:21; 847.3581; 0.7697694; 107.2258; Before; 11.6918; Checking Box AICar
3; Bicycle; Interference; None; 20.09.2023 14:03:21; 847.3581; 0.7697694; 107.2258; Before; 11.6918; Checking Box AICar
3; Bicycle; Interference; None; 20.09.2023 14:03:21; 847.3352; 0.769767; 107.2254; Before; 11.70834; Checking Box AICar
3; Bicycle; Interference; None; 20.09.2023 14:03:21; 847.3014; 0.7697651; 107.2249; Before; 11.74532; Checking Box AICar
3; Bicycle; Interference; None; 20.09.2023 14:03:21; 847.2851; 0.7697647; 107.2246; Before; 11.76188; Checking Box AICar
3; Bicycle; Interference; None; 20.09.2023 14:03:21; 847.2489; 0.769763; 107.224; Before; 11.79114; Checking Box AICar
3; Bicycle; Interference; None; 20.09.2023 14:03:21; 847.2489; 0.769763; 107.224; Before; 11.79114; Checking Box AICar
3; Bicycle; Interference; None; 20.09.2023 14:03:21; 847.2043; 0.7697611; 107.2233; Before; 11.82304; Checking Box AICar
3; Bicycle; Interference; None; 20.09.2023 14:03:21; 847.1792; 0.7697607; 107.2229; Before; 11.84198; Checking Box AICar
3; Bicycle; Interference; None; 20.09.2023 14:03:21; 847.1475; 0.7697597; 107.2224; Before; 11.86098; Checking Box AICar
3; Bicycle; Interference; None; 20.09.2023 14:03:21; 847.1222; 0.7697597; 107.222; Before; 11.88413; Checking Box AICar
3; Bicycle; Interference; None; 20.09.2023 14:03:21; 847.0999; 0.7697592; 107.2217; Before; 11.90199; Checking Box AICar
3; Bicycle; Interference; None; 20.09.2023 14:03:21; 847.0788; 0.7697592; 107.2214; Before; 11.91735; Checking Box AICar
3; Bicycle; Interference; None; 20.09.2023 14:03:21; 847.0322; 0.7697587; 107.2206; Before; 11.94658; Checking Box AICar
3; Bicycle; Interference; None; 20.09.2023 14:03:21; 847.0056; 0.7697594; 107.2202; Before; 11.96202; Checking Box AICar
3; Bicycle; Interference; None; 20.09.2023 14:03:21; 846.9822; 0.7697593; 107.2198; Before; 11.97885; Checking Box AICar
3; Bicycle; Interference; None; 20.09.2023 14:03:21; 846.9553; 0.7697597; 107.2194; Before; 11.99333; Checking Box AICar
3; Bicycle; Interference; None; 20.09.2023 14:03:21; 846.9254; 0.7697592; 107.219; Before; 12.00974; Checking Box AICar
3; Bicycle; Interference; None; 20.09.2023 14:03:21; 846.8887; 0.7697591; 107.2184; Before; 12.02743; Checking Box AICar
3; Bicycle; Interference; None; 20.09.2023 14:03:21; 846.8282; 0.7697594; 107.2175; Before; 12.06657; Checking Box AICar
3; Bicycle; Interference; None; 20.09.2023 14:03:21; 846.8021; 0.7697593; 107.2171; Before; 12.08281; Checking Box AICar
3; Bicycle; Interference; None; 20.09.2023 14:03:21; 846.7768; 0.7697599; 107.2167; Before; 12.09708; Checking Box AICar
3; Bicycle; Interference; None; 20.09.2023 14:03:21; 846.741; 0.7697599; 107.2161; Before; 12.1107; Checking Box AICar
3; Bicycle; Interference; None; 20.09.2023 14:03:21; 846.6794; 0.7697606; 107.2152; Before; 12.14488; Checking Box AICar
3; Bicycle; Interference; None; 20.09.2023 14:03:21; 846.6472; 0.7697611; 107.2147; Before; 12.16136; Checking Box AICar
3; Bicycle; Interference; None; 20.09.2023 14:03:21; 846.6021; 0.7697613; 107.214; Before; 12.17759; Checking Box AICar
3; Bicycle; Interference; None; 20.09.2023 14:03:21; 846.5703; 0.769761; 107.2135; Before; 12.19985; Checking Box AICar
3; Bicycle; Interference; None; 20.09.2023 14:03:21; 846.5337; 0.7697617; 107.213; Before; 12.21528; Checking Box AICar
3; Bicycle; Interference; None; 20.09.2023 14:03:21; 846.4949; 0.7697613; 107.2124; Before; 12.23282; Checking Box AICar
3; Bicycle; Interference; None; 20.09.2023 14:03:21; 846.4266; 0.7697611; 107.2114; Before; 12.26586; Checking Box Human Car
3; Bicycle; Interference; None; 20.09.2023 14:03:21; 846.3924; 0.7697617; 107.2109; Before; 12.28249; Checking Box Human Car
3; Bicycle; Interference; None; 20.09.2023 14:03:21; 846.3556; 0.7697612; 107.2103; Before; 12.29799; Checking Box Human Car
3; Bicycle; Interference; None; 20.09.2023 14:03:21; 846.3203; 0.7697608; 107.2098; Before; 12.31435; Checking Box Human Car
3; Bicycle; Interference; None; 20.09.2023 14:03:21; 846.2666; 0.7697617; 107.209; Before; 12.32991; Checking Box Human Car
3; Bicycle; Interference; None; 20.09.2023 14:03:21; 846.228; 0.7697629; 107.2084; Before; 12.35316; Checking Box Human Car
3; Bicycle; Interference; None; 20.09.2023 14:03:21; 846.1425; 0.7697625; 107.2071; Before; 12.38831; Checking Box Human Car
3; Bicycle; Interference; None; 20.09.2023 14:03:21; 846.1425; 0.7697625; 107.2071; Before; 12.38831; Checking Box Human Car
3; Bicycle; Interference; None; 20.09.2023 14:03:21; 846.0616; 0.7697632; 107.2059; Before; 12.42193; Checking Box Human Car
3; Bicycle; Interference; None; 20.09.2023 14:03:21; 846.0283; 0.7697632; 107.2054; Before; 12.43835; Checking Box Human Car
3; Bicycle; Interference; None; 20.09.2023 14:03:21; 845.95; 0.7697632; 107.2042; Before; 12.46574; Checking Box Human Car
3; Bicycle; Interference; None; 20.09.2023 14:03:21; 845.8939; 0.7697637; 107.2034; Before; 12.48265; Checking Box Human Car
3; Bicycle; Interference; None; 20.09.2023 14:03:21; 845.8939; 0.7697637; 107.2034; Before; 12.48265; Checking Box Human Car
3; Bicycle; Interference; None; 20.09.2023 14:03:21; 845.7971; 0.769763; 107.2019; Before; 12.52417; Checking Box Human Car
3; Bicycle; Interference; None; 20.09.2023 14:03:21; 845.7526; 0.7697632; 107.2012; Before; 12.54127; Checking Box Human Car
3; Bicycle; Interference; None; 20.09.2023 14:03:21; 845.7083; 0.769763; 107.2005; Before; 12.55792; Checking Box Human Car
3; Bicycle; Interference; None; 20.09.2023 14:03:21; 845.6181; 0.7697626; 107.1991; Before; 12.59127; Checking Box Human Car
3; Bicycle; Interference; None; 20.09.2023 14:03:21; 845.6181; 0.7697626; 107.1991; Before; 12.59127; Checking Box Human Car
3; Bicycle; Interference; None; 20.09.2023 14:03:21; 845.5313; 0.7697623; 107.1977; Before; 12.62152; Checking Box Human Car
3; Bicycle; Interference; None; 20.09.2023 14:03:22; 845.5313; 0.7697623; 107.1977; Before; 12.62152; Checking Box Human Car
3; Bicycle; Interference; None; 20.09.2023 14:03:22; 845.4033; 0.7697619; 107.1957; Before; 12.66541; Checking Box Human Car
3; Bicycle; Interference; None; 20.09.2023 14:03:22; 845.3585; 0.7697618; 107.1949; Before; 12.68334; Checking Box Human Car
3; Bicycle; Interference; None; 20.09.2023 14:03:22; 845.3013; 0.7697614; 107.194; Before; 12.69881; Checking Box Human Car
3; Bicycle; Interference; None; 20.09.2023 14:03:22; 845.2574; 0.7697628; 107.1933; Before; 12.7185; Checking Box Human Car
3; Bicycle; Interference; None; 20.09.2023 14:03:22; 845.2031; 0.7697618; 107.1924; Before; 12.73353; Checking Box Human Car
3; Bicycle; Interference; None; 20.09.2023 14:03:22; 845.1509; 0.7697619; 107.1915; Before; 12.75212; Checking Box Human Car
3; Bicycle; Interference; None; 20.09.2023 14:03:22; 845.0548; 0.7697625; 107.1899; Before; 12.7867; Checking Box Human Car
3; Bicycle; Interference; None; 20.09.2023 14:03:22; 845.0548; 0.7697625; 107.1899; Before; 12.7867; Checking Box Human Car
3; Bicycle; Interference; None; 20.09.2023 14:03:22; 844.9807; 0.7697623; 107.1887; Before; 12.80257; Checking Box Human Car
3; Bicycle; Interference; None; 20.09.2023 14:03:22; 844.9281; 0.7697625; 107.1878; Before; 12.82767; Checking Box Human Car
3; Bicycle; Interference; None; 20.09.2023 14:03:22; 844.8151; 0.7697623; 107.1859; Before; 12.86485; Checking Box Human Car
3; Bicycle; Interference; None; 20.09.2023 14:03:22; 844.7619; 0.7697625; 107.185; Before; 12.88344; Checking Box Human Car
3; Bicycle; Interference; None; 20.09.2023 14:03:22; 844.7136; 0.7697619; 107.1842; Before; 12.90127; Checking Box Human Car
3; Bicycle; Interference; None; 20.09.2023 14:03:22; 844.6729; 0.7697618; 107.1835; Before; 12.91742; Checking Box Human Car
3; Bicycle; Interference; None; 20.09.2023 14:03:22; 844.5743; 0.7697611; 107.1819; Before; 12.94695; Checking Box Human Car
3; Bicycle; Interference; None; 20.09.2023 14:03:22; 844.5073; 0.7697616; 107.1808; Before; 12.96385; Checking Box Human Car
3; Bicycle; Interference; None; 20.09.2023 14:03:22; 844.4606; 0.7697616; 107.18; Before; 12.9861; Checking Box Human Car
3; Bicycle; Interference; None; 20.09.2023 14:03:22; 844.4084; 0.7697611; 107.1791; Before; 13.00161; Checking Box Human Car
3; Bicycle; Interference; None; 20.09.2023 14:03:22; 844.367; 0.7697616; 107.1785; Before; 13.01885; Checking Box Human Car
3; Bicycle; Interference; None; 20.09.2023 14:03:22; 844.3122; 0.7697608; 107.1776; Before; 13.03254; Checking Box Human Car
3; Bicycle; Interference; None; 20.09.2023 14:03:22; 844.216; 0.7697612; 107.176; Before; 13.06505; Checking Box Human Car
3; Bicycle; Interference; None; 20.09.2023 14:03:22; 844.1624; 0.7697612; 107.1751; Before; 13.08219; Checking Box Human Car
3; Bicycle; Interference; None; 20.09.2023 14:03:22; 844.1165; 0.7697607; 107.1743; Before; 13.09976; Checking Box Human Car
3; Bicycle; Interference; None; 20.09.2023 14:03:22; 844.0529; 0.7697612; 107.1733; Before; 13.11478; null
3; Bicycle; Interference; None; 20.09.2023 14:03:22; 844.0038; 0.7697611; 107.1725; Before; 13.13554; null
3; Bicycle; Interference; None; 20.09.2023 14:03:22; 843.8991; 0.769761; 107.1708; Before; 13.16858; null
3; Bicycle; Interference; None; 20.09.2023 14:03:22; 843.8504; 0.7697607; 107.17; Before; 13.18554; null
3; Bicycle; Interference; None; 20.09.2023 14:03:22; 843.7999; 0.7697601; 107.1692; Before; 13.20135; null
3; Bicycle; Interference; None; 20.09.2023 14:03:22; 843.76; 0.7697605; 107.1685; Before; 13.2177; null
3; Bicycle; Interference; None; 20.09.2023 14:03:22; 843.6558; 0.7697606; 107.1669; Before; 13.24417; null
3; Bicycle; Interference; None; 20.09.2023 14:03:22; 843.61; 0.7697614; 107.1661; Before; 13.26419; null
3; Bicycle; Interference; None; 20.09.2023 14:03:22; 843.5459; 0.769762; 107.1651; Before; 13.27893; null
3; Bicycle; Interference; None; 20.09.2023 14:03:22; 843.4904; 0.7697616; 107.1642; Before; 13.2995; null
3; Bicycle; Interference; None; 20.09.2023 14:03:22; 843.4444; 0.7697623; 107.1635; Before; 13.31732; null
3; Bicycle; Interference; None; 20.09.2023 14:03:22; 843.3438; 0.7697611; 107.162; Before; 13.34835; null
3; Bicycle; Interference; None; 20.09.2023 14:03:22; 843.2905; 0.7697616; 107.1611; Before; 13.36413; null
3; Bicycle; Interference; None; 20.09.2023 14:03:22; 843.2379; 0.769762; 107.1603; Before; 13.38109; null
3; Bicycle; Interference; None; 20.09.2023 14:03:22; 843.1829; 0.7697616; 107.1595; Before; 13.39785; null
3; Bicycle; Interference; None; 20.09.2023 14:03:22; 843.1371; 0.769761; 107.1588; Before; 13.4153; null
3; Bicycle; Interference; None; 20.09.2023 14:03:22; 843.0681; 0.7697611; 107.1577; Before; 13.42979; null
3; Bicycle; Interference; None; 20.09.2023 14:03:22; 842.9625; 0.7697613; 107.1561; Before; 13.46895; null
3; Bicycle; Interference; None; 20.09.2023 14:03:22; 842.9123; 0.7697616; 107.1553; Before; 13.48501; null
3; Bicycle; Interference; None; 20.09.2023 14:03:22; 842.8552; 0.7697617; 107.1545; Before; 13.50083; null
3; Bicycle; Interference; None; 20.09.2023 14:03:22; 842.8104; 0.7697616; 107.1538; Before; 13.51878; null
3; Bicycle; Interference; None; 20.09.2023 14:03:22; 842.759; 0.7697611; 107.153; Before; 13.53285; null
3; Bicycle; Interference; None; 20.09.2023 14:03:22; 842.6563; 0.7697611; 107.1515; Before; 13.56457; null
3; Bicycle; Interference; None; 20.09.2023 14:03:22; 842.5902; 0.7697608; 107.1505; Before; 13.58116; null
3; Bicycle; Interference; None; 20.09.2023 14:03:22; 842.5355; 0.7697608; 107.1497; Before; 13.60182; null
3; Bicycle; Interference; None; 20.09.2023 14:03:22; 842.491; 0.7697613; 107.1491; Before; 13.61886; null
3; Bicycle; Interference; None; 20.09.2023 14:03:23; 842.3892; 0.7697604; 107.1476; Before; 13.65007; null
3; Bicycle; Interference; None; 20.09.2023 14:03:23; 842.3425; 0.7697618; 107.1469; Before; 13.66441; null
3; Bicycle; Interference; None; 20.09.2023 14:03:23; 842.2892; 0.7697616; 107.1461; Before; 13.67891; null
3; Bicycle; Interference; None; 20.09.2023 14:03:23; 842.2393; 0.7697622; 107.1454; Before; 13.69543; null
3; Bicycle; Interference; None; 20.09.2023 14:03:23; 842.1866; 0.7697622; 107.1447; Before; 13.71091; null
3; Bicycle; Interference; None; 20.09.2023 14:03:23; 842.1354; 0.7697625; 107.1439; Before; 13.72723; null
3; Bicycle; Interference; None; 20.09.2023 14:03:23; 842.0097; 0.7697617; 107.1421; Before; 13.7661; null
3; Bicycle; Interference; None; 20.09.2023 14:03:23; 841.9644; 0.769761; 107.1415; Before; 13.78222; null
3; Bicycle; Interference; None; 20.09.2023 14:03:23; 841.92; 0.7697612; 107.1408; Before; 13.79636; null
3; Bicycle; Interference; None; 20.09.2023 14:03:23; 841.8685; 0.7697608; 107.1401; Before; 13.81016; null
3; Bicycle; Interference; None; 20.09.2023 14:03:23; 841.7534; 0.7697618; 107.1385; Before; 13.84256; null
3; Bicycle; Interference; None; 20.09.2023 14:03:23; 841.6995; 0.7697623; 107.1377; Before; 13.86223; null
3; Bicycle; Interference; None; 20.09.2023 14:03:23; 841.6492; 0.7697618; 107.137; Before; 13.87908; null
3; Bicycle; Interference; None; 20.09.2023 14:03:23; 841.5731; 0.769762; 107.1359; Before; 13.89482; null
3; Bicycle; Interference; None; 20.09.2023 14:03:23; 841.5222; 0.769763; 107.1352; Before; 13.91869; null
3; Bicycle; Interference; None; 20.09.2023 14:03:23; 841.4584; 0.7697628; 107.1343; Before; 13.93469; null
3; Bicycle; Interference; None; 20.09.2023 14:03:23; 841.3946; 0.7697613; 107.1334; Before; 13.95477; null
3; Bicycle; Interference; None; 20.09.2023 14:03:23; 841.2912; 0.7697607; 107.132; Before; 13.98902; Checking Box AICar
3; Bicycle; Interference; None; 20.09.2023 14:03:23; 841.2912; 0.7697607; 107.132; Before; 13.98902; Checking Box AICar
3; Bicycle; Interference; None; 20.09.2023 14:03:23; 841.1868; 0.7697611; 107.1305; Before; 14.02284; Checking Box AICar
3; Bicycle; Interference; None; 20.09.2023 14:03:23; 841.1263; 0.7697612; 107.1297; Before; 14.0404; Checking Box AICar
3; Bicycle; Interference; None; 20.09.2023 14:03:23; 841.0568; 0.7697608; 107.1287; Before; 14.0595; Checking Box AICar
3; Bicycle; Interference; None; 20.09.2023 14:03:23; 841.0066; 0.7697604; 107.1281; Before; 14.0815; Checking Box AICar
3; Bicycle; Interference; None; 20.09.2023 14:03:23; 840.9652; 0.7697616; 107.1275; Before; 14.09739; Checking Box AICar
3; Bicycle; Interference; None; 20.09.2023 14:03:23; 840.9066; 0.7697619; 107.1267; Before; 14.11053; Checking Box AICar
3; Bicycle; Interference; None; 20.09.2023 14:03:23; 840.8007; 0.7697629; 107.1252; Before; 14.14587; Checking Box AICar
3; Bicycle; Interference; None; 20.09.2023 14:03:23; 840.758; 0.7697628; 107.1246; Before; 14.16276; Checking Box AICar
3; Bicycle; Interference; None; 20.09.2023 14:03:23; 840.6971; 0.7697625; 107.1238; Before; 14.17637; Checking Box AICar
3; Bicycle; Interference; None; 20.09.2023 14:03:23; 840.6544; 0.7697632; 107.1232; Before; 14.19574; Checking Box AICar
3; Bicycle; Interference; None; 20.09.2023 14:03:23; 840.6022; 0.7697632; 107.1225; Before; 14.20936; Checking Box AICar
3; Bicycle; Interference; None; 20.09.2023 14:03:23; 840.5131; 0.7697637; 107.1213; Before; 14.22602; Checking Box AICar
3; Bicycle; Interference; None; 20.09.2023 14:03:23; 840.4244; 0.7697636; 107.12; Before; 14.25448; Checking Box AICar
3; Bicycle; Interference; None; 20.09.2023 14:03:23; 840.3688; 0.7697639; 107.1193; Before; 14.28284; Checking Box AICar
3; Bicycle; Interference; None; 20.09.2023 14:03:23; 840.3173; 0.7697628; 107.1186; Before; 14.30067; Checking Box AICar
3; Bicycle; Interference; None; 20.09.2023 14:03:23; 840.2735; 0.7697623; 107.118; Before; 14.31719; Checking Box AICar
3; Bicycle; Interference; None; 20.09.2023 14:03:23; 840.1762; 0.7697614; 107.1166; Before; 14.34694; Checking Box AICar
3; Bicycle; Interference; None; 20.09.2023 14:03:23; 840.1284; 0.7697616; 107.116; Before; 14.36258; Checking Box AICar
3; Bicycle; Interference; None; 20.09.2023 14:03:23; 840.0592; 0.7697614; 107.1151; Before; 14.37798; Checking Box AICar
3; Bicycle; Interference; None; 20.09.2023 14:03:23; 840.0081; 0.7697611; 107.1144; Before; 14.40033; Checking Box AICar
3; Bicycle; Interference; None; 20.09.2023 14:03:23; 839.9645; 0.7697613; 107.1138; Before; 14.4168; Checking Box AICar
3; Bicycle; Interference; None; 20.09.2023 14:03:23; 839.8694; 0.7697619; 107.1125; Before; 14.44509; Checking Box AICar
3; Bicycle; Interference; None; 20.09.2023 14:03:23; 839.8226; 0.7697626; 107.1119; Before; 14.46171; Checking Box AICar
3; Bicycle; Interference; None; 20.09.2023 14:03:23; 839.7341; 0.7697624; 107.1107; Before; 14.49073; Checking Box AICar
3; Bicycle; Interference; None; 20.09.2023 14:03:23; 839.7341; 0.7697624; 107.1107; Before; 14.49073; Checking Box AICar
3; Bicycle; Interference; None; 20.09.2023 14:03:23; 839.6251; 0.769762; 107.1092; Before; 14.52243; Checking Box AICar
3; Bicycle; Interference; None; 20.09.2023 14:03:23; 839.6251; 0.769762; 107.1092; Before; 14.52243; Checking Box AICar
3; Bicycle; Interference; None; 20.09.2023 14:03:23; 839.4979; 0.7697625; 107.1076; Before; 14.56569; Checking Box AICar
3; Bicycle; Interference; None; 20.09.2023 14:03:23; 839.4176; 0.7697611; 107.1065; Before; 14.59666; Checking Box AICar
3; Bicycle; Interference; None; 20.09.2023 14:03:23; 839.4176; 0.7697611; 107.1065; Before; 14.59666; Checking Box AICar
3; Bicycle; Interference; None; 20.09.2023 14:03:23; 839.3215; 0.7697608; 107.1052; Before; 14.62224; Checking Box AICar
3; Bicycle; Interference; None; 20.09.2023 14:03:24; 839.2764; 0.7697614; 107.1046; Before; 14.64017; Checking Box AICar
3; Bicycle; Interference; None; 20.09.2023 14:03:24; 839.2192; 0.7697613; 107.1039; Before; 14.65495; Checking Box AICar
3; Bicycle; Interference; None; 20.09.2023 14:03:24; 839.1228; 0.769761; 107.1027; Before; 14.68849; Checking Box AICar
3; Bicycle; Interference; None; 20.09.2023 14:03:24; 839.1228; 0.769761; 107.1027; Before; 14.68849; Checking Box AICar
3; Bicycle; Interference; None; 20.09.2023 14:03:24; 839.053; 0.7697613; 107.1018; Before; 14.70536; Checking Box AICar
3; Bicycle; Interference; None; 20.09.2023 14:03:24; 838.9568; 0.7697611; 107.1005; Before; 14.74355; Checking Box AICar
3; Bicycle; Interference; None; 20.09.2023 14:03:24; 838.9127; 0.7697618; 107.1; Before; 14.76009; Checking Box AICar
3; Bicycle; Interference; None; 20.09.2023 14:03:24; 838.8237; 0.7697616; 107.0988; Before; 14.78761; Checking Box AICar
3; Bicycle; Interference; None; 20.09.2023 14:03:24; 838.8237; 0.7697616; 107.0988; Before; 14.78761; Checking Box AICar
3; Bicycle; Interference; None; 20.09.2023 14:03:24; 838.7217; 0.769762; 107.0976; Before; 14.82028; Checking Box AICar
3; Bicycle; Interference; None; 20.09.2023 14:03:24; 838.6814; 0.7697618; 107.097; Before; 14.83821; Checking Box AICar
3; Bicycle; Interference; None; 20.09.2023 14:03:24; 838.6354; 0.7697623; 107.0965; Before; 14.85168; Checking Box AICar
3; Bicycle; Interference; None; 20.09.2023 14:03:24; 838.558; 0.7697612; 107.0955; Before; 14.86709; Checking Box AICar
3; Bicycle; Interference; None; 20.09.2023 14:03:24; 838.5095; 0.7697618; 107.0949; Before; 14.89303; Checking Box AICar
3; Bicycle; Interference; None; 20.09.2023 14:03:24; 838.4131; 0.7697605; 107.0937; Before; 14.92682; Checking Box AICar
3; Bicycle; Interference; None; 20.09.2023 14:03:24; 838.3738; 0.7697608; 107.0932; Before; 14.94183; Checking Box AICar
3; Bicycle; Interference; None; 20.09.2023 14:03:24; 838.2872; 0.7697604; 107.0922; Before; 14.97017; Checking Box AICar
3; Bicycle; Interference; None; 20.09.2023 14:03:24; 838.2432; 0.7697601; 107.0916; Before; 14.98445; Checking Box AICar
3; Bicycle; Interference; None; 20.09.2023 14:03:24; 838.1886; 0.7697604; 107.091; Before; 14.99943; Checking Box AICar
3; Bicycle; Interference; None; 20.09.2023 14:03:24; 838.1238; 0.7697603; 107.0902; Before; 15.01798; Checking Box AICar
3; Bicycle; Interference; None; 20.09.2023 14:03:24; 838.0769; 0.7697606; 107.0896; Before; 15.04007; Checking Box AICar
3; Bicycle; Interference; None; 20.09.2023 14:03:24; 838.0253; 0.7697601; 107.089; Before; 15.05613; Checking Box AICar
3; Bicycle; Interference; None; 20.09.2023 14:03:24; 837.9365; 0.769761; 107.0879; Before; 15.08707; Checking Box AICar
3; Bicycle; Interference; None; 20.09.2023 14:03:24; 837.8928; 0.7697608; 107.0874; Before; 15.10429; Checking Box AICar
3; Bicycle; Interference; None; 20.09.2023 14:03:24; 837.8534; 0.7697612; 107.087; Before; 15.1193; Checking Box AICar
3; Bicycle; Interference; None; 20.09.2023 14:03:24; 837.7642; 0.7697604; 107.0859; Before; 15.14934; Checking Box AICar
3; Bicycle; Interference; None; 20.09.2023 14:03:24; 837.7184; 0.7697616; 107.0854; Before; 15.16375; Checking Box AICar
3; Bicycle; Interference; None; 20.09.2023 14:03:24; 837.6577; 0.769762; 107.0847; Before; 15.17957; Checking Box AICar
3; Bicycle; Interference; None; 20.09.2023 14:03:24; 837.6059; 0.7697613; 107.0841; Before; 15.20066; Checking Box AICar
3; Bicycle; Interference; None; 20.09.2023 14:03:24; 837.57; 0.7697624; 107.0837; Before; 15.21874; Checking Box AICar
3; Bicycle; Interference; None; 20.09.2023 14:03:24; 837.4794; 0.7697617; 107.0826; Before; 15.24788; Checking Box AICar
3; Bicycle; Interference; None; 20.09.2023 14:03:24; 837.434; 0.7697618; 107.0821; Before; 15.26305; Checking Box AICar
3; Bicycle; Interference; None; 20.09.2023 14:03:24; 837.3889; 0.7697613; 107.0816; Before; 15.27905; Checking Box AICar
3; Bicycle; Interference; None; 20.09.2023 14:03:24; 837.3496; 0.7697612; 107.0812; Before; 15.29502; Checking Box AICar
3; Bicycle; Interference; None; 20.09.2023 14:03:24; 837.2603; 0.7697606; 107.0802; Before; 15.32566; Checking Box AICar
3; Bicycle; Interference; None; 20.09.2023 14:03:24; 837.1989; 0.7697611; 107.0795; Before; 15.34081; Checking Box AICar
3; Bicycle; Interference; None; 20.09.2023 14:03:24; 837.1477; 0.7697618; 107.0789; Before; 15.36279; Checking Box AICar
3; Bicycle; Interference; None; 20.09.2023 14:03:24; 837.1042; 0.7697614; 107.0784; Before; 15.38123; Checking Box AICar
3; Bicycle; Interference; None; 20.09.2023 14:03:24; 837.0653; 0.7697623; 107.078; Before; 15.39693; Checking Box AICar
3; Bicycle; Interference; None; 20.09.2023 14:03:24; 836.9832; 0.7697618; 107.0771; Before; 15.42753; Checking Box AICar
3; Bicycle; Interference; None; 20.09.2023 14:03:24; 836.9448; 0.7697619; 107.0767; Before; 15.44094; Checking Box AICar
3; Bicycle; Interference; None; 20.09.2023 14:03:24; 836.8645; 0.7697608; 107.0758; Before; 15.47032; Checking Box AICar
3; Bicycle; Interference; None; 20.09.2023 14:03:24; 836.8275; 0.7697613; 107.0754; Before; 15.48441; Checking Box AICar
3; Bicycle; Interference; None; 20.09.2023 14:03:24; 836.8275; 0.7697613; 107.0754; Before; 15.48441; Checking Box AICar
3; Bicycle; Interference; None; 20.09.2023 14:03:24; 836.7201; 0.7697617; 107.0743; Before; 15.52104; Checking Box AICar
3; Bicycle; Interference; None; 20.09.2023 14:03:24; 836.6817; 0.7697613; 107.0739; Before; 15.53784; Checking Box AICar
3; Bicycle; Interference; None; 20.09.2023 14:03:24; 836.6021; 0.769762; 107.0731; Before; 15.56571; Checking Box AICar
3; Bicycle; Interference; None; 20.09.2023 14:03:24; 836.5609; 0.7697613; 107.0727; Before; 15.58198; Checking Box AICar
3; Bicycle; Interference; None; 20.09.2023 14:03:24; 836.5204; 0.7697626; 107.0723; Before; 15.59745; Checking Box AICar
3; Bicycle; Interference; None; 20.09.2023 14:03:24; 836.4772; 0.7697623; 107.0719; Before; 15.61273; Checking Box AICar
3; Bicycle; Interference; None; 20.09.2023 14:03:24; 836.4363; 0.7697636; 107.0715; Before; 15.62904; Checking Box AICar
3; Bicycle; Interference; None; 20.09.2023 14:03:25; 836.381; 0.7697631; 107.0709; Before; 15.64457; Checking Box AICar
3; Bicycle; Interference; None; 20.09.2023 14:03:25; 836.2759; 0.7697623; 107.0699; Before; 15.68747; Checking Box AICar
3; Bicycle; Interference; None; 20.09.2023 14:03:25; 836.2759; 0.7697623; 107.0699; Before; 15.68747; Checking Box AICar
3; Bicycle; Interference; None; 20.09.2023 14:03:25; 836.1975; 0.769762; 107.0692; Before; 15.72164; Checking Box AICar
3; Bicycle; Interference; None; 20.09.2023 14:03:25; 836.1708; 0.7697618; 107.0689; Before; 15.73882; Checking Box AICar
3; Bicycle; Interference; None; 20.09.2023 14:03:25; 836.1135; 0.7697623; 107.0684; Before; 15.76529; Checking Box AICar
3; Bicycle; Interference; None; 20.09.2023 14:03:25; 836.0884; 0.7697616; 107.0681; Before; 15.78093; Checking Box AICar
3; Bicycle; Interference; None; 20.09.2023 14:03:25; 836.0668; 0.7697618; 107.0679; Before; 15.7956; Checking Box AICar
3; Bicycle; Interference; None; 20.09.2023 14:03:25; 836.0439; 0.7697616; 107.0677; Before; 15.80932; Checking Box AICar
3; Bicycle; Interference; None; 20.09.2023 14:03:25; 836.0161; 0.7697618; 107.0675; Before; 15.82549; Checking Box AICar
3; Bicycle; Interference; None; 20.09.2023 14:03:25; 835.9817; 0.7697611; 107.0672; Before; 15.86626; Checking Box AICar
3; Bicycle; Interference; None; 20.09.2023 14:03:25; 835.97; 0.7697613; 107.0671; Before; 15.88448; Checking Box AICar
3; Bicycle; Interference; None; 20.09.2023 14:03:25; 835.9612; 0.769761; 107.067; Before; 15.90168; Checking Box AICar
3; Bicycle; Interference; None; 20.09.2023 14:03:25; 835.9561; 0.7697616; 107.0669; Before; 15.91822; Checking Box AICar
3; Bicycle; Interference; None; 20.09.2023 14:03:25; 835.9521; 0.769761; 107.0669; Before; 15.93131; Checking Box AICar
3; Bicycle; Interference; None; 20.09.2023 14:03:25; 835.9499; 0.7697605; 107.0669; Before; 15.96484; Checking Box AICar
3; Bicycle; Interference; None; 20.09.2023 14:03:25; 835.9498; 0.7697597; 107.0669; Before; 15.98101; Checking Box AICar
3; Bicycle; Interference; None; 20.09.2023 14:03:25; 835.9499; 0.7697589; 107.0669; Before; 16.00203; Checking Box AICar
3; Bicycle; Interference; None; 20.09.2023 14:03:25; 835.9499; 0.7697589; 107.0669; Before; 16.01827; Checking Box AICar
3; Bicycle; Interference; None; 20.09.2023 14:03:25; 835.9499; 0.7697582; 107.0669; Before; 16.04754; Checking Box AICar
3; Bicycle; Interference; None; 20.09.2023 14:03:25; 835.9499; 0.769758; 107.0669; Before; 16.06169; Checking Box AICar
3; Bicycle; Interference; None; 20.09.2023 14:03:25; 835.9499; 0.7697577; 107.0669; Before; 16.09165; Checking Box AICar
3; Bicycle; Interference; None; 20.09.2023 14:03:25; 835.9499; 0.7697577; 107.0669; Before; 16.09165; Checking Box AICar
3; Bicycle; Interference; None; 20.09.2023 14:03:25; 835.9499; 0.7697582; 107.0669; Before; 16.12083; Checking Box AICar
3; Bicycle; Interference; None; 20.09.2023 14:03:25; 835.9499; 0.7697589; 107.0669; Before; 16.13564; Checking Box AICar
3; Bicycle; Interference; None; 20.09.2023 14:03:25; 835.9499; 0.7697589; 107.0669; Before; 16.17232; Checking Box AICar
3; Bicycle; Interference; None; 20.09.2023 14:03:25; 835.9498; 0.7694838; 107.0669; Before; 16.18611; Checking Box AICar
3; Bicycle; Interference; None; 20.09.2023 14:03:25; 835.9495; 0.7690088; 107.0669; Before; 16.20248; Checking Box AICar
3; Bicycle; Interference; None; 20.09.2023 14:03:25; 835.9491; 0.7685417; 107.0669; Before; 16.21887; Checking Box AICar
3; Bicycle; Interference; None; 20.09.2023 14:03:25; 835.9481; 0.7672946; 107.0669; Before; 16.24752; Checking Box AICar
3; Bicycle; Interference; None; 20.09.2023 14:03:25; 835.9474; 0.7666554; 107.0668; Before; 16.26241; Checking Box AICar
3; Bicycle; Interference; None; 20.09.2023 14:03:25; 835.9467; 0.766081; 107.0668; Before; 16.27894; Checking Box AICar
3; Bicycle; Interference; None; 20.09.2023 14:03:25; 835.9467; 0.766081; 107.0668; Before; 16.27894; Checking Box AICar
3; Bicycle; Interference; None; 20.09.2023 14:03:25; 835.9437; 0.7651384; 107.0668; Before; 16.32041; Checking Box AICar
3; Bicycle; Interference; None; 20.09.2023 14:03:25; 835.9424; 0.7650769; 107.0668; Before; 16.34142; Checking Box AICar
3; Bicycle; Interference; None; 20.09.2023 14:03:25; 835.9399; 0.7652178; 107.0668; Before; 16.37108; Checking Box AICar
3; Bicycle; Interference; None; 20.09.2023 14:03:25; 835.9385; 0.7653846; 107.0668; Before; 16.38567; Checking Box AICar
3; Bicycle; Interference; None; 20.09.2023 14:03:25; 835.9369; 0.7656162; 107.0668; Before; 16.4; Checking Box AICar
3; Bicycle; Interference; None; 20.09.2023 14:03:25; 835.9353; 0.765854; 107.0667; Before; 16.41574; Checking Box AICar
3; Bicycle; Interference; None; 20.09.2023 14:03:25; 835.9316; 0.7664335; 107.0667; Before; 16.44371; Checking Box AICar
3; Bicycle; Interference; None; 20.09.2023 14:03:25; 835.9286; 0.7668605; 107.0667; Before; 16.46101; Checking Box AICar
3; Bicycle; Interference; None; 20.09.2023 14:03:25; 835.9263; 0.7671902; 107.0667; Before; 16.48323; Checking Box AICar
3; Bicycle; Interference; None; 20.09.2023 14:03:25; 835.9235; 0.7675261; 107.0667; Before; 16.50074; Checking Box AICar
3; Bicycle; Interference; None; 20.09.2023 14:03:25; 835.9214; 0.7677506; 107.0666; Before; 16.51939; Checking Box AICar
3; Bicycle; Interference; None; 20.09.2023 14:03:25; 835.9188; 0.7680154; 107.0666; Before; 16.53254; Checking Box AICar
3; Bicycle; Interference; None; 20.09.2023 14:03:25; 835.9132; 0.7684786; 107.0666; Before; 16.56629; Checking Box AICar
3; Bicycle; Interference; None; 20.09.2023 14:03:25; 835.9106; 0.7686586; 107.0665; Before; 16.58187; Checking Box AICar
3; Bicycle; Interference; None; 20.09.2023 14:03:25; 835.9081; 0.7688054; 107.0665; Before; 16.5965; Checking Box AICar
3; Bicycle; Interference; None; 20.09.2023 14:03:25; 835.9047; 0.7689826; 107.0665; Before; 16.60958; Checking Box AICar
3; Bicycle; Interference; None; 20.09.2023 14:03:25; 835.9005; 0.7691665; 107.0664; Before; 16.62738; Checking Box AICar
3; Bicycle; Interference; None; 20.09.2023 14:03:26; 835.8933; 0.7693987; 107.0664; Before; 16.66518; Checking Box AICar
3; Bicycle; Interference; None; 20.09.2023 14:03:26; 835.8896; 0.7694843; 107.0663; Before; 16.68281; null
3; Bicycle; Interference; None; 20.09.2023 14:03:26; 835.8862; 0.7695487; 107.0663; Before; 16.69858; null
3; Bicycle; Interference; None; 20.09.2023 14:03:26; 835.8826; 0.7696054; 107.0663; Before; 16.71268; null
3; Bicycle; Interference; None; 20.09.2023 14:03:26; 835.873; 0.7697055; 107.0662; Before; 16.74315; Checking Box AICar
3; Bicycle; Interference; None; 20.09.2023 14:03:26; 835.8683; 0.7697395; 107.0661; Before; 16.76067; Checking Box AICar
3; Bicycle; Interference; None; 20.09.2023 14:03:26; 835.8636; 0.7697635; 107.0661; Before; 16.77585; Checking Box AICar
3; Bicycle; Interference; None; 20.09.2023 14:03:26; 835.8552; 0.7697943; 107.066; Before; 16.79017; Checking Box AICar
3; Bicycle; Interference; None; 20.09.2023 14:03:26; 835.8495; 0.7698083; 107.066; Before; 16.81457; null
3; Bicycle; Interference; None; 20.09.2023 14:03:26; 835.8375; 0.7698241; 107.0659; Before; 16.84443; null
3; Bicycle; Interference; None; 20.09.2023 14:03:26; 835.8312; 0.7698278; 107.0658; Before; 16.86114; null
3; Bicycle; Interference; None; 20.09.2023 14:03:26; 835.8239; 0.7698287; 107.0657; Before; 16.87653; null
3; Bicycle; Interference; None; 20.09.2023 14:03:26; 835.8165; 0.7698286; 107.0657; Before; 16.89374; null
3; Bicycle; Interference; None; 20.09.2023 14:03:26; 835.8079; 0.7698258; 107.0656; Before; 16.91042; null
3; Bicycle; Interference; None; 20.09.2023 14:03:26; 835.8007; 0.7698231; 107.0655; Before; 16.92901; null
3; Bicycle; Interference; None; 20.09.2023 14:03:26; 835.7803; 0.7698131; 107.0653; Before; 16.9675; null
3; Bicycle; Interference; None; 20.09.2023 14:03:26; 835.7732; 0.7698097; 107.0652; Before; 16.98438; null
3; Bicycle; Interference; None; 20.09.2023 14:03:26; 835.7657; 0.7698064; 107.0652; Before; 16.99777; null
3; Bicycle; Interference; None; 20.09.2023 14:03:26; 835.7568; 0.7698015; 107.0651; Before; 17.01134; null
3; Bicycle; Interference; None; 20.09.2023 14:03:26; 835.7386; 0.7697941; 107.0649; Before; 17.04229; null
3; Bicycle; Interference; None; 20.09.2023 14:03:26; 835.7225; 0.7697883; 107.0647; Before; 17.07236; null
3; Bicycle; Interference; None; 20.09.2023 14:03:26; 835.7141; 0.7697859; 107.0646; Before; 17.08546; null
3; Bicycle; Interference; None; 20.09.2023 14:03:26; 835.7141; 0.7697859; 107.0646; Before; 17.08546; null
3; Bicycle; Interference; None; 20.09.2023 14:03:26; 835.6868; 0.769778; 107.0644; Before; 17.12527; null
3; Bicycle; Interference; None; 20.09.2023 14:03:26; 835.6764; 0.769776; 107.0643; Before; 17.14092; null
3; Bicycle; Interference; None; 20.09.2023 14:03:26; 835.6561; 0.7697716; 107.0641; Before; 17.1714; null
3; Bicycle; Interference; None; 20.09.2023 14:03:26; 835.6453; 0.7697701; 107.064; Before; 17.18541; null
3; Bicycle; Interference; None; 20.09.2023 14:03:26; 835.6335; 0.7697673; 107.0638; Before; 17.20064; null
3; Bicycle; Interference; None; 20.09.2023 14:03:26; 835.6237; 0.7697661; 107.0637; Before; 17.21667; null
3; Bicycle; Interference; None; 20.09.2023 14:03:26; 835.5993; 0.7697651; 107.0635; Before; 17.24463; Checking Box AICar
3; Bicycle; Interference; None; 20.09.2023 14:03:26; 835.5823; 0.7697648; 107.0633; Before; 17.26193; Checking Box AICar
3; Bicycle; Interference; None; 20.09.2023 14:03:26; 835.5693; 0.7697647; 107.0632; Before; 17.28361; Checking Box AICar
3; Bicycle; Interference; None; 20.09.2023 14:03:26; 835.5564; 0.7697643; 107.063; Before; 17.29982; Checking Box AICar
3; Bicycle; Interference; None; 20.09.2023 14:03:26; 835.5451; 0.7697636; 107.0629; Before; 17.31563; Checking Box AICar
3; Bicycle; Interference; None; 20.09.2023 14:03:26; 835.5156; 0.7697629; 107.0626; Before; 17.3455; Checking Box AICar
3; Bicycle; Interference; None; 20.09.2023 14:03:26; 835.503; 0.769763; 107.0625; Before; 17.36415; Checking Box AICar
3; Bicycle; Interference; None; 20.09.2023 14:03:26; 835.4883; 0.7697628; 107.0623; Before; 17.37853; Checking Box AICar
3; Bicycle; Interference; None; 20.09.2023 14:03:26; 835.4742; 0.7697631; 107.0622; Before; 17.39527; Checking Box AICar
3; Bicycle; Interference; None; 20.09.2023 14:03:26; 835.458; 0.7697623; 107.062; Before; 17.41098; Checking Box AICar
3; Bicycle; Interference; None; 20.09.2023 14:03:26; 835.4352; 0.769763; 107.0618; Before; 17.42877; Checking Box AICar
3; Bicycle; Interference; None; 20.09.2023 14:03:26; 835.4057; 0.7697622; 107.0614; Before; 17.47139; Checking Box AICar
3; Bicycle; Interference; None; 20.09.2023 14:03:26; 835.3901; 0.7697628; 107.0613; Before; 17.48458; Checking Box AICar
3; Bicycle; Interference; None; 20.09.2023 14:03:26; 835.3745; 0.7697628; 107.0611; Before; 17.50069; Checking Box AICar
3; Bicycle; Interference; None; 20.09.2023 14:03:26; 835.3613; 0.7697618; 107.061; Before; 17.5166; Checking Box AICar
3; Bicycle; Interference; None; 20.09.2023 14:03:26; 835.3276; 0.7697603; 107.0606; Before; 17.54579; Checking Box AICar
3; Bicycle; Interference; None; 20.09.2023 14:03:26; 835.3126; 0.7697608; 107.0605; Before; 17.56337; Checking Box AICar
3; Bicycle; Interference; None; 20.09.2023 14:03:26; 835.2963; 0.7697607; 107.0603; Before; 17.57793; Checking Box AICar
3; Bicycle; Interference; None; 20.09.2023 14:03:26; 835.2725; 0.7697605; 107.06; Before; 17.59365; Checking Box AICar
3; Bicycle; Interference; None; 20.09.2023 14:03:26; 835.2548; 0.7697611; 107.0598; Before; 17.61615; Checking Box AICar
3; Bicycle; Interference; None; 20.09.2023 14:03:26; 835.2362; 0.7697607; 107.0596; Before; 17.63272; Checking Box AICar
3; Bicycle; Interference; None; 20.09.2023 14:03:27; 835.1971; 0.7697601; 107.0592; Before; 17.66519; Checking Box AICar
3; Bicycle; Interference; None; 20.09.2023 14:03:27; 835.1749; 0.76976; 107.059; Before; 17.68547; Checking Box AICar
3; Bicycle; Interference; None; 20.09.2023 14:03:27; 835.1576; 0.7697601; 107.0588; Before; 17.70495; Checking Box AICar
3; Bicycle; Interference; None; 20.09.2023 14:03:27; 835.1422; 0.7697613; 107.0586; Before; 17.71971; Checking Box AICar
3; Bicycle; Interference; None; 20.09.2023 14:03:27; 835.1216; 0.7697612; 107.0584; Before; 17.73244; Checking Box AICar
3; Bicycle; Interference; None; 20.09.2023 14:03:27; 835.0907; 0.7697606; 107.0581; Before; 17.74894; Checking Box AICar
3; Bicycle; Interference; None; 20.09.2023 14:03:27; 835.0464; 0.7697611; 107.0576; Before; 17.78932; Checking Box AICar
3; Bicycle; Interference; None; 20.09.2023 14:03:27; 835.0268; 0.769761; 107.0574; Before; 17.80515; Checking Box AICar
3; Bicycle; Interference; None; 20.09.2023 14:03:27; 835.0081; 0.7697622; 107.0572; Before; 17.81899; Checking Box AICar
3; Bicycle; Interference; None; 20.09.2023 14:03:27; 834.9598; 0.7697617; 107.0567; Before; 17.84857; Checking Box AICar
3; Bicycle; Interference; None; 20.09.2023 14:03:27; 834.9343; 0.7697619; 107.0564; Before; 17.86396; Checking Box AICar
3; Bicycle; Interference; None; 20.09.2023 14:03:27; 834.9022; 0.7697619; 107.056; Before; 17.88017; Checking Box AICar
3; Bicycle; Interference; None; 20.09.2023 14:03:27; 834.9022; 0.7697619; 107.056; Before; 17.88017; Checking Box AICar
3; Bicycle; Interference; None; 20.09.2023 14:03:27; 834.8354; 0.7697616; 107.0553; Before; 17.92482; Checking Box AICar
3; Bicycle; Interference; None; 20.09.2023 14:03:27; 834.8113; 0.7697625; 107.0551; Before; 17.94016; Checking Box AICar
3; Bicycle; Interference; None; 20.09.2023 14:03:27; 834.7596; 0.7697614; 107.0545; Before; 17.96945; Checking Box AICar
3; Bicycle; Interference; None; 20.09.2023 14:03:27; 834.7342; 0.7697608; 107.0542; Before; 17.98301; Checking Box AICar
3; Bicycle; Interference; None; 20.09.2023 14:03:27; 834.7083; 0.7697613; 107.054; Before; 17.99693; Checking Box AICar
3; Bicycle; Interference; None; 20.09.2023 14:03:27; 834.6485; 0.7697599; 107.0533; Before; 18.02867; Checking Box AICar
3; Bicycle; Interference; None; 20.09.2023 14:03:27; 834.6184; 0.7697604; 107.053; Before; 18.04214; Checking Box AICar
3; Bicycle; Interference; None; 20.09.2023 14:03:27; 834.571; 0.7697605; 107.0525; Before; 18.05748; Checking Box AICar
3; Bicycle; Interference; None; 20.09.2023 14:03:27; 834.5361; 0.7697617; 107.0521; Before; 18.0811; Checking Box AICar
3; Bicycle; Interference; None; 20.09.2023 14:03:27; 834.5052; 0.7697614; 107.0518; Before; 18.0982; Checking Box AICar
3; Bicycle; Interference; None; 20.09.2023 14:03:27; 834.4729; 0.7697614; 107.0515; Before; 18.11301; Checking Box AICar
3; Bicycle; Interference; None; 20.09.2023 14:03:27; 834.4066; 0.7697616; 107.0508; Before; 18.14285; Checking Box AICar
3; Bicycle; Interference; None; 20.09.2023 14:03:27; 834.3456; 0.7697611; 107.0501; Before; 18.17189; Checking Box AICar
3; Bicycle; Interference; None; 20.09.2023 14:03:27; 834.314; 0.7697614; 107.0498; Before; 18.18651; Checking Box AICar
3; Bicycle; Interference; None; 20.09.2023 14:03:27; 834.2782; 0.7697611; 107.0494; Before; 18.20044; Checking Box AICar
3; Bicycle; Interference; None; 20.09.2023 14:03:27; 834.2293; 0.7697604; 107.049; Before; 18.21601; Checking Box AICar
3; Bicycle; Interference; None; 20.09.2023 14:03:27; 834.1941; 0.7697604; 107.0486; Before; 18.2369; Checking Box AICar
3; Bicycle; Interference; None; 20.09.2023 14:03:27; 834.1193; 0.769761; 107.0479; Before; 18.26536; Checking Box AICar
3; Bicycle; Interference; None; 20.09.2023 14:03:27; 834.0842; 0.7697608; 107.0475; Before; 18.2823; Checking Box AICar
3; Bicycle; Interference; None; 20.09.2023 14:03:27; 834.0452; 0.7697611; 107.0471; Before; 18.29639; Checking Box AICar
3; Bicycle; Interference; None; 20.09.2023 14:03:27; 833.9998; 0.7697605; 107.0467; Before; 18.31178; Checking Box AICar
3; Bicycle; Interference; None; 20.09.2023 14:03:27; 833.9128; 0.7697604; 107.0459; Before; 18.34469; Checking Box AICar
3; Bicycle; Interference; None; 20.09.2023 14:03:27; 833.8727; 0.769761; 107.0455; Before; 18.36256; Checking Box AICar
3; Bicycle; Interference; None; 20.09.2023 14:03:27; 833.8081; 0.7697603; 107.0449; Before; 18.37757; Checking Box AICar
3; Bicycle; Interference; None; 20.09.2023 14:03:27; 833.7639; 0.7697599; 107.0445; Before; 18.40122; Checking Box AICar
3; Bicycle; Interference; None; 20.09.2023 14:03:27; 833.7216; 0.7697604; 107.0442; Before; 18.41719; Checking Box AICar
3; Bicycle; Interference; None; 20.09.2023 14:03:27; 833.6353; 0.7697604; 107.0435; Before; 18.44873; Checking Box AICar
3; Bicycle; Interference; None; 20.09.2023 14:03:27; 833.5962; 0.7697616; 107.0431; Before; 18.46246; Checking Box AICar
3; Bicycle; Interference; None; 20.09.2023 14:03:27; 833.5443; 0.7697613; 107.0427; Before; 18.47592; Checking Box AICar
3; Bicycle; Interference; None; 20.09.2023 14:03:27; 833.4961; 0.7697623; 107.0423; Before; 18.49355; Checking Box AICar
3; Bicycle; Interference; None; 20.09.2023 14:03:27; 833.4398; 0.7697611; 107.0419; Before; 18.50977; Checking Box AICar
3; Bicycle; Interference; None; 20.09.2023 14:03:27; 833.3303; 0.769761; 107.0411; Before; 18.54925; Checking Box AICar
3; Bicycle; Interference; None; 20.09.2023 14:03:27; 833.2827; 0.7697613; 107.0407; Before; 18.56412; Checking Box AICar
3; Bicycle; Interference; None; 20.09.2023 14:03:27; 833.1914; 0.769761; 107.0401; Before; 18.59416; Checking Box AICar
3; Bicycle; Interference; None; 20.09.2023 14:03:27; 833.1914; 0.769761; 107.0401; Before; 18.59416; Checking Box AICar
3; Bicycle; Interference; None; 20.09.2023 14:03:27; 833.0876; 0.7697608; 107.0394; Before; 18.62499; Checking Box AICar
3; Bicycle; Interference; None; 20.09.2023 14:03:28; 833.0367; 0.7697614; 107.039; Before; 18.64023; Checking Box AICar
3; Bicycle; Interference; None; 20.09.2023 14:03:28; 832.9348; 0.7697613; 107.0384; Before; 18.67006; null
3; Bicycle; Interference; None; 20.09.2023 14:03:28; 832.9348; 0.7697613; 107.0384; Before; 18.67006; null
3; Bicycle; Interference; None; 20.09.2023 14:03:28; 832.8427; 0.7697622; 107.0379; Before; 18.68641; null
3; Bicycle; Interference; None; 20.09.2023 14:03:28; 832.7783; 0.769763; 107.0375; Before; 18.71365; null
3; Bicycle; Interference; None; 20.09.2023 14:03:28; 832.6723; 0.7697626; 107.0369; Before; 18.74851; null
3; Bicycle; Interference; None; 20.09.2023 14:03:28; 832.6213; 0.7697635; 107.0366; Before; 18.76289; null
3; Bicycle; Interference; None; 20.09.2023 14:03:28; 832.5665; 0.7697635; 107.0364; Before; 18.77736; null
3; Bicycle; Interference; None; 20.09.2023 14:03:28; 832.507; 0.7697637; 107.0361; Before; 18.79281; null
3; Bicycle; Interference; None; 20.09.2023 14:03:28; 832.392; 0.7697638; 107.0355; Before; 18.82709; null
3; Bicycle; Interference; None; 20.09.2023 14:03:28; 832.3132; 0.7697635; 107.0351; Before; 18.84119; null
3; Bicycle; Interference; None; 20.09.2023 14:03:28; 832.2471; 0.7697637; 107.0349; Before; 18.86265; null
3; Bicycle; Interference; None; 20.09.2023 14:03:28; 832.1795; 0.7697644; 107.0346; Before; 18.88047; null
3; Bicycle; Interference; None; 20.09.2023 14:03:28; 832.1084; 0.769763; 107.0342; Before; 18.89853; null
3; Bicycle; Interference; None; 20.09.2023 14:03:28; 832.0487; 0.7697635; 107.034; Before; 18.91738; null
3; Bicycle; Interference; None; 20.09.2023 14:03:28; 831.9319; 0.7697623; 107.0335; Before; 18.94923; null
3; Bicycle; Interference; None; 20.09.2023 14:03:28; 831.8694; 0.7697619; 107.0333; Before; 18.96344; null
3; Bicycle; Interference; None; 20.09.2023 14:03:28; 831.8123; 0.7697622; 107.033; Before; 18.97952; null
3; Bicycle; Interference; None; 20.09.2023 14:03:28; 831.7109; 0.7697625; 107.0326; Before; 18.99413; null
3; Bicycle; Interference; None; 20.09.2023 14:03:28; 831.6476; 0.769763; 107.0324; Before; 19.0198; null
3; Bicycle; Interference; None; 20.09.2023 14:03:28; 831.583; 0.7697622; 107.0321; Before; 19.0357; null
3; Bicycle; Interference; None; 20.09.2023 14:03:28; 831.459; 0.769762; 107.0316; Before; 19.06676; null
3; Bicycle; Interference; None; 20.09.2023 14:03:28; 831.3982; 0.7697617; 107.0314; Before; 19.08245; null
3; Bicycle; Interference; None; 20.09.2023 14:03:28; 831.3375; 0.7697628; 107.0312; Before; 19.09736; null
3; Bicycle; Interference; None; 20.09.2023 14:03:28; 831.2627; 0.7697623; 107.0308; Before; 19.11212; null
3; Bicycle; Interference; None; 20.09.2023 14:03:28; 831.1405; 0.7697625; 107.0303; Before; 19.1433; null
3; Bicycle; Interference; None; 20.09.2023 14:03:28; 831.0538; 0.7697619; 107.0299; Before; 19.15946; null
3; Bicycle; Interference; None; 20.09.2023 14:03:28; 830.9327; 0.7697608; 107.0294; Before; 19.19609; null
3; Bicycle; Interference; None; 20.09.2023 14:03:28; 830.9327; 0.7697608; 107.0294; Before; 19.19609; null
3; Bicycle; Interference; None; 20.09.2023 14:03:28; 830.8019; 0.7697611; 107.0287; Before; 19.22334; null
3; Bicycle; Interference; None; 20.09.2023 14:03:28; 830.7393; 0.7697613; 107.0284; Before; 19.23895; null
3; Bicycle; Interference; None; 20.09.2023 14:03:28; 830.6028; 0.7697606; 107.0277; Before; 19.27069; null
3; Bicycle; Interference; None; 20.09.2023 14:03:28; 830.5428; 0.7697616; 107.0273; Before; 19.28468; null
3; Bicycle; Interference; None; 20.09.2023 14:03:28; 830.4791; 0.7697623; 107.027; Before; 19.29831; null
3; Bicycle; Interference; None; 20.09.2023 14:03:28; 830.385; 0.7697637; 107.0265; Before; 19.31273; null
3; Bicycle; Interference; None; 20.09.2023 14:03:28; 830.3129; 0.7697626; 107.0261; Before; 19.33392; null
3; Bicycle; Interference; None; 20.09.2023 14:03:28; 830.1708; 0.7697618; 107.0252; Before; 19.36553; null
3; Bicycle; Interference; None; 20.09.2023 14:03:28; 830.1046; 0.7697616; 107.0248; Before; 19.38155; null
3; Bicycle; Interference; None; 20.09.2023 14:03:28; 830.046; 0.7697623; 107.0245; Before; 19.39616; Checking Box AICar
3; Bicycle; Interference; None; 20.09.2023 14:03:28; 829.9034; 0.7697619; 107.0237; Before; 19.42595; Checking Box AICar
3; Bicycle; Interference; None; 20.09.2023 14:03:28; 829.8363; 0.7697626; 107.0233; Before; 19.44008; Checking Box AICar
3; Bicycle; Interference; None; 20.09.2023 14:03:28; 829.7623; 0.7697624; 107.0229; Before; 19.45461; Checking Box AICar
3; Bicycle; Interference; None; 20.09.2023 14:03:28; 829.6555; 0.7697618; 107.0222; Before; 19.47053; Checking Box AICar
3; Bicycle; Interference; None; 20.09.2023 14:03:28; 829.5671; 0.7697625; 107.0217; Before; 19.49342; Checking Box AICar
3; Bicycle; Interference; None; 20.09.2023 14:03:28; 829.4266; 0.7697625; 107.021; Before; 19.52777; Checking Box AICar
3; Bicycle; Interference; None; 20.09.2023 14:03:28; 829.3636; 0.7697635; 107.0206; Before; 19.54198; Checking Box AICar
3; Bicycle; Interference; None; 20.09.2023 14:03:28; 829.2167; 0.769762; 107.0199; Before; 19.56925; Checking Box AICar
3; Bicycle; Interference; None; 20.09.2023 14:03:28; 829.1298; 0.7697624; 107.0194; Before; 19.58596; Checking Box AICar
3; Bicycle; Interference; None; 20.09.2023 14:03:28; 829.0541; 0.7697618; 107.019; Before; 19.60401; Checking Box AICar
3; Bicycle; Interference; None; 20.09.2023 14:03:28; 828.9863; 0.7697628; 107.0187; Before; 19.61967; Checking Box AICar
3; Bicycle; Interference; None; 20.09.2023 14:03:29; 828.8731; 0.7697613; 107.0182; Before; 19.63363; Checking Box AICar
3; Bicycle; Interference; None; 20.09.2023 14:03:29; 828.7279; 0.7697611; 107.0175; Before; 19.67264; Checking Box AICar
3; Bicycle; Interference; None; 20.09.2023 14:03:29; 828.6606; 0.7697618; 107.0172; Before; 19.68643; Checking Box AICar
3; Bicycle; Interference; None; 20.09.2023 14:03:29; 828.58; 0.7697608; 107.0169; Before; 19.70006; Checking Box AICar
3; Bicycle; Interference; None; 20.09.2023 14:03:29; 828.5081; 0.7697606; 107.0166; Before; 19.71641; Checking Box AICar
3; Bicycle; Interference; None; 20.09.2023 14:03:29; 828.3491; 0.7697601; 107.016; Before; 19.7449; Checking Box AICar
3; Bicycle; Interference; None; 20.09.2023 14:03:29; 828.2769; 0.7697603; 107.0157; Before; 19.76318; Checking Box AICar
3; Bicycle; Interference; None; 20.09.2023 14:03:29; 828.1934; 0.7697599; 107.0154; Before; 19.77781; Checking Box AICar
3; Bicycle; Interference; None; 20.09.2023 14:03:29; 828.0902; 0.7697604; 107.0151; Before; 19.7948; Checking Box AICar
3; Bicycle; Interference; None; 20.09.2023 14:03:29; 828.0093; 0.7697608; 107.0148; Before; 19.81578; Checking Box AICar
3; Bicycle; Interference; None; 20.09.2023 14:03:29; 827.8532; 0.7697608; 107.0143; Before; 19.84955; null
3; Bicycle; Interference; None; 20.09.2023 14:03:29; 827.7773; 0.7697608; 107.0141; Before; 19.86412; null
3; Bicycle; Interference; None; 20.09.2023 14:03:29; 827.6958; 0.7697607; 107.0138; Before; 19.87964; null
3; Bicycle; Interference; None; 20.09.2023 14:03:29; 827.6217; 0.7697608; 107.0136; Before; 19.89635; null
3; Bicycle; Interference; None; 20.09.2023 14:03:29; 827.5369; 0.7697608; 107.0133; Before; 19.91154; null
3; Bicycle; Interference; None; 20.09.2023 14:03:29; 827.392; 0.7697612; 107.0129; Before; 19.94248; null
3; Bicycle; Interference; None; 20.09.2023 14:03:29; 827.2817; 0.769762; 107.0126; Before; 19.95877; null
3; Bicycle; Interference; None; 20.09.2023 14:03:29; 827.2067; 0.7697617; 107.0123; Before; 19.98152; null
3; Bicycle; Interference; None; 20.09.2023 14:03:29; 827.1431; 0.7697616; 107.0122; Before; 19.99701; null
3; Bicycle; Interference; None; 20.09.2023 14:03:29; 826.9987; 0.7697612; 107.0117; Before; 20.02623; null
3; Bicycle; Interference; None; 20.09.2023 14:03:29; 826.9294; 0.7697623; 107.0115; Before; 20.04008; null
3; Bicycle; Interference; None; 20.09.2023 14:03:29; 826.7932; 0.7697616; 107.0111; Before; 20.06919; null
3; Bicycle; Interference; None; 20.09.2023 14:03:29; 826.7248; 0.7697613; 107.0108; Before; 20.08274; null
3; Bicycle; Interference; None; 20.09.2023 14:03:29; 826.6586; 0.7697616; 107.0107; Before; 20.09699; null
3; Bicycle; Interference; None; 20.09.2023 14:03:29; 826.5435; 0.7697616; 107.0103; Before; 20.11078; null
3; Bicycle; Interference; None; 20.09.2023 14:03:29; 826.468; 0.7697616; 107.01; Before; 20.13482; null
3; Bicycle; Interference; None; 20.09.2023 14:03:29; 826.3229; 0.7697616; 107.0095; Before; 20.16468; null
3; Bicycle; Interference; None; 20.09.2023 14:03:29; 826.1907; 0.7697618; 107.0091; Before; 20.19583; null
3; Bicycle; Interference; None; 20.09.2023 14:03:29; 826.1907; 0.7697618; 107.0091; Before; 20.19583; null
3; Bicycle; Interference; None; 20.09.2023 14:03:29; 826.0458; 0.769762; 107.0086; Before; 20.22353; null
3; Bicycle; Interference; None; 20.09.2023 14:03:29; 825.986; 0.7697619; 107.0084; Before; 20.2392; null
3; Bicycle; Interference; None; 20.09.2023 14:03:29; 825.9159; 0.7697629; 107.0081; Before; 20.25184; null
3; Bicycle; Interference; None; 20.09.2023 14:03:29; 825.7216; 0.7697623; 107.0074; Before; 20.29106; null
3; Bicycle; Interference; None; 20.09.2023 14:03:29; 825.7216; 0.7697623; 107.0074; Before; 20.29106; null
3; Bicycle; Interference; None; 20.09.2023 14:03:29; 825.5796; 0.7697619; 107.0069; Before; 20.32233; null
3; Bicycle; Interference; None; 20.09.2023 14:03:29; 825.5193; 0.7697617; 107.0066; Before; 20.33815; null
3; Bicycle; Interference; None; 20.09.2023 14:03:29; 825.3623; 0.7697613; 107.006; Before; 20.36506; null
3; Bicycle; Interference; None; 20.09.2023 14:03:29; 825.2989; 0.7697623; 107.0058; Before; 20.3847; null
3; Bicycle; Interference; None; 20.09.2023 14:03:29; 825.2285; 0.769762; 107.0055; Before; 20.39834; null
3; Bicycle; Interference; None; 20.09.2023 14:03:29; 825.1639; 0.769762; 107.0052; Before; 20.4135; null
3; Bicycle; Interference; None; 20.09.2023 14:03:29; 824.9954; 0.769762; 107.0046; Before; 20.44918; null
3; Bicycle; Interference; None; 20.09.2023 14:03:29; 824.9226; 0.7697624; 107.0043; Before; 20.46393; null
3; Bicycle; Interference; None; 20.09.2023 14:03:29; 824.8599; 0.7697619; 107.004; Before; 20.47974; null
3; Bicycle; Interference; None; 20.09.2023 14:03:29; 824.787; 0.7697623; 107.0037; Before; 20.49339; null
3; Bicycle; Interference; None; 20.09.2023 14:03:29; 824.6472; 0.7697617; 107.0031; Before; 20.52551; null
3; Bicycle; Interference; None; 20.09.2023 14:03:29; 824.5879; 0.7697611; 107.0029; Before; 20.53983; null
3; Bicycle; Interference; None; 20.09.2023 14:03:29; 824.4367; 0.7697611; 107.0022; Before; 20.56752; null
3; Bicycle; Interference; None; 20.09.2023 14:03:29; 824.4367; 0.7697611; 107.0022; Before; 20.56752; null
3; Bicycle; Interference; None; 20.09.2023 14:03:29; 824.3318; 0.7697625; 107.0018; Before; 20.58606; null
3; Bicycle; Interference; None; 20.09.2023 14:03:29; 824.2355; 0.769762; 107.0014; Before; 20.60921; null
3; Bicycle; Interference; None; 20.09.2023 14:03:29; 824.0953; 0.7697625; 107.0007; Before; 20.64386; null
3; Bicycle; Interference; None; 20.09.2023 14:03:30; 824.0264; 0.7697628; 107.0004; Before; 20.66158; null
3; Bicycle; Interference; None; 20.09.2023 14:03:30; 823.8972; 0.7697626; 106.9998; Before; 20.69147; null
3; Bicycle; Interference; None; 20.09.2023 14:03:30; 823.8356; 0.7697624; 106.9996; Before; 20.70568; null
3; Bicycle; Interference; None; 20.09.2023 14:03:30; 823.778; 0.7697631; 106.9993; Before; 20.71945; null
3; Bicycle; Interference; None; 20.09.2023 14:03:30; 823.7075; 0.7697628; 106.999; Before; 20.73234; null
3; Bicycle; Interference; None; 20.09.2023 14:03:30; 823.6169; 0.7697623; 106.9986; Before; 20.74818; null
3; Bicycle; Interference; None; 20.09.2023 14:03:30; 823.4661; 0.7697608; 106.9978; Before; 20.78672; null
3; Bicycle; Interference; None; 20.09.2023 14:03:30; 823.4056; 0.7697607; 106.9976; Before; 20.80271; null
3; Bicycle; Interference; None; 20.09.2023 14:03:30; 823.3468; 0.7697604; 106.9973; Before; 20.81642; null
3; Bicycle; Interference; None; 20.09.2023 14:03:30; 823.2167; 0.7697604; 106.9966; Before; 20.84373; null
3; Bicycle; Interference; None; 20.09.2023 14:03:30; 823.1461; 0.7697608; 106.9963; Before; 20.85955; null
3; Bicycle; Interference; None; 20.09.2023 14:03:30; 823.0057; 0.76976; 106.9956; Before; 20.89324; null
3; Bicycle; Interference; None; 20.09.2023 14:03:30; 823.0057; 0.76976; 106.9956; Before; 20.89324; null
3; Bicycle; Interference; None; 20.09.2023 14:03:30; 822.9064; 0.7697606; 106.9951; Before; 20.90808; null
3; Bicycle; Interference; None; 20.09.2023 14:03:30; 822.7729; 0.7697612; 106.9944; Before; 20.94772; null
3; Bicycle; Interference; None; 20.09.2023 14:03:30; 822.7171; 0.7697608; 106.9941; Before; 20.96211; null
3; Bicycle; Interference; None; 20.09.2023 14:03:30; 822.5919; 0.7697618; 106.9934; Before; 20.98868; null
3; Bicycle; Interference; None; 20.09.2023 14:03:30; 822.5305; 0.7697618; 106.9931; Before; 21.00445; null
3; Bicycle; Interference; None; 20.09.2023 14:03:30; 822.4757; 0.769763; 106.9928; Before; 21.01888; null
3; Bicycle; Interference; None; 20.09.2023 14:03:30; 822.3453; 0.7697623; 106.9921; Before; 21.04807; null
3; Bicycle; Interference; None; 20.09.2023 14:03:30; 822.2522; 0.7697619; 106.9916; Before; 21.06261; null
3; Bicycle; Interference; None; 20.09.2023 14:03:30; 822.1711; 0.7697617; 106.9912; Before; 21.0847; null
3; Bicycle; Interference; None; 20.09.2023 14:03:30; 822.1711; 0.7697617; 106.9912; Before; 21.0847; null
3; Bicycle; Interference; None; 20.09.2023 14:03:30; 822.032; 0.7697616; 106.9904; Before; 21.12024; null
3; Bicycle; Interference; None; 20.09.2023 14:03:30; 821.9734; 0.7697608; 106.9901; Before; 21.13728; null
3; Bicycle; Interference; None; 20.09.2023 14:03:30; 821.8485; 0.769761; 106.9894; Before; 21.16526; null
3; Bicycle; Interference; None; 20.09.2023 14:03:30; 821.793; 0.7697608; 106.9891; Before; 21.18143; null
3; Bicycle; Interference; None; 20.09.2023 14:03:30; 821.7338; 0.7697611; 106.9887; Before; 21.19485; null
3; Bicycle; Interference; None; 20.09.2023 14:03:30; 821.6641; 0.7697611; 106.9883; Before; 21.20919; null
3; Bicycle; Interference; None; 20.09.2023 14:03:30; 821.512; 0.7697616; 106.9875; Before; 21.24786; null
3; Bicycle; Interference; None; 20.09.2023 14:03:30; 821.4515; 0.7697618; 106.9871; Before; 21.26347; null
3; Bicycle; Interference; None; 20.09.2023 14:03:30; 821.343; 0.7697613; 106.9865; Before; 21.29247; null
3; Bicycle; Interference; None; 20.09.2023 14:03:30; 821.2903; 0.7697611; 106.9861; Before; 21.30545; null
3; Bicycle; Interference; None; 20.09.2023 14:03:30; 821.2357; 0.769762; 106.9858; Before; 21.31866; null
3; Bicycle; Interference; None; 20.09.2023 14:03:30; 821.1624; 0.7697616; 106.9854; Before; 21.3324; null
3; Bicycle; Interference; None; 20.09.2023 14:03:30; 821.0337; 0.769762; 106.9846; Before; 21.36795; null
3; Bicycle; Interference; None; 20.09.2023 14:03:30; 820.9382; 0.7697618; 106.984; Before; 21.38377; null
3; Bicycle; Interference; None; 20.09.2023 14:03:30; 820.9382; 0.7697618; 106.984; Before; 21.38377; null
3; Bicycle; Interference; None; 20.09.2023 14:03:30; 820.8224; 0.7697624; 106.9833; Before; 21.42314; null
3; Bicycle; Interference; None; 20.09.2023 14:03:30; 820.7687; 0.7697623; 106.9829; Before; 21.43839; null
3; Bicycle; Interference; None; 20.09.2023 14:03:30; 820.6563; 0.7697617; 106.9822; Before; 21.46666; null
3; Bicycle; Interference; None; 20.09.2023 14:03:30; 820.5854; 0.7697618; 106.9817; Before; 21.48203; null
3; Bicycle; Interference; None; 20.09.2023 14:03:30; 820.5148; 0.7697613; 106.9812; Before; 21.50082; null
3; Bicycle; Interference; None; 20.09.2023 14:03:30; 820.4648; 0.7697622; 106.9809; Before; 21.51965; null
3; Bicycle; Interference; None; 20.09.2023 14:03:30; 820.401; 0.769762; 106.9804; Before; 21.53304; null
3; Bicycle; Interference; None; 20.09.2023 14:03:30; 820.2685; 0.7697611; 106.9795; Before; 21.57092; Checking Box AICar
3; Bicycle; Interference; None; 20.09.2023 14:03:30; 820.2151; 0.7697623; 106.9791; Before; 21.58619; Checking Box AICar
3; Bicycle; Interference; None; 20.09.2023 14:03:30; 820.1552; 0.769762; 106.9786; Before; 21.6008; Checking Box AICar
3; Bicycle; Interference; None; 20.09.2023 14:03:30; 820.1049; 0.7697628; 106.9782; Before; 21.61728; Checking Box AICar
3; Bicycle; Interference; None; 20.09.2023 14:03:30; 819.9993; 0.7697616; 106.9774; Before; 21.64635; Checking Box AICar
3; Bicycle; Interference; None; 20.09.2023 14:03:31; 819.9385; 0.769762; 106.977; Before; 21.66051; Checking Box AICar
3; Bicycle; Interference; None; 20.09.2023 14:03:31; 819.8409; 0.7697616; 106.9762; Before; 21.69159; Checking Box AICar
3; Bicycle; Interference; None; 20.09.2023 14:03:31; 819.8409; 0.7697616; 106.9762; Before; 21.69159; Checking Box AICar
3; Bicycle; Interference; None; 20.09.2023 14:03:31; 819.7612; 0.7697618; 106.9755; Before; 21.70503; Checking Box AICar
3; Bicycle; Interference; None; 20.09.2023 14:03:31; 819.6478; 0.7697622; 106.9746; Before; 21.74373; Checking Box AICar
3; Bicycle; Interference; None; 20.09.2023 14:03:31; 819.5966; 0.7697618; 106.9742; Before; 21.76025; Checking Box AICar
3; Bicycle; Interference; None; 20.09.2023 14:03:31; 819.4855; 0.7697618; 106.9732; Before; 21.79186; Checking Box AICar
3; Bicycle; Interference; None; 20.09.2023 14:03:31; 819.4855; 0.7697618; 106.9732; Before; 21.79186; Checking Box AICar
3; Bicycle; Interference; None; 20.09.2023 14:03:31; 819.3916; 0.769762; 106.9724; Before; 21.82018; Checking Box AICar
3; Bicycle; Interference; None; 20.09.2023 14:03:31; 819.2961; 0.7697617; 106.9716; Before; 21.84785; Checking Box AICar
3; Bicycle; Interference; None; 20.09.2023 14:03:31; 819.2244; 0.7697623; 106.9709; Before; 21.86377; Checking Box AICar
3; Bicycle; Interference; None; 20.09.2023 14:03:31; 819.1626; 0.7697618; 106.9704; Before; 21.88538; Checking Box AICar
3; Bicycle; Interference; None; 20.09.2023 14:03:31; 819.1626; 0.7697618; 106.9704; Before; 21.88538; Checking Box AICar
3; Bicycle; Interference; None; 20.09.2023 14:03:31; 819.0484; 0.7697618; 106.9693; Before; 21.92138; Checking Box AICar
3; Bicycle; Interference; None; 20.09.2023 14:03:31; 819.006; 0.7697613; 106.9689; Before; 21.93913; Checking Box AICar
3; Bicycle; Interference; None; 20.09.2023 14:03:31; 818.9067; 0.769762; 106.968; Before; 21.9665; Checking Box AICar
3; Bicycle; Interference; None; 20.09.2023 14:03:31; 818.8577; 0.7697625; 106.9675; Before; 21.98317; Checking Box AICar
3; Bicycle; Interference; None; 20.09.2023 14:03:31; 818.8045; 0.769762; 106.967; Before; 21.99859; Checking Box AICar
3; Bicycle; Interference; None; 20.09.2023 14:03:31; 818.7343; 0.7697612; 106.9663; Before; 22.0154; Checking Box AICar
3; Bicycle; Interference; None; 20.09.2023 14:03:31; 818.6864; 0.7697607; 106.9658; Before; 22.03777; Checking Box AICar
3; Bicycle; Interference; None; 20.09.2023 14:03:31; 818.5826; 0.7697605; 106.9648; Before; 22.07139; Checking Box AICar
3; Bicycle; Interference; None; 20.09.2023 14:03:31; 818.5356; 0.7697607; 106.9643; Before; 22.08664; Checking Box AICar
3; Bicycle; Interference; None; 20.09.2023 14:03:31; 818.4869; 0.769761; 106.9639; Before; 22.10196; Checking Box AICar
3; Bicycle; Interference; None; 20.09.2023 14:03:31; 818.4437; 0.7697623; 106.9634; Before; 22.11794; Checking Box AICar
3; Bicycle; Interference; None; 20.09.2023 14:03:31; 818.3538; 0.769762; 106.9625; Before; 22.14794; Checking Box AICar
3; Bicycle; Interference; None; 20.09.2023 14:03:31; 818.3052; 0.769763; 106.962; Before; 22.1621; Checking Box AICar
3; Bicycle; Interference; None; 20.09.2023 14:03:31; 818.2308; 0.7697625; 106.9613; Before; 22.17836; Checking Box AICar
3; Bicycle; Interference; None; 20.09.2023 14:03:31; 818.2308; 0.7697625; 106.9613; Before; 22.17836; Checking Box AICar
3; Bicycle; Interference; None; 20.09.2023 14:03:31; 818.1379; 0.7697624; 106.9604; Before; 22.22013; Checking Box AICar
3; Bicycle; Interference; None; 20.09.2023 14:03:31; 818.0714; 0.7697616; 106.9597; Before; 22.24837; Checking Box AICar
3; Bicycle; Interference; None; 20.09.2023 14:03:31; 818.0276; 0.7697614; 106.9593; Before; 22.26202; Checking Box AICar
3; Bicycle; Interference; None; 20.09.2023 14:03:31; 817.9929; 0.7697611; 106.9589; Before; 22.28083; Checking Box AICar
3; Bicycle; Interference; None; 20.09.2023 14:03:31; 817.9676; 0.7697612; 106.9586; Before; 22.29687; Checking Box AICar
3; Bicycle; Interference; None; 20.09.2023 14:03:31; 817.9164; 0.7697603; 106.9581; Before; 22.32453; Checking Box AICar
3; Bicycle; Interference; None; 20.09.2023 14:03:31; 817.8815; 0.7697613; 106.9578; Before; 22.33807; Checking Box AICar
3; Bicycle; Interference; None; 20.09.2023 14:03:31; 817.8604; 0.7697619; 106.9576; Before; 22.36078; Checking Box AICar
3; Bicycle; Interference; None; 20.09.2023 14:03:31; 817.8265; 0.7697605; 106.9572; Before; 22.3908; Checking Box AICar
3; Bicycle; Interference; None; 20.09.2023 14:03:31; 817.8265; 0.7697605; 106.9572; Before; 22.3908; Checking Box AICar
3; Bicycle; Interference; None; 20.09.2023 14:03:31; 817.8011; 0.7697604; 106.957; Before; 22.42134; Checking Box AICar
3; Bicycle; Interference; None; 20.09.2023 14:03:31; 817.7929; 0.7697601; 106.9569; Before; 22.4368; Checking Box AICar
3; Bicycle; Interference; None; 20.09.2023 14:03:31; 817.7794; 0.7697599; 106.9568; Before; 22.46466; Checking Box AICar
3; Bicycle; Interference; None; 20.09.2023 14:03:31; 817.7769; 0.7697599; 106.9567; Before; 22.48311; Checking Box AICar
3; Bicycle; Interference; None; 20.09.2023 14:03:31; 817.7753; 0.7697601; 106.9567; Before; 22.49601; Checking Box AICar
3; Bicycle; Interference; None; 20.09.2023 14:03:31; 817.7753; 0.7697603; 106.9567; Before; 22.51975; Checking Box AICar
3; Bicycle; Interference; None; 20.09.2023 14:03:31; 817.7753; 0.7697597; 106.9567; Before; 22.53516; Checking Box AICar
3; Bicycle; Interference; None; 20.09.2023 14:03:31; 817.7753; 0.7697594; 106.9567; Before; 22.56614; Checking Box AICar
3; Bicycle; Interference; None; 20.09.2023 14:03:31; 817.7753; 0.7697589; 106.9567; Before; 22.58124; Checking Box AICar
3; Bicycle; Interference; None; 20.09.2023 14:03:31; 817.7753; 0.7697592; 106.9567; Before; 22.59624; Checking Box AICar
3; Bicycle; Interference; None; 20.09.2023 14:03:31; 817.7753; 0.7697586; 106.9567; Before; 22.62799; Checking Box AICar
3; Bicycle; Interference; None; 20.09.2023 14:03:32; 817.7753; 0.7697591; 106.9567; Before; 22.64195; Checking Box AICar
3; Bicycle; Interference; None; 20.09.2023 14:03:32; 817.7753; 0.7697593; 106.9567; Before; 22.65806; Checking Box AICar
3; Bicycle; Interference; None; 20.09.2023 14:03:32; 817.7752; 0.7697595; 106.9567; Before; 22.68246; Checking Box AICar
3; Bicycle; Interference; None; 20.09.2023 14:03:32; 817.7753; 0.7697595; 106.9567; Before; 22.69878; Checking Box AICar
3; Bicycle; Interference; None; 20.09.2023 14:03:32; 817.7753; 0.7697604; 106.9567; Before; 22.72692; Checking Box AICar
3; Bicycle; Interference; None; 20.09.2023 14:03:32; 817.7753; 0.7697606; 106.9567; Before; 22.73952; Checking Box AICar
3; Bicycle; Interference; None; 20.09.2023 14:03:32; 817.7753; 0.7697613; 106.9567; Before; 22.76711; Checking Box AICar
3; Bicycle; Interference; None; 20.09.2023 14:03:32; 817.7753; 0.7697622; 106.9567; Before; 22.78301; Checking Box AICar
3; Bicycle; Interference; None; 20.09.2023 14:03:32; 817.7753; 0.7697636; 106.9567; Before; 22.7975; Checking Box AICar
3; Bicycle; Interference; None; 20.09.2023 14:03:32; 817.7753; 0.7697643; 106.9567; Before; 22.80977; Checking Box AICar
3; Bicycle; Interference; None; 20.09.2023 14:03:32; 817.7753; 0.7697648; 106.9567; Before; 22.84723; Checking Box AICar
3; Bicycle; Interference; None; 20.09.2023 14:03:32; 817.7753; 0.7697647; 106.9567; Before; 22.86163; Checking Box AICar
3; Bicycle; Interference; None; 20.09.2023 14:03:32; 817.7753; 0.7697653; 106.9567; Before; 22.89155; Checking Box AICar
3; Bicycle; Interference; None; 20.09.2023 14:03:32; 817.7753; 0.7697653; 106.9567; Before; 22.89155; Checking Box AICar
3; Bicycle; Interference; None; 20.09.2023 14:03:32; 817.7753; 0.7697654; 106.9567; Before; 22.90787; Checking Box AICar
3; Bicycle; Interference; None; 20.09.2023 14:03:32; 817.7753; 0.7697637; 106.9567; Before; 22.94357; Checking Box AICar
3; Bicycle; Interference; None; 20.09.2023 14:03:32; 817.7753; 0.7697632; 106.9567; Before; 22.96096; Checking Box AICar
3; Bicycle; Interference; None; 20.09.2023 14:03:32; 817.7753; 0.769763; 106.9567; Before; 22.98272; Checking Box AICar
3; Bicycle; Interference; None; 20.09.2023 14:03:32; 817.7753; 0.7697635; 106.9567; Before; 22.99682; Checking Box AICar
3; Bicycle; Interference; None; 20.09.2023 14:03:32; 817.7753; 0.7697623; 106.9567; Before; 23.02644; Checking Box AICar
3; Bicycle; Interference; None; 20.09.2023 14:03:32; 817.7753; 0.7697625; 106.9567; Before; 23.03929; Checking Box AICar
3; Bicycle; Interference; None; 20.09.2023 14:03:32; 817.7753; 0.7697632; 106.9567; Before; 23.06504; Checking Box AICar
3; Bicycle; Interference; None; 20.09.2023 14:03:32; 817.7753; 0.7697631; 106.9567; Before; 23.09105; Checking Box AICar
3; Bicycle; Interference; None; 20.09.2023 14:03:32; 817.7753; 0.7697629; 106.9567; Before; 23.10361; null
3; Bicycle; Interference; None; 20.09.2023 14:03:32; 817.7753; 0.7697626; 106.9567; Before; 23.11666; null
3; Bicycle; Interference; None; 20.09.2023 14:03:32; 817.7753; 0.7697625; 106.9567; Before; 23.1386; null
3; Bicycle; Interference; None; 20.09.2023 14:03:32; 817.7753; 0.7697612; 106.9567; Before; 23.17118; null
3; Bicycle; Interference; None; 20.09.2023 14:03:32; 817.7753; 0.7697616; 106.9567; Before; 23.18584; null
3; Bicycle; Interference; None; 20.09.2023 14:03:32; 817.7753; 0.7697612; 106.9567; Before; 23.19843; null
3; Bicycle; Interference; None; 20.09.2023 14:03:32; 817.7753; 0.7697601; 106.9567; Before; 23.22456; null
3; Bicycle; Interference; None; 20.09.2023 14:03:32; 817.7753; 0.7697605; 106.9567; Before; 23.24103; null
3; Bicycle; Interference; None; 20.09.2023 14:03:32; 817.7753; 0.7697594; 106.9567; Before; 23.26698; null
3; Bicycle; Interference; None; 20.09.2023 14:03:32; 817.7753; 0.7697599; 106.9567; Before; 23.28647; null
3; Bicycle; Interference; None; 20.09.2023 14:03:32; 817.7753; 0.7697598; 106.9567; Before; 23.29825; null
3; Bicycle; Interference; None; 20.09.2023 14:03:32; 817.7753; 0.7697594; 106.9567; Before; 23.32296; null
3; Bicycle; Interference; None; 20.09.2023 14:03:32; 817.7753; 0.7697593; 106.9567; Before; 23.34588; null
3; Bicycle; Interference; None; 20.09.2023 14:03:32; 817.7753; 0.7697593; 106.9567; Before; 23.36749; null
3; Bicycle; Interference; None; 20.09.2023 14:03:32; 817.7753; 0.7697592; 106.9567; Before; 23.39074; null
3; Bicycle; Interference; None; 20.09.2023 14:03:32; 817.7753; 0.7697592; 106.9567; Before; 23.40208; null
3; Bicycle; Interference; None; 20.09.2023 14:03:32; 817.7753; 0.7697589; 106.9567; Before; 23.42493; null
3; Bicycle; Interference; None; 20.09.2023 14:03:32; 817.7753; 0.7697592; 106.9567; Before; 23.45223; null
3; Bicycle; Interference; None; 20.09.2023 14:03:32; 817.7753; 0.7697594; 106.9567; Before; 23.47368; null
3; Bicycle; Interference; None; 20.09.2023 14:03:32; 817.7753; 0.7697595; 106.9567; Before; 23.49445; null
3; Bicycle; Interference; None; 20.09.2023 14:03:32; 817.7753; 0.7697597; 106.9567; Before; 23.50586; null
3; Bicycle; Interference; None; 20.09.2023 14:03:32; 817.7753; 0.7697599; 106.9567; Before; 23.52644; null
3; Bicycle; Interference; None; 20.09.2023 14:03:32; 817.7753; 0.7697601; 106.9567; Before; 23.54821; null
3; Bicycle; Interference; None; 20.09.2023 14:03:32; 817.7753; 0.7697605; 106.9567; Before; 23.57015; null
3; Bicycle; Interference; None; 20.09.2023 14:03:32; 817.7753; 0.7697608; 106.9567; Before; 23.58161; null
3; Bicycle; Interference; None; 20.09.2023 14:03:32; 817.7753; 0.7697611; 106.9567; Before; 23.60111; null
3; Bicycle; Interference; None; 20.09.2023 14:03:32; 817.7753; 0.7697611; 106.9567; Before; 23.62516; null
3; Bicycle; Interference; None; 20.09.2023 14:03:33; 817.7753; 0.7697617; 106.9567; Before; 23.63964; null
3; Bicycle; Interference; None; 20.09.2023 14:03:33; 817.7753; 0.7697616; 106.9567; Before; 23.67045; null
3; Bicycle; Interference; None; 20.09.2023 14:03:33; 817.7753; 0.7697617; 106.9567; Before; 23.68319; null
3; Bicycle; Interference; None; 20.09.2023 14:03:33; 817.7752; 0.7697623; 106.9567; Before; 23.69453; null
3; Bicycle; Interference; None; 20.09.2023 14:03:33; 817.7753; 0.7697624; 106.9567; Before; 23.72354; null
3; Bicycle; Interference; None; 20.09.2023 14:03:33; 817.7753; 0.7697623; 106.9567; Before; 23.7524; null
3; Bicycle; Interference; None; 20.09.2023 14:03:33; 817.7753; 0.7697628; 106.9567; Before; 23.76422; null
3; Bicycle; Interference; None; 20.09.2023 14:03:33; 817.7753; 0.7697628; 106.9567; Before; 23.79079; null
3; Bicycle; Interference; None; 20.09.2023 14:03:33; 817.7753; 0.7697629; 106.9567; Before; 23.80251; null
3; Bicycle; Interference; None; 20.09.2023 14:03:33; 817.7753; 0.7697629; 106.9567; Before; 23.82458; null
3; Bicycle; Interference; None; 20.09.2023 14:03:33; 817.7753; 0.7697628; 106.9567; Before; 23.84765; null
3; Bicycle; Interference; None; 20.09.2023 14:03:33; 817.7753; 0.7697628; 106.9567; Before; 23.87037; null
3; Bicycle; Interference; None; 20.09.2023 14:03:33; 817.7753; 0.7697626; 106.9567; Before; 23.88366; null
3; Bicycle; Interference; None; 20.09.2023 14:03:33; 817.7753; 0.7697626; 106.9567; Before; 23.89538; null
3; Bicycle; Interference; None; 20.09.2023 14:03:33; 817.7753; 0.7697623; 106.9567; Before; 23.91644; null
3; Bicycle; Interference; None; 20.09.2023 14:03:33; 817.7753; 0.7697629; 106.9567; Before; 23.93058; null
3; Bicycle; Interference; None; 20.09.2023 14:03:33; 817.7753; 0.7697628; 106.9567; Before; 23.94275; null
3; Bicycle; Interference; None; 20.09.2023 14:03:33; 817.7753; 0.769762; 106.9567; Before; 23.99233; null
3; Bicycle; Interference; None; 20.09.2023 14:03:33; 817.7753; 0.7697618; 106.9567; Before; 24.00493; null
3; Bicycle; Interference; None; 20.09.2023 14:03:33; 817.7753; 0.7697623; 106.9567; Before; 24.01793; null
3; Bicycle; Interference; None; 20.09.2023 14:03:33; 817.7753; 0.7697618; 106.9567; Before; 24.04424; null
3; Bicycle; Interference; None; 20.09.2023 14:03:33; 817.7753; 0.7697618; 106.9567; Before; 24.05813; null
3; Bicycle; Interference; None; 20.09.2023 14:03:33; 817.7753; 0.7697613; 106.9567; Before; 24.09079; null
3; Bicycle; Interference; None; 20.09.2023 14:03:33; 817.7753; 0.7697613; 106.9567; Before; 24.10305; null
3; Bicycle; Interference; None; 20.09.2023 14:03:33; 817.7753; 0.769761; 106.9567; Before; 24.11566; null
3; Bicycle; Interference; None; 20.09.2023 14:03:33; 817.7753; 0.769761; 106.9567; Before; 24.14239; null
3; Bicycle; Interference; None; 20.09.2023 14:03:33; 817.7753; 0.7697608; 106.9567; Before; 24.17082; null
3; Bicycle; Interference; None; 20.09.2023 14:03:33; 817.7751; 0.7693864; 106.9568; Before; 24.19438; null
3; Bicycle; Interference; None; 20.09.2023 14:03:33; 817.7749; 0.769033; 106.9568; Before; 24.20653; null
3; Bicycle; Interference; None; 20.09.2023 14:03:33; 817.7741; 0.7683909; 106.9567; Before; 24.21816; null
3; Bicycle; Interference; None; 20.09.2023 14:03:33; 817.7727; 0.7673783; 106.9567; Before; 24.24811; null
3; Bicycle; Interference; None; 20.09.2023 14:03:33; 817.7709; 0.7664928; 106.9567; Before; 24.27069; null
3; Bicycle; Interference; None; 20.09.2023 14:03:33; 817.7689; 0.7658253; 106.9567; Before; 24.29411; null
3; Bicycle; Interference; None; 20.09.2023 14:03:33; 817.7677; 0.7655408; 106.9567; Before; 24.30443; null
3; Bicycle; Interference; None; 20.09.2023 14:03:33; 817.7649; 0.7651678; 106.9566; Before; 24.32665; null
3; Bicycle; Interference; None; 20.09.2023 14:03:33; 817.762; 0.7650762; 106.9566; Before; 24.34948; null
3; Bicycle; Interference; None; 20.09.2023 14:03:33; 817.7602; 0.7651125; 106.9566; Before; 24.36005; null
3; Bicycle; Interference; None; 20.09.2023 14:03:33; 817.7548; 0.7654332; 106.9566; Before; 24.39009; null
3; Bicycle; Interference; None; 20.09.2023 14:03:33; 817.7524; 0.7656229; 106.9565; Before; 24.40359; null
3; Bicycle; Interference; None; 20.09.2023 14:03:33; 817.7483; 0.7659872; 106.9565; Before; 24.42587; null
3; Bicycle; Interference; None; 20.09.2023 14:03:33; 817.7437; 0.7663953; 106.9565; Before; 24.44832; null
3; Bicycle; Interference; None; 20.09.2023 14:03:33; 817.7377; 0.7668942; 106.9564; Before; 24.47038; null
3; Bicycle; Interference; None; 20.09.2023 14:03:33; 817.7346; 0.7671268; 106.9564; Before; 24.48515; null
3; Bicycle; Interference; None; 20.09.2023 14:03:33; 817.7315; 0.7673429; 106.9564; Before; 24.4975; null
3; Bicycle; Interference; None; 20.09.2023 14:03:33; 817.728; 0.7675788; 106.9563; Before; 24.5092; null
3; Bicycle; Interference; None; 20.09.2023 14:03:33; 817.7181; 0.768142; 106.9563; Before; 24.54325; null
3; Bicycle; Interference; None; 20.09.2023 14:03:33; 817.7108; 0.7684737; 106.9562; Before; 24.56979; null
3; Bicycle; Interference; None; 20.09.2023 14:03:33; 817.7028; 0.7687702; 106.9562; Before; 24.59332; null
3; Bicycle; Interference; None; 20.09.2023 14:03:33; 817.6986; 0.768901; 106.9562; Before; 24.60654; null
3; Bicycle; Interference; None; 20.09.2023 14:03:33; 817.6945; 0.7690182; 106.9561; Before; 24.61902; null
3; Bicycle; Interference; None; 20.09.2023 14:03:34; 817.6841; 0.7692494; 106.9561; Before; 24.64606; null
3; Bicycle; Interference; None; 20.09.2023 14:03:34; 817.6745; 0.7694119; 106.9561; Before; 24.67185; null
3; Bicycle; Interference; None; 20.09.2023 14:03:34; 817.6665; 0.7695132; 106.9561; Before; 24.6853; null
3; Bicycle; Interference; None; 20.09.2023 14:03:34; 817.6665; 0.7695132; 106.9561; Before; 24.6853; null
3; Bicycle; Interference; None; 20.09.2023 14:03:34; 817.6517; 0.7696414; 106.9561; Before; 24.72188; null
3; Bicycle; Interference; None; 20.09.2023 14:03:34; 817.6448; 0.7696836; 106.9561; Before; 24.73788; null
3; Bicycle; Interference; None; 20.09.2023 14:03:34; 817.6287; 0.7697515; 106.9561; Before; 24.76679; null
3; Bicycle; Interference; None; 20.09.2023 14:03:34; 817.6218; 0.7697713; 106.9561; Before; 24.78287; null
3; Bicycle; Interference; None; 20.09.2023 14:03:34; 817.6123; 0.7697921; 106.9561; Before; 24.79523; null
3; Bicycle; Interference; None; 20.09.2023 14:03:34; 817.6027; 0.7698063; 106.9561; Before; 24.81144; null
3; Bicycle; Interference; None; 20.09.2023 14:03:34; 817.593; 0.7698176; 106.9562; Before; 24.82722; null
3; Bicycle; Interference; None; 20.09.2023 14:03:34; 817.5668; 0.7698305; 106.9562; Before; 24.86574; null
3; Bicycle; Interference; None; 20.09.2023 14:03:34; 817.5471; 0.7698307; 106.9563; Before; 24.89585; null
3; Bicycle; Interference; None; 20.09.2023 14:03:34; 817.5471; 0.7698307; 106.9563; Before; 24.89585; null
3; Bicycle; Interference; None; 20.09.2023 14:03:34; 817.5231; 0.7698269; 106.9563; Before; 24.92278; null
3; Bicycle; Interference; None; 20.09.2023 14:03:34; 817.5101; 0.769824; 106.9564; Before; 24.93945; null
3; Bicycle; Interference; None; 20.09.2023 14:03:34; 817.4951; 0.7698181; 106.9564; Before; 24.95555; null
3; Bicycle; Interference; None; 20.09.2023 14:03:34; 817.4657; 0.7698077; 106.9565; Before; 24.98808; null
3; Bicycle; Interference; None; 20.09.2023 14:03:34; 817.4657; 0.7698077; 106.9565; Before; 24.98808; null
3; Bicycle; Interference; None; 20.09.2023 14:03:34; 817.446; 0.7698014; 106.9566; Before; 25.0074; null
3; Bicycle; Interference; None; 20.09.2023 14:03:34; 817.4158; 0.7697926; 106.9567; Before; 25.04535; null
3; Bicycle; Interference; None; 20.09.2023 14:03:34; 817.4023; 0.769789; 106.9567; Before; 25.0607; null
3; Bicycle; Interference; None; 20.09.2023 14:03:34; 817.3712; 0.7697824; 106.9569; Before; 25.08806; null
3; Bicycle; Interference; None; 20.09.2023 14:03:34; 817.3712; 0.7697824; 106.9569; Before; 25.08806; null
3; Bicycle; Interference; None; 20.09.2023 14:03:34; 817.3381; 0.7697773; 106.957; Before; 25.12117; null
3; Bicycle; Interference; None; 20.09.2023 14:03:34; 817.3078; 0.7697728; 106.9572; Before; 25.15025; null
3; Bicycle; Interference; None; 20.09.2023 14:03:34; 817.2822; 0.76977; 106.9574; Before; 25.16397; null
3; Bicycle; Interference; None; 20.09.2023 14:03:34; 817.264; 0.7697687; 106.9575; Before; 25.1864; null
3; Bicycle; Interference; None; 20.09.2023 14:03:34; 817.2467; 0.7697667; 106.9576; Before; 25.20206; null
3; Bicycle; Interference; None; 20.09.2023 14:03:34; 817.231; 0.769766; 106.9576; Before; 25.21677; null
3; Bicycle; Interference; None; 20.09.2023 14:03:34; 817.1932; 0.7697642; 106.9579; Before; 25.24577; null
3; Bicycle; Interference; None; 20.09.2023 14:03:34; 817.1756; 0.7697632; 106.958; Before; 25.26103; null
3; Bicycle; Interference; None; 20.09.2023 14:03:34; 817.139; 0.7697622; 106.9583; Before; 25.2888; null
3; Bicycle; Interference; None; 20.09.2023 14:03:34; 817.1213; 0.7697618; 106.9585; Before; 25.30427; null
3; Bicycle; Interference; None; 20.09.2023 14:03:34; 817.0964; 0.7697619; 106.9587; Before; 25.31804; null
3; Bicycle; Interference; None; 20.09.2023 14:03:34; 817.0729; 0.7697625; 106.9589; Before; 25.33723; null
3; Bicycle; Interference; None; 20.09.2023 14:03:34; 817.031; 0.7697623; 106.9592; Before; 25.37139; null
3; Bicycle; Interference; None; 20.09.2023 14:03:34; 817.0103; 0.7697625; 106.9594; Before; 25.3861; null
3; Bicycle; Interference; None; 20.09.2023 14:03:34; 816.9894; 0.7697623; 106.9596; Before; 25.40121; null
3; Bicycle; Interference; None; 20.09.2023 14:03:34; 816.9726; 0.7697626; 106.9598; Before; 25.41631; null
3; Bicycle; Interference; None; 20.09.2023 14:03:34; 816.9243; 0.7697625; 106.9603; Before; 25.44781; null
3; Bicycle; Interference; None; 20.09.2023 14:03:34; 816.9038; 0.769762; 106.9604; Before; 25.46239; null
3; Bicycle; Interference; None; 20.09.2023 14:03:34; 816.873; 0.7697612; 106.9608; Before; 25.4766; null
3; Bicycle; Interference; None; 20.09.2023 14:03:34; 816.85; 0.769762; 106.961; Before; 25.4977; null
3; Bicycle; Interference; None; 20.09.2023 14:03:34; 816.8239; 0.7697618; 106.9613; Before; 25.51331; null
3; Bicycle; Interference; None; 20.09.2023 14:03:34; 816.7784; 0.7697625; 106.9617; Before; 25.54567; null
3; Bicycle; Interference; None; 20.09.2023 14:03:34; 816.7571; 0.7697622; 106.962; Before; 25.56087; null
3; Bicycle; Interference; None; 20.09.2023 14:03:34; 816.7139; 0.769763; 106.9625; Before; 25.58806; null
3; Bicycle; Interference; None; 20.09.2023 14:03:34; 816.6942; 0.7697628; 106.9627; Before; 25.60258; null
3; Bicycle; Interference; None; 20.09.2023 14:03:34; 816.6735; 0.7697625; 106.9629; Before; 25.61514; null
3; Bicycle; Interference; None; 20.09.2023 14:03:34; 816.6401; 0.7697628; 106.9633; Before; 25.62823; null
3; Bicycle; Interference; None; 20.09.2023 14:03:35; 816.5834; 0.769762; 106.964; Before; 25.66545; null
3; Bicycle; Interference; None; 20.09.2023 14:03:35; 816.543; 0.7697613; 106.9645; Before; 25.69655; null
3; Bicycle; Interference; None; 20.09.2023 14:03:35; 816.543; 0.7697613; 106.9645; Before; 25.69655; null
3; Bicycle; Interference; None; 20.09.2023 14:03:35; 816.5129; 0.7697613; 106.9649; Before; 25.70847; null
3; Bicycle; Interference; None; 20.09.2023 14:03:35; 816.459; 0.7697616; 106.9656; Before; 25.74353; null
3; Bicycle; Interference; None; 20.09.2023 14:03:35; 816.4161; 0.7697611; 106.9662; Before; 25.77046; null
3; Bicycle; Interference; None; 20.09.2023 14:03:35; 816.3822; 0.7697611; 106.9667; Before; 25.78348; null
3; Bicycle; Interference; None; 20.09.2023 14:03:35; 816.3822; 0.7697611; 106.9667; Before; 25.78348; null
3; Bicycle; Interference; None; 20.09.2023 14:03:35; 816.3208; 0.7697603; 106.9676; Before; 25.82342; null
3; Bicycle; Interference; None; 20.09.2023 14:03:35; 816.2964; 0.7697604; 106.968; Before; 25.83821; null
3; Bicycle; Interference; None; 20.09.2023 14:03:35; 816.2693; 0.7697611; 106.9684; Before; 25.85199; Checking Box Human Car
3; Bicycle; Interference; None; 20.09.2023 14:03:35; 816.2037; 0.7697611; 106.9694; Before; 25.88754; Checking Box Human Car
3; Bicycle; Interference; None; 20.09.2023 14:03:35; 816.1797; 0.7697612; 106.9698; Before; 25.90361; Checking Box Human Car
3; Bicycle; Interference; None; 20.09.2023 14:03:35; 816.1521; 0.769762; 106.9702; Before; 25.91681; Checking Box Human Car
3; Bicycle; Interference; None; 20.09.2023 14:03:35; 816.1204; 0.769762; 106.9707; Before; 25.93186; Checking Box Human Car
3; Bicycle; Interference; None; 20.09.2023 14:03:35; 816.0771; 0.7697616; 106.9715; Before; 25.94912; Checking Box Human Car
3; Bicycle; Interference; None; 20.09.2023 14:03:35; 816.0203; 0.7697616; 106.9724; Before; 25.98743; Checking Box Human Car
3; Bicycle; Interference; None; 20.09.2023 14:03:35; 815.9884; 0.7697613; 106.9729; Before; 26.00264; Checking Box Human Car
3; Bicycle; Interference; None; 20.09.2023 14:03:35; 815.9613; 0.7697624; 106.9734; Before; 26.01944; Checking Box Human Car
3; Bicycle; Interference; None; 20.09.2023 14:03:35; 815.9072; 0.7697618; 106.9743; Before; 26.04813; Checking Box Human Car
3; Bicycle; Interference; None; 20.09.2023 14:03:35; 815.881; 0.7697618; 106.9748; Before; 26.06177; Checking Box Human Car
3; Bicycle; Interference; None; 20.09.2023 14:03:35; 815.8229; 0.7697623; 106.9758; Before; 26.08892; Checking Box Human Car
3; Bicycle; Interference; None; 20.09.2023 14:03:35; 815.8229; 0.7697623; 106.9758; Before; 26.08892; Checking Box Human Car
3; Bicycle; Interference; None; 20.09.2023 14:03:35; 815.7797; 0.7697623; 106.9766; Before; 26.10508; Checking Box Human Car
3; Bicycle; Interference; None; 20.09.2023 14:03:35; 815.7183; 0.7697618; 106.9778; Before; 26.14253; Checking Box Human Car
3; Bicycle; Interference; None; 20.09.2023 14:03:35; 815.6638; 0.769762; 106.9789; Before; 26.16991; Checking Box Human Car
3; Bicycle; Interference; None; 20.09.2023 14:03:35; 815.6349; 0.7697625; 106.9794; Before; 26.18503; Checking Box Human Car
3; Bicycle; Interference; None; 20.09.2023 14:03:35; 815.6058; 0.7697613; 106.98; Before; 26.19929; Checking Box Human Car
3; Bicycle; Interference; None; 20.09.2023 14:03:35; 815.5712; 0.7697599; 106.9807; Before; 26.21357; Checking Box Human Car
3; Bicycle; Interference; None; 20.09.2023 14:03:35; 815.5093; 0.7697595; 106.982; Before; 26.24523; Checking Box Human Car
3; Bicycle; Interference; None; 20.09.2023 14:03:35; 815.4563; 0.7697599; 106.9832; Before; 26.26005; Checking Box Human Car
3; Bicycle; Interference; None; 20.09.2023 14:03:35; 815.4231; 0.7697601; 106.9839; Before; 26.28504; Checking Box Human Car
3; Bicycle; Interference; None; 20.09.2023 14:03:35; 815.3918; 0.7697605; 106.9846; Before; 26.30055; Checking Box Human Car
3; Bicycle; Interference; None; 20.09.2023 14:03:35; 815.3362; 0.7697603; 106.9858; Before; 26.32765; Checking Box Human Car
3; Bicycle; Interference; None; 20.09.2023 14:03:35; 815.3032; 0.769761; 106.9865; Before; 26.34043; Checking Box Human Car
3; Bicycle; Interference; None; 20.09.2023 14:03:35; 815.2651; 0.7697603; 106.9874; Before; 26.35538; Checking Box Human Car
3; Bicycle; Interference; None; 20.09.2023 14:03:35; 815.1984; 0.7697604; 106.9889; Before; 26.38678; Checking Box Human Car
3; Bicycle; Interference; None; 20.09.2023 14:03:35; 815.1667; 0.7697601; 106.9897; Before; 26.40213; Checking Box Human Car
3; Bicycle; Interference; None; 20.09.2023 14:03:35; 815.1225; 0.7697606; 106.9907; Before; 26.41599; Checking Box Human Car
3; Bicycle; Interference; None; 20.09.2023 14:03:35; 815.0842; 0.76976; 106.9916; Before; 26.43526; Checking Box Human Car
3; Bicycle; Interference; None; 20.09.2023 14:03:35; 815.0146; 0.7697605; 106.9933; Before; 26.46565; Checking Box Human Car
3; Bicycle; Interference; None; 20.09.2023 14:03:35; 814.9498; 0.7697607; 106.9949; Before; 26.49549; Checking Box Human Car
3; Bicycle; Interference; None; 20.09.2023 14:03:35; 814.9498; 0.7697607; 106.9949; Before; 26.49549; Checking Box Human Car
3; Bicycle; Interference; None; 20.09.2023 14:03:35; 814.8782; 0.7697616; 106.9967; Before; 26.52301; Checking Box Human Car
3; Bicycle; Interference; None; 20.09.2023 14:03:35; 814.8463; 0.7697611; 106.9975; Before; 26.5386; Checking Box Human Car
3; Bicycle; Interference; None; 20.09.2023 14:03:35; 814.8062; 0.7697611; 106.9985; Before; 26.55173; Checking Box Human Car
3; Bicycle; Interference; None; 20.09.2023 14:03:35; 814.7167; 0.7697608; 107.0007; Before; 26.58932; Checking Box Human Car
3; Bicycle; Interference; None; 20.09.2023 14:03:35; 814.683; 0.769761; 107.0016; Before; 26.6044; Checking Box Human Car
3; Bicycle; Interference; None; 20.09.2023 14:03:35; 814.6495; 0.7697623; 107.0024; Before; 26.61794; Checking Box Human Car
3; Bicycle; Interference; None; 20.09.2023 14:03:35; 814.5734; 0.7697622; 107.0043; Before; 26.64769; Checking Box Human Car
3; Bicycle; Interference; None; 20.09.2023 14:03:36; 814.5396; 0.7697628; 107.0051; Before; 26.66131; Checking Box Human Car
3; Bicycle; Interference; None; 20.09.2023 14:03:36; 814.4639; 0.7697625; 107.0069; Before; 26.68806; Checking Box Human Car
3; Bicycle; Interference; None; 20.09.2023 14:03:36; 814.4279; 0.769762; 107.0078; Before; 26.70399; Checking Box Human Car
3; Bicycle; Interference; None; 20.09.2023 14:03:36; 814.3943; 0.7697618; 107.0085; Before; 26.71783; Checking Box Human Car
3; Bicycle; Interference; None; 20.09.2023 14:03:36; 814.3423; 0.7697618; 107.0097; Before; 26.73074; Checking Box Human Car
3; Bicycle; Interference; None; 20.09.2023 14:03:36; 814.2595; 0.7697613; 107.0115; Before; 26.76673; null
3; Bicycle; Interference; None; 20.09.2023 14:03:36; 814.2136; 0.7697617; 107.0125; Before; 26.78198; null
3; Bicycle; Interference; None; 20.09.2023 14:03:36; 814.1733; 0.7697614; 107.0134; Before; 26.79927; null
3; Bicycle; Interference; None; 20.09.2023 14:03:36; 814.1021; 0.7697611; 107.0148; Before; 26.82781; null
3; Bicycle; Interference; None; 20.09.2023 14:03:36; 814.0628; 0.7697616; 107.0156; Before; 26.84085; null
3; Bicycle; Interference; None; 20.09.2023 14:03:36; 813.9847; 0.7697616; 107.0171; Before; 26.87029; null
3; Bicycle; Interference; None; 20.09.2023 14:03:36; 813.9218; 0.7697613; 107.0183; Before; 26.88414; null
3; Bicycle; Interference; None; 20.09.2023 14:03:36; 813.9218; 0.7697613; 107.0183; Before; 26.88414; null
3; Bicycle; Interference; None; 20.09.2023 14:03:36; 813.8254; 0.7697616; 107.0201; Before; 26.92433; null
3; Bicycle; Interference; None; 20.09.2023 14:03:36; 813.7839; 0.769763; 107.0209; Before; 26.9421; null
3; Bicycle; Interference; None; 20.09.2023 14:03:36; 813.7421; 0.769763; 107.0216; Before; 26.95704; null
3; Bicycle; Interference; None; 20.09.2023 14:03:36; 813.6538; 0.7697632; 107.0232; Before; 26.98794; null
3; Bicycle; Interference; None; 20.09.2023 14:03:36; 813.618; 0.7697635; 107.0238; Before; 27.00357; null
3; Bicycle; Interference; None; 20.09.2023 14:03:36; 813.5814; 0.7697635; 107.0245; Before; 27.01627; null
3; Bicycle; Interference; None; 20.09.2023 14:03:36; 813.5441; 0.7697635; 107.0251; Before; 27.02928; null
3; Bicycle; Interference; None; 20.09.2023 14:03:36; 813.4189; 0.7697616; 107.0272; Before; 27.06957; null
3; Bicycle; Interference; None; 20.09.2023 14:03:36; 813.3815; 0.7697617; 107.0278; Before; 27.08628; null
3; Bicycle; Interference; None; 20.09.2023 14:03:36; 813.343; 0.7697619; 107.0284; Before; 27.0993; null
3; Bicycle; Interference; None; 20.09.2023 14:03:36; 813.2603; 0.7697613; 107.0297; Before; 27.12707; null
3; Bicycle; Interference; None; 20.09.2023 14:03:36; 813.2174; 0.7697623; 107.0303; Before; 27.14124; null
3; Bicycle; Interference; None; 20.09.2023 14:03:36; 813.1351; 0.7697628; 107.0316; Before; 27.17113; null
3; Bicycle; Interference; None; 20.09.2023 14:03:36; 813.0947; 0.7697635; 107.0322; Before; 27.18415; null
3; Bicycle; Interference; None; 20.09.2023 14:03:36; 813.0947; 0.7697635; 107.0322; Before; 27.18415; null
3; Bicycle; Interference; None; 20.09.2023 14:03:36; 812.976; 0.7697619; 107.0339; Before; 27.22252; null
3; Bicycle; Interference; None; 20.09.2023 14:03:36; 812.9056; 0.7697624; 107.0348; Before; 27.24967; null
3; Bicycle; Interference; None; 20.09.2023 14:03:36; 812.869; 0.7697625; 107.0353; Before; 27.26241; null
3; Bicycle; Interference; None; 20.09.2023 14:03:36; 812.7878; 0.7697624; 107.0364; Before; 27.28781; null
3; Bicycle; Interference; None; 20.09.2023 14:03:36; 812.7536; 0.7697618; 107.0368; Before; 27.30272; null
3; Bicycle; Interference; None; 20.09.2023 14:03:36; 812.6735; 0.7697612; 107.0378; Before; 27.32649; null
3; Bicycle; Interference; None; 20.09.2023 14:03:36; 812.6334; 0.7697623; 107.0383; Before; 27.34204; null
3; Bicycle; Interference; None; 20.09.2023 14:03:36; 812.573; 0.769762; 107.039; Before; 27.35586; null
3; Bicycle; Interference; None; 20.09.2023 14:03:36; 812.4879; 0.769762; 107.04; Before; 27.39137; null
3; Bicycle; Interference; None; 20.09.2023 14:03:36; 812.4879; 0.769762; 107.04; Before; 27.39137; null
3; Bicycle; Interference; None; 20.09.2023 14:03:36; 812.3907; 0.769762; 107.041; Before; 27.42548; null
3; Bicycle; Interference; None; 20.09.2023 14:03:36; 812.3211; 0.7697613; 107.0417; Before; 27.45113; Checking Box Human Car
3; Bicycle; Interference; None; 20.09.2023 14:03:36; 812.2751; 0.7697613; 107.0422; Before; 27.46405; Checking Box Human Car
3; Bicycle; Interference; None; 20.09.2023 14:03:36; 812.1943; 0.7697608; 107.0429; Before; 27.49457; Checking Box Human Car
3; Bicycle; Interference; None; 20.09.2023 14:03:36; 812.1943; 0.7697608; 107.0429; Before; 27.49457; Checking Box Human Car
3; Bicycle; Interference; None; 20.09.2023 14:03:36; 812.129; 0.7697614; 107.0435; Before; 27.50824; Checking Box Human Car
3; Bicycle; Interference; None; 20.09.2023 14:03:36; 812.0787; 0.769762; 107.0439; Before; 27.5311; Checking Box Human Car
3; Bicycle; Interference; None; 20.09.2023 14:03:36; 811.9876; 0.7697616; 107.0447; Before; 27.56634; Checking Box Human Car
3; Bicycle; Interference; None; 20.09.2023 14:03:36; 811.915; 0.7697606; 107.0452; Before; 27.59416; Checking Box Human Car
3; Bicycle; Interference; None; 20.09.2023 14:03:36; 811.915; 0.7697606; 107.0452; Before; 27.59416; Checking Box Human Car
3; Bicycle; Interference; None; 20.09.2023 14:03:36; 811.8214; 0.7697611; 107.0459; Before; 27.62111; Checking Box Human Car
3; Bicycle; Interference; None; 20.09.2023 14:03:36; 811.7888; 0.7697611; 107.0461; Before; 27.63924; Checking Box Human Car
3; Bicycle; Interference; None; 20.09.2023 14:03:37; 811.7498; 0.7697618; 107.0464; Before; 27.65076; Checking Box Human Car
3; Bicycle; Interference; None; 20.09.2023 14:03:37; 811.6321; 0.7697611; 107.0471; Before; 27.68757; Checking Box Human Car
3; Bicycle; Interference; None; 20.09.2023 14:03:37; 811.5967; 0.7697612; 107.0473; Before; 27.70638; Checking Box Human Car
3; Bicycle; Interference; None; 20.09.2023 14:03:37; 811.5647; 0.7697618; 107.0475; Before; 27.71947; Checking Box Human Car
3; Bicycle; Interference; None; 20.09.2023 14:03:37; 811.4919; 0.7697612; 107.0478; Before; 27.74812; Checking Box Human Car
3; Bicycle; Interference; None; 20.09.2023 14:03:37; 811.4608; 0.7697613; 107.048; Before; 27.763; Checking Box Human Car
3; Bicycle; Interference; None; 20.09.2023 14:03:37; 811.4078; 0.7697611; 107.0482; Before; 27.79259; Checking Box Human Car
3; Bicycle; Interference; None; 20.09.2023 14:03:37; 811.4078; 0.7697611; 107.0482; Before; 27.79259; Checking Box Human Car
3; Bicycle; Interference; None; 20.09.2023 14:03:37; 811.3826; 0.7697618; 107.0483; Before; 27.80585; Checking Box Human Car
3; Bicycle; Interference; None; 20.09.2023 14:03:37; 811.3456; 0.7697616; 107.0485; Before; 27.82083; null
3; Bicycle; Interference; None; 20.09.2023 14:03:37; 811.3053; 0.7697613; 107.0486; Before; 27.86497; null
3; Bicycle; Interference; None; 20.09.2023 14:03:37; 811.3053; 0.7697613; 107.0486; Before; 27.86497; null
3; Bicycle; Interference; None; 20.09.2023 14:03:37; 811.2781; 0.7697606; 107.0487; Before; 27.8799; null
3; Bicycle; Interference; None; 20.09.2023 14:03:37; 811.2603; 0.7697597; 107.0487; Before; 27.92792; null
3; Bicycle; Interference; None; 20.09.2023 14:03:37; 811.2551; 0.7697595; 107.0487; Before; 27.94198; null
3; Bicycle; Interference; None; 20.09.2023 14:03:37; 811.252; 0.7697597; 107.0487; Before; 27.9572; null
3; Bicycle; Interference; None; 20.09.2023 14:03:37; 811.25; 0.76976; 107.0488; Before; 27.97192; null
3; Bicycle; Interference; None; 20.09.2023 14:03:37; 811.25; 0.76976; 107.0488; Before; 27.97192; null
3; Bicycle; Interference; None; 20.09.2023 14:03:37; 811.25; 0.7697599; 107.0488; Before; 28.00303; null
3; Bicycle; Interference; None; 20.09.2023 14:03:37; 811.25; 0.7697592; 107.0489; Before; 28.0425; null
3; Bicycle; Interference; None; 20.09.2023 14:03:37; 811.25; 0.7697588; 107.0489; Before; 28.05964; null
3; Bicycle; Interference; None; 20.09.2023 14:03:37; 811.25; 0.7697587; 107.049; Before; 28.08861; null
3; Bicycle; Interference; None; 20.09.2023 14:03:37; 811.25; 0.7697582; 107.049; Before; 28.10393; null
3; Bicycle; Interference; None; 20.09.2023 14:03:37; 811.25; 0.7697587; 107.049; Before; 28.11866; null
3; Bicycle; Interference; None; 20.09.2023 14:03:37; 811.25; 0.7697592; 107.0491; Before; 28.13495; null
3; Bicycle; Interference; None; 20.09.2023 14:03:37; 811.25; 0.7697599; 107.0491; Before; 28.16133; null
3; Bicycle; Interference; None; 20.09.2023 14:03:37; 811.2499; 0.76976; 107.0492; Before; 28.1826; null
3; Bicycle; Interference; None; 20.09.2023 14:03:37; 811.25; 0.7697606; 107.0492; Before; 28.19882; Checking Box Human
3; Bicycle; Interference; None; 20.09.2023 14:03:37; 811.25; 0.7697606; 107.0492; Before; 28.21447; Checking Box Human
3; Bicycle; Interference; None; 20.09.2023 14:03:37; 811.25; 0.7697624; 107.0493; Before; 28.24573; Checking Box Human
3; Bicycle; Interference; None; 20.09.2023 14:03:37; 811.25; 0.7697635; 107.0493; Before; 28.26166; Checking Box Human
3; Bicycle; Interference; None; 20.09.2023 14:03:37; 811.25; 0.7697636; 107.0493; Before; 28.27714; null
3; Bicycle; Interference; None; 20.09.2023 14:03:37; 811.25; 0.7697642; 107.0494; Before; 28.29116; null
3; Bicycle; Interference; None; 20.09.2023 14:03:37; 811.25; 0.769765; 107.0494; Before; 28.31649; null
3; Bicycle; Interference; None; 20.09.2023 14:03:37; 811.25; 0.7697644; 107.0494; Before; 28.34959; null
3; Bicycle; Interference; None; 20.09.2023 14:03:37; 811.25; 0.7697649; 107.0495; Before; 28.3633; null
3; Bicycle; Interference; None; 20.09.2023 14:03:37; 811.25; 0.769765; 107.0495; Before; 28.39064; Checking Box AICar
3; Bicycle; Interference; None; 20.09.2023 14:03:37; 811.25; 0.769765; 107.0495; Before; 28.39064; Checking Box AICar
3; Bicycle; Interference; None; 20.09.2023 14:03:37; 811.25; 0.7697651; 107.0495; Before; 28.42107; Checking Box AICar
3; Bicycle; Interference; None; 20.09.2023 14:03:37; 811.25; 0.7697649; 107.0495; Before; 28.43482; Checking Box AICar
3; Bicycle; Interference; None; 20.09.2023 14:03:37; 811.25; 0.7697655; 107.0495; Before; 28.44591; Checking Box AICar
3; Bicycle; Interference; None; 20.09.2023 14:03:37; 811.25; 0.7697659; 107.0496; Before; 28.48685; Checking Box AICar
3; Bicycle; Interference; None; 20.09.2023 14:03:37; 811.25; 0.769766; 107.0496; Before; 28.50162; Checking Box AICar
3; Bicycle; Interference; None; 20.09.2023 14:03:37; 811.25; 0.7697655; 107.0496; Before; 28.52463; Checking Box AICar
3; Bicycle; Interference; None; 20.09.2023 14:03:37; 811.25; 0.7697643; 107.0496; Before; 28.54901; Checking Box AICar
3; Bicycle; Interference; None; 20.09.2023 14:03:37; 811.2501; 0.7697643; 107.0496; Before; 28.56312; Checking Box AICar
3; Bicycle; Interference; None; 20.09.2023 14:03:37; 811.25; 0.7697642; 107.0496; Before; 28.58836; Checking Box AICar
3; Bicycle; Interference; None; 20.09.2023 14:03:37; 811.25; 0.7697642; 107.0496; Before; 28.58836; Checking Box AICar
3; Bicycle; Interference; None; 20.09.2023 14:03:37; 811.25; 0.7697637; 107.0497; Before; 28.60031; Checking Box AICar
3; Bicycle; Interference; None; 20.09.2023 14:03:38; 811.25; 0.7697624; 107.0497; Before; 28.64612; Checking Box AICar
3; Bicycle; Interference; None; 20.09.2023 14:03:38; 811.25; 0.7697623; 107.0497; Before; 28.66367; Checking Box AICar
3; Bicycle; Interference; None; 20.09.2023 14:03:38; 811.25; 0.7697622; 107.0497; Before; 28.68073; Checking Box AICar
3; Bicycle; Interference; None; 20.09.2023 14:03:38; 811.25; 0.7697622; 107.0497; Before; 28.68073; Checking Box AICar
3; Bicycle; Interference; None; 20.09.2023 14:03:38; 811.2501; 0.7697608; 107.0497; Before; 28.72118; Checking Box AICar
3; Bicycle; Interference; None; 20.09.2023 14:03:38; 811.25; 0.7697608; 107.0497; Before; 28.74731; Checking Box AICar
3; Bicycle; Interference; None; 20.09.2023 14:03:38; 811.25; 0.7697601; 107.0498; Before; 28.75879; Checking Box AICar
3; Bicycle; Interference; None; 20.09.2023 14:03:38; 811.25; 0.7697593; 107.0498; Before; 28.79662; Checking Box AICar
3; Bicycle; Interference; None; 20.09.2023 14:03:38; 811.25; 0.7697591; 107.0498; Before; 28.80686; Checking Box AICar
3; Bicycle; Interference; None; 20.09.2023 14:03:38; 811.25; 0.7697587; 107.0498; Before; 28.81787; Checking Box AICar
3; Bicycle; Interference; None; 20.09.2023 14:03:38; 811.25; 0.7697582; 107.0498; Before; 28.84402; Checking Box AICar
3; Bicycle; Interference; None; 20.09.2023 14:03:38; 811.25; 0.7697582; 107.0498; Before; 28.86885; Checking Box AICar
3; Bicycle; Interference; None; 20.09.2023 14:03:38; 811.25; 0.7697586; 107.0499; Before; 28.89404; Checking Box AICar
3; Bicycle; Interference; None; 20.09.2023 14:03:38; 811.25; 0.7697585; 107.0499; Before; 28.90531; Checking Box AICar
3; Bicycle; Interference; None; 20.09.2023 14:03:38; 811.25; 0.7697585; 107.0499; Before; 28.91627; Checking Box AICar
3; Bicycle; Interference; None; 20.09.2023 14:03:38; 811.25; 0.7697592; 107.0499; Before; 28.93783; Checking Box AICar
3; Bicycle; Interference; None; 20.09.2023 14:03:38; 811.25; 0.7697587; 107.0499; Before; 28.96729; Checking Box AICar
3; Bicycle; Interference; None; 20.09.2023 14:03:38; 811.25; 0.7697587; 107.0499; Before; 28.99107; Checking Box AICar
3; Bicycle; Interference; None; 20.09.2023 14:03:38; 811.25; 0.7697588; 107.0499; Before; 29.00496; Checking Box AICar
3; Bicycle; Interference; None; 20.09.2023 14:03:38; 811.25; 0.76976; 107.0499; Before; 29.01999; Checking Box AICar
3; Bicycle; Interference; None; 20.09.2023 14:03:38; 811.25; 0.7697606; 107.05; Before; 29.04675; Checking Box AICar
3; Bicycle; Interference; None; 20.09.2023 14:03:38; 811.25; 0.7697606; 107.05; Before; 29.05962; Checking Box AICar
3; Bicycle; Interference; None; 20.09.2023 14:03:38; 811.25; 0.7697605; 107.05; Before; 29.07448; Checking Box AICar
3; Bicycle; Interference; None; 20.09.2023 14:03:38; 811.25; 0.7697608; 107.05; Before; 29.09731; Checking Box AICar
3; Bicycle; Interference; None; 20.09.2023 14:03:38; 811.25; 0.7697611; 107.05; Before; 29.12987; Checking Box AICar
3; Bicycle; Interference; None; 20.09.2023 14:03:38; 811.25; 0.7697616; 107.05; Before; 29.15298; Checking Box AICar
3; Bicycle; Interference; None; 20.09.2023 14:03:38; 811.25; 0.7697624; 107.0501; Before; 29.1745; Checking Box AICar
3; Bicycle; Interference; None; 20.09.2023 14:03:38; 811.25; 0.7697632; 107.0501; Before; 29.18571; Checking Box AICar
3; Bicycle; Interference; None; 20.09.2023 14:03:38; 811.25; 0.7697635; 107.0501; Before; 29.19906; Checking Box AICar
3; Bicycle; Interference; None; 20.09.2023 14:03:38; 811.25; 0.7697638; 107.0502; Before; 29.22284; Checking Box AICar
3; Bicycle; Interference; None; 20.09.2023 14:03:38; 811.25; 0.7697637; 107.0502; Before; 29.23373; Checking Box AICar
3; Bicycle; Interference; None; 20.09.2023 14:03:38; 811.25; 0.7697625; 107.0502; Before; 29.2745; Checking Box AICar
3; Bicycle; Interference; None; 20.09.2023 14:03:38; 811.25; 0.769763; 107.0502; Before; 29.28666; Checking Box AICar
3; Bicycle; Interference; None; 20.09.2023 14:03:38; 811.2501; 0.7697628; 107.0502; Before; 29.29809; Checking Box AICar
3; Bicycle; Interference; None; 20.09.2023 14:03:38; 811.25; 0.7697626; 107.0502; Before; 29.32537; Checking Box AICar
3; Bicycle; Interference; None; 20.09.2023 14:03:38; 811.25; 0.769762; 107.0502; Before; 29.35083; Checking Box AICar
3; Bicycle; Interference; None; 20.09.2023 14:03:38; 811.25; 0.7697619; 107.0502; Before; 29.36293; Checking Box AICar
3; Bicycle; Interference; None; 20.09.2023 14:03:38; 811.25; 0.7697622; 107.0502; Before; 29.37499; Checking Box AICar
3; Bicycle; Interference; None; 20.09.2023 14:03:38; 811.25; 0.769762; 107.0502; Before; 29.38822; Checking Box AICar
3; Bicycle; Interference; None; 20.09.2023 14:03:38; 811.25; 0.7697624; 107.0502; Before; 29.41907; Checking Box AICar
3; Bicycle; Interference; None; 20.09.2023 14:03:38; 811.25; 0.769763; 107.0502; Before; 29.44119; Checking Box AICar
3; Bicycle; Interference; None; 20.09.2023 14:03:38; 811.25; 0.7697628; 107.0502; Before; 29.47279; Checking Box AICar
3; Bicycle; Interference; None; 20.09.2023 14:03:38; 811.25; 0.7697635; 107.0502; Before; 29.48577; Checking Box AICar
3; Bicycle; Interference; None; 20.09.2023 14:03:38; 811.25; 0.7697634; 107.0502; Before; 29.49874; Checking Box AICar
3; Bicycle; Interference; None; 20.09.2023 14:03:38; 811.25; 0.7697628; 107.0502; Before; 29.52724; Checking Box AICar
3; Bicycle; Interference; None; 20.09.2023 14:03:38; 811.25; 0.7697619; 107.0502; Before; 29.54011; Checking Box AICar
3; Bicycle; Interference; None; 20.09.2023 14:03:38; 811.25; 0.7697619; 107.0502; Before; 29.56398; Checking Box AICar
3; Bicycle; Interference; None; 20.09.2023 14:03:38; 811.25; 0.7697623; 107.0502; Before; 29.58443; Checking Box AICar
3; Bicycle; Interference; None; 20.09.2023 14:03:38; 811.25; 0.7697618; 107.0502; Before; 29.59848; Checking Box AICar
3; Bicycle; Interference; None; 20.09.2023 14:03:38; 811.25; 0.7697616; 107.0502; Before; 29.61725; Checking Box AICar
3; Bicycle; Interference; None; 20.09.2023 14:03:39; 811.25; 0.7697618; 107.0502; Before; 29.64416; Checking Box AICar
3; Bicycle; Interference; None; 20.09.2023 14:03:39; 811.25; 0.7697617; 107.0502; Before; 29.66929; Checking Box AICar
3; Bicycle; Interference; None; 20.09.2023 14:03:39; 811.25; 0.7697614; 107.0502; Before; 29.6828; Checking Box AICar
3; Bicycle; Interference; None; 20.09.2023 14:03:39; 811.25; 0.7697613; 107.0502; Before; 29.69617; Checking Box AICar
3; Bicycle; Interference; None; 20.09.2023 14:03:39; 811.25; 0.7697616; 107.0502; Before; 29.71981; Checking Box AICar
3; Bicycle; Interference; None; 20.09.2023 14:03:39; 811.25; 0.7697613; 107.0502; Before; 29.7518; Checking Box AICar
3; Bicycle; Interference; None; 20.09.2023 14:03:39; 811.25; 0.7697618; 107.0502; Before; 29.76373; Checking Box AICar
3; Bicycle; Interference; None; 20.09.2023 14:03:39; 811.25; 0.7697614; 107.0502; Before; 29.78893; Checking Box AICar
3; Bicycle; Interference; None; 20.09.2023 14:03:39; 811.25; 0.7697616; 107.0502; Before; 29.80567; Checking Box AICar
3; Bicycle; Interference; None; 20.09.2023 14:03:39; 811.25; 0.7697614; 107.0502; Before; 29.81678; Checking Box AICar
3; Bicycle; Interference; None; 20.09.2023 14:03:39; 811.25; 0.7697618; 107.0502; Before; 29.84422; Checking Box AICar
3; Bicycle; Interference; None; 20.09.2023 14:03:39; 811.25; 0.7697617; 107.0502; Before; 29.85816; Checking Box AICar
3; Bicycle; Interference; None; 20.09.2023 14:03:39; 811.25; 0.769762; 107.0502; Before; 29.88224; Checking Box AICar
3; Bicycle; Interference; None; 20.09.2023 14:03:39; 811.25; 0.7697619; 107.0502; Before; 29.89852; Checking Box AICar
3; Bicycle; Interference; None; 20.09.2023 14:03:39; 811.25; 0.7697614; 107.0502; Before; 29.92598; Checking Box AICar
3; Bicycle; Interference; None; 20.09.2023 14:03:39; 811.25; 0.7697608; 107.0502; Before; 29.95118; Checking Box AICar
3; Bicycle; Interference; None; 20.09.2023 14:03:39; 811.25; 0.7697605; 107.0502; Before; 29.96435; Checking Box AICar
3; Bicycle; Interference; None; 20.09.2023 14:03:39; 811.25; 0.7697589; 107.0502; Before; 29.99281; Checking Box AICar
3; Bicycle; Interference; None; 20.09.2023 14:03:39; 811.25; 0.7697589; 107.0502; Before; 29.99281; Checking Box AICar
3; Bicycle; Interference; None; 20.09.2023 14:03:39; 811.25; 0.7697593; 107.0502; Before; 30.00775; null
3; Bicycle; Interference; None; 20.09.2023 14:03:39; 811.25; 0.7697588; 107.0502; Before; 30.02195; null
3; Bicycle; Interference; None; 20.09.2023 14:03:39; 811.25; 0.7697589; 107.0502; Before; 30.06521; null
3; Bicycle; Interference; None; 20.09.2023 14:03:39; 811.25; 0.7697589; 107.0502; Before; 30.09247; null
3; Bicycle; Interference; None; 20.09.2023 14:03:39; 811.25; 0.7697589; 107.0502; Before; 30.10484; null
3; Bicycle; Interference; None; 20.09.2023 14:03:39; 811.25; 0.7697599; 107.0502; Before; 30.11862; null
3; Bicycle; Interference; None; 20.09.2023 14:03:39; 811.25; 0.7697597; 107.0502; Before; 30.14989; null
3; Bicycle; Interference; None; 20.09.2023 14:03:39; 811.25; 0.7697604; 107.0502; Before; 30.16395; null
3; Bicycle; Interference; None; 20.09.2023 14:03:39; 811.2499; 0.7693744; 107.0502; Before; 30.17941; null
3; Bicycle; Interference; None; 20.09.2023 14:03:39; 811.2499; 0.7693744; 107.0502; Before; 30.17941; null
3; Bicycle; Interference; None; 20.09.2023 14:03:39; 811.2494; 0.7687426; 107.0502; Before; 30.20699; null
3; Bicycle; Interference; None; 20.09.2023 14:03:39; 811.2484; 0.7673355; 107.0502; Before; 30.2433; Checking Box Human Car
3; Bicycle; Interference; None; 20.09.2023 14:03:39; 811.2477; 0.7667331; 107.0502; Before; 30.26142; Checking Box Human Car
3; Bicycle; Interference; None; 20.09.2023 14:03:39; 811.2462; 0.7657242; 107.0502; Before; 30.29248; Checking Box Human Car
3; Bicycle; Interference; None; 20.09.2023 14:03:39; 811.2462; 0.7657242; 107.0502; Before; 30.29248; Checking Box Human Car
3; Bicycle; Interference; None; 20.09.2023 14:03:39; 811.2438; 0.7651399; 107.0502; Before; 30.32433; Checking Box Human Car
3; Bicycle; Interference; None; 20.09.2023 14:03:39; 811.2438; 0.7651399; 107.0502; Before; 30.32433; Checking Box Human Car
3; Bicycle; Interference; None; 20.09.2023 14:03:39; 811.2415; 0.76511; 107.0502; Before; 30.34113; Checking Box Human Car
3; Bicycle; Interference; None; 20.09.2023 14:03:39; 811.2395; 0.7652822; 107.0502; Before; 30.37125; null
3; Bicycle; Interference; None; 20.09.2023 14:03:39; 811.2372; 0.7655892; 107.0502; Before; 30.39163; null
3; Bicycle; Interference; None; 20.09.2023 14:03:39; 811.2345; 0.7660124; 107.0502; Before; 30.41407; null
3; Bicycle; Interference; None; 20.09.2023 14:03:39; 811.2322; 0.7663691; 107.0503; Before; 30.43875; null
3; Bicycle; Interference; None; 20.09.2023 14:03:39; 811.2302; 0.7666612; 107.0503; Before; 30.45772; null
3; Bicycle; Interference; None; 20.09.2023 14:03:39; 811.2259; 0.7672493; 107.0503; Before; 30.48852; null
3; Bicycle; Interference; None; 20.09.2023 14:03:39; 811.2259; 0.7672493; 107.0503; Before; 30.48852; null
3; Bicycle; Interference; None; 20.09.2023 14:03:39; 811.222; 0.76771; 107.0503; Before; 30.50402; null
3; Bicycle; Interference; None; 20.09.2023 14:03:39; 811.2183; 0.768074; 107.0503; Before; 30.53023; null
3; Bicycle; Interference; None; 20.09.2023 14:03:39; 811.2126; 0.7685348; 107.0503; Before; 30.56813; null
3; Bicycle; Interference; None; 20.09.2023 14:03:39; 811.2098; 0.7687172; 107.0504; Before; 30.58635; null
3; Bicycle; Interference; None; 20.09.2023 14:03:39; 811.2067; 0.7688947; 107.0504; Before; 30.60175; null
3; Bicycle; Interference; None; 20.09.2023 14:03:39; 811.204; 0.7690265; 107.0504; Before; 30.61837; null
3; Bicycle; Interference; None; 20.09.2023 14:03:40; 811.2; 0.769195; 107.0504; Before; 30.63212; null
3; Bicycle; Interference; None; 20.09.2023 14:03:40; 811.1968; 0.7693031; 107.0504; Before; 30.65243; null
3; Bicycle; Interference; None; 20.09.2023 14:03:40; 811.1912; 0.7694595; 107.0504; Before; 30.66757; null
3; Bicycle; Interference; None; 20.09.2023 14:03:40; 811.1871; 0.7695435; 107.0504; Before; 30.69394; null
3; Bicycle; Interference; None; 20.09.2023 14:03:40; 811.1805; 0.769648; 107.0505; Before; 30.72559; null
3; Bicycle; Interference; None; 20.09.2023 14:03:40; 811.1765; 0.7696947; 107.0505; Before; 30.73985; null
3; Bicycle; Interference; None; 20.09.2023 14:03:40; 811.1689; 0.769757; 107.0505; Before; 30.77168; null
3; Bicycle; Interference; None; 20.09.2023 14:03:40; 811.1641; 0.7697842; 107.0505; Before; 30.78648; null
3; Bicycle; Interference; None; 20.09.2023 14:03:40; 811.1641; 0.7697842; 107.0505; Before; 30.78648; null
3; Bicycle; Interference; None; 20.09.2023 14:03:40; 811.1589; 0.7698038; 107.0506; Before; 30.80547; null
3; Bicycle; Interference; None; 20.09.2023 14:03:40; 811.1514; 0.7698216; 107.0506; Before; 30.82438; null
3; Bicycle; Interference; None; 20.09.2023 14:03:40; 811.1459; 0.7698282; 107.0506; Before; 30.85195; null
3; Bicycle; Interference; None; 20.09.2023 14:03:40; 811.1356; 0.7698309; 107.0506; Before; 30.8875; null
3; Bicycle; Interference; None; 20.09.2023 14:03:40; 811.1356; 0.7698309; 107.0506; Before; 30.8875; null
3; Bicycle; Interference; None; 20.09.2023 14:03:40; 811.1259; 0.7698281; 107.0506; Before; 30.92099; null
3; Bicycle; Interference; None; 20.09.2023 14:03:40; 811.1218; 0.7698246; 107.0506; Before; 30.93718; null
3; Bicycle; Interference; None; 20.09.2023 14:03:40; 811.1113; 0.7698157; 107.0507; Before; 30.96501; null
3; Bicycle; Interference; None; 20.09.2023 14:03:40; 811.1027; 0.7698081; 107.0507; Before; 30.98274; null
3; Bicycle; Interference; None; 20.09.2023 14:03:40; 811.1027; 0.7698081; 107.0507; Before; 30.98274; null
3; Bicycle; Interference; None; 20.09.2023 14:03:40; 811.0953; 0.7698017; 107.0507; Before; 31.00827; null
3; Bicycle; Interference; None; 20.09.2023 14:03:40; 811.0848; 0.7697945; 107.0508; Before; 31.04492; null
3; Bicycle; Interference; None; 20.09.2023 14:03:40; 811.0797; 0.7697909; 107.0508; Before; 31.06001; null
3; Bicycle; Interference; None; 20.09.2023 14:03:40; 811.069; 0.769785; 107.0508; Before; 31.08851; null
3; Bicycle; Interference; None; 20.09.2023 14:03:40; 811.069; 0.769785; 107.0508; Before; 31.08851; null
3; Bicycle; Interference; None; 20.09.2023 14:03:40; 811.0619; 0.7697816; 107.0508; Before; 31.10316; null
3; Bicycle; Interference; None; 20.09.2023 14:03:40; 811.0538; 0.7697778; 107.0508; Before; 31.12243; null
3; Bicycle; Interference; None; 20.09.2023 14:03:40; 811.0434; 0.7697741; 107.0509; Before; 31.14337; null
3; Bicycle; Interference; None; 20.09.2023 14:03:40; 811.0292; 0.7697692; 107.0509; Before; 31.18815; null
3; Bicycle; Interference; None; 20.09.2023 14:03:40; 811.0237; 0.7697678; 107.0509; Before; 31.2057; null
3; Bicycle; Interference; None; 20.09.2023 14:03:40; 811.0178; 0.7697672; 107.0509; Before; 31.21924; null
3; Bicycle; Interference; None; 20.09.2023 14:03:40; 811.0093; 0.7697656; 107.0509; Before; 31.23335; null
3; Bicycle; Interference; None; 20.09.2023 14:03:40; 810.9957; 0.7697628; 107.0509; Before; 31.27022; null
3; Bicycle; Interference; None; 20.09.2023 14:03:40; 810.9894; 0.7697628; 107.0509; Before; 31.28567; null
3; Bicycle; Interference; None; 20.09.2023 14:03:40; 810.9894; 0.7697628; 107.0509; Before; 31.28567; null
3; Bicycle; Interference; None; 20.09.2023 14:03:40; 810.976; 0.7697614; 107.051; Before; 31.30016; null
3; Bicycle; Interference; None; 20.09.2023 14:03:40; 810.9667; 0.7697611; 107.051; Before; 31.33071; null
3; Bicycle; Interference; None; 20.09.2023 14:03:40; 810.9515; 0.7697597; 107.051; Before; 31.36871; null
3; Bicycle; Interference; None; 20.09.2023 14:03:40; 810.9448; 0.7697604; 107.051; Before; 31.38464; null
3; Bicycle; Interference; None; 20.09.2023 14:03:40; 810.9368; 0.7697605; 107.051; Before; 31.39893; null
3; Bicycle; Interference; None; 20.09.2023 14:03:40; 810.9304; 0.7697605; 107.051; Before; 31.41619; null
3; Bicycle; Interference; None; 20.09.2023 14:03:40; 810.9161; 0.7697608; 107.051; Before; 31.44416; null
3; Bicycle; Interference; None; 20.09.2023 14:03:40; 810.9053; 0.7697613; 107.051; Before; 31.45929; null
3; Bicycle; Interference; None; 20.09.2023 14:03:40; 810.8964; 0.7697614; 107.051; Before; 31.48143; null
3; Bicycle; Interference; None; 20.09.2023 14:03:40; 810.8887; 0.7697607; 107.051; Before; 31.49947; null
3; Bicycle; Interference; None; 20.09.2023 14:03:40; 810.8796; 0.7697611; 107.051; Before; 31.51499; null
3; Bicycle; Interference; None; 20.09.2023 14:03:40; 810.864; 0.7697604; 107.051; Before; 31.54911; null
3; Bicycle; Interference; None; 20.09.2023 14:03:40; 810.8561; 0.7697614; 107.051; Before; 31.56351; null
3; Bicycle; Interference; None; 20.09.2023 14:03:40; 810.8409; 0.7697604; 107.0511; Before; 31.5939; null
3; Bicycle; Interference; None; 20.09.2023 14:03:40; 810.8409; 0.7697604; 107.0511; Before; 31.5939; null
3; Bicycle; Interference; None; 20.09.2023 14:03:40; 810.8329; 0.7697607; 107.0511; Before; 31.60771; null
3; Bicycle; Interference; None; 20.09.2023 14:03:41; 810.8164; 0.7697625; 107.0511; Before; 31.62278; null
3; Bicycle; Interference; None; 20.09.2023 14:03:41; 810.8041; 0.7697625; 107.0511; Before; 31.65352; null
3; Bicycle; Interference; None; 20.09.2023 14:03:41; 810.7872; 0.7697618; 107.0511; Before; 31.69209; null
3; Bicycle; Interference; None; 20.09.2023 14:03:41; 810.7872; 0.7697618; 107.0511; Before; 31.69209; null
3; Bicycle; Interference; None; 20.09.2023 14:03:41; 810.7778; 0.7697622; 107.0511; Before; 31.70646; null
3; Bicycle; Interference; None; 20.09.2023 14:03:41; 810.7531; 0.7697616; 107.0511; Before; 31.7424; null
3; Bicycle; Interference; None; 20.09.2023 14:03:41; 810.7419; 0.7697613; 107.0511; Before; 31.75943; null
3; Bicycle; Interference; None; 20.09.2023 14:03:41; 810.7233; 0.7697619; 107.0511; Before; 31.77476; null
3; Bicycle; Interference; None; 20.09.2023 14:03:41; 810.7233; 0.7697619; 107.0511; Before; 31.77476; null
3; Bicycle; Interference; None; 20.09.2023 14:03:41; 810.6909; 0.7697616; 107.0511; Before; 31.82087; null
3; Bicycle; Interference; None; 20.09.2023 14:03:41; 810.6782; 0.7697614; 107.0511; Before; 31.83699; null
3; Bicycle; Interference; None; 20.09.2023 14:03:41; 810.6488; 0.769762; 107.0511; Before; 31.86535; null
3; Bicycle; Interference; None; 20.09.2023 14:03:41; 810.6343; 0.7697614; 107.0511; Before; 31.88176; null
3; Bicycle; Interference; None; 20.09.2023 14:03:41; 810.6192; 0.7697616; 107.0511; Before; 31.89616; null
3; Bicycle; Interference; None; 20.09.2023 14:03:41; 810.6015; 0.7697617; 107.0511; Before; 31.91067; null
3; Bicycle; Interference; None; 20.09.2023 14:03:41; 810.5734; 0.7697616; 107.0511; Before; 31.92714; null
3; Bicycle; Interference; None; 20.09.2023 14:03:41; 810.5515; 0.7697616; 107.0511; Before; 31.95217; null
3; Bicycle; Interference; None; 20.09.2023 14:03:41; 810.511; 0.7697608; 107.051; Before; 31.98729; null
3; Bicycle; Interference; None; 20.09.2023 14:03:41; 810.511; 0.7697608; 107.051; Before; 31.98729; null
3; Bicycle; Interference; None; 20.09.2023 14:03:41; 810.4623; 0.7697601; 107.051; Before; 32.02014; null
3; Bicycle; Interference; None; 20.09.2023 14:03:41; 810.4429; 0.7697592; 107.051; Before; 32.0415; Man_99(Clone)
3; Bicycle; Interference; None; 20.09.2023 14:03:41; 810.4196; 0.7697589; 107.051; Before; 32.05577; Man_99(Clone)
3; Bicycle; Interference; None; 20.09.2023 14:03:41; 810.3923; 0.7697601; 107.051; Before; 32.07258; Man_99(Clone)
3; Bicycle; Interference; None; 20.09.2023 14:03:41; 810.3923; 0.7697601; 107.051; Before; 32.07258; Man_99(Clone)
3; Bicycle; Interference; None; 20.09.2023 14:03:41; 810.3179; 0.7697601; 107.0509; Before; 32.12013; Man_99(Clone)
3; Bicycle; Interference; None; 20.09.2023 14:03:41; 810.2958; 0.7697608; 107.0508; Before; 32.14145; Man_99(Clone)
3; Bicycle; Interference; None; 20.09.2023 14:03:41; 810.2645; 0.7697608; 107.0508; Before; 32.15564; Man_99(Clone)
3; Bicycle; Interference; None; 20.09.2023 14:03:41; 810.2124; 0.7697611; 107.0507; Before; 32.19029; Man_99(Clone)
3; Bicycle; Interference; None; 20.09.2023 14:03:41; 810.2124; 0.7697611; 107.0507; Before; 32.19029; Man_99(Clone)
3; Bicycle; Interference; None; 20.09.2023 14:03:41; 810.1597; 0.7697619; 107.0507; Before; 32.22087; Man_99(Clone)
3; Bicycle; Interference; None; 20.09.2023 14:03:41; 810.135; 0.7697614; 107.0506; Before; 32.23736; Man_99(Clone)
3; Bicycle; Interference; None; 20.09.2023 14:03:41; 810.0897; 0.7697614; 107.0506; Before; 32.2512; Man_99(Clone)
3; Bicycle; Interference; None; 20.09.2023 14:03:41; 810.0536; 0.7697608; 107.0505; Before; 32.27574; Man_99(Clone)
3; Bicycle; Interference; None; 20.09.2023 14:03:41; 810.0239; 0.7697611; 107.0504; Before; 32.29465; Man_99(Clone)
3; Bicycle; Interference; None; 20.09.2023 14:03:41; 809.9883; 0.7697608; 107.0504; Intersection; 0; Man_99(Clone)
3; Bicycle; Interference; None; 20.09.2023 14:03:41; 809.9222; 0.7697616; 107.0502; Intersection; 0.0338598; Man_99(Clone)
3; Bicycle; Interference; None; 20.09.2023 14:03:41; 809.8924; 0.7697608; 107.0502; Intersection; 0.04982249; Man_99(Clone)
3; Bicycle; Interference; None; 20.09.2023 14:03:41; 809.8228; 0.769762; 107.0501; Intersection; 0.07894059; Man_99(Clone)
3; Bicycle; Interference; None; 20.09.2023 14:03:41; 809.8228; 0.769762; 107.0501; Intersection; 0.07894059; Man_99(Clone)
3; Bicycle; Interference; None; 20.09.2023 14:03:41; 809.767; 0.7697625; 107.05; Intersection; 0.09560879; null
3; Bicycle; Interference; None; 20.09.2023 14:03:41; 809.7246; 0.7697623; 107.0499; Intersection; 0.1203145; null
3; Bicycle; Interference; None; 20.09.2023 14:03:41; 809.6423; 0.7697623; 107.0497; Intersection; 0.1558974; null
3; Bicycle; Interference; None; 20.09.2023 14:03:41; 809.6041; 0.7697625; 107.0497; Intersection; 0.1730807; null
3; Bicycle; Interference; None; 20.09.2023 14:03:41; 809.5675; 0.7697628; 107.0496; Intersection; 0.1886499; null
3; Bicycle; Interference; None; 20.09.2023 14:03:41; 809.5273; 0.7697628; 107.0495; Intersection; 0.2033387; null
3; Bicycle; Interference; None; 20.09.2023 14:03:41; 809.4456; 0.7697631; 107.0494; Intersection; 0.2342202; null
3; Bicycle; Interference; None; 20.09.2023 14:03:41; 809.3781; 0.7697628; 107.0492; Intersection; 0.2508632; null
3; Bicycle; Interference; None; 20.09.2023 14:03:41; 809.3265; 0.7697632; 107.0491; Intersection; 0.2762656; null
3; Bicycle; Interference; None; 20.09.2023 14:03:41; 809.3265; 0.7697632; 107.0491; Intersection; 0.2762656; null
3; Bicycle; Interference; None; 20.09.2023 14:03:41; 809.2351; 0.7697625; 107.049; Intersection; 0.3107555; null
3; Bicycle; Interference; None; 20.09.2023 14:03:42; 809.195; 0.7697625; 107.0489; Intersection; 0.3282475; null
3; Bicycle; Interference; None; 20.09.2023 14:03:42; 809.1004; 0.769763; 107.0488; Intersection; 0.3584487; null
3; Bicycle; Interference; None; 20.09.2023 14:03:42; 809.0573; 0.7697634; 107.0487; Intersection; 0.3752045; null
3; Bicycle; Interference; None; 20.09.2023 14:03:42; 809.0085; 0.769763; 107.0486; Intersection; 0.3898613; null
3; Bicycle; Interference; None; 20.09.2023 14:03:42; 808.9327; 0.769762; 107.0485; Intersection; 0.406163; null
3; Bicycle; Interference; None; 20.09.2023 14:03:42; 808.8631; 0.7697613; 107.0485; Intersection; 0.4310426; null
3; Bicycle; Interference; None; 20.09.2023 14:03:42; 808.8037; 0.769762; 107.0484; Intersection; 0.4533121; null
3; Bicycle; Interference; None; 20.09.2023 14:03:42; 808.7445; 0.7697622; 107.0483; Intersection; 0.4719514; null
3; Bicycle; Interference; None; 20.09.2023 14:03:42; 808.687; 0.7697616; 107.0483; Intersection; 0.4901951; null
3; Bicycle; Interference; None; 20.09.2023 14:03:42; 808.6414; 0.7697614; 107.0483; Intersection; 0.5076632; null
3; Bicycle; Interference; None; 20.09.2023 14:03:42; 808.5341; 0.7697608; 107.0482; Intersection; 0.5376278; null
3; Bicycle; Interference; None; 20.09.2023 14:03:42; 808.4763; 0.7697611; 107.0482; Intersection; 0.5527807; null
3; Bicycle; Interference; None; 20.09.2023 14:03:42; 808.3868; 0.7697606; 107.0482; Intersection; 0.56939; null
3; Bicycle; Interference; None; 20.09.2023 14:03:42; 808.3868; 0.7697606; 107.0482; Intersection; 0.56939; null
3; Bicycle; Interference; None; 20.09.2023 14:03:42; 808.3137; 0.7697604; 107.0482; Intersection; 0.5946244; null
3; Bicycle; Interference; None; 20.09.2023 14:03:42; 808.1702; 0.7697612; 107.0482; Intersection; 0.6345445; null
3; Bicycle; Interference; None; 20.09.2023 14:03:42; 808.1141; 0.7697617; 107.0483; Intersection; 0.6537538; null
3; Bicycle; Interference; None; 20.09.2023 14:03:42; 808.0509; 0.7697613; 107.0483; Intersection; 0.668595; null
3; Bicycle; Interference; None; 20.09.2023 14:03:42; 807.9846; 0.7697614; 107.0484; Intersection; 0.6851898; null
3; Bicycle; Interference; None; 20.09.2023 14:03:42; 807.9135; 0.7697608; 107.0485; Intersection; 0.7023643; null
3; Bicycle; Interference; None; 20.09.2023 14:03:42; 807.8084; 0.7697618; 107.0486; Intersection; 0.7205641; null
3; Bicycle; Interference; None; 20.09.2023 14:03:42; 807.7275; 0.7697611; 107.0487; Intersection; 0.7470255; null
3; Bicycle; Interference; None; 20.09.2023 14:03:42; 807.6055; 0.7697608; 107.0488; Intersection; 0.7832322; null
3; Bicycle; Interference; None; 20.09.2023 14:03:42; 807.6055; 0.7697608; 107.0488; Intersection; 0.7832322; null
3; Bicycle; Interference; None; 20.09.2023 14:03:42; 807.4672; 0.7697619; 107.0489; Intersection; 0.8135985; null
3; Bicycle; Interference; None; 20.09.2023 14:03:42; 807.3899; 0.7697622; 107.049; Intersection; 0.8299006; null
3; Bicycle; Interference; None; 20.09.2023 14:03:42; 807.3192; 0.7697618; 107.0491; Intersection; 0.8481046; null
3; Bicycle; Interference; None; 20.09.2023 14:03:42; 807.2579; 0.7697617; 107.0491; Intersection; 0.8645922; null
3; Bicycle; Interference; None; 20.09.2023 14:03:42; 807.1473; 0.7697611; 107.0492; Intersection; 0.8787426; null
3; Bicycle; Interference; None; 20.09.2023 14:03:42; 807.056; 0.7697618; 107.0493; Intersection; 0.9039775; null
3; Bicycle; Interference; None; 20.09.2023 14:03:42; 806.922; 0.7697616; 107.0493; Intersection; 0.9394752; null
3; Bicycle; Interference; None; 20.09.2023 14:03:42; 806.8332; 0.7697616; 107.0493; Intersection; 0.9544047; null
3; Bicycle; Interference; None; 20.09.2023 14:03:42; 806.7542; 0.7697618; 107.0493; Intersection; 0.9738895; null
3; Bicycle; Interference; None; 20.09.2023 14:03:42; 806.6722; 0.769761; 107.0492; Intersection; 0.9911076; null
3; Bicycle; Interference; None; 20.09.2023 14:03:42; 806.5994; 0.7697606; 107.0491; Intersection; 1.008795; null
3; Bicycle; Interference; None; 20.09.2023 14:03:42; 806.5062; 0.7697616; 107.049; Intersection; 1.024382; null
3; Bicycle; Interference; None; 20.09.2023 14:03:42; 806.3655; 0.7697607; 107.0488; Intersection; 1.044169; null
3; Bicycle; Interference; None; 20.09.2023 14:03:42; 806.251; 0.7697611; 107.0486; Intersection; 1.073709; null
3; Bicycle; Interference; None; 20.09.2023 14:03:42; 806.251; 0.7697611; 107.0486; Intersection; 1.073709; null
3; Bicycle; Interference; None; 20.09.2023 14:03:42; 806.0821; 0.7697614; 107.0482; Intersection; 1.114244; null
3; Bicycle; Interference; None; 20.09.2023 14:03:42; 806.0124; 0.7697618; 107.048; Intersection; 1.132053; null
3; Bicycle; Interference; None; 20.09.2023 14:03:42; 805.8691; 0.7697613; 107.0476; Intersection; 1.160834; null
3; Bicycle; Interference; None; 20.09.2023 14:03:42; 805.7926; 0.7698781; 107.0473; Intersection; 1.174963; null
3; Bicycle; Interference; None; 20.09.2023 14:03:42; 805.7086; 0.7699907; 107.0471; Intersection; 1.190177; null
3; Bicycle; Interference; None; 20.09.2023 14:03:42; 805.5802; 0.7701097; 107.0467; Intersection; 1.206771; null
3; Bicycle; Interference; None; 20.09.2023 14:03:42; 805.4783; 0.7701672; 107.0463; Intersection; 1.231944; null
3; Bicycle; Interference; None; 20.09.2023 14:03:42; 805.3669; 0.7702029; 107.046; Intersection; 1.251737; null
3; Bicycle; Interference; None; 20.09.2023 14:03:42; 805.2599; 0.7702185; 107.0456; Intersection; 1.273224; null
3; Bicycle; Interference; None; 20.09.2023 14:03:42; 805.1749; 0.7702208; 107.0453; Intersection; 1.293703; null
3; Bicycle; Interference; None; 20.09.2023 14:03:42; 805.1046; 0.7702181; 107.0451; Intersection; 1.309862; null
3; Bicycle; Interference; None; 20.09.2023 14:03:42; 804.942; 0.7701993; 107.0446; Intersection; 1.339045; null
3; Bicycle; Interference; None; 20.09.2023 14:03:43; 804.8635; 0.7701875; 107.0444; Intersection; 1.353656; null
3; Bicycle; Interference; None; 20.09.2023 14:03:43; 804.7194; 0.7701617; 107.044; Intersection; 1.368288; null
3; Bicycle; Interference; None; 20.09.2023 14:03:43; 804.7194; 0.7701617; 107.044; Intersection; 1.368288; null
3; Bicycle; Interference; None; 20.09.2023 14:03:43; 804.5294; 0.7701261; 107.0435; Intersection; 1.415023; null
3; Bicycle; Interference; None; 20.09.2023 14:03:43; 804.4567; 0.7701135; 107.0433; Intersection; 1.429721; null
3; Bicycle; Interference; None; 20.09.2023 14:03:43; 804.2953; 0.770088; 107.043; Intersection; 1.457603; null
3; Bicycle; Interference; None; 20.09.2023 14:03:43; 804.1539; 0.7700677; 107.0428; Intersection; 1.485037; null
3; Bicycle; Interference; None; 20.09.2023 14:03:43; 804.1539; 0.7700677; 107.0428; Intersection; 1.485037; null
3; Bicycle; Interference; None; 20.09.2023 14:03:43; 803.9867; 0.7700467; 107.0425; Intersection; 1.511049; null
3; Bicycle; Interference; None; 20.09.2023 14:03:43; 803.85; 0.7700331; 107.0424; Intersection; 1.527267; null
3; Bicycle; Interference; None; 20.09.2023 14:03:43; 803.7567; 0.7700255; 107.0423; Intersection; 1.551427; null
3; Bicycle; Interference; None; 20.09.2023 14:03:43; 803.6724; 0.7700195; 107.0423; Intersection; 1.567861; null
3; Bicycle; Interference; None; 20.09.2023 14:03:43; 803.579; 0.7700143; 107.0422; Intersection; 1.582645; null
3; Bicycle; Interference; None; 20.09.2023 14:03:43; 803.4094; 0.7700052; 107.0422; Intersection; 1.614816; null
3; Bicycle; Interference; None; 20.09.2023 14:03:43; 803.3204; 0.7700016; 107.0421; Intersection; 1.62842; null
3; Bicycle; Interference; None; 20.09.2023 14:03:43; 803.1539; 0.7699964; 107.0422; Intersection; 1.658117; null
3; Bicycle; Interference; None; 20.09.2023 14:03:43; 803.0591; 0.7699938; 107.0422; Intersection; 1.672398; null
3; Bicycle; Interference; None; 20.09.2023 14:03:43; 803.0591; 0.7699938; 107.0422; Intersection; 1.672398; null
3; Bicycle; Interference; None; 20.09.2023 14:03:43; 802.8209; 0.7699895; 107.0422; Intersection; 1.711549; null
3; Bicycle; Interference; None; 20.09.2023 14:03:43; 802.7313; 0.7699883; 107.0423; Intersection; 1.729079; null
3; Bicycle; Interference; None; 20.09.2023 14:03:43; 802.6278; 0.769987; 107.0423; Intersection; 1.744209; null
3; Bicycle; Interference; None; 20.09.2023 14:03:43; 802.4502; 0.7699864; 107.0423; Intersection; 1.77709; null
3; Bicycle; Interference; None; 20.09.2023 14:03:43; 802.372; 0.7699864; 107.0423; Intersection; 1.791372; null
3; Bicycle; Interference; None; 20.09.2023 14:03:43; 802.2104; 0.7699862; 107.0423; Intersection; 1.817195; null
3; Bicycle; Interference; None; 20.09.2023 14:03:43; 802.1275; 0.7699869; 107.0422; Intersection; 1.831215; null
3; Bicycle; Interference; None; 20.09.2023 14:03:43; 801.9915; 0.7699869; 107.0421; Intersection; 1.844927; null
3; Bicycle; Interference; None; 20.09.2023 14:03:43; 801.8055; 0.7699866; 107.042; Intersection; 1.884691; null
3; Bicycle; Interference; None; 20.09.2023 14:03:43; 801.8055; 0.7699866; 107.042; Intersection; 1.884691; null
3; Bicycle; Interference; None; 20.09.2023 14:03:43; 801.6246; 0.7699869; 107.0417; Intersection; 1.910742; null
3; Bicycle; Interference; None; 20.09.2023 14:03:43; 801.5404; 0.7699871; 107.0416; Intersection; 1.927274; null
3; Bicycle; Interference; None; 20.09.2023 14:03:43; 801.3546; 0.7699877; 107.0413; Intersection; 1.955832; null
3; Bicycle; Interference; None; 20.09.2023 14:03:43; 801.2615; 0.7699871; 107.0411; Intersection; 1.970968; null
3; Bicycle; Interference; None; 20.09.2023 14:03:43; 801.1649; 0.7699869; 107.0409; Intersection; 1.985941; null
3; Bicycle; Interference; None; 20.09.2023 14:03:43; 801.0347; 0.7699866; 107.0406; Intersection; 2.001458; null
3; Bicycle; Interference; None; 20.09.2023 14:03:43; 800.8604; 0.7699859; 107.0402; Intersection; 2.036391; null
3; Bicycle; Interference; None; 20.09.2023 14:03:43; 800.7666; 0.7699862; 107.04; Intersection; 2.050092; null
3; Bicycle; Interference; None; 20.09.2023 14:03:43; 800.5754; 0.7699859; 107.0396; Intersection; 2.078823; null
3; Bicycle; Interference; None; 20.09.2023 14:03:43; 800.4871; 0.7699857; 107.0394; Intersection; 2.095235; null
3; Bicycle; Interference; None; 20.09.2023 14:03:43; 800.4035; 0.7699864; 107.0392; Intersection; 2.109165; null
3; Bicycle; Interference; None; 20.09.2023 14:03:43; 800.2161; 0.769986; 107.0388; Intersection; 2.137795; null
3; Bicycle; Interference; None; 20.09.2023 14:03:43; 800.0872; 0.7699866; 107.0385; Intersection; 2.151705; null
3; Bicycle; Interference; None; 20.09.2023 14:03:43; 799.9791; 0.7699866; 107.0383; Intersection; 2.171844; null
3; Bicycle; Interference; None; 20.09.2023 14:03:43; 799.8767; 0.7699863; 107.0382; Intersection; 2.188678; null
3; Bicycle; Interference; None; 20.09.2023 14:03:43; 799.7845; 0.7699864; 107.038; Intersection; 2.204613; null
3; Bicycle; Interference; None; 20.09.2023 14:03:43; 799.5862; 0.7699871; 107.0378; Intersection; 2.233705; null
3; Bicycle; Interference; None; 20.09.2023 14:03:43; 799.414; 0.7699872; 107.0376; Intersection; 2.262769; null
3; Bicycle; Interference; None; 20.09.2023 14:03:43; 799.3327; 0.7699885; 107.0375; Intersection; 2.276094; null
3; Bicycle; Interference; None; 20.09.2023 14:03:43; 799.2456; 0.7699885; 107.0374; Intersection; 2.288579; null
3; Bicycle; Interference; None; 20.09.2023 14:03:43; 799.1162; 0.7699883; 107.0374; Intersection; 2.301933; null
3; Bicycle; Interference; None; 20.09.2023 14:03:43; 798.9167; 0.7699878; 107.0373; Intersection; 2.337712; null
3; Bicycle; Interference; None; 20.09.2023 14:03:44; 798.8232; 0.7699888; 107.0373; Intersection; 2.352123; null
3; Bicycle; Interference; None; 20.09.2023 14:03:44; 798.6478; 0.7699888; 107.0373; Intersection; 2.380024; null
3; Bicycle; Interference; None; 20.09.2023 14:03:44; 798.5508; 0.7699885; 107.0373; Intersection; 2.392931; null
3; Bicycle; Interference; None; 20.09.2023 14:03:44; 798.4607; 0.7699889; 107.0373; Intersection; 2.407585; null
3; Bicycle; Interference; None; 20.09.2023 14:03:44; 798.259; 0.7699873; 107.0374; Intersection; 2.437601; null
3; Bicycle; Interference; None; 20.09.2023 14:03:44; 798.1519; 0.7699875; 107.0374; Intersection; 2.451593; null
3; Bicycle; Interference; None; 20.09.2023 14:03:44; 797.9946; 0.769987; 107.0375; Intersection; 2.467711; null
3; Bicycle; Interference; None; 20.09.2023 14:03:44; 797.88; 0.7699863; 107.0375; Intersection; 2.491355; null
3; Bicycle; Interference; None; 20.09.2023 14:03:44; 797.8018; 0.7699859; 107.0375; Intersection; 2.508564; null
3; Bicycle; Interference; None; 20.09.2023 14:03:44; 797.6107; 0.7699865; 107.0376; Intersection; 2.533756; null
3; Bicycle; Interference; None; 20.09.2023 14:03:44; 797.5303; 0.7699867; 107.0376; Intersection; 2.54895; null
3; Bicycle; Interference; None; 20.09.2023 14:03:44; 797.3122; 0.7699881; 107.0375; Intersection; 2.577209; null
3; Bicycle; Interference; None; 20.09.2023 14:03:44; 797.2152; 0.7699876; 107.0375; Intersection; 2.593613; null
3; Bicycle; Interference; None; 20.09.2023 14:03:44; 797.1313; 0.7699878; 107.0374; Intersection; 2.608101; null
3; Bicycle; Interference; None; 20.09.2023 14:03:44; 796.9959; 0.7699869; 107.0373; Intersection; 2.620623; null
3; Bicycle; Interference; None; 20.09.2023 14:03:44; 796.7897; 0.7699863; 107.0372; Intersection; 2.656025; null
3; Bicycle; Interference; None; 20.09.2023 14:03:44; 796.6985; 0.7699862; 107.0371; Intersection; 2.671576; null
3; Bicycle; Interference; None; 20.09.2023 14:03:44; 796.597; 0.7699866; 107.037; Intersection; 2.685154; null
3; Bicycle; Interference; None; 20.09.2023 14:03:44; 796.3888; 0.7699864; 107.0368; Intersection; 2.716373; null
3; Bicycle; Interference; None; 20.09.2023 14:03:44; 796.2742; 0.7699872; 107.0366; Intersection; 2.731203; null
3; Bicycle; Interference; None; 20.09.2023 14:03:44; 796.0834; 0.7699866; 107.0364; Intersection; 2.762471; null
3; Bicycle; Interference; None; 20.09.2023 14:03:44; 795.947; 0.769987; 107.0362; Intersection; 2.776512; null
3; Bicycle; Interference; None; 20.09.2023 14:03:44; 795.947; 0.769987; 107.0362; Intersection; 2.776512; null
3; Bicycle; Interference; None; 20.09.2023 14:03:44; 795.7246; 0.7699879; 107.0359; Intersection; 2.811668; null
3; Bicycle; Interference; None; 20.09.2023 14:03:44; 795.6422; 0.7699873; 107.0359; Intersection; 2.829657; null
3; Bicycle; Interference; None; 20.09.2023 14:03:44; 795.4464; 0.7699871; 107.0357; Intersection; 2.855132; null
3; Bicycle; Interference; None; 20.09.2023 14:03:44; 795.3423; 0.769987; 107.0356; Intersection; 2.870782; null
3; Bicycle; Interference; None; 20.09.2023 14:03:44; 795.2404; 0.769987; 107.0355; Intersection; 2.886132; null
3; Bicycle; Interference; None; 20.09.2023 14:03:44; 795.0547; 0.7699859; 107.0353; Intersection; 2.91559; null
3; Bicycle; Interference; None; 20.09.2023 14:03:44; 794.9232; 0.7699866; 107.0353; Intersection; 2.928617; null
3; Bicycle; Interference; None; 20.09.2023 14:03:44; 794.8229; 0.7699865; 107.0352; Intersection; 2.948066; null
3; Bicycle; Interference; None; 20.09.2023 14:03:44; 794.63; 0.7699876; 107.0352; Intersection; 2.97738; null
3; Bicycle; Interference; None; 20.09.2023 14:03:44; 794.5411; 0.7699876; 107.0351; Intersection; 2.991482; null
3; Bicycle; Interference; None; 20.09.2023 14:03:44; 794.3571; 0.7699877; 107.0351; Intersection; 3.017318; null
3; Bicycle; Interference; None; 20.09.2023 14:03:44; 794.2574; 0.7699884; 107.0351; Intersection; 3.031985; null
3; Bicycle; Interference; None; 20.09.2023 14:03:44; 794.067; 0.7699881; 107.0351; Intersection; 3.061283; null
3; Bicycle; Interference; None; 20.09.2023 14:03:44; 793.976; 0.7699881; 107.035; Intersection; 3.075167; null
3; Bicycle; Interference; None; 20.09.2023 14:03:44; 793.8341; 0.7699873; 107.035; Intersection; 3.088741; null
3; Bicycle; Interference; None; 20.09.2023 14:03:44; 793.7188; 0.7699876; 107.035; Intersection; 3.109924; null
3; Bicycle; Interference; None; 20.09.2023 14:03:44; 793.6116; 0.7699873; 107.035; Intersection; 3.127163; null
3; Bicycle; Interference; None; 20.09.2023 14:03:44; 793.4125; 0.7699873; 107.035; Intersection; 3.158017; null
3; Bicycle; Interference; None; 20.09.2023 14:03:44; 793.3215; 0.7699873; 107.0349; Intersection; 3.17303; null
3; Bicycle; Interference; None; 20.09.2023 14:03:44; 793.2329; 0.7699877; 107.0349; Intersection; 3.186687; null
3; Bicycle; Interference; None; 20.09.2023 14:03:44; 793.1295; 0.7699869; 107.0348; Intersection; 3.199993; null
3; Bicycle; Interference; None; 20.09.2023 14:03:44; 792.9084; 0.7699867; 107.0347; Intersection; 3.232344; null
3; Bicycle; Interference; None; 20.09.2023 14:03:44; 792.7704; 0.7699867; 107.0346; Intersection; 3.248807; null
3; Bicycle; Interference; None; 20.09.2023 14:03:44; 792.5814; 0.7699864; 107.0344; Intersection; 3.284934; null
3; Bicycle; Interference; None; 20.09.2023 14:03:44; 792.5814; 0.7699864; 107.0344; Intersection; 3.284934; null
3; Bicycle; Interference; None; 20.09.2023 14:03:44; 792.3894; 0.7699875; 107.0341; Intersection; 3.310777; null
3; Bicycle; Interference; None; 20.09.2023 14:03:44; 792.2968; 0.7699878; 107.034; Intersection; 3.327171; null
3; Bicycle; Interference; None; 20.09.2023 14:03:45; 792.1045; 0.7699878; 107.0337; Intersection; 3.354854; null
3; Bicycle; Interference; None; 20.09.2023 14:03:45; 791.9293; 0.7699873; 107.0334; Intersection; 3.383941; null
3; Bicycle; Interference; None; 20.09.2023 14:03:45; 791.9293; 0.7699873; 107.0334; Intersection; 3.383941; null
3; Bicycle; Interference; None; 20.09.2023 14:03:45; 791.8399; 0.7699872; 107.0333; Intersection; 3.39693; null
3; Bicycle; Interference; None; 20.09.2023 14:03:45; 791.5707; 0.7699878; 107.0328; Intersection; 3.434665; null
3; Bicycle; Interference; None; 20.09.2023 14:03:45; 791.4856; 0.7699876; 107.0326; Intersection; 3.451566; null
3; Bicycle; Interference; None; 20.09.2023 14:03:45; 791.2996; 0.769989; 107.0322; Intersection; 3.477657; null
3; Bicycle; Interference; None; 20.09.2023 14:03:45; 791.2148; 0.7699885; 107.0321; Intersection; 3.493099; null
3; Bicycle; Interference; None; 20.09.2023 14:03:45; 791.108; 0.76999; 107.0318; Intersection; 3.506121; null
3; Bicycle; Interference; None; 20.09.2023 14:03:45; 790.9117; 0.7699885; 107.0314; Intersection; 3.5379; null
3; Bicycle; Interference; None; 20.09.2023 14:03:45; 790.8244; 0.7699883; 107.0312; Intersection; 3.552831; null
3; Bicycle; Interference; None; 20.09.2023 14:03:45; 790.6543; 0.7699867; 107.0308; Intersection; 3.566348; null
3; Bicycle; Interference; None; 20.09.2023 14:03:45; 790.554; 0.7699871; 107.0306; Intersection; 3.592718; null
3; Bicycle; Interference; None; 20.09.2023 14:03:45; 790.4751; 0.7699875; 107.0304; Intersection; 3.608311; null
3; Bicycle; Interference; None; 20.09.2023 14:03:45; 790.2814; 0.7699873; 107.0299; Intersection; 3.635517; null
3; Bicycle; Interference; None; 20.09.2023 14:03:45; 790.1925; 0.7699873; 107.0297; Intersection; 3.650795; null
3; Bicycle; Interference; None; 20.09.2023 14:03:45; 790.0022; 0.7699877; 107.0292; Intersection; 3.678648; null
3; Bicycle; Interference; None; 20.09.2023 14:03:45; 789.9093; 0.7699871; 107.029; After ; 0; null
3; Bicycle; Interference; None; 20.09.2023 14:03:45; 789.8254; 0.7699881; 107.0288; After ; 0.0145975; null
3; Bicycle; Interference; None; 20.09.2023 14:03:45; 789.6613; 0.7699876; 107.0283; After ; 0.0277873; null
3; Bicycle; Interference; None; 20.09.2023 14:03:45; 789.5506; 0.7699878; 107.028; After ; 0.0536693; null
3; Bicycle; Interference; None; 20.09.2023 14:03:45; 789.3666; 0.7699866; 107.0275; After ; 0.086441; null
3; Bicycle; Interference; None; 20.09.2023 14:03:45; 789.3666; 0.7699866; 107.0275; After ; 0.086441; null
3; Bicycle; Interference; None; 20.09.2023 14:03:45; 789.1412; 0.7699859; 107.0268; After ; 0.1197346; null
3; Bicycle; Interference; None; 20.09.2023 14:03:45; 789.0614; 0.7699862; 107.0266; After ; 0.1361087; null
3; Bicycle; Interference; None; 20.09.2023 14:03:45; 788.8831; 0.7699872; 107.026; After ; 0.1610566; null
3; Bicycle; Interference; None; 20.09.2023 14:03:45; 788.7953; 0.7699871; 107.0257; After ; 0.177282; null
3; Bicycle; Interference; None; 20.09.2023 14:03:45; 788.6772; 0.7699872; 107.0252; After ; 0.1913081; null
3; Bicycle; Interference; None; 20.09.2023 14:03:45; 788.5799; 0.7699871; 107.0249; After ; 0.2102388; null
3; Bicycle; Interference; None; 20.09.2023 14:03:45; 788.3891; 0.7699883; 107.0241; After ; 0.2390814; null
3; Bicycle; Interference; None; 20.09.2023 14:03:45; 788.2832; 0.7699888; 107.0237; After ; 0.2566082; null
3; Bicycle; Interference; None; 20.09.2023 14:03:45; 788.1064; 0.7699878; 107.0229; After ; 0.2887509; null
3; Bicycle; Interference; None; 20.09.2023 14:03:45; 788.1064; 0.7699878; 107.0229; After ; 0.2887509; null
3; Bicycle; Interference; None; 20.09.2023 14:03:45; 787.9176; 0.7699875; 107.022; After ; 0.317352; null
3; Bicycle; Interference; None; 20.09.2023 14:03:45; 787.8317; 0.7699871; 107.0216; After ; 0.3331529; null
3; Bicycle; Interference; None; 20.09.2023 14:03:45; 787.6738; 0.7699883; 107.0208; After ; 0.34719; null
3; Bicycle; Interference; None; 20.09.2023 14:03:45; 787.538; 0.7699884; 107.0201; After ; 0.3730488; null
3; Bicycle; Interference; None; 20.09.2023 14:03:45; 787.4519; 0.7699882; 107.0197; After ; 0.3953968; null
3; Bicycle; Interference; None; 20.09.2023 14:03:45; 787.2869; 0.7699876; 107.0187; After ; 0.4226157; null
3; Bicycle; Interference; None; 20.09.2023 14:03:45; 787.1892; 0.7699878; 107.0182; After ; 0.4368645; null
3; Bicycle; Interference; None; 20.09.2023 14:03:45; 787.0997; 0.7699869; 107.0177; After ; 0.4530611; null
3; Bicycle; Interference; None; 20.09.2023 14:03:45; 786.8973; 0.7699866; 107.0164; After ; 0.4837561; null
3; Bicycle; Interference; None; 20.09.2023 14:03:45; 786.8973; 0.7699866; 107.0164; After ; 0.4837561; null
3; Bicycle; Interference; None; 20.09.2023 14:03:45; 786.7665; 0.7699864; 107.0156; After ; 0.5016746; null
3; Bicycle; Interference; None; 20.09.2023 14:03:45; 786.5642; 0.7699862; 107.0143; After ; 0.5403831; null
3; Bicycle; Interference; None; 20.09.2023 14:03:45; 786.4686; 0.7699876; 107.0136; After ; 0.5575493; null
3; Bicycle; Interference; None; 20.09.2023 14:03:45; 786.2983; 0.7699873; 107.0124; After ; 0.5888853; null
3; Bicycle; Interference; None; 20.09.2023 14:03:45; 786.2983; 0.7699873; 107.0124; After ; 0.5888853; null
3; Bicycle; Interference; None; 20.09.2023 14:03:45; 786.136; 0.7699873; 107.0112; After ; 0.6155336; null
3; Bicycle; Interference; None; 20.09.2023 14:03:45; 785.9738; 0.7699866; 107.01; After ; 0.6422527; null
3; Bicycle; Interference; None; 20.09.2023 14:03:46; 785.8519; 0.769987; 107.0091; After ; 0.6575812; null
3; Bicycle; Interference; None; 20.09.2023 14:03:46; 785.762; 0.7699881; 107.0084; After ; 0.6783839; null
3; Bicycle; Interference; None; 20.09.2023 14:03:46; 785.655; 0.769987; 107.0076; After ; 0.6937776; null
3; Bicycle; Interference; None; 20.09.2023 14:03:46; 785.5753; 0.7699869; 107.0069; After ; 0.7121329; null
3; Bicycle; Interference; None; 20.09.2023 14:03:46; 785.4015; 0.7699872; 107.0055; After ; 0.7397484; null
3; Bicycle; Interference; None; 20.09.2023 14:03:46; 785.3124; 0.7699876; 107.0047; After ; 0.7558883; null
3; Bicycle; Interference; None; 20.09.2023 14:03:46; 785.1481; 0.7699872; 107.0033; After ; 0.7852529; null
3; Bicycle; Interference; None; 20.09.2023 14:03:46; 785.0697; 0.7699872; 107.0026; After ; 0.8002302; null
3; Bicycle; Interference; None; 20.09.2023 14:03:46; 785.0697; 0.7699872; 107.0026; After ; 0.8002302; null
3; Bicycle; Interference; None; 20.09.2023 14:03:46; 784.8313; 0.7699869; 107.0005; After ; 0.8388961; null
3; Bicycle; Interference; None; 20.09.2023 14:03:46; 784.7492; 0.7699867; 106.9997; After ; 0.8566627; null
3; Bicycle; Interference; None; 20.09.2023 14:03:46; 784.5971; 0.769987; 106.9982; After ; 0.8853836; null
3; Bicycle; Interference; None; 20.09.2023 14:03:46; 784.5207; 0.7699871; 106.9975; After ; 0.8991599; null
3; Bicycle; Interference; None; 20.09.2023 14:03:46; 784.4484; 0.7699875; 106.9968; After ; 0.9131646; null
3; Bicycle; Interference; None; 20.09.2023 14:03:46; 784.2982; 0.7699878; 106.9953; After ; 0.9397894; null
3; Bicycle; Interference; None; 20.09.2023 14:03:46; 784.227; 0.7699873; 106.9946; After ; 0.9543356; null
3; Bicycle; Interference; None; 20.09.2023 14:03:46; 784.1182; 0.7699871; 106.9935; After ; 0.9676225; null
3; Bicycle; Interference; None; 20.09.2023 14:03:46; 784.027; 0.7699877; 106.9926; After ; 0.9880705; null
3; Bicycle; Interference; None; 20.09.2023 14:03:46; 783.861; 0.7699876; 106.9909; After ; 1.023319; null
3; Bicycle; Interference; None; 20.09.2023 14:03:46; 783.7894; 0.7699883; 106.9901; After ; 1.037013; null
3; Bicycle; Interference; None; 20.09.2023 14:03:46; 783.6317; 0.7699867; 106.9884; After ; 1.066013; null
3; Bicycle; Interference; None; 20.09.2023 14:03:46; 783.564; 0.7699883; 106.9877; After ; 1.081376; null
3; Bicycle; Interference; None; 20.09.2023 14:03:46; 783.4907; 0.7699879; 106.9869; After ; 1.094594; null
3; Bicycle; Interference; None; 20.09.2023 14:03:46; 783.411; 0.7699878; 106.986; After ; 1.108984; null
3; Bicycle; Interference; None; 20.09.2023 14:03:46; 783.2999; 0.7699875; 106.9847; After ; 1.124717; null
3; Bicycle; Interference; None; 20.09.2023 14:03:46; 783.1431; 0.7699323; 106.9828; After ; 1.163436; null
3; Bicycle; Interference; None; 20.09.2023 14:03:46; 783.0624; 0.7698222; 106.9818; After ; 1.178244; null
3; Bicycle; Interference; None; 20.09.2023 14:03:46; 782.9899; 0.7697425; 106.9809; After ; 1.19461; null
3; Bicycle; Interference; None; 20.09.2023 14:03:46; 782.9291; 0.7696872; 106.9802; After ; 1.20972; null
3; Bicycle; Interference; None; 20.09.2023 14:03:46; 782.7921; 0.7695984; 106.9784; After ; 1.238913; null
3; Bicycle; Interference; None; 20.09.2023 14:03:46; 782.6843; 0.7695591; 106.977; After ; 1.266365; null
3; Bicycle; Interference; None; 20.09.2023 14:03:46; 782.6843; 0.7695591; 106.977; After ; 1.266365; null
3; Bicycle; Interference; None; 20.09.2023 14:03:46; 782.5892; 0.7695448; 106.9757; After ; 1.279897; null
3; Bicycle; Interference; None; 20.09.2023 14:03:46; 782.4813; 0.7695465; 106.9742; After ; 1.320529; null
3; Bicycle; Interference; None; 20.09.2023 14:03:46; 782.4352; 0.7695525; 106.9735; After ; 1.33533; null
3; Bicycle; Interference; None; 20.09.2023 14:03:46; 782.3457; 0.7695715; 106.9722; After ; 1.364741; null
3; Bicycle; Interference; None; 20.09.2023 14:03:46; 782.3024; 0.7695847; 106.9716; After ; 1.378645; null
3; Bicycle; Interference; None; 20.09.2023 14:03:46; 782.2618; 0.7695972; 106.971; After ; 1.393903; null
3; Bicycle; Interference; None; 20.09.2023 14:03:46; 782.1957; 0.7696202; 106.9699; After ; 1.422971; null
3; Bicycle; Interference; None; 20.09.2023 14:03:46; 782.1438; 0.76964; 106.9691; After ; 1.43611; null
3; Bicycle; Interference; None; 20.09.2023 14:03:46; 782.1038; 0.7696569; 106.9684; After ; 1.459758; null
3; Bicycle; Interference; None; 20.09.2023 14:03:46; 782.0783; 0.7696688; 106.968; After ; 1.480096; null
3; Bicycle; Interference; None; 20.09.2023 14:03:46; 782.0518; 0.7696799; 106.9676; After ; 1.494271; null
3; Bicycle; Interference; None; 20.09.2023 14:03:46; 782.0297; 0.7696891; 106.9672; After ; 1.51044; null
3; Bicycle; Interference; None; 20.09.2023 14:03:46; 781.988; 0.7697085; 106.9664; After ; 1.543008; null
3; Bicycle; Interference; None; 20.09.2023 14:03:46; 781.9746; 0.7697148; 106.9662; After ; 1.558226; null
3; Bicycle; Interference; None; 20.09.2023 14:03:46; 781.9508; 0.7697266; 106.9658; After ; 1.585098; null
3; Bicycle; Interference; None; 20.09.2023 14:03:46; 781.9508; 0.7697266; 106.9658; After ; 1.585098; null
3; Bicycle; Interference; None; 20.09.2023 14:03:46; 781.9363; 0.7697349; 106.9655; After ; 1.599812; null
3; Bicycle; Interference; None; 20.09.2023 14:03:46; 781.9266; 0.7697434; 106.9653; After ; 1.639337; null
3; Bicycle; Interference; None; 20.09.2023 14:03:47; 781.9246; 0.7697494; 106.9653; After ; 1.670061; null
3; Bicycle; Interference; None; 20.09.2023 14:03:47; 781.9244; 0.7697531; 106.9653; After ; 1.681675; null
3; Bicycle; Interference; None; 20.09.2023 14:03:47; 781.9244; 0.7697558; 106.9653; After ; 1.696667; null
3; Bicycle; Interference; None; 20.09.2023 14:03:47; 781.9244; 0.7697587; 106.9654; After ; 1.714552; null
3; Bicycle; Interference; None; 20.09.2023 14:03:47; 781.9244; 0.7697616; 106.9654; After ; 1.742918; null
3; Bicycle; Interference; None; 20.09.2023 14:03:47; 781.9244; 0.7697632; 106.9655; After ; 1.757697; null
3; Bicycle; Interference; None; 20.09.2023 14:03:47; 781.9244; 0.7697638; 106.9655; After ; 1.778255; null
3; Bicycle; Interference; None; 20.09.2023 14:03:47; 781.9244; 0.7697653; 106.9655; After ; 1.793044; null
3; Bicycle; Interference; None; 20.09.2023 14:03:47; 781.9244; 0.7697655; 106.9655; After ; 1.819936; null
3; Bicycle; Interference; None; 20.09.2023 14:03:47; 781.9244; 0.7697659; 106.9656; After ; 1.834202; null
3; Bicycle; Interference; None; 20.09.2023 14:03:47; 781.9244; 0.7697666; 106.9656; After ; 1.860254; null
3; Bicycle; Interference; None; 20.09.2023 14:03:47; 781.9244; 0.7697666; 106.9656; After ; 1.876685; null
3; Bicycle; Interference; None; 20.09.2023 14:03:47; 781.9244; 0.7697666; 106.9656; After ; 1.894725; null
3; Bicycle; Interference; None; 20.09.2023 14:03:47; 781.9245; 0.7697672; 106.9657; After ; 1.910912; null
3; Bicycle; Interference; None; 20.09.2023 14:03:47; 781.9244; 0.7697673; 106.9657; After ; 1.946306; null
3; Bicycle; Interference; None; 20.09.2023 14:03:47; 781.9244; 0.769768; 106.9657; After ; 1.95981; null
3; Bicycle; Interference; None; 20.09.2023 14:03:47; 781.9244; 0.7697673; 106.9657; After ; 1.97393; null
3; Bicycle; Interference; None; 20.09.2023 14:03:47; 781.9244; 0.7697682; 106.9657; After ; 1.991747; null
3; Bicycle; Interference; None; 20.09.2023 14:03:47; 781.9244; 0.769768; 106.9658; After ; 2.022558; null
3; Bicycle; Interference; None; 20.09.2023 14:03:47; 781.9244; 0.7697682; 106.9658; After ; 2.036026; null
3; Bicycle; Interference; None; 20.09.2023 14:03:47; 781.9244; 0.7697674; 106.9658; After ; 2.05113; null
3; Bicycle; Interference; None; 20.09.2023 14:03:47; 781.9244; 0.7697668; 106.9658; After ; 2.06839; null
3; Bicycle; Interference; None; 20.09.2023 14:03:47; 781.9244; 0.7697663; 106.9658; After ; 2.09096; null
3; Bicycle; Interference; None; 20.09.2023 14:03:47; 781.9244; 0.7697654; 106.9658; After ; 2.123115; null
3; Bicycle; Interference; None; 20.09.2023 14:03:47; 781.9244; 0.7697659; 106.9658; After ; 2.136488; null
3; Bicycle; Interference; None; 20.09.2023 14:03:47; 781.9244; 0.7697645; 106.9659; After ; 2.166161; null
3; Bicycle; Interference; None; 20.09.2023 14:03:47; 781.9244; 0.7697644; 106.9659; After ; 2.179537; null
3; Bicycle; Interference; None; 20.09.2023 14:03:47; 781.9244; 0.7697637; 106.9659; After ; 2.197438; null
3; Bicycle; Interference; None; 20.09.2023 14:03:47; 781.9244; 0.7697634; 106.9659; After ; 2.212378; null
3; Bicycle; Interference; None; 20.09.2023 14:03:47; 781.9244; 0.7697632; 106.9659; After ; 2.226369; null
3; Bicycle; Interference; None; 20.09.2023 14:03:47; 781.9244; 0.7697628; 106.9659; After ; 2.261502; null
3; Bicycle; Interference; None; 20.09.2023 14:03:47; 781.9244; 0.7697617; 106.9659; After ; 2.289208; null
3; Bicycle; Interference; None; 20.09.2023 14:03:47; 781.9244; 0.7697617; 106.9659; After ; 2.289208; null
3; Bicycle; Interference; None; 20.09.2023 14:03:47; 781.9244; 0.7697608; 106.9659; After ; 2.316304; null
3; Bicycle; Interference; None; 20.09.2023 14:03:47; 781.9244; 0.7697598; 106.9659; After ; 2.343801; null
3; Bicycle; Interference; None; 20.09.2023 14:03:47; 781.9245; 0.7697598; 106.9659; After ; 2.358708; null
3; Bicycle; Interference; None; 20.09.2023 14:03:47; 781.9244; 0.7697593; 106.9659; After ; 2.374045; null
3; Bicycle; Interference; None; 20.09.2023 14:03:47; 781.9244; 0.7697592; 106.9659; After ; 2.387635; null
3; Bicycle; Interference; None; 20.09.2023 14:03:47; 781.9244; 0.7697591; 106.9659; After ; 2.409015; null
3; Bicycle; Interference; None; 20.09.2023 14:03:47; 781.9244; 0.7697587; 106.9659; After ; 2.438542; null
3; Bicycle; Interference; None; 20.09.2023 14:03:47; 781.9244; 0.7697585; 106.9659; After ; 2.469094; null
3; Bicycle; Interference; None; 20.09.2023 14:03:47; 781.9244; 0.7697592; 106.9659; After ; 2.481959; null
3; Bicycle; Interference; None; 20.09.2023 14:03:47; 781.9244; 0.7697586; 106.9659; After ; 2.49458; null
3; Bicycle; Interference; None; 20.09.2023 14:03:47; 781.9244; 0.7697577; 106.9659; After ; 2.523578; null
3; Bicycle; Interference; None; 20.09.2023 14:03:47; 781.9244; 0.7697585; 106.9659; After ; 2.53649; null
3; Bicycle; Interference; None; 20.09.2023 14:03:47; 781.9244; 0.7697589; 106.9659; After ; 2.549247; null
3; Bicycle; Interference; None; 20.09.2023 14:03:47; 781.9244; 0.7697592; 106.9659; After ; 2.58981; null
3; Bicycle; Interference; None; 20.09.2023 14:03:47; 781.9244; 0.7697592; 106.9659; After ; 2.58981; null
3; Bicycle; Interference; None; 20.09.2023 14:03:47; 781.9244; 0.7697594; 106.9659; After ; 2.617; null
3; Bicycle; Interference; None; 20.09.2023 14:03:48; 781.9244; 0.7697593; 106.9659; After ; 2.645083; null
3; Bicycle; Interference; None; 20.09.2023 14:03:48; 781.9244; 0.7697599; 106.9659; After ; 2.658835; null
3; Bicycle; Interference; None; 20.09.2023 14:03:48; 781.9244; 0.7695718; 106.9659; After ; 2.676137; null
3; Bicycle; Interference; None; 20.09.2023 14:03:48; 781.9242; 0.7691642; 106.9659; After ; 2.694442; null
3; Bicycle; Interference; None; 20.09.2023 14:03:48; 781.9239; 0.7684251; 106.9659; After ; 2.709523; null
3; Bicycle; Interference; None; 20.09.2023 14:03:48; 781.9234; 0.7672549; 106.9659; After ; 2.745439; null
3; Bicycle; Interference; None; 20.09.2023 14:03:48; 781.9234; 0.7667503; 106.9659; After ; 2.758891; null
3; Bicycle; Interference; None; 20.09.2023 14:03:48; 781.923; 0.7657379; 106.9659; After ; 2.78771; null
3; Bicycle; Interference; None; 20.09.2023 14:03:48; 781.923; 0.7657379; 106.9659; After ; 2.78771; null
3; Bicycle; Interference; None; 20.09.2023 14:03:48; 781.9224; 0.7651398; 106.9659; After ; 2.817968; null
3; Bicycle; Interference; None; 20.09.2023 14:03:48; 781.9223; 0.7650745; 106.9659; After ; 2.836607; null
3; Bicycle; Interference; None; 20.09.2023 14:03:48; 781.922; 0.7651048; 106.9659; After ; 2.85108; null
3; Bicycle; Interference; None; 20.09.2023 14:03:48; 781.9211; 0.765496; 106.9659; After ; 2.889204; null
3; Bicycle; Interference; None; 20.09.2023 14:03:48; 781.9211; 0.765496; 106.9659; After ; 2.889204; null
3; Bicycle; Interference; None; 20.09.2023 14:03:48; 781.9203; 0.7659475; 106.9659; After ; 2.916396; null
3; Bicycle; Interference; None; 20.09.2023 14:03:48; 781.9196; 0.7664517; 106.9659; After ; 2.942953; null
3; Bicycle; Interference; None; 20.09.2023 14:03:48; 781.9191; 0.7667377; 106.9659; After ; 2.957502; null
3; Bicycle; Interference; None; 20.09.2023 14:03:48; 781.9183; 0.7672893; 106.9659; After ; 2.98836; null
3; Bicycle; Interference; None; 20.09.2023 14:03:48; 781.9178; 0.7675354; 106.9658; After ; 3.001649; null
3; Bicycle; Interference; None; 20.09.2023 14:03:48; 781.9174; 0.767756; 106.9658; After ; 3.015423; null
3; Bicycle; Interference; None; 20.09.2023 14:03:48; 781.9166; 0.7681122; 106.9658; After ; 3.028384; null
3; Bicycle; Interference; None; 20.09.2023 14:03:48; 781.916; 0.7683561; 106.9658; After ; 3.050935; null
3; Bicycle; Interference; None; 20.09.2023 14:03:48; 781.9147; 0.7687466; 106.9658; After ; 3.08244; null
3; Bicycle; Interference; None; 20.09.2023 14:03:48; 781.9142; 0.7689016; 106.9658; After ; 3.099653; null
3; Bicycle; Interference; None; 20.09.2023 14:03:48; 781.9135; 0.7690275; 106.9658; After ; 3.114326; null
3; Bicycle; Interference; None; 20.09.2023 14:03:48; 781.9124; 0.7692634; 106.9658; After ; 3.143026; null
3; Bicycle; Interference; None; 20.09.2023 14:03:48; 781.9112; 0.7694156; 106.9658; After ; 3.169384; null
3; Bicycle; Interference; None; 20.09.2023 14:03:48; 781.9095; 0.7695267; 106.9657; After ; 3.181238; null
3; Bicycle; Interference; None; 20.09.2023 14:03:48; 781.9095; 0.7695267; 106.9657; After ; 3.181238; null
3; Bicycle; Interference; None; 20.09.2023 14:03:48; 781.9052; 0.7696486; 106.9657; After ; 3.220222; null
3; Bicycle; Interference; None; 20.09.2023 14:03:48; 781.903; 0.7696853; 106.9656; After ; 3.235377; null
3; Bicycle; Interference; None; 20.09.2023 14:03:48; 781.8995; 0.7697247; 106.9656; After ; 3.248006; null
3; Bicycle; Interference; None; 20.09.2023 14:03:48; 781.8904; 0.7697836; 106.9654; After ; 3.283015; null
3; Bicycle; Interference; None; 20.09.2023 14:03:48; 781.8864; 0.7697985; 106.9653; After ; 3.300376; null
3; Bicycle; Interference; None; 20.09.2023 14:03:48; 781.8817; 0.7698103; 106.9652; After ; 3.314083; null
3; Bicycle; Interference; None; 20.09.2023 14:03:48; 781.8747; 0.7698209; 106.9651; After ; 3.328531; null
3; Bicycle; Interference; None; 20.09.2023 14:03:48; 781.8657; 0.7698276; 106.9649; After ; 3.347938; null
3; Bicycle; Interference; None; 20.09.2023 14:03:48; 781.8586; 0.7698293; 106.9648; After ; 3.370795; null
3; Bicycle; Interference; None; 20.09.2023 14:03:48; 781.8504; 0.7698298; 106.9646; After ; 3.387143; null
3; Bicycle; Interference; None; 20.09.2023 14:03:48; 781.8344; 0.7698252; 106.9644; After ; 3.423759; null
3; Bicycle; Interference; None; 20.09.2023 14:03:48; 781.8275; 0.7698227; 106.9642; After ; 3.436518; null
3; Bicycle; Interference; None; 20.09.2023 14:03:48; 781.8106; 0.769815; 106.9639; After ; 3.464474; null
3; Bicycle; Interference; None; 20.09.2023 14:03:48; 781.8018; 0.7698109; 106.9638; After ; 3.478426; null
3; Bicycle; Interference; None; 20.09.2023 14:03:48; 781.793; 0.7698073; 106.9636; After ; 3.492699; null
3; Bicycle; Interference; None; 20.09.2023 14:03:48; 781.772; 0.7697992; 106.9632; After ; 3.506257; null
3; Bicycle; Interference; None; 20.09.2023 14:03:48; 781.7605; 0.7697961; 106.963; After ; 3.537191; null
3; Bicycle; Interference; None; 20.09.2023 14:03:48; 781.7455; 0.7697916; 106.9627; After ; 3.553134; null
3; Bicycle; Interference; None; 20.09.2023 14:03:48; 781.731; 0.7697865; 106.9625; After ; 3.572977; null
3; Bicycle; Interference; None; 20.09.2023 14:03:48; 781.7116; 0.7697818; 106.9621; After ; 3.591623; null
3; Bicycle; Interference; None; 20.09.2023 14:03:48; 781.6962; 0.7697786; 106.9618; After ; 3.615219; null
3; Bicycle; Interference; None; 20.09.2023 14:03:49; 781.6819; 0.7697761; 106.9616; After ; 3.633265; null
3; Bicycle; Interference; None; 20.09.2023 14:03:49; 781.6683; 0.7697732; 106.9613; After ; 3.649484; null
3; Bicycle; Interference; None; 20.09.2023 14:03:49; 781.6478; 0.7697706; 106.9609; After ; 3.664479; null
3; Bicycle; Interference; None; 20.09.2023 14:03:49; 781.6298; 0.7697694; 106.9606; After ; 3.686387; null
3; Bicycle; Interference; None; 20.09.2023 14:03:49; 781.6006; 0.7697659; 106.9601; After ; 3.720305; null
3; Bicycle; Interference; None; 20.09.2023 14:03:49; 781.5731; 0.7697639; 106.9595; After ; 3.746347; null
3; Bicycle; Interference; None; 20.09.2023 14:03:49; 781.559; 0.7697639; 106.9593; After ; 3.759951; null
3; Bicycle; Interference; None; 20.09.2023 14:03:49; 781.5411; 0.7697629; 106.959; After ; 3.772929; null
3; Bicycle; Interference; None; 20.09.2023 14:03:49; 781.5231; 0.7697629; 106.9586; After ; 3.788998; null
3; Bicycle; Interference; None; 20.09.2023 14:03:49; 781.5058; 0.7697623; 106.9583; After ; 3.804941; null
3; Bicycle; Interference; None; 20.09.2023 14:03:49; 781.4601; 0.7697604; 106.9575; After ; 3.841603; null
3; Bicycle; Interference; None; 20.09.2023 14:03:49; 781.4436; 0.7697608; 106.9571; After ; 3.857943; null
3; Bicycle; Interference; None; 20.09.2023 14:03:49; 781.4078; 0.7697601; 106.9565; After ; 3.886131; null
3; Bicycle; Interference; None; 20.09.2023 14:03:49; 781.3892; 0.7697594; 106.9561; After ; 3.89937; null
3; Bicycle; Interference; None; 20.09.2023 14:03:49; 781.3716; 0.7697601; 106.9558; After ; 3.913663; null
3; Bicycle; Interference; None; 20.09.2023 14:03:49; 781.3301; 0.7697601; 106.955; After ; 3.943515; null
3; Bicycle; Interference; None; 20.09.2023 14:03:49; 781.3083; 0.7697606; 106.9546; After ; 3.957422; null
3; Bicycle; Interference; None; 20.09.2023 14:03:49; 781.278; 0.7697608; 106.9541; After ; 3.973021; null
3; Bicycle; Interference; None; 20.09.2023 14:03:49; 781.2548; 0.7697603; 106.9536; After ; 3.994355; null
3; Bicycle; Interference; None; 20.09.2023 14:03:49; 781.2347; 0.7697601; 106.9532; After ; 4.010371; null
3; Bicycle; Interference; None; 20.09.2023 14:03:49; 781.1876; 0.7697599; 106.9524; After ; 4.037757; null
3; Bicycle; Interference; None; 20.09.2023 14:03:49; 781.1664; 0.7697595; 106.952; After ; 4.05532; null
3; Bicycle; Interference; None; 20.09.2023 14:03:49; 781.1183; 0.7697604; 106.9511; After ; 4.083405; null
3; Bicycle; Interference; None; 20.09.2023 14:03:49; 781.0963; 0.7697601; 106.9506; After ; 4.099831; null
3; Bicycle; Interference; None; 20.09.2023 14:03:49; 781.0745; 0.7697607; 106.9502; After ; 4.113587; null
3; Bicycle; Interference; None; 20.09.2023 14:03:49; 781.0348; 0.7697601; 106.9495; After ; 4.127056; null
3; Bicycle; Interference; None; 20.09.2023 14:03:49; 780.9853; 0.7697604; 106.9486; After ; 4.166131; null
3; Bicycle; Interference; None; 20.09.2023 14:03:49; 780.9611; 0.7697606; 106.9481; After ; 4.180683; null
3; Bicycle; Interference; None; 20.09.2023 14:03:49; 780.9325; 0.7697606; 106.9476; After ; 4.194794; null
3; Bicycle; Interference; None; 20.09.2023 14:03:49; 780.9069; 0.7697605; 106.9471; After ; 4.2113; null
3; Bicycle; Interference; None; 20.09.2023 14:03:49; 780.8458; 0.7697605; 106.946; After ; 4.240569; null
3; Bicycle; Interference; None; 20.09.2023 14:03:49; 780.8215; 0.7697607; 106.9455; After ; 4.259704; null
3; Bicycle; Interference; None; 20.09.2023 14:03:49; 780.7931; 0.7697606; 106.945; After ; 4.272936; null
3; Bicycle; Interference; None; 20.09.2023 14:03:49; 780.7526; 0.7697614; 106.9442; After ; 4.28814; null
3; Bicycle; Interference; None; 20.09.2023 14:03:49; 780.724; 0.7697611; 106.9437; After ; 4.309618; null
3; Bicycle; Interference; None; 20.09.2023 14:03:49; 780.6668; 0.769761; 106.9426; After ; 4.339006; null
3; Bicycle; Interference; None; 20.09.2023 14:03:49; 780.6133; 0.7697611; 106.9417; After ; 4.366359; null
3; Bicycle; Interference; None; 20.09.2023 14:03:49; 780.5869; 0.7697618; 106.9412; After ; 4.38049; null
3; Bicycle; Interference; None; 20.09.2023 14:03:49; 780.5605; 0.7697618; 106.9407; After ; 4.393489; null
3; Bicycle; Interference; None; 20.09.2023 14:03:49; 780.5029; 0.7697618; 106.9396; After ; 4.419722; null
3; Bicycle; Interference; None; 20.09.2023 14:03:49; 780.4758; 0.769762; 106.9391; After ; 4.434039; null
3; Bicycle; Interference; None; 20.09.2023 14:03:49; 780.4346; 0.7697619; 106.9383; After ; 4.446855; null
3; Bicycle; Interference; None; 20.09.2023 14:03:49; 780.358; 0.7697617; 106.9369; After ; 4.484432; null
3; Bicycle; Interference; None; 20.09.2023 14:03:49; 780.358; 0.7697617; 106.9369; After ; 4.484432; null
3; Bicycle; Interference; None; 20.09.2023 14:03:49; 780.2925; 0.7697616; 106.9356; After ; 4.515821; null
3; Bicycle; Interference; None; 20.09.2023 14:03:49; 780.2549; 0.7697616; 106.9349; After ; 4.530874; null
3; Bicycle; Interference; None; 20.09.2023 14:03:49; 780.186; 0.7697624; 106.9336; After ; 4.561255; null
3; Bicycle; Interference; None; 20.09.2023 14:03:49; 780.1273; 0.7697631; 106.9325; After ; 4.590896; null
3; Bicycle; Interference; None; 20.09.2023 14:03:49; 780.1273; 0.7697631; 106.9325; After ; 4.590896; null
3; Bicycle; Interference; None; 20.09.2023 14:03:49; 780.076; 0.7697637; 106.9315; After ; 4.602894; null
3; Bicycle; Interference; None; 20.09.2023 14:03:49; 779.9942; 0.7697639; 106.93; After ; 4.643428; null
3; Bicycle; Interference; None; 20.09.2023 14:03:50; 779.9628; 0.7697639; 106.9294; After ; 4.658696; null
3; Bicycle; Interference; None; 20.09.2023 14:03:50; 779.8954; 0.7697632; 106.9281; After ; 4.685097; null
3; Bicycle; Interference; None; 20.09.2023 14:03:50; 779.8625; 0.769763; 106.9274; After ; 4.699006; null
3; Bicycle; Interference; None; 20.09.2023 14:03:50; 779.7983; 0.769763; 106.9262; After ; 4.724182; null
3; Bicycle; Interference; None; 20.09.2023 14:03:50; 779.7628; 0.7697634; 106.9255; After ; 4.737505; null
3; Bicycle; Interference; None; 20.09.2023 14:03:50; 779.7257; 0.769763; 106.9248; After ; 4.751337; null
3; Bicycle; Interference; None; 20.09.2023 14:03:50; 779.6272; 0.7697623; 106.9228; After ; 4.78827; null
3; Bicycle; Interference; None; 20.09.2023 14:03:50; 779.6272; 0.7697623; 106.9228; After ; 4.78827; null
3; Bicycle; Interference; None; 20.09.2023 14:03:50; 779.5399; 0.769762; 106.9211; After ; 4.815874; null
3; Bicycle; Interference; None; 20.09.2023 14:03:50; 779.502; 0.7697625; 106.9203; After ; 4.835137; null
3; Bicycle; Interference; None; 20.09.2023 14:03:50; 779.4186; 0.7697618; 106.9186; After ; 4.864419; null
3; Bicycle; Interference; None; 20.09.2023 14:03:50; 779.3804; 0.7697614; 106.9178; After ; 4.878798; null
3; Bicycle; Interference; None; 20.09.2023 14:03:50; 779.3452; 0.7697616; 106.9171; After ; 4.892338; null
3; Bicycle; Interference; None; 20.09.2023 14:03:50; 779.3004; 0.7697613; 106.9162; After ; 4.904677; null
3; Bicycle; Interference; None; 20.09.2023 14:03:50; 779.1921; 0.7697606; 106.9139; After ; 4.939834; null
3; Bicycle; Interference; None; 20.09.2023 14:03:50; 779.1531; 0.7697608; 106.9131; After ; 4.957283; null
3; Bicycle; Interference; None; 20.09.2023 14:03:50; 779.0681; 0.7697618; 106.9113; After ; 4.982889; null
3; Bicycle; Interference; None; 20.09.2023 14:03:50; 779.0265; 0.7697617; 106.9104; After ; 4.998791; null
3; Bicycle; Interference; None; 20.09.2023 14:03:50; 778.9878; 0.7697613; 106.9095; After ; 5.012482; null
3; Bicycle; Interference; None; 20.09.2023 14:03:50; 778.8948; 0.7697605; 106.9074; After ; 5.039051; null
3; Bicycle; Interference; None; 20.09.2023 14:03:50; 778.8154; 0.7697604; 106.9056; After ; 5.067786; null
3; Bicycle; Interference; None; 20.09.2023 14:03:50; 778.7476; 0.7697608; 106.9041; After ; 5.080468; null
3; Bicycle; Interference; None; 20.09.2023 14:03:50; 778.7476; 0.7697608; 106.9041; After ; 5.080468; null
3; Bicycle; Interference; None; 20.09.2023 14:03:50; 778.6421; 0.7697612; 106.9016; After ; 5.119574; null
3; Bicycle; Interference; None; 20.09.2023 14:03:50; 778.597; 0.7697606; 106.9006; After ; 5.134593; null
3; Bicycle; Interference; None; 20.09.2023 14:03:50; 778.4987; 0.7697612; 106.8982; After ; 5.161444; null
3; Bicycle; Interference; None; 20.09.2023 14:03:50; 778.4492; 0.7697616; 106.897; After ; 5.178305; null
3; Bicycle; Interference; None; 20.09.2023 14:03:50; 778.4088; 0.7697623; 106.896; After ; 5.193147; null
3; Bicycle; Interference; None; 20.09.2023 14:03:50; 778.3099; 0.769762; 106.8936; After ; 5.221419; null
3; Bicycle; Interference; None; 20.09.2023 14:03:50; 778.2405; 0.7697625; 106.8919; After ; 5.234269; null
3; Bicycle; Interference; None; 20.09.2023 14:03:50; 778.1858; 0.7697625; 106.8906; After ; 5.25441; null
3; Bicycle; Interference; None; 20.09.2023 14:03:50; 778.084; 0.769762; 106.888; After ; 5.284142; null
3; Bicycle; Interference; None; 20.09.2023 14:03:50; 778.0332; 0.7697612; 106.8867; After ; 5.298883; null
3; Bicycle; Interference; None; 20.09.2023 14:03:50; 777.9823; 0.7697618; 106.8855; After ; 5.313059; null
3; Bicycle; Interference; None; 20.09.2023 14:03:50; 777.8784; 0.7697604; 106.8828; After ; 5.341127; null
3; Bicycle; Interference; None; 20.09.2023 14:03:50; 777.7819; 0.7697599; 106.8803; After ; 5.368711; null
3; Bicycle; Interference; None; 20.09.2023 14:03:50; 777.7339; 0.7697599; 106.8791; After ; 5.381573; null
3; Bicycle; Interference; None; 20.09.2023 14:03:50; 777.6547; 0.7697597; 106.8771; After ; 5.394337; null
3; Bicycle; Interference; None; 20.09.2023 14:03:50; 777.6035; 0.7697605; 106.8757; After ; 5.415301; null
3; Bicycle; Interference; None; 20.09.2023 14:03:50; 777.4907; 0.7697599; 106.8728; After ; 5.444376; null
3; Bicycle; Interference; None; 20.09.2023 14:03:50; 777.4391; 0.7697606; 106.8715; After ; 5.457897; null
3; Bicycle; Interference; None; 20.09.2023 14:03:50; 777.3173; 0.769761; 106.8684; After ; 5.48678; null
3; Bicycle; Interference; None; 20.09.2023 14:03:50; 777.3173; 0.769761; 106.8684; After ; 5.48678; null
3; Bicycle; Interference; None; 20.09.2023 14:03:50; 777.198; 0.7697614; 106.8653; After ; 5.515832; null
3; Bicycle; Interference; None; 20.09.2023 14:03:50; 777.086; 0.7697604; 106.8624; After ; 5.544065; null
3; Bicycle; Interference; None; 20.09.2023 14:03:50; 777.0008; 0.7697598; 106.8602; After ; 5.559337; null
3; Bicycle; Interference; None; 20.09.2023 14:03:50; 776.9409; 0.7697606; 106.8587; Goal ; Total Time: 41.58455; null
3; Bicycle; Interference; None; 20.09.2023 14:03:50; 776.8757; 0.7697608; 106.857; Goal ; Total Time: 41.59901; null
3; Bicycle; Interference; None; 20.09.2023 14:03:50; 776.8107; 0.7697601; 106.8554; Goal ; Total Time: 41.61467; null
3; Bicycle; Interference; None; 20.09.2023 14:03:51; 776.6885; 0.7697604; 106.8523; Goal ; Total Time: 41.64335; null
3; Bicycle; Interference; None; 20.09.2023 14:03:51; 776.5747; 0.7697595; 106.8495; Goal ; Total Time: 41.67152; null
3; Bicycle; Interference; None; 20.09.2023 14:03:51; 776.5133; 0.7697604; 106.8479; Goal ; Total Time: 41.68558; null
3; Bicycle; Interference; None; 20.09.2023 14:03:51; 776.4442; 0.7697599; 106.8462; Goal ; Total Time: 41.69979; null
3; Bicycle; Interference; None; 20.09.2023 14:03:51; 776.3315; 0.7697601; 106.8435; Goal ; Total Time: 41.71571; null
3; Bicycle; Interference; None; 20.09.2023 14:03:51; 776.2358; 0.7697603; 106.8412; Goal ; Total Time: 41.74148; null
3; Bicycle; Interference; None; 20.09.2023 14:03:51; 776.161; 0.7697604; 106.8394; Goal ; Total Time: 41.76324; null
3; Bicycle; Interference; None; 20.09.2023 14:03:51; 776.0624; 0.7697613; 106.837; Goal ; Total Time: 41.78016; null
3; Bicycle; Interference; None; 20.09.2023 14:03:51; 775.9919; 0.7697617; 106.8353; Goal ; Total Time: 41.80236; null
3; Bicycle; Interference; None; 20.09.2023 14:03:51; 775.9271; 0.769762; 106.8338; Goal ; Total Time: 41.81816; null
3; Bicycle; Interference; None; 20.09.2023 14:03:51; 775.7949; 0.7697625; 106.8307; Goal ; Total Time: 41.84788; null
3; Bicycle; Interference; None; 20.09.2023 14:03:51; 775.7322; 0.7697635; 106.8292; Goal ; Total Time: 41.86196; null
3; Bicycle; Interference; None; 20.09.2023 14:03:51; 775.6257; 0.7697629; 106.8267; Goal ; Total Time: 41.87582; null
3; Bicycle; Interference; None; 20.09.2023 14:03:51; 775.554; 0.769763; 106.8251; Goal ; Total Time: 41.89923; null
