user_id; scenario; distraction; ehmi; timestamp; userPositionX; userPositionY; userPositionZ; playerPositon; time; focused object
7; Driver; Noise; Intention; 23.09.2023 14:59:29; 850; 0.0960815; 203; HI; null
7; Driver; Noise; Intention; 23.09.2023 14:59:29; 850; 0.09269609; 203; Before; 0.02; null
7; Driver; Noise; Intention; 23.09.2023 14:59:31; 850; 0.07529796; 203; Before; 0.02; null
7; Driver; Noise; Intention; 23.09.2023 14:59:31; 850; 0.05768705; 203; Before; 0.02; null
7; Driver; Noise; Intention; 23.09.2023 14:59:31; 850; 0.03527888; 203; Before; 0.02; null
7; Driver; Noise; Intention; 23.09.2023 14:59:31; 850; 0.02227915; 203; Before; 0.02; null
7; Driver; Noise; Intention; 23.09.2023 14:59:31; 850; -0.005056463; 203; Before; 0.02; null
7; Driver; Noise; Intention; 23.09.2023 14:59:31; 850; -0.02595098; 203; Before; 0.02; null
7; Driver; Noise; Intention; 23.09.2023 14:59:31; 850; -0.03948666; 203; Before; 0.02; null
7; Driver; Noise; Intention; 23.09.2023 14:59:31; 850; -0.04622336; 203; Before; 0.02; null
7; Driver; Noise; Intention; 23.09.2023 14:59:31; 850; -0.04738848; 203; Before; 0.02; null
7; Driver; Noise; Intention; 23.09.2023 14:59:31; 850; -0.04619898; 203; Before; 0.02; null
7; Driver; Noise; Intention; 23.09.2023 14:59:31; 850; -0.04158631; 203; Before; 0.02; null
7; Driver; Noise; Intention; 23.09.2023 14:59:31; 850; -0.03501777; 203; Before; 0.02; null
7; Driver; Noise; Intention; 23.09.2023 14:59:31; 850; -0.02776622; 203; Before; 0.02; null
7; Driver; Noise; Intention; 23.09.2023 14:59:31; 850; -0.02420648; 203; Before; 0.02; null
7; Driver; Noise; Intention; 23.09.2023 14:59:31; 850; -0.017693; 203; Before; 0.02; null
7; Driver; Noise; Intention; 23.09.2023 14:59:31; 850; -0.01239446; 203; Before; 0.02; null
7; Driver; Noise; Intention; 23.09.2023 14:59:31; 850; -0.008560622; 203; Before; 0.04; null
7; Driver; Noise; Intention; 23.09.2023 14:59:31; 850; -0.006200071; 203; Before; 0.04; null
7; Driver; Noise; Intention; 23.09.2023 14:59:31; 850; -0.005529827; 203; Before; 0.04; null
7; Driver; Noise; Intention; 23.09.2023 14:59:31; 850; -0.005060979; 203; Before; 0.04; null
7; Driver; Noise; Intention; 23.09.2023 14:59:31; 850; -0.005511247; 203; Before; 0.04; null
7; Driver; Noise; Intention; 23.09.2023 14:59:31; 850; -0.006574314; 203; Before; 0.04; null
7; Driver; Noise; Intention; 23.09.2023 14:59:31; 850; -0.007963101; 203; Before; 0.3733333; null
7; Driver; Noise; Intention; 23.09.2023 14:59:31; 850; -0.008700764; 203; Before; 0.3733333; null
7; Driver; Noise; Intention; 23.09.2023 14:59:31; 850; -0.01013858; 203; Before; 0.4943393; null
7; Driver; Noise; Intention; 23.09.2023 14:59:31; 850; -0.01140564; 203; Before; 0.5319747; null
7; Driver; Noise; Intention; 23.09.2023 14:59:31; 850; -0.01241071; 203; Before; 0.5551848; null
7; Driver; Noise; Intention; 23.09.2023 14:59:31; 850; -0.01311574; 203; Before; 0.5740139; null
7; Driver; Noise; Intention; 23.09.2023 14:59:31; 850; -0.01335603; 203; Before; 0.5740139; null
7; Driver; Noise; Intention; 23.09.2023 14:59:31; 850; -0.0136318; 203; Before; 0.5740139; null
7; Driver; Noise; Intention; 23.09.2023 14:59:31; 850; -0.01367623; 203; Before; 0.5740139; null
7; Driver; Noise; Intention; 23.09.2023 14:59:31; 850; -0.01354901; 203; Before; 0.5740139; null
7; Driver; Noise; Intention; 23.09.2023 14:59:31; 850; -0.01331198; 203; Before; 0.5740139; null
7; Driver; Noise; Intention; 23.09.2023 14:59:32; 850; -0.01317047; 203; Before; 0.5910547; null
7; Driver; Noise; Intention; 23.09.2023 14:59:32; 850; -0.01287201; 203; Before; 0.5910547; null
7; Driver; Noise; Intention; 23.09.2023 14:59:32; 850; -0.01258563; 203; Before; 0.5910547; null
7; Driver; Noise; Intention; 23.09.2023 14:59:32; 850; -0.0123393; 203; Before; 0.5910547; null
7; Driver; Noise; Intention; 23.09.2023 14:59:32; 850; -0.01214879; 203; Before; 0.5910547; null
7; Driver; Noise; Intention; 23.09.2023 14:59:32; 850; -0.01207645; 203; Before; 0.5910547; null
7; Driver; Noise; Intention; 23.09.2023 14:59:32; 850; -0.01197688; 203; Before; 0.5910547; null
7; Driver; Noise; Intention; 23.09.2023 14:59:32; 850; -0.0119319; 203; Before; 0.7111214; null
7; Driver; Noise; Intention; 23.09.2023 14:59:32; 850; -0.01193115; 203; Before; 0.843603; null
7; Driver; Noise; Intention; 23.09.2023 14:59:32; 850; -0.01196238; 203; Before; 0.8750218; null
7; Driver; Noise; Intention; 23.09.2023 14:59:32; 850; -0.01198611; 203; Before; 0.8977892; null
7; Driver; Noise; Intention; 23.09.2023 14:59:32; 850; -0.01204264; 203; Before; 0.9181193; null
7; Driver; Noise; Intention; 23.09.2023 14:59:32; 850; -0.01210308; 203; Before; 0.9350386; null
7; Driver; Noise; Intention; 23.09.2023 14:59:32; 850; -0.01215976; 203; Before; 0.951912; null
7; Driver; Noise; Intention; 23.09.2023 14:59:32; 850; -0.01218499; 203; Before; 0.9899175; null
7; Driver; Noise; Intention; 23.09.2023 14:59:32; 850; -0.01222721; 203; Before; 0.9899175; null
7; Driver; Noise; Intention; 23.09.2023 14:59:32; 850; -0.01225722; 203; Before; 1.007083; null
7; Driver; Noise; Intention; 23.09.2023 14:59:32; 850; -0.01226762; 203; Before; 1.044779; null
7; Driver; Noise; Intention; 23.09.2023 14:59:32; 850; -0.01228238; 203; Before; 1.061965; null
7; Driver; Noise; Intention; 23.09.2023 14:59:32; 850; -0.0122811; 203; Before; 1.078586; null
7; Driver; Noise; Intention; 23.09.2023 14:59:32; 850; -0.01227805; 203; Before; 1.096044; null
7; Driver; Noise; Intention; 23.09.2023 14:59:32; 850; -0.01226872; 203; Before; 1.112359; null
7; Driver; Noise; Intention; 23.09.2023 14:59:32; 850; -0.01225696; 203; Before; 1.129019; null
7; Driver; Noise; Intention; 23.09.2023 14:59:32; 850; -0.01225082; 203; Before; 1.165477; null
7; Driver; Noise; Intention; 23.09.2023 14:59:32; 850; -0.01223895; 203; Before; 1.183494; null
7; Driver; Noise; Intention; 23.09.2023 14:59:32; 850; -0.0122286; 203; Before; 1.183494; null
7; Driver; Noise; Intention; 23.09.2023 14:59:32; 850; -0.01222047; 203; Before; 1.222516; null
7; Driver; Noise; Intention; 23.09.2023 14:59:32; 850; -0.0122148; 203; Before; 1.238865; null
7; Driver; Noise; Intention; 23.09.2023 14:59:32; 850; -0.01221154; 203; Before; 1.255529; null
7; Driver; Noise; Intention; 23.09.2023 14:59:32; 850; -0.01221071; 203; Before; 1.287643; null
7; Driver; Noise; Intention; 23.09.2023 14:59:32; 850; -0.01221041; 203; Before; 1.287643; null
7; Driver; Noise; Intention; 23.09.2023 14:59:32; 850; -0.01221149; 203; Before; 1.321089; null
7; Driver; Noise; Intention; 23.09.2023 14:59:32; 850; -0.01221345; 203; Before; 1.338316; null
7; Driver; Noise; Intention; 23.09.2023 14:59:32; 850; -0.01221583; 203; Before; 1.353928; null
7; Driver; Noise; Intention; 23.09.2023 14:59:32; 850; -0.01221706; 203; Before; 1.387376; null
7; Driver; Noise; Intention; 23.09.2023 14:59:32; 850; -0.01221942; 203; Before; 1.387376; null
7; Driver; Noise; Intention; 23.09.2023 14:59:32; 850; -0.01222144; 203; Before; 1.420776; null
7; Driver; Noise; Intention; 23.09.2023 14:59:32; 850; -0.01222301; 203; Before; 1.437699; null
7; Driver; Noise; Intention; 23.09.2023 14:59:32; 850; -0.01222409; 203; Before; 1.454062; null
7; Driver; Noise; Intention; 23.09.2023 14:59:32; 850; -0.01222445; 203; Before; 1.487752; null
7; Driver; Noise; Intention; 23.09.2023 14:59:32; 850; -0.01222484; 203; Before; 1.487752; null
7; Driver; Noise; Intention; 23.09.2023 14:59:32; 850; -0.01222485; 203; Before; 1.522084; null
7; Driver; Noise; Intention; 23.09.2023 14:59:32; 850; -0.01222459; 203; Before; 1.539379; null
7; Driver; Noise; Intention; 23.09.2023 14:59:32; 850; -0.01222417; 203; Before; 1.555011; null
7; Driver; Noise; Intention; 23.09.2023 14:59:32; 850; -0.01222369; 203; Before; 1.572043; null
7; Driver; Noise; Intention; 23.09.2023 14:59:32; 850; -0.01222344; 203; Before; 1.590637; null
7; Driver; Noise; Intention; 23.09.2023 14:59:32; 850; -0.01222297; 203; Before; 1.61114; null
7; Driver; Noise; Intention; 23.09.2023 14:59:32; 850; -0.01222276; 203; Before; 1.643988; null
7; Driver; Noise; Intention; 23.09.2023 14:59:32; 850; -0.01222226; 203; Before; 1.661705; null
7; Driver; Noise; Intention; 23.09.2023 14:59:32; 850; -0.01222206; 203; Before; 1.67983; null
7; Driver; Noise; Intention; 23.09.2023 14:59:32; 850; -0.01222201; 203; Before; 1.696361; null
7; Driver; Noise; Intention; 23.09.2023 14:59:32; 850; -0.01222197; 203; Before; 1.713191; null
7; Driver; Noise; Intention; 23.09.2023 14:59:32; 850; -0.01222197; 203; Before; 1.746106; null
7; Driver; Noise; Intention; 23.09.2023 14:59:32; 850; -0.01222206; 203; Before; 1.7628; null
7; Driver; Noise; Intention; 23.09.2023 14:59:33; 850; -0.01222215; 203; Before; 1.778548; null
7; Driver; Noise; Intention; 23.09.2023 14:59:33; 850; -0.0122222; 203; Before; 1.794245; null
7; Driver; Noise; Intention; 23.09.2023 14:59:33; 850; -0.01222231; 203; Before; 1.811011; null
7; Driver; Noise; Intention; 23.09.2023 14:59:33; 850; -0.01222236; 203; Before; 1.844283; null
7; Driver; Noise; Intention; 23.09.2023 14:59:33; 850; -0.01222248; 203; Before; 1.861926; null
7; Driver; Noise; Intention; 23.09.2023 14:59:33; 850; -0.01222253; 203; Before; 1.879555; null
7; Driver; Noise; Intention; 23.09.2023 14:59:33; 850; -0.01222255; 203; Before; 1.894607; null
7; Driver; Noise; Intention; 23.09.2023 14:59:33; 850; -0.01222258; 203; Before; 1.91253; null
7; Driver; Noise; Intention; 23.09.2023 14:59:33; 850; -0.01222258; 203; Before; 1.94765; null
7; Driver; Noise; Intention; 23.09.2023 14:59:33; 850; -0.01222259; 203; Before; 1.964281; null
7; Driver; Noise; Intention; 23.09.2023 14:59:33; 850; -0.01222258; 203; Before; 1.979645; null
7; Driver; Noise; Intention; 23.09.2023 14:59:33; 850; -0.01222256; 203; Before; 1.993973; null
7; Driver; Noise; Intention; 23.09.2023 14:59:33; 850; -0.01222255; 203; Before; 2.02543; null
7; Driver; Noise; Intention; 23.09.2023 14:59:33; 850; -0.01222251; 203; Before; 2.040686; null
7; Driver; Noise; Intention; 23.09.2023 14:59:33; 850; -0.01222249; 203; Before; 2.070888; null
7; Driver; Noise; Intention; 23.09.2023 14:59:33; 850; -0.01222248; 203; Before; 2.086352; null
7; Driver; Noise; Intention; 23.09.2023 14:59:33; 850; -0.01222247; 203; Before; 2.102458; null
7; Driver; Noise; Intention; 23.09.2023 14:59:33; 850; -0.01222247; 203; Before; 2.118814; null
7; Driver; Noise; Intention; 23.09.2023 14:59:33; 850; -0.01222247; 203; Before; 2.148631; null
7; Driver; Noise; Intention; 23.09.2023 14:59:33; 850; -0.01222247; 203; Before; 2.163844; null
7; Driver; Noise; Intention; 23.09.2023 14:59:33; 850; -0.01222247; 203; Before; 2.179599; null
7; Driver; Noise; Intention; 23.09.2023 14:59:33; 850; -0.01222247; 203; Before; 2.195766; null
7; Driver; Noise; Intention; 23.09.2023 14:59:33; 850; -0.01222247; 203; Before; 2.211812; null
7; Driver; Noise; Intention; 23.09.2023 14:59:33; 850; -0.01222248; 203; Before; 2.242198; null
7; Driver; Noise; Intention; 23.09.2023 14:59:33; 850; -0.01222248; 203; Before; 2.258826; null
7; Driver; Noise; Intention; 23.09.2023 14:59:33; 850; -0.01222248; 203; Before; 2.273364; null
7; Driver; Noise; Intention; 23.09.2023 14:59:33; 850; -0.01222249; 203; Before; 2.290782; null
7; Driver; Noise; Intention; 23.09.2023 14:59:33; 850; -0.01222249; 203; Before; 2.326057; null
7; Driver; Noise; Intention; 23.09.2023 14:59:33; 850; -0.0122225; 203; Before; 2.341301; null
7; Driver; Noise; Intention; 23.09.2023 14:59:33; 850; -0.0122225; 203; Before; 2.357106; null
7; Driver; Noise; Intention; 23.09.2023 14:59:33; 850; -0.0122225; 203; Before; 2.388926; null
7; Driver; Noise; Intention; 23.09.2023 14:59:33; 850; -0.0122225; 203; Before; 2.404784; null
7; Driver; Noise; Intention; 23.09.2023 14:59:33; 850; -0.0122225; 203; Before; 2.41925; null
7; Driver; Noise; Intention; 23.09.2023 14:59:33; 850; -0.0122225; 203; Before; 2.434121; null
7; Driver; Noise; Intention; 23.09.2023 14:59:33; 850; -0.0122225; 203; Before; 2.466946; null
7; Driver; Noise; Intention; 23.09.2023 14:59:33; 850; -0.01222249; 203; Before; 2.48426; null
7; Driver; Noise; Intention; 23.09.2023 14:59:33; 850; -0.01222249; 203; Before; 2.499107; null
7; Driver; Noise; Intention; 23.09.2023 14:59:33; 850; -0.01222249; 203; Before; 2.514189; null
7; Driver; Noise; Intention; 23.09.2023 14:59:33; 850; -0.01222248; 203; Before; 2.543935; null
7; Driver; Noise; Intention; 23.09.2023 14:59:33; 850; -0.01222248; 203; Before; 2.559006; null
7; Driver; Noise; Intention; 23.09.2023 14:59:33; 850; -0.01222248; 203; Before; 2.589743; null
7; Driver; Noise; Intention; 23.09.2023 14:59:33; 850; -0.01222247; 203; Before; 2.589743; null
7; Driver; Noise; Intention; 23.09.2023 14:59:33; 850; -0.01222247; 203; Before; 2.621384; null
7; Driver; Noise; Intention; 23.09.2023 14:59:33; 850; -0.01222247; 203; Before; 2.637113; null
7; Driver; Noise; Intention; 23.09.2023 14:59:33; 850; -0.01222247; 203; Before; 2.665282; null
7; Driver; Noise; Intention; 23.09.2023 14:59:33; 850; -0.01222247; 203; Before; 2.68123; null
7; Driver; Noise; Intention; 23.09.2023 14:59:33; 850; -0.01222247; 203; Before; 2.696094; null
7; Driver; Noise; Intention; 23.09.2023 14:59:33; 850; -0.01222247; 203; Before; 2.71003; null
7; Driver; Noise; Intention; 23.09.2023 14:59:33; 850; -0.01222248; 203; Before; 2.742771; null
7; Driver; Noise; Intention; 23.09.2023 14:59:33; 850; -0.01222248; 203; Before; 2.758902; null
7; Driver; Noise; Intention; 23.09.2023 14:59:34; 850; -0.01222248; 203; Before; 2.787139; null
7; Driver; Noise; Intention; 23.09.2023 14:59:34; 850; -0.01222248; 203; Before; 2.804641; null
7; Driver; Noise; Intention; 23.09.2023 14:59:34; 850; -0.01222249; 203; Before; 2.818875; null
7; Driver; Noise; Intention; 23.09.2023 14:59:34; 850; -0.01222249; 203; Before; 2.847557; null
7; Driver; Noise; Intention; 23.09.2023 14:59:34; 850; -0.0122225; 203; Before; 2.863129; null
7; Driver; Noise; Intention; 23.09.2023 14:59:34; 850; -0.0122225; 203; Before; 2.878749; null
7; Driver; Noise; Intention; 23.09.2023 14:59:34; 850; -0.0122225; 203; Before; 2.895333; null
7; Driver; Noise; Intention; 23.09.2023 14:59:34; 850; -0.0122225; 203; Before; 2.91263; Checking Box Human
7; Driver; Noise; Intention; 23.09.2023 14:59:34; 850; -0.0122225; 203; Before; 2.943816; Checking Box Human
7; Driver; Noise; Intention; 23.09.2023 14:59:34; 850; -0.0122225; 203; Before; 2.960452; Checking Box Human
7; Driver; Noise; Intention; 23.09.2023 14:59:34; 850; -0.0122225; 203; Before; 2.988946; Checking Box Human
7; Driver; Noise; Intention; 23.09.2023 14:59:34; 850; -0.01222249; 203; Before; 3.00384; null
7; Driver; Noise; Intention; 23.09.2023 14:59:34; 850; -0.01222249; 203; Before; 3.018587; null
7; Driver; Noise; Intention; 23.09.2023 14:59:34; 850; -0.01222249; 203; Before; 3.032341; null
7; Driver; Noise; Intention; 23.09.2023 14:59:34; 850; -0.01222248; 203; Before; 3.065617; null
7; Driver; Noise; Intention; 23.09.2023 14:59:34; 850; -0.01222248; 203; Before; 3.081578; null
7; Driver; Noise; Intention; 23.09.2023 14:59:34; 850; -0.01222248; 203; Before; 3.098012; null
7; Driver; Noise; Intention; 23.09.2023 14:59:34; 850; -0.01222248; 203; Before; 3.112937; null
7; Driver; Noise; Intention; 23.09.2023 14:59:34; 850; -0.01222248; 203; Before; 3.143505; null
7; Driver; Noise; Intention; 23.09.2023 14:59:34; 850; -0.01222248; 203; Before; 3.159383; null
7; Driver; Noise; Intention; 23.09.2023 14:59:34; 850; -0.01222248; 203; Before; 3.187329; null
7; Driver; Noise; Intention; 23.09.2023 14:59:34; 850; -0.01222248; 203; Before; 3.203272; null
7; Driver; Noise; Intention; 23.09.2023 14:59:34; 850; -0.01222248; 203; Before; 3.218475; null
7; Driver; Noise; Intention; 23.09.2023 14:59:34; 850; -0.01222248; 203; Before; 3.248497; null
7; Driver; Noise; Intention; 23.09.2023 14:59:34; 850; -0.01222249; 203; Before; 3.263319; null
7; Driver; Noise; Intention; 23.09.2023 14:59:34; 850; -0.01222249; 203; Before; 3.293165; Checking Box AICar
7; Driver; Noise; Intention; 23.09.2023 14:59:34; 850; -0.01222249; 203; Before; 3.293165; Checking Box AICar
7; Driver; Noise; Intention; 23.09.2023 14:59:34; 850; -0.01222249; 203; Before; 3.322492; Checking Box AICar
7; Driver; Noise; Intention; 23.09.2023 14:59:34; 850; -0.0122225; 203; Before; 3.337286; Checking Box AICar
7; Driver; Noise; Intention; 23.09.2023 14:59:34; 850; -0.0122225; 203; Before; 3.364862; Checking Box Human Car
7; Driver; Noise; Intention; 23.09.2023 14:59:34; 850; -0.0122225; 203; Before; 3.381004; Checking Box Human Car
7; Driver; Noise; Intention; 23.09.2023 14:59:34; 850; -0.0122225; 203; Before; 3.402882; Checking Box Human Car
7; Driver; Noise; Intention; 23.09.2023 14:59:34; 850; -0.0122225; 203; Before; 3.418015; Checking Box Human Car
7; Driver; Noise; Intention; 23.09.2023 14:59:34; 850; -0.01222249; 203; Before; 3.446506; Checking Box Human Car
7; Driver; Noise; Intention; 23.09.2023 14:59:34; 850; -0.01222249; 203; Before; 3.461319; Checking Box Human Car
7; Driver; Noise; Intention; 23.09.2023 14:59:34; 850; -0.01222248; 203; Before; 3.4893; Checking Box Human Car
7; Driver; Noise; Intention; 23.09.2023 14:59:34; 850; -0.01222248; 203; Before; 3.504083; Checking Box Human Car
7; Driver; Noise; Intention; 23.09.2023 14:59:34; 850; -0.01222248; 203; Before; 3.518195; Checking Box Human Car
7; Driver; Noise; Intention; 23.09.2023 14:59:34; 850; -0.01222248; 203; Before; 3.532808; Checking Box Human Car
7; Driver; Noise; Intention; 23.09.2023 14:59:34; 850; -0.01222248; 203; Before; 3.569997; Checking Box Human Car
7; Driver; Noise; Intention; 23.09.2023 14:59:34; 850; -0.01222248; 203; Before; 3.58503; Checking Box Human Car
7; Driver; Noise; Intention; 23.09.2023 14:59:34; 850; -0.01222248; 203; Before; 3.599756; Checking Box Human Car
7; Driver; Noise; Intention; 23.09.2023 14:59:34; 850; -0.01222248; 203; Before; 3.613244; Checking Box Human Car
7; Driver; Noise; Intention; 23.09.2023 14:59:34; 850; -0.01222248; 203; Before; 3.642847; Checking Box Human Car
7; Driver; Noise; Intention; 23.09.2023 14:59:34; 850; -0.01222249; 203; Before; 3.657923; Checking Box Human Car
7; Driver; Noise; Intention; 23.09.2023 14:59:34; 850; -0.01222249; 203; Before; 3.687119; null
7; Driver; Noise; Intention; 23.09.2023 14:59:34; 850; -0.01222249; 203; Before; 3.702669; null
7; Driver; Noise; Intention; 23.09.2023 14:59:34; 850; -0.01222249; 203; Before; 3.716582; null
7; Driver; Noise; Intention; 23.09.2023 14:59:34; 850; -0.01222249; 203; Before; 3.744619; null
7; Driver; Noise; Intention; 23.09.2023 14:59:34; 850; -0.01222249; 203; Before; 3.760376; null
7; Driver; Noise; Intention; 23.09.2023 14:59:35; 850; -0.01222249; 203; Before; 3.787545; null
7; Driver; Noise; Intention; 23.09.2023 14:59:35; 850; -0.01222249; 203; Before; 3.802838; null
7; Driver; Noise; Intention; 23.09.2023 14:59:35; 850; -0.01222249; 203; Before; 3.819216; null
7; Driver; Noise; Intention; 23.09.2023 14:59:35; 850; -0.01222249; 203; Before; 3.833238; null
7; Driver; Noise; Intention; 23.09.2023 14:59:35; 850; -0.01222249; 203; Before; 3.850736; null
7; Driver; Noise; Intention; 23.09.2023 14:59:35; 850; -0.01222249; 203; Before; 3.889971; null
7; Driver; Noise; Intention; 23.09.2023 14:59:35; 850; -0.01222249; 203; Before; 3.889971; null
7; Driver; Noise; Intention; 23.09.2023 14:59:35; 850; -0.01222249; 203; Before; 3.920074; null
7; Driver; Noise; Intention; 23.09.2023 14:59:35; 850; -0.01222249; 203; Before; 3.949028; null
7; Driver; Noise; Intention; 23.09.2023 14:59:35; 850; -0.01222249; 203; Before; 3.963669; null
7; Driver; Noise; Intention; 23.09.2023 14:59:35; 850; -0.01222249; 203; Before; 3.993747; null
7; Driver; Noise; Intention; 23.09.2023 14:59:35; 850; -0.01222249; 203; Before; 3.993747; null
7; Driver; Noise; Intention; 23.09.2023 14:59:35; 850; -0.01222249; 203; Before; 4.024207; null
7; Driver; Noise; Intention; 23.09.2023 14:59:35; 850; -0.01222249; 203; Before; 4.040234; null
7; Driver; Noise; Intention; 23.09.2023 14:59:35; 850; -0.01222249; 203; Before; 4.069512; null
7; Driver; Noise; Intention; 23.09.2023 14:59:35; 850; -0.01222249; 203; Before; 4.084276; null
7; Driver; Noise; Intention; 23.09.2023 14:59:35; 850; -0.01222249; 203; Before; 4.100866; null
7; Driver; Noise; Intention; 23.09.2023 14:59:35; 850; -0.01222249; 203; Before; 4.116899; null
7; Driver; Noise; Intention; 23.09.2023 14:59:35; 850; -0.01222249; 203; Before; 4.132874; null
7; Driver; Noise; Intention; 23.09.2023 14:59:35; 850; -0.01222249; 203; Before; 4.164505; null
7; Driver; Noise; Intention; 23.09.2023 14:59:35; 850; -0.01222249; 203; Before; 4.180941; null
7; Driver; Noise; Intention; 23.09.2023 14:59:35; 850; -0.01222249; 203; Before; 4.196384; null
7; Driver; Noise; Intention; 23.09.2023 14:59:35; 850; -0.01222249; 203; Before; 4.210509; null
7; Driver; Noise; Intention; 23.09.2023 14:59:35; 850; -0.01222249; 203; Before; 4.243886; null
7; Driver; Noise; Intention; 23.09.2023 14:59:35; 850; -0.01222249; 203; Before; 4.260611; null
7; Driver; Noise; Intention; 23.09.2023 14:59:35; 850; -0.01222249; 203; Before; 4.290548; null
7; Driver; Noise; Intention; 23.09.2023 14:59:35; 850; -0.01222249; 203; Before; 4.290548; null
7; Driver; Noise; Intention; 23.09.2023 14:59:35; 850; -0.01222249; 203; Before; 4.32069; null
7; Driver; Noise; Intention; 23.09.2023 14:59:35; 850; -0.01222249; 203; Before; 4.337733; null
7; Driver; Noise; Intention; 23.09.2023 14:59:35; 850; -0.01222249; 203; Before; 4.354305; null
7; Driver; Noise; Intention; 23.09.2023 14:59:35; 850; -0.01222249; 203; Before; 4.388494; null
7; Driver; Noise; Intention; 23.09.2023 14:59:35; 850; -0.01222249; 203; Before; 4.404073; null
7; Driver; Noise; Intention; 23.09.2023 14:59:35; 850; -0.01222249; 203; Before; 4.419843; null
7; Driver; Noise; Intention; 23.09.2023 14:59:35; 850; -0.01222249; 203; Before; 4.433379; null
7; Driver; Noise; Intention; 23.09.2023 14:59:35; 850; -0.01222249; 203; Before; 4.464513; null
7; Driver; Noise; Intention; 23.09.2023 14:59:35; 850; -0.01222249; 203; Before; 4.480376; null
7; Driver; Noise; Intention; 23.09.2023 14:59:35; 850; -0.01222249; 203; Before; 4.495275; null
7; Driver; Noise; Intention; 23.09.2023 14:59:35; 850; -0.01222249; 203; Before; 4.512331; null
7; Driver; Noise; Intention; 23.09.2023 14:59:35; 850; -0.01222249; 203; Before; 4.545445; null
7; Driver; Noise; Intention; 23.09.2023 14:59:35; 850; -0.01222249; 203; Before; 4.561204; null
7; Driver; Noise; Intention; 23.09.2023 14:59:35; 850; -0.01222249; 203; Before; 4.576624; null
7; Driver; Noise; Intention; 23.09.2023 14:59:35; 850; -0.01222249; 203; Before; 4.592677; Checking Box Human
7; Driver; Noise; Intention; 23.09.2023 14:59:35; 850; -0.01222249; 203; Before; 4.625697; Checking Box Human
7; Driver; Noise; Intention; 23.09.2023 14:59:35; 850; -0.01222249; 203; Before; 4.625697; Checking Box Human
7; Driver; Noise; Intention; 23.09.2023 14:59:35; 850; -0.01222249; 203; Before; 4.665147; null
7; Driver; Noise; Intention; 23.09.2023 14:59:35; 850; -0.01222249; 203; Before; 4.682771; null
7; Driver; Noise; Intention; 23.09.2023 14:59:35; 850; -0.01222249; 203; Before; 4.698844; Checking Box AICar
7; Driver; Noise; Intention; 23.09.2023 14:59:35; 850; -0.01222249; 203; Before; 4.714276; Checking Box AICar
7; Driver; Noise; Intention; 23.09.2023 14:59:35; 850; -0.01222249; 203; Before; 4.746194; Checking Box AICar
7; Driver; Noise; Intention; 23.09.2023 14:59:35; 850; -0.01222249; 203; Before; 4.762447; Checking Box AICar
7; Driver; Noise; Intention; 23.09.2023 14:59:36; 850; -0.01222249; 203; Before; 4.777505; Checking Box Human Car
7; Driver; Noise; Intention; 23.09.2023 14:59:36; 850; -0.01222249; 203; Before; 4.794013; Checking Box Human Car
7; Driver; Noise; Intention; 23.09.2023 14:59:36; 850; -0.01222249; 203; Before; 4.816758; Checking Box Human Car
7; Driver; Noise; Intention; 23.09.2023 14:59:36; 850; -0.01222249; 203; Before; 4.847377; Checking Box Human Car
7; Driver; Noise; Intention; 23.09.2023 14:59:36; 850; -0.01222249; 203; Before; 4.863593; Checking Box Human Car
7; Driver; Noise; Intention; 23.09.2023 14:59:36; 850; -0.01222249; 203; Before; 4.880086; Checking Box Human Car
7; Driver; Noise; Intention; 23.09.2023 14:59:36; 850; -0.01222249; 203; Before; 4.897431; Checking Box Human Car
7; Driver; Noise; Intention; 23.09.2023 14:59:36; 850; -0.01222249; 203; Before; 4.914115; Checking Box Human Car
7; Driver; Noise; Intention; 23.09.2023 14:59:36; 850; -0.01222249; 203; Before; 4.932579; Checking Box Human Car
7; Driver; Noise; Intention; 23.09.2023 14:59:36; 850; -0.01222249; 203; Before; 4.932579; Checking Box Human Car
7; Driver; Noise; Intention; 23.09.2023 14:59:36; 850; -0.01222249; 203; Before; 4.988696; Checking Box Human Car
7; Driver; Noise; Intention; 23.09.2023 14:59:36; 850; -0.01222249; 203; Before; 4.988696; Checking Box Human Car
7; Driver; Noise; Intention; 23.09.2023 14:59:36; 850; -0.01222249; 203; Before; 5.02279; Checking Box Human Car
7; Driver; Noise; Intention; 23.09.2023 14:59:36; 850; -0.01222249; 203; Before; 5.040905; Checking Box Human Car
7; Driver; Noise; Intention; 23.09.2023 14:59:36; 850; -0.01222249; 203; Before; 5.057574; Checking Box Human Car
7; Driver; Noise; Intention; 23.09.2023 14:59:36; 850; -0.01222249; 203; Before; 5.088952; Checking Box Human Car
7; Driver; Noise; Intention; 23.09.2023 14:59:36; 850; -0.01222249; 203; Before; 5.088952; Checking Box Human Car
7; Driver; Noise; Intention; 23.09.2023 14:59:36; 850; -0.01222249; 203; Before; 5.120644; Checking Box Human Car
7; Driver; Noise; Intention; 23.09.2023 14:59:36; 850; -0.01222249; 203; Before; 5.136652; Checking Box Human Car
7; Driver; Noise; Intention; 23.09.2023 14:59:36; 850; -0.01222249; 203; Before; 5.16832; Checking Box Human Car
7; Driver; Noise; Intention; 23.09.2023 14:59:36; 850; -0.01222249; 203; Before; 5.18441; Checking Box Human Car
7; Driver; Noise; Intention; 23.09.2023 14:59:36; 850; -0.01222249; 203; Before; 5.200218; Checking Box Human Car
7; Driver; Noise; Intention; 23.09.2023 14:59:36; 850; -0.01222249; 203; Before; 5.215808; Checking Box Human Car
7; Driver; Noise; Intention; 23.09.2023 14:59:36; 850; -0.01222249; 203; Before; 5.248029; Checking Box Human Car
7; Driver; Noise; Intention; 23.09.2023 14:59:36; 850; -0.01222249; 203; Before; 5.263328; Checking Box Human Car
7; Driver; Noise; Intention; 23.09.2023 14:59:36; 850; -0.01222249; 203; Before; 5.280302; Checking Box Human Car
7; Driver; Noise; Intention; 23.09.2023 14:59:36; 850; -0.01222249; 203; Before; 5.296257; Checking Box Human Car
7; Driver; Noise; Intention; 23.09.2023 14:59:36; 850; -0.01222249; 203; Before; 5.310141; Checking Box Human Car
7; Driver; Noise; Intention; 23.09.2023 14:59:36; 850; -0.01222249; 203; Before; 5.343532; Checking Box Human Car
7; Driver; Noise; Intention; 23.09.2023 14:59:36; 850; -0.01222249; 203; Before; 5.361017; Checking Box Human Car
7; Driver; Noise; Intention; 23.09.2023 14:59:36; 850; -0.01222249; 203; Before; 5.377774; Checking Box Human Car
7; Driver; Noise; Intention; 23.09.2023 14:59:36; 850; -0.01222249; 203; Before; 5.393227; Checking Box Human Car
7; Driver; Noise; Intention; 23.09.2023 14:59:36; 850; -0.01222249; 203; Before; 5.42521; Checking Box Human Car
7; Driver; Noise; Intention; 23.09.2023 14:59:36; 850; -0.01222249; 203; Before; 5.441381; Checking Box Human Car
7; Driver; Noise; Intention; 23.09.2023 14:59:36; 850; -0.01222249; 203; Before; 5.457468; Checking Box Human Car
7; Driver; Noise; Intention; 23.09.2023 14:59:36; 850; -0.01222249; 203; Before; 5.488643; Checking Box Human Car
7; Driver; Noise; Intention; 23.09.2023 14:59:36; 850; -0.01222249; 203; Before; 5.50406; Checking Box Human Car
7; Driver; Noise; Intention; 23.09.2023 14:59:36; 850; -0.01222249; 203; Before; 5.518922; Checking Box Human Car
7; Driver; Noise; Intention; 23.09.2023 14:59:36; 850; -0.01222249; 203; Before; 5.533338; Checking Box Human Car
7; Driver; Noise; Intention; 23.09.2023 14:59:36; 850; -0.01222249; 203; Before; 5.565073; Checking Box Human Car
7; Driver; Noise; Intention; 23.09.2023 14:59:36; 850; -0.01222249; 203; Before; 5.58021; Checking Box Human Car
7; Driver; Noise; Intention; 23.09.2023 14:59:36; 850; -0.01222249; 203; Before; 5.595547; Checking Box Human Car
7; Driver; Noise; Intention; 23.09.2023 14:59:36; 850; -0.01222249; 203; Before; 5.625145; Checking Box Human Car
7; Driver; Noise; Intention; 23.09.2023 14:59:36; 850; -0.01222249; 203; Before; 5.640647; Checking Box Human Car
7; Driver; Noise; Intention; 23.09.2023 14:59:36; 850; -0.01222249; 203; Before; 5.669806; Checking Box Human Car
7; Driver; Noise; Intention; 23.09.2023 14:59:36; 850; -0.01222249; 203; Before; 5.684373; Checking Box Human Car
7; Driver; Noise; Intention; 23.09.2023 14:59:36; 850; -0.01222249; 203; Before; 5.699357; Checking Box Human Car
7; Driver; Noise; Intention; 23.09.2023 14:59:36; 850; -0.01222249; 203; Before; 5.713622; Checking Box Human Car
7; Driver; Noise; Intention; 23.09.2023 14:59:36; 850; -0.01222249; 203; Before; 5.743602; Checking Box Human Car
7; Driver; Noise; Intention; 23.09.2023 14:59:36; 850; -0.01222249; 203; Before; 5.758881; Checking Box Human Car
7; Driver; Noise; Intention; 23.09.2023 14:59:37; 850; -0.01222249; 203; Before; 5.78977; Checking Box Human Car
7; Driver; Noise; Intention; 23.09.2023 14:59:37; 850; -0.01222249; 203; Before; 5.78977; Checking Box Human Car
7; Driver; Noise; Intention; 23.09.2023 14:59:37; 850; -0.01222249; 203; Before; 5.820464; Checking Box Human Car
7; Driver; Noise; Intention; 23.09.2023 14:59:37; 850; -0.01222249; 203; Before; 5.83615; Checking Box Human Car
7; Driver; Noise; Intention; 23.09.2023 14:59:37; 850; -0.01222249; 203; Before; 5.866821; Checking Box Human Car
7; Driver; Noise; Intention; 23.09.2023 14:59:37; 850; -0.01222249; 203; Before; 5.881808; Checking Box Human Car
7; Driver; Noise; Intention; 23.09.2023 14:59:37; 850; -0.01222249; 203; Before; 5.897878; Checking Box Human Car
7; Driver; Noise; Intention; 23.09.2023 14:59:37; 850; -0.01222249; 203; Before; 5.913652; Checking Box Human Car
7; Driver; Noise; Intention; 23.09.2023 14:59:37; 850; -0.01222249; 203; Before; 5.944951; Checking Box Human Car
7; Driver; Noise; Intention; 23.09.2023 14:59:37; 850; -0.01222249; 203; Before; 5.960318; Checking Box Human Car
7; Driver; Noise; Intention; 23.09.2023 14:59:37; 850; -0.01222249; 203; Before; 5.992479; Checking Box Human Car
7; Driver; Noise; Intention; 23.09.2023 14:59:37; 850; -0.01222249; 203; Before; 5.992479; Checking Box Human Car
7; Driver; Noise; Intention; 23.09.2023 14:59:37; 850; -0.01222249; 203; Before; 6.022558; Checking Box Human Car
7; Driver; Noise; Intention; 23.09.2023 14:59:37; 850; -0.01222249; 203; Before; 6.039875; Checking Box Human Car
7; Driver; Noise; Intention; 23.09.2023 14:59:37; 850; -0.01222249; 203; Before; 6.071381; Checking Box Human Car
7; Driver; Noise; Intention; 23.09.2023 14:59:37; 850; -0.01222249; 203; Before; 6.086007; Checking Box Human Car
7; Driver; Noise; Intention; 23.09.2023 14:59:37; 850; -0.01222249; 203; Before; 6.101636; Checking Box Human Car
7; Driver; Noise; Intention; 23.09.2023 14:59:37; 850; -0.01222249; 203; Before; 6.116738; Checking Box Human Car
7; Driver; Noise; Intention; 23.09.2023 14:59:37; 850; -0.01222249; 203; Before; 6.148201; Checking Box Human
7; Driver; Noise; Intention; 23.09.2023 14:59:37; 850; -0.01222249; 203; Before; 6.164059; null
7; Driver; Noise; Intention; 23.09.2023 14:59:37; 850; -0.01222249; 203; Before; 6.179998; null
7; Driver; Noise; Intention; 23.09.2023 14:59:37; 850; -0.01222249; 203; Before; 6.194988; null
7; Driver; Noise; Intention; 23.09.2023 14:59:37; 850; -0.01222249; 203; Before; 6.211935; null
7; Driver; Noise; Intention; 23.09.2023 14:59:37; 850; -0.01222249; 203; Before; 6.238798; null
7; Driver; Noise; Intention; 23.09.2023 14:59:37; 850; -0.01222249; 203; Before; 6.271433; null
7; Driver; Noise; Intention; 23.09.2023 14:59:37; 850; -0.01222249; 203; Before; 6.285424; null
7; Driver; Noise; Intention; 23.09.2023 14:59:37; 850; -0.01222249; 203; Before; 6.300782; null
7; Driver; Noise; Intention; 23.09.2023 14:59:37; 850; -0.01222249; 203; Before; 6.317605; null
7; Driver; Noise; Intention; 23.09.2023 14:59:37; 850; -0.01222249; 203; Before; 6.347404; null
7; Driver; Noise; Intention; 23.09.2023 14:59:37; 850; -0.01222249; 203; Before; 6.362837; null
7; Driver; Noise; Intention; 23.09.2023 14:59:37; 850; -0.01222249; 203; Before; 6.393095; null
7; Driver; Noise; Intention; 23.09.2023 14:59:37; 850; -0.01222249; 203; Before; 6.393095; null
7; Driver; Noise; Intention; 23.09.2023 14:59:37; 850; -0.01222249; 203; Before; 6.424942; null
7; Driver; Noise; Intention; 23.09.2023 14:59:37; 850; -0.01222249; 203; Before; 6.441441; null
7; Driver; Noise; Intention; 23.09.2023 14:59:37; 850; -0.01222249; 203; Before; 6.459348; null
7; Driver; Noise; Intention; 23.09.2023 14:59:37; 850; -0.01222249; 203; Before; 6.492408; null
7; Driver; Noise; Intention; 23.09.2023 14:59:37; 850; -0.01222249; 203; Before; 6.492408; null
7; Driver; Noise; Intention; 23.09.2023 14:59:37; 850; -0.01222249; 203; Before; 6.523679; null
7; Driver; Noise; Intention; 23.09.2023 14:59:37; 850; -0.01222249; 203; Before; 6.539564; null
7; Driver; Noise; Intention; 23.09.2023 14:59:37; 850; -0.01222249; 203; Before; 6.567929; null
7; Driver; Noise; Intention; 23.09.2023 14:59:37; 850; -0.01222249; 203; Before; 6.582734; null
7; Driver; Noise; Intention; 23.09.2023 14:59:37; 850; -0.01222249; 203; Before; 6.598445; null
7; Driver; Noise; Intention; 23.09.2023 14:59:37; 850; -0.01222249; 203; Before; 6.613315; null
7; Driver; Noise; Intention; 23.09.2023 14:59:37; 850; -0.01222249; 203; Before; 6.644709; null
7; Driver; Noise; Intention; 23.09.2023 14:59:37; 850; -0.01222249; 203; Before; 6.660018; null
7; Driver; Noise; Intention; 23.09.2023 14:59:37; 850; -0.01222249; 203; Before; 6.689602; null
7; Driver; Noise; Intention; 23.09.2023 14:59:37; 850; -0.01222249; 203; Before; 6.705081; null
7; Driver; Noise; Intention; 23.09.2023 14:59:37; 850; -0.01222249; 203; Before; 6.719989; null
7; Driver; Noise; Intention; 23.09.2023 14:59:37; 850; -0.01222249; 203; Before; 6.734859; null
7; Driver; Noise; Intention; 23.09.2023 14:59:37; 850; -0.01222249; 203; Before; 6.76562; null
7; Driver; Noise; Intention; 23.09.2023 14:59:38; 850; -0.01222249; 203; Before; 6.781112; null
7; Driver; Noise; Intention; 23.09.2023 14:59:38; 850; -0.01222249; 203; Before; 6.795422; null
7; Driver; Noise; Intention; 23.09.2023 14:59:38; 850; -0.01222249; 203; Before; 6.809914; null
7; Driver; Noise; Intention; 23.09.2023 14:59:38; 850; -0.01222249; 203; Before; 6.843678; null
7; Driver; Noise; Intention; 23.09.2023 14:59:38; 850; -0.01222249; 203; Before; 6.860038; null
7; Driver; Noise; Intention; 23.09.2023 14:59:38; 850; -0.01222249; 203; Before; 6.889142; null
7; Driver; Noise; Intention; 23.09.2023 14:59:38; 850; -0.01222249; 203; Before; 6.889142; null
7; Driver; Noise; Intention; 23.09.2023 14:59:38; 850; -0.01222249; 203; Before; 6.921222; null
7; Driver; Noise; Intention; 23.09.2023 14:59:38; 850; -0.01222249; 203; Before; 6.936951; null
7; Driver; Noise; Intention; 23.09.2023 14:59:38; 850; -0.01222249; 203; Before; 6.965674; null
7; Driver; Noise; Intention; 23.09.2023 14:59:38; 850; -0.01222249; 203; Before; 6.982147; null
7; Driver; Noise; Intention; 23.09.2023 14:59:38; 850; -0.01222249; 203; Before; 6.997838; null
7; Driver; Noise; Intention; 23.09.2023 14:59:38; 850; -0.01222249; 203; Before; 7.013125; null
7; Driver; Noise; Intention; 23.09.2023 14:59:38; 850; -0.01222249; 203; Before; 7.045415; null
7; Driver; Noise; Intention; 23.09.2023 14:59:38; 850; -0.01222249; 203; Before; 7.061323; null
7; Driver; Noise; Intention; 23.09.2023 14:59:38; 850; -0.01222249; 203; Before; 7.091794; null
7; Driver; Noise; Intention; 23.09.2023 14:59:38; 850; -0.01222249; 203; Before; 7.091794; null
7; Driver; Noise; Intention; 23.09.2023 14:59:38; 850; -0.01222249; 203; Before; 7.122537; null
7; Driver; Noise; Intention; 23.09.2023 14:59:38; 850; -0.01222249; 203; Before; 7.13902; null
7; Driver; Noise; Intention; 23.09.2023 14:59:38; 850; -0.01222249; 203; Before; 7.168238; null
7; Driver; Noise; Intention; 23.09.2023 14:59:38; 850; -0.01222249; 203; Before; 7.183517; null
7; Driver; Noise; Intention; 23.09.2023 14:59:38; 850; -0.01222249; 203; Before; 7.20035; null
7; Driver; Noise; Intention; 23.09.2023 14:59:38; 850; -0.01222249; 203; Before; 7.215902; null
7; Driver; Noise; Intention; 23.09.2023 14:59:38; 850; -0.01222249; 203; Before; 7.248558; null
7; Driver; Noise; Intention; 23.09.2023 14:59:38; 850; -0.01222249; 203; Before; 7.264004; null
7; Driver; Noise; Intention; 23.09.2023 14:59:38; 850; -0.01222249; 203; Before; 7.279785; null
7; Driver; Noise; Intention; 23.09.2023 14:59:38; 850; -0.01222249; 203; Before; 7.295027; null
7; Driver; Noise; Intention; 23.09.2023 14:59:38; 850; -0.01222249; 203; Before; 7.315121; null
7; Driver; Noise; Intention; 23.09.2023 14:59:38; 850; -0.01222249; 203; Before; 7.333652; null
7; Driver; Noise; Intention; 23.09.2023 14:59:38; 850; -0.01222249; 203; Before; 7.365902; null
7; Driver; Noise; Intention; 23.09.2023 14:59:38; 850; -0.01222249; 203; Before; 7.381396; null
7; Driver; Noise; Intention; 23.09.2023 14:59:38; 850; -0.01222249; 203; Before; 7.396935; null
7; Driver; Noise; Intention; 23.09.2023 14:59:38; 850; -0.01222249; 203; Before; 7.411319; null
7; Driver; Noise; Intention; 23.09.2023 14:59:38; 850; -0.01222249; 203; Before; 7.443715; null
7; Driver; Noise; Intention; 23.09.2023 14:59:38; 850; -0.01222249; 203; Before; 7.459534; null
7; Driver; Noise; Intention; 23.09.2023 14:59:38; 850; -0.01222249; 203; Before; 7.476429; null
7; Driver; Noise; Intention; 23.09.2023 14:59:38; 850; -0.01222249; 203; Before; 7.496174; null
7; Driver; Noise; Intention; 23.09.2023 14:59:38; 850; -0.01222249; 203; Before; 7.512243; null
7; Driver; Noise; Intention; 23.09.2023 14:59:38; 850; -0.01222249; 203; Before; 7.544238; null
7; Driver; Noise; Intention; 23.09.2023 14:59:38; 850; -0.01222248; 203; Before; 7.562831; null
7; Driver; Noise; Intention; 23.09.2023 14:59:38; 850; -0.01222248; 203; Before; 7.593075; null
7; Driver; Noise; Intention; 23.09.2023 14:59:38; 850; -0.01222248; 203; Before; 7.593075; null
7; Driver; Noise; Intention; 23.09.2023 14:59:38; 850; -0.01222248; 203; Before; 7.624377; null
7; Driver; Noise; Intention; 23.09.2023 14:59:38; 850; -0.01222248; 203; Before; 7.639433; null
7; Driver; Noise; Intention; 23.09.2023 14:59:38; 850; -0.01222248; 203; Before; 7.666814; null
7; Driver; Noise; Intention; 23.09.2023 14:59:38; 850; -0.01222248; 203; Before; 7.682639; null
7; Driver; Noise; Intention; 23.09.2023 14:59:38; 850; -0.01222249; 203; Before; 7.696859; null
7; Driver; Noise; Intention; 23.09.2023 14:59:38; 850; -0.01222249; 203; Before; 7.726518; null
7; Driver; Noise; Intention; 23.09.2023 14:59:38; 850; -0.01222249; 203; Before; 7.742216; null
7; Driver; Noise; Intention; 23.09.2023 14:59:38; 850; -0.01222249; 203; Before; 7.771575; null
7; Driver; Noise; Intention; 23.09.2023 14:59:39; 850; -0.01222249; 203; Before; 7.786045; Checking Box Human
7; Driver; Noise; Intention; 23.09.2023 14:59:39; 850; -0.01222249; 203; Before; 7.801191; Checking Box Human
7; Driver; Noise; Intention; 23.09.2023 14:59:39; 850; -0.01222249; 203; Before; 7.816134; Checking Box Human
7; Driver; Noise; Intention; 23.09.2023 14:59:39; 850; -0.01222249; 203; Before; 7.847; Checking Box Human
7; Driver; Noise; Intention; 23.09.2023 14:59:39; 850; -0.01222249; 203; Before; 7.863817; Checking Box Human
7; Driver; Noise; Intention; 23.09.2023 14:59:39; 850; -0.01222249; 203; Before; 7.893599; null
7; Driver; Noise; Intention; 23.09.2023 14:59:39; 850; -0.01222249; 203; Before; 7.893599; null
7; Driver; Noise; Intention; 23.09.2023 14:59:39; 850; -0.01222249; 203; Before; 7.924414; null
7; Driver; Noise; Intention; 23.09.2023 14:59:39; 850; -0.01222248; 203; Before; 7.940745; null
7; Driver; Noise; Intention; 23.09.2023 14:59:39; 850; -0.01222248; 203; Before; 7.956458; null
7; Driver; Noise; Intention; 23.09.2023 14:59:39; 850; -0.01222248; 203; Before; 7.987403; null
7; Driver; Noise; Intention; 23.09.2023 14:59:39; 850; -0.01222248; 203; Before; 8.003623; null
7; Driver; Noise; Intention; 23.09.2023 14:59:39; 850; -0.01222248; 203; Before; 8.018165; null
7; Driver; Noise; Intention; 23.09.2023 14:59:39; 850; -0.01222248; 203; Before; 8.03284; null
7; Driver; Noise; Intention; 23.09.2023 14:59:39; 850; -0.01222249; 203; Before; 8.066916; null
7; Driver; Noise; Intention; 23.09.2023 14:59:39; 850; -0.01222249; 203; Before; 8.082963; null
7; Driver; Noise; Intention; 23.09.2023 14:59:39; 850; -0.01222249; 203; Before; 8.09972; null
7; Driver; Noise; Intention; 23.09.2023 14:59:39; 850; -0.0122225; 203; Before; 8.115156; null
7; Driver; Noise; Intention; 23.09.2023 14:59:39; 850; -0.0122225; 203; Before; 8.145453; null
7; Driver; Noise; Intention; 23.09.2023 14:59:39; 850; -0.01222251; 203; Before; 8.160964; null
7; Driver; Noise; Intention; 23.09.2023 14:59:39; 850; -0.0122225; 203; Before; 8.160964; null
7; Driver; Noise; Intention; 23.09.2023 14:59:39; 850; -0.0122225; 203; Before; 8.160964; null
7; Driver; Noise; Intention; 23.09.2023 14:59:39; 850; -0.0122225; 203; Before; 8.160964; null
7; Driver; Noise; Intention; 23.09.2023 14:59:39; 850; -0.0122225; 203; Before; 8.177599; null
7; Driver; Noise; Intention; 23.09.2023 14:59:39; 850; -0.01222249; 203; Before; 8.24923; null
7; Driver; Noise; Intention; 23.09.2023 14:59:39; 850; -0.01222249; 203; Before; 8.288052; null
7; Driver; Noise; Intention; 23.09.2023 14:59:39; 850; -0.01222249; 203; Before; 8.288052; null
7; Driver; Noise; Intention; 23.09.2023 14:59:39; 850; -0.01222249; 203; Before; 8.323391; null
7; Driver; Noise; Intention; 23.09.2023 14:59:39; 850; -0.01222248; 203; Before; 8.34094; null
7; Driver; Noise; Intention; 23.09.2023 14:59:39; 850; -0.01222248; 203; Before; 8.358017; null
7; Driver; Noise; Intention; 23.09.2023 14:59:39; 850; -0.01222248; 203; Before; 8.390111; null
7; Driver; Noise; Intention; 23.09.2023 14:59:39; 850; -0.01222248; 203; Before; 8.390111; null
7; Driver; Noise; Intention; 23.09.2023 14:59:39; 850; -0.01222248; 203; Before; 8.406975; null
7; Driver; Noise; Intention; 23.09.2023 14:59:39; 850; -0.01222248; 203; Before; 8.444829; null
7; Driver; Noise; Intention; 23.09.2023 14:59:39; 850; -0.01222247; 203; Before; 8.463103; null
7; Driver; Noise; Intention; 23.09.2023 14:59:39; 850; -0.01222247; 203; Before; 8.493458; null
7; Driver; Noise; Intention; 23.09.2023 14:59:39; 850; -0.01222247; 203; Before; 8.493458; null
7; Driver; Noise; Intention; 23.09.2023 14:59:39; 850; -0.01222247; 203; Before; 8.525236; null
7; Driver; Noise; Intention; 23.09.2023 14:59:39; 850; -0.01222248; 203; Before; 8.541554; null
7; Driver; Noise; Intention; 23.09.2023 14:59:39; 850; -0.01222247; 203; Before; 8.570238; null
7; Driver; Noise; Intention; 23.09.2023 14:59:39; 850; -0.01222248; 203; Before; 8.584752; null
7; Driver; Noise; Intention; 23.09.2023 14:59:39; 850; -0.01222247; 203; Before; 8.60019; null
7; Driver; Noise; Intention; 23.09.2023 14:59:39; 850; -0.01222248; 203; Before; 8.616024; null
7; Driver; Noise; Intention; 23.09.2023 14:59:39; 850; -0.01222248; 203; Before; 8.644785; null
7; Driver; Noise; Intention; 23.09.2023 14:59:39; 850; -0.01222248; 203; Before; 8.660552; null
7; Driver; Noise; Intention; 23.09.2023 14:59:39; 850; -0.01222248; 203; Before; 8.691228; null
7; Driver; Noise; Intention; 23.09.2023 14:59:39; 850; -0.01222248; 203; Before; 8.691228; null
7; Driver; Noise; Intention; 23.09.2023 14:59:39; 850; -0.01222248; 203; Before; 8.722229; null
7; Driver; Noise; Intention; 23.09.2023 14:59:39; 850; -0.01222248; 203; Before; 8.738298; null
7; Driver; Noise; Intention; 23.09.2023 14:59:39; 850; -0.01222249; 203; Before; 8.768864; null
7; Driver; Noise; Intention; 23.09.2023 14:59:40; 850; -0.01222249; 203; Before; 8.784676; null
7; Driver; Noise; Intention; 23.09.2023 14:59:40; 850; -0.01222249; 203; Before; 8.800781; null
7; Driver; Noise; Intention; 23.09.2023 14:59:40; 850; -0.0122225; 203; Before; 8.817227; null
7; Driver; Noise; Intention; 23.09.2023 14:59:40; 850; -0.0122225; 203; Before; 8.847731; null
7; Driver; Noise; Intention; 23.09.2023 14:59:40; 850; -0.0122225; 203; Before; 8.863292; null
7; Driver; Noise; Intention; 23.09.2023 14:59:40; 850; -0.01222249; 203; Before; 8.893325; null
7; Driver; Noise; Intention; 23.09.2023 14:59:40; 850; -0.01222249; 203; Before; 8.893325; null
7; Driver; Noise; Intention; 23.09.2023 14:59:40; 850; -0.01222249; 203; Before; 8.924566; null
7; Driver; Noise; Intention; 23.09.2023 14:59:40; 850; -0.01222249; 203; Before; 8.940741; null
7; Driver; Noise; Intention; 23.09.2023 14:59:40; 850; -0.01222249; 203; Before; 8.969103; null
7; Driver; Noise; Intention; 23.09.2023 14:59:40; 850; -0.01222249; 203; Before; 8.983466; null
7; Driver; Noise; Intention; 23.09.2023 14:59:40; 850; -0.01222249; 203; Before; 8.998192; null
7; Driver; Noise; Intention; 23.09.2023 14:59:40; 850; -0.01222249; 203; Before; 9.012967; null
7; Driver; Noise; Intention; 23.09.2023 14:59:40; 850; -0.01222249; 203; Before; 9.043205; null
7; Driver; Noise; Intention; 23.09.2023 14:59:40; 850; -0.01222249; 203; Before; 9.059459; null
7; Driver; Noise; Intention; 23.09.2023 14:59:40; 850; -0.01222249; 203; Before; 9.088145; null
7; Driver; Noise; Intention; 23.09.2023 14:59:40; 850; -0.01222249; 203; Before; 9.104701; null
7; Driver; Noise; Intention; 23.09.2023 14:59:40; 850; -0.01222249; 203; Before; 9.119327; null
7; Driver; Noise; Intention; 23.09.2023 14:59:40; 850; -0.01222249; 203; Before; 9.133008; null
7; Driver; Noise; Intention; 23.09.2023 14:59:40; 850; -0.01222249; 203; Before; 9.164445; null
7; Driver; Noise; Intention; 23.09.2023 14:59:40; 850; -0.01222249; 203; Before; 9.17962; null
7; Driver; Noise; Intention; 23.09.2023 14:59:40; 850; -0.01222249; 203; Before; 9.19463; null
7; Driver; Noise; Intention; 23.09.2023 14:59:40; 850; -0.01222249; 203; Before; 9.209699; null
7; Driver; Noise; Intention; 23.09.2023 14:59:40; 850; -0.01222249; 203; Before; 9.243826; null
7; Driver; Noise; Intention; 23.09.2023 14:59:40; 850; -0.01222249; 203; Before; 9.259504; null
7; Driver; Noise; Intention; 23.09.2023 14:59:40; 850; -0.01222249; 203; Before; 9.288806; null
7; Driver; Noise; Intention; 23.09.2023 14:59:40; 850; -0.01222249; 203; Before; 9.288806; null
7; Driver; Noise; Intention; 23.09.2023 14:59:40; 850; -0.01222249; 203; Before; 9.320756; null
7; Driver; Noise; Intention; 23.09.2023 14:59:40; 850; -0.01222249; 203; Before; 9.336894; null
7; Driver; Noise; Intention; 23.09.2023 14:59:40; 850; -0.01222249; 203; Before; 9.366666; null
7; Driver; Noise; Intention; 23.09.2023 14:59:40; 850; -0.01222249; 203; Before; 9.382241; null
7; Driver; Noise; Intention; 23.09.2023 14:59:40; 850; -0.01222249; 203; Before; 9.397928; null
7; Driver; Noise; Intention; 23.09.2023 14:59:40; 850; -0.01222249; 203; Before; 9.413588; null
7; Driver; Noise; Intention; 23.09.2023 14:59:40; 850; -0.01222249; 203; Before; 9.444489; null
7; Driver; Noise; Intention; 23.09.2023 14:59:40; 850; -0.01222249; 203; Before; 9.459684; null
7; Driver; Noise; Intention; 23.09.2023 14:59:40; 850; -0.01222249; 203; Before; 9.488923; null
7; Driver; Noise; Intention; 23.09.2023 14:59:40; 850; -0.01222249; 203; Before; 9.504298; null
7; Driver; Noise; Intention; 23.09.2023 14:59:40; 850; -0.01222249; 203; Before; 9.519277; null
7; Driver; Noise; Intention; 23.09.2023 14:59:40; 850; -0.01222249; 203; Before; 9.549074; null
7; Driver; Noise; Intention; 23.09.2023 14:59:40; 850; -0.01222249; 203; Before; 9.564427; null
7; Driver; Noise; Intention; 23.09.2023 14:59:40; 850; -0.01222249; 203; Before; 9.593493; null
7; Driver; Noise; Intention; 23.09.2023 14:59:40; 850; -0.01222249; 203; Before; 9.593493; null
7; Driver; Noise; Intention; 23.09.2023 14:59:40; 850; -0.01222249; 203; Before; 9.622733; null
7; Driver; Noise; Intention; 23.09.2023 14:59:40; 850; -0.01222249; 203; Before; 9.637468; null
7; Driver; Noise; Intention; 23.09.2023 14:59:40; 850; -0.01222249; 203; Before; 9.665913; null
7; Driver; Noise; Intention; 23.09.2023 14:59:40; 850; -0.01222249; 203; Before; 9.681521; null
7; Driver; Noise; Intention; 23.09.2023 14:59:40; 850; -0.01222249; 203; Before; 9.696178; null
7; Driver; Noise; Intention; 23.09.2023 14:59:40; 850; -0.01222249; 203; Before; 9.725854; null
7; Driver; Noise; Intention; 23.09.2023 14:59:40; 850; -0.01222249; 203; Before; 9.740965; null
7; Driver; Noise; Intention; 23.09.2023 14:59:40; 850; -0.01222249; 203; Before; 9.756529; null
7; Driver; Noise; Intention; 23.09.2023 14:59:41; 850; -0.01222249; 203; Before; 9.787041; null
7; Driver; Noise; Intention; 23.09.2023 14:59:41; 850; -0.01222249; 203; Before; 9.80487; null
7; Driver; Noise; Intention; 23.09.2023 14:59:41; 850; -0.01222249; 203; Before; 9.819438; null
7; Driver; Noise; Intention; 23.09.2023 14:59:41; 850; -0.01222249; 203; Before; 9.834101; null
7; Driver; Noise; Intention; 23.09.2023 14:59:41; 850; -0.01222249; 203; Before; 9.867022; null
7; Driver; Noise; Intention; 23.09.2023 14:59:41; 850; -0.01222249; 203; Before; 9.881931; null
7; Driver; Noise; Intention; 23.09.2023 14:59:41; 850; -0.01222249; 203; Before; 9.896814; null
7; Driver; Noise; Intention; 23.09.2023 14:59:41; 850; -0.01222249; 203; Before; 9.911061; null
7; Driver; Noise; Intention; 23.09.2023 14:59:41; 850; -0.01222249; 203; Before; 9.943694; Checking Box Human
7; Driver; Noise; Intention; 23.09.2023 14:59:41; 850; -0.01222249; 203; Before; 9.95931; Checking Box Human
7; Driver; Noise; Intention; 23.09.2023 14:59:41; 850; -0.01222249; 203; Before; 9.972848; Checking Box Human
7; Driver; Noise; Intention; 23.09.2023 14:59:41; 850; -0.01222249; 203; Before; 9.988042; Checking Box Human
7; Driver; Noise; Intention; 23.09.2023 14:59:41; 850; -0.01222249; 203; Before; 10.0155; Checking Box Human
7; Driver; Noise; Intention; 23.09.2023 14:59:41; 850; -0.01222249; 203; Before; 10.04692; Checking Box Human
7; Driver; Noise; Intention; 23.09.2023 14:59:41; 850; -0.01222249; 203; Before; 10.06201; Checking Box Human
7; Driver; Noise; Intention; 23.09.2023 14:59:41; 850; -0.01222249; 203; Before; 10.09258; Checking Box Human
7; Driver; Noise; Intention; 23.09.2023 14:59:41; 850; -0.01222249; 203; Before; 10.09258; Checking Box Human
7; Driver; Noise; Intention; 23.09.2023 14:59:41; 850.0002; -0.01222249; 203; Before; 10.12262; null
7; Driver; Noise; Intention; 23.09.2023 14:59:41; 850.0001; -0.01222258; 203; Before; 10.13902; null
7; Driver; Noise; Intention; 23.09.2023 14:59:41; 849.9993; -0.0122224; 203; Before; 10.16088; null
7; Driver; Noise; Intention; 23.09.2023 14:59:41; 849.9975; -0.01222209; 203; Before; 10.17951; null
7; Driver; Noise; Intention; 23.09.2023 14:59:41; 849.9959; -0.01222218; 203; Before; 10.19509; null
7; Driver; Noise; Intention; 23.09.2023 14:59:41; 849.9911; -0.01222209; 203; Before; 10.21144; null
7; Driver; Noise; Intention; 23.09.2023 14:59:41; 849.9877; -0.01222291; 203; Before; 10.24591; null
7; Driver; Noise; Intention; 23.09.2023 14:59:41; 849.9735; -0.01222723; 203; Before; 10.26205; null
7; Driver; Noise; Intention; 23.09.2023 14:59:41; 849.961; -0.01223294; 203; Before; 10.27893; null
7; Driver; Noise; Intention; 23.09.2023 14:59:41; 849.9537; -0.01223073; 203; Before; 10.27893; null
7; Driver; Noise; Intention; 23.09.2023 14:59:41; 849.9459; -0.012234; 203; Before; 10.32037; null
7; Driver; Noise; Intention; 23.09.2023 14:59:41; 849.9182; -0.01225234; 202.9999; Before; 10.3406; null
7; Driver; Noise; Intention; 23.09.2023 14:59:41; 849.8964; -0.01227196; 202.9999; Before; 10.35626; null
7; Driver; Noise; Intention; 23.09.2023 14:59:41; 849.8844; -0.01228548; 202.9999; Before; 10.38677; null
7; Driver; Noise; Intention; 23.09.2023 14:59:41; 849.8584; -0.01232741; 202.9998; Before; 10.40205; null
7; Driver; Noise; Intention; 23.09.2023 14:59:41; 849.8296; -0.01235967; 202.9998; Before; 10.41757; null
7; Driver; Noise; Intention; 23.09.2023 14:59:41; 849.7979; -0.01239623; 202.9998; Before; 10.43354; null
7; Driver; Noise; Intention; 23.09.2023 14:59:41; 849.7634; -0.01242325; 202.9998; Before; 10.44989; null
7; Driver; Noise; Intention; 23.09.2023 14:59:41; 849.745; -0.01244011; 202.9997; Before; 10.4879; null
7; Driver; Noise; Intention; 23.09.2023 14:59:41; 849.7061; -0.01247133; 202.9997; Before; 10.4879; null
7; Driver; Noise; Intention; 23.09.2023 14:59:41; 849.6642; -0.01251579; 202.9996; Before; 10.52034; null
7; Driver; Noise; Intention; 23.09.2023 14:59:41; 849.6193; -0.01255908; 202.9996; Before; 10.53828; null
7; Driver; Noise; Intention; 23.09.2023 14:59:41; 849.5958; -0.01258184; 202.9995; Before; 10.56915; null
7; Driver; Noise; Intention; 23.09.2023 14:59:41; 849.5206; -0.01263839; 202.9994; Before; 10.58458; null
7; Driver; Noise; Intention; 23.09.2023 14:59:41; 849.494; -0.01266558; 202.9994; Before; 10.59961; null
7; Driver; Noise; Intention; 23.09.2023 14:59:41; 849.4384; -0.01268702; 202.9993; Before; 10.61598; null
7; Driver; Noise; Intention; 23.09.2023 14:59:41; 849.3797; -0.01269307; 202.9992; Before; 10.63474; null
7; Driver; Noise; Intention; 23.09.2023 14:59:41; 849.3492; -0.01271502; 202.9992; Before; 10.67129; null
7; Driver; Noise; Intention; 23.09.2023 14:59:41; 849.2857; -0.01275007; 202.9991; Before; 10.6861; null
7; Driver; Noise; Intention; 23.09.2023 14:59:41; 849.219; -0.01280086; 202.999; Before; 10.70174; null
7; Driver; Noise; Intention; 23.09.2023 14:59:41; 849.149; -0.01282136; 202.9989; Before; 10.71726; null
7; Driver; Noise; Intention; 23.09.2023 14:59:41; 849.1128; -0.01285154; 202.9988; Before; 10.74834; null
7; Driver; Noise; Intention; 23.09.2023 14:59:41; 848.9991; -0.01292025; 202.9986; Before; 10.7632; null
7; Driver; Noise; Intention; 23.09.2023 14:59:42; 848.9192; -0.01292422; 202.9985; Before; 10.77854; null
7; Driver; Noise; Intention; 23.09.2023 14:59:42; 848.8779; -0.01295065; 202.9984; Before; 10.79837; null
7; Driver; Noise; Intention; 23.09.2023 14:59:42; 848.7928; -0.01295837; 202.9982; Before; 10.81696; null
7; Driver; Noise; Intention; 23.09.2023 14:59:42; 848.7043; -0.01298242; 202.9981; Before; 10.83323; null
7; Driver; Noise; Intention; 23.09.2023 14:59:42; 848.6587; -0.01300097; 202.998; Before; 10.86528; null
7; Driver; Noise; Intention; 23.09.2023 14:59:42; 848.5166; -0.01308658; 202.9977; Before; 10.88063; null
7; Driver; Noise; Intention; 23.09.2023 14:59:42; 848.4675; -0.01311505; 202.9976; Before; 10.89559; null
7; Driver; Noise; Intention; 23.09.2023 14:59:42; 848.3665; -0.01315565; 202.9974; Before; 10.90976; null
7; Driver; Noise; Intention; 23.09.2023 14:59:42; 848.2618; -0.0132185; 202.9971; Before; 10.94247; null
7; Driver; Noise; Intention; 23.09.2023 14:59:42; 848.1534; -0.01327243; 202.9969; Before; 10.95922; null
7; Driver; Noise; Intention; 23.09.2023 14:59:42; 848.0979; -0.01330008; 202.9968; Before; 10.98737; null
7; Driver; Noise; Intention; 23.09.2023 14:59:42; 847.9839; -0.01316417; 202.9965; Before; 10.98737; null
7; Driver; Noise; Intention; 23.09.2023 14:59:42; 847.8661; -0.01308772; 202.9962; Before; 11.02069; null
7; Driver; Noise; Intention; 23.09.2023 14:59:42; 847.7446; -0.01305674; 202.9959; Before; 11.03622; null
7; Driver; Noise; Intention; 23.09.2023 14:59:42; 847.6823; -0.01305367; 202.9957; Before; 11.06693; null
7; Driver; Noise; Intention; 23.09.2023 14:59:42; 847.4897; -0.01307633; 202.9952; Before; 11.08269; null
7; Driver; Noise; Intention; 23.09.2023 14:59:42; 847.4235; -0.01312038; 202.995; Before; 11.099; null
7; Driver; Noise; Intention; 23.09.2023 14:59:42; 847.2883; -0.01314271; 202.9946; Before; 11.11501; null
7; Driver; Noise; Intention; 23.09.2023 14:59:42; 847.2191; -0.01319837; 202.9944; Before; 11.14733; null
7; Driver; Noise; Intention; 23.09.2023 14:59:42; 847.0056; -0.01334071; 202.9938; Before; 11.16256; null
7; Driver; Noise; Intention; 23.09.2023 14:59:42; 846.858; -0.01341429; 202.9933; Before; 11.17857; null
7; Driver; Noise; Intention; 23.09.2023 14:59:42; 846.7828; -0.01344822; 202.9931; Before; 11.19594; null
7; Driver; Noise; Intention; 23.09.2023 14:59:42; 846.629; -0.01349944; 202.9926; Before; 11.21159; null
7; Driver; Noise; Intention; 23.09.2023 14:59:42; 846.5506; -0.01352365; 202.9923; Before; 11.24532; null
7; Driver; Noise; Intention; 23.09.2023 14:59:42; 846.309; -0.0135772; 202.9915; Before; 11.26189; null
7; Driver; Noise; Intention; 23.09.2023 14:59:42; 846.1425; -0.01360448; 202.9909; Before; 11.27874; null
7; Driver; Noise; Intention; 23.09.2023 14:59:42; 846.0576; -0.01362085; 202.9906; Before; 11.29516; null
7; Driver; Noise; Intention; 23.09.2023 14:59:42; 845.8852; -0.01364731; 202.9899; Before; 11.31105; null
7; Driver; Noise; Intention; 23.09.2023 14:59:42; 845.7092; -0.01371504; 202.9892; Before; 11.34264; null
7; Driver; Noise; Intention; 23.09.2023 14:59:42; 845.5297; -0.01379275; 202.9885; Before; 11.35878; null
7; Driver; Noise; Intention; 23.09.2023 14:59:42; 845.4386; -0.01382743; 202.9881; Before; 11.38951; null
7; Driver; Noise; Intention; 23.09.2023 14:59:42; 845.2537; -0.01387632; 202.9873; Before; 11.38951; null
7; Driver; Noise; Intention; 23.09.2023 14:59:42; 845.0652; -0.01395284; 202.9865; Before; 11.42199; null
7; Driver; Noise; Intention; 23.09.2023 14:59:42; 844.8732; -0.01394289; 202.9856; Before; 11.43861; null
7; Driver; Noise; Intention; 23.09.2023 14:59:42; 844.6774; -0.01396201; 202.9847; Before; 11.4535; null
7; Driver; Noise; Intention; 23.09.2023 14:59:42; 844.5782; -0.01397445; 202.9843; Before; 11.48755; null
7; Driver; Noise; Intention; 23.09.2023 14:59:42; 844.377; -0.01410287; 202.9833; Before; 11.5036; null
7; Driver; Noise; Intention; 23.09.2023 14:59:42; 844.1721; -0.01412349; 202.9823; Before; 11.51985; null
7; Driver; Noise; Intention; 23.09.2023 14:59:42; 843.9634; -0.01415962; 202.9812; Before; 11.53455; null
7; Driver; Noise; Intention; 23.09.2023 14:59:42; 843.8577; -0.01417556; 202.9807; Before; 11.56618; null
7; Driver; Noise; Intention; 23.09.2023 14:59:42; 843.535; -0.01419995; 202.979; Before; 11.58222; null
7; Driver; Noise; Intention; 23.09.2023 14:59:42; 843.4256; -0.01424835; 202.9784; Before; 11.59987; null
7; Driver; Noise; Intention; 23.09.2023 14:59:42; 843.2039; -0.01431337; 202.9773; Before; 11.61464; null
7; Driver; Noise; Intention; 23.09.2023 14:59:42; 843.0916; -0.01433984; 202.9767; Before; 11.64583; null
7; Driver; Noise; Intention; 23.09.2023 14:59:42; 842.749; -0.01438042; 202.975; Before; 11.66238; null
7; Driver; Noise; Intention; 23.09.2023 14:59:42; 842.6328; -0.01443261; 202.9744; Before; 11.69261; null
7; Driver; Noise; Intention; 23.09.2023 14:59:42; 842.3977; -0.01449864; 202.9733; Before; 11.69261; null
7; Driver; Noise; Intention; 23.09.2023 14:59:42; 842.1587; -0.01458553; 202.9721; Before; 11.72046; null
7; Driver; Noise; Intention; 23.09.2023 14:59:42; 841.9158; -0.01465949; 202.9709; Before; 11.73827; null
7; Driver; Noise; Intention; 23.09.2023 14:59:42; 841.7928; -0.0146836; 202.9704; Before; 11.76792; null
7; Driver; Noise; Intention; 23.09.2023 14:59:43; 841.5441; -0.01469602; 202.9692; Before; 11.78409; null
7; Driver; Noise; Intention; 23.09.2023 14:59:43; 841.2913; -0.01474112; 202.968; Before; 11.80055; null
7; Driver; Noise; Intention; 23.09.2023 14:59:43; 841.0346; -0.01467299; 202.9668; Before; 11.81767; null
7; Driver; Noise; Intention; 23.09.2023 14:59:43; 840.9047; -0.01471429; 202.9663; Before; 11.8482; null
7; Driver; Noise; Intention; 23.09.2023 14:59:43; 840.5091; -0.0147837; 202.9645; Before; 11.86323; null
7; Driver; Noise; Intention; 23.09.2023 14:59:43; 840.2403; -0.01479983; 202.9634; Before; 11.8784; null
7; Driver; Noise; Intention; 23.09.2023 14:59:43; 840.1044; -0.01480826; 202.9628; Before; 11.89387; null
7; Driver; Noise; Intention; 23.09.2023 14:59:43; 839.9675; -0.01486521; 202.9622; Before; 11.92567; null
7; Driver; Noise; Intention; 23.09.2023 14:59:43; 839.5511; -0.01496582; 202.9605; Before; 11.94136; null
7; Driver; Noise; Intention; 23.09.2023 14:59:43; 839.269; -0.01499055; 202.9594; Before; 11.95666; null
7; Driver; Noise; Intention; 23.09.2023 14:59:43; 839.1267; -0.01500039; 202.9588; Before; 11.98896; null
7; Driver; Noise; Intention; 23.09.2023 14:59:43; 838.8394; -0.01499995; 202.9577; Before; 11.98896; null
7; Driver; Noise; Intention; 23.09.2023 14:59:43; 838.5486; -0.01505857; 202.9566; Before; 12.0207; null
7; Driver; Noise; Intention; 23.09.2023 14:59:43; 838.2543; -0.01513045; 202.9556; Before; 12.03673; null
7; Driver; Noise; Intention; 23.09.2023 14:59:43; 838.1058; -0.01515905; 202.955; Before; 12.06925; null
7; Driver; Noise; Intention; 23.09.2023 14:59:43; 837.8061; -0.01518487; 202.954; Before; 12.08557; null
7; Driver; Noise; Intention; 23.09.2023 14:59:43; 837.5028; -0.0150908; 202.953; Before; 12.08557; null
7; Driver; Noise; Intention; 23.09.2023 14:59:43; 837.196; -0.01492673; 202.952; Before; 12.10427; null
7; Driver; Noise; Intention; 23.09.2023 14:59:43; 836.8856; -0.01473687; 202.9511; Before; 12.13087; null
7; Driver; Noise; Intention; 23.09.2023 14:59:43; 836.7291; -0.01469112; 202.9507; Before; 12.16515; null
7; Driver; Noise; Intention; 23.09.2023 14:59:43; 836.4134; -0.0146643; 202.9498; Before; 12.18473; null
7; Driver; Noise; Intention; 23.09.2023 14:59:43; 836.094; -0.01479025; 202.9491; Before; 12.202; null
7; Driver; Noise; Intention; 23.09.2023 14:59:43; 835.7709; -0.01484204; 202.9484; Before; 12.21919; null
7; Driver; Noise; Intention; 23.09.2023 14:59:43; 835.4442; -0.01498248; 202.9478; Before; 12.23536; null
7; Driver; Noise; Intention; 23.09.2023 14:59:43; 835.2795; -0.01506289; 202.9476; Before; 12.2686; null
7; Driver; Noise; Intention; 23.09.2023 14:59:43; 834.9473; -0.01520839; 202.9471; Before; 12.28463; null
7; Driver; Noise; Intention; 23.09.2023 14:59:43; 834.6114; -0.01541354; 202.9468; Before; 12.30191; null
7; Driver; Noise; Intention; 23.09.2023 14:59:43; 834.2719; -0.01545966; 202.9465; Before; 12.31784; null
7; Driver; Noise; Intention; 23.09.2023 14:59:43; 833.9285; -0.0155425; 202.9464; Before; 12.33466; null
7; Driver; Noise; Intention; 23.09.2023 14:59:43; 833.7555; -0.01558115; 202.9464; Before; 12.36756; null
7; Driver; Noise; Intention; 23.09.2023 14:59:43; 833.4069; -0.01562948; 202.9464; Before; 12.38425; null
7; Driver; Noise; Intention; 23.09.2023 14:59:43; 833.0558; -0.01573813; 202.9466; Before; 12.40044; null
7; Driver; Noise; Intention; 23.09.2023 14:59:43; 832.704; -0.01569209; 202.9469; Before; 12.4178; null
7; Driver; Noise; Intention; 23.09.2023 14:59:43; 832.3528; -0.01570422; 202.9473; Before; 12.43413; null
7; Driver; Noise; Intention; 23.09.2023 14:59:43; 832.1774; -0.01571493; 202.9475; Before; 12.46692; null
7; Driver; Noise; Intention; 23.09.2023 14:59:43; 831.8273; -0.01572306; 202.9481; Before; 12.48444; null
7; Driver; Noise; Intention; 23.09.2023 14:59:43; 831.4779; -0.01580736; 202.9489; Before; 12.50145; null
7; Driver; Noise; Intention; 23.09.2023 14:59:43; 831.1293; -0.01574933; 202.9497; Before; 12.51877; null
7; Driver; Noise; Intention; 23.09.2023 14:59:43; 830.7816; -0.01559769; 202.9507; Before; 12.53706; null
7; Driver; Noise; Intention; 23.09.2023 14:59:43; 830.4346; -0.01539792; 202.9518; Before; 12.55694; null
7; Driver; Noise; Intention; 23.09.2023 14:59:43; 830.0885; -0.01534363; 202.953; Before; 12.57772; null
7; Driver; Noise; Intention; 23.09.2023 14:59:43; 829.9157; -0.01534698; 202.9536; Before; 12.59469; null
7; Driver; Noise; Intention; 23.09.2023 14:59:43; 829.5707; -0.01537747; 202.955; Before; 12.61023; null
7; Driver; Noise; Intention; 23.09.2023 14:59:43; 829.2266; -0.01551348; 202.9565; Before; 12.6427; null
7; Driver; Noise; Intention; 23.09.2023 14:59:43; 828.8832; -0.01567566; 202.9582; Before; 12.65934; null
7; Driver; Noise; Intention; 23.09.2023 14:59:43; 828.5406; -0.01567318; 202.9599; Before; 12.67442; null
7; Driver; Noise; Intention; 23.09.2023 14:59:43; 828.3696; -0.01567651; 202.9608; Before; 12.69111; null
7; Driver; Noise; Intention; 23.09.2023 14:59:43; 828.029; -0.01566868; 202.9628; Before; 12.70919; null
7; Driver; Noise; Intention; 23.09.2023 14:59:43; 827.8599; -0.01566902; 202.9638; Before; 12.74276; null
7; Driver; Noise; Intention; 23.09.2023 14:59:43; 827.3566; -0.01565431; 202.9669; Before; 12.76006; null
7; Driver; Noise; Intention; 23.09.2023 14:59:44; 827.0237; -0.01563753; 202.9691; Before; 12.77848; null
7; Driver; Noise; Intention; 23.09.2023 14:59:44; 826.858; -0.01563396; 202.9703; Before; 12.79499; null
7; Driver; Noise; Intention; 23.09.2023 14:59:44; 826.528; -0.0156142; 202.9727; Before; 12.81226; null
7; Driver; Noise; Intention; 23.09.2023 14:59:44; 826.1996; -0.01548218; 202.9751; Before; 12.82975; null
7; Driver; Noise; Intention; 23.09.2023 14:59:44; 825.8727; -0.01528474; 202.9777; Before; 12.85144; null
7; Driver; Noise; Intention; 23.09.2023 14:59:44; 825.5469; -0.01506323; 202.9804; Before; 12.87126; null
7; Driver; Noise; Intention; 23.09.2023 14:59:44; 825.3845; -0.01500335; 202.9817; Before; 12.88899; null
7; Driver; Noise; Intention; 23.09.2023 14:59:44; 825.0602; -0.01494926; 202.9845; Before; 12.91067; null
7; Driver; Noise; Intention; 23.09.2023 14:59:44; 824.737; -0.0145409; 202.9874; Before; 12.91067; null
7; Driver; Noise; Intention; 23.09.2023 14:59:44; 824.5757; -0.01443139; 202.9889; Before; 12.96457; null
7; Driver; Noise; Intention; 23.09.2023 14:59:44; 824.2596; -0.01435025; 202.9919; Before; 12.98364; null
7; Driver; Noise; Intention; 23.09.2023 14:59:44; 823.9517; -0.01430982; 202.9949; Before; 12.98364; null
7; Driver; Noise; Intention; 23.09.2023 14:59:44; 823.6517; -0.01429569; 202.9978; Before; 13.0056; null
7; Driver; Noise; Intention; 23.09.2023 14:59:44; 823.3596; -0.01429491; 203.0008; Before; 13.02743; null
7; Driver; Noise; Intention; 23.09.2023 14:59:44; 823.2171; -0.01433926; 203.0023; Before; 13.06631; null
7; Driver; Noise; Intention; 23.09.2023 14:59:44; 822.9393; -0.01446205; 203.0052; Before; 13.08554; null
7; Driver; Noise; Intention; 23.09.2023 14:59:44; 822.6688; -0.01451647; 203.008; Before; 13.08554; null
7; Driver; Noise; Intention; 23.09.2023 14:59:44; 822.4081; -0.01465261; 203.0108; Before; 13.12091; null
7; Driver; Noise; Intention; 23.09.2023 14:59:44; 822.1544; -0.01468116; 203.0135; Before; 13.13857; null
7; Driver; Noise; Intention; 23.09.2023 14:59:44; 822.0295; -0.01462439; 203.0149; Before; 13.1574; null
7; Driver; Noise; Intention; 23.09.2023 14:59:44; 821.7861; -0.01453587; 203.0176; Before; 13.18317; null
7; Driver; Noise; Intention; 23.09.2023 14:59:44; 821.5493; -0.01440153; 203.0202; Before; 13.18317; null
7; Driver; Noise; Intention; 23.09.2023 14:59:44; 821.4339; -0.01436021; 203.0215; Before; 13.22299; null
7; Driver; Noise; Intention; 23.09.2023 14:59:44; 821.209; -0.01430119; 203.024; Before; 13.24086; null
7; Driver; Noise; Intention; 23.09.2023 14:59:44; 820.8839; -0.01416837; 203.0277; Before; 13.26014; null
7; Driver; Noise; Intention; 23.09.2023 14:59:44; 820.6764; -0.01412767; 203.0301; Before; 13.27803; null
7; Driver; Noise; Intention; 23.09.2023 14:59:44; 820.5753; -0.01411965; 203.0313; Before; 13.29431; null
7; Driver; Noise; Intention; 23.09.2023 14:59:44; 820.3765; -0.01401641; 203.0335; Before; 13.31439; null
7; Driver; Noise; Intention; 23.09.2023 14:59:44; 820.1834; -0.01389497; 203.0358; Before; 13.3369; null
7; Driver; Noise; Intention; 23.09.2023 14:59:44; 819.9977; -0.01385416; 203.0379; Before; 13.35442; null
7; Driver; Noise; Intention; 23.09.2023 14:59:44; 819.9073; -0.01384789; 203.039; Before; 13.38871; null
7; Driver; Noise; Intention; 23.09.2023 14:59:44; 819.7313; -0.01384069; 203.041; Before; 13.38871; null
7; Driver; Noise; Intention; 23.09.2023 14:59:44; 819.5605; -0.01378205; 203.043; Before; 13.40598; null
7; Driver; Noise; Intention; 23.09.2023 14:59:44; 819.3947; -0.01369004; 203.0449; Before; 13.42455; null
7; Driver; Noise; Intention; 23.09.2023 14:59:44; 819.2339; -0.01358148; 203.0468; Before; 13.44585; null
7; Driver; Noise; Intention; 23.09.2023 14:59:44; 819.1556; -0.01354947; 203.0477; Before; 13.4871; null
7; Driver; Noise; Intention; 23.09.2023 14:59:44; 819.0035; -0.01350909; 203.0495; Before; 13.4871; null
7; Driver; Noise; Intention; 23.09.2023 14:59:44; 818.8574; -0.01352636; 203.0512; Before; 13.52212; null
7; Driver; Noise; Intention; 23.09.2023 14:59:44; 818.7159; -0.01349747; 203.0528; Before; 13.5388; null
7; Driver; Noise; Intention; 23.09.2023 14:59:44; 818.5801; -0.01349656; 203.0544; Before; 13.55449; null
7; Driver; Noise; Intention; 23.09.2023 14:59:44; 818.5141; -0.01349654; 203.0552; Before; 13.5883; null
7; Driver; Noise; Intention; 23.09.2023 14:59:44; 818.386; -0.01348485; 203.0567; Before; 13.5883; null
7; Driver; Noise; Intention; 23.09.2023 14:59:44; 818.262; -0.01342089; 203.0582; Before; 13.60801; null
7; Driver; Noise; Intention; 23.09.2023 14:59:44; 818.142; -0.0133246; 203.0596; Before; 13.62883; null
7; Driver; Noise; Intention; 23.09.2023 14:59:44; 818.0837; -0.01328798; 203.0602; Before; 13.66824; null
7; Driver; Noise; Intention; 23.09.2023 14:59:44; 817.9708; -0.01322679; 203.0616; Before; 13.68603; null
7; Driver; Noise; Intention; 23.09.2023 14:59:44; 817.8615; -0.01330948; 203.0628; Before; 13.68603; null
7; Driver; Noise; Intention; 23.09.2023 14:59:44; 817.757; -0.01340335; 203.0641; Before; 13.7208; null
7; Driver; Noise; Intention; 23.09.2023 14:59:44; 817.6561; -0.01342953; 203.0652; Before; 13.73816; null
7; Driver; Noise; Intention; 23.09.2023 14:59:44; 817.5596; -0.01344505; 203.0664; Before; 13.75597; Checking Box AICar
7; Driver; Noise; Intention; 23.09.2023 14:59:45; 817.4666; -0.01340855; 203.0674; Before; 13.77444; Checking Box AICar
7; Driver; Noise; Intention; 23.09.2023 14:59:45; 817.4216; -0.01339128; 203.068; Before; 13.79533; Checking Box AICar
7; Driver; Noise; Intention; 23.09.2023 14:59:45; 817.3336; -0.0133068; 203.069; Before; 13.81742; Checking Box AICar
7; Driver; Noise; Intention; 23.09.2023 14:59:45; 817.2487; -0.01320919; 203.07; Before; 13.8368; Checking Box AICar
7; Driver; Noise; Intention; 23.09.2023 14:59:45; 817.1679; -0.01314245; 203.0709; Before; 13.85561; Checking Box AICar
7; Driver; Noise; Intention; 23.09.2023 14:59:45; 817.0901; -0.01306775; 203.0718; Before; 13.87464; Checking Box AICar
7; Driver; Noise; Intention; 23.09.2023 14:59:45; 817.0526; -0.01304284; 203.0723; Before; 13.89114; Checking Box AICar
7; Driver; Noise; Intention; 23.09.2023 14:59:45; 816.98; -0.01299873; 203.0731; Before; 13.91014; Checking Box Human
7; Driver; Noise; Intention; 23.09.2023 14:59:45; 816.9443; -0.01294617; 203.0736; Before; 13.93046; Checking Box Human
7; Driver; Noise; Intention; 23.09.2023 14:59:45; 816.8753; -0.01287414; 203.0744; Before; 13.96047; Checking Box Human
7; Driver; Noise; Intention; 23.09.2023 14:59:45; 816.8091; -0.01281491; 203.0752; Before; 13.98212; Checking Box Human
7; Driver; Noise; Intention; 23.09.2023 14:59:45; 816.7457; -0.0127688; 203.0759; Before; 13.98212; Checking Box Human
7; Driver; Noise; Intention; 23.09.2023 14:59:45; 816.7151; -0.01276075; 203.0763; Before; 14.02318; Checking Box Human
7; Driver; Noise; Intention; 23.09.2023 14:59:45; 816.628; -0.01276059; 203.0773; Before; 14.0405; Checking Box Human
7; Driver; Noise; Intention; 23.09.2023 14:59:45; 816.5735; -0.01277198; 203.078; Before; 14.05764; null
7; Driver; Noise; Intention; 23.09.2023 14:59:45; 816.5215; -0.01277027; 203.0786; Before; 14.07497; null
7; Driver; Noise; Intention; 23.09.2023 14:59:45; 816.4961; -0.01274526; 203.0789; Before; 14.07497; null
7; Driver; Noise; Intention; 23.09.2023 14:59:45; 816.4457; -0.01271292; 203.0795; Before; 14.09311; null
7; Driver; Noise; Intention; 23.09.2023 14:59:45; 816.3958; -0.01268268; 203.0801; Before; 14.12413; null
7; Driver; Noise; Intention; 23.09.2023 14:59:45; 816.371; -0.01267727; 203.0804; Before; 14.16535; null
7; Driver; Noise; Intention; 23.09.2023 14:59:45; 816.3219; -0.01267225; 203.0809; Before; 14.18642; null
7; Driver; Noise; Intention; 23.09.2023 14:59:45; 816.2734; -0.01266345; 203.0815; Before; 14.18642; null
7; Driver; Noise; Intention; 23.09.2023 14:59:45; 816.2255; -0.01265207; 203.0821; Before; 14.2037; null
7; Driver; Noise; Intention; 23.09.2023 14:59:45; 816.2018; -0.01265386; 203.0824; Before; 14.24247; null
7; Driver; Noise; Intention; 23.09.2023 14:59:45; 816.1547; -0.01265949; 203.0829; Before; 14.26078; null
7; Driver; Noise; Intention; 23.09.2023 14:59:45; 816.1082; -0.01265741; 203.0835; Before; 14.2841; null
7; Driver; Noise; Intention; 23.09.2023 14:59:45; 816.0623; -0.01264958; 203.084; Before; 14.2841; null
7; Driver; Noise; Intention; 23.09.2023 14:59:45; 816.0396; -0.01265188; 203.0843; Before; 14.32291; null
7; Driver; Noise; Intention; 23.09.2023 14:59:45; 815.9728; -0.01266395; 203.0851; Before; 14.34083; null
7; Driver; Noise; Intention; 23.09.2023 14:59:45; 815.9297; -0.01267459; 203.0856; Before; 14.35763; null
7; Driver; Noise; Intention; 23.09.2023 14:59:45; 815.8877; -0.01267279; 203.0861; Before; 14.37393; null
7; Driver; Noise; Intention; 23.09.2023 14:59:45; 815.8672; -0.01267518; 203.0864; Before; 14.39207; null
7; Driver; Noise; Intention; 23.09.2023 14:59:45; 815.8271; -0.01267683; 203.0869; Before; 14.41043; null
7; Driver; Noise; Intention; 23.09.2023 14:59:45; 815.7885; -0.01266685; 203.0873; Before; 14.43015; null
7; Driver; Noise; Intention; 23.09.2023 14:59:45; 815.7512; -0.01264875; 203.0878; Before; 14.45136; null
7; Driver; Noise; Intention; 23.09.2023 14:59:45; 815.7153; -0.01262579; 203.0882; Before; 14.47212; null
7; Driver; Noise; Intention; 23.09.2023 14:59:45; 815.6979; -0.01261932; 203.0884; Before; 14.49057; null
7; Driver; Noise; Intention; 23.09.2023 14:59:45; 815.6632; -0.01260725; 203.0889; Before; 14.51; null
7; Driver; Noise; Intention; 23.09.2023 14:59:45; 815.6459; -0.01260488; 203.0891; Before; 14.5448; null
7; Driver; Noise; Intention; 23.09.2023 14:59:45; 815.5939; -0.0125984; 203.0897; Before; 14.56156; null
7; Driver; Noise; Intention; 23.09.2023 14:59:45; 815.5594; -0.01259456; 203.0901; Before; 14.57812; null
7; Driver; Noise; Intention; 23.09.2023 14:59:45; 815.5422; -0.01259459; 203.0903; Before; 14.59462; null
7; Driver; Noise; Intention; 23.09.2023 14:59:45; 815.5078; -0.01257743; 203.0908; Before; 14.61548; null
7; Driver; Noise; Intention; 23.09.2023 14:59:45; 815.4734; -0.01255589; 203.0912; Before; 14.63595; null
7; Driver; Noise; Intention; 23.09.2023 14:59:45; 815.4392; -0.01254667; 203.0916; Before; 14.65346; null
7; Driver; Noise; Intention; 23.09.2023 14:59:45; 815.4221; -0.01254608; 203.0918; Before; 14.68667; Checking Box Human
7; Driver; Noise; Intention; 23.09.2023 14:59:45; 815.388; -0.01254487; 203.0923; Before; 14.68667; Checking Box Human
7; Driver; Noise; Intention; 23.09.2023 14:59:45; 815.3539; -0.01255645; 203.0927; Before; 14.72102; Checking Box Human
7; Driver; Noise; Intention; 23.09.2023 14:59:45; 815.32; -0.01255595; 203.0931; Before; 14.73769; Checking Box Human
7; Driver; Noise; Intention; 23.09.2023 14:59:45; 815.303; -0.01254734; 203.0933; Before; 14.75487; Checking Box Human
7; Driver; Noise; Intention; 23.09.2023 14:59:46; 815.2692; -0.01253808; 203.0938; Before; 14.78485; Checking Box Human
7; Driver; Noise; Intention; 23.09.2023 14:59:46; 815.2355; -0.01252636; 203.0942; Before; 14.78485; Checking Box Human
7; Driver; Noise; Intention; 23.09.2023 14:59:46; 815.2186; -0.01252594; 203.0944; Before; 14.82244; Checking Box Human
7; Driver; Noise; Intention; 23.09.2023 14:59:46; 815.1682; -0.01253211; 203.095; Before; 14.84205; Checking Box Human
7; Driver; Noise; Intention; 23.09.2023 14:59:46; 815.1346; -0.01252792; 203.0955; Before; 14.85841; Checking Box Human
7; Driver; Noise; Intention; 23.09.2023 14:59:46; 815.1011; -0.0125348; 203.0959; Before; 14.87566; Checking Box Human
7; Driver; Noise; Intention; 23.09.2023 14:59:46; 815.0844; -0.01254133; 203.0961; Before; 14.89419; Checking Box Human
7; Driver; Noise; Intention; 23.09.2023 14:59:46; 815.0511; -0.01253902; 203.0965; Before; 14.91079; Checking Box Human
7; Driver; Noise; Intention; 23.09.2023 14:59:46; 815.0178; -0.01253271; 203.097; Before; 14.93589; Checking Box Human
7; Driver; Noise; Intention; 23.09.2023 14:59:46; 814.9846; -0.01253707; 203.0974; Before; 14.95508; Checking Box Human
7; Driver; Noise; Intention; 23.09.2023 14:59:46; 814.9681; -0.0125423; 203.0976; Before; 14.99151; Checking Box Human
7; Driver; Noise; Intention; 23.09.2023 14:59:46; 814.935; -0.01255053; 203.098; Before; 14.99151; Checking Box Human
7; Driver; Noise; Intention; 23.09.2023 14:59:46; 814.902; -0.01254954; 203.0984; Before; 15.00824; Checking Box Human
7; Driver; Noise; Intention; 23.09.2023 14:59:46; 814.8691; -0.01256017; 203.0988; Before; 15.04293; Checking Box Human
7; Driver; Noise; Intention; 23.09.2023 14:59:46; 814.8362; -0.01257121; 203.0992; Before; 15.05996; Checking Box Human
7; Driver; Noise; Intention; 23.09.2023 14:59:46; 814.8035; -0.01256968; 203.0996; Before; 15.07554; Checking Box Human
7; Driver; Noise; Intention; 23.09.2023 14:59:46; 814.7871; -0.01257085; 203.0998; Before; 15.09544; Checking Box Human
7; Driver; Noise; Intention; 23.09.2023 14:59:46; 814.7545; -0.01255722; 203.1002; Before; 15.11573; Checking Box Human
7; Driver; Noise; Intention; 23.09.2023 14:59:46; 814.7219; -0.0125526; 203.1006; Before; 15.13306; Checking Box Human
7; Driver; Noise; Intention; 23.09.2023 14:59:46; 814.7056; -0.0125532; 203.1008; Before; 15.16649; Checking Box Human
7; Driver; Noise; Intention; 23.09.2023 14:59:46; 814.6732; -0.01255279; 203.1012; Before; 15.18377; Checking Box Human
7; Driver; Noise; Intention; 23.09.2023 14:59:46; 814.6407; -0.01254475; 203.1016; Before; 15.18377; Checking Box Human
7; Driver; Noise; Intention; 23.09.2023 14:59:46; 814.6084; -0.01254994; 203.102; Before; 15.22017; Checking Box Human
7; Driver; Noise; Intention; 23.09.2023 14:59:46; 814.5762; -0.01254493; 203.1024; Before; 15.2383; Checking Box Human
7; Driver; Noise; Intention; 23.09.2023 14:59:46; 814.544; -0.01253484; 203.1028; Before; 15.25768; Checking Box Human
7; Driver; Noise; Intention; 23.09.2023 14:59:46; 814.5119; -0.01253468; 203.1032; Before; 15.27855; Checking Box Human
7; Driver; Noise; Intention; 23.09.2023 14:59:46; 814.4958; -0.01253762; 203.1034; Before; 15.29547; Checking Box Human
7; Driver; Noise; Intention; 23.09.2023 14:59:46; 814.4639; -0.01254177; 203.1038; Before; 15.31079; Checking Box Human
7; Driver; Noise; Intention; 23.09.2023 14:59:46; 814.4479; -0.01254606; 203.104; Before; 15.34668; Checking Box Human
7; Driver; Noise; Intention; 23.09.2023 14:59:46; 814.4001; -0.01255574; 203.1046; Before; 15.36369; Checking Box Human
7; Driver; Noise; Intention; 23.09.2023 14:59:46; 814.3683; -0.01256025; 203.1049; Before; 15.37861; Checking Box Human
7; Driver; Noise; Intention; 23.09.2023 14:59:46; 814.3525; -0.01256373; 203.1051; Before; 15.39428; Checking Box Human
7; Driver; Noise; Intention; 23.09.2023 14:59:46; 814.3208; -0.01255388; 203.1055; Before; 15.41337; Checking Box Human
7; Driver; Noise; Intention; 23.09.2023 14:59:46; 814.2892; -0.01255112; 203.1059; Before; 15.43268; Checking Box Human
7; Driver; Noise; Intention; 23.09.2023 14:59:46; 814.2734; -0.01255203; 203.1061; Before; 15.4698; Checking Box Human
7; Driver; Noise; Intention; 23.09.2023 14:59:46; 814.2419; -0.01255141; 203.1065; Before; 15.48619; Checking Box Human
7; Driver; Noise; Intention; 23.09.2023 14:59:46; 814.2106; -0.01254248; 203.1069; Before; 15.48619; Checking Box Human
7; Driver; Noise; Intention; 23.09.2023 14:59:46; 814.1792; -0.01254589; 203.1073; Before; 15.52167; Checking Box Human
7; Driver; Noise; Intention; 23.09.2023 14:59:46; 814.1479; -0.01253921; 203.1077; Before; 15.53894; Checking Box Human
7; Driver; Noise; Intention; 23.09.2023 14:59:46; 814.1168; -0.01252766; 203.1081; Before; 15.55645; Checking Box Human
7; Driver; Noise; Intention; 23.09.2023 14:59:46; 814.1012; -0.01253292; 203.1083; Before; 15.59341; Checking Box Human
7; Driver; Noise; Intention; 23.09.2023 14:59:46; 814.0701; -0.01254027; 203.1087; Before; 15.59341; Checking Box Human
7; Driver; Noise; Intention; 23.09.2023 14:59:46; 814.0546; -0.01254542; 203.1089; Before; 15.62367; Checking Box Human
7; Driver; Noise; Intention; 23.09.2023 14:59:46; 814.0081; -0.01255549; 203.1095; Before; 15.64011; Checking Box Human
7; Driver; Noise; Intention; 23.09.2023 14:59:46; 813.9927; -0.01256402; 203.1097; Before; 15.6704; Checking Box Human
7; Driver; Noise; Intention; 23.09.2023 14:59:46; 813.9618; -0.0125736; 203.1101; Before; 15.68635; Checking Box Human
7; Driver; Noise; Intention; 23.09.2023 14:59:46; 813.931; -0.0125861; 203.1105; Before; 15.70154; Checking Box Human
7; Driver; Noise; Intention; 23.09.2023 14:59:46; 813.9003; -0.012581; 203.1109; Before; 15.71879; Checking Box Human
7; Driver; Noise; Intention; 23.09.2023 14:59:46; 813.8697; -0.01256547; 203.1112; Before; 15.73548; Checking Box Human
7; Driver; Noise; Intention; 23.09.2023 14:59:46; 813.8392; -0.01255599; 203.1116; Before; 15.75508; Checking Box Human
7; Driver; Noise; Intention; 23.09.2023 14:59:47; 813.8239; -0.01255348; 203.1118; Before; 15.7867; Checking Box Human
7; Driver; Noise; Intention; 23.09.2023 14:59:47; 813.7935; -0.01256351; 203.1121; Before; 15.80241; Checking Box Human
7; Driver; Noise; Intention; 23.09.2023 14:59:47; 813.7631; -0.01255887; 203.1125; Before; 15.81804; Checking Box Human
7; Driver; Noise; Intention; 23.09.2023 14:59:47; 813.7328; -0.01255765; 203.1129; Before; 15.83186; Checking Box Human
7; Driver; Noise; Intention; 23.09.2023 14:59:47; 813.7177; -0.01255822; 203.1131; Before; 15.86538; Checking Box Human
7; Driver; Noise; Intention; 23.09.2023 14:59:47; 813.6874; -0.01255547; 203.1134; Before; 15.88124; Checking Box Human
7; Driver; Noise; Intention; 23.09.2023 14:59:47; 813.6573; -0.01256019; 203.1138; Before; 15.90141; Checking Box Human
7; Driver; Noise; Intention; 23.09.2023 14:59:47; 813.6273; -0.01255182; 203.1142; Before; 15.91984; Checking Box Human
7; Driver; Noise; Intention; 23.09.2023 14:59:47; 813.6122; -0.01255643; 203.1143; Before; 15.94863; Checking Box Human
7; Driver; Noise; Intention; 23.09.2023 14:59:47; 813.5673; -0.01256199; 203.1149; Before; 15.96328; Checking Box Human
7; Driver; Noise; Intention; 23.09.2023 14:59:47; 813.5524; -0.01256819; 203.1151; Before; 15.99188; Checking Box Human
7; Driver; Noise; Intention; 23.09.2023 14:59:47; 813.5225; -0.01257298; 203.1154; Before; 15.99188; Checking Box Human
7; Driver; Noise; Intention; 23.09.2023 14:59:47; 813.4927; -0.01258062; 203.1158; Before; 16.02217; Checking Box Human
7; Driver; Noise; Intention; 23.09.2023 14:59:47; 813.4631; -0.01257181; 203.1162; Before; 16.03863; Checking Box Human
7; Driver; Noise; Intention; 23.09.2023 14:59:47; 813.4334; -0.01255368; 203.1165; Before; 16.05563; Checking Box Human
7; Driver; Noise; Intention; 23.09.2023 14:59:47; 813.4186; -0.01255401; 203.1167; Before; 16.09105; Checking Box Human
7; Driver; Noise; Intention; 23.09.2023 14:59:47; 813.3891; -0.01255068; 203.1171; Before; 16.09105; Checking Box Human
7; Driver; Noise; Intention; 23.09.2023 14:59:47; 813.3597; -0.01255452; 203.1174; Before; 16.12245; Checking Box Human
7; Driver; Noise; Intention; 23.09.2023 14:59:47; 813.3303; -0.01255705; 203.1178; Before; 16.13763; Checking Box Human
7; Driver; Noise; Intention; 23.09.2023 14:59:47; 813.3156; -0.01255864; 203.118; Before; 16.16689; null
7; Driver; Noise; Intention; 23.09.2023 14:59:47; 813.2717; -0.01255645; 203.1185; Before; 16.18354; null
7; Driver; Noise; Intention; 23.09.2023 14:59:47; 813.2571; -0.01254425; 203.1187; Before; 16.18354; null
7; Driver; Noise; Intention; 23.09.2023 14:59:47; 813.2425; -0.01254041; 203.1189; Before; 16.22308; null
7; Driver; Noise; Intention; 23.09.2023 14:59:47; 813.1989; -0.01252949; 203.1195; Before; 16.24077; null
7; Driver; Noise; Intention; 23.09.2023 14:59:47; 813.1843; -0.01253278; 203.1196; Before; 16.26981; null
7; Driver; Noise; Intention; 23.09.2023 14:59:47; 813.1409; -0.01253779; 203.1202; Before; 16.28455; null
7; Driver; Noise; Intention; 23.09.2023 14:59:47; 813.1264; -0.01254444; 203.1204; Before; 16.29876; null
7; Driver; Noise; Intention; 23.09.2023 14:59:47; 813.0975; -0.01255114; 203.1207; Before; 16.31307; null
7; Driver; Noise; Intention; 23.09.2023 14:59:47; 813.0687; -0.01256117; 203.121; Before; 16.34299; null
7; Driver; Noise; Intention; 23.09.2023 14:59:47; 813.04; -0.0125666; 203.1214; Before; 16.35772; null
7; Driver; Noise; Intention; 23.09.2023 14:59:47; 813.0257; -0.01256856; 203.1216; Before; 16.39288; null
7; Driver; Noise; Intention; 23.09.2023 14:59:47; 812.9971; -0.01256579; 203.1219; Before; 16.39288; null
7; Driver; Noise; Intention; 23.09.2023 14:59:47; 812.9685; -0.01256705; 203.1222; Before; 16.42267; null
7; Driver; Noise; Intention; 23.09.2023 14:59:47; 812.9401; -0.01256523; 203.1226; Before; 16.43913; null
7; Driver; Noise; Intention; 23.09.2023 14:59:47; 812.926; -0.01256428; 203.1227; Before; 16.46754; Checking Box Human
7; Driver; Noise; Intention; 23.09.2023 14:59:47; 812.886; -0.01255493; 203.1232; Before; 16.48391; Checking Box Human
7; Driver; Noise; Intention; 23.09.2023 14:59:47; 812.8737; -0.012556; 203.1234; Before; 16.49957; Checking Box Human
7; Driver; Noise; Intention; 23.09.2023 14:59:47; 812.8502; -0.01254258; 203.1237; Before; 16.51424; Checking Box Human
7; Driver; Noise; Intention; 23.09.2023 14:59:47; 812.8279; -0.01252298; 203.1239; Before; 16.53902; Checking Box Human
7; Driver; Noise; Intention; 23.09.2023 14:59:47; 812.8071; -0.01250036; 203.1242; Before; 16.55742; Checking Box Human
7; Driver; Noise; Intention; 23.09.2023 14:59:47; 812.7875; -0.01248542; 203.1244; Before; 16.57847; Checking Box Human
7; Driver; Noise; Intention; 23.09.2023 14:59:47; 812.7783; -0.01248001; 203.1245; Before; 16.59514; Checking Box Human
7; Driver; Noise; Intention; 23.09.2023 14:59:47; 812.7607; -0.01246895; 203.1247; Before; 16.61064; Checking Box Human
7; Driver; Noise; Intention; 23.09.2023 14:59:47; 812.7446; -0.01246305; 203.1249; Before; 16.6442; Checking Box Human
7; Driver; Noise; Intention; 23.09.2023 14:59:47; 812.7297; -0.01245669; 203.1251; Before; 16.65993; Checking Box Human
7; Driver; Noise; Intention; 23.09.2023 14:59:47; 812.7162; -0.01244343; 203.1253; Before; 16.67387; Checking Box Human
7; Driver; Noise; Intention; 23.09.2023 14:59:47; 812.71; -0.01243693; 203.1254; Before; 16.69184; Checking Box Human
7; Driver; Noise; Intention; 23.09.2023 14:59:47; 812.6985; -0.01242195; 203.1255; Before; 16.7114; null
7; Driver; Noise; Intention; 23.09.2023 14:59:47; 812.6884; -0.01240858; 203.1256; Before; 16.7425; null
7; Driver; Noise; Intention; 23.09.2023 14:59:47; 812.6795; -0.01239437; 203.1257; Before; 16.75799; null
7; Driver; Noise; Intention; 23.09.2023 14:59:48; 812.6756; -0.01238699; 203.1258; Before; 16.78755; null
7; Driver; Noise; Intention; 23.09.2023 14:59:48; 812.6688; -0.01237471; 203.1259; Before; 16.80328; null
7; Driver; Noise; Intention; 23.09.2023 14:59:48; 812.6634; -0.01235793; 203.1259; Before; 16.81952; null
7; Driver; Noise; Intention; 23.09.2023 14:59:48; 812.661; -0.01233898; 203.126; Before; 16.83453; null
7; Driver; Noise; Intention; 23.09.2023 14:59:48; 812.661; -0.01232137; 203.126; Before; 16.85954; null
7; Driver; Noise; Intention; 23.09.2023 14:59:48; 812.661; -0.01230312; 203.126; Before; 16.87811; null
7; Driver; Noise; Intention; 23.09.2023 14:59:48; 812.661; -0.01229393; 203.126; Before; 16.89667; null
7; Driver; Noise; Intention; 23.09.2023 14:59:48; 812.661; -0.01228481; 203.126; Before; 16.92604; null
7; Driver; Noise; Intention; 23.09.2023 14:59:48; 812.661; -0.01225836; 203.126; Before; 16.94058; null
7; Driver; Noise; Intention; 23.09.2023 14:59:48; 812.661; -0.01225007; 203.126; Before; 16.97092; null
7; Driver; Noise; Intention; 23.09.2023 14:59:48; 812.661; -0.01223465; 203.126; Before; 16.9863; null
7; Driver; Noise; Intention; 23.09.2023 14:59:48; 812.661; -0.01222123; 203.126; Before; 16.9863; null
7; Driver; Noise; Intention; 23.09.2023 14:59:48; 812.661; -0.01221028; 203.126; Before; 17.02191; null
7; Driver; Noise; Intention; 23.09.2023 14:59:48; 812.661; -0.01220215; 203.126; Before; 17.03729; null
7; Driver; Noise; Intention; 23.09.2023 14:59:48; 812.661; -0.0121992; 203.126; Before; 17.06603; null
7; Driver; Noise; Intention; 23.09.2023 14:59:48; 812.661; -0.01219475; 203.126; Before; 17.0818; null
7; Driver; Noise; Intention; 23.09.2023 14:59:48; 812.661; -0.01219463; 203.126; Before; 17.09776; null
7; Driver; Noise; Intention; 23.09.2023 14:59:48; 812.661; -0.01219618; 203.126; Before; 17.11204; null
7; Driver; Noise; Intention; 23.09.2023 14:59:48; 812.661; -0.01219771; 203.126; Before; 17.14259; null
7; Driver; Noise; Intention; 23.09.2023 14:59:48; 812.661; -0.01220439; 203.126; Before; 17.16053; null
7; Driver; Noise; Intention; 23.09.2023 14:59:48; 812.661; -0.01220706; 203.126; Before; 17.19238; null
7; Driver; Noise; Intention; 23.09.2023 14:59:48; 812.661; -0.01221256; 203.126; Before; 17.19238; null
7; Driver; Noise; Intention; 23.09.2023 14:59:48; 812.661; -0.01221527; 203.126; Before; 17.22443; null
7; Driver; Noise; Intention; 23.09.2023 14:59:48; 812.661; -0.01222251; 203.126; Before; 17.24011; null
7; Driver; Noise; Intention; 23.09.2023 14:59:48; 812.661; -0.01222449; 203.126; Before; 17.26935; null
7; Driver; Noise; Intention; 23.09.2023 14:59:48; 812.661; -0.01222879; 203.126; Before; 17.2854; null
7; Driver; Noise; Intention; 23.09.2023 14:59:48; 812.661; -0.01222965; 203.126; Before; 17.29984; null
7; Driver; Noise; Intention; 23.09.2023 14:59:48; 812.661; -0.01223056; 203.126; Before; 17.31705; null
7; Driver; Noise; Intention; 23.09.2023 14:59:48; 812.661; -0.01223049; 203.126; Before; 17.33407; null
7; Driver; Noise; Intention; 23.09.2023 14:59:48; 812.661; -0.01222967; 203.126; Before; 17.36493; null
7; Driver; Noise; Intention; 23.09.2023 14:59:48; 812.661; -0.01222833; 203.126; Before; 17.37983; null
7; Driver; Noise; Intention; 23.09.2023 14:59:48; 812.661; -0.01222754; 203.126; Before; 17.39438; null
7; Driver; Noise; Intention; 23.09.2023 14:59:48; 812.661; -0.01222672; 203.126; Before; 17.42502; null
7; Driver; Noise; Intention; 23.09.2023 14:59:48; 812.661; -0.01222426; 203.126; Before; 17.44077; null
7; Driver; Noise; Intention; 23.09.2023 14:59:48; 812.661; -0.0122228; 203.126; Before; 17.45675; null
7; Driver; Noise; Intention; 23.09.2023 14:59:48; 812.661; -0.01222164; 203.126; Before; 17.47498; null
7; Driver; Noise; Intention; 23.09.2023 14:59:48; 812.661; -0.01222119; 203.126; Before; 17.49283; null
7; Driver; Noise; Intention; 23.09.2023 14:59:48; 812.661; -0.01222057; 203.126; Before; 17.52427; null
7; Driver; Noise; Intention; 23.09.2023 14:59:48; 812.661; -0.01222027; 203.126; Before; 17.53964; null
7; Driver; Noise; Intention; 23.09.2023 14:59:48; 812.661; -0.01222023; 203.126; Before; 17.56918; null
7; Driver; Noise; Intention; 23.09.2023 14:59:48; 812.661; -0.01222049; 203.126; Before; 17.56918; null
7; Driver; Noise; Intention; 23.09.2023 14:59:48; 812.661; -0.01222067; 203.126; Before; 17.58443; null
7; Driver; Noise; Intention; 23.09.2023 14:59:48; 812.661; -0.0122211; 203.126; Before; 17.60915; null
7; Driver; Noise; Intention; 23.09.2023 14:59:48; 812.661; -0.01222133; 203.126; Before; 17.6431; null
7; Driver; Noise; Intention; 23.09.2023 14:59:48; 812.661; -0.01222202; 203.126; Before; 17.66129; null
7; Driver; Noise; Intention; 23.09.2023 14:59:48; 812.661; -0.01222224; 203.126; Before; 17.69186; null
7; Driver; Noise; Intention; 23.09.2023 14:59:48; 812.661; -0.01222259; 203.126; Before; 17.69186; null
7; Driver; Noise; Intention; 23.09.2023 14:59:48; 812.661; -0.01222274; 203.126; Before; 17.72292; null
7; Driver; Noise; Intention; 23.09.2023 14:59:48; 812.661; -0.01222303; 203.126; Before; 17.74013; null
7; Driver; Noise; Intention; 23.09.2023 14:59:48; 812.661; -0.01222308; 203.126; Before; 17.77041; null
7; Driver; Noise; Intention; 23.09.2023 14:59:49; 812.661; -0.0122231; 203.126; Before; 17.78567; null
7; Driver; Noise; Intention; 23.09.2023 14:59:49; 812.661; -0.01222307; 203.126; Before; 17.78567; null
7; Driver; Noise; Intention; 23.09.2023 14:59:49; 812.661; -0.01222303; 203.126; Before; 17.82268; null
7; Driver; Noise; Intention; 23.09.2023 14:59:49; 812.661; -0.01222288; 203.126; Before; 17.84059; null
7; Driver; Noise; Intention; 23.09.2023 14:59:49; 812.661; -0.01222282; 203.126; Before; 17.8714; null
7; Driver; Noise; Intention; 23.09.2023 14:59:49; 812.661; -0.0122227; 203.126; Before; 17.88634; null
7; Driver; Noise; Intention; 23.09.2023 14:59:49; 812.661; -0.01222257; 203.126; Before; 17.90183; null
7; Driver; Noise; Intention; 23.09.2023 14:59:49; 812.661; -0.01222247; 203.126; Before; 17.91824; null
7; Driver; Noise; Intention; 23.09.2023 14:59:49; 812.661; -0.01222241; 203.126; Before; 17.93202; null
7; Driver; Noise; Intention; 23.09.2023 14:59:49; 812.661; -0.01222238; 203.126; Before; 17.96681; null
7; Driver; Noise; Intention; 23.09.2023 14:59:49; 812.661; -0.01222235; 203.126; Before; 17.98552; null
7; Driver; Noise; Intention; 23.09.2023 14:59:49; 812.661; -0.01222235; 203.126; Before; 18.0029; null
7; Driver; Noise; Intention; 23.09.2023 14:59:49; 812.661; -0.01222236; 203.126; Before; 18.01872; null
7; Driver; Noise; Intention; 23.09.2023 14:59:49; 812.661; -0.01222239; 203.126; Before; 18.03524; null
7; Driver; Noise; Intention; 23.09.2023 14:59:49; 812.661; -0.0122224; 203.126; Before; 18.0669; null
7; Driver; Noise; Intention; 23.09.2023 14:59:49; 812.661; -0.01222245; 203.126; Before; 18.08295; null
7; Driver; Noise; Intention; 23.09.2023 14:59:49; 812.661; -0.01222247; 203.126; Before; 18.0996; null
7; Driver; Noise; Intention; 23.09.2023 14:59:49; 812.661; -0.01222248; 203.126; Before; 18.11761; null
7; Driver; Noise; Intention; 23.09.2023 14:59:49; 812.661; -0.01222249; 203.126; Before; 18.13659; null
7; Driver; Noise; Intention; 23.09.2023 14:59:49; 812.661; -0.0122225; 203.126; Before; 18.16753; null
7; Driver; Noise; Intention; 23.09.2023 14:59:49; 812.661; -0.0122225; 203.126; Before; 18.18378; null
7; Driver; Noise; Intention; 23.09.2023 14:59:49; 812.661; -0.0122225; 203.126; Before; 18.19958; null
7; Driver; Noise; Intention; 23.09.2023 14:59:49; 812.661; -0.0122225; 203.126; Before; 18.21366; null
7; Driver; Noise; Intention; 23.09.2023 14:59:49; 812.661; -0.01222249; 203.126; Before; 18.24426; null
7; Driver; Noise; Intention; 23.09.2023 14:59:49; 812.6608; -0.01222241; 203.126; Before; 18.26037; null
7; Driver; Noise; Intention; 23.09.2023 14:59:49; 812.6605; -0.01222245; 203.126; Before; 18.27791; null
7; Driver; Noise; Intention; 23.09.2023 14:59:49; 812.6604; -0.0122225; 203.126; Before; 18.29599; null
7; Driver; Noise; Intention; 23.09.2023 14:59:49; 812.6595; -0.01222236; 203.126; Before; 18.31551; null
7; Driver; Noise; Intention; 23.09.2023 14:59:49; 812.6589; -0.01222249; 203.126; Before; 18.34766; null
7; Driver; Noise; Intention; 23.09.2023 14:59:49; 812.6561; -0.01222318; 203.126; Before; 18.36386; null
7; Driver; Noise; Intention; 23.09.2023 14:59:49; 812.6531; -0.01222403; 203.126; Before; 18.37875; null
7; Driver; Noise; Intention; 23.09.2023 14:59:49; 812.6511; -0.01222502; 203.1261; Before; 18.3938; null
7; Driver; Noise; Intention; 23.09.2023 14:59:49; 812.6463; -0.01222716; 203.1261; Before; 18.40976; null
7; Driver; Noise; Intention; 23.09.2023 14:59:49; 812.6405; -0.01222913; 203.1262; Before; 18.42688; null
7; Driver; Noise; Intention; 23.09.2023 14:59:49; 812.6372; -0.01223127; 203.1262; Before; 18.46478; null
7; Driver; Noise; Intention; 23.09.2023 14:59:49; 812.6298; -0.01223616; 203.1263; Before; 18.48335; null
7; Driver; Noise; Intention; 23.09.2023 14:59:49; 812.621; -0.01224568; 203.1264; Before; 18.50164; null
7; Driver; Noise; Intention; 23.09.2023 14:59:49; 812.6112; -0.01225365; 203.1265; Before; 18.51847; null
7; Driver; Noise; Intention; 23.09.2023 14:59:49; 812.6005; -0.01226476; 203.1267; Before; 18.53335; null
7; Driver; Noise; Intention; 23.09.2023 14:59:49; 812.5947; -0.01227155; 203.1267; Before; 18.5656; null
7; Driver; Noise; Intention; 23.09.2023 14:59:49; 812.5825; -0.01228473; 203.1269; Before; 18.58245; null
7; Driver; Noise; Intention; 23.09.2023 14:59:49; 812.5692; -0.01230245; 203.127; Before; 18.6013; null
7; Driver; Noise; Intention; 23.09.2023 14:59:49; 812.5548; -0.01231471; 203.1272; Before; 18.61986; null
7; Driver; Noise; Intention; 23.09.2023 14:59:49; 812.5393; -0.01232904; 203.1274; Before; 18.63595; null
7; Driver; Noise; Intention; 23.09.2023 14:59:49; 812.5311; -0.01233708; 203.1275; Before; 18.66759; null
7; Driver; Noise; Intention; 23.09.2023 14:59:49; 812.5139; -0.01235081; 203.1277; Before; 18.68447; null
7; Driver; Noise; Intention; 23.09.2023 14:59:49; 812.4956; -0.01236889; 203.1279; Before; 18.70057; null
7; Driver; Noise; Intention; 23.09.2023 14:59:49; 812.4762; -0.0123854; 203.1281; Before; 18.71649; null
7; Driver; Noise; Intention; 23.09.2023 14:59:49; 812.4557; -0.01239356; 203.1284; Before; 18.73072; null
7; Driver; Noise; Intention; 23.09.2023 14:59:49; 812.4451; -0.01239883; 203.1285; Before; 18.76517; null
7; Driver; Noise; Intention; 23.09.2023 14:59:50; 812.4116; -0.01241261; 203.1289; Before; 18.78364; null
7; Driver; Noise; Intention; 23.09.2023 14:59:50; 812.3998; -0.01240919; 203.129; Before; 18.78364; null
7; Driver; Noise; Intention; 23.09.2023 14:59:50; 812.3755; -0.0123988; 203.1293; Before; 18.79996; null
7; Driver; Noise; Intention; 23.09.2023 14:59:50; 812.3502; -0.01239081; 203.1296; Before; 18.83585; null
7; Driver; Noise; Intention; 23.09.2023 14:59:50; 812.3237; -0.01239606; 203.1299; Before; 18.85455; null
7; Driver; Noise; Intention; 23.09.2023 14:59:50; 812.3101; -0.01240315; 203.1301; Before; 18.88683; null
7; Driver; Noise; Intention; 23.09.2023 14:59:50; 812.282; -0.01241865; 203.1304; Before; 18.88683; null
7; Driver; Noise; Intention; 23.09.2023 14:59:50; 812.2528; -0.01242995; 203.1307; Before; 18.90366; null
7; Driver; Noise; Intention; 23.09.2023 14:59:50; 812.2227; -0.01245455; 203.1311; Before; 18.94233; null
7; Driver; Noise; Intention; 23.09.2023 14:59:50; 812.1917; -0.01248097; 203.1315; Before; 18.95951; null
7; Driver; Noise; Intention; 23.09.2023 14:59:50; 812.176; -0.01249519; 203.1316; Before; 18.99159; null
7; Driver; Noise; Intention; 23.09.2023 14:59:50; 812.1443; -0.01251798; 203.132; Before; 18.99159; null
7; Driver; Noise; Intention; 23.09.2023 14:59:50; 812.1283; -0.01252983; 203.1322; Before; 19.02437; null
7; Driver; Noise; Intention; 23.09.2023 14:59:50; 812.0801; -0.0125562; 203.1327; Before; 19.04164; null
7; Driver; Noise; Intention; 23.09.2023 14:59:50; 812.048; -0.01255535; 203.1331; Before; 19.0584; null
7; Driver; Noise; Intention; 23.09.2023 14:59:50; 812.0161; -0.01255954; 203.1335; Before; 19.07619; null
7; Driver; Noise; Intention; 23.09.2023 14:59:50; 812.0001; -0.01256324; 203.1337; Before; 19.09454; null
7; Driver; Noise; Intention; 23.09.2023 14:59:50; 811.9682; -0.01256686; 203.134; Before; 19.11076; null
7; Driver; Noise; Intention; 23.09.2023 14:59:50; 811.9523; -0.01257009; 203.1342; Before; 19.144; null
7; Driver; Noise; Intention; 23.09.2023 14:59:50; 811.9047; -0.01257489; 203.1348; Before; 19.16065; null
7; Driver; Noise; Intention; 23.09.2023 14:59:50; 811.873; -0.01257544; 203.1351; Before; 19.17619; null
7; Driver; Noise; Intention; 23.09.2023 14:59:50; 811.8572; -0.01257692; 203.1353; Before; 19.19191; null
7; Driver; Noise; Intention; 23.09.2023 14:59:50; 811.8256; -0.01257553; 203.1357; Before; 19.20938; null
7; Driver; Noise; Intention; 23.09.2023 14:59:50; 811.7941; -0.01256387; 203.136; Before; 19.22994; null
7; Driver; Noise; Intention; 23.09.2023 14:59:50; 811.7784; -0.01256074; 203.1362; Before; 19.26492; null
7; Driver; Noise; Intention; 23.09.2023 14:59:50; 811.7313; -0.01256417; 203.1368; Before; 19.28123; null
7; Driver; Noise; Intention; 23.09.2023 14:59:50; 811.7157; -0.0125658; 203.1369; Before; 19.29724; null
7; Driver; Noise; Intention; 23.09.2023 14:59:50; 811.6844; -0.0125648; 203.1373; Before; 19.31188; null
7; Driver; Noise; Intention; 23.09.2023 14:59:50; 811.6689; -0.01256557; 203.1375; Before; 19.34373; null
7; Driver; Noise; Intention; 23.09.2023 14:59:50; 811.6222; -0.01256332; 203.138; Before; 19.36037; null
7; Driver; Noise; Intention; 23.09.2023 14:59:50; 811.5912; -0.01256008; 203.1384; Before; 19.37829; Checking Box Human
7; Driver; Noise; Intention; 23.09.2023 14:59:50; 811.5757; -0.01256005; 203.1386; Before; 19.39491; Checking Box Human
7; Driver; Noise; Intention; 23.09.2023 14:59:50; 811.5448; -0.01255668; 203.139; Before; 19.41108; Checking Box Human
7; Driver; Noise; Intention; 23.09.2023 14:59:50; 811.5294; -0.0125567; 203.1391; Before; 19.44332; Checking Box Human
7; Driver; Noise; Intention; 23.09.2023 14:59:50; 811.4832; -0.01256594; 203.1397; Before; 19.46032; Checking Box Human
7; Driver; Noise; Intention; 23.09.2023 14:59:50; 811.4678; -0.01256852; 203.1398; Before; 19.48977; Checking Box Human
7; Driver; Noise; Intention; 23.09.2023 14:59:50; 811.4371; -0.01256836; 203.1402; Before; 19.48977; Checking Box Human
7; Driver; Noise; Intention; 23.09.2023 14:59:50; 811.4065; -0.01255718; 203.1405; Before; 19.50634; Checking Box Human
7; Driver; Noise; Intention; 23.09.2023 14:59:50; 811.376; -0.01253926; 203.1408; Before; 19.52252; Checking Box Human
7; Driver; Noise; Intention; 23.09.2023 14:59:50; 811.3607; -0.01253414; 203.141; Before; 19.56926; Checking Box Human
7; Driver; Noise; Intention; 23.09.2023 14:59:50; 811.3303; -0.01252487; 203.1413; Before; 19.58613; Checking Box Human
7; Driver; Noise; Intention; 23.09.2023 14:59:50; 811.2999; -0.01252863; 203.1417; Before; 19.60183; Checking Box Human
7; Driver; Noise; Intention; 23.09.2023 14:59:50; 811.2697; -0.01252328; 203.142; Before; 19.61834; Checking Box Human
7; Driver; Noise; Intention; 23.09.2023 14:59:50; 811.2394; -0.01252538; 203.1424; Before; 19.63361; Checking Box Human
7; Driver; Noise; Intention; 23.09.2023 14:59:50; 811.2244; -0.01252864; 203.1426; Before; 19.66491; Checking Box Human
7; Driver; Noise; Intention; 23.09.2023 14:59:50; 811.1792; -0.01254782; 203.1431; Before; 19.68004; Checking Box Human
7; Driver; Noise; Intention; 23.09.2023 14:59:50; 811.1642; -0.01255348; 203.1433; Before; 19.69764; Checking Box Human
7; Driver; Noise; Intention; 23.09.2023 14:59:50; 811.1342; -0.01254713; 203.1437; Before; 19.71576; Checking Box Human
7; Driver; Noise; Intention; 23.09.2023 14:59:50; 811.1043; -0.01254544; 203.1441; Before; 19.73237; Checking Box Human
7; Driver; Noise; Intention; 23.09.2023 14:59:50; 811.0894; -0.01254615; 203.1444; Before; 19.76473; null
7; Driver; Noise; Intention; 23.09.2023 14:59:51; 811.0447; -0.01255655; 203.1451; Before; 19.78045; null
7; Driver; Noise; Intention; 23.09.2023 14:59:51; 811.0298; -0.01255932; 203.1453; Before; 19.79552; null
7; Driver; Noise; Intention; 23.09.2023 14:59:51; 811.0002; -0.01255943; 203.1459; Before; 19.81024; null
7; Driver; Noise; Intention; 23.09.2023 14:59:51; 810.9706; -0.01254853; 203.1465; Before; 19.8273; null
7; Driver; Noise; Intention; 23.09.2023 14:59:51; 810.941; -0.01253085; 203.1471; Before; 19.84345; null
7; Driver; Noise; Intention; 23.09.2023 14:59:51; 810.9263; -0.01252568; 203.1474; Before; 19.89098; null
7; Driver; Noise; Intention; 23.09.2023 14:59:51; 810.8969; -0.01251618; 203.1481; Before; 19.89098; null
7; Driver; Noise; Intention; 23.09.2023 14:59:51; 810.8674; -0.01250288; 203.1488; Before; 19.90744; null
7; Driver; Noise; Intention; 23.09.2023 14:59:51; 810.8527; -0.0125006; 203.1491; Before; 19.94317; null
7; Driver; Noise; Intention; 23.09.2023 14:59:51; 810.8078; -0.01249946; 203.1503; Before; 19.96168; null
7; Driver; Noise; Intention; 23.09.2023 14:59:51; 810.7774; -0.012503; 203.1511; Before; 19.97847; null
7; Driver; Noise; Intention; 23.09.2023 14:59:51; 810.762; -0.0125075; 203.1515; Before; 19.99475; null
7; Driver; Noise; Intention; 23.09.2023 14:59:51; 810.7309; -0.01250257; 203.1524; Before; 20.01337; null
7; Driver; Noise; Intention; 23.09.2023 14:59:51; 810.6993; -0.0125066; 203.1533; Before; 20.0323; null
7; Driver; Noise; Intention; 23.09.2023 14:59:51; 810.6833; -0.01251149; 203.1537; Before; 20.06874; null
7; Driver; Noise; Intention; 23.09.2023 14:59:51; 810.6509; -0.01251923; 203.1548; Before; 20.0857; null
7; Driver; Noise; Intention; 23.09.2023 14:59:51; 810.618; -0.01253691; 203.1558; Before; 20.10217; null
7; Driver; Noise; Intention; 23.09.2023 14:59:51; 810.5844; -0.01254083; 203.157; Before; 20.11841; null
7; Driver; Noise; Intention; 23.09.2023 14:59:51; 810.55; -0.0125496; 203.1582; Before; 20.13399; null
7; Driver; Noise; Intention; 23.09.2023 14:59:51; 810.5149; -0.01254782; 203.1595; Before; 20.1507; null
7; Driver; Noise; Intention; 23.09.2023 14:59:51; 810.4969; -0.01255018; 203.1602; Before; 20.18999; null
7; Driver; Noise; Intention; 23.09.2023 14:59:51; 810.4603; -0.01255323; 203.1617; Before; 20.18999; null
7; Driver; Noise; Intention; 23.09.2023 14:59:51; 810.4415; -0.0125579; 203.1625; Before; 20.22504; null
7; Driver; Noise; Intention; 23.09.2023 14:59:51; 810.3828; -0.01257121; 203.165; Before; 20.24199; null
7; Driver; Noise; Intention; 23.09.2023 14:59:51; 810.3416; -0.01258083; 203.1669; Before; 20.25969; null
7; Driver; Noise; Intention; 23.09.2023 14:59:51; 810.2984; -0.01257985; 203.1689; Before; 20.27525; null
7; Driver; Noise; Intention; 23.09.2023 14:59:51; 810.2761; -0.01258422; 203.17; Before; 20.29172; null
7; Driver; Noise; Intention; 23.09.2023 14:59:51; 810.2299; -0.01259213; 203.1723; Before; 20.3096; null
7; Driver; Noise; Intention; 23.09.2023 14:59:51; 810.1815; -0.01259166; 203.1748; Before; 20.33041; null
7; Driver; Noise; Intention; 23.09.2023 14:59:51; 810.1564; -0.01259795; 203.1761; Before; 20.36595; null
7; Driver; Noise; Intention; 23.09.2023 14:59:51; 810.0781; -0.01262387; 203.1804; Before; 20.38282; null
7; Driver; Noise; Intention; 23.09.2023 14:59:51; 810.0509; -0.01264647; 203.182; Before; 20.39977; null
7; Driver; Noise; Intention; 23.09.2023 14:59:51; 809.9949; -0.01266388; 203.1853; Before; 20.41599; null
7; Driver; Noise; Intention; 23.09.2023 14:59:51; 809.9368; -0.01269296; 203.1888; Before; 20.43262; null
7; Driver; Noise; Intention; 23.09.2023 14:59:51; 809.8763; -0.01270672; 203.1927; Before; 20.44995; null
7; Driver; Noise; Intention; 23.09.2023 14:59:51; 809.8452; -0.0127199; 203.1947; Before; 20.4878; Checking Box AICar
7; Driver; Noise; Intention; 23.09.2023 14:59:51; 809.7813; -0.01274372; 203.199; Before; 20.4878; Checking Box AICar
7; Driver; Noise; Intention; 23.09.2023 14:59:51; 809.7485; -0.0127611; 203.2013; Before; 20.52449; Checking Box AICar
7; Driver; Noise; Intention; 23.09.2023 14:59:51; 809.6465; -0.01281031; 203.2086; Before; 20.54088; Checking Box AICar
7; Driver; Noise; Intention; 23.09.2023 14:59:51; 809.5756; -0.01284204; 203.2139; Before; 20.55819; Checking Box AICar
7; Driver; Noise; Intention; 23.09.2023 14:59:51; 809.5393; -0.01286191; 203.2166; Before; 20.59057; Checking Box AICar
7; Driver; Noise; Intention; 23.09.2023 14:59:51; 809.4649; -0.01289272; 203.2225; Before; 20.59057; Checking Box AICar
7; Driver; Noise; Intention; 23.09.2023 14:59:51; 809.3882; -0.01290029; 203.2287; Before; 20.60722; Checking Box AICar
7; Driver; Noise; Intention; 23.09.2023 14:59:51; 809.3091; -0.01286289; 203.2354; Before; 20.62354; Checking Box AICar
7; Driver; Noise; Intention; 23.09.2023 14:59:51; 809.2278; -0.01286075; 203.2424; Before; 20.65478; Checking Box AICar
7; Driver; Noise; Intention; 23.09.2023 14:59:51; 809.144; -0.01285432; 203.2499; Before; 20.67473; Checking Box AICar
7; Driver; Noise; Intention; 23.09.2023 14:59:51; 809.1013; -0.01286527; 203.2538; Before; 20.69318; Checking Box AICar
7; Driver; Noise; Intention; 23.09.2023 14:59:51; 809.0142; -0.01289262; 203.262; Before; 20.70978; Checking Box AICar
7; Driver; Noise; Intention; 23.09.2023 14:59:51; 808.9697; -0.01291709; 203.2663; Before; 20.74438; Checking Box AICar
7; Driver; Noise; Intention; 23.09.2023 14:59:51; 808.8331; -0.01299454; 203.2798; Before; 20.762; Checking Box AICar
7; Driver; Noise; Intention; 23.09.2023 14:59:52; 808.7393; -0.0130473; 203.2894; Before; 20.77936; Checking Box AICar
7; Driver; Noise; Intention; 23.09.2023 14:59:52; 808.6916; -0.0130786; 203.2944; Before; 20.79751; Checking Box AICar
7; Driver; Noise; Intention; 23.09.2023 14:59:52; 808.5945; -0.01309116; 203.3048; Before; 20.81718; Checking Box AICar
7; Driver; Noise; Intention; 23.09.2023 14:59:52; 808.4954; -0.01312377; 203.3157; Before; 20.8335; Checking Box AICar
7; Driver; Noise; Intention; 23.09.2023 14:59:52; 808.4451; -0.01314666; 203.3213; Before; 20.86717; Checking Box AICar
7; Driver; Noise; Intention; 23.09.2023 14:59:52; 808.3428; -0.01318174; 203.333; Before; 20.88385; Checking Box AICar
7; Driver; Noise; Intention; 23.09.2023 14:59:52; 808.2386; -0.01324399; 203.3453; Before; 20.90007; Checking Box AICar
7; Driver; Noise; Intention; 23.09.2023 14:59:52; 808.1322; -0.01325916; 203.3582; Before; 20.91709; Checking Box AICar
7; Driver; Noise; Intention; 23.09.2023 14:59:52; 808.0237; -0.01328764; 203.3716; Before; 20.93187; Checking Box AICar
7; Driver; Noise; Intention; 23.09.2023 14:59:52; 807.9132; -0.01328109; 203.3856; Before; 20.95191; Checking Box AICar
7; Driver; Noise; Intention; 23.09.2023 14:59:52; 807.8571; -0.01319138; 203.3928; Before; 20.9867; Checking Box AICar
7; Driver; Noise; Intention; 23.09.2023 14:59:52; 807.7433; -0.01304682; 203.4077; Before; 20.9867; Checking Box AICar
7; Driver; Noise; Intention; 23.09.2023 14:59:52; 807.6275; -0.01298466; 203.4231; Before; 21.0216; Checking Box AICar
7; Driver; Noise; Intention; 23.09.2023 14:59:52; 807.5097; -0.01292876; 203.4389; Before; 21.03814; Checking Box AICar
7; Driver; Noise; Intention; 23.09.2023 14:59:52; 807.39; -0.01293958; 203.4551; Before; 21.05334; Checking Box AICar
7; Driver; Noise; Intention; 23.09.2023 14:59:52; 807.3295; -0.01296059; 203.4633; Before; 21.08678; Checking Box AICar
7; Driver; Noise; Intention; 23.09.2023 14:59:52; 807.2072; -0.01301667; 203.48; Before; 21.08678; Checking Box AICar
7; Driver; Noise; Intention; 23.09.2023 14:59:52; 807.0834; -0.01304596; 203.4968; Before; 21.10688; null
7; Driver; Noise; Intention; 23.09.2023 14:59:52; 807.0209; -0.01307159; 203.5053; Before; 21.14248; Checking Box Human
7; Driver; Noise; Intention; 23.09.2023 14:59:52; 806.8319; -0.01316292; 203.5307; Intersection; 0; Checking Box Human
7; Driver; Noise; Intention; 23.09.2023 14:59:52; 806.7048; -0.01322688; 203.5475; Intersection; 0.0180125; Checking Box Human
7; Driver; Noise; Intention; 23.09.2023 14:59:52; 806.6409; -0.01325976; 203.5558; Intersection; 0.0338252; Checking Box Human
7; Driver; Noise; Intention; 23.09.2023 14:59:52; 806.5131; -0.01331497; 203.5721; Intersection; 0.050541; Checking Box Human
7; Driver; Noise; Intention; 23.09.2023 14:59:52; 806.385; -0.01331632; 203.588; Intersection; 0.06887349; Checking Box Human
7; Driver; Noise; Intention; 23.09.2023 14:59:52; 806.2571; -0.01328039; 203.6033; Intersection; 0.08452389; Checking Box Human
7; Driver; Noise; Intention; 23.09.2023 14:59:52; 806.1932; -0.01327313; 203.6108; Intersection; 0.1303266; Checking Box Human
7; Driver; Noise; Intention; 23.09.2023 14:59:52; 806.0657; -0.01326879; 203.6253; Intersection; 0.1303266; Checking Box Human
7; Driver; Noise; Intention; 23.09.2023 14:59:52; 805.9384; -0.01330753; 203.6391; Intersection; 0.1634127; Checking Box Human
7; Driver; Noise; Intention; 23.09.2023 14:59:52; 805.8114; -0.01330335; 203.6523; Intersection; 0.179727; Checking Box Human
7; Driver; Noise; Intention; 23.09.2023 14:59:52; 805.6846; -0.01332624; 203.6647; Intersection; 0.1947034; Checking Box Human
7; Driver; Noise; Intention; 23.09.2023 14:59:52; 805.6213; -0.01333961; 203.6707; Intersection; 0.2282934; Checking Box Human
7; Driver; Noise; Intention; 23.09.2023 14:59:52; 805.4949; -0.01335918; 203.682; Intersection; 0.2282934; Checking Box Human
7; Driver; Noise; Intention; 23.09.2023 14:59:52; 805.3688; -0.0133306; 203.6925; Intersection; 0.2449655; Checking Box Human
7; Driver; Noise; Intention; 23.09.2023 14:59:52; 805.3058; -0.01332273; 203.6974; Intersection; 0.2864419; Checking Box Human
7; Driver; Noise; Intention; 23.09.2023 14:59:52; 805.1172; -0.0133089; 203.7105; Intersection; 0.3027797; Checking Box Human
7; Driver; Noise; Intention; 23.09.2023 14:59:52; 804.9918; -0.01330708; 203.718; Intersection; 0.3189993; Checking Box Human
7; Driver; Noise; Intention; 23.09.2023 14:59:52; 804.9293; -0.01331002; 203.7212; Intersection; 0.3354623; Checking Box Human
7; Driver; Noise; Intention; 23.09.2023 14:59:52; 804.8043; -0.01331356; 203.727; Intersection; 0.3526529; Checking Box Human
7; Driver; Noise; Intention; 23.09.2023 14:59:52; 804.7419; -0.01331795; 203.7294; Intersection; 0.3850241; Checking Box Human
7; Driver; Noise; Intention; 23.09.2023 14:59:52; 804.6175; -0.01332238; 203.7334; Intersection; 0.4015698; Checking Box Human
7; Driver; Noise; Intention; 23.09.2023 14:59:52; 804.4933; -0.0132841; 203.7364; Intersection; 0.420493; Checking Box Human
7; Driver; Noise; Intention; 23.09.2023 14:59:52; 804.3694; -0.01328877; 203.7381; Intersection; 0.4404013; Checking Box Human
7; Driver; Noise; Intention; 23.09.2023 14:59:52; 804.2459; -0.0132567; 203.7387; Intersection; 0.4565584; Checking Box Human
7; Driver; Noise; Intention; 23.09.2023 14:59:52; 804.1227; -0.01325777; 203.7383; Intersection; 0.4715627; Checking Box Human
7; Driver; Noise; Intention; 23.09.2023 14:59:52; 804.0612; -0.0132631; 203.7375; Intersection; 0.5046498; Checking Box Human
7; Driver; Noise; Intention; 23.09.2023 14:59:52; 803.8773; -0.01333561; 203.7338; Intersection; 0.5207517; Checking Box Human
7; Driver; Noise; Intention; 23.09.2023 14:59:52; 803.8161; -0.01335327; 203.7319; Intersection; 0.5367625; Checking Box Human
7; Driver; Noise; Intention; 23.09.2023 14:59:52; 803.6941; -0.01337235; 203.7273; Intersection; 0.5512605; Checking Box Human
7; Driver; Noise; Intention; 23.09.2023 14:59:52; 803.5724; -0.01333615; 203.7215; Intersection; 0.5691685; Checking Box Human
7; Driver; Noise; Intention; 23.09.2023 14:59:52; 803.4512; -0.01326489; 203.7145; Intersection; 0.5884593; Checking Box Human
7; Driver; Noise; Intention; 23.09.2023 14:59:53; 803.3907; -0.01324049; 203.7105; Intersection; 0.6270319; Checking Box Human
7; Driver; Noise; Intention; 23.09.2023 14:59:53; 803.2701; -0.01327237; 203.7014; Intersection; 0.6436819; Checking Box Human
7; Driver; Noise; Intention; 23.09.2023 14:59:53; 803.1499; -0.01325902; 203.6913; Intersection; 0.6593915; Checking Box Human
7; Driver; Noise; Intention; 23.09.2023 14:59:53; 803.0302; -0.013269; 203.6798; Intersection; 0.6750495; Checking Box Human
7; Driver; Noise; Intention; 23.09.2023 14:59:53; 802.9705; -0.01327571; 203.6734; Intersection; 0.7084926; Checking Box Human
7; Driver; Noise; Intention; 23.09.2023 14:59:53; 802.8514; -0.01328329; 203.66; Intersection; 0.7251399; Checking Box Human
7; Driver; Noise; Intention; 23.09.2023 14:59:53; 802.7329; -0.01324781; 203.6452; Intersection; 0.7251399; Checking Box Human
7; Driver; Noise; Intention; 23.09.2023 14:59:53; 802.6738; -0.01323724; 203.6373; Intersection; 0.764586; Checking Box Human
7; Driver; Noise; Intention; 23.09.2023 14:59:53; 802.4973; -0.01321961; 203.6116; Intersection; 0.7815166; null
7; Driver; Noise; Intention; 23.09.2023 14:59:53; 802.3802; -0.01321838; 203.593; Intersection; 0.7984875; null
7; Driver; Noise; Intention; 23.09.2023 14:59:53; 802.3219; -0.01322223; 203.5831; Intersection; 0.8300982; null
7; Driver; Noise; Intention; 23.09.2023 14:59:53; 802.2056; -0.01322885; 203.5627; Intersection; 0.8300982; null
7; Driver; Noise; Intention; 23.09.2023 14:59:53; 802.0899; -0.01319772; 203.5409; Intersection; 0.8474178; null
7; Driver; Noise; Intention; 23.09.2023 14:59:53; 801.9747; -0.01314337; 203.5179; Intersection; 0.8649737; null
7; Driver; Noise; Intention; 23.09.2023 14:59:53; 801.8601; -0.01307902; 203.4936; Intersection; 0.882819; null
7; Driver; Noise; Intention; 23.09.2023 14:59:53; 801.803; -0.01306433; 203.4809; Intersection; 0.9310523; null
7; Driver; Noise; Intention; 23.09.2023 14:59:53; 801.6893; -0.01305656; 203.4547; Intersection; 0.9310523; null
7; Driver; Noise; Intention; 23.09.2023 14:59:53; 801.5763; -0.01303552; 203.4272; Intersection; 0.9484578; null
7; Driver; Noise; Intention; 23.09.2023 14:59:53; 801.4639; -0.01307184; 203.3983; Intersection; 0.983054; null
7; Driver; Noise; Intention; 23.09.2023 14:59:53; 801.3521; -0.013134; 203.3682; Intersection; 0.9992939; null
7; Driver; Noise; Intention; 23.09.2023 14:59:53; 801.241; -0.01315208; 203.3367; Intersection; 1.015085; null
7; Driver; Noise; Intention; 23.09.2023 14:59:53; 801.1858; -0.01316519; 203.3204; Intersection; 1.03196; null
7; Driver; Noise; Intention; 23.09.2023 14:59:53; 801.0758; -0.01313665; 203.287; Intersection; 1.049153; null
7; Driver; Noise; Intention; 23.09.2023 14:59:53; 800.9666; -0.01314298; 203.2523; Intersection; 1.071225; null
7; Driver; Noise; Intention; 23.09.2023 14:59:53; 800.9122; -0.01315152; 203.2343; Intersection; 1.106199; null
7; Driver; Noise; Intention; 23.09.2023 14:59:53; 800.7504; -0.01317949; 203.1785; Intersection; 1.1228; null
7; Driver; Noise; Intention; 23.09.2023 14:59:53; 800.6969; -0.01321161; 203.1592; Intersection; 1.139432; null
7; Driver; Noise; Intention; 23.09.2023 14:59:53; 800.5905; -0.01325804; 203.1197; Intersection; 1.155284; null
7; Driver; Noise; Intention; 23.09.2023 14:59:53; 800.4849; -0.01324721; 203.0789; Intersection; 1.170981; null
7; Driver; Noise; Intention; 23.09.2023 14:59:53; 800.3801; -0.0131967; 203.0367; Intersection; 1.188316; null
7; Driver; Noise; Intention; 23.09.2023 14:59:53; 800.3281; -0.01317922; 203.0151; Intersection; 1.228367; null
7; Driver; Noise; Intention; 23.09.2023 14:59:53; 800.2247; -0.01315199; 202.971; Intersection; 1.228367; null
7; Driver; Noise; Intention; 23.09.2023 14:59:53; 800.1222; -0.01310098; 202.9255; Intersection; 1.247904; null
7; Driver; Noise; Intention; 23.09.2023 14:59:53; 800.0714; -0.01317447; 202.9023; Intersection; 1.28469; null
7; Driver; Noise; Intention; 23.09.2023 14:59:53; 799.92; -0.01335986; 202.8307; Intersection; 1.303324; null
7; Driver; Noise; Intention; 23.09.2023 14:59:53; 799.8203; -0.01344849; 202.7814; Intersection; 1.319966; null
7; Driver; Noise; Intention; 23.09.2023 14:59:53; 799.7709; -0.01348773; 202.7562; Intersection; 1.336659; null
7; Driver; Noise; Intention; 23.09.2023 14:59:53; 799.6726; -0.01353238; 202.7051; Intersection; 1.353982; null
7; Driver; Noise; Intention; 23.09.2023 14:59:53; 799.5753; -0.01347513; 202.6529; Intersection; 1.370965; null
7; Driver; Noise; Intention; 23.09.2023 14:59:53; 799.4791; -0.01339569; 202.5993; Intersection; 1.394771; null
7; Driver; Noise; Intention; 23.09.2023 14:59:53; 799.384; -0.01335167; 202.5445; Intersection; 1.416326; null
7; Driver; Noise; Intention; 23.09.2023 14:59:53; 799.3369; -0.01334196; 202.5165; Intersection; 1.434126; null
7; Driver; Noise; Intention; 23.09.2023 14:59:53; 799.2432; -0.01332241; 202.46; Intersection; 1.453178; null
7; Driver; Noise; Intention; 23.09.2023 14:59:53; 799.1507; -0.01328406; 202.4022; Intersection; 1.470167; null
7; Driver; Noise; Intention; 23.09.2023 14:59:53; 799.1049; -0.01327919; 202.3728; Intersection; 1.504873; Checking Box Human
7; Driver; Noise; Intention; 23.09.2023 14:59:53; 798.9688; -0.01321931; 202.2834; Intersection; 1.504873; Checking Box Human
7; Driver; Noise; Intention; 23.09.2023 14:59:53; 798.9241; -0.01320493; 202.2529; Intersection; 1.522452; Checking Box Human
7; Driver; Noise; Intention; 23.09.2023 14:59:53; 798.8353; -0.01318861; 202.1909; Intersection; 1.550129; Checking Box Human
7; Driver; Noise; Intention; 23.09.2023 14:59:53; 798.7912; -0.01319617; 202.1594; Intersection; 1.587761; Checking Box Human
7; Driver; Noise; Intention; 23.09.2023 14:59:53; 798.7035; -0.01321407; 202.0954; Intersection; 1.604261; Checking Box Human
7; Driver; Noise; Intention; 23.09.2023 14:59:54; 798.5732; -0.01322531; 201.9965; Intersection; 1.620514; Checking Box Human
7; Driver; Noise; Intention; 23.09.2023 14:59:54; 798.5302; -0.01325862; 201.9627; Intersection; 1.638207; Checking Box Human
7; Driver; Noise; Intention; 23.09.2023 14:59:54; 798.4444; -0.01326834; 201.8941; Intersection; 1.654393; Checking Box Human
7; Driver; Noise; Intention; 23.09.2023 14:59:54; 798.3593; -0.01329978; 201.8239; Intersection; 1.671845; null
7; Driver; Noise; Intention; 23.09.2023 14:59:54; 798.275; -0.01329894; 201.7521; Intersection; 1.690176; null
7; Driver; Noise; Intention; 23.09.2023 14:59:54; 798.1912; -0.01323229; 201.6787; Intersection; 1.710583; null
7; Driver; Noise; Intention; 23.09.2023 14:59:54; 798.1498; -0.01324355; 201.6413; Intersection; 1.739463; null
7; Driver; Noise; Intention; 23.09.2023 14:59:54; 798.0673; -0.01322097; 201.5652; Intersection; 1.758435; null
7; Driver; Noise; Intention; 23.09.2023 14:59:54; 797.9856; -0.01319354; 201.4875; Intersection; 1.77557; null
7; Driver; Noise; Intention; 23.09.2023 14:59:54; 797.9047; -0.01303661; 201.4081; Intersection; 1.793775; null
7; Driver; Noise; Intention; 23.09.2023 14:59:54; 797.8647; -0.0129844; 201.3677; Intersection; 1.829832; null
7; Driver; Noise; Intention; 23.09.2023 14:59:54; 797.7851; -0.01292174; 201.2858; Intersection; 1.829832; null
7; Driver; Noise; Intention; 23.09.2023 14:59:54; 797.7063; -0.01282229; 201.2023; Intersection; 1.847405; null
7; Driver; Noise; Intention; 23.09.2023 14:59:54; 797.6287; -0.01276327; 201.1169; Intersection; 1.874729; null
7; Driver; Noise; Intention; 23.09.2023 14:59:54; 797.5521; -0.01279285; 201.0298; Intersection; 1.894707; null
7; Driver; Noise; Intention; 23.09.2023 14:59:54; 797.5143; -0.01282796; 200.9856; Intersection; 1.931612; null
7; Driver; Noise; Intention; 23.09.2023 14:59:54; 797.4393; -0.01291649; 200.8959; Intersection; 1.931612; null
7; Driver; Noise; Intention; 23.09.2023 14:59:54; 797.3654; -0.01297929; 200.8043; Intersection; 1.94888; null
7; Driver; Noise; Intention; 23.09.2023 14:59:54; 797.329; -0.01301888; 200.7578; Intersection; 1.984507; null
7; Driver; Noise; Intention; 23.09.2023 14:59:54; 797.2568; -0.01309735; 200.6634; Intersection; 2.003654; null
7; Driver; Noise; Intention; 23.09.2023 14:59:54; 797.1857; -0.01313178; 200.5671; Intersection; 2.023403; null
7; Driver; Noise; Intention; 23.09.2023 14:59:54; 797.1159; -0.01313119; 200.4687; Intersection; 2.023403; null
7; Driver; Noise; Intention; 23.09.2023 14:59:54; 797.0472; -0.01310642; 200.3682; Intersection; 2.045285; null
7; Driver; Noise; Intention; 23.09.2023 14:59:54; 797.0134; -0.01310698; 200.317; Intersection; 2.082486; null
7; Driver; Noise; Intention; 23.09.2023 14:59:54; 796.9136; -0.01313615; 200.1603; Intersection; 2.100143; null
7; Driver; Noise; Intention; 23.09.2023 14:59:54; 796.8485; -0.0131713; 200.0529; Intersection; 2.117604; null
7; Driver; Noise; Intention; 23.09.2023 14:59:54; 796.8166; -0.0131938; 199.9983; Intersection; 2.135235; null
7; Driver; Noise; Intention; 23.09.2023 14:59:54; 796.7534; -0.01317913; 199.8872; Intersection; 2.155552; null
7; Driver; Noise; Intention; 23.09.2023 14:59:54; 796.6916; -0.01314574; 199.7736; Intersection; 2.176425; null
7; Driver; Noise; Intention; 23.09.2023 14:59:54; 796.6311; -0.01316236; 199.6574; Intersection; 2.196418; null
7; Driver; Noise; Intention; 23.09.2023 14:59:54; 796.5721; -0.01315349; 199.5386; Intersection; 2.214204; null
7; Driver; Noise; Intention; 23.09.2023 14:59:54; 796.5433; -0.013163; 199.4781; Intersection; 2.232435; null
7; Driver; Noise; Intention; 23.09.2023 14:59:54; 796.4866; -0.01319436; 199.3555; Intersection; 2.251439; null
7; Driver; Noise; Intention; 23.09.2023 14:59:54; 796.4316; -0.013196; 199.2302; Intersection; 2.268844; null
7; Driver; Noise; Intention; 23.09.2023 14:59:54; 796.405; -0.01320981; 199.1665; Intersection; 2.304594; null
7; Driver; Noise; Intention; 23.09.2023 14:59:54; 796.3528; -0.01324749; 199.0373; Intersection; 2.322232; null
7; Driver; Noise; Intention; 23.09.2023 14:59:54; 796.3025; -0.0132513; 198.9056; Intersection; 2.322232; null
7; Driver; Noise; Intention; 23.09.2023 14:59:54; 796.2543; -0.01323238; 198.7714; Intersection; 2.343457; null
7; Driver; Noise; Intention; 23.09.2023 14:59:54; 796.2311; -0.01323964; 198.7033; Intersection; 2.382291; null
7; Driver; Noise; Intention; 23.09.2023 14:59:54; 796.186; -0.0132706; 198.5654; Intersection; 2.402281; null
7; Driver; Noise; Intention; 23.09.2023 14:59:54; 796.1432; -0.01327292; 198.4251; Intersection; 2.421162; null
7; Driver; Noise; Intention; 23.09.2023 14:59:54; 796.1025; -0.01325629; 198.2824; Intersection; 2.421162; null
7; Driver; Noise; Intention; 23.09.2023 14:59:54; 796.0833; -0.01326652; 198.2101; Intersection; 2.461475; null
7; Driver; Noise; Intention; 23.09.2023 14:59:54; 796.0461; -0.01330522; 198.0638; Intersection; 2.481015; null
7; Driver; Noise; Intention; 23.09.2023 14:59:54; 796.0112; -0.01331444; 197.9152; Intersection; 2.502796; null
7; Driver; Noise; Intention; 23.09.2023 14:59:54; 795.9786; -0.01330311; 197.7644; Intersection; 2.52432; null
7; Driver; Noise; Intention; 23.09.2023 14:59:54; 795.9483; -0.01328018; 197.6112; Intersection; 2.52432; null
7; Driver; Noise; Intention; 23.09.2023 14:59:54; 795.9343; -0.0132908; 197.5337; Intersection; 2.561606; null
7; Driver; Noise; Intention; 23.09.2023 14:59:54; 795.895; -0.01337068; 197.2979; Intersection; 2.580528; null
7; Driver; Noise; Intention; 23.09.2023 14:59:54; 795.8713; -0.01337645; 197.1378; Intersection; 2.598855; null
7; Driver; Noise; Intention; 23.09.2023 14:59:55; 795.8498; -0.0134384; 196.9756; Intersection; 2.616368; null
7; Driver; Noise; Intention; 23.09.2023 14:59:55; 795.84; -0.01347816; 196.8937; Intersection; 2.636803; null
7; Driver; Noise; Intention; 23.09.2023 14:59:55; 795.8303; -0.01345881; 196.8115; Intersection; 2.65745; null
7; Driver; Noise; Intention; 23.09.2023 14:59:55; 795.8129; -0.01344901; 196.6455; Intersection; 2.680214; null
7; Driver; Noise; Intention; 23.09.2023 14:59:55; 795.7907; -0.01342904; 196.3933; Intersection; 2.700124; null
7; Driver; Noise; Intention; 23.09.2023 14:59:55; 795.778; -0.01346863; 196.223; Intersection; 2.718758; null
7; Driver; Noise; Intention; 23.09.2023 14:59:55; 795.7725; -0.01350251; 196.1371; Intersection; 2.736205; null
7; Driver; Noise; Intention; 23.09.2023 14:59:55; 795.7624; -0.0134999; 195.9643; Intersection; 2.753564; null
7; Driver; Noise; Intention; 23.09.2023 14:59:55; 795.7538; -0.01355829; 195.7897; Intersection; 2.773139; null
7; Driver; Noise; Intention; 23.09.2023 14:59:55; 795.7469; -0.01357341; 195.6136; Intersection; 2.791821; null
7; Driver; Noise; Intention; 23.09.2023 14:59:55; 795.7401; -0.01338001; 195.4359; Intersection; 2.791821; null
7; Driver; Noise; Intention; 23.09.2023 14:59:55; 795.7383; -0.01333068; 195.3464; Intersection; 2.81224; null
7; Driver; Noise; Intention; 23.09.2023 14:59:55; 795.7355; -0.01322159; 195.1663; Intersection; 2.851623; null
7; Driver; Noise; Intention; 23.09.2023 14:59:55; 795.734; -0.0132493; 194.9846; Intersection; 2.871353; null
7; Driver; Noise; Intention; 23.09.2023 14:59:55; 795.7339; -0.01328814; 194.8014; Intersection; 2.891342; null
7; Driver; Noise; Intention; 23.09.2023 14:59:55; 795.7345; -0.01333762; 194.7092; Intersection; 2.928726; null
7; Driver; Noise; Intention; 23.09.2023 14:59:55; 795.7362; -0.01346369; 194.5235; Intersection; 2.928726; null
7; Driver; Noise; Intention; 23.09.2023 14:59:55; 795.739; -0.01354919; 194.3363; Intersection; 2.946814; null
7; Driver; Noise; Intention; 23.09.2023 14:59:55; 795.7429; -0.01359664; 194.1476; Intersection; 2.968419; null
7; Driver; Noise; Intention; 23.09.2023 14:59:55; 795.7476; -0.01361261; 193.9573; Intersection; 2.989914; null
7; Driver; Noise; Intention; 23.09.2023 14:59:55; 795.7504; -0.01364057; 193.8616; Intersection; 3.028347; null
7; Driver; Noise; Intention; 23.09.2023 14:59:55; 795.7562; -0.01371153; 193.6691; Intersection; 3.028347; null
7; Driver; Noise; Intention; 23.09.2023 14:59:55; 795.7626; -0.01373379; 193.475; Intersection; 3.046558; null
7; Driver; Noise; Intention; 23.09.2023 14:59:55; 795.766; -0.01376028; 193.3775; Intersection; 3.084917; null
7; Driver; Noise; Intention; 23.09.2023 14:59:55; 795.7728; -0.0138214; 193.1811; Intersection; 3.103761; null
7; Driver; Noise; Intention; 23.09.2023 14:59:55; 795.7798; -0.01382677; 192.9833; Intersection; 3.124781; null
7; Driver; Noise; Intention; 23.09.2023 14:59:55; 795.7867; -0.01379339; 192.784; Intersection; 3.124781; null
7; Driver; Noise; Intention; 23.09.2023 14:59:55; 795.7935; -0.01373817; 192.5831; Intersection; 3.146343; null
7; Driver; Noise; Intention; 23.09.2023 14:59:55; 795.7969; -0.01373781; 192.4821; Intersection; 3.185029; null
7; Driver; Noise; Intention; 23.09.2023 14:59:55; 795.8032; -0.01376702; 192.279; Intersection; 3.203001; null
7; Driver; Noise; Intention; 23.09.2023 14:59:55; 795.8093; -0.0137634; 192.0743; Intersection; 3.221099; null
7; Driver; Noise; Intention; 23.09.2023 14:59:55; 795.8151; -0.01373834; 191.8682; Intersection; 3.221099; null
7; Driver; Noise; Intention; 23.09.2023 14:59:55; 795.8204; -0.01370269; 191.6605; Intersection; 3.2429; null
7; Driver; Noise; Intention; 23.09.2023 14:59:55; 795.8255; -0.01366548; 191.4514; Intersection; 3.262156; null
7; Driver; Noise; Intention; 23.09.2023 14:59:55; 795.8302; -0.0136333; 191.2407; Intersection; 3.292382; null
7; Driver; Noise; Intention; 23.09.2023 14:59:55; 795.8346; -0.01361023; 191.0285; Intersection; 3.312938; null
7; Driver; Noise; Intention; 23.09.2023 14:59:55; 795.8367; -0.01363517; 190.9218; Intersection; 3.331421; null
7; Driver; Noise; Intention; 23.09.2023 14:59:55; 795.8406; -0.01372405; 190.7073; Intersection; 3.350703; null
7; Driver; Noise; Intention; 23.09.2023 14:59:55; 795.8425; -0.01378849; 190.5995; Intersection; 3.385688; null
7; Driver; Noise; Intention; 23.09.2023 14:59:55; 795.8459; -0.0139251; 190.3826; Intersection; 3.404157; null
7; Driver; Noise; Intention; 23.09.2023 14:59:55; 795.8492; -0.01399138; 190.1642; Intersection; 3.42177; null
7; Driver; Noise; Intention; 23.09.2023 14:59:55; 795.8521; -0.01400081; 189.9443; Intersection; 3.42177; null
7; Driver; Noise; Intention; 23.09.2023 14:59:55; 795.8535; -0.01402301; 189.8338; Intersection; 3.462757; null
7; Driver; Noise; Intention; 23.09.2023 14:59:55; 795.8573; -0.01411531; 189.4999; Intersection; 3.48023; null
7; Driver; Noise; Intention; 23.09.2023 14:59:55; 795.8596; -0.01418683; 189.2755; Intersection; 3.497568; null
7; Driver; Noise; Intention; 23.09.2023 14:59:55; 795.8618; -0.01418164; 189.0496; Intersection; 3.514365; null
7; Driver; Noise; Intention; 23.09.2023 14:59:55; 795.8629; -0.01419233; 188.9362; Intersection; 3.531318; null
7; Driver; Noise; Intention; 23.09.2023 14:59:55; 795.8649; -0.01421936; 188.7082; After ; 0; null
7; Driver; Noise; Intention; 23.09.2023 14:59:55; 795.8668; -0.01418227; 188.4789; After ; 0.0180236; null
7; Driver; Noise; Intention; 23.09.2023 14:59:55; 795.8677; -0.0141824; 188.3639; After ; 0.0555721; null
7; Driver; Noise; Intention; 23.09.2023 14:59:56; 795.8695; -0.01419796; 188.1329; After ; 0.0749909; null
7; Driver; Noise; Intention; 23.09.2023 14:59:56; 795.8712; -0.01415913; 187.9013; After ; 0.0749909; null
7; Driver; Noise; Intention; 23.09.2023 14:59:56; 795.8729; -0.01421678; 187.669; After ; 0.110427; null
7; Driver; Noise; Intention; 23.09.2023 14:59:56; 795.8745; -0.01431699; 187.4363; After ; 0.1276441; null
7; Driver; Noise; Intention; 23.09.2023 14:59:56; 795.8752; -0.01436727; 187.3199; After ; 0.1600618; null
7; Driver; Noise; Intention; 23.09.2023 14:59:56; 795.8768; -0.01444681; 187.0871; After ; 0.1765104; null
7; Driver; Noise; Intention; 23.09.2023 14:59:56; 795.8784; -0.01442768; 186.8542; After ; 0.1765104; null
7; Driver; Noise; Intention; 23.09.2023 14:59:56; 795.8799; -0.01423692; 186.6217; After ; 0.1974916; null
7; Driver; Noise; Intention; 23.09.2023 14:59:56; 795.8813; -0.01405744; 186.3895; After ; 0.2228798; null
7; Driver; Noise; Intention; 23.09.2023 14:59:56; 795.8821; -0.01394322; 186.2736; After ; 0.2480361; null
7; Driver; Noise; Intention; 23.09.2023 14:59:56; 795.8835; -0.01381425; 186.0421; After ; 0.2747003; null
7; Driver; Noise; Intention; 23.09.2023 14:59:56; 795.885; -0.01372747; 185.8113; After ; 0.2747003; null
7; Driver; Noise; Intention; 23.09.2023 14:59:56; 795.8864; -0.01368119; 185.5809; After ; 0.2974274; null
7; Driver; Noise; Intention; 23.09.2023 14:59:56; 795.8878; -0.01356542; 185.3511; After ; 0.3213883; null
7; Driver; Noise; Intention; 23.09.2023 14:59:56; 795.8885; -0.01350071; 185.2364; After ; 0.3443547; null
7; Driver; Noise; Intention; 23.09.2023 14:59:56; 795.89; -0.0134876; 185.0073; After ; 0.3705466; null
7; Driver; Noise; Intention; 23.09.2023 14:59:56; 795.8915; -0.01352142; 184.7788; After ; 0.3705466; null
7; Driver; Noise; Intention; 23.09.2023 14:59:56; 795.8929; -0.01358357; 184.5508; After ; 0.3928192; null
7; Driver; Noise; Intention; 23.09.2023 14:59:56; 795.8937; -0.01365452; 184.437; After ; 0.434928; null
7; Driver; Noise; Intention; 23.09.2023 14:59:56; 795.8953; -0.01383112; 184.2098; After ; 0.4532789; null
7; Driver; Noise; Intention; 23.09.2023 14:59:56; 795.8969; -0.0139542; 183.9831; After ; 0.4718537; null
7; Driver; Noise; Intention; 23.09.2023 14:59:56; 795.8986; -0.01414874; 183.7569; After ; 0.491886; null
7; Driver; Noise; Intention; 23.09.2023 14:59:56; 795.9003; -0.01424784; 183.5313; After ; 0.5093732; null
7; Driver; Noise; Intention; 23.09.2023 14:59:56; 795.9021; -0.0143675; 183.3062; After ; 0.52731; null
7; Driver; Noise; Intention; 23.09.2023 14:59:56; 795.903; -0.01441982; 183.1938; After ; 0.5587962; null
7; Driver; Noise; Intention; 23.09.2023 14:59:56; 795.905; -0.0144911; 182.9695; After ; 0.5753286; null
7; Driver; Noise; Intention; 23.09.2023 14:59:56; 795.9069; -0.01457784; 182.7456; After ; 0.591027; null
7; Driver; Noise; Intention; 23.09.2023 14:59:56; 795.909; -0.01454417; 182.5223; After ; 0.6074675; null
7; Driver; Noise; Intention; 23.09.2023 14:59:56; 795.9111; -0.01452894; 182.2995; After ; 0.6232253; null
7; Driver; Noise; Intention; 23.09.2023 14:59:56; 795.9122; -0.01451887; 182.1882; After ; 0.6567285; null
7; Driver; Noise; Intention; 23.09.2023 14:59:56; 795.9155; -0.01446696; 181.8554; After ; 0.6736173; null
7; Driver; Noise; Intention; 23.09.2023 14:59:56; 795.9167; -0.01449134; 181.7447; After ; 0.6895255; null
7; Driver; Noise; Intention; 23.09.2023 14:59:56; 795.9191; -0.01441029; 181.5236; After ; 0.7055128; null
7; Driver; Noise; Intention; 23.09.2023 14:59:56; 795.9216; -0.01437476; 181.3031; After ; 0.7218494; null
7; Driver; Noise; Intention; 23.09.2023 14:59:56; 795.923; -0.01436317; 181.193; After ; 0.7548203; null
7; Driver; Noise; Intention; 23.09.2023 14:59:56; 795.9272; -0.01433173; 180.8636; After ; 0.7726493; null
7; Driver; Noise; Intention; 23.09.2023 14:59:56; 795.9286; -0.01436799; 180.754; After ; 0.7892984; null
7; Driver; Noise; Intention; 23.09.2023 14:59:56; 795.9318; -0.01431565; 180.5353; After ; 0.8051878; null
7; Driver; Noise; Intention; 23.09.2023 14:59:56; 795.935; -0.01430901; 180.317; After ; 0.8221109; null
7; Driver; Noise; Intention; 23.09.2023 14:59:56; 795.9367; -0.01431084; 180.2081; After ; 0.8554059; null
7; Driver; Noise; Intention; 23.09.2023 14:59:56; 795.942; -0.01431194; 179.882; After ; 0.8726273; null
7; Driver; Noise; Intention; 23.09.2023 14:59:56; 795.9438; -0.01435551; 179.7736; After ; 0.888887; null
7; Driver; Noise; Intention; 23.09.2023 14:59:56; 795.9477; -0.01431427; 179.5571; After ; 0.9046863; null
7; Driver; Noise; Intention; 23.09.2023 14:59:56; 795.9496; -0.01435732; 179.4491; After ; 0.9389223; null
7; Driver; Noise; Intention; 23.09.2023 14:59:56; 795.9537; -0.0144119; 179.2333; After ; 0.9544179; null
7; Driver; Noise; Intention; 23.09.2023 14:59:56; 795.9579; -0.0143638; 179.0181; After ; 0.9724295; null
7; Driver; Noise; Intention; 23.09.2023 14:59:56; 795.9623; -0.01436748; 178.8033; After ; 0.9904763; null
7; Driver; Noise; Intention; 23.09.2023 14:59:56; 795.9667; -0.01429188; 178.5891; After ; 1.00689; null
7; Driver; Noise; Intention; 23.09.2023 14:59:56; 795.9714; -0.01426518; 178.3753; After ; 1.02197; null
7; Driver; Noise; Intention; 23.09.2023 14:59:56; 795.9761; -0.01417573; 178.1621; After ; 1.0384; null
7; Driver; Noise; Intention; 23.09.2023 14:59:57; 795.9786; -0.01414899; 178.0556; After ; 1.079802; null
7; Driver; Noise; Intention; 23.09.2023 14:59:57; 795.9836; -0.01411407; 177.8431; After ; 1.079802; null
7; Driver; Noise; Intention; 23.09.2023 14:59:57; 795.9886; -0.01394104; 177.6311; After ; 1.097358; null
7; Driver; Noise; Intention; 23.09.2023 14:59:57; 795.9938; -0.01388586; 177.4195; After ; 1.126484; null
7; Driver; Noise; Intention; 23.09.2023 14:59:57; 795.9965; -0.01388629; 177.3139; After ; 1.159227; null
7; Driver; Noise; Intention; 23.09.2023 14:59:57; 796.0018; -0.01391643; 177.1031; After ; 1.17578; null
7; Driver; Noise; Intention; 23.09.2023 14:59:57; 796.0073; -0.01402516; 176.8928; After ; 1.192178; null
7; Driver; Noise; Intention; 23.09.2023 14:59:57; 796.0129; -0.01406276; 176.6829; After ; 1.208865; null
7; Driver; Noise; Intention; 23.09.2023 14:59:57; 796.0185; -0.01413887; 176.4736; After ; 1.226267; null
7; Driver; Noise; Intention; 23.09.2023 14:59:57; 796.0214; -0.01417693; 176.3691; After ; 1.258835; null
7; Driver; Noise; Intention; 23.09.2023 14:59:57; 796.0272; -0.01423429; 176.1604; After ; 1.275431; null
7; Driver; Noise; Intention; 23.09.2023 14:59:57; 796.0332; -0.01431908; 175.9523; After ; 1.292229; null
7; Driver; Noise; Intention; 23.09.2023 14:59:57; 796.0392; -0.01430058; 175.7446; After ; 1.308418; null
7; Driver; Noise; Intention; 23.09.2023 14:59:57; 796.0453; -0.01430382; 175.5374; After ; 1.325866; null
7; Driver; Noise; Intention; 23.09.2023 14:59:57; 796.0485; -0.01430374; 175.434; After ; 1.357507; null
7; Driver; Noise; Intention; 23.09.2023 14:59:57; 796.0547; -0.01428851; 175.2275; After ; 1.37379; null
7; Driver; Noise; Intention; 23.09.2023 14:59:57; 796.0612; -0.01431154; 175.0215; After ; 1.390578; null
7; Driver; Noise; Intention; 23.09.2023 14:59:57; 796.0676; -0.01424788; 174.816; After ; 1.40756; null
7; Driver; Noise; Intention; 23.09.2023 14:59:57; 796.0742; -0.01422245; 174.6109; After ; 1.422961; null
7; Driver; Noise; Intention; 23.09.2023 14:59:57; 796.0775; -0.01421401; 174.5085; After ; 1.459372; null
7; Driver; Noise; Intention; 23.09.2023 14:59:57; 796.0842; -0.01419251; 174.304; After ; 1.47686; null
7; Driver; Noise; Intention; 23.09.2023 14:59:57; 796.0909; -0.01410647; 174.0998; After ; 1.47686; null
7; Driver; Noise; Intention; 23.09.2023 14:59:57; 796.0944; -0.01407942; 173.9978; After ; 1.511915; null
7; Driver; Noise; Intention; 23.09.2023 14:59:57; 796.1047; -0.0140362; 173.6924; After ; 1.530526; null
7; Driver; Noise; Intention; 23.09.2023 14:59:57; 796.1116; -0.01403512; 173.4891; After ; 1.546248; null
7; Driver; Noise; Intention; 23.09.2023 14:59:57; 796.1186; -0.01398169; 173.2862; After ; 1.563452; null
7; Driver; Noise; Intention; 23.09.2023 14:59:57; 796.1221; -0.01386028; 173.1848; After ; 1.563452; null
7; Driver; Noise; Intention; 23.09.2023 14:59:57; 796.129; -0.01369811; 172.9823; After ; 1.586864; null
7; Driver; Noise; Intention; 23.09.2023 14:59:57; 796.136; -0.01357169; 172.78; After ; 1.610426; null
7; Driver; Noise; Intention; 23.09.2023 14:59:57; 796.1431; -0.01348631; 172.5779; After ; 1.637455; null
7; Driver; Noise; Intention; 23.09.2023 14:59:57; 796.1501; -0.01344058; 172.376; After ; 1.657018; null
7; Driver; Noise; Intention; 23.09.2023 14:59:57; 796.1537; -0.01346152; 172.2751; After ; 1.679865; null
7; Driver; Noise; Intention; 23.09.2023 14:59:57; 796.1606; -0.01346325; 172.0735; After ; 1.703003; null
7; Driver; Noise; Intention; 23.09.2023 14:59:57; 796.1676; -0.01348566; 171.8719; After ; 1.725192; null
7; Driver; Noise; Intention; 23.09.2023 14:59:57; 796.1711; -0.01358305; 171.7711; After ; 1.760947; null
7; Driver; Noise; Intention; 23.09.2023 14:59:57; 796.178; -0.01377981; 171.5694; After ; 1.776786; null
7; Driver; Noise; Intention; 23.09.2023 14:59:57; 796.185; -0.01389678; 171.3675; After ; 1.776786; null
7; Driver; Noise; Intention; 23.09.2023 14:59:57; 796.192; -0.01405424; 171.1656; After ; 1.810865; null
7; Driver; Noise; Intention; 23.09.2023 14:59:57; 796.1989; -0.01420315; 170.9635; After ; 1.82727; null
7; Driver; Noise; Intention; 23.09.2023 14:59:57; 796.2024; -0.01426177; 170.8624; After ; 1.858857; null
7; Driver; Noise; Intention; 23.09.2023 14:59:57; 796.2094; -0.01433377; 170.6601; After ; 1.875756; null
7; Driver; Noise; Intention; 23.09.2023 14:59:57; 796.2163; -0.01440477; 170.4577; After ; 1.892056; null
7; Driver; Noise; Intention; 23.09.2023 14:59:57; 796.2233; -0.01435779; 170.2552; After ; 1.909432; null
7; Driver; Noise; Intention; 23.09.2023 14:59:57; 796.2302; -0.01432398; 170.0525; After ; 1.924848; null
7; Driver; Noise; Intention; 23.09.2023 14:59:57; 796.2336; -0.01430503; 169.9511; After ; 1.959216; null
7; Driver; Noise; Intention; 23.09.2023 14:59:57; 796.2405; -0.01425526; 169.7482; After ; 1.975643; null
7; Driver; Noise; Intention; 23.09.2023 14:59:57; 796.2473; -0.01425064; 169.5452; After ; 1.99185; null
7; Driver; Noise; Intention; 23.09.2023 14:59:57; 796.2542; -0.01417009; 169.3421; After ; 2.009214; null
7; Driver; Noise; Intention; 23.09.2023 14:59:57; 796.261; -0.01413701; 169.1389; After ; 2.025898; null
7; Driver; Noise; Intention; 23.09.2023 14:59:57; 796.2678; -0.01404688; 168.9355; After ; 2.043104; null
7; Driver; Noise; Intention; 23.09.2023 14:59:58; 796.2747; -0.01392763; 168.732; After ; 2.061064; null
7; Driver; Noise; Intention; 23.09.2023 14:59:58; 796.2781; -0.0138956; 168.6302; After ; 2.080669; null
7; Driver; Noise; Intention; 23.09.2023 14:59:58; 796.2849; -0.01377489; 168.4266; After ; 2.104438; null
7; Driver; Noise; Intention; 23.09.2023 14:59:58; 796.2882; -0.01368972; 168.3247; After ; 2.128704; null
7; Driver; Noise; Intention; 23.09.2023 14:59:58; 796.2949; -0.01359942; 168.1209; After ; 2.151446; null
7; Driver; Noise; Intention; 23.09.2023 14:59:58; 796.3016; -0.01353674; 167.9169; After ; 2.172952; null
7; Driver; Noise; Intention; 23.09.2023 14:59:58; 796.3083; -0.01350174; 167.7129; After ; 2.172952; null
7; Driver; Noise; Intention; 23.09.2023 14:59:58; 796.3151; -0.01349092; 167.5087; After ; 2.194578; null
7; Driver; Noise; Intention; 23.09.2023 14:59:58; 796.3184; -0.01352394; 167.4066; After ; 2.235749; null
7; Driver; Noise; Intention; 23.09.2023 14:59:58; 796.3251; -0.01363048; 167.2024; After ; 2.253778; null
7; Driver; Noise; Intention; 23.09.2023 14:59:58; 796.335; -0.01385192; 166.8958; After ; 2.270554; null
7; Driver; Noise; Intention; 23.09.2023 14:59:58; 796.3383; -0.01392984; 166.7935; After ; 2.287655; null
7; Driver; Noise; Intention; 23.09.2023 14:59:58; 796.3449; -0.01397416; 166.5889; After ; 2.303407; null
7; Driver; Noise; Intention; 23.09.2023 14:59:58; 796.3515; -0.0140568; 166.3842; After ; 2.323585; null
7; Driver; Noise; Intention; 23.09.2023 14:59:58; 796.3548; -0.01409835; 166.2819; After ; 2.358634; null
7; Driver; Noise; Intention; 23.09.2023 14:59:58; 796.3614; -0.01416298; 166.077; After ; 2.375272; null
7; Driver; Noise; Intention; 23.09.2023 14:59:58; 796.3679; -0.01414081; 165.8721; After ; 2.375272; null
7; Driver; Noise; Intention; 23.09.2023 14:59:58; 796.3712; -0.01413705; 165.7696; After ; 2.413373; null
7; Driver; Noise; Intention; 23.09.2023 14:59:58; 796.3809; -0.01413162; 165.4617; After ; 2.431279; null
7; Driver; Noise; Intention; 23.09.2023 14:59:58; 796.3872; -0.0139277; 165.2563; After ; 2.431279; null
7; Driver; Noise; Intention; 23.09.2023 14:59:58; 796.3904; -0.01386341; 165.1536; After ; 2.478333; null
7; Driver; Noise; Intention; 23.09.2023 14:59:58; 796.3966; -0.01378981; 164.9478; After ; 2.478333; null
7; Driver; Noise; Intention; 23.09.2023 14:59:58; 796.4027; -0.0137167; 164.7418; After ; 2.496366; null
7; Driver; Noise; Intention; 23.09.2023 14:59:58; 796.4057; -0.01371469; 164.6386; After ; 2.535463; null
7; Driver; Noise; Intention; 23.09.2023 14:59:58; 796.4116; -0.01375081; 164.4319; After ; 2.554507; null
7; Driver; Noise; Intention; 23.09.2023 14:59:58; 796.4174; -0.01376089; 164.2246; After ; 2.573779; null
7; Driver; Noise; Intention; 23.09.2023 14:59:58; 796.423; -0.0138667; 164.0167; After ; 2.591813; null
7; Driver; Noise; Intention; 23.09.2023 14:59:58; 796.4284; -0.01391626; 163.808; After ; 2.609428; null
7; Driver; Noise; Intention; 23.09.2023 14:59:58; 796.4337; -0.01401353; 163.5983; After ; 2.625728; null
7; Driver; Noise; Intention; 23.09.2023 14:59:58; 796.4387; -0.01403536; 163.3878; After ; 2.64337; null
7; Driver; Noise; Intention; 23.09.2023 14:59:58; 796.441; -0.01405615; 163.2821; After ; 2.677569; null
7; Driver; Noise; Intention; 23.09.2023 14:59:58; 796.4457; -0.01409703; 163.0701; After ; 2.677569; null
7; Driver; Noise; Intention; 23.09.2023 14:59:58; 796.4479; -0.01412286; 162.9637; After ; 2.713927; null
7; Driver; Noise; Intention; 23.09.2023 14:59:58; 796.4521; -0.01416633; 162.7503; After ; 2.732251; null
7; Driver; Noise; Intention; 23.09.2023 14:59:58; 796.4561; -0.01413393; 162.536; After ; 2.751744; null
7; Driver; Noise; Intention; 23.09.2023 14:59:58; 796.4615; -0.01403466; 162.2131; After ; 2.770785; null
7; Driver; Noise; Intention; 23.09.2023 14:59:58; 796.4632; -0.01406778; 162.1051; After ; 2.788541; null
7; Driver; Noise; Intention; 23.09.2023 14:59:58; 796.4664; -0.01403495; 161.8885; After ; 2.805111; null
7; Driver; Noise; Intention; 23.09.2023 14:59:58; 796.4692; -0.01407036; 161.6712; After ; 2.821654; null
7; Driver; Noise; Intention; 23.09.2023 14:59:58; 796.4706; -0.01409882; 161.5623; After ; 2.858417; null
7; Driver; Noise; Intention; 23.09.2023 14:59:58; 796.4731; -0.01415497; 161.3441; After ; 2.876576; null
7; Driver; Noise; Intention; 23.09.2023 14:59:58; 796.4753; -0.01413953; 161.1254; After ; 2.876576; null
7; Driver; Noise; Intention; 23.09.2023 14:59:58; 796.4774; -0.01419753; 160.9061; After ; 2.911463; null
7; Driver; Noise; Intention; 23.09.2023 14:59:58; 796.4792; -0.01418375; 160.6864; After ; 2.929669; null
7; Driver; Noise; Intention; 23.09.2023 14:59:58; 796.4808; -0.01421985; 160.4663; After ; 2.945256; null
7; Driver; Noise; Intention; 23.09.2023 14:59:58; 796.4823; -0.01418467; 160.2459; After ; 2.962167; null
7; Driver; Noise; Intention; 23.09.2023 14:59:58; 796.483; -0.01418186; 160.1356; After ; 2.979634; null
7; Driver; Noise; Intention; 23.09.2023 14:59:58; 796.4842; -0.01418614; 159.9149; After ; 2.999327; null
7; Driver; Noise; Intention; 23.09.2023 14:59:58; 796.4853; -0.01413369; 159.6941; After ; 3.019023; null
7; Driver; Noise; Intention; 23.09.2023 14:59:58; 796.4858; -0.0141271; 159.5836; After ; 3.057171; null
7; Driver; Noise; Intention; 23.09.2023 14:59:59; 796.4868; -0.01413162; 159.3628; After ; 3.074666; null
7; Driver; Noise; Intention; 23.09.2023 14:59:59; 796.4876; -0.01408687; 159.1418; After ; 3.074666; null
7; Driver; Noise; Intention; 23.09.2023 14:59:59; 796.488; -0.01408588; 159.0314; After ; 3.111589; null
7; Driver; Noise; Intention; 23.09.2023 14:59:59; 796.4891; -0.01412591; 158.7001; After ; 3.13039; null
7; Driver; Noise; Intention; 23.09.2023 14:59:59; 796.4897; -0.01417553; 158.4794; After ; 3.147776; null
7; Driver; Noise; Intention; 23.09.2023 14:59:59; 796.4904; -0.01415758; 158.2588; After ; 3.164979; null
7; Driver; Noise; Intention; 23.09.2023 14:59:59; 796.4906; -0.01416351; 158.1486; After ; 3.182508; null
7; Driver; Noise; Intention; 23.09.2023 14:59:59; 796.4911; -0.01418381; 157.9284; After ; 3.201434; null
7; Driver; Noise; Intention; 23.09.2023 14:59:59; 796.4915; -0.01414374; 157.7083; After ; 3.218732; null
7; Driver; Noise; Intention; 23.09.2023 14:59:59; 796.4916; -0.01414152; 157.5983; After ; 3.258215; null
7; Driver; Noise; Intention; 23.09.2023 14:59:59; 796.492; -0.01415104; 157.3785; After ; 3.27512; null
7; Driver; Noise; Intention; 23.09.2023 14:59:59; 796.4922; -0.01422889; 157.1588; After ; 3.291953; null
7; Driver; Noise; Intention; 23.09.2023 14:59:59; 796.4925; -0.01422756; 156.9392; After ; 3.309601; null
7; Driver; Noise; Intention; 23.09.2023 14:59:59; 796.4927; -0.01416981; 156.7197; After ; 3.326833; null
7; Driver; Noise; Intention; 23.09.2023 14:59:59; 796.4928; -0.01417756; 156.5003; After ; 3.344429; null
7; Driver; Noise; Intention; 23.09.2023 14:59:59; 796.4929; -0.01412793; 156.2808; After ; 3.362004; null
7; Driver; Noise; Intention; 23.09.2023 14:59:59; 796.4929; -0.01412206; 156.1711; After ; 3.381063; null
7; Driver; Noise; Intention; 23.09.2023 14:59:59; 796.4929; -0.01412676; 155.9517; After ; 3.399783; null
7; Driver; Noise; Intention; 23.09.2023 14:59:59; 796.4928; -0.01408104; 155.7322; After ; 3.419603; null
7; Driver; Noise; Intention; 23.09.2023 14:59:59; 796.4927; -0.01407897; 155.6225; After ; 3.456617; null
7; Driver; Noise; Intention; 23.09.2023 14:59:59; 796.4926; -0.01409351; 155.403; After ; 3.475287; null
7; Driver; Noise; Intention; 23.09.2023 14:59:59; 796.4925; -0.01405886; 155.1834; After ; 3.475287; null
7; Driver; Noise; Intention; 23.09.2023 14:59:59; 796.4924; -0.0140623; 155.0736; After ; 3.512431; null
7; Driver; Noise; Intention; 23.09.2023 14:59:59; 796.492; -0.01411225; 154.7441; After ; 3.531814; null
7; Driver; Noise; Intention; 23.09.2023 14:59:59; 796.4917; -0.01406696; 154.5243; After ; 3.549407; null
7; Driver; Noise; Intention; 23.09.2023 14:59:59; 796.4913; -0.01409618; 154.3044; After ; 3.566847; null
7; Driver; Noise; Intention; 23.09.2023 14:59:59; 796.4911; -0.01412301; 154.1944; After ; 3.58569; null
7; Driver; Noise; Intention; 23.09.2023 14:59:59; 796.4908; -0.01407907; 153.9744; After ; 3.603578; null
7; Driver; Noise; Intention; 23.09.2023 14:59:59; 796.4903; -0.0141081; 153.7543; After ; 3.62164; null
7; Driver; Noise; Intention; 23.09.2023 14:59:59; 796.4898; -0.01408251; 153.534; After ; 3.641502; null
7; Driver; Noise; Intention; 23.09.2023 14:59:59; 796.4893; -0.01402139; 153.3137; After ; 3.661758; null
7; Driver; Noise; Intention; 23.09.2023 14:59:59; 796.4891; -0.01401676; 153.2035; After ; 3.680989; null
7; Driver; Noise; Intention; 23.09.2023 14:59:59; 796.4885; -0.01403426; 152.9829; After ; 3.699522; null
7; Driver; Noise; Intention; 23.09.2023 14:59:59; 796.4879; -0.0140101; 152.7622; After ; 3.718241; null
7; Driver; Noise; Intention; 23.09.2023 14:59:59; 796.4875; -0.01402074; 152.6518; After ; 3.755107; null
7; Driver; Noise; Intention; 23.09.2023 14:59:59; 796.4869; -0.01406142; 152.4307; After ; 3.772677; null
7; Driver; Noise; Intention; 23.09.2023 14:59:59; 796.4862; -0.01417334; 152.2095; After ; 3.791988; null
7; Driver; Noise; Intention; 23.09.2023 14:59:59; 796.4855; -0.01420353; 151.9879; After ; 3.809763; null
7; Driver; Noise; Intention; 23.09.2023 14:59:59; 796.4847; -0.0142713; 151.7661; After ; 3.826196; null
7; Driver; Noise; Intention; 23.09.2023 14:59:59; 796.4839; -0.01425383; 151.5439; After ; 3.843602; null
