user_id; scenario; distraction; ehmi; timestamp; userPositionX; userPositionY; userPositionZ; playerPositon; time; focused object
9; Pedestrian; Interference; None; 27.09.2023 13:34:12; 805.1; -0.05999994; 241; HI; null
9; Pedestrian; Interference; None; 27.09.2023 13:34:12; 805.2721; 0.1818002; 241; Sidewalk; 0.02; null
9; Pedestrian; Interference; None; 27.09.2023 13:34:13; 805.2721; 0.1818002; 241; Sidewalk; 0.02; null
9; Pedestrian; Interference; None; 27.09.2023 13:34:13; 805.2721; 0.1818002; 241; Sidewalk; 0.02; null
9; Pedestrian; Interference; None; 27.09.2023 13:34:13; 805.2721; 0.1818002; 241; Sidewalk; 0.02; null
9; Pedestrian; Interference; None; 27.09.2023 13:34:13; 805.2721; 0.1818002; 241; Sidewalk; 0.02; null
9; Pedestrian; Interference; None; 27.09.2023 13:34:13; 805.2721; 0.1818002; 241; Sidewalk; 0.02; null
9; Pedestrian; Interference; None; 27.09.2023 13:34:13; 805.2721; 0.1818002; 241; Sidewalk; 0.02; null
9; Pedestrian; Interference; None; 27.09.2023 13:34:13; 805.2721; 0.1818002; 241; Sidewalk; 0.02; null
9; Pedestrian; Interference; None; 27.09.2023 13:34:13; 805.2721; 0.1818002; 241; Sidewalk; 0.02; null
9; Pedestrian; Interference; None; 27.09.2023 13:34:13; 805.2721; 0.1818002; 241; Sidewalk; 0.02; null
9; Pedestrian; Interference; None; 27.09.2023 13:34:13; 805.2721; 0.1818002; 241; Sidewalk; 0.02; null
9; Pedestrian; Interference; None; 27.09.2023 13:34:13; 805.2721; 0.1818002; 241; Sidewalk; 0.02; null
9; Pedestrian; Interference; None; 27.09.2023 13:34:13; 805.2721; 0.1818002; 241; Sidewalk; 0.02; null
9; Pedestrian; Interference; None; 27.09.2023 13:34:13; 805.2721; 0.1818002; 241; Sidewalk; 0.02; null
9; Pedestrian; Interference; None; 27.09.2023 13:34:13; 805.2721; 0.1818002; 241; Sidewalk; 0.02; null
9; Pedestrian; Interference; None; 27.09.2023 13:34:13; 805.2721; 0.1818002; 241; Sidewalk; 0.02; null
9; Pedestrian; Interference; None; 27.09.2023 13:34:13; 805.2721; 0.1818002; 241; Sidewalk; 0.02; null
9; Pedestrian; Interference; None; 27.09.2023 13:34:13; 805.1187; 0.1818002; 241.0888; Sidewalk; 0.04; null
9; Pedestrian; Interference; None; 27.09.2023 13:34:13; 805.1187; 0.1818002; 241.0888; Sidewalk; 0.04; null
9; Pedestrian; Interference; None; 27.09.2023 13:34:13; 805.1187; 0.1818002; 241.0888; Sidewalk; 0.04; null
9; Pedestrian; Interference; None; 27.09.2023 13:34:13; 805.1187; 0.1818002; 241.0888; Sidewalk; 0.04; null
9; Pedestrian; Interference; None; 27.09.2023 13:34:13; 805.1004; 0.1818002; 241.0851; Sidewalk; 0.3733333; null
9; Pedestrian; Interference; None; 27.09.2023 13:34:13; 805.0986; 0.1818002; 241.0853; Sidewalk; 0.4587171; null
9; Pedestrian; Interference; None; 27.09.2023 13:34:13; 805.0981; 0.1818002; 241.0853; Sidewalk; 0.4857446; null
9; Pedestrian; Interference; None; 27.09.2023 13:34:13; 805.097; 0.1818002; 241.0854; Sidewalk; 0.508892; null
9; Pedestrian; Interference; None; 27.09.2023 13:34:13; 805.0966; 0.1818002; 241.0854; Sidewalk; 0.5199526; null
9; Pedestrian; Interference; None; 27.09.2023 13:34:13; 805.0966; 0.1818002; 241.0853; Sidewalk; 0.5306303; null
9; Pedestrian; Interference; None; 27.09.2023 13:34:13; 805.0954; 0.1818002; 241.0854; Sidewalk; 0.5760132; null
9; Pedestrian; Interference; None; 27.09.2023 13:34:13; 805.0953; 0.1818002; 241.0856; Sidewalk; 0.5859767; null
9; Pedestrian; Interference; None; 27.09.2023 13:34:13; 805.0952; 0.1818002; 241.0858; Sidewalk; 0.5975729; null
9; Pedestrian; Interference; None; 27.09.2023 13:34:13; 805.095; 0.1818002; 241.086; Sidewalk; 0.6090194; null
9; Pedestrian; Interference; None; 27.09.2023 13:34:13; 805.0941; 0.1818002; 241.0871; Sidewalk; 0.6518917; null
9; Pedestrian; Interference; None; 27.09.2023 13:34:13; 805.093; 0.1818002; 241.0889; Sidewalk; 0.6756632; null
9; Pedestrian; Interference; None; 27.09.2023 13:34:13; 805.0923; 0.1818002; 241.0906; Sidewalk; 0.6970243; null
9; Pedestrian; Interference; None; 27.09.2023 13:34:13; 805.0922; 0.1818002; 241.0914; Sidewalk; 0.7083908; null
9; Pedestrian; Interference; None; 27.09.2023 13:34:13; 805.0921; 0.1818002; 241.0924; Sidewalk; 0.7192705; null
9; Pedestrian; Interference; None; 27.09.2023 13:34:13; 805.0919; 0.1818002; 241.0953; Sidewalk; 0.7525142; null
9; Pedestrian; Interference; None; 27.09.2023 13:34:13; 805.0916; 0.1818002; 241.0963; Sidewalk; 0.7642792; null
9; Pedestrian; Interference; None; 27.09.2023 13:34:13; 805.0914; 0.1818002; 241.0993; Sidewalk; 0.7999488; null
9; Pedestrian; Interference; None; 27.09.2023 13:34:13; 805.0916; 0.1818002; 241.1002; Sidewalk; 0.8084181; null
9; Pedestrian; Interference; None; 27.09.2023 13:34:13; 805.0917; 0.1818002; 241.1012; Sidewalk; 0.8196234; null
9; Pedestrian; Interference; None; 27.09.2023 13:34:13; 805.092; 0.1818002; 241.104; Sidewalk; 0.8522438; null
9; Pedestrian; Interference; None; 27.09.2023 13:34:13; 805.0924; 0.1818002; 241.1063; Sidewalk; 0.8756039; null
9; Pedestrian; Interference; None; 27.09.2023 13:34:13; 805.0933; 0.1818002; 241.1088; Sidewalk; 0.8971206; null
9; Pedestrian; Interference; None; 27.09.2023 13:34:13; 805.0936; 0.1818002; 241.11; Sidewalk; 0.9084729; null
9; Pedestrian; Interference; None; 27.09.2023 13:34:13; 805.094; 0.1818002; 241.1113; Sidewalk; 0.9192292; null
9; Pedestrian; Interference; None; 27.09.2023 13:34:13; 805.0956; 0.1818002; 241.1156; Sidewalk; 0.9520763; null
9; Pedestrian; Interference; None; 27.09.2023 13:34:13; 805.0969; 0.1818002; 241.1187; Sidewalk; 0.9747292; null
9; Pedestrian; Interference; None; 27.09.2023 13:34:13; 805.0986; 0.1818002; 241.1216; Sidewalk; 0.9965339; null
9; Pedestrian; Interference; None; 27.09.2023 13:34:13; 805.0994; 0.1818002; 241.1231; Sidewalk; 1.007748; null
9; Pedestrian; Interference; None; 27.09.2023 13:34:13; 805.1013; 0.1818002; 241.1263; Sidewalk; 1.029944; null
9; Pedestrian; Interference; None; 27.09.2023 13:34:13; 805.1035; 0.1818002; 241.1294; Sidewalk; 1.052939; null
9; Pedestrian; Interference; None; 27.09.2023 13:34:13; 805.1047; 0.1818002; 241.1309; Sidewalk; 1.062868; null
9; Pedestrian; Interference; None; 27.09.2023 13:34:14; 805.1072; 0.1818002; 241.1339; Sidewalk; 1.093641; null
9; Pedestrian; Interference; None; 27.09.2023 13:34:14; 805.1085; 0.1818002; 241.1352; Sidewalk; 1.103436; null
9; Pedestrian; Interference; None; 27.09.2023 13:34:14; 805.1109; 0.1818002; 241.1379; Sidewalk; 1.120159; Checking Box Human Car
9; Pedestrian; Interference; None; 27.09.2023 13:34:14; 805.1147; 0.1818002; 241.1415; Sidewalk; 1.152429; Checking Box Human Car
9; Pedestrian; Interference; None; 27.09.2023 13:34:14; 805.1172; 0.1818001; 241.1437; Sidewalk; 1.174913; Checking Box Human Car
9; Pedestrian; Interference; None; 27.09.2023 13:34:14; 805.1193; 0.1818001; 241.1458; Sidewalk; 1.196575; Checking Box Human Car
9; Pedestrian; Interference; None; 27.09.2023 13:34:14; 805.1207; 0.1818001; 241.1469; Sidewalk; 1.208753; Checking Box Human Car
9; Pedestrian; Interference; None; 27.09.2023 13:34:14; 805.1223; 0.1818001; 241.1479; Sidewalk; 1.21927; Checking Box Human Car
9; Pedestrian; Interference; None; 27.09.2023 13:34:14; 805.1252; 0.1818001; 241.1501; Sidewalk; 1.248762; Checking Box Human Car
9; Pedestrian; Interference; None; 27.09.2023 13:34:14; 805.1299; 0.1818001; 241.1537; Sidewalk; 1.278205; Checking Box Human Car
9; Pedestrian; Interference; None; 27.09.2023 13:34:14; 805.1335; 0.1818001; 241.1563; Sidewalk; 1.296451; Checking Box Human Car
9; Pedestrian; Interference; None; 27.09.2023 13:34:14; 805.1356; 0.1818001; 241.1577; Sidewalk; 1.308139; Checking Box Human Car
9; Pedestrian; Interference; None; 27.09.2023 13:34:14; 805.1406; 0.1818001; 241.1607; Sidewalk; 1.330041; Checking Box Human Car
9; Pedestrian; Interference; None; 27.09.2023 13:34:14; 805.146; 0.1818001; 241.164; Sidewalk; 1.352874; Checking Box Human Car
9; Pedestrian; Interference; None; 27.09.2023 13:34:14; 805.1523; 0.1818001; 241.1675; Sidewalk; 1.374715; Checking Box Human Car
9; Pedestrian; Interference; None; 27.09.2023 13:34:14; 805.1556; 0.1818001; 241.1694; Sidewalk; 1.385121; Checking Box Human Car
9; Pedestrian; Interference; None; 27.09.2023 13:34:14; 805.1631; 0.1818001; 241.1731; Sidewalk; 1.411057; Checking Box Human Car
9; Pedestrian; Interference; None; 27.09.2023 13:34:14; 805.1707; 0.1818001; 241.1765; Sidewalk; 1.429669; Checking Box Human Car
9; Pedestrian; Interference; None; 27.09.2023 13:34:14; 805.1782; 0.1818001; 241.1797; Sidewalk; 1.452481; Checking Box Human Car
9; Pedestrian; Interference; None; 27.09.2023 13:34:14; 805.1857; 0.1818001; 241.1825; Sidewalk; 1.475512; Checking Box Human Car
9; Pedestrian; Interference; None; 27.09.2023 13:34:14; 805.1924; 0.1818001; 241.185; Sidewalk; 1.496628; Checking Box Human Car
9; Pedestrian; Interference; None; 27.09.2023 13:34:14; 805.1956; 0.1818001; 241.1862; Sidewalk; 1.507913; Checking Box Human Car
9; Pedestrian; Interference; None; 27.09.2023 13:34:14; 805.2015; 0.1818001; 241.1883; Sidewalk; 1.529812; Checking Box Human Car
9; Pedestrian; Interference; None; 27.09.2023 13:34:14; 805.2043; 0.1818001; 241.1893; Sidewalk; 1.541623; Checking Box Human Car
9; Pedestrian; Interference; None; 27.09.2023 13:34:14; 805.2111; 0.1818001; 241.1913; Sidewalk; 1.574065; Checking Box Human Car
9; Pedestrian; Interference; None; 27.09.2023 13:34:14; 805.2139; 0.1818001; 241.192; Sidewalk; 1.596721; Checking Box Human Car
9; Pedestrian; Interference; None; 27.09.2023 13:34:14; 805.2147; 0.1818001; 241.1922; Sidewalk; 1.60875; Checking Box Human Car
9; Pedestrian; Interference; None; 27.09.2023 13:34:14; 805.2157; 0.1818001; 241.1924; Sidewalk; 1.629494; Checking Box Human Car
9; Pedestrian; Interference; None; 27.09.2023 13:34:14; 805.2154; 0.1818001; 241.1925; Sidewalk; 1.651788; Checking Box Human Car
9; Pedestrian; Interference; None; 27.09.2023 13:34:14; 805.2142; 0.1818001; 241.1922; Sidewalk; 1.674208; Checking Box Human Car
9; Pedestrian; Interference; None; 27.09.2023 13:34:14; 805.2133; 0.1818001; 241.192; Sidewalk; 1.685016; Checking Box Human Car
9; Pedestrian; Interference; None; 27.09.2023 13:34:14; 805.2119; 0.1818001; 241.1917; Sidewalk; 1.696251; Checking Box Human Car
9; Pedestrian; Interference; None; 27.09.2023 13:34:14; 805.207; 0.1818001; 241.1902; Sidewalk; 1.729795; Checking Box Human Car
9; Pedestrian; Interference; None; 27.09.2023 13:34:14; 805.2022; 0.1818001; 241.1889; Sidewalk; 1.75204; Checking Box Human Car
9; Pedestrian; Interference; None; 27.09.2023 13:34:14; 805.1994; 0.1818001; 241.188; Sidewalk; 1.763288; Checking Box Human Car
9; Pedestrian; Interference; None; 27.09.2023 13:34:14; 805.1918; 0.1818001; 241.1858; Sidewalk; 1.796797; Checking Box Human Car
9; Pedestrian; Interference; None; 27.09.2023 13:34:14; 805.1887; 0.1818001; 241.185; Sidewalk; 1.80772; Checking Box Human Car
9; Pedestrian; Interference; None; 27.09.2023 13:34:14; 805.1824; 0.1818001; 241.1832; Sidewalk; 1.829583; Checking Box Human Car
9; Pedestrian; Interference; None; 27.09.2023 13:34:14; 805.1787; 0.1818001; 241.1821; Sidewalk; 1.841548; Checking Box Human Car
9; Pedestrian; Interference; None; 27.09.2023 13:34:14; 805.1669; 0.1818001; 241.1781; Sidewalk; 1.876911; Checking Box Human Car
9; Pedestrian; Interference; None; 27.09.2023 13:34:14; 805.1578; 0.1818001; 241.175; Sidewalk; 1.896559; Checking Box Human Car
9; Pedestrian; Interference; None; 27.09.2023 13:34:14; 805.1529; 0.1818001; 241.1732; Sidewalk; 1.907565; Checking Box Human Car
9; Pedestrian; Interference; None; 27.09.2023 13:34:14; 805.1434; 0.1818001; 241.1695; Sidewalk; 1.929926; Checking Box Human Car
9; Pedestrian; Interference; None; 27.09.2023 13:34:14; 805.1341; 0.1818001; 241.1656; Sidewalk; 1.951873; Checking Box Human Car
9; Pedestrian; Interference; None; 27.09.2023 13:34:14; 805.1254; 0.1818001; 241.1616; Sidewalk; 1.975013; Checking Box Human Car
9; Pedestrian; Interference; None; 27.09.2023 13:34:14; 805.1174; 0.1818001; 241.1573; Sidewalk; 1.996951; null
9; Pedestrian; Interference; None; 27.09.2023 13:34:14; 805.1174; 0.1818001; 241.1573; Sidewalk; 1.996951; null
9; Pedestrian; Interference; None; 27.09.2023 13:34:14; 805.1057; 0.1818001; 241.1505; Sidewalk; 2.033608; null
9; Pedestrian; Interference; None; 27.09.2023 13:34:14; 805.0983; 0.1818001; 241.1456; Sidewalk; 2.051562; null
9; Pedestrian; Interference; None; 27.09.2023 13:34:14; 805.0916; 0.1818001; 241.1404; Sidewalk; 2.074095; null
9; Pedestrian; Interference; None; 27.09.2023 13:34:15; 805.0851; 0.1818001; 241.135; Sidewalk; 2.096197; null
9; Pedestrian; Interference; None; 27.09.2023 13:34:15; 805.0826; 0.1818001; 241.1322; Sidewalk; 2.108316; null
9; Pedestrian; Interference; None; 27.09.2023 13:34:15; 805.0774; 0.1818001; 241.1259; Sidewalk; 2.129557; null
9; Pedestrian; Interference; None; 27.09.2023 13:34:15; 805.0728; 0.1818001; 241.1194; Sidewalk; 2.151994; null
9; Pedestrian; Interference; None; 27.09.2023 13:34:15; 805.0693; 0.1818001; 241.1125; Sidewalk; 2.178091; null
9; Pedestrian; Interference; None; 27.09.2023 13:34:15; 805.0659; 0.1818001; 241.1053; Sidewalk; 2.196449; null
9; Pedestrian; Interference; None; 27.09.2023 13:34:15; 805.0646; 0.1818001; 241.1015; Sidewalk; 2.208616; null
9; Pedestrian; Interference; None; 27.09.2023 13:34:15; 805.0635; 0.1818001; 241.0976; Sidewalk; 2.218388; null
9; Pedestrian; Interference; None; 27.09.2023 13:34:15; 805.0627; 0.1818001; 241.0857; Sidewalk; 2.251775; null
9; Pedestrian; Interference; None; 27.09.2023 13:34:15; 805.0637; 0.1818001; 241.0774; Sidewalk; 2.274598; null
9; Pedestrian; Interference; None; 27.09.2023 13:34:15; 805.0661; 0.1818001; 241.0688; Sidewalk; 2.296301; null
9; Pedestrian; Interference; None; 27.09.2023 13:34:15; 805.0678; 0.1818001; 241.0645; Sidewalk; 2.308202; null
9; Pedestrian; Interference; None; 27.09.2023 13:34:15; 805.0698; 0.1818001; 241.0601; Sidewalk; 2.318392; null
9; Pedestrian; Interference; None; 27.09.2023 13:34:15; 805.0783; 0.1818001; 241.0466; Sidewalk; 2.351587; null
9; Pedestrian; Interference; None; 27.09.2023 13:34:15; 805.0872; 0.1818001; 241.0375; Sidewalk; 2.374195; null
9; Pedestrian; Interference; None; 27.09.2023 13:34:15; 805.0923; 0.1818001; 241.033; Sidewalk; 2.384857; BicycleInterference
9; Pedestrian; Interference; None; 27.09.2023 13:34:15; 805.0994; 0.1818001; 241.0291; Sidewalk; 2.396237; BicycleInterference
9; Pedestrian; Interference; None; 27.09.2023 13:34:15; 805.1147; 0.1818001; 241.0165; Sidewalk; 2.430403; BicycleInterference
9; Pedestrian; Interference; None; 27.09.2023 13:34:15; 805.1273; 0.1818001; 241.0089; Sidewalk; 2.452835; BicycleInterference
9; Pedestrian; Interference; None; 27.09.2023 13:34:15; 805.1343; 0.1818001; 241.0054; Sidewalk; 2.46404; BicycleInterference
9; Pedestrian; Interference; None; 27.09.2023 13:34:15; 805.1485; 0.1818001; 240.9985; Sidewalk; 2.49409; BicycleInterference
9; Pedestrian; Interference; None; 27.09.2023 13:34:15; 805.1558; 0.1818001; 240.9953; Sidewalk; 2.503446; BicycleInterference
9; Pedestrian; Interference; None; 27.09.2023 13:34:15; 805.1782; 0.1818001; 240.9869; Sidewalk; 2.53261; BicycleInterference
9; Pedestrian; Interference; None; 27.09.2023 13:34:15; 805.1932; 0.1818001; 240.9823; Sidewalk; 2.553882; BicycleInterference
9; Pedestrian; Interference; None; 27.09.2023 13:34:15; 805.2078; 0.1818001; 240.9784; Sidewalk; 2.57518; Checking Box AICar
9; Pedestrian; Interference; None; 27.09.2023 13:34:15; 805.2214; 0.1818001; 240.9752; Sidewalk; 2.597847; Checking Box AICar
9; Pedestrian; Interference; None; 27.09.2023 13:34:15; 805.2277; 0.1818001; 240.9737; Sidewalk; 2.608384; Checking Box AICar
9; Pedestrian; Interference; None; 27.09.2023 13:34:15; 805.2341; 0.1818001; 240.9726; Sidewalk; 2.619241; Checking Box AICar
9; Pedestrian; Interference; None; 27.09.2023 13:34:15; 805.2458; 0.1818001; 240.9707; Sidewalk; 2.646712; Checking Box AICar
9; Pedestrian; Interference; None; 27.09.2023 13:34:15; 805.2562; 0.1818001; 240.9692; Sidewalk; 2.666101; Checking Box AICar
9; Pedestrian; Interference; None; 27.09.2023 13:34:15; 805.2654; 0.1818001; 240.9679; Sidewalk; 2.686733; Checking Box AICar
9; Pedestrian; Interference; None; 27.09.2023 13:34:15; 805.2737; 0.1818001; 240.9667; Sidewalk; 2.70921; Checking Box AICar
9; Pedestrian; Interference; None; 27.09.2023 13:34:15; 805.2775; 0.1818001; 240.9663; Sidewalk; 2.71972; Checking Box AICar
9; Pedestrian; Interference; None; 27.09.2023 13:34:15; 805.2854; 0.1818001; 240.9656; Sidewalk; 2.754492; null
9; Pedestrian; Interference; None; 27.09.2023 13:34:15; 805.2903; 0.1818001; 240.9654; Sidewalk; 2.775589; null
9; Pedestrian; Interference; None; 27.09.2023 13:34:15; 805.2926; 0.1818001; 240.9654; Sidewalk; 2.785372; null
9; Pedestrian; Interference; None; 27.09.2023 13:34:15; 805.2968; 0.1818001; 240.9655; Sidewalk; 2.811152; null
9; Pedestrian; Interference; None; 27.09.2023 13:34:15; 805.2983; 0.1818001; 240.966; Sidewalk; 2.829587; null
9; Pedestrian; Interference; None; 27.09.2023 13:34:15; 805.301; 0.1818001; 240.9664; Sidewalk; 2.852279; null
9; Pedestrian; Interference; None; 27.09.2023 13:34:15; 805.3034; 0.1818001; 240.9669; Sidewalk; 2.87448; null
9; Pedestrian; Interference; None; 27.09.2023 13:34:15; 805.3058; 0.1818001; 240.9676; Sidewalk; 2.897065; null
9; Pedestrian; Interference; None; 27.09.2023 13:34:15; 805.3066; 0.1818001; 240.9681; Sidewalk; 2.907632; null
9; Pedestrian; Interference; None; 27.09.2023 13:34:15; 805.3088; 0.1818001; 240.9691; Sidewalk; 2.9296; null
9; Pedestrian; Interference; None; 27.09.2023 13:34:15; 805.3098; 0.1818001; 240.9695; Sidewalk; 2.941909; null
9; Pedestrian; Interference; None; 27.09.2023 13:34:15; 805.3118; 0.1818001; 240.9702; Sidewalk; 2.969232; null
9; Pedestrian; Interference; None; 27.09.2023 13:34:15; 805.3161; 0.1818001; 240.9714; Sidewalk; 2.997872; null
9; Pedestrian; Interference; None; 27.09.2023 13:34:15; 805.3176; 0.1818001; 240.9718; Sidewalk; 3.007897; null
9; Pedestrian; Interference; None; 27.09.2023 13:34:15; 805.3213; 0.1818001; 240.9724; Sidewalk; 3.030981; null
9; Pedestrian; Interference; None; 27.09.2023 13:34:15; 805.3227; 0.1818001; 240.9725; Sidewalk; 3.041353; null
9; Pedestrian; Interference; None; 27.09.2023 13:34:15; 805.3273; 0.1818001; 240.9734; Sidewalk; 3.074924; null
9; Pedestrian; Interference; None; 27.09.2023 13:34:16; 805.3289; 0.1818001; 240.9737; Sidewalk; 3.085245; null
9; Pedestrian; Interference; None; 27.09.2023 13:34:16; 805.3303; 0.1818001; 240.974; Sidewalk; 3.097642; null
9; Pedestrian; Interference; None; 27.09.2023 13:34:16; 805.3339; 0.1818001; 240.9747; Sidewalk; 3.133042; null
9; Pedestrian; Interference; None; 27.09.2023 13:34:16; 805.3359; 0.1818001; 240.9752; Sidewalk; 3.152755; null
9; Pedestrian; Interference; None; 27.09.2023 13:34:16; 805.3367; 0.1818001; 240.9759; Sidewalk; 3.175085; null
9; Pedestrian; Interference; None; 27.09.2023 13:34:16; 805.3375; 0.1818001; 240.9765; Sidewalk; 3.196569; null
9; Pedestrian; Interference; None; 27.09.2023 13:34:16; 805.3378; 0.1818001; 240.9767; Sidewalk; 3.208661; null
9; Pedestrian; Interference; None; 27.09.2023 13:34:16; 805.338; 0.1818001; 240.9772; Sidewalk; 3.229676; Checking Box AICar
9; Pedestrian; Interference; None; 27.09.2023 13:34:16; 805.3384; 0.1818001; 240.9776; Sidewalk; 3.241141; Checking Box AICar
9; Pedestrian; Interference; None; 27.09.2023 13:34:16; 805.3389; 0.1818001; 240.9783; Sidewalk; 3.277917; Checking Box AICar
9; Pedestrian; Interference; None; 27.09.2023 13:34:16; 805.339; 0.1818001; 240.9785; Sidewalk; 3.286028; Checking Box AICar
9; Pedestrian; Interference; None; 27.09.2023 13:34:16; 805.3392; 0.1818001; 240.979; Sidewalk; 3.308989; Checking Box AICar
9; Pedestrian; Interference; None; 27.09.2023 13:34:16; 805.3395; 0.1818001; 240.9794; Sidewalk; 3.329838; Checking Box AICar
9; Pedestrian; Interference; None; 27.09.2023 13:34:16; 805.3396; 0.1818001; 240.9798; Sidewalk; 3.352505; Checking Box AICar
9; Pedestrian; Interference; None; 27.09.2023 13:34:16; 805.3397; 0.1818001; 240.9803; Sidewalk; 3.375342; Checking Box AICar
9; Pedestrian; Interference; None; 27.09.2023 13:34:16; 805.3398; 0.1818001; 240.9806; Sidewalk; 3.396716; Checking Box AICar
9; Pedestrian; Interference; None; 27.09.2023 13:34:16; 805.3398; 0.1818001; 240.9806; Sidewalk; 3.396716; Checking Box AICar
9; Pedestrian; Interference; None; 27.09.2023 13:34:16; 805.3401; 0.1818001; 240.9808; Sidewalk; 3.424549; Checking Box AICar
9; Pedestrian; Interference; None; 27.09.2023 13:34:16; 805.3403; 0.1818001; 240.9812; Sidewalk; 3.454183; Checking Box AICar
9; Pedestrian; Interference; None; 27.09.2023 13:34:16; 805.3401; 0.1818001; 240.9814; Sidewalk; 3.474723; Checking Box AICar
9; Pedestrian; Interference; None; 27.09.2023 13:34:16; 805.3398; 0.1818001; 240.9815; Sidewalk; 3.497103; Checking Box AICar
9; Pedestrian; Interference; None; 27.09.2023 13:34:16; 805.3398; 0.1818001; 240.9816; Sidewalk; 3.508448; Checking Box AICar
9; Pedestrian; Interference; None; 27.09.2023 13:34:16; 805.339; 0.1818001; 240.9818; Sidewalk; 3.529884; Checking Box AICar
9; Pedestrian; Interference; None; 27.09.2023 13:34:16; 805.3386; 0.1818001; 240.9819; Sidewalk; 3.552488; Checking Box AICar
9; Pedestrian; Interference; None; 27.09.2023 13:34:16; 805.3383; 0.1818001; 240.982; Sidewalk; 3.562957; Checking Box AICar
9; Pedestrian; Interference; None; 27.09.2023 13:34:16; 805.3367; 0.1818001; 240.9822; Sidewalk; 3.599248; Checking Box AICar
9; Pedestrian; Interference; None; 27.09.2023 13:34:16; 805.3364; 0.1818001; 240.9823; Sidewalk; 3.607061; Checking Box AICar
9; Pedestrian; Interference; None; 27.09.2023 13:34:16; 805.3357; 0.1818001; 240.9824; Sidewalk; 3.629504; Checking Box AICar
9; Pedestrian; Interference; None; 27.09.2023 13:34:16; 805.3348; 0.1818001; 240.9824; Sidewalk; 3.651778; Checking Box AICar
9; Pedestrian; Interference; None; 27.09.2023 13:34:16; 805.3339; 0.1818001; 240.9824; Sidewalk; 3.674195; Checking Box AICar
9; Pedestrian; Interference; None; 27.09.2023 13:34:16; 805.3339; 0.1818001; 240.9824; Sidewalk; 3.684947; Checking Box AICar
9; Pedestrian; Interference; None; 27.09.2023 13:34:16; 805.3332; 0.1818001; 240.9824; Sidewalk; 3.708529; Checking Box AICar
9; Pedestrian; Interference; None; 27.09.2023 13:34:16; 805.3326; 0.1818001; 240.9824; Sidewalk; 3.718547; Checking Box AICar
9; Pedestrian; Interference; None; 27.09.2023 13:34:16; 805.3318; 0.1818001; 240.9822; Sidewalk; 3.746673; Checking Box AICar
9; Pedestrian; Interference; None; 27.09.2023 13:34:16; 805.3298; 0.1818001; 240.9821; Sidewalk; 3.775073; Checking Box AICar
9; Pedestrian; Interference; None; 27.09.2023 13:34:16; 805.3289; 0.1818001; 240.9819; Sidewalk; 3.796504; Checking Box AICar
9; Pedestrian; Interference; None; 27.09.2023 13:34:16; 805.3283; 0.1818001; 240.9819; Sidewalk; 3.80752; Checking Box AICar
9; Pedestrian; Interference; None; 27.09.2023 13:34:16; 805.3273; 0.1818001; 240.9816; Sidewalk; 3.829798; Checking Box AICar
9; Pedestrian; Interference; None; 27.09.2023 13:34:16; 805.3261; 0.1818001; 240.9814; Sidewalk; 3.851982; Checking Box AICar
9; Pedestrian; Interference; None; 27.09.2023 13:34:16; 805.3256; 0.1818001; 240.9813; Sidewalk; 3.863158; Checking Box AICar
9; Pedestrian; Interference; None; 27.09.2023 13:34:16; 805.3247; 0.1818001; 240.981; Sidewalk; 3.895884; Checking Box AICar
9; Pedestrian; Interference; None; 27.09.2023 13:34:16; 805.3244; 0.1818001; 240.9808; Sidewalk; 3.907784; Checking Box AICar
9; Pedestrian; Interference; None; 27.09.2023 13:34:16; 805.3235; 0.1818001; 240.9805; Sidewalk; 3.926008; Checking Box AICar
9; Pedestrian; Interference; None; 27.09.2023 13:34:16; 805.3226; 0.1818001; 240.9802; Sidewalk; 3.95257; Checking Box AICar
9; Pedestrian; Interference; None; 27.09.2023 13:34:16; 805.3224; 0.1818001; 240.98; Sidewalk; 3.973989; Checking Box AICar
9; Pedestrian; Interference; None; 27.09.2023 13:34:16; 805.3223; 0.1818001; 240.98; Sidewalk; 3.99633; null
9; Pedestrian; Interference; None; 27.09.2023 13:34:16; 805.3222; 0.1818001; 240.9799; Sidewalk; 4.007379; null
9; Pedestrian; Interference; None; 27.09.2023 13:34:16; 805.3222; 0.1818001; 240.98; Sidewalk; 4.018478; null
9; Pedestrian; Interference; None; 27.09.2023 13:34:16; 805.3223; 0.1818001; 240.9799; Sidewalk; 4.046675; null
9; Pedestrian; Interference; None; 27.09.2023 13:34:16; 805.3222; 0.1818001; 240.9801; Sidewalk; 4.07586; null
9; Pedestrian; Interference; None; 27.09.2023 13:34:17; 805.3221; 0.1818001; 240.9803; Sidewalk; 4.096742; null
9; Pedestrian; Interference; None; 27.09.2023 13:34:17; 805.322; 0.1818001; 240.9804; Sidewalk; 4.107424; null
9; Pedestrian; Interference; None; 27.09.2023 13:34:17; 805.3218; 0.1818001; 240.9805; Sidewalk; 4.129857; null
9; Pedestrian; Interference; None; 27.09.2023 13:34:17; 805.3216; 0.1818001; 240.9807; Sidewalk; 4.152535; null
9; Pedestrian; Interference; None; 27.09.2023 13:34:17; 805.3215; 0.1818001; 240.9809; Sidewalk; 4.173969; null
9; Pedestrian; Interference; None; 27.09.2023 13:34:17; 805.3216; 0.1818001; 240.981; Sidewalk; 4.185862; null
9; Pedestrian; Interference; None; 27.09.2023 13:34:17; 805.3217; 0.1818001; 240.9811; Sidewalk; 4.20626; null
9; Pedestrian; Interference; None; 27.09.2023 13:34:17; 805.3217; 0.1818001; 240.9813; Sidewalk; 4.227846; null
9; Pedestrian; Interference; None; 27.09.2023 13:34:17; 805.322; 0.1818001; 240.9817; Sidewalk; 4.255356; null
9; Pedestrian; Interference; None; 27.09.2023 13:34:17; 805.3221; 0.1818001; 240.9819; Sidewalk; 4.273731; null
9; Pedestrian; Interference; None; 27.09.2023 13:34:17; 805.3227; 0.1818001; 240.9821; Sidewalk; 4.296227; null
9; Pedestrian; Interference; None; 27.09.2023 13:34:17; 805.3232; 0.1818001; 240.9821; Sidewalk; 4.306738; null
9; Pedestrian; Interference; None; 27.09.2023 13:34:17; 805.3238; 0.1818001; 240.9822; Sidewalk; 4.318861; null
9; Pedestrian; Interference; None; 27.09.2023 13:34:17; 805.3245; 0.1818001; 240.9824; Sidewalk; 4.341614; null
9; Pedestrian; Interference; None; 27.09.2023 13:34:17; 805.3261; 0.1818001; 240.9827; Sidewalk; 4.378235; null
9; Pedestrian; Interference; None; 27.09.2023 13:34:17; 805.3273; 0.1818001; 240.9829; Sidewalk; 4.396667; null
9; Pedestrian; Interference; None; 27.09.2023 13:34:17; 805.328; 0.1818001; 240.983; Sidewalk; 4.407687; null
9; Pedestrian; Interference; None; 27.09.2023 13:34:17; 805.3292; 0.1818001; 240.9832; Sidewalk; 4.430109; null
9; Pedestrian; Interference; None; 27.09.2023 13:34:17; 805.3303; 0.1818001; 240.9833; Sidewalk; 4.452471; null
9; Pedestrian; Interference; None; 27.09.2023 13:34:17; 805.3313; 0.1818001; 240.9836; Sidewalk; 4.474912; null
9; Pedestrian; Interference; None; 27.09.2023 13:34:17; 805.3318; 0.1818001; 240.9837; Sidewalk; 4.485199; null
9; Pedestrian; Interference; None; 27.09.2023 13:34:17; 805.3325; 0.1818001; 240.9837; Sidewalk; 4.497746; null
9; Pedestrian; Interference; None; 27.09.2023 13:34:17; 805.3336; 0.1818001; 240.984; Sidewalk; 4.52491; null
9; Pedestrian; Interference; None; 27.09.2023 13:34:17; 805.3348; 0.1818001; 240.9844; Sidewalk; 4.553489; null
9; Pedestrian; Interference; None; 27.09.2023 13:34:17; 805.3355; 0.1818001; 240.9848; Sidewalk; 4.573905; null
9; Pedestrian; Interference; None; 27.09.2023 13:34:17; 805.3364; 0.1818001; 240.985; Sidewalk; 4.597057; null
9; Pedestrian; Interference; None; 27.09.2023 13:34:17; 805.3368; 0.1818001; 240.9851; Sidewalk; 4.606926; null
9; Pedestrian; Interference; None; 27.09.2023 13:34:17; 805.3375; 0.1818001; 240.9854; Sidewalk; 4.629714; null
9; Pedestrian; Interference; None; 27.09.2023 13:34:17; 805.338; 0.1818001; 240.9855; Sidewalk; 4.640227; null
9; Pedestrian; Interference; None; 27.09.2023 13:34:17; 805.3391; 0.1818001; 240.9858; Sidewalk; 4.678023; null
9; Pedestrian; Interference; None; 27.09.2023 13:34:17; 805.3395; 0.1818001; 240.9859; Sidewalk; 4.696456; null
9; Pedestrian; Interference; None; 27.09.2023 13:34:17; 805.3398; 0.1818001; 240.986; Sidewalk; 4.707085; null
9; Pedestrian; Interference; None; 27.09.2023 13:34:17; 805.3401; 0.1818001; 240.9862; Sidewalk; 4.729574; null
9; Pedestrian; Interference; None; 27.09.2023 13:34:17; 805.3401; 0.1818001; 240.9864; Sidewalk; 4.752306; null
9; Pedestrian; Interference; None; 27.09.2023 13:34:17; 805.3401; 0.1818001; 240.9865; Sidewalk; 4.773766; null
9; Pedestrian; Interference; None; 27.09.2023 13:34:17; 805.3401; 0.1818001; 240.9866; Sidewalk; 4.796491; null
9; Pedestrian; Interference; None; 27.09.2023 13:34:17; 805.3401; 0.1818001; 240.9866; Sidewalk; 4.796491; null
9; Pedestrian; Interference; None; 27.09.2023 13:34:17; 805.34; 0.1818001; 240.9867; Sidewalk; 4.823816; null
9; Pedestrian; Interference; None; 27.09.2023 13:34:17; 805.3395; 0.1818001; 240.9867; Sidewalk; 4.853318; null
9; Pedestrian; Interference; None; 27.09.2023 13:34:17; 805.3389; 0.1818001; 240.9867; Sidewalk; 4.873641; null
9; Pedestrian; Interference; None; 27.09.2023 13:34:17; 805.3383; 0.1818001; 240.9868; Sidewalk; 4.896379; null
9; Pedestrian; Interference; None; 27.09.2023 13:34:17; 805.3383; 0.1818001; 240.9868; Sidewalk; 4.907166; null
9; Pedestrian; Interference; None; 27.09.2023 13:34:17; 805.3375; 0.1818001; 240.9867; Sidewalk; 4.928911; null
9; Pedestrian; Interference; None; 27.09.2023 13:34:17; 805.3373; 0.1818001; 240.9866; Sidewalk; 4.939854; Checking Box Human Car
9; Pedestrian; Interference; None; 27.09.2023 13:34:17; 805.337; 0.1818001; 240.9866; Sidewalk; 4.951065; Checking Box Human Car
9; Pedestrian; Interference; None; 27.09.2023 13:34:17; 805.3364; 0.1818001; 240.9865; Sidewalk; 4.992189; Checking Box Human Car
9; Pedestrian; Interference; None; 27.09.2023 13:34:17; 805.3361; 0.1818001; 240.9865; Sidewalk; 5.003206; Checking Box Human Car
9; Pedestrian; Interference; None; 27.09.2023 13:34:17; 805.3358; 0.1818001; 240.9867; Sidewalk; 5.033032; Checking Box Human Car
9; Pedestrian; Interference; None; 27.09.2023 13:34:17; 805.3354; 0.1818001; 240.9866; Sidewalk; 5.051693; Checking Box Human Car
9; Pedestrian; Interference; None; 27.09.2023 13:34:17; 805.3347; 0.1818001; 240.9866; Sidewalk; 5.073655; Checking Box Human Car
9; Pedestrian; Interference; None; 27.09.2023 13:34:18; 805.3347; 0.1818001; 240.9865; Sidewalk; 5.097793; Checking Box Human Car
9; Pedestrian; Interference; None; 27.09.2023 13:34:18; 805.3347; 0.1818001; 240.9865; Sidewalk; 5.107553; Checking Box Human Car
9; Pedestrian; Interference; None; 27.09.2023 13:34:18; 805.3345; 0.1818001; 240.9865; Sidewalk; 5.118958; Checking Box Human Car
9; Pedestrian; Interference; None; 27.09.2023 13:34:18; 805.3341; 0.1818001; 240.9864; Sidewalk; 5.146262; Checking Box Human Car
9; Pedestrian; Interference; None; 27.09.2023 13:34:18; 805.333; 0.1818001; 240.9864; Sidewalk; 5.174303; Checking Box Human Car
9; Pedestrian; Interference; None; 27.09.2023 13:34:18; 805.3329; 0.1818001; 240.9864; Sidewalk; 5.196241; Checking Box Human Car
9; Pedestrian; Interference; None; 27.09.2023 13:34:18; 805.3326; 0.1818001; 240.9864; Sidewalk; 5.207015; Checking Box Human Car
9; Pedestrian; Interference; None; 27.09.2023 13:34:18; 805.3323; 0.1818001; 240.9863; Sidewalk; 5.228956; Checking Box Human Car
9; Pedestrian; Interference; None; 27.09.2023 13:34:18; 805.3323; 0.1818001; 240.9863; Sidewalk; 5.251727; Checking Box Human Car
9; Pedestrian; Interference; None; 27.09.2023 13:34:18; 805.3321; 0.1818001; 240.9863; Sidewalk; 5.274063; Checking Box Human Car
9; Pedestrian; Interference; None; 27.09.2023 13:34:18; 805.332; 0.1818001; 240.9862; Sidewalk; 5.285706; Checking Box Human Car
9; Pedestrian; Interference; None; 27.09.2023 13:34:18; 805.332; 0.1818001; 240.9861; Sidewalk; 5.304064; Checking Box Human Car
9; Pedestrian; Interference; None; 27.09.2023 13:34:18; 805.3318; 0.1818001; 240.9861; Sidewalk; 5.33236; Checking Box Human Car
9; Pedestrian; Interference; None; 27.09.2023 13:34:18; 805.3317; 0.1818001; 240.986; Sidewalk; 5.351456; Checking Box Human Car
9; Pedestrian; Interference; None; 27.09.2023 13:34:18; 805.332; 0.1818001; 240.9859; Sidewalk; 5.373652; Checking Box Human Car
9; Pedestrian; Interference; None; 27.09.2023 13:34:18; 805.3322; 0.1818001; 240.9858; Sidewalk; 5.396155; Checking Box Human Car
9; Pedestrian; Interference; None; 27.09.2023 13:34:18; 805.3322; 0.1818001; 240.9858; Sidewalk; 5.406392; Checking Box Human Car
9; Pedestrian; Interference; None; 27.09.2023 13:34:18; 805.3324; 0.1818001; 240.9858; Sidewalk; 5.429532; Checking Box Human Car
9; Pedestrian; Interference; None; 27.09.2023 13:34:18; 805.3327; 0.1818001; 240.9857; Sidewalk; 5.440603; Checking Box Human Car
9; Pedestrian; Interference; None; 27.09.2023 13:34:18; 805.3329; 0.1818001; 240.9856; Sidewalk; 5.467911; Checking Box Human Car
9; Pedestrian; Interference; None; 27.09.2023 13:34:18; 805.3336; 0.1818001; 240.9855; Sidewalk; 5.497642; Checking Box Human Car
9; Pedestrian; Interference; None; 27.09.2023 13:34:18; 805.3336; 0.1818001; 240.9855; Sidewalk; 5.507035; Checking Box Human Car
9; Pedestrian; Interference; None; 27.09.2023 13:34:18; 805.3345; 0.1818001; 240.9854; Sidewalk; 5.528851; Checking Box Human Car
9; Pedestrian; Interference; None; 27.09.2023 13:34:18; 805.3351; 0.1818001; 240.9854; Sidewalk; 5.550843; Checking Box Human Car
9; Pedestrian; Interference; None; 27.09.2023 13:34:18; 805.3358; 0.1818001; 240.9853; Sidewalk; 5.573232; Checking Box Human Car
9; Pedestrian; Interference; None; 27.09.2023 13:34:18; 805.3361; 0.1818001; 240.9853; Sidewalk; 5.583906; Checking Box Human Car
9; Pedestrian; Interference; None; 27.09.2023 13:34:18; 805.3361; 0.1818001; 240.9853; Sidewalk; 5.583906; Checking Box Human Car
9; Pedestrian; Interference; None; 27.09.2023 13:34:18; 805.3371; 0.1818001; 240.9852; Sidewalk; 5.624869; Checking Box Human Car
9; Pedestrian; Interference; None; 27.09.2023 13:34:18; 805.338; 0.1818001; 240.985; Sidewalk; 5.653962; Checking Box Human Car
9; Pedestrian; Interference; None; 27.09.2023 13:34:18; 805.3389; 0.1818001; 240.9849; Sidewalk; 5.673884; Checking Box Human Car
9; Pedestrian; Interference; None; 27.09.2023 13:34:18; 805.3398; 0.1818001; 240.9848; Sidewalk; 5.696052; Checking Box Human Car
9; Pedestrian; Interference; None; 27.09.2023 13:34:18; 805.3401; 0.1818001; 240.9847; Sidewalk; 5.706524; Checking Box Human Car
9; Pedestrian; Interference; None; 27.09.2023 13:34:18; 805.3407; 0.1818001; 240.9846; Sidewalk; 5.728875; Checking Box Human Car
9; Pedestrian; Interference; None; 27.09.2023 13:34:18; 805.3416; 0.1818001; 240.9845; Sidewalk; 5.750915; Checking Box Human Car
9; Pedestrian; Interference; None; 27.09.2023 13:34:18; 805.3419; 0.1818001; 240.9845; Sidewalk; 5.762945; Checking Box Human Car
9; Pedestrian; Interference; None; 27.09.2023 13:34:18; 805.3427; 0.1818001; 240.9843; Sidewalk; 5.797849; Checking Box AICar
9; Pedestrian; Interference; None; 27.09.2023 13:34:18; 805.3431; 0.1818001; 240.9843; Sidewalk; 5.806837; Checking Box AICar
9; Pedestrian; Interference; None; 27.09.2023 13:34:18; 805.344; 0.1818001; 240.9843; Sidewalk; 5.829266; Checking Box AICar
9; Pedestrian; Interference; None; 27.09.2023 13:34:18; 805.3448; 0.1818001; 240.9842; Sidewalk; 5.851038; Checking Box AICar
9; Pedestrian; Interference; None; 27.09.2023 13:34:18; 805.3458; 0.1818001; 240.9842; Sidewalk; 5.873405; Checking Box AICar
9; Pedestrian; Interference; None; 27.09.2023 13:34:18; 805.3467; 0.1818001; 240.9843; Sidewalk; 5.896448; Checking Box AICar
9; Pedestrian; Interference; None; 27.09.2023 13:34:18; 805.3471; 0.1818001; 240.9842; Sidewalk; 5.906384; Checking Box AICar
9; Pedestrian; Interference; None; 27.09.2023 13:34:18; 805.3475; 0.1818001; 240.9843; Sidewalk; 5.918362; Checking Box AICar
9; Pedestrian; Interference; None; 27.09.2023 13:34:18; 805.3483; 0.1818001; 240.9841; Sidewalk; 5.952542; null
9; Pedestrian; Interference; None; 27.09.2023 13:34:18; 805.3494; 0.1818001; 240.9841; Sidewalk; 5.970787; null
9; Pedestrian; Interference; None; 27.09.2023 13:34:18; 805.35; 0.1818001; 240.9841; Sidewalk; 5.998079; null
9; Pedestrian; Interference; None; 27.09.2023 13:34:18; 805.3503; 0.1818001; 240.9842; Sidewalk; 6.006131; null
9; Pedestrian; Interference; None; 27.09.2023 13:34:18; 805.3505; 0.1818001; 240.9842; Sidewalk; 6.028827; null
9; Pedestrian; Interference; None; 27.09.2023 13:34:18; 805.3506; 0.1818001; 240.9841; Sidewalk; 6.051176; null
9; Pedestrian; Interference; None; 27.09.2023 13:34:18; 805.3506; 0.1818001; 240.9841; Sidewalk; 6.062144; null
9; Pedestrian; Interference; None; 27.09.2023 13:34:18; 805.3506; 0.1818001; 240.9842; Sidewalk; 6.088869; null
9; Pedestrian; Interference; None; 27.09.2023 13:34:19; 805.3505; 0.1818001; 240.9842; Sidewalk; 6.109644; null
9; Pedestrian; Interference; None; 27.09.2023 13:34:19; 805.3501; 0.1818001; 240.9843; Sidewalk; 6.12932; null
9; Pedestrian; Interference; None; 27.09.2023 13:34:19; 805.3499; 0.1818001; 240.9843; Sidewalk; 6.150904; null
9; Pedestrian; Interference; None; 27.09.2023 13:34:19; 805.3494; 0.1818001; 240.9843; Sidewalk; 6.172911; null
9; Pedestrian; Interference; None; 27.09.2023 13:34:19; 805.349; 0.1818001; 240.9843; Sidewalk; 6.195564; null
9; Pedestrian; Interference; None; 27.09.2023 13:34:19; 805.3489; 0.1818001; 240.9843; Sidewalk; 6.206367; null
9; Pedestrian; Interference; None; 27.09.2023 13:34:19; 805.3486; 0.1818001; 240.9842; Sidewalk; 6.217688; null
9; Pedestrian; Interference; None; 27.09.2023 13:34:19; 805.3477; 0.1818001; 240.9841; Sidewalk; 6.255103; null
9; Pedestrian; Interference; None; 27.09.2023 13:34:19; 805.3474; 0.1818001; 240.9841; Sidewalk; 6.273034; null
9; Pedestrian; Interference; None; 27.09.2023 13:34:19; 805.3467; 0.1818001; 240.984; Sidewalk; 6.295138; null
9; Pedestrian; Interference; None; 27.09.2023 13:34:19; 805.3463; 0.1818001; 240.9841; Sidewalk; 6.30691; null
9; Pedestrian; Interference; None; 27.09.2023 13:34:19; 805.3458; 0.1818001; 240.9839; Sidewalk; 6.328508; null
9; Pedestrian; Interference; None; 27.09.2023 13:34:19; 805.3452; 0.1818001; 240.9838; Sidewalk; 6.350645; null
9; Pedestrian; Interference; None; 27.09.2023 13:34:19; 805.3445; 0.1818001; 240.9837; Sidewalk; 6.372964; null
9; Pedestrian; Interference; None; 27.09.2023 13:34:19; 805.3441; 0.1818001; 240.9836; Sidewalk; 6.399301; null
9; Pedestrian; Interference; None; 27.09.2023 13:34:19; 805.3438; 0.1818001; 240.9834; Sidewalk; 6.408767; null
9; Pedestrian; Interference; None; 27.09.2023 13:34:19; 805.3431; 0.1818001; 240.9832; Sidewalk; 6.430131; null
9; Pedestrian; Interference; None; 27.09.2023 13:34:19; 805.3421; 0.1818001; 240.9829; Sidewalk; 6.452204; null
9; Pedestrian; Interference; None; 27.09.2023 13:34:19; 805.3415; 0.1818001; 240.9828; Sidewalk; 6.47527; null
9; Pedestrian; Interference; None; 27.09.2023 13:34:19; 805.3412; 0.1818001; 240.9828; Sidewalk; 6.486318; null
9; Pedestrian; Interference; None; 27.09.2023 13:34:19; 805.3413; 0.1818001; 240.9828; Sidewalk; 6.508967; null
9; Pedestrian; Interference; None; 27.09.2023 13:34:19; 805.3409; 0.1818001; 240.9827; Sidewalk; 6.528399; null
9; Pedestrian; Interference; None; 27.09.2023 13:34:19; 805.3408; 0.1818001; 240.9826; Sidewalk; 6.540967; null
9; Pedestrian; Interference; None; 27.09.2023 13:34:19; 805.3401; 0.1818001; 240.9826; Sidewalk; 6.574828; null
9; Pedestrian; Interference; None; 27.09.2023 13:34:19; 805.3397; 0.1818001; 240.9825; Sidewalk; 6.597126; null
9; Pedestrian; Interference; None; 27.09.2023 13:34:19; 805.3394; 0.1818001; 240.9825; Sidewalk; 6.606358; null
9; Pedestrian; Interference; None; 27.09.2023 13:34:19; 805.339; 0.1818001; 240.9824; Sidewalk; 6.629806; null
9; Pedestrian; Interference; None; 27.09.2023 13:34:19; 805.3386; 0.1818001; 240.9823; Sidewalk; 6.651128; null
9; Pedestrian; Interference; None; 27.09.2023 13:34:19; 805.3381; 0.1818001; 240.9822; Sidewalk; 6.673551; null
9; Pedestrian; Interference; None; 27.09.2023 13:34:19; 805.3378; 0.1818001; 240.9821; Sidewalk; 6.683758; null
9; Pedestrian; Interference; None; 27.09.2023 13:34:19; 805.3374; 0.1818001; 240.9821; Sidewalk; 6.695951; null
9; Pedestrian; Interference; None; 27.09.2023 13:34:19; 805.3367; 0.1818001; 240.982; Sidewalk; 6.723308; null
9; Pedestrian; Interference; None; 27.09.2023 13:34:19; 805.3359; 0.1818001; 240.9819; Sidewalk; 6.753223; Checking Box AICar
9; Pedestrian; Interference; None; 27.09.2023 13:34:19; 805.3351; 0.1818001; 240.9819; Sidewalk; 6.773676; Checking Box AICar
9; Pedestrian; Interference; None; 27.09.2023 13:34:19; 805.3347; 0.1818001; 240.9818; Sidewalk; 6.796245; Checking Box AICar
9; Pedestrian; Interference; None; 27.09.2023 13:34:19; 805.3347; 0.1818001; 240.9818; Sidewalk; 6.806187; Checking Box AICar
9; Pedestrian; Interference; None; 27.09.2023 13:34:19; 805.3344; 0.1818001; 240.9818; Sidewalk; 6.829325; Checking Box AICar
9; Pedestrian; Interference; None; 27.09.2023 13:34:19; 805.334; 0.1818001; 240.9818; Sidewalk; 6.839667; Checking Box AICar
9; Pedestrian; Interference; None; 27.09.2023 13:34:19; 805.3338; 0.1818001; 240.9818; Sidewalk; 6.871833; Checking Box AICar
9; Pedestrian; Interference; None; 27.09.2023 13:34:19; 805.3339; 0.1818001; 240.9817; Sidewalk; 6.885813; Checking Box AICar
9; Pedestrian; Interference; None; 27.09.2023 13:34:19; 805.3338; 0.1818001; 240.9818; Sidewalk; 6.910106; Checking Box AICar
9; Pedestrian; Interference; None; 27.09.2023 13:34:19; 805.3338; 0.1818001; 240.9819; Sidewalk; 6.928874; Checking Box AICar
9; Pedestrian; Interference; None; 27.09.2023 13:34:19; 805.3336; 0.1818001; 240.9819; Sidewalk; 6.950323; Checking Box AICar
9; Pedestrian; Interference; None; 27.09.2023 13:34:19; 805.3337; 0.1818001; 240.9818; Sidewalk; 6.973733; Checking Box AICar
9; Pedestrian; Interference; None; 27.09.2023 13:34:19; 805.3337; 0.1818001; 240.9818; Sidewalk; 6.996347; Checking Box AICar
9; Pedestrian; Interference; None; 27.09.2023 13:34:19; 805.3337; 0.1818001; 240.9818; Sidewalk; 6.996347; Checking Box AICar
9; Pedestrian; Interference; None; 27.09.2023 13:34:19; 805.3337; 0.1818001; 240.9818; Sidewalk; 7.006931; Checking Box AICar
9; Pedestrian; Interference; None; 27.09.2023 13:34:19; 805.3338; 0.1818001; 240.9817; Sidewalk; 7.04237; Checking Box AICar
9; Pedestrian; Interference; None; 27.09.2023 13:34:19; 805.3338; 0.1818001; 240.9818; Sidewalk; 7.054263; Checking Box AICar
9; Pedestrian; Interference; None; 27.09.2023 13:34:20; 805.3345; 0.1818001; 240.9819; Sidewalk; 7.087722; Checking Box AICar
9; Pedestrian; Interference; None; 27.09.2023 13:34:20; 805.3345; 0.1818001; 240.9819; Sidewalk; 7.101877; Checking Box AICar
9; Pedestrian; Interference; None; 27.09.2023 13:34:20; 805.3348; 0.1818001; 240.982; Sidewalk; 7.131414; Checking Box AICar
9; Pedestrian; Interference; None; 27.09.2023 13:34:20; 805.3349; 0.1818001; 240.9822; Sidewalk; 7.149965; Checking Box AICar
9; Pedestrian; Interference; None; 27.09.2023 13:34:20; 805.3352; 0.1818001; 240.9822; Sidewalk; 7.16224; Checking Box AICar
9; Pedestrian; Interference; None; 27.09.2023 13:34:20; 805.3358; 0.1818001; 240.9823; Sidewalk; 7.195629; Checking Box AICar
9; Pedestrian; Interference; None; 27.09.2023 13:34:20; 805.3359; 0.1818001; 240.9823; Sidewalk; 7.20428; Checking Box AICar
9; Pedestrian; Interference; None; 27.09.2023 13:34:20; 805.3362; 0.1818001; 240.9824; Sidewalk; 7.231946; Checking Box AICar
9; Pedestrian; Interference; None; 27.09.2023 13:34:20; 805.3363; 0.1818001; 240.9825; Sidewalk; 7.250023; Checking Box AICar
9; Pedestrian; Interference; None; 27.09.2023 13:34:20; 805.3364; 0.1818001; 240.9825; Sidewalk; 7.27255; Checking Box AICar
9; Pedestrian; Interference; None; 27.09.2023 13:34:20; 805.3367; 0.1818001; 240.9824; Sidewalk; 7.294505; Checking Box AICar
9; Pedestrian; Interference; None; 27.09.2023 13:34:20; 805.3367; 0.1818001; 240.9824; Sidewalk; 7.305689; Checking Box AICar
9; Pedestrian; Interference; None; 27.09.2023 13:34:20; 805.3368; 0.1818001; 240.9824; Sidewalk; 7.317038; Checking Box AICar
9; Pedestrian; Interference; None; 27.09.2023 13:34:20; 805.3368; 0.1818001; 240.9823; Sidewalk; 7.353772; Checking Box AICar
9; Pedestrian; Interference; None; 27.09.2023 13:34:20; 805.3369; 0.1818001; 240.9823; Sidewalk; 7.372174; Checking Box AICar
9; Pedestrian; Interference; None; 27.09.2023 13:34:20; 805.3371; 0.1818001; 240.9822; Sidewalk; 7.394376; Checking Box AICar
9; Pedestrian; Interference; None; 27.09.2023 13:34:20; 805.3371; 0.1818001; 240.9822; Sidewalk; 7.405443; Checking Box AICar
9; Pedestrian; Interference; None; 27.09.2023 13:34:20; 805.3373; 0.1818001; 240.9821; Sidewalk; 7.427783; Checking Box AICar
9; Pedestrian; Interference; None; 27.09.2023 13:34:20; 805.3373; 0.1818001; 240.9821; Sidewalk; 7.450043; Checking Box AICar
9; Pedestrian; Interference; None; 27.09.2023 13:34:20; 805.3375; 0.1818001; 240.982; Sidewalk; 7.462098; Checking Box AICar
9; Pedestrian; Interference; None; 27.09.2023 13:34:20; 805.3375; 0.1818001; 240.982; Sidewalk; 7.492102; Checking Box AICar
9; Pedestrian; Interference; None; 27.09.2023 13:34:20; 805.3375; 0.1818001; 240.982; Sidewalk; 7.503298; Checking Box AICar
9; Pedestrian; Interference; None; 27.09.2023 13:34:20; 805.3375; 0.1818001; 240.9819; Sidewalk; 7.532436; Checking Box AICar
9; Pedestrian; Interference; None; 27.09.2023 13:34:20; 805.3379; 0.1818001; 240.9817; Sidewalk; 7.550985; Checking Box AICar
9; Pedestrian; Interference; None; 27.09.2023 13:34:20; 805.338; 0.1818001; 240.9816; Sidewalk; 7.561664; Checking Box AICar
9; Pedestrian; Interference; None; 27.09.2023 13:34:20; 805.3384; 0.1818001; 240.9816; Sidewalk; 7.595078; Checking Box AICar
9; Pedestrian; Interference; None; 27.09.2023 13:34:20; 805.3386; 0.1818001; 240.9815; Sidewalk; 7.606146; Checking Box AICar
9; Pedestrian; Interference; None; 27.09.2023 13:34:20; 805.3386; 0.1818001; 240.9815; Sidewalk; 7.617068; Checking Box AICar
9; Pedestrian; Interference; None; 27.09.2023 13:34:20; 805.3387; 0.1818001; 240.9813; Sidewalk; 7.654427; Checking Box AICar
9; Pedestrian; Interference; None; 27.09.2023 13:34:20; 805.3387; 0.1818001; 240.9813; Sidewalk; 7.67296; Checking Box AICar
9; Pedestrian; Interference; None; 27.09.2023 13:34:20; 805.3386; 0.1818001; 240.9812; Sidewalk; 7.694777; Checking Box AICar
9; Pedestrian; Interference; None; 27.09.2023 13:34:20; 805.3386; 0.1818001; 240.9811; Sidewalk; 7.705689; Checking Box AICar
9; Pedestrian; Interference; None; 27.09.2023 13:34:20; 805.3387; 0.1818001; 240.981; Sidewalk; 7.727736; Checking Box AICar
9; Pedestrian; Interference; None; 27.09.2023 13:34:20; 805.3383; 0.1818001; 240.981; Sidewalk; 7.750448; Checking Box AICar
9; Pedestrian; Interference; None; 27.09.2023 13:34:20; 805.3378; 0.1818001; 240.9809; Sidewalk; 7.773759; Checking Box AICar
9; Pedestrian; Interference; None; 27.09.2023 13:34:20; 805.3377; 0.1818001; 240.9809; Sidewalk; 7.783698; Checking Box AICar
9; Pedestrian; Interference; None; 27.09.2023 13:34:20; 805.3375; 0.1818001; 240.9808; Sidewalk; 7.811234; Checking Box AICar
9; Pedestrian; Interference; None; 27.09.2023 13:34:20; 805.337; 0.1818001; 240.9807; Sidewalk; 7.827898; Checking Box AICar
9; Pedestrian; Interference; None; 27.09.2023 13:34:20; 805.3368; 0.1818001; 240.9806; Sidewalk; 7.850092; Checking Box AICar
9; Pedestrian; Interference; None; 27.09.2023 13:34:20; 805.3365; 0.1818001; 240.9805; Sidewalk; 7.87322; Checking Box AICar
9; Pedestrian; Interference; None; 27.09.2023 13:34:20; 805.3363; 0.1818001; 240.9805; Sidewalk; 7.894204; Checking Box AICar
9; Pedestrian; Interference; None; 27.09.2023 13:34:20; 805.336; 0.1818001; 240.9805; Sidewalk; 7.905509; Checking Box AICar
9; Pedestrian; Interference; None; 27.09.2023 13:34:20; 805.3356; 0.1818001; 240.9803; Sidewalk; 7.927597; Checking Box AICar
9; Pedestrian; Interference; None; 27.09.2023 13:34:20; 805.3354; 0.1818001; 240.9802; Sidewalk; 7.938455; Checking Box AICar
9; Pedestrian; Interference; None; 27.09.2023 13:34:20; 805.3343; 0.1818001; 240.9801; Sidewalk; 7.974804; Checking Box AICar
9; Pedestrian; Interference; None; 27.09.2023 13:34:20; 805.3337; 0.1818001; 240.9799; Sidewalk; 7.994852; Checking Box AICar
9; Pedestrian; Interference; None; 27.09.2023 13:34:20; 805.3331; 0.1818001; 240.9798; Sidewalk; 8.005475; Checking Box AICar
9; Pedestrian; Interference; None; 27.09.2023 13:34:20; 805.3322; 0.1818001; 240.9797; Sidewalk; 8.027372; Checking Box AICar
9; Pedestrian; Interference; None; 27.09.2023 13:34:20; 805.3312; 0.1818001; 240.9795; Sidewalk; 8.049958; Checking Box AICar
9; Pedestrian; Interference; None; 27.09.2023 13:34:20; 805.3302; 0.1818001; 240.9793; Sidewalk; 8.072248; Checking Box AICar
9; Pedestrian; Interference; None; 27.09.2023 13:34:21; 805.3298; 0.1818001; 240.9792; Sidewalk; 8.082825; Checking Box AICar
9; Pedestrian; Interference; None; 27.09.2023 13:34:21; 805.3297; 0.1818001; 240.9791; Sidewalk; 8.094689; Checking Box AICar
9; Pedestrian; Interference; None; 27.09.2023 13:34:21; 805.3284; 0.1818001; 240.9791; Sidewalk; 8.130968; Checking Box AICar
9; Pedestrian; Interference; None; 27.09.2023 13:34:21; 805.3276; 0.1818001; 240.9789; Sidewalk; 8.150692; Checking Box AICar
9; Pedestrian; Interference; None; 27.09.2023 13:34:21; 805.3268; 0.1818001; 240.9789; Sidewalk; 8.171885; Checking Box AICar
9; Pedestrian; Interference; None; 27.09.2023 13:34:21; 805.3264; 0.1818001; 240.9788; Sidewalk; 8.193954; Checking Box AICar
9; Pedestrian; Interference; None; 27.09.2023 13:34:21; 805.3264; 0.1818001; 240.9788; Sidewalk; 8.193954; Checking Box AICar
9; Pedestrian; Interference; None; 27.09.2023 13:34:21; 805.3256; 0.1818001; 240.9788; Sidewalk; 8.229501; Checking Box AICar
9; Pedestrian; Interference; None; 27.09.2023 13:34:21; 805.3253; 0.1818001; 240.9787; Sidewalk; 8.240192; Checking Box AICar
9; Pedestrian; Interference; None; 27.09.2023 13:34:21; 805.3251; 0.1818001; 240.9787; Sidewalk; 8.27719; Checking Box AICar
9; Pedestrian; Interference; None; 27.09.2023 13:34:21; 805.3246; 0.1818001; 240.9786; Sidewalk; 8.295001; Checking Box AICar
9; Pedestrian; Interference; None; 27.09.2023 13:34:21; 805.3245; 0.1818001; 240.9786; Sidewalk; 8.305474; Checking Box AICar
9; Pedestrian; Interference; None; 27.09.2023 13:34:21; 805.3244; 0.1818001; 240.9786; Sidewalk; 8.328122; Checking Box AICar
9; Pedestrian; Interference; None; 27.09.2023 13:34:21; 805.3243; 0.1818001; 240.9786; Sidewalk; 8.349713; Checking Box AICar
9; Pedestrian; Interference; None; 27.09.2023 13:34:21; 805.3242; 0.1818001; 240.9786; Sidewalk; 8.372323; Checking Box AICar
9; Pedestrian; Interference; None; 27.09.2023 13:34:21; 805.324; 0.1818001; 240.9785; Sidewalk; 8.395144; Checking Box AICar
9; Pedestrian; Interference; None; 27.09.2023 13:34:21; 805.324; 0.1818001; 240.9785; Sidewalk; 8.395144; Checking Box AICar
9; Pedestrian; Interference; None; 27.09.2023 13:34:21; 805.324; 0.1818001; 240.9785; Sidewalk; 8.432412; Checking Box AICar
9; Pedestrian; Interference; None; 27.09.2023 13:34:21; 805.3242; 0.1818001; 240.9785; Sidewalk; 8.451199; Checking Box AICar
9; Pedestrian; Interference; None; 27.09.2023 13:34:21; 805.3245; 0.1818001; 240.9785; Sidewalk; 8.47328; Checking Box AICar
9; Pedestrian; Interference; None; 27.09.2023 13:34:21; 805.3249; 0.1818001; 240.9784; Sidewalk; 8.4958; Checking Box AICar
9; Pedestrian; Interference; None; 27.09.2023 13:34:21; 805.3252; 0.1818001; 240.9784; Sidewalk; 8.50526; Checking Box AICar
9; Pedestrian; Interference; None; 27.09.2023 13:34:21; 805.3255; 0.1818001; 240.9784; Sidewalk; 8.527702; null
9; Pedestrian; Interference; None; 27.09.2023 13:34:21; 805.3261; 0.1818001; 240.9784; Sidewalk; 8.550881; null
9; Pedestrian; Interference; None; 27.09.2023 13:34:21; 805.3264; 0.1818001; 240.9784; Sidewalk; 8.561954; null
9; Pedestrian; Interference; None; 27.09.2023 13:34:21; 805.327; 0.1818001; 240.9784; Sidewalk; 8.593945; null
9; Pedestrian; Interference; None; 27.09.2023 13:34:21; 805.3276; 0.1818001; 240.9784; Sidewalk; 8.602506; null
9; Pedestrian; Interference; None; 27.09.2023 13:34:21; 805.3287; 0.1818001; 240.9785; Sidewalk; 8.631868; null
9; Pedestrian; Interference; None; 27.09.2023 13:34:21; 805.3292; 0.1818001; 240.9784; Sidewalk; 8.649523; null
9; Pedestrian; Interference; None; 27.09.2023 13:34:21; 805.33; 0.1818001; 240.9784; Sidewalk; 8.672029; null
9; Pedestrian; Interference; None; 27.09.2023 13:34:21; 805.3309; 0.1818001; 240.9784; Sidewalk; 8.695113; null
9; Pedestrian; Interference; None; 27.09.2023 13:34:21; 805.3312; 0.1818001; 240.9784; Sidewalk; 8.705449; null
9; Pedestrian; Interference; None; 27.09.2023 13:34:21; 805.3315; 0.1818001; 240.9784; Sidewalk; 8.716611; null
9; Pedestrian; Interference; None; 27.09.2023 13:34:21; 805.3326; 0.1818001; 240.9783; Sidewalk; 8.752465; null
9; Pedestrian; Interference; None; 27.09.2023 13:34:21; 805.3333; 0.1818001; 240.9782; Sidewalk; 8.771636; null
9; Pedestrian; Interference; None; 27.09.2023 13:34:21; 805.3341; 0.1818001; 240.9782; Sidewalk; 8.79383; null
9; Pedestrian; Interference; None; 27.09.2023 13:34:21; 805.3341; 0.1818001; 240.9782; Sidewalk; 8.79383; null
9; Pedestrian; Interference; None; 27.09.2023 13:34:21; 805.3353; 0.1818001; 240.9782; Sidewalk; 8.828485; null
9; Pedestrian; Interference; None; 27.09.2023 13:34:21; 805.3359; 0.1818001; 240.9781; Sidewalk; 8.850014; null
9; Pedestrian; Interference; None; 27.09.2023 13:34:21; 805.3365; 0.1818001; 240.9781; Sidewalk; 8.86118; null
9; Pedestrian; Interference; None; 27.09.2023 13:34:21; 805.3375; 0.1818001; 240.978; Sidewalk; 8.898061; null
9; Pedestrian; Interference; None; 27.09.2023 13:34:21; 805.3378; 0.1818001; 240.978; Sidewalk; 8.906269; null
9; Pedestrian; Interference; None; 27.09.2023 13:34:21; 805.3387; 0.1818001; 240.978; Sidewalk; 8.927284; null
9; Pedestrian; Interference; None; 27.09.2023 13:34:21; 805.3394; 0.1818001; 240.9781; Sidewalk; 8.949617; null
9; Pedestrian; Interference; None; 27.09.2023 13:34:21; 805.34; 0.1818001; 240.9781; Sidewalk; 8.972945; null
9; Pedestrian; Interference; None; 27.09.2023 13:34:21; 805.3406; 0.1818001; 240.9781; Sidewalk; 8.99468; null
9; Pedestrian; Interference; None; 27.09.2023 13:34:21; 805.3409; 0.1818001; 240.978; Sidewalk; 9.005087; null
9; Pedestrian; Interference; None; 27.09.2023 13:34:21; 805.3412; 0.1818001; 240.978; Sidewalk; 9.016491; null
9; Pedestrian; Interference; None; 27.09.2023 13:34:21; 805.3416; 0.1818001; 240.978; Sidewalk; 9.054038; null
9; Pedestrian; Interference; None; 27.09.2023 13:34:21; 805.3419; 0.1818001; 240.9779; Sidewalk; 9.073644; null
9; Pedestrian; Interference; None; 27.09.2023 13:34:22; 805.3421; 0.1818001; 240.9778; Sidewalk; 9.09472; null
9; Pedestrian; Interference; None; 27.09.2023 13:34:22; 805.3422; 0.1818001; 240.9777; Sidewalk; 9.106531; null
9; Pedestrian; Interference; None; 27.09.2023 13:34:22; 805.3422; 0.1818001; 240.9776; Sidewalk; 9.127565; null
9; Pedestrian; Interference; None; 27.09.2023 13:34:22; 805.342; 0.1818001; 240.9775; Sidewalk; 9.150097; null
9; Pedestrian; Interference; None; 27.09.2023 13:34:22; 805.342; 0.1818001; 240.9775; Sidewalk; 9.172042; null
9; Pedestrian; Interference; None; 27.09.2023 13:34:22; 805.3424; 0.1818001; 240.9775; Sidewalk; 9.199321; null
9; Pedestrian; Interference; None; 27.09.2023 13:34:22; 805.3423; 0.1818001; 240.9775; Sidewalk; 9.207894; null
9; Pedestrian; Interference; None; 27.09.2023 13:34:22; 805.342; 0.1818001; 240.9774; Sidewalk; 9.227265; null
9; Pedestrian; Interference; None; 27.09.2023 13:34:22; 805.3416; 0.1818001; 240.9774; Sidewalk; 9.249699; null
9; Pedestrian; Interference; None; 27.09.2023 13:34:22; 805.3411; 0.1818001; 240.9773; Sidewalk; 9.272632; null
9; Pedestrian; Interference; None; 27.09.2023 13:34:22; 805.3406; 0.1818001; 240.9773; Sidewalk; 9.294172; null
9; Pedestrian; Interference; None; 27.09.2023 13:34:22; 805.3405; 0.1818001; 240.9772; Sidewalk; 9.305333; null
9; Pedestrian; Interference; None; 27.09.2023 13:34:22; 805.3401; 0.1818001; 240.9772; Sidewalk; 9.326477; null
9; Pedestrian; Interference; None; 27.09.2023 13:34:22; 805.3394; 0.1818001; 240.9773; Sidewalk; 9.353557; null
9; Pedestrian; Interference; None; 27.09.2023 13:34:22; 805.3389; 0.1818001; 240.9772; Sidewalk; 9.371394; null
9; Pedestrian; Interference; None; 27.09.2023 13:34:22; 805.3385; 0.1818001; 240.9771; Sidewalk; 9.393517; null
9; Pedestrian; Interference; None; 27.09.2023 13:34:22; 805.3382; 0.1818001; 240.9772; Sidewalk; 9.40468; null
9; Pedestrian; Interference; None; 27.09.2023 13:34:22; 805.3376; 0.1818001; 240.9772; Sidewalk; 9.426722; null
9; Pedestrian; Interference; None; 27.09.2023 13:34:22; 805.3372; 0.1818001; 240.9771; Sidewalk; 9.438301; null
9; Pedestrian; Interference; None; 27.09.2023 13:34:22; 805.3365; 0.1818001; 240.9771; Sidewalk; 9.472883; null
9; Pedestrian; Interference; None; 27.09.2023 13:34:22; 805.3362; 0.1818001; 240.9771; Sidewalk; 9.483221; Checking Box Human Car
9; Pedestrian; Interference; None; 27.09.2023 13:34:22; 805.3362; 0.1818001; 240.9771; Sidewalk; 9.494994; Checking Box Human Car
9; Pedestrian; Interference; None; 27.09.2023 13:34:22; 805.3358; 0.1818001; 240.977; Sidewalk; 9.532167; Checking Box Human Car
9; Pedestrian; Interference; None; 27.09.2023 13:34:22; 805.3351; 0.1818001; 240.977; Sidewalk; 9.550513; Checking Box Human Car
9; Pedestrian; Interference; None; 27.09.2023 13:34:22; 805.3347; 0.1818001; 240.977; Sidewalk; 9.572031; Checking Box Human Car
9; Pedestrian; Interference; None; 27.09.2023 13:34:22; 805.3343; 0.1818001; 240.9769; Sidewalk; 9.593935; Checking Box Human Car
9; Pedestrian; Interference; None; 27.09.2023 13:34:22; 805.334; 0.1818001; 240.9769; Sidewalk; 9.604367; Checking Box Human Car
9; Pedestrian; Interference; None; 27.09.2023 13:34:22; 805.3337; 0.1818001; 240.977; Sidewalk; 9.627293; Checking Box Human Car
9; Pedestrian; Interference; None; 27.09.2023 13:34:22; 805.3334; 0.1818001; 240.9769; Sidewalk; 9.639057; Checking Box Human Car
9; Pedestrian; Interference; None; 27.09.2023 13:34:22; 805.3331; 0.1818001; 240.9769; Sidewalk; 9.676287; Checking Box Human Car
9; Pedestrian; Interference; None; 27.09.2023 13:34:22; 805.333; 0.1818001; 240.977; Sidewalk; 9.694327; Checking Box Human Car
9; Pedestrian; Interference; None; 27.09.2023 13:34:22; 805.3329; 0.1818001; 240.977; Sidewalk; 9.70453; Checking Box Human Car
9; Pedestrian; Interference; None; 27.09.2023 13:34:22; 805.333; 0.1818001; 240.977; Sidewalk; 9.727248; Checking Box Human Car
9; Pedestrian; Interference; None; 27.09.2023 13:34:22; 805.3331; 0.1818001; 240.977; Sidewalk; 9.738705; Checking Box Human Car
9; Pedestrian; Interference; None; 27.09.2023 13:34:22; 805.3331; 0.1818001; 240.977; Sidewalk; 9.738705; Checking Box Human Car
9; Pedestrian; Interference; None; 27.09.2023 13:34:22; 805.3337; 0.1818001; 240.9768; Sidewalk; 9.750124; Checking Box Human Car
9; Pedestrian; Interference; None; 27.09.2023 13:34:22; 805.3337; 0.1818001; 240.9768; Sidewalk; 9.750124; Checking Box Human Car
9; Pedestrian; Interference; None; 27.09.2023 13:34:22; 805.3344; 0.1818001; 240.9765; Sidewalk; 9.829592; Checking Box Human Car
9; Pedestrian; Interference; None; 27.09.2023 13:34:22; 805.3351; 0.1818001; 240.9763; Sidewalk; 9.852772; Checking Box Human Car
9; Pedestrian; Interference; None; 27.09.2023 13:34:22; 805.336; 0.1818001; 240.9761; Sidewalk; 9.871433; Checking Box Human Car
9; Pedestrian; Interference; None; 27.09.2023 13:34:22; 805.3369; 0.1818001; 240.9758; Sidewalk; 9.894135; Checking Box Human Car
9; Pedestrian; Interference; None; 27.09.2023 13:34:22; 805.3373; 0.1818001; 240.9757; Sidewalk; 9.904655; Checking Box Human Car
9; Pedestrian; Interference; None; 27.09.2023 13:34:22; 805.3383; 0.1818001; 240.9755; Sidewalk; 9.926892; Checking Box Human Car
9; Pedestrian; Interference; None; 27.09.2023 13:34:22; 805.339; 0.1818001; 240.9752; Sidewalk; 9.94949; Checking Box Human Car
9; Pedestrian; Interference; None; 27.09.2023 13:34:22; 805.3395; 0.1818001; 240.975; Sidewalk; 9.960243; Checking Box Human Car
9; Pedestrian; Interference; None; 27.09.2023 13:34:22; 805.3404; 0.1818001; 240.9748; Sidewalk; 9.99253; Checking Box Human Car
9; Pedestrian; Interference; None; 27.09.2023 13:34:22; 805.3412; 0.1818001; 240.9745; Sidewalk; 10.01077; Checking Box Human Car
9; Pedestrian; Interference; None; 27.09.2023 13:34:22; 805.342; 0.1818001; 240.9743; Sidewalk; 10.02637; Checking Box Human Car
9; Pedestrian; Interference; None; 27.09.2023 13:34:22; 805.3427; 0.1818001; 240.9741; Sidewalk; 10.04911; Checking Box Human Car
9; Pedestrian; Interference; None; 27.09.2023 13:34:22; 805.3429; 0.1818001; 240.974; Sidewalk; 10.07115; Checking Box Human Car
9; Pedestrian; Interference; None; 27.09.2023 13:34:23; 805.3435; 0.1818001; 240.9739; Sidewalk; 10.09365; Checking Box Human Car
9; Pedestrian; Interference; None; 27.09.2023 13:34:23; 805.3436; 0.1818001; 240.9739; Sidewalk; 10.10504; Checking Box Human Car
9; Pedestrian; Interference; None; 27.09.2023 13:34:23; 805.3435; 0.1818001; 240.9739; Sidewalk; 10.11635; Checking Box Human Car
9; Pedestrian; Interference; None; 27.09.2023 13:34:23; 805.3438; 0.1818001; 240.9742; Sidewalk; 10.15143; Checking Box Human Car
9; Pedestrian; Interference; None; 27.09.2023 13:34:23; 805.3439; 0.1818001; 240.9744; Sidewalk; 10.17211; null
9; Pedestrian; Interference; None; 27.09.2023 13:34:23; 805.3438; 0.1818001; 240.9747; Sidewalk; 10.19465; null
9; Pedestrian; Interference; None; 27.09.2023 13:34:23; 805.3438; 0.1818001; 240.9749; Sidewalk; 10.20424; null
9; Pedestrian; Interference; None; 27.09.2023 13:34:23; 805.3437; 0.1818001; 240.9754; Sidewalk; 10.22613; null
9; Pedestrian; Interference; None; 27.09.2023 13:34:23; 805.3437; 0.1818001; 240.976; Sidewalk; 10.24932; null
9; Pedestrian; Interference; None; 27.09.2023 13:34:23; 805.3436; 0.1818001; 240.9763; Sidewalk; 10.26; null
9; Pedestrian; Interference; None; 27.09.2023 13:34:23; 805.3433; 0.1818001; 240.9773; Sidewalk; 10.29879; null
9; Pedestrian; Interference; None; 27.09.2023 13:34:23; 805.3433; 0.1818001; 240.9776; Sidewalk; 10.30736; null
9; Pedestrian; Interference; None; 27.09.2023 13:34:23; 805.3432; 0.1818001; 240.9785; Sidewalk; 10.32666; null
9; Pedestrian; Interference; None; 27.09.2023 13:34:23; 805.3432; 0.1818001; 240.9793; Sidewalk; 10.34962; null
9; Pedestrian; Interference; None; 27.09.2023 13:34:23; 805.3431; 0.1818001; 240.9801; Sidewalk; 10.37082; null
9; Pedestrian; Interference; None; 27.09.2023 13:34:23; 805.3428; 0.1818001; 240.9808; Sidewalk; 10.39333; null
9; Pedestrian; Interference; None; 27.09.2023 13:34:23; 805.3427; 0.1818001; 240.9812; Sidewalk; 10.40395; null
9; Pedestrian; Interference; None; 27.09.2023 13:34:23; 805.3426; 0.1818001; 240.9816; Sidewalk; 10.41696; null
9; Pedestrian; Interference; None; 27.09.2023 13:34:23; 805.342; 0.1818001; 240.9829; Sidewalk; 10.45487; null
9; Pedestrian; Interference; None; 27.09.2023 13:34:23; 805.3416; 0.1818001; 240.9837; Sidewalk; 10.47357; null
9; Pedestrian; Interference; None; 27.09.2023 13:34:23; 805.3412; 0.1818001; 240.9845; Sidewalk; 10.49398; BicycleInterference
9; Pedestrian; Interference; None; 27.09.2023 13:34:23; 805.3408; 0.1818001; 240.9849; Sidewalk; 10.50405; BicycleInterference
9; Pedestrian; Interference; None; 27.09.2023 13:34:23; 805.3405; 0.1818001; 240.9857; Sidewalk; 10.5268; BicycleInterference
9; Pedestrian; Interference; None; 27.09.2023 13:34:23; 805.34; 0.1818001; 240.9864; Sidewalk; 10.54953; BicycleInterference
9; Pedestrian; Interference; None; 27.09.2023 13:34:23; 805.3397; 0.1818001; 240.9872; Sidewalk; 10.57065; BicycleInterference
9; Pedestrian; Interference; None; 27.09.2023 13:34:23; 805.3396; 0.1818001; 240.9875; Sidewalk; 10.5824; BicycleInterference
9; Pedestrian; Interference; None; 27.09.2023 13:34:23; 805.3396; 0.1818001; 240.9878; Sidewalk; 10.60232; BicycleInterference
9; Pedestrian; Interference; None; 27.09.2023 13:34:23; 805.3391; 0.1818001; 240.9888; Sidewalk; 10.63255; BicycleInterference
9; Pedestrian; Interference; None; 27.09.2023 13:34:23; 805.3389; 0.1818001; 240.9894; Sidewalk; 10.65008; BicycleInterference
9; Pedestrian; Interference; None; 27.09.2023 13:34:23; 805.3388; 0.1818001; 240.9896; Sidewalk; 10.66054; BicycleInterference
9; Pedestrian; Interference; None; 27.09.2023 13:34:23; 805.338; 0.1818001; 240.9902; Sidewalk; 10.69333; BicycleInterference
9; Pedestrian; Interference; None; 27.09.2023 13:34:23; 805.3378; 0.1818001; 240.9904; Sidewalk; 10.70551; BicycleInterference
9; Pedestrian; Interference; None; 27.09.2023 13:34:23; 805.3373; 0.1818001; 240.9908; Sidewalk; 10.72606; BicycleInterference
9; Pedestrian; Interference; None; 27.09.2023 13:34:23; 805.337; 0.1818001; 240.991; Sidewalk; 10.75366; BicycleInterference
9; Pedestrian; Interference; None; 27.09.2023 13:34:23; 805.3368; 0.1818001; 240.9913; Sidewalk; 10.7721; BicycleInterference
9; Pedestrian; Interference; None; 27.09.2023 13:34:23; 805.3368; 0.1818001; 240.9916; Sidewalk; 10.79308; BicycleInterference
9; Pedestrian; Interference; None; 27.09.2023 13:34:23; 805.3368; 0.1818001; 240.9917; Sidewalk; 10.80476; BicycleInterference
9; Pedestrian; Interference; None; 27.09.2023 13:34:23; 805.337; 0.1818001; 240.9919; Sidewalk; 10.82676; BicycleInterference
9; Pedestrian; Interference; None; 27.09.2023 13:34:23; 805.3375; 0.1818001; 240.9922; Sidewalk; 10.84875; BicycleInterference
9; Pedestrian; Interference; None; 27.09.2023 13:34:23; 805.3382; 0.1818001; 240.9924; Sidewalk; 10.87125; BicycleInterference
9; Pedestrian; Interference; None; 27.09.2023 13:34:23; 805.3389; 0.1818001; 240.9927; Sidewalk; 10.89355; BicycleInterference
9; Pedestrian; Interference; None; 27.09.2023 13:34:23; 805.3395; 0.1818001; 240.9928; Sidewalk; 10.90873; BicycleInterference
9; Pedestrian; Interference; None; 27.09.2023 13:34:23; 805.3403; 0.1818001; 240.993; Sidewalk; 10.92695; BicycleInterference
9; Pedestrian; Interference; None; 27.09.2023 13:34:23; 805.3413; 0.1818001; 240.9931; Sidewalk; 10.95104; BicycleInterference
9; Pedestrian; Interference; None; 27.09.2023 13:34:23; 805.3424; 0.1818001; 240.9934; Sidewalk; 10.97234; BicycleInterference
9; Pedestrian; Interference; None; 27.09.2023 13:34:23; 805.3433; 0.1818001; 240.9937; Sidewalk; 10.99358; BicycleInterference
9; Pedestrian; Interference; None; 27.09.2023 13:34:23; 805.3438; 0.1818001; 240.9938; Sidewalk; 11.00435; BicycleInterference
9; Pedestrian; Interference; None; 27.09.2023 13:34:23; 805.3444; 0.1818001; 240.9941; Sidewalk; 11.02621; BicycleInterference
9; Pedestrian; Interference; None; 27.09.2023 13:34:23; 805.3445; 0.1818001; 240.9943; Sidewalk; 11.03777; BicycleInterference
9; Pedestrian; Interference; None; 27.09.2023 13:34:23; 805.345; 0.1818001; 240.9946; Sidewalk; 11.06866; BicycleInterference
9; Pedestrian; Interference; None; 27.09.2023 13:34:24; 805.3459; 0.1818001; 240.9952; Sidewalk; 11.09573; BicycleInterference
9; Pedestrian; Interference; None; 27.09.2023 13:34:24; 805.3463; 0.1818001; 240.9953; Sidewalk; 11.10439; BicycleInterference
9; Pedestrian; Interference; None; 27.09.2023 13:34:24; 805.347; 0.1818001; 240.9957; Sidewalk; 11.12596; BicycleInterference
9; Pedestrian; Interference; None; 27.09.2023 13:34:24; 805.3483; 0.1818001; 240.9962; Sidewalk; 11.14837; BicycleInterference
9; Pedestrian; Interference; None; 27.09.2023 13:34:24; 805.3493; 0.1818001; 240.9965; Sidewalk; 11.17112; BicycleInterference
9; Pedestrian; Interference; None; 27.09.2023 13:34:24; 805.3503; 0.1818001; 240.9968; Sidewalk; 11.19337; BicycleInterference
9; Pedestrian; Interference; None; 27.09.2023 13:34:24; 805.3503; 0.1818001; 240.9968; Sidewalk; 11.19337; BicycleInterference
9; Pedestrian; Interference; None; 27.09.2023 13:34:24; 805.3514; 0.1818001; 240.9973; Sidewalk; 11.23062; BicycleInterference
9; Pedestrian; Interference; None; 27.09.2023 13:34:24; 805.3523; 0.1818001; 240.9976; Sidewalk; 11.24808; BicycleInterference
9; Pedestrian; Interference; None; 27.09.2023 13:34:24; 805.3525; 0.1818001; 240.9979; Sidewalk; 11.27034; BicycleInterference
9; Pedestrian; Interference; None; 27.09.2023 13:34:24; 805.3535; 0.1818001; 240.9983; Sidewalk; 11.29311; BicycleInterference
9; Pedestrian; Interference; None; 27.09.2023 13:34:24; 805.3535; 0.1818001; 240.9983; Sidewalk; 11.29311; BicycleInterference
9; Pedestrian; Interference; None; 27.09.2023 13:34:24; 805.354; 0.1818001; 240.9989; Sidewalk; 11.3267; BicycleInterference
9; Pedestrian; Interference; None; 27.09.2023 13:34:24; 805.3544; 0.1818001; 240.9994; Sidewalk; 11.34805; BicycleInterference
9; Pedestrian; Interference; None; 27.09.2023 13:34:24; 805.3547; 0.1818001; 241; Sidewalk; 11.37558; BicycleInterference
9; Pedestrian; Interference; None; 27.09.2023 13:34:24; 805.355; 0.1818001; 241.0005; Sidewalk; 11.39346; BicycleInterference
9; Pedestrian; Interference; None; 27.09.2023 13:34:24; 805.355; 0.1818001; 241.0008; Sidewalk; 11.40404; BicycleInterference
9; Pedestrian; Interference; None; 27.09.2023 13:34:24; 805.3551; 0.1818001; 241.0013; Sidewalk; 11.42612; BicycleInterference
9; Pedestrian; Interference; None; 27.09.2023 13:34:24; 805.3557; 0.1818001; 241.0018; Sidewalk; 11.44891; BicycleInterference
9; Pedestrian; Interference; None; 27.09.2023 13:34:24; 805.3561; 0.1818001; 241.0023; Sidewalk; 11.472; BicycleInterference
9; Pedestrian; Interference; None; 27.09.2023 13:34:24; 805.3564; 0.1818001; 241.0028; Sidewalk; 11.49401; BicycleInterference
9; Pedestrian; Interference; None; 27.09.2023 13:34:24; 805.3564; 0.1818001; 241.0029; Sidewalk; 11.50363; BicycleInterference
9; Pedestrian; Interference; None; 27.09.2023 13:34:24; 805.3565; 0.1818001; 241.0033; Sidewalk; 11.53112; BicycleInterference
9; Pedestrian; Interference; None; 27.09.2023 13:34:24; 805.3565; 0.1818001; 241.0037; Sidewalk; 11.55056; BicycleInterference
9; Pedestrian; Interference; None; 27.09.2023 13:34:24; 805.3564; 0.1818001; 241.0042; Sidewalk; 11.57119; BicycleInterference
9; Pedestrian; Interference; None; 27.09.2023 13:34:24; 805.3561; 0.1818001; 241.0045; Sidewalk; 11.59354; BicycleInterference
9; Pedestrian; Interference; None; 27.09.2023 13:34:24; 805.3561; 0.1818001; 241.0046; Sidewalk; 11.60337; BicycleInterference
9; Pedestrian; Interference; None; 27.09.2023 13:34:24; 805.3561; 0.1818001; 241.0051; Sidewalk; 11.62575; BicycleInterference
9; Pedestrian; Interference; None; 27.09.2023 13:34:24; 805.3559; 0.1818001; 241.0054; Sidewalk; 11.64864; BicycleInterference
9; Pedestrian; Interference; None; 27.09.2023 13:34:24; 805.3558; 0.1818001; 241.0056; Sidewalk; 11.66042; BicycleInterference
9; Pedestrian; Interference; None; 27.09.2023 13:34:24; 805.3552; 0.1818001; 241.0061; Sidewalk; 11.6986; BicycleInterference
9; Pedestrian; Interference; None; 27.09.2023 13:34:24; 805.3555; 0.1818001; 241.0064; Sidewalk; 11.70725; BicycleInterference
9; Pedestrian; Interference; None; 27.09.2023 13:34:24; 805.3554; 0.1818001; 241.0066; Sidewalk; 11.72606; BicycleInterference
9; Pedestrian; Interference; None; 27.09.2023 13:34:24; 805.3553; 0.1818001; 241.0068; Sidewalk; 11.74837; BicycleInterference
9; Pedestrian; Interference; None; 27.09.2023 13:34:24; 805.3552; 0.1818001; 241.007; Sidewalk; 11.77078; Checking Box AICar
9; Pedestrian; Interference; None; 27.09.2023 13:34:24; 805.355; 0.1818001; 241.0072; Sidewalk; 11.79276; Checking Box AICar
9; Pedestrian; Interference; None; 27.09.2023 13:34:24; 805.3549; 0.1818001; 241.0072; Sidewalk; 11.80373; Checking Box AICar
9; Pedestrian; Interference; None; 27.09.2023 13:34:24; 805.3546; 0.1818001; 241.0071; Sidewalk; 11.82565; Checking Box AICar
9; Pedestrian; Interference; None; 27.09.2023 13:34:24; 805.3545; 0.1818001; 241.0071; Sidewalk; 11.85015; Checking Box AICar
9; Pedestrian; Interference; None; 27.09.2023 13:34:24; 805.3542; 0.1818001; 241.007; Sidewalk; 11.86995; Checking Box AICar
9; Pedestrian; Interference; None; 27.09.2023 13:34:24; 805.3542; 0.1818001; 241.0068; Sidewalk; 11.89226; Checking Box AICar
9; Pedestrian; Interference; None; 27.09.2023 13:34:24; 805.3542; 0.1818001; 241.0067; Sidewalk; 11.90349; Checking Box AICar
9; Pedestrian; Interference; None; 27.09.2023 13:34:24; 805.354; 0.1818001; 241.0065; Sidewalk; 11.92563; Checking Box AICar
9; Pedestrian; Interference; None; 27.09.2023 13:34:24; 805.3539; 0.1818001; 241.0065; Sidewalk; 11.93756; Checking Box AICar
9; Pedestrian; Interference; None; 27.09.2023 13:34:24; 805.3535; 0.1818001; 241.0062; Sidewalk; 11.97074; Checking Box AICar
9; Pedestrian; Interference; None; 27.09.2023 13:34:24; 805.3533; 0.1818001; 241.006; Sidewalk; 11.99988; Checking Box AICar
9; Pedestrian; Interference; None; 27.09.2023 13:34:24; 805.3533; 0.1818001; 241.0059; Sidewalk; 12.0083; Checking Box AICar
9; Pedestrian; Interference; None; 27.09.2023 13:34:24; 805.3533; 0.1818001; 241.0057; Sidewalk; 12.02595; Checking Box AICar
9; Pedestrian; Interference; None; 27.09.2023 13:34:24; 805.3535; 0.1818001; 241.0056; Sidewalk; 12.04794; Checking Box AICar
9; Pedestrian; Interference; None; 27.09.2023 13:34:24; 805.3536; 0.1818001; 241.0055; Sidewalk; 12.07038; Checking Box AICar
9; Pedestrian; Interference; None; 27.09.2023 13:34:25; 805.354; 0.1818001; 241.0055; Sidewalk; 12.09285; Checking Box AICar
9; Pedestrian; Interference; None; 27.09.2023 13:34:25; 805.3541; 0.1818001; 241.0055; Sidewalk; 12.10485; Checking Box AICar
9; Pedestrian; Interference; None; 27.09.2023 13:34:25; 805.3541; 0.1818001; 241.0055; Sidewalk; 12.12605; Checking Box AICar
9; Pedestrian; Interference; None; 27.09.2023 13:34:25; 805.3542; 0.1818001; 241.0054; Sidewalk; 12.13846; Checking Box AICar
9; Pedestrian; Interference; None; 27.09.2023 13:34:25; 805.3547; 0.1818001; 241.0052; Sidewalk; 12.17332; Checking Box AICar
9; Pedestrian; Interference; None; 27.09.2023 13:34:25; 805.3549; 0.1818001; 241.0052; Sidewalk; 12.19437; Checking Box AICar
9; Pedestrian; Interference; None; 27.09.2023 13:34:25; 805.3549; 0.1818001; 241.0052; Sidewalk; 12.20416; Checking Box AICar
9; Pedestrian; Interference; None; 27.09.2023 13:34:25; 805.3548; 0.1818001; 241.0052; Sidewalk; 12.22561; Checking Box AICar
9; Pedestrian; Interference; None; 27.09.2023 13:34:25; 805.3548; 0.1818001; 241.0053; Sidewalk; 12.24837; Checking Box AICar
9; Pedestrian; Interference; None; 27.09.2023 13:34:25; 805.3547; 0.1818001; 241.0053; Sidewalk; 12.27011; Checking Box AICar
9; Pedestrian; Interference; None; 27.09.2023 13:34:25; 805.3541; 0.1818001; 241.0054; Sidewalk; 12.29278; Checking Box AICar
9; Pedestrian; Interference; None; 27.09.2023 13:34:25; 805.3538; 0.1818001; 241.0053; Sidewalk; 12.30834; Checking Box AICar
9; Pedestrian; Interference; None; 27.09.2023 13:34:25; 805.3533; 0.1818001; 241.0053; Sidewalk; 12.3259; Checking Box AICar
9; Pedestrian; Interference; None; 27.09.2023 13:34:25; 805.3526; 0.1818001; 241.0053; Sidewalk; 12.34794; Checking Box AICar
9; Pedestrian; Interference; None; 27.09.2023 13:34:25; 805.3517; 0.1818001; 241.0053; Sidewalk; 12.37052; Checking Box AICar
9; Pedestrian; Interference; None; 27.09.2023 13:34:25; 805.351; 0.1818001; 241.0053; Sidewalk; 12.39266; Checking Box AICar
9; Pedestrian; Interference; None; 27.09.2023 13:34:25; 805.3507; 0.1818001; 241.0053; Sidewalk; 12.40334; Checking Box AICar
9; Pedestrian; Interference; None; 27.09.2023 13:34:25; 805.3503; 0.1818001; 241.0053; Sidewalk; 12.42543; Checking Box AICar
9; Pedestrian; Interference; None; 27.09.2023 13:34:25; 805.3502; 0.1818001; 241.0054; Sidewalk; 12.43767; Checking Box AICar
9; Pedestrian; Interference; None; 27.09.2023 13:34:25; 805.3497; 0.1818001; 241.0053; Sidewalk; 12.47626; Checking Box AICar
9; Pedestrian; Interference; None; 27.09.2023 13:34:25; 805.3499; 0.1818001; 241.0053; Sidewalk; 12.49338; Checking Box AICar
9; Pedestrian; Interference; None; 27.09.2023 13:34:25; 805.3499; 0.1818001; 241.0053; Sidewalk; 12.50414; Checking Box AICar
9; Pedestrian; Interference; None; 27.09.2023 13:34:25; 805.3499; 0.1818001; 241.0053; Sidewalk; 12.50414; Checking Box AICar
9; Pedestrian; Interference; None; 27.09.2023 13:34:25; 805.3503; 0.1818001; 241.0054; Sidewalk; 12.55032; Checking Box AICar
9; Pedestrian; Interference; None; 27.09.2023 13:34:25; 805.3507; 0.1818001; 241.0053; Sidewalk; 12.57075; Checking Box AICar
9; Pedestrian; Interference; None; 27.09.2023 13:34:25; 805.3511; 0.1818001; 241.0052; Sidewalk; 12.59226; Checking Box AICar
9; Pedestrian; Interference; None; 27.09.2023 13:34:25; 805.3511; 0.1818001; 241.0052; Sidewalk; 12.59226; Checking Box AICar
9; Pedestrian; Interference; None; 27.09.2023 13:34:25; 805.3514; 0.1818001; 241.0051; Sidewalk; 12.62384; Checking Box AICar
9; Pedestrian; Interference; None; 27.09.2023 13:34:25; 805.3514; 0.1818001; 241.0051; Sidewalk; 12.64884; Checking Box AICar
9; Pedestrian; Interference; None; 27.09.2023 13:34:25; 805.3514; 0.1818001; 241.005; Sidewalk; 12.67636; Checking Box AICar
9; Pedestrian; Interference; None; 27.09.2023 13:34:25; 805.3511; 0.1818001; 241.0049; Sidewalk; 12.68535; Checking Box AICar
9; Pedestrian; Interference; None; 27.09.2023 13:34:25; 805.351; 0.1818001; 241.0049; Sidewalk; 12.69434; Checking Box AICar
9; Pedestrian; Interference; None; 27.09.2023 13:34:25; 805.3503; 0.1818001; 241.0047; Sidewalk; 12.72611; Checking Box AICar
9; Pedestrian; Interference; None; 27.09.2023 13:34:25; 805.3501; 0.1818001; 241.0047; Sidewalk; 12.74901; Checking Box AICar
9; Pedestrian; Interference; None; 27.09.2023 13:34:25; 805.3501; 0.1818001; 241.0046; Sidewalk; 12.76002; Checking Box AICar
9; Pedestrian; Interference; None; 27.09.2023 13:34:25; 805.3499; 0.1818001; 241.0045; Sidewalk; 12.79143; Checking Box AICar
9; Pedestrian; Interference; None; 27.09.2023 13:34:25; 805.3494; 0.1818001; 241.0045; Sidewalk; 12.81034; Checking Box AICar
9; Pedestrian; Interference; None; 27.09.2023 13:34:25; 805.3491; 0.1818001; 241.0045; Sidewalk; 12.82699; Checking Box AICar
9; Pedestrian; Interference; None; 27.09.2023 13:34:25; 805.3489; 0.1818001; 241.0045; Sidewalk; 12.8475; Checking Box AICar
9; Pedestrian; Interference; None; 27.09.2023 13:34:25; 805.3486; 0.1818001; 241.0045; Sidewalk; 12.87047; Checking Box AICar
9; Pedestrian; Interference; None; 27.09.2023 13:34:25; 805.3487; 0.1818001; 241.0045; Sidewalk; 12.89306; Checking Box AICar
9; Pedestrian; Interference; None; 27.09.2023 13:34:25; 805.3487; 0.1818001; 241.0046; Sidewalk; 12.90364; Checking Box AICar
9; Pedestrian; Interference; None; 27.09.2023 13:34:25; 805.3486; 0.1818001; 241.0046; Sidewalk; 12.93096; Checking Box AICar
9; Pedestrian; Interference; None; 27.09.2023 13:34:25; 805.3486; 0.1818001; 241.0046; Sidewalk; 12.94945; Checking Box AICar
9; Pedestrian; Interference; None; 27.09.2023 13:34:25; 805.3483; 0.1818001; 241.0047; Sidewalk; 12.97002; Checking Box AICar
9; Pedestrian; Interference; None; 27.09.2023 13:34:25; 805.3482; 0.1818001; 241.0048; Sidewalk; 12.99264; Checking Box AICar
9; Pedestrian; Interference; None; 27.09.2023 13:34:25; 805.3482; 0.1818001; 241.0048; Sidewalk; 13.00375; Checking Box AICar
9; Pedestrian; Interference; None; 27.09.2023 13:34:25; 805.3481; 0.1818001; 241.005; Sidewalk; 13.02533; Checking Box AICar
9; Pedestrian; Interference; None; 27.09.2023 13:34:25; 805.3482; 0.1818001; 241.0052; Sidewalk; 13.04815; Checking Box AICar
9; Pedestrian; Interference; None; 27.09.2023 13:34:25; 805.348; 0.1818001; 241.0054; Sidewalk; 13.07015; Checking Box AICar
9; Pedestrian; Interference; None; 27.09.2023 13:34:26; 805.3481; 0.1818001; 241.0056; Sidewalk; 13.09581; Checking Box AICar
9; Pedestrian; Interference; None; 27.09.2023 13:34:26; 805.3481; 0.1818001; 241.0058; Sidewalk; 13.10441; Checking Box AICar
9; Pedestrian; Interference; None; 27.09.2023 13:34:26; 805.3481; 0.1818001; 241.0061; Sidewalk; 13.1251; Checking Box AICar
9; Pedestrian; Interference; None; 27.09.2023 13:34:26; 805.3486; 0.1818001; 241.0064; Sidewalk; 13.14733; Checking Box AICar
9; Pedestrian; Interference; None; 27.09.2023 13:34:26; 805.3491; 0.1818001; 241.0068; Sidewalk; 13.16978; Checking Box AICar
9; Pedestrian; Interference; None; 27.09.2023 13:34:26; 805.3495; 0.1818001; 241.0072; Sidewalk; 13.19238; Checking Box AICar
9; Pedestrian; Interference; None; 27.09.2023 13:34:26; 805.3495; 0.1818001; 241.0073; Sidewalk; 13.20397; Checking Box AICar
9; Pedestrian; Interference; None; 27.09.2023 13:34:26; 805.3498; 0.1818001; 241.0077; Sidewalk; 13.22508; Checking Box AICar
9; Pedestrian; Interference; None; 27.09.2023 13:34:26; 805.3504; 0.1818001; 241.0081; Sidewalk; 13.25058; Checking Box AICar
9; Pedestrian; Interference; None; 27.09.2023 13:34:26; 805.3508; 0.1818001; 241.0086; Sidewalk; 13.26967; Checking Box AICar
9; Pedestrian; Interference; None; 27.09.2023 13:34:26; 805.3514; 0.1818001; 241.0091; Sidewalk; 13.29262; Checking Box AICar
9; Pedestrian; Interference; None; 27.09.2023 13:34:26; 805.3515; 0.1818001; 241.0092; Sidewalk; 13.30339; Checking Box AICar
9; Pedestrian; Interference; None; 27.09.2023 13:34:26; 805.3516; 0.1818001; 241.0094; Sidewalk; 13.31541; Checking Box AICar
9; Pedestrian; Interference; None; 27.09.2023 13:34:26; 805.3524; 0.1818001; 241.01; Sidewalk; 13.34796; Checking Box AICar
9; Pedestrian; Interference; None; 27.09.2023 13:34:26; 805.3531; 0.1818001; 241.0104; Sidewalk; 13.37021; Checking Box AICar
9; Pedestrian; Interference; None; 27.09.2023 13:34:26; 805.3538; 0.1818001; 241.0109; Sidewalk; 13.39825; Checking Box AICar
9; Pedestrian; Interference; None; 27.09.2023 13:34:26; 805.3542; 0.1818001; 241.0112; Sidewalk; 13.40802; Checking Box AICar
9; Pedestrian; Interference; None; 27.09.2023 13:34:26; 805.355; 0.1818001; 241.0117; Sidewalk; 13.42506; Checking Box AICar
9; Pedestrian; Interference; None; 27.09.2023 13:34:26; 805.3561; 0.1818001; 241.0121; Sidewalk; 13.44742; Checking Box AICar
9; Pedestrian; Interference; None; 27.09.2023 13:34:26; 805.3572; 0.1818001; 241.0126; Sidewalk; 13.47035; Checking Box AICar
9; Pedestrian; Interference; None; 27.09.2023 13:34:26; 805.3582; 0.1818001; 241.0129; Sidewalk; 13.49318; Checking Box AICar
9; Pedestrian; Interference; None; 27.09.2023 13:34:26; 805.3586; 0.1818001; 241.0131; Sidewalk; 13.50423; Checking Box AICar
9; Pedestrian; Interference; None; 27.09.2023 13:34:26; 805.3593; 0.1818001; 241.0133; Sidewalk; 13.52635; Checking Box AICar
9; Pedestrian; Interference; None; 27.09.2023 13:34:26; 805.3599; 0.1818001; 241.0134; Sidewalk; 13.55348; Checking Box AICar
9; Pedestrian; Interference; None; 27.09.2023 13:34:26; 805.3602; 0.1818001; 241.0134; Sidewalk; 13.57287; Checking Box AICar
9; Pedestrian; Interference; None; 27.09.2023 13:34:26; 805.3602; 0.1818001; 241.0135; Sidewalk; 13.59269; Checking Box AICar
9; Pedestrian; Interference; None; 27.09.2023 13:34:26; 805.3602; 0.1818001; 241.0135; Sidewalk; 13.60274; Checking Box AICar
9; Pedestrian; Interference; None; 27.09.2023 13:34:26; 805.36; 0.1818001; 241.0137; Sidewalk; 13.62467; Checking Box AICar
9; Pedestrian; Interference; None; 27.09.2023 13:34:26; 805.3599; 0.1818001; 241.014; Sidewalk; 13.64736; Checking Box AICar
9; Pedestrian; Interference; None; 27.09.2023 13:34:26; 805.3595; 0.1818001; 241.0142; Sidewalk; 13.67051; Checking Box AICar
9; Pedestrian; Interference; None; 27.09.2023 13:34:26; 805.3593; 0.1818001; 241.0145; Sidewalk; 13.69244; Checking Box AICar
9; Pedestrian; Interference; None; 27.09.2023 13:34:26; 805.3589; 0.1818001; 241.0148; Sidewalk; 13.70739; Checking Box AICar
9; Pedestrian; Interference; None; 27.09.2023 13:34:26; 805.3586; 0.1818001; 241.0151; Sidewalk; 13.72646; Checking Box AICar
9; Pedestrian; Interference; None; 27.09.2023 13:34:26; 805.3584; 0.1818001; 241.0155; Sidewalk; 13.74695; Checking Box AICar
9; Pedestrian; Interference; None; 27.09.2023 13:34:26; 805.3583; 0.1818001; 241.0158; Sidewalk; 13.76956; Checking Box AICar
9; Pedestrian; Interference; None; 27.09.2023 13:34:26; 805.3578; 0.1818001; 241.0161; Sidewalk; 13.79215; Checking Box AICar
9; Pedestrian; Interference; None; 27.09.2023 13:34:26; 805.3575; 0.1818001; 241.0163; Sidewalk; 13.80279; Checking Box AICar
9; Pedestrian; Interference; None; 27.09.2023 13:34:26; 805.3568; 0.1818001; 241.0165; Sidewalk; 13.82548; Checking Box AICar
9; Pedestrian; Interference; None; 27.09.2023 13:34:26; 805.3562; 0.1818001; 241.0166; Sidewalk; 13.8471; Checking Box AICar
9; Pedestrian; Interference; None; 27.09.2023 13:34:26; 805.3556; 0.1818001; 241.0167; Sidewalk; 13.87223; Checking Box AICar
9; Pedestrian; Interference; None; 27.09.2023 13:34:26; 805.355; 0.1818001; 241.0168; Sidewalk; 13.89183; Checking Box AICar
9; Pedestrian; Interference; None; 27.09.2023 13:34:26; 805.3544; 0.1818001; 241.0169; Sidewalk; 13.90297; Checking Box AICar
9; Pedestrian; Interference; None; 27.09.2023 13:34:26; 805.3541; 0.1818001; 241.017; Sidewalk; 13.92451; Checking Box AICar
9; Pedestrian; Interference; None; 27.09.2023 13:34:26; 805.3536; 0.1818001; 241.0171; Sidewalk; 13.94694; Checking Box AICar
9; Pedestrian; Interference; None; 27.09.2023 13:34:26; 805.3536; 0.1818001; 241.0173; Sidewalk; 13.95849; Checking Box AICar
9; Pedestrian; Interference; None; 27.09.2023 13:34:26; 805.3538; 0.1818001; 241.0175; Sidewalk; 13.99304; Checking Box AICar
9; Pedestrian; Interference; None; 27.09.2023 13:34:26; 805.3538; 0.1818001; 241.0175; Sidewalk; 13.99304; Checking Box AICar
9; Pedestrian; Interference; None; 27.09.2023 13:34:26; 805.3542; 0.1818001; 241.0179; Sidewalk; 14.03052; Checking Box AICar
9; Pedestrian; Interference; None; 27.09.2023 13:34:26; 805.3543; 0.1818001; 241.018; Sidewalk; 14.04134; Checking Box AICar
9; Pedestrian; Interference; None; 27.09.2023 13:34:26; 805.3547; 0.1818001; 241.0182; Sidewalk; 14.06864; Checking Box AICar
9; Pedestrian; Interference; None; 27.09.2023 13:34:27; 805.3555; 0.1818001; 241.0184; Sidewalk; 14.0964; Checking Box AICar
9; Pedestrian; Interference; None; 27.09.2023 13:34:27; 805.3556; 0.1818001; 241.0184; Sidewalk; 14.1055; Checking Box AICar
9; Pedestrian; Interference; None; 27.09.2023 13:34:27; 805.3564; 0.1818001; 241.0184; Sidewalk; 14.12527; Checking Box AICar
9; Pedestrian; Interference; None; 27.09.2023 13:34:27; 805.3572; 0.1818001; 241.0184; Sidewalk; 14.1475; Checking Box AICar
9; Pedestrian; Interference; None; 27.09.2023 13:34:27; 805.3576; 0.1818001; 241.0183; Sidewalk; 14.15917; Checking Box AICar
9; Pedestrian; Interference; None; 27.09.2023 13:34:27; 805.3583; 0.1818001; 241.0181; Sidewalk; 14.19118; null
9; Pedestrian; Interference; None; 27.09.2023 13:34:27; 805.3594; 0.1818001; 241.0179; Sidewalk; 14.21054; Checking Box AICar
9; Pedestrian; Interference; None; 27.09.2023 13:34:27; 805.36; 0.1818001; 241.0177; Sidewalk; 14.22665; null
9; Pedestrian; Interference; None; 27.09.2023 13:34:27; 805.3609; 0.1818001; 241.0175; Sidewalk; 14.24694; BicycleInterference
9; Pedestrian; Interference; None; 27.09.2023 13:34:27; 805.3619; 0.1818001; 241.0174; Sidewalk; 14.26975; BicycleInterference
9; Pedestrian; Interference; None; 27.09.2023 13:34:27; 805.3627; 0.1818001; 241.0172; Sidewalk; 14.29261; BicycleInterference
9; Pedestrian; Interference; None; 27.09.2023 13:34:27; 805.363; 0.1818001; 241.0171; Sidewalk; 14.30391; BicycleInterference
9; Pedestrian; Interference; None; 27.09.2023 13:34:27; 805.3633; 0.1818001; 241.017; Sidewalk; 14.33145; BicycleInterference
9; Pedestrian; Interference; None; 27.09.2023 13:34:27; 805.3638; 0.1818001; 241.0168; Sidewalk; 14.34961; BicycleInterference
9; Pedestrian; Interference; None; 27.09.2023 13:34:27; 805.3641; 0.1818001; 241.0166; Sidewalk; 14.37006; BicycleInterference
9; Pedestrian; Interference; None; 27.09.2023 13:34:27; 805.3646; 0.1818001; 241.0164; Sidewalk; 14.3914; BicycleInterference
9; Pedestrian; Interference; None; 27.09.2023 13:34:27; 805.3647; 0.1818001; 241.0164; Sidewalk; 14.40328; BicycleInterference
9; Pedestrian; Interference; None; 27.09.2023 13:34:27; 805.365; 0.1818001; 241.0161; Sidewalk; 14.42535; BicycleInterference
9; Pedestrian; Interference; None; 27.09.2023 13:34:27; 805.3652; 0.1818001; 241.0159; Sidewalk; 14.44687; BicycleInterference
9; Pedestrian; Interference; None; 27.09.2023 13:34:27; 805.3652; 0.1818001; 241.0157; Sidewalk; 14.45881; BicycleInterference
9; Pedestrian; Interference; None; 27.09.2023 13:34:27; 805.365; 0.1818001; 241.0153; Sidewalk; 14.49838; BicycleInterference
9; Pedestrian; Interference; None; 27.09.2023 13:34:27; 805.3649; 0.1818001; 241.0151; Sidewalk; 14.50765; BicycleInterference
9; Pedestrian; Interference; None; 27.09.2023 13:34:27; 805.365; 0.1818001; 241.0148; Sidewalk; 14.52576; BicycleInterference
9; Pedestrian; Interference; None; 27.09.2023 13:34:27; 805.3644; 0.1818001; 241.0145; Sidewalk; 14.5466; BicycleInterference
9; Pedestrian; Interference; None; 27.09.2023 13:34:27; 805.3641; 0.1818001; 241.0142; Sidewalk; 14.56906; BicycleInterference
9; Pedestrian; Interference; None; 27.09.2023 13:34:27; 805.3638; 0.1818001; 241.014; Sidewalk; 14.58015; BicycleInterference
9; Pedestrian; Interference; None; 27.09.2023 13:34:27; 805.3635; 0.1818001; 241.0139; Sidewalk; 14.59167; BicycleInterference
9; Pedestrian; Interference; None; 27.09.2023 13:34:27; 805.363; 0.1818001; 241.0133; Sidewalk; 14.62516; BicycleInterference
9; Pedestrian; Interference; None; 27.09.2023 13:34:27; 805.3625; 0.1818001; 241.0129; Sidewalk; 14.65098; BicycleInterference
9; Pedestrian; Interference; None; 27.09.2023 13:34:27; 805.362; 0.1818001; 241.0126; Sidewalk; 14.6694; BicycleInterference
9; Pedestrian; Interference; None; 27.09.2023 13:34:27; 805.3619; 0.1818001; 241.0122; Sidewalk; 14.69142; BicycleInterference
9; Pedestrian; Interference; None; 27.09.2023 13:34:27; 805.3616; 0.1818001; 241.012; Sidewalk; 14.70334; BicycleInterference
9; Pedestrian; Interference; None; 27.09.2023 13:34:27; 805.3611; 0.1818001; 241.0116; Sidewalk; 14.7244; BicycleInterference
9; Pedestrian; Interference; None; 27.09.2023 13:34:27; 805.3609; 0.1818001; 241.0112; Sidewalk; 14.74713; BicycleInterference
9; Pedestrian; Interference; None; 27.09.2023 13:34:27; 805.3607; 0.1818001; 241.0109; Sidewalk; 14.76921; BicycleInterference
9; Pedestrian; Interference; None; 27.09.2023 13:34:27; 805.3611; 0.1818001; 241.0106; Sidewalk; 14.79704; BicycleInterference
9; Pedestrian; Interference; None; 27.09.2023 13:34:27; 805.3611; 0.1818001; 241.0105; Sidewalk; 14.806; BicycleInterference
9; Pedestrian; Interference; None; 27.09.2023 13:34:27; 805.3611; 0.1818001; 241.0103; Sidewalk; 14.82428; BicycleInterference
9; Pedestrian; Interference; None; 27.09.2023 13:34:27; 805.3611; 0.1818001; 241.01; Sidewalk; 14.84671; BicycleInterference
9; Pedestrian; Interference; None; 27.09.2023 13:34:27; 805.3612; 0.1818001; 241.0098; Sidewalk; 14.86972; BicycleInterference
9; Pedestrian; Interference; None; 27.09.2023 13:34:27; 805.3615; 0.1818001; 241.0095; Sidewalk; 14.89184; BicycleInterference
9; Pedestrian; Interference; None; 27.09.2023 13:34:27; 805.3615; 0.1818001; 241.0093; Sidewalk; 14.90349; BicycleInterference
9; Pedestrian; Interference; None; 27.09.2023 13:34:27; 805.3614; 0.1818001; 241.0089; Sidewalk; 14.92471; BicycleInterference
9; Pedestrian; Interference; None; 27.09.2023 13:34:27; 805.361; 0.1818001; 241.0085; Sidewalk; 14.95123; BicycleInterference
9; Pedestrian; Interference; None; 27.09.2023 13:34:27; 805.361; 0.1818001; 241.0081; Sidewalk; 14.96958; BicycleInterference
9; Pedestrian; Interference; None; 27.09.2023 13:34:27; 805.361; 0.1818001; 241.0078; Sidewalk; 14.99145; BicycleInterference
9; Pedestrian; Interference; None; 27.09.2023 13:34:27; 805.3608; 0.1818001; 241.0076; Sidewalk; 15.00286; BicycleInterference
9; Pedestrian; Interference; None; 27.09.2023 13:34:27; 805.3602; 0.1818001; 241.0072; Sidewalk; 15.02455; BicycleInterference
9; Pedestrian; Interference; None; 27.09.2023 13:34:27; 805.3597; 0.1818001; 241.0068; Sidewalk; 15.0462; BicycleInterference
9; Pedestrian; Interference; None; 27.09.2023 13:34:27; 805.3594; 0.1818001; 241.0065; Sidewalk; 15.06887; null
9; Pedestrian; Interference; None; 27.09.2023 13:34:28; 805.359; 0.1818001; 241.0061; Sidewalk; 15.09147; Checking Box AICar
9; Pedestrian; Interference; None; 27.09.2023 13:34:28; 805.3587; 0.1818001; 241.0059; Sidewalk; 15.10828; Checking Box AICar
9; Pedestrian; Interference; None; 27.09.2023 13:34:28; 805.358; 0.1818001; 241.0055; Sidewalk; 15.12542; null
9; Pedestrian; Interference; None; 27.09.2023 13:34:28; 805.3571; 0.1818001; 241.0052; Sidewalk; 15.14634; null
9; Pedestrian; Interference; None; 27.09.2023 13:34:28; 805.3561; 0.1818001; 241.0048; Sidewalk; 15.16886; null
9; Pedestrian; Interference; None; 27.09.2023 13:34:28; 805.3554; 0.1818001; 241.0046; Sidewalk; 15.19126; null
9; Pedestrian; Interference; None; 27.09.2023 13:34:28; 805.3547; 0.1818001; 241.0045; Sidewalk; 15.20239; null
9; Pedestrian; Interference; None; 27.09.2023 13:34:28; 805.3543; 0.1818001; 241.0044; Sidewalk; 15.21345; null
9; Pedestrian; Interference; None; 27.09.2023 13:34:28; 805.3538; 0.1818001; 241.0044; Sidewalk; 15.22406; null
9; Pedestrian; Interference; None; 27.09.2023 13:34:28; 805.3517; 0.1818001; 241.0039; Sidewalk; 15.27586; null
9; Pedestrian; Interference; None; 27.09.2023 13:34:28; 805.3508; 0.1818001; 241.0037; Sidewalk; 15.29453; null
9; Pedestrian; Interference; None; 27.09.2023 13:34:28; 805.3504; 0.1818001; 241.0036; Sidewalk; 15.30396; null
9; Pedestrian; Interference; None; 27.09.2023 13:34:28; 805.3497; 0.1818001; 241.0034; Sidewalk; 15.32512; null
9; Pedestrian; Interference; None; 27.09.2023 13:34:28; 805.3492; 0.1818001; 241.0033; Sidewalk; 15.34679; BicycleInterference
9; Pedestrian; Interference; None; 27.09.2023 13:34:28; 805.3487; 0.1818001; 241.0032; Sidewalk; 15.36892; BicycleInterference
9; Pedestrian; Interference; None; 27.09.2023 13:34:28; 805.3481; 0.1818001; 241.0031; Sidewalk; 15.39166; BicycleInterference
9; Pedestrian; Interference; None; 27.09.2023 13:34:28; 805.3481; 0.1818001; 241.0031; Sidewalk; 15.39166; BicycleInterference
9; Pedestrian; Interference; None; 27.09.2023 13:34:28; 805.348; 0.1818001; 241.0029; Sidewalk; 15.42274; BicycleInterference
9; Pedestrian; Interference; None; 27.09.2023 13:34:28; 805.3478; 0.1818001; 241.0028; Sidewalk; 15.44513; null
9; Pedestrian; Interference; None; 27.09.2023 13:34:28; 805.3475; 0.1818001; 241.0026; Sidewalk; 15.47564; null
9; Pedestrian; Interference; None; 27.09.2023 13:34:28; 805.3475; 0.1818001; 241.0025; Sidewalk; 15.49294; null
9; Pedestrian; Interference; None; 27.09.2023 13:34:28; 805.3472; 0.1818001; 241.0024; Sidewalk; 15.50235; null
9; Pedestrian; Interference; None; 27.09.2023 13:34:28; 805.3472; 0.1818001; 241.0025; Sidewalk; 15.52438; null
9; Pedestrian; Interference; None; 27.09.2023 13:34:28; 805.3469; 0.1818001; 241.0025; Sidewalk; 15.54799; null
9; Pedestrian; Interference; None; 27.09.2023 13:34:28; 805.3467; 0.1818001; 241.0024; Sidewalk; 15.57466; BicycleInterference
9; Pedestrian; Interference; None; 27.09.2023 13:34:28; 805.3463; 0.1818001; 241.0025; Sidewalk; 15.5949; BicycleInterference
9; Pedestrian; Interference; None; 27.09.2023 13:34:28; 805.3459; 0.1818001; 241.0025; Sidewalk; 15.60365; BicycleInterference
9; Pedestrian; Interference; None; 27.09.2023 13:34:28; 805.3455; 0.1818001; 241.0027; Sidewalk; 15.62435; BicycleInterference
9; Pedestrian; Interference; None; 27.09.2023 13:34:28; 805.3451; 0.1818001; 241.0028; Sidewalk; 15.64617; BicycleInterference
9; Pedestrian; Interference; None; 27.09.2023 13:34:28; 805.345; 0.1818001; 241.0029; Sidewalk; 15.66957; BicycleInterference
9; Pedestrian; Interference; None; 27.09.2023 13:34:28; 805.3448; 0.1818001; 241.0029; Sidewalk; 15.69092; BicycleInterference
9; Pedestrian; Interference; None; 27.09.2023 13:34:28; 805.3448; 0.1818001; 241.0029; Sidewalk; 15.70188; BicycleInterference
9; Pedestrian; Interference; None; 27.09.2023 13:34:28; 805.345; 0.1818001; 241.0029; Sidewalk; 15.72911; BicycleInterference
9; Pedestrian; Interference; None; 27.09.2023 13:34:28; 805.3454; 0.1818001; 241.0029; Sidewalk; 15.74634; BicycleInterference
9; Pedestrian; Interference; None; 27.09.2023 13:34:28; 805.3458; 0.1818001; 241.003; Sidewalk; 15.76939; Checking Box Human Car
9; Pedestrian; Interference; None; 27.09.2023 13:34:28; 805.3464; 0.1818001; 241.0029; Sidewalk; 15.79076; Checking Box Human Car
9; Pedestrian; Interference; None; 27.09.2023 13:34:28; 805.3464; 0.1818001; 241.0028; Sidewalk; 15.80333; Checking Box Human Car
9; Pedestrian; Interference; None; 27.09.2023 13:34:28; 805.3473; 0.1818001; 241.0028; Sidewalk; 15.82404; Checking Box Human Car
9; Pedestrian; Interference; None; 27.09.2023 13:34:28; 805.3481; 0.1818001; 241.0028; Sidewalk; 15.84604; Checking Box Human Car
9; Pedestrian; Interference; None; 27.09.2023 13:34:28; 805.3484; 0.1818001; 241.0028; Sidewalk; 15.85834; Checking Box Human Car
9; Pedestrian; Interference; None; 27.09.2023 13:34:28; 805.3497; 0.1818001; 241.0028; Sidewalk; 15.89875; BicycleInterference
9; Pedestrian; Interference; None; 27.09.2023 13:34:28; 805.35; 0.1818001; 241.0029; Sidewalk; 15.90704; BicycleInterference
9; Pedestrian; Interference; None; 27.09.2023 13:34:28; 805.3509; 0.1818001; 241.0029; Sidewalk; 15.92376; BicycleInterference
9; Pedestrian; Interference; None; 27.09.2023 13:34:28; 805.351; 0.1818001; 241.0029; Sidewalk; 15.93592; BicycleInterference
9; Pedestrian; Interference; None; 27.09.2023 13:34:28; 805.3517; 0.1818001; 241.0029; Sidewalk; 15.96933; BicycleInterference
9; Pedestrian; Interference; None; 27.09.2023 13:34:28; 805.3524; 0.1818001; 241.0031; Sidewalk; 15.99089; BicycleInterference
9; Pedestrian; Interference; None; 27.09.2023 13:34:28; 805.3524; 0.1818001; 241.0031; Sidewalk; 16.00245; BicycleInterference
9; Pedestrian; Interference; None; 27.09.2023 13:34:28; 805.3527; 0.1818001; 241.0032; Sidewalk; 16.02403; BicycleInterference
9; Pedestrian; Interference; None; 27.09.2023 13:34:28; 805.3528; 0.1818001; 241.0033; Sidewalk; 16.05103; BicycleInterference
9; Pedestrian; Interference; None; 27.09.2023 13:34:28; 805.3529; 0.1818001; 241.0034; Sidewalk; 16.06971; BicycleInterference
9; Pedestrian; Interference; None; 27.09.2023 13:34:29; 805.353; 0.1818001; 241.0035; Sidewalk; 16.09121; BicycleInterference
9; Pedestrian; Interference; None; 27.09.2023 13:34:29; 805.3531; 0.1818001; 241.0035; Sidewalk; 16.10287; BicycleInterference
9; Pedestrian; Interference; None; 27.09.2023 13:34:29; 805.3534; 0.1818001; 241.0036; Sidewalk; 16.12442; BicycleInterference
9; Pedestrian; Interference; None; 27.09.2023 13:34:29; 805.3535; 0.1818001; 241.0037; Sidewalk; 16.14655; BicycleInterference
9; Pedestrian; Interference; None; 27.09.2023 13:34:29; 805.3535; 0.1818001; 241.0036; Sidewalk; 16.16876; BicycleInterference
9; Pedestrian; Interference; None; 27.09.2023 13:34:29; 805.3539; 0.1818001; 241.0036; Sidewalk; 16.19885; BicycleInterference
9; Pedestrian; Interference; None; 27.09.2023 13:34:29; 805.3539; 0.1818001; 241.0035; Sidewalk; 16.20821; BicycleInterference
9; Pedestrian; Interference; None; 27.09.2023 13:34:29; 805.3547; 0.1818001; 241.0035; Sidewalk; 16.2253; BicycleInterference
9; Pedestrian; Interference; None; 27.09.2023 13:34:29; 805.3549; 0.1818001; 241.0034; Sidewalk; 16.24672; BicycleInterference
9; Pedestrian; Interference; None; 27.09.2023 13:34:29; 805.3552; 0.1818001; 241.0032; Sidewalk; 16.26832; BicycleInterference
9; Pedestrian; Interference; None; 27.09.2023 13:34:29; 805.3553; 0.1818001; 241.003; Sidewalk; 16.29125; BicycleInterference
9; Pedestrian; Interference; None; 27.09.2023 13:34:29; 805.3554; 0.1818001; 241.0029; Sidewalk; 16.30315; BicycleInterference
9; Pedestrian; Interference; None; 27.09.2023 13:34:29; 805.3554; 0.1818001; 241.0026; Sidewalk; 16.32408; BicycleInterference
9; Pedestrian; Interference; None; 27.09.2023 13:34:29; 805.3553; 0.1818001; 241.0025; Sidewalk; 16.35283; BicycleInterference
9; Pedestrian; Interference; None; 27.09.2023 13:34:29; 805.3555; 0.1818001; 241.0022; Sidewalk; 16.3719; BicycleInterference
9; Pedestrian; Interference; None; 27.09.2023 13:34:29; 805.3552; 0.1818001; 241.002; Sidewalk; 16.39109; BicycleInterference
9; Pedestrian; Interference; None; 27.09.2023 13:34:29; 805.3549; 0.1818001; 241.002; Sidewalk; 16.40255; BicycleInterference
9; Pedestrian; Interference; None; 27.09.2023 13:34:29; 805.3545; 0.1818001; 241.0017; Sidewalk; 16.42387; BicycleInterference
9; Pedestrian; Interference; None; 27.09.2023 13:34:29; 805.3538; 0.1818001; 241.0014; Sidewalk; 16.44654; BicycleInterference
9; Pedestrian; Interference; None; 27.09.2023 13:34:29; 805.353; 0.1818001; 241.0011; Sidewalk; 16.46897; BicycleInterference
9; Pedestrian; Interference; None; 27.09.2023 13:34:29; 805.3523; 0.1818001; 241.0009; Sidewalk; 16.49172; BicycleInterference
9; Pedestrian; Interference; None; 27.09.2023 13:34:29; 805.3513; 0.1818001; 241.0008; Sidewalk; 16.50746; BicycleInterference
9; Pedestrian; Interference; None; 27.09.2023 13:34:29; 805.3506; 0.1818001; 241.0006; Sidewalk; 16.52596; BicycleInterference
9; Pedestrian; Interference; None; 27.09.2023 13:34:29; 805.3499; 0.1818001; 241.0004; Sidewalk; 16.54574; BicycleInterference
9; Pedestrian; Interference; None; 27.09.2023 13:34:29; 805.3493; 0.1818001; 241.0003; Sidewalk; 16.56844; BicycleInterference
9; Pedestrian; Interference; None; 27.09.2023 13:34:29; 805.349; 0.1818001; 241.0003; Sidewalk; 16.58026; BicycleInterference
9; Pedestrian; Interference; None; 27.09.2023 13:34:29; 805.3483; 0.1818001; 241.0002; Sidewalk; 16.60247; BicycleInterference
9; Pedestrian; Interference; None; 27.09.2023 13:34:29; 805.3476; 0.1818001; 241.0001; Sidewalk; 16.62412; BicycleInterference
9; Pedestrian; Interference; None; 27.09.2023 13:34:29; 805.3469; 0.1818001; 241; Sidewalk; 16.64604; BicycleInterference
9; Pedestrian; Interference; None; 27.09.2023 13:34:29; 805.3466; 0.1818001; 240.9999; Sidewalk; 16.67218; BicycleInterference
9; Pedestrian; Interference; None; 27.09.2023 13:34:29; 805.3459; 0.1818001; 240.9998; Sidewalk; 16.69122; BicycleInterference
9; Pedestrian; Interference; None; 27.09.2023 13:34:29; 805.3456; 0.1818001; 240.9999; Sidewalk; 16.70192; BicycleInterference
9; Pedestrian; Interference; None; 27.09.2023 13:34:29; 805.3452; 0.1818001; 240.9999; Sidewalk; 16.72412; BicycleInterference
9; Pedestrian; Interference; None; 27.09.2023 13:34:29; 805.3448; 0.1818001; 240.9998; Sidewalk; 16.74572; BicycleInterference
9; Pedestrian; Interference; None; 27.09.2023 13:34:29; 805.3445; 0.1818001; 240.9998; Sidewalk; 16.7686; BicycleInterference
9; Pedestrian; Interference; None; 27.09.2023 13:34:29; 805.3441; 0.1818001; 240.9996; Sidewalk; 16.79059; BicycleInterference
9; Pedestrian; Interference; None; 27.09.2023 13:34:29; 805.3439; 0.1818001; 240.9996; Sidewalk; 16.8021; BicycleInterference
9; Pedestrian; Interference; None; 27.09.2023 13:34:29; 805.3435; 0.1818001; 240.9995; Sidewalk; 16.82747; BicycleInterference
9; Pedestrian; Interference; None; 27.09.2023 13:34:29; 805.3434; 0.1818001; 240.9995; Sidewalk; 16.84693; BicycleInterference
9; Pedestrian; Interference; None; 27.09.2023 13:34:29; 805.3431; 0.1818001; 240.9995; Sidewalk; 16.86789; BicycleInterference
9; Pedestrian; Interference; None; 27.09.2023 13:34:29; 805.3425; 0.1818001; 240.9995; Sidewalk; 16.89093; BicycleInterference
9; Pedestrian; Interference; None; 27.09.2023 13:34:29; 805.3424; 0.1818001; 240.9995; Sidewalk; 16.90219; BicycleInterference
9; Pedestrian; Interference; None; 27.09.2023 13:34:29; 805.3418; 0.1818001; 240.9994; Sidewalk; 16.92392; BicycleInterference
9; Pedestrian; Interference; None; 27.09.2023 13:34:29; 805.3414; 0.1818001; 240.9994; Sidewalk; 16.94608; BicycleInterference
9; Pedestrian; Interference; None; 27.09.2023 13:34:29; 805.3409; 0.1818001; 240.9994; Sidewalk; 16.97484; BicycleInterference
9; Pedestrian; Interference; None; 27.09.2023 13:34:29; 805.3403; 0.1818001; 240.9993; Sidewalk; 16.99566; BicycleInterference
9; Pedestrian; Interference; None; 27.09.2023 13:34:29; 805.3402; 0.1818001; 240.9992; Sidewalk; 17.00537; BicycleInterference
9; Pedestrian; Interference; None; 27.09.2023 13:34:29; 805.34; 0.1818001; 240.9991; Sidewalk; 17.02329; BicycleInterference
9; Pedestrian; Interference; None; 27.09.2023 13:34:29; 805.3399; 0.1818001; 240.9991; Sidewalk; 17.04616; BicycleInterference
9; Pedestrian; Interference; None; 27.09.2023 13:34:29; 805.3398; 0.1818001; 240.999; Sidewalk; 17.06788; BicycleInterference
9; Pedestrian; Interference; None; 27.09.2023 13:34:30; 805.3392; 0.1818001; 240.9989; Sidewalk; 17.09028; BicycleInterference
9; Pedestrian; Interference; None; 27.09.2023 13:34:30; 805.3391; 0.1818001; 240.9989; Sidewalk; 17.10255; BicycleInterference
9; Pedestrian; Interference; None; 27.09.2023 13:34:30; 805.3386; 0.1818001; 240.9988; Sidewalk; 17.1296; BicycleInterference
9; Pedestrian; Interference; None; 27.09.2023 13:34:30; 805.3382; 0.1818001; 240.9987; Sidewalk; 17.14727; BicycleInterference
9; Pedestrian; Interference; None; 27.09.2023 13:34:30; 805.338; 0.1818001; 240.9987; Sidewalk; 17.1682; BicycleInterference
9; Pedestrian; Interference; None; 27.09.2023 13:34:30; 805.3377; 0.1818001; 240.9985; Sidewalk; 17.1904; BicycleInterference
9; Pedestrian; Interference; None; 27.09.2023 13:34:30; 805.3376; 0.1818001; 240.9985; Sidewalk; 17.20233; BicycleInterference
9; Pedestrian; Interference; None; 27.09.2023 13:34:30; 805.3375; 0.1818001; 240.9983; Sidewalk; 17.21247; BicycleInterference
9; Pedestrian; Interference; None; 27.09.2023 13:34:30; 805.3375; 0.1818001; 240.9982; Sidewalk; 17.24661; BicycleInterference
9; Pedestrian; Interference; None; 27.09.2023 13:34:30; 805.3379; 0.1818001; 240.9982; Sidewalk; 17.26861; BicycleInterference
9; Pedestrian; Interference; None; 27.09.2023 13:34:30; 805.3383; 0.1818001; 240.9981; Sidewalk; 17.29494; BicycleInterference
9; Pedestrian; Interference; None; 27.09.2023 13:34:30; 805.3386; 0.1818001; 240.9981; Sidewalk; 17.30426; BicycleInterference
9; Pedestrian; Interference; None; 27.09.2023 13:34:30; 805.3394; 0.1818001; 240.998; Sidewalk; 17.32417; BicycleInterference
9; Pedestrian; Interference; None; 27.09.2023 13:34:30; 805.34; 0.1818001; 240.9979; Sidewalk; 17.34652; BicycleInterference
9; Pedestrian; Interference; None; 27.09.2023 13:34:30; 805.3407; 0.1818001; 240.9978; Sidewalk; 17.36905; BicycleInterference
9; Pedestrian; Interference; None; 27.09.2023 13:34:30; 805.3409; 0.1818001; 240.9978; Sidewalk; 17.39079; BicycleInterference
9; Pedestrian; Interference; None; 27.09.2023 13:34:30; 805.3411; 0.1818001; 240.9978; Sidewalk; 17.40215; BicycleInterference
9; Pedestrian; Interference; None; 27.09.2023 13:34:30; 805.3415; 0.1818001; 240.9979; Sidewalk; 17.42405; BicycleInterference
9; Pedestrian; Interference; None; 27.09.2023 13:34:30; 805.3417; 0.1818001; 240.9979; Sidewalk; 17.45136; BicycleInterference
9; Pedestrian; Interference; None; 27.09.2023 13:34:30; 805.3423; 0.1818001; 240.9979; Sidewalk; 17.47038; BicycleInterference
9; Pedestrian; Interference; None; 27.09.2023 13:34:30; 805.3431; 0.1818001; 240.9978; Sidewalk; 17.49081; BicycleInterference
9; Pedestrian; Interference; None; 27.09.2023 13:34:30; 805.3434; 0.1818001; 240.9977; Sidewalk; 17.50196; BicycleInterference
9; Pedestrian; Interference; None; 27.09.2023 13:34:30; 805.3442; 0.1818001; 240.9978; Sidewalk; 17.52389; BicycleInterference
9; Pedestrian; Interference; None; 27.09.2023 13:34:30; 805.3451; 0.1818001; 240.9979; Sidewalk; 17.54631; BicycleInterference
9; Pedestrian; Interference; None; 27.09.2023 13:34:30; 805.3462; 0.1818001; 240.998; Sidewalk; 17.56803; BicycleInterference
9; Pedestrian; Interference; None; 27.09.2023 13:34:30; 805.3473; 0.1818001; 240.9981; Sidewalk; 17.59604; BicycleInterference
9; Pedestrian; Interference; None; 27.09.2023 13:34:30; 805.348; 0.1818001; 240.9982; Sidewalk; 17.6058; BicycleInterference
9; Pedestrian; Interference; None; 27.09.2023 13:34:30; 805.3491; 0.1818001; 240.9983; Sidewalk; 17.6254; BicycleInterference
9; Pedestrian; Interference; None; 27.09.2023 13:34:30; 805.3503; 0.1818001; 240.9984; Sidewalk; 17.64561; BicycleInterference
9; Pedestrian; Interference; None; 27.09.2023 13:34:30; 805.3515; 0.1818001; 240.9984; Sidewalk; 17.66852; BicycleInterference
9; Pedestrian; Interference; None; 27.09.2023 13:34:30; 805.3527; 0.1818001; 240.9986; Sidewalk; 17.69106; BicycleInterference
9; Pedestrian; Interference; None; 27.09.2023 13:34:30; 805.3533; 0.1818001; 240.9986; Sidewalk; 17.70226; BicycleInterference
9; Pedestrian; Interference; None; 27.09.2023 13:34:30; 805.3544; 0.1818001; 240.9986; Sidewalk; 17.72392; BicycleInterference
9; Pedestrian; Interference; None; 27.09.2023 13:34:30; 805.3549; 0.1818001; 240.9987; Sidewalk; 17.73478; BicycleInterference
9; Pedestrian; Interference; None; 27.09.2023 13:34:30; 805.3566; 0.1818001; 240.9988; Sidewalk; 17.77726; BicycleInterference
9; Pedestrian; Interference; None; 27.09.2023 13:34:30; 805.3575; 0.1818001; 240.9989; Sidewalk; 17.79476; BicycleInterference
9; Pedestrian; Interference; None; 27.09.2023 13:34:30; 805.358; 0.1818001; 240.999; Sidewalk; 17.80373; BicycleInterference
9; Pedestrian; Interference; None; 27.09.2023 13:34:30; 805.3584; 0.1818001; 240.999; Sidewalk; 17.8122; BicycleInterference
9; Pedestrian; Interference; None; 27.09.2023 13:34:30; 805.3599; 0.1818001; 240.9992; Sidewalk; 17.84599; BicycleInterference
9; Pedestrian; Interference; None; 27.09.2023 13:34:30; 805.3607; 0.1818001; 240.9994; Sidewalk; 17.86764; BicycleInterference
9; Pedestrian; Interference; None; 27.09.2023 13:34:30; 805.3613; 0.1818001; 240.9996; Sidewalk; 17.89037; BicycleInterference
9; Pedestrian; Interference; None; 27.09.2023 13:34:30; 805.3617; 0.1818001; 240.9997; Sidewalk; 17.90818; BicycleInterference
9; Pedestrian; Interference; None; 27.09.2023 13:34:30; 805.3623; 0.1818001; 240.9999; Sidewalk; 17.92617; BicycleInterference
9; Pedestrian; Interference; None; 27.09.2023 13:34:30; 805.3636; 0.1818001; 241.0002; Sidewalk; 17.94554; BicycleInterference
9; Pedestrian; Interference; None; 27.09.2023 13:34:30; 805.3646; 0.1818001; 241.0004; Sidewalk; 17.96757; BicycleInterference
9; Pedestrian; Interference; None; 27.09.2023 13:34:30; 805.3654; 0.1818001; 241.0005; Sidewalk; 17.99024; BicycleInterference
9; Pedestrian; Interference; None; 27.09.2023 13:34:30; 805.3657; 0.1818001; 241.0006; Sidewalk; 18.00132; BicycleInterference
9; Pedestrian; Interference; None; 27.09.2023 13:34:30; 805.3665; 0.1818001; 241.0007; Sidewalk; 18.02405; BicycleInterference
9; Pedestrian; Interference; None; 27.09.2023 13:34:30; 805.3668; 0.1818001; 241.0008; Sidewalk; 18.03499; BicycleInterference
9; Pedestrian; Interference; None; 27.09.2023 13:34:30; 805.3668; 0.1818001; 241.0008; Sidewalk; 18.03499; BicycleInterference
9; Pedestrian; Interference; None; 27.09.2023 13:34:31; 805.3688; 0.1818001; 241.001; Sidewalk; 18.09278; BicycleInterference
9; Pedestrian; Interference; None; 27.09.2023 13:34:31; 805.3691; 0.1818001; 241.0011; Sidewalk; 18.10786; BicycleInterference
9; Pedestrian; Interference; None; 27.09.2023 13:34:31; 805.3699; 0.1818001; 241.0012; Sidewalk; 18.12624; BicycleInterference
9; Pedestrian; Interference; None; 27.09.2023 13:34:31; 805.3707; 0.1818001; 241.0013; Sidewalk; 18.14634; BicycleInterference
9; Pedestrian; Interference; None; 27.09.2023 13:34:31; 805.3713; 0.1818001; 241.0014; Sidewalk; 18.16753; BicycleInterference
9; Pedestrian; Interference; None; 27.09.2023 13:34:31; 805.372; 0.1818001; 241.0015; Sidewalk; 18.19091; BicycleInterference
9; Pedestrian; Interference; None; 27.09.2023 13:34:31; 805.3727; 0.1818001; 241.0016; Sidewalk; 18.20183; BicycleInterference
9; Pedestrian; Interference; None; 27.09.2023 13:34:31; 805.3733; 0.1818001; 241.0017; Sidewalk; 18.22857; BicycleInterference
9; Pedestrian; Interference; None; 27.09.2023 13:34:31; 805.3737; 0.1818001; 241.0016; Sidewalk; 18.24853; null
9; Pedestrian; Interference; None; 27.09.2023 13:34:31; 805.3741; 0.1818001; 241.0017; Sidewalk; 18.26725; Checking Box AICar
9; Pedestrian; Interference; None; 27.09.2023 13:34:31; 805.3743; 0.1818001; 241.0017; Sidewalk; 18.29028; Checking Box AICar
9; Pedestrian; Interference; None; 27.09.2023 13:34:31; 805.3746; 0.1818001; 241.0017; Sidewalk; 18.30166; Checking Box AICar
9; Pedestrian; Interference; None; 27.09.2023 13:34:31; 805.3747; 0.1818001; 241.0017; Sidewalk; 18.32385; Checking Box AICar
9; Pedestrian; Interference; None; 27.09.2023 13:34:31; 805.3747; 0.1818001; 241.0017; Sidewalk; 18.34588; Checking Box AICar
9; Pedestrian; Interference; None; 27.09.2023 13:34:31; 805.3743; 0.1818001; 241.0016; Sidewalk; 18.37435; Checking Box AICar
9; Pedestrian; Interference; None; 27.09.2023 13:34:31; 805.3741; 0.1818001; 241.0017; Sidewalk; 18.39381; Checking Box AICar
9; Pedestrian; Interference; None; 27.09.2023 13:34:31; 805.3738; 0.1818001; 241.0017; Sidewalk; 18.40302; Checking Box AICar
9; Pedestrian; Interference; None; 27.09.2023 13:34:31; 805.3737; 0.1818001; 241.0017; Sidewalk; 18.42296; Checking Box AICar
9; Pedestrian; Interference; None; 27.09.2023 13:34:31; 805.3733; 0.1818001; 241.0017; Sidewalk; 18.44524; Checking Box AICar
9; Pedestrian; Interference; None; 27.09.2023 13:34:31; 805.3732; 0.1818001; 241.0016; Sidewalk; 18.46761; Checking Box AICar
9; Pedestrian; Interference; None; 27.09.2023 13:34:31; 805.373; 0.1818001; 241.0016; Sidewalk; 18.491; Checking Box AICar
9; Pedestrian; Interference; None; 27.09.2023 13:34:31; 805.373; 0.1818001; 241.0016; Sidewalk; 18.50079; Checking Box AICar
9; Pedestrian; Interference; None; 27.09.2023 13:34:31; 805.3727; 0.1818001; 241.0015; Sidewalk; 18.52406; Checking Box AICar
9; Pedestrian; Interference; None; 27.09.2023 13:34:31; 805.3726; 0.1818001; 241.0015; Sidewalk; 18.54496; Checking Box AICar
9; Pedestrian; Interference; None; 27.09.2023 13:34:31; 805.3726; 0.1818001; 241.0014; Sidewalk; 18.56705; Checking Box AICar
9; Pedestrian; Interference; None; 27.09.2023 13:34:31; 805.3726; 0.1818001; 241.0014; Sidewalk; 18.58957; Checking Box AICar
9; Pedestrian; Interference; None; 27.09.2023 13:34:31; 805.3727; 0.1818001; 241.0015; Sidewalk; 18.6011; Checking Box AICar
9; Pedestrian; Interference; None; 27.09.2023 13:34:31; 805.3727; 0.1818001; 241.0015; Sidewalk; 18.62284; Checking Box AICar
9; Pedestrian; Interference; None; 27.09.2023 13:34:31; 805.3727; 0.1818001; 241.0015; Sidewalk; 18.63393; Checking Box AICar
9; Pedestrian; Interference; None; 27.09.2023 13:34:31; 805.3725; 0.1818001; 241.0014; Sidewalk; 18.66808; Checking Box AICar
9; Pedestrian; Interference; None; 27.09.2023 13:34:31; 805.3724; 0.1818001; 241.0014; Sidewalk; 18.69007; Checking Box AICar
9; Pedestrian; Interference; None; 27.09.2023 13:34:31; 805.3725; 0.1818001; 241.0013; Sidewalk; 18.70126; Checking Box AICar
9; Pedestrian; Interference; None; 27.09.2023 13:34:31; 805.3723; 0.1818001; 241.0014; Sidewalk; 18.72439; Checking Box AICar
9; Pedestrian; Interference; None; 27.09.2023 13:34:31; 805.3719; 0.1818001; 241.0013; Sidewalk; 18.74476; Checking Box AICar
9; Pedestrian; Interference; None; 27.09.2023 13:34:31; 805.3718; 0.1818001; 241.0014; Sidewalk; 18.76702; Checking Box AICar
9; Pedestrian; Interference; None; 27.09.2023 13:34:31; 805.3719; 0.1818001; 241.0013; Sidewalk; 18.79009; Checking Box AICar
9; Pedestrian; Interference; None; 27.09.2023 13:34:31; 805.3719; 0.1818001; 241.0014; Sidewalk; 18.80194; Checking Box AICar
9; Pedestrian; Interference; None; 27.09.2023 13:34:31; 805.3719; 0.1818001; 241.0014; Sidewalk; 18.82351; Checking Box AICar
9; Pedestrian; Interference; None; 27.09.2023 13:34:31; 805.3722; 0.1818001; 241.0016; Sidewalk; 18.84541; Checking Box AICar
9; Pedestrian; Interference; None; 27.09.2023 13:34:31; 805.3724; 0.1818001; 241.0017; Sidewalk; 18.86829; Checking Box AICar
9; Pedestrian; Interference; None; 27.09.2023 13:34:31; 805.3729; 0.1818001; 241.0016; Sidewalk; 18.89144; Checking Box AICar
9; Pedestrian; Interference; None; 27.09.2023 13:34:31; 805.3732; 0.1818001; 241.0017; Sidewalk; 18.90245; Checking Box AICar
9; Pedestrian; Interference; None; 27.09.2023 13:34:31; 805.3737; 0.1818001; 241.0017; Sidewalk; 18.92533; Checking Box AICar
9; Pedestrian; Interference; None; 27.09.2023 13:34:31; 805.3745; 0.1818001; 241.0017; Sidewalk; 18.94713; Checking Box AICar
9; Pedestrian; Interference; None; 27.09.2023 13:34:31; 805.3752; 0.1818001; 241.0017; Sidewalk; 18.96956; null
9; Pedestrian; Interference; None; 27.09.2023 13:34:31; 805.3762; 0.1818001; 241.0017; Sidewalk; 18.99223; null
9; Pedestrian; Interference; None; 27.09.2023 13:34:31; 805.3767; 0.1818001; 241.0018; Sidewalk; 19.00357; null
9; Pedestrian; Interference; None; 27.09.2023 13:34:31; 805.3778; 0.1818001; 241.0019; Sidewalk; 19.02542; Checking Box AICar
9; Pedestrian; Interference; None; 27.09.2023 13:34:31; 805.3788; 0.1818001; 241.0019; Sidewalk; 19.04755; Checking Box AICar
9; Pedestrian; Interference; None; 27.09.2023 13:34:31; 805.3798; 0.1818001; 241.0019; Sidewalk; 19.07005; Checking Box AICar
9; Pedestrian; Interference; None; 27.09.2023 13:34:32; 805.3806; 0.1818001; 241.0019; Sidewalk; 19.0931; Checking Box AICar
9; Pedestrian; Interference; None; 27.09.2023 13:34:32; 805.381; 0.1818001; 241.0019; Sidewalk; 19.10409; Checking Box AICar
9; Pedestrian; Interference; None; 27.09.2023 13:34:32; 805.3818; 0.1818001; 241.0018; Sidewalk; 19.12584; Checking Box AICar
9; Pedestrian; Interference; None; 27.09.2023 13:34:32; 805.3822; 0.1818001; 241.0018; Sidewalk; 19.13747; Checking Box AICar
9; Pedestrian; Interference; None; 27.09.2023 13:34:32; 805.3824; 0.1818001; 241.0018; Sidewalk; 19.16891; Checking Box AICar
9; Pedestrian; Interference; None; 27.09.2023 13:34:32; 805.3823; 0.1818001; 241.0016; Sidewalk; 19.19588; Checking Box AICar
9; Pedestrian; Interference; None; 27.09.2023 13:34:32; 805.3823; 0.1818001; 241.0014; Sidewalk; 19.20296; Checking Box AICar
9; Pedestrian; Interference; None; 27.09.2023 13:34:32; 805.3815; 0.1818001; 241.0012; Sidewalk; 19.22296; Checking Box AICar
9; Pedestrian; Interference; None; 27.09.2023 13:34:32; 805.381; 0.1818001; 241.001; Sidewalk; 19.24484; Checking Box AICar
9; Pedestrian; Interference; None; 27.09.2023 13:34:32; 805.3814; 0.1818001; 241.0011; Sidewalk; 19.26683; Checking Box AICar
9; Pedestrian; Interference; None; 27.09.2023 13:34:32; 805.381; 0.1818001; 241.0009; Sidewalk; 19.28947; Checking Box AICar
9; Pedestrian; Interference; None; 27.09.2023 13:34:32; 805.3813; 0.1818001; 241.0009; Sidewalk; 19.30061; Checking Box AICar
9; Pedestrian; Interference; None; 27.09.2023 13:34:32; 805.3816; 0.1818001; 241.0008; Sidewalk; 19.32252; Checking Box AICar
9; Pedestrian; Interference; None; 27.09.2023 13:34:32; 805.3816; 0.1818001; 241.0007; Sidewalk; 19.34457; Checking Box AICar
9; Pedestrian; Interference; None; 27.09.2023 13:34:32; 805.3817; 0.1818001; 241.0006; Sidewalk; 19.36713; Checking Box AICar
9; Pedestrian; Interference; None; 27.09.2023 13:34:32; 805.3817; 0.1818001; 241.0005; Sidewalk; 19.38978; Checking Box AICar
9; Pedestrian; Interference; None; 27.09.2023 13:34:32; 805.3818; 0.1818001; 241.0005; Sidewalk; 19.40071; Checking Box AICar
9; Pedestrian; Interference; None; 27.09.2023 13:34:32; 805.3806; 0.1818001; 241.0003; Sidewalk; 19.42314; Checking Box AICar
9; Pedestrian; Interference; None; 27.09.2023 13:34:32; 805.3807; 0.1818001; 241.0002; Sidewalk; 19.44455; Checking Box AICar
9; Pedestrian; Interference; None; 27.09.2023 13:34:32; 805.3803; 0.1818001; 241.0001; Sidewalk; 19.46693; Checking Box AICar
9; Pedestrian; Interference; None; 27.09.2023 13:34:32; 805.3805; 0.1818001; 241; Sidewalk; 19.48927; Checking Box AICar
9; Pedestrian; Interference; None; 27.09.2023 13:34:32; 805.3804; 0.1818001; 241.0001; Sidewalk; 19.50142; Checking Box AICar
9; Pedestrian; Interference; None; 27.09.2023 13:34:32; 805.3804; 0.1818001; 241; Sidewalk; 19.52281; Checking Box AICar
9; Pedestrian; Interference; None; 27.09.2023 13:34:32; 805.3792; 0.1818001; 241; Sidewalk; 19.54451; Checking Box AICar
9; Pedestrian; Interference; None; 27.09.2023 13:34:32; 805.3792; 0.1818001; 241; Sidewalk; 19.56721; Checking Box AICar
9; Pedestrian; Interference; None; 27.09.2023 13:34:32; 805.3788; 0.1818001; 240.9999; Sidewalk; 19.58974; Checking Box AICar
9; Pedestrian; Interference; None; 27.09.2023 13:34:32; 805.3785; 0.1818001; 240.9999; Sidewalk; 19.6005; Checking Box AICar
9; Pedestrian; Interference; None; 27.09.2023 13:34:32; 805.3781; 0.1818001; 240.9999; Sidewalk; 19.6222; Checking Box Human Car
9; Pedestrian; Interference; None; 27.09.2023 13:34:32; 805.377; 0.1818001; 240.9999; Sidewalk; 19.64429; Checking Box Human Car
9; Pedestrian; Interference; None; 27.09.2023 13:34:32; 805.3762; 0.1818001; 240.9998; Sidewalk; 19.66742; Checking Box Human Car
9; Pedestrian; Interference; None; 27.09.2023 13:34:32; 805.3758; 0.1818001; 240.9998; Sidewalk; 19.67818; Checking Box Human Car
9; Pedestrian; Interference; None; 27.09.2023 13:34:32; 805.3757; 0.1818001; 240.9998; Sidewalk; 19.68912; Checking Box Human Car
9; Pedestrian; Interference; None; 27.09.2023 13:34:32; 805.3747; 0.1818001; 240.9997; Sidewalk; 19.72289; Checking Box Human Car
9; Pedestrian; Interference; None; 27.09.2023 13:34:32; 805.3738; 0.1818001; 240.9996; Sidewalk; 19.74559; Checking Box Human Car
9; Pedestrian; Interference; None; 27.09.2023 13:34:32; 805.3731; 0.1818001; 240.9997; Sidewalk; 19.77282; Checking Box Human Car
9; Pedestrian; Interference; None; 27.09.2023 13:34:32; 805.3725; 0.1818001; 240.9996; Sidewalk; 19.79201; Checking Box Human Car
9; Pedestrian; Interference; None; 27.09.2023 13:34:32; 805.3724; 0.1818001; 240.9998; Sidewalk; 19.80001; Checking Box Human Car
9; Pedestrian; Interference; None; 27.09.2023 13:34:32; 805.3716; 0.1818001; 240.9997; Sidewalk; 19.82392; Checking Box Human Car
9; Pedestrian; Interference; None; 27.09.2023 13:34:32; 805.3707; 0.1818001; 240.9996; Sidewalk; 19.84565; Checking Box Human Car
9; Pedestrian; Interference; None; 27.09.2023 13:34:32; 805.3702; 0.1818001; 240.9996; Sidewalk; 19.86755; Checking Box Human Car
9; Pedestrian; Interference; None; 27.09.2023 13:34:32; 805.3694; 0.1818001; 240.9994; Sidewalk; 19.88918; Checking Box Human Car
9; Pedestrian; Interference; None; 27.09.2023 13:34:32; 805.3691; 0.1818001; 240.9994; Sidewalk; 19.90054; Checking Box Human Car
9; Pedestrian; Interference; None; 27.09.2023 13:34:32; 805.369; 0.1818001; 240.9994; Sidewalk; 19.92232; Checking Box Human Car
9; Pedestrian; Interference; None; 27.09.2023 13:34:32; 805.3687; 0.1818001; 240.9993; Sidewalk; 19.94448; Checking Box Human Car
9; Pedestrian; Interference; None; 27.09.2023 13:34:32; 805.3685; 0.1818001; 240.9993; Sidewalk; 19.96668; Checking Box Human Car
9; Pedestrian; Interference; None; 27.09.2023 13:34:32; 805.3675; 0.1818001; 240.9991; Sidewalk; 19.98951; Checking Box Human Car
9; Pedestrian; Interference; None; 27.09.2023 13:34:32; 805.3675; 0.1818001; 240.9991; Sidewalk; 19.98951; Checking Box Human Car
9; Pedestrian; Interference; None; 27.09.2023 13:34:32; 805.3675; 0.1818001; 240.999; Sidewalk; 20.00043; Checking Box Human Car
9; Pedestrian; Interference; None; 27.09.2023 13:34:32; 805.3672; 0.1818001; 240.9991; Sidewalk; 20.04321; Checking Box Human Car
9; Pedestrian; Interference; None; 27.09.2023 13:34:32; 805.3668; 0.1818001; 240.9991; Sidewalk; 20.06638; Checking Box Human Car
9; Pedestrian; Interference; None; 27.09.2023 13:34:33; 805.3665; 0.1818001; 240.9991; Sidewalk; 20.09501; Checking Box Human Car
9; Pedestrian; Interference; None; 27.09.2023 13:34:33; 805.3663; 0.1818001; 240.9991; Sidewalk; 20.10538; Checking Box Human Car
9; Pedestrian; Interference; None; 27.09.2023 13:34:33; 805.3661; 0.1818001; 240.9991; Sidewalk; 20.1261; Checking Box Human Car
9; Pedestrian; Interference; None; 27.09.2023 13:34:33; 805.3654; 0.1818001; 240.9991; Sidewalk; 20.14613; Checking Box Human Car
9; Pedestrian; Interference; None; 27.09.2023 13:34:33; 805.3654; 0.1818001; 240.9991; Sidewalk; 20.16651; Checking Box Human Car
9; Pedestrian; Interference; None; 27.09.2023 13:34:33; 805.3653; 0.1818001; 240.9991; Sidewalk; 20.18957; Checking Box Human Car
9; Pedestrian; Interference; None; 27.09.2023 13:34:33; 805.3649; 0.1818001; 240.9991; Sidewalk; 20.20038; Checking Box Human Car
9; Pedestrian; Interference; None; 27.09.2023 13:34:33; 805.3646; 0.1818001; 240.9991; Sidewalk; 20.22255; Checking Box Human Car
9; Pedestrian; Interference; None; 27.09.2023 13:34:33; 805.3646; 0.1818001; 240.9992; Sidewalk; 20.24811; Checking Box Human Car
9; Pedestrian; Interference; None; 27.09.2023 13:34:33; 805.3649; 0.1818001; 240.9994; Sidewalk; 20.26954; Checking Box Human Car
9; Pedestrian; Interference; None; 27.09.2023 13:34:33; 805.3651; 0.1818001; 240.9995; Sidewalk; 20.28918; Checking Box Human Car
9; Pedestrian; Interference; None; 27.09.2023 13:34:33; 805.3652; 0.1818001; 240.9995; Sidewalk; 20.30076; Checking Box Human Car
9; Pedestrian; Interference; None; 27.09.2023 13:34:33; 805.365; 0.1818001; 240.9996; Sidewalk; 20.32268; Checking Box Human Car
9; Pedestrian; Interference; None; 27.09.2023 13:34:33; 805.3653; 0.1818001; 240.9997; Sidewalk; 20.34548; Checking Box Human Car
9; Pedestrian; Interference; None; 27.09.2023 13:34:33; 805.3654; 0.1818001; 240.9998; Sidewalk; 20.36679; Checking Box Human Car
9; Pedestrian; Interference; None; 27.09.2023 13:34:33; 805.3657; 0.1818001; 241; Sidewalk; 20.39263; Checking Box Human Car
9; Pedestrian; Interference; None; 27.09.2023 13:34:33; 805.3657; 0.1818001; 241; Sidewalk; 20.40563; Checking Box Human Car
9; Pedestrian; Interference; None; 27.09.2023 13:34:33; 805.366; 0.1818001; 241.0002; Sidewalk; 20.42568; Checking Box Human Car
9; Pedestrian; Interference; None; 27.09.2023 13:34:33; 805.3662; 0.1818001; 241.0003; Sidewalk; 20.44492; Checking Box Human Car
9; Pedestrian; Interference; None; 27.09.2023 13:34:33; 805.3665; 0.1818001; 241.0006; Sidewalk; 20.46652; Checking Box Human Car
9; Pedestrian; Interference; None; 27.09.2023 13:34:33; 805.3661; 0.1818001; 241.0008; Sidewalk; 20.48991; Checking Box Human Car
9; Pedestrian; Interference; None; 27.09.2023 13:34:33; 805.366; 0.1818001; 241.0008; Sidewalk; 20.49992; Checking Box Human Car
9; Pedestrian; Interference; None; 27.09.2023 13:34:33; 805.3653; 0.1818001; 241.0011; Sidewalk; 20.52275; Checking Box Human Car
9; Pedestrian; Interference; None; 27.09.2023 13:34:33; 805.3642; 0.1818001; 241.0015; Sidewalk; 20.54829; Checking Box Human Car
9; Pedestrian; Interference; None; 27.09.2023 13:34:33; 805.3616; 0.1818001; 241.002; Sidewalk; 20.57253; Checking Box Human Car
9; Pedestrian; Interference; None; 27.09.2023 13:34:33; 805.3583; 0.1818001; 241.0026; Sidewalk; 20.59199; Checking Box Human Car
9; Pedestrian; Interference; None; 27.09.2023 13:34:33; 805.3563; 0.1818001; 241.0029; Sidewalk; 20.60177; Checking Box Human Car
9; Pedestrian; Interference; None; 27.09.2023 13:34:33; 805.3541; 0.1818001; 241.0032; Sidewalk; 20.61191; Checking Box Human Car
9; Pedestrian; Interference; None; 27.09.2023 13:34:33; 805.3455; 0.1818001; 241.0044; Sidewalk; 20.64494; Checking Box Human Car
9; Pedestrian; Interference; None; 27.09.2023 13:34:33; 805.3384; 0.1818001; 241.0056; Sidewalk; 20.66675; Checking Box Human Car
9; Pedestrian; Interference; None; 27.09.2023 13:34:33; 805.3301; 0.1818001; 241.007; Sidewalk; 20.68925; Checking Box Human Car
9; Pedestrian; Interference; None; 27.09.2023 13:34:33; 805.3257; 0.1818001; 241.0077; Sidewalk; 20.7039; Checking Box Human Car
9; Pedestrian; Interference; None; 27.09.2023 13:34:33; 805.3167; 0.1818001; 241.0094; Sidewalk; 20.72904; Checking Box AICar
9; Pedestrian; Interference; None; 27.09.2023 13:34:33; 805.3078; 0.1818001; 241.0114; Sidewalk; 20.75149; Checking Box AICar
9; Pedestrian; Interference; None; 27.09.2023 13:34:33; 805.2994; 0.1818001; 241.0133; Sidewalk; 20.77069; Checking Box AICar
9; Pedestrian; Interference; None; 27.09.2023 13:34:33; 805.2955; 0.1818001; 241.0142; Sidewalk; 20.77995; Checking Box AICar
9; Pedestrian; Interference; None; 27.09.2023 13:34:33; 805.2955; 0.1818001; 241.0142; Sidewalk; 20.77995; Checking Box AICar
9; Pedestrian; Interference; None; 27.09.2023 13:34:33; 805.2955; 0.1818001; 241.0142; Sidewalk; 20.77995; Checking Box AICar
9; Pedestrian; Interference; None; 27.09.2023 13:34:33; 805.2822; 0.1818001; 241.0172; Sidewalk; 20.78932; Checking Box AICar
9; Pedestrian; Interference; None; 27.09.2023 13:34:33; 805.2787; 0.1818001; 241.0179; Sidewalk; 20.87036; Checking Box AICar
9; Pedestrian; Interference; None; 27.09.2023 13:34:33; 805.2781; 0.1818001; 241.0179; Sidewalk; 20.89366; Checking Box AICar
9; Pedestrian; Interference; None; 27.09.2023 13:34:33; 805.2776; 0.1818001; 241.0177; Sidewalk; 20.90285; Checking Box AICar
9; Pedestrian; Interference; None; 27.09.2023 13:34:33; 805.2773; 0.1818001; 241.0174; Sidewalk; 20.92378; Checking Box AICar
9; Pedestrian; Interference; None; 27.09.2023 13:34:33; 805.2767; 0.1818001; 241.0172; Sidewalk; 20.94434; Checking Box AICar
9; Pedestrian; Interference; None; 27.09.2023 13:34:33; 805.2757; 0.1818001; 241.0171; Sidewalk; 20.96601; Checking Box AICar
9; Pedestrian; Interference; None; 27.09.2023 13:34:33; 805.2742; 0.1818001; 241.0175; Sidewalk; 20.98896; Checking Box AICar
9; Pedestrian; Interference; None; 27.09.2023 13:34:33; 805.2725; 0.1818001; 241.0176; Sidewalk; 21.00072; Checking Box AICar
9; Pedestrian; Interference; None; 27.09.2023 13:34:33; 805.2698; 0.1818001; 241.0186; Sidewalk; 21.02772; Checking Box AICar
9; Pedestrian; Interference; None; 27.09.2023 13:34:33; 805.2661; 0.1818001; 241.0195; Sidewalk; 21.04873; Checking Box AICar
9; Pedestrian; Interference; None; 27.09.2023 13:34:33; 805.2626; 0.1818001; 241.0204; Sidewalk; 21.06968; Checking Box AICar
9; Pedestrian; Interference; None; 27.09.2023 13:34:34; 805.259; 0.1818001; 241.0213; Sidewalk; 21.088; Checking Box AICar
9; Pedestrian; Interference; None; 27.09.2023 13:34:34; 805.2575; 0.1818001; 241.0218; Sidewalk; 21.10036; Checking Box AICar
9; Pedestrian; Interference; None; 27.09.2023 13:34:34; 805.2545; 0.1818001; 241.0224; Sidewalk; 21.12145; Checking Box AICar
9; Pedestrian; Interference; None; 27.09.2023 13:34:34; 805.252; 0.1818001; 241.023; Sidewalk; 21.14402; Checking Box AICar
9; Pedestrian; Interference; None; 27.09.2023 13:34:34; 805.248; 0.1818001; 241.023; Sidewalk; 21.17019; Checking Box AICar
9; Pedestrian; Interference; None; 27.09.2023 13:34:34; 805.2461; 0.1818001; 241.0232; Sidewalk; 21.19413; Checking Box AICar
9; Pedestrian; Interference; None; 27.09.2023 13:34:34; 805.2454; 0.1818001; 241.0232; Sidewalk; 21.20351; Checking Box AICar
9; Pedestrian; Interference; None; 27.09.2023 13:34:34; 805.2446; 0.1818001; 241.0234; Sidewalk; 21.22205; Checking Box AICar
9; Pedestrian; Interference; None; 27.09.2023 13:34:34; 805.2441; 0.1818001; 241.0232; Sidewalk; 21.23319; Checking Box AICar
9; Pedestrian; Interference; None; 27.09.2023 13:34:34; 805.2436; 0.1818001; 241.0234; Sidewalk; 21.26738; Checking Box AICar
9; Pedestrian; Interference; None; 27.09.2023 13:34:34; 805.2437; 0.1818001; 241.0234; Sidewalk; 21.28898; Checking Box AICar
9; Pedestrian; Interference; None; 27.09.2023 13:34:34; 805.2438; 0.1818001; 241.0233; Sidewalk; 21.30074; Checking Box AICar
9; Pedestrian; Interference; None; 27.09.2023 13:34:34; 805.2443; 0.1818001; 241.023; Sidewalk; 21.32545; Checking Box AICar
9; Pedestrian; Interference; None; 27.09.2023 13:34:34; 805.2451; 0.1818001; 241.0226; Sidewalk; 21.34949; Checking Box AICar
9; Pedestrian; Interference; None; 27.09.2023 13:34:34; 805.2463; 0.1818001; 241.0221; Sidewalk; 21.37025; Checking Box AICar
9; Pedestrian; Interference; None; 27.09.2023 13:34:34; 805.2477; 0.1818001; 241.0217; Sidewalk; 21.3892; Checking Box AICar
9; Pedestrian; Interference; None; 27.09.2023 13:34:34; 805.2474; 0.1818001; 241.0211; Sidewalk; 21.40017; Checking Box AICar
9; Pedestrian; Interference; None; 27.09.2023 13:34:34; 805.2487; 0.1818001; 241.0207; Sidewalk; 21.42194; Checking Box AICar
9; Pedestrian; Interference; None; 27.09.2023 13:34:34; 805.2502; 0.1818001; 241.0202; Sidewalk; 21.44474; Checking Box AICar
9; Pedestrian; Interference; None; 27.09.2023 13:34:34; 805.251; 0.1818001; 241.0197; Sidewalk; 21.46734; Checking Box AICar
9; Pedestrian; Interference; None; 27.09.2023 13:34:34; 805.2523; 0.1818001; 241.0194; Sidewalk; 21.49642; Checking Box AICar
9; Pedestrian; Interference; None; 27.09.2023 13:34:34; 805.2527; 0.1818001; 241.0192; Sidewalk; 21.50708; Checking Box AICar
9; Pedestrian; Interference; None; 27.09.2023 13:34:34; 805.2531; 0.1818001; 241.0189; Sidewalk; 21.52753; Checking Box AICar
9; Pedestrian; Interference; None; 27.09.2023 13:34:34; 805.2534; 0.1818001; 241.0187; Sidewalk; 21.5469; Checking Box AICar
9; Pedestrian; Interference; None; 27.09.2023 13:34:34; 805.2534; 0.1818001; 241.0186; Sidewalk; 21.56721; Checking Box AICar
9; Pedestrian; Interference; None; 27.09.2023 13:34:34; 805.2532; 0.1818001; 241.0184; Sidewalk; 21.5887; Checking Box AICar
9; Pedestrian; Interference; None; 27.09.2023 13:34:34; 805.2531; 0.1818001; 241.0183; Sidewalk; 21.60021; Checking Box AICar
9; Pedestrian; Interference; None; 27.09.2023 13:34:34; 805.253; 0.1818001; 241.0181; Sidewalk; 21.62223; Checking Box AICar
9; Pedestrian; Interference; None; 27.09.2023 13:34:34; 805.2531; 0.1818001; 241.0178; Sidewalk; 21.64941; Checking Box AICar
9; Pedestrian; Interference; None; 27.09.2023 13:34:34; 805.2534; 0.1818001; 241.0175; Sidewalk; 21.67283; Checking Box AICar
9; Pedestrian; Interference; None; 27.09.2023 13:34:34; 805.254; 0.1818001; 241.0169; Sidewalk; 21.69225; Checking Box AICar
9; Pedestrian; Interference; None; 27.09.2023 13:34:34; 805.2544; 0.1818001; 241.0167; Sidewalk; 21.70156; Checking Box AICar
9; Pedestrian; Interference; None; 27.09.2023 13:34:34; 805.2552; 0.1818001; 241.0161; Sidewalk; 21.72174; Checking Box AICar
9; Pedestrian; Interference; None; 27.09.2023 13:34:34; 805.256; 0.1818001; 241.0155; Sidewalk; 21.74401; Checking Box AICar
9; Pedestrian; Interference; None; 27.09.2023 13:34:34; 805.2571; 0.1818001; 241.0147; Sidewalk; 21.76724; Checking Box AICar
9; Pedestrian; Interference; None; 27.09.2023 13:34:34; 805.2582; 0.1818001; 241.014; Sidewalk; 21.79132; Checking Box AICar
9; Pedestrian; Interference; None; 27.09.2023 13:34:34; 805.2589; 0.1818001; 241.0136; Sidewalk; 21.80478; Checking Box AICar
9; Pedestrian; Interference; None; 27.09.2023 13:34:34; 805.2604; 0.1818001; 241.0127; Sidewalk; 21.82619; Checking Box AICar
9; Pedestrian; Interference; None; 27.09.2023 13:34:34; 805.2625; 0.1818001; 241.0116; Sidewalk; 21.84478; Checking Box AICar
9; Pedestrian; Interference; None; 27.09.2023 13:34:34; 805.2637; 0.1818001; 241.0109; Sidewalk; 21.85563; Checking Box AICar
9; Pedestrian; Interference; None; 27.09.2023 13:34:34; 805.269; 0.1818001; 241.0088; Sidewalk; 21.88897; Checking Box AICar
9; Pedestrian; Interference; None; 27.09.2023 13:34:34; 805.2711; 0.1818001; 241.008; Sidewalk; 21.89971; Checking Box AICar
9; Pedestrian; Interference; None; 27.09.2023 13:34:34; 805.276; 0.1818001; 241.0063; Sidewalk; 21.92261; Checking Box AICar
9; Pedestrian; Interference; None; 27.09.2023 13:34:34; 805.2812; 0.1818001; 241.0043; Sidewalk; 21.94838; null
9; Pedestrian; Interference; None; 27.09.2023 13:34:34; 805.2868; 0.1818001; 241.0027; Sidewalk; 21.97319; null
9; Pedestrian; Interference; None; 27.09.2023 13:34:34; 805.2911; 0.1818001; 241.0009; Sidewalk; 21.99246; null
9; Pedestrian; Interference; None; 27.09.2023 13:34:34; 805.2934; 0.1818001; 241.0001; Sidewalk; 22.00358; null
9; Pedestrian; Interference; None; 27.09.2023 13:34:34; 805.2969; 0.1818001; 240.9988; Sidewalk; 22.02417; null
9; Pedestrian; Interference; None; 27.09.2023 13:34:34; 805.2993; 0.1818001; 240.9976; Sidewalk; 22.04472; null
9; Pedestrian; Interference; None; 27.09.2023 13:34:34; 805.3006; 0.1818001; 240.9964; Sidewalk; 22.06606; null
9; Pedestrian; Interference; None; 27.09.2023 13:34:35; 805.3007; 0.1818001; 240.9959; Sidewalk; 22.07816; null
9; Pedestrian; Interference; None; 27.09.2023 13:34:35; 805.3004; 0.1818001; 240.9954; Sidewalk; 22.08932; null
9; Pedestrian; Interference; None; 27.09.2023 13:34:35; 805.2975; 0.1818001; 240.9943; Sidewalk; 22.12392; null
9; Pedestrian; Interference; None; 27.09.2023 13:34:35; 805.2938; 0.1818001; 240.9937; Sidewalk; 22.14404; null
9; Pedestrian; Interference; None; 27.09.2023 13:34:35; 805.2882; 0.1818001; 240.9933; Sidewalk; 22.16652; null
9; Pedestrian; Interference; None; 27.09.2023 13:34:35; 805.2816; 0.1818001; 240.9929; Sidewalk; 22.18824; null
9; Pedestrian; Interference; None; 27.09.2023 13:34:35; 805.2778; 0.1818001; 240.9928; Sidewalk; 22.19969; null
9; Pedestrian; Interference; None; 27.09.2023 13:34:35; 805.2687; 0.1818001; 240.9927; Sidewalk; 22.22235; null
9; Pedestrian; Interference; None; 27.09.2023 13:34:35; 805.2582; 0.1818001; 240.9929; Sidewalk; 22.24409; null
9; Pedestrian; Interference; None; 27.09.2023 13:34:35; 805.2457; 0.1818001; 240.9931; Sidewalk; 22.2699; null
9; Pedestrian; Interference; None; 27.09.2023 13:34:35; 805.2328; 0.1818001; 240.9937; Sidewalk; 22.29281; null
9; Pedestrian; Interference; None; 27.09.2023 13:34:35; 805.2256; 0.1818001; 240.9941; Sidewalk; 22.30214; null
9; Pedestrian; Interference; None; 27.09.2023 13:34:35; 805.2102; 0.1818001; 240.9953; Sidewalk; 22.32183; null
9; Pedestrian; Interference; None; 27.09.2023 13:34:35; 805.1932; 0.1818001; 240.9969; Sidewalk; 22.34355; Checking Box AICar
9; Pedestrian; Interference; None; 27.09.2023 13:34:35; 805.1748; 0.1818001; 240.9989; Sidewalk; 22.36557; Checking Box AICar
9; Pedestrian; Interference; None; 27.09.2023 13:34:35; 805.1563; 0.1818001; 241.0014; Sidewalk; 22.38767; null
9; Pedestrian; Interference; None; 27.09.2023 13:34:35; 805.1468; 0.1818001; 241.0032; Sidewalk; 22.39964; null
9; Pedestrian; Interference; None; 27.09.2023 13:34:35; 805.127; 0.1818001; 241.007; Sidewalk; 22.42752; null
9; Pedestrian; Interference; None; 27.09.2023 13:34:35; 805.1067; 0.1818001; 241.0114; Sidewalk; 22.44596; null
9; Pedestrian; Interference; None; 27.09.2023 13:34:35; 805.0944; 0.1818001; 241.0136; Sidewalk; 22.45661; null
9; Pedestrian; Interference; None; 27.09.2023 13:34:35; 805.0695; 0.1818001; 241.0217; Sidewalk; 22.48839; null
9; Pedestrian; Interference; None; 27.09.2023 13:34:35; 805.0629; 0.1818001; 241.0244; Sidewalk; 22.4994; null
9; Pedestrian; Interference; None; 27.09.2023 13:34:35; 805.0515; 0.1818001; 241.0297; Sidewalk; 22.52127; null
9; Pedestrian; Interference; None; 27.09.2023 13:34:35; 805.0511; 0.1818001; 241.0349; Sidewalk; 22.54385; null
9; Pedestrian; Interference; None; 27.09.2023 13:34:35; 805.0417; 0.1818001; 241.0384; Sidewalk; 22.56854; null
9; Pedestrian; Interference; None; 27.09.2023 13:34:35; 805.0283; 0.1818001; 241.0411; Sidewalk; 22.59246; null
9; Pedestrian; Interference; None; 27.09.2023 13:34:35; 805.0217; 0.1818001; 241.0426; Sidewalk; 22.60182; null
9; Pedestrian; Interference; None; 27.09.2023 13:34:35; 805.0072; 0.1818001; 241.0448; Sidewalk; 22.62122; null
9; Pedestrian; Interference; None; 27.09.2023 13:34:35; 804.9963; 0.1818001; 241.0463; Sidewalk; 22.64317; null
9; Pedestrian; Interference; None; 27.09.2023 13:34:35; 804.9883; 0.1818001; 241.0466; Sidewalk; 22.66521; null
9; Pedestrian; Interference; None; 27.09.2023 13:34:35; 804.9802; 0.1818001; 241.0449; Sidewalk; 22.68738; null
9; Pedestrian; Interference; None; 27.09.2023 13:34:35; 804.9754; 0.1818001; 241.0437; Sidewalk; 22.69882; null
9; Pedestrian; Interference; None; 27.09.2023 13:34:35; 804.9661; 0.1818001; 241.0409; Sidewalk; 22.72347; null
9; Pedestrian; Interference; None; 27.09.2023 13:34:35; 804.9531; 0.1818001; 241.0353; Sidewalk; 22.75326; null
9; Pedestrian; Interference; None; 27.09.2023 13:34:35; 804.9456; 0.1818001; 241.0314; Sidewalk; 22.77473; null
9; Pedestrian; Interference; None; 27.09.2023 13:34:35; 804.9396; 0.1818001; 241.0284; Sidewalk; 22.79653; null
9; Pedestrian; Interference; None; 27.09.2023 13:34:35; 804.9366; 0.1818001; 241.0275; Sidewalk; 22.80777; null
9; Pedestrian; Interference; None; 27.09.2023 13:34:35; 804.9304; 0.1818001; 241.0266; Sidewalk; 22.82988; null
9; Pedestrian; Interference; None; 27.09.2023 13:34:35; 804.9231; 0.1818001; 241.0275; Sidewalk; 22.85222; null
9; Pedestrian; Interference; None; 27.09.2023 13:34:35; 804.9193; 0.1818001; 241.0285; Sidewalk; 22.86314; null
9; Pedestrian; Interference; None; 27.09.2023 13:34:35; 804.9071; 0.1818001; 241.034; Sidewalk; 22.89619; null
9; Pedestrian; Interference; None; 27.09.2023 13:34:35; 804.9028; 0.1818001; 241.0363; Sidewalk; 22.90731; null
9; Pedestrian; Interference; None; 27.09.2023 13:34:35; 804.8943; 0.1818001; 241.0412; Sidewalk; 22.92935; null
9; Pedestrian; Interference; None; 27.09.2023 13:34:35; 804.886; 0.1818001; 241.046; Sidewalk; 22.95159; null
9; Pedestrian; Interference; None; 27.09.2023 13:34:35; 804.8785; 0.1818001; 241.0506; Sidewalk; 22.97401; null
9; Pedestrian; Interference; None; 27.09.2023 13:34:35; 804.8716; 0.1818001; 241.0546; Sidewalk; 22.99699; null
9; Pedestrian; Interference; None; 27.09.2023 13:34:35; 804.8684; 0.1818001; 241.0565; Sidewalk; 23.00828; null
9; Pedestrian; Interference; None; 27.09.2023 13:34:35; 804.8652; 0.1818001; 241.0581; Sidewalk; 23.0199; null
9; Pedestrian; Interference; None; 27.09.2023 13:34:35; 804.859; 0.1818001; 241.0611; Sidewalk; 23.04544; null
9; Pedestrian; Interference; None; 27.09.2023 13:34:35; 804.8528; 0.1818001; 241.0635; Sidewalk; 23.06503; null
9; Pedestrian; Interference; None; 27.09.2023 13:34:36; 804.847; 0.1818001; 241.0655; Sidewalk; 23.08808; null
9; Pedestrian; Interference; None; 27.09.2023 13:34:36; 804.847; 0.1818001; 241.0655; Sidewalk; 23.08808; null
9; Pedestrian; Interference; None; 27.09.2023 13:34:36; 804.8372; 0.1818001; 241.0685; Sidewalk; 23.12188; null
9; Pedestrian; Interference; None; 27.09.2023 13:34:36; 804.8303; 0.1818001; 241.0704; Sidewalk; 23.14425; null
9; Pedestrian; Interference; None; 27.09.2023 13:34:36; 804.8234; 0.1818001; 241.0721; Sidewalk; 23.1664; null
9; Pedestrian; Interference; None; 27.09.2023 13:34:36; 804.8168; 0.1818001; 241.0738; Sidewalk; 23.19286; null
9; Pedestrian; Interference; None; 27.09.2023 13:34:36; 804.813; 0.1818001; 241.0745; Sidewalk; 23.20435; null
9; Pedestrian; Interference; None; 27.09.2023 13:34:36; 804.8059; 0.1818001; 241.0757; Sidewalk; 23.22367; null
9; Pedestrian; Interference; None; 27.09.2023 13:34:36; 804.7997; 0.1818001; 241.0766; Sidewalk; 23.24578; null
9; Pedestrian; Interference; None; 27.09.2023 13:34:36; 804.7953; 0.1818001; 241.0772; Sidewalk; 23.26741; null
9; Pedestrian; Interference; None; 27.09.2023 13:34:36; 804.7917; 0.1818001; 241.0775; Sidewalk; 23.28986; null
9; Pedestrian; Interference; None; 27.09.2023 13:34:36; 804.7906; 0.1818001; 241.0775; Sidewalk; 23.30178; null
9; Pedestrian; Interference; None; 27.09.2023 13:34:36; 804.7896; 0.1818001; 241.0771; Sidewalk; 23.32445; null
9; Pedestrian; Interference; None; 27.09.2023 13:34:36; 804.7891; 0.1818001; 241.0768; Sidewalk; 23.33714; null
9; Pedestrian; Interference; None; 27.09.2023 13:34:36; 804.7902; 0.1818001; 241.0751; Sidewalk; 23.36684; null
9; Pedestrian; Interference; None; 27.09.2023 13:34:36; 804.7922; 0.1818001; 241.073; Sidewalk; 23.38842; null
9; Pedestrian; Interference; None; 27.09.2023 13:34:36; 804.7932; 0.1818001; 241.0716; Sidewalk; 23.39994; null
9; Pedestrian; Interference; None; 27.09.2023 13:34:36; 804.7949; 0.1818001; 241.0685; Sidewalk; 23.42188; null
9; Pedestrian; Interference; None; 27.09.2023 13:34:36; 804.7983; 0.1818001; 241.0652; Sidewalk; 23.44391; null
9; Pedestrian; Interference; None; 27.09.2023 13:34:36; 804.8036; 0.1818001; 241.0625; Sidewalk; 23.46474; null
9; Pedestrian; Interference; None; 27.09.2023 13:34:36; 804.8091; 0.1818001; 241.0606; Sidewalk; 23.48841; null
9; Pedestrian; Interference; None; 27.09.2023 13:34:36; 804.8116; 0.1818001; 241.0599; Sidewalk; 23.50222; null
9; Pedestrian; Interference; None; 27.09.2023 13:34:36; 804.8161; 0.1818001; 241.0591; Sidewalk; 23.5246; null
9; Pedestrian; Interference; None; 27.09.2023 13:34:36; 804.819; 0.1818001; 241.0599; Sidewalk; 23.54512; null
9; Pedestrian; Interference; None; 27.09.2023 13:34:36; 804.8195; 0.1818001; 241.0606; Sidewalk; 23.55498; Checking Box AICar
9; Pedestrian; Interference; None; 27.09.2023 13:34:36; 804.8158; 0.1818001; 241.0642; Sidewalk; 23.56514; Checking Box AICar
9; Pedestrian; Interference; None; 27.09.2023 13:34:36; 804.8126; 0.1818001; 241.0655; Sidewalk; 23.60237; Checking Box AICar
9; Pedestrian; Interference; None; 27.09.2023 13:34:36; 804.8038; 0.1818001; 241.0685; Sidewalk; 23.62326; Checking Box AICar
9; Pedestrian; Interference; None; 27.09.2023 13:34:36; 804.7979; 0.1818001; 241.0701; Sidewalk; 23.63268; Checking Box AICar
9; Pedestrian; Interference; None; 27.09.2023 13:34:36; 804.784; 0.1818001; 241.0734; Sidewalk; 23.66451; Checking Box AICar
9; Pedestrian; Interference; None; 27.09.2023 13:34:36; 804.7597; 0.1818001; 241.0788; Sidewalk; 23.688; Checking Box AICar
9; Pedestrian; Interference; None; 27.09.2023 13:34:36; 804.7509; 0.1818001; 241.0806; Sidewalk; 23.69844; Checking Box AICar
9; Pedestrian; Interference; None; 27.09.2023 13:34:36; 804.7415; 0.1818001; 241.0824; Road; 0; Checking Box AICar
9; Pedestrian; Interference; None; 27.09.2023 13:34:36; 804.7137; 0.1818001; 241.0876; Road; 0.0342177; Checking Box AICar
9; Pedestrian; Interference; None; 27.09.2023 13:34:36; 804.6942; 0.1818001; 241.0907; Road; 0.0556346; Checking Box AICar
9; Pedestrian; Interference; None; 27.09.2023 13:34:36; 804.6735; 0.1818001; 241.0932; Road; 0.0781828; Checking Box AICar
9; Pedestrian; Interference; None; 27.09.2023 13:34:36; 804.6628; 0.1818001; 241.0944; Road; 0.090124; Checking Box AICar
9; Pedestrian; Interference; None; 27.09.2023 13:34:36; 804.6411; 0.1818001; 241.0967; Road; 0.1178814; Checking Box AICar
9; Pedestrian; Interference; None; 27.09.2023 13:34:36; 804.6185; 0.1818001; 241.0987; Road; 0.1377814; Checking Box AICar
9; Pedestrian; Interference; None; 27.09.2023 13:34:36; 804.5955; 0.1818001; 241.1007; Road; 0.1570039; Checking Box AICar
9; Pedestrian; Interference; None; 27.09.2023 13:34:36; 804.5718; 0.1818001; 241.1026; Road; 0.1777149; null
9; Pedestrian; Interference; None; 27.09.2023 13:34:36; 804.5593; 0.1818001; 241.1034; Road; 0.1897111; null
9; Pedestrian; Interference; None; 27.09.2023 13:34:36; 804.5339; 0.1818001; 241.1049; Road; 0.2118031; null
9; Pedestrian; Interference; None; 27.09.2023 13:34:36; 804.5076; 0.1818001; 241.1064; Road; 0.2332085; null
9; Pedestrian; Interference; None; 27.09.2023 13:34:36; 804.4818; 0.1818001; 241.108; Road; 0.2640015; null
9; Pedestrian; Interference; None; 27.09.2023 13:34:36; 804.4558; 0.1818001; 241.1099; Road; 0.2865023; null
9; Pedestrian; Interference; None; 27.09.2023 13:34:36; 804.4431; 0.1818001; 241.1109; Road; 0.2951776; null
9; Pedestrian; Interference; None; 27.09.2023 13:34:36; 804.4179; 0.1818001; 241.1131; Road; 0.3152728; null
9; Pedestrian; Interference; None; 27.09.2023 13:34:36; 804.3942; 0.1818001; 241.116; Road; 0.3349073; null
9; Pedestrian; Interference; None; 27.09.2023 13:34:36; 804.3724; 0.1818001; 241.1192; Road; 0.3552197; null
9; Pedestrian; Interference; None; 27.09.2023 13:34:37; 804.3508; 0.1818001; 241.1223; Road; 0.3774347; null
9; Pedestrian; Interference; None; 27.09.2023 13:34:37; 804.3397; 0.1818001; 241.1237; Road; 0.3895487; null
9; Pedestrian; Interference; None; 27.09.2023 13:34:37; 804.3181; 0.1818001; 241.1263; Road; 0.4144963; null
9; Pedestrian; Interference; None; 27.09.2023 13:34:37; 804.2974; 0.1818001; 241.1287; Road; 0.4373149; null
9; Pedestrian; Interference; None; 27.09.2023 13:34:37; 804.2776; 0.1818001; 241.1308; Road; 0.4566141; null
9; Pedestrian; Interference; None; 27.09.2023 13:34:37; 804.2608; 0.1818001; 241.1328; Road; 0.4775894; null
9; Pedestrian; Interference; None; 27.09.2023 13:34:37; 804.252; 0.1818001; 241.1337; Road; 0.4888066; null
9; Pedestrian; Interference; None; 27.09.2023 13:34:37; 804.235; 0.1818001; 241.1354; Road; 0.5116004; null
9; Pedestrian; Interference; None; 27.09.2023 13:34:37; 804.216; 0.1818001; 241.1365; Road; 0.5327691; null
9; Pedestrian; Interference; None; 27.09.2023 13:34:37; 804.2014; 0.1818001; 241.1379; Road; 0.554988; null
9; Pedestrian; Interference; None; 27.09.2023 13:34:37; 804.1953; 0.1818001; 241.1394; Road; 0.5802309; null
9; Pedestrian; Interference; None; 27.09.2023 13:34:37; 804.1863; 0.1818001; 241.1395; Road; 0.5905649; null
9; Pedestrian; Interference; None; 27.09.2023 13:34:37; 804.1589; 0.1818001; 241.1396; Road; 0.6218224; null
9; Pedestrian; Interference; None; 27.09.2023 13:34:37; 804.1589; 0.1818001; 241.1396; Road; 0.6218224; null
9; Pedestrian; Interference; None; 27.09.2023 13:34:37; 804.1277; 0.1818001; 241.1393; Road; 0.6557047; null
9; Pedestrian; Interference; None; 27.09.2023 13:34:37; 804.1072; 0.1818001; 241.1395; Road; 0.6772096; null
9; Pedestrian; Interference; None; 27.09.2023 13:34:37; 804.0969; 0.1818001; 241.1398; Road; 0.6887072; null
9; Pedestrian; Interference; None; 27.09.2023 13:34:37; 804.0758; 0.1818001; 241.1405; Road; 0.7116546; null
9; Pedestrian; Interference; None; 27.09.2023 13:34:37; 804.0538; 0.1818001; 241.1416; Road; 0.7366859; null
9; Pedestrian; Interference; None; 27.09.2023 13:34:37; 804.0311; 0.1818001; 241.1431; Road; 0.7594874; null
9; Pedestrian; Interference; None; 27.09.2023 13:34:37; 804.0084; 0.1818001; 241.1451; Road; 0.7795187; null
9; Pedestrian; Interference; None; 27.09.2023 13:34:37; 803.9967; 0.1818001; 241.1464; Road; 0.7898433; null
9; Pedestrian; Interference; None; 27.09.2023 13:34:37; 803.9625; 0.1818001; 241.1507; Road; 0.8224083; null
9; Pedestrian; Interference; None; 27.09.2023 13:34:37; 803.9403; 0.1818001; 241.154; Road; 0.8449912; null
9; Pedestrian; Interference; None; 27.09.2023 13:34:37; 803.9295; 0.1818001; 241.1558; Road; 0.8545786; null
9; Pedestrian; Interference; None; 27.09.2023 13:34:37; 803.9077; 0.1818001; 241.1597; Road; 0.8807656; null
9; Pedestrian; Interference; None; 27.09.2023 13:34:37; 803.897; 0.1818001; 241.1617; Road; 0.8935686; null
9; Pedestrian; Interference; None; 27.09.2023 13:34:37; 803.8766; 0.1818001; 241.166; Road; 0.9145442; null
9; Pedestrian; Interference; None; 27.09.2023 13:34:37; 803.8577; 0.1818001; 241.1706; Road; 0.9335905; null
9; Pedestrian; Interference; None; 27.09.2023 13:34:37; 803.84; 0.1818001; 241.1754; Road; 0.9553928; null
9; Pedestrian; Interference; None; 27.09.2023 13:34:37; 803.8229; 0.1818001; 241.1803; Road; 0.9772168; null
9; Pedestrian; Interference; None; 27.09.2023 13:34:37; 803.8143; 0.1818001; 241.1826; Road; 0.9882608; null
9; Pedestrian; Interference; None; 27.09.2023 13:34:37; 803.7944; 0.1818001; 241.1873; Road; 1.011791; null
9; Pedestrian; Interference; None; 27.09.2023 13:34:37; 803.7759; 0.1818001; 241.192; Road; 1.035715; null
9; Pedestrian; Interference; None; 27.09.2023 13:34:37; 803.7564; 0.1818001; 241.1961; Road; 1.058135; null
9; Pedestrian; Interference; None; 27.09.2023 13:34:37; 803.7267; 0.1818001; 241.2014; Road; 1.088292; null
9; Pedestrian; Interference; None; 27.09.2023 13:34:37; 803.7267; 0.1818001; 241.2014; Road; 1.088292; null
9; Pedestrian; Interference; None; 27.09.2023 13:34:37; 803.6973; 0.1818001; 241.2056; Road; 1.121271; null
9; Pedestrian; Interference; None; 27.09.2023 13:34:37; 803.6855; 0.1818001; 241.2066; Road; 1.132557; null
9; Pedestrian; Interference; None; 27.09.2023 13:34:37; 803.6654; 0.1818001; 241.2084; Road; 1.154835; null
9; Pedestrian; Interference; None; 27.09.2023 13:34:37; 803.645; 0.1818001; 241.2097; Road; 1.177093; null
9; Pedestrian; Interference; None; 27.09.2023 13:34:37; 803.6351; 0.1818001; 241.2102; Road; 1.191404; null
9; Pedestrian; Interference; None; 27.09.2023 13:34:37; 803.6055; 0.1818001; 241.2113; Road; 1.221688; null
9; Pedestrian; Interference; None; 27.09.2023 13:34:37; 803.5854; 0.1818001; 241.2115; Road; 1.244458; null
9; Pedestrian; Interference; None; 27.09.2023 13:34:37; 803.5644; 0.1818001; 241.2112; Road; 1.266073; null
9; Pedestrian; Interference; None; 27.09.2023 13:34:37; 803.5644; 0.1818001; 241.2112; Road; 1.266073; null
9; Pedestrian; Interference; None; 27.09.2023 13:34:37; 803.5537; 0.1818001; 241.2107; Road; 1.276449; null
9; Pedestrian; Interference; None; 27.09.2023 13:34:37; 803.5101; 0.1818001; 241.2092; Road; 1.322121; null
9; Pedestrian; Interference; None; 27.09.2023 13:34:37; 803.4991; 0.1818001; 241.2085; Road; 1.332259; null
9; Pedestrian; Interference; None; 27.09.2023 13:34:37; 803.4768; 0.1818001; 241.2069; Road; 1.360141; null
9; Pedestrian; Interference; None; 27.09.2023 13:34:38; 803.4421; 0.1818001; 241.2038; Road; 1.390262; null
9; Pedestrian; Interference; None; 27.09.2023 13:34:38; 803.4421; 0.1818001; 241.2038; Road; 1.390262; null
9; Pedestrian; Interference; None; 27.09.2023 13:34:38; 803.42; 0.1818001; 241.2013; Road; 1.410653; null
9; Pedestrian; Interference; None; 27.09.2023 13:34:38; 803.3983; 0.1818001; 241.1985; Road; 1.432974; null
9; Pedestrian; Interference; None; 27.09.2023 13:34:38; 803.3667; 0.1818001; 241.1939; Road; 1.466072; null
9; Pedestrian; Interference; None; 27.09.2023 13:34:38; 803.3566; 0.1818001; 241.1922; Road; 1.476868; null
9; Pedestrian; Interference; None; 27.09.2023 13:34:38; 803.3466; 0.1818001; 241.1904; Road; 1.488719; null
9; Pedestrian; Interference; None; 27.09.2023 13:34:38; 803.3271; 0.1818001; 241.1869; Road; 1.514749; null
9; Pedestrian; Interference; None; 27.09.2023 13:34:38; 803.2953; 0.1818001; 241.181; Road; 1.544165; null
9; Pedestrian; Interference; None; 27.09.2023 13:34:38; 803.2739; 0.1818001; 241.177; Road; 1.566466; null
9; Pedestrian; Interference; None; 27.09.2023 13:34:38; 803.2523; 0.1818001; 241.1729; Road; 1.589214; null
9; Pedestrian; Interference; None; 27.09.2023 13:34:38; 803.2523; 0.1818001; 241.1729; Road; 1.589214; null
9; Pedestrian; Interference; None; 27.09.2023 13:34:38; 803.2301; 0.1818001; 241.1687; Road; 1.610624; null
9; Pedestrian; Interference; None; 27.09.2023 13:34:38; 803.2085; 0.1818001; 241.1646; Road; 1.632893; null
9; Pedestrian; Interference; None; 27.09.2023 13:34:38; 803.1846; 0.1818001; 241.1603; Road; 1.658111; null
9; Pedestrian; Interference; None; 27.09.2023 13:34:38; 803.1636; 0.1818001; 241.1567; Road; 1.681925; null
9; Pedestrian; Interference; None; 27.09.2023 13:34:38; 803.1428; 0.1818001; 241.1533; Road; 1.699251; null
9; Pedestrian; Interference; None; 27.09.2023 13:34:38; 803.1219; 0.1818001; 241.1503; Road; 1.72118; null
9; Pedestrian; Interference; None; 27.09.2023 13:34:38; 803.1007; 0.1818001; 241.1475; Road; 1.74421; null
9; Pedestrian; Interference; None; 27.09.2023 13:34:38; 803.0801; 0.1818001; 241.1452; Road; 1.766645; null
9; Pedestrian; Interference; None; 27.09.2023 13:34:38; 803.059; 0.1818001; 241.1433; Road; 1.787919; null
9; Pedestrian; Interference; None; 27.09.2023 13:34:38; 803.059; 0.1818001; 241.1433; Road; 1.787919; null
9; Pedestrian; Interference; None; 27.09.2023 13:34:38; 803.0377; 0.1818001; 241.1418; Road; 1.813392; null
9; Pedestrian; Interference; None; 27.09.2023 13:34:38; 803.0156; 0.1818001; 241.1407; Road; 1.836313; null
9; Pedestrian; Interference; None; 27.09.2023 13:34:38; 803.0055; 0.1818001; 241.1405; Road; 1.845606; null
9; Pedestrian; Interference; None; 27.09.2023 13:34:38; 802.9734; 0.1818001; 241.1396; Road; 1.877448; null
9; Pedestrian; Interference; None; 27.09.2023 13:34:38; 802.963; 0.1818001; 241.1395; Road; 1.889148; null
9; Pedestrian; Interference; None; 27.09.2023 13:34:38; 802.9314; 0.1818001; 241.1399; Road; 1.921742; null
9; Pedestrian; Interference; None; 27.09.2023 13:34:38; 802.9097; 0.1818001; 241.1406; Road; 1.943651; null
9; Pedestrian; Interference; None; 27.09.2023 13:34:38; 802.8983; 0.1818001; 241.141; Road; 1.9545; null
9; Pedestrian; Interference; None; 27.09.2023 13:34:38; 802.877; 0.1818001; 241.1424; Road; 1.983058; null
9; Pedestrian; Interference; None; 27.09.2023 13:34:38; 802.8658; 0.1818001; 241.143; Road; 1.991869; null
9; Pedestrian; Interference; None; 27.09.2023 13:34:38; 802.8345; 0.1818001; 241.1458; Road; 2.021645; null
9; Pedestrian; Interference; None; 27.09.2023 13:34:38; 802.814; 0.1818001; 241.1479; Road; 2.043333; null
9; Pedestrian; Interference; None; 27.09.2023 13:34:38; 802.7942; 0.1818001; 241.1505; Road; 2.065808; null
9; Pedestrian; Interference; None; 27.09.2023 13:34:38; 802.7744; 0.1818001; 241.1534; Road; 2.088929; null
9; Pedestrian; Interference; None; 27.09.2023 13:34:38; 802.7744; 0.1818001; 241.1534; Road; 2.088929; null
9; Pedestrian; Interference; None; 27.09.2023 13:34:38; 802.7548; 0.1818001; 241.1566; Road; 2.111056; null
9; Pedestrian; Interference; None; 27.09.2023 13:34:38; 802.7352; 0.1818001; 241.16; Road; 2.13663; null
9; Pedestrian; Interference; None; 27.09.2023 13:34:38; 802.7022; 0.1818001; 241.1656; Road; 2.165595; null
9; Pedestrian; Interference; None; 27.09.2023 13:34:38; 802.6808; 0.1818001; 241.1694; Road; 2.188747; null
9; Pedestrian; Interference; None; 27.09.2023 13:34:38; 802.6706; 0.1818001; 241.1714; Road; 2.198599; null
9; Pedestrian; Interference; None; 27.09.2023 13:34:38; 802.65; 0.1818001; 241.1754; Road; 2.221457; null
9; Pedestrian; Interference; None; 27.09.2023 13:34:38; 802.6397; 0.1818001; 241.1774; Road; 2.232099; null
9; Pedestrian; Interference; None; 27.09.2023 13:34:38; 802.6202; 0.1818001; 241.1814; Road; 2.255014; null
9; Pedestrian; Interference; None; 27.09.2023 13:34:38; 802.6007; 0.1818001; 241.1852; Road; 2.279271; null
9; Pedestrian; Interference; None; 27.09.2023 13:34:38; 802.5909; 0.1818001; 241.187; Road; 2.291948; null
9; Pedestrian; Interference; None; 27.09.2023 13:34:38; 802.5631; 0.1818001; 241.1924; Road; 2.323105; null
9; Pedestrian; Interference; None; 27.09.2023 13:34:38; 802.5446; 0.1818001; 241.1958; Road; 2.343364; null
9; Pedestrian; Interference; None; 27.09.2023 13:34:38; 802.525; 0.1818001; 241.1987; Road; 2.365864; null
9; Pedestrian; Interference; None; 27.09.2023 13:34:39; 802.505; 0.1818001; 241.2013; Road; 2.388657; null
9; Pedestrian; Interference; None; 27.09.2023 13:34:39; 802.4952; 0.1818001; 241.2025; Road; 2.398237; null
9; Pedestrian; Interference; None; 27.09.2023 13:34:39; 802.4852; 0.1818001; 241.2036; Road; 2.409959; null
9; Pedestrian; Interference; None; 27.09.2023 13:34:39; 802.4658; 0.1818001; 241.2057; Road; 2.43521; null
9; Pedestrian; Interference; None; 27.09.2023 13:34:39; 802.4368; 0.1818001; 241.2081; Road; 2.466424; null
9; Pedestrian; Interference; None; 27.09.2023 13:34:39; 802.4269; 0.1818001; 241.2085; Road; 2.476558; null
9; Pedestrian; Interference; None; 27.09.2023 13:34:39; 802.4068; 0.1818001; 241.2098; Road; 2.499061; null
9; Pedestrian; Interference; None; 27.09.2023 13:34:39; 802.3969; 0.1818001; 241.2102; Road; 2.510131; null
9; Pedestrian; Interference; None; 27.09.2023 13:34:39; 802.3669; 0.1818001; 241.2109; Road; 2.543263; null
9; Pedestrian; Interference; None; 27.09.2023 13:34:39; 802.347; 0.1818001; 241.211; Road; 2.565791; null
9; Pedestrian; Interference; None; 27.09.2023 13:34:39; 802.3372; 0.1818001; 241.211; Road; 2.576509; null
9; Pedestrian; Interference; None; 27.09.2023 13:34:39; 802.3267; 0.1818001; 241.2108; Road; 2.591556; null
9; Pedestrian; Interference; None; 27.09.2023 13:34:39; 802.3063; 0.1818001; 241.2103; Road; 2.617556; null
9; Pedestrian; Interference; None; 27.09.2023 13:34:39; 802.2758; 0.1818001; 241.2092; Road; 2.64596; null
9; Pedestrian; Interference; None; 27.09.2023 13:34:39; 802.2553; 0.1818001; 241.208; Road; 2.665242; null
9; Pedestrian; Interference; None; 27.09.2023 13:34:39; 802.235; 0.1818001; 241.2066; Road; 2.688156; null
9; Pedestrian; Interference; None; 27.09.2023 13:34:39; 802.2249; 0.1818001; 241.2059; Road; 2.698558; null
9; Pedestrian; Interference; None; 27.09.2023 13:34:39; 802.2043; 0.1818001; 241.2041; Road; 2.721312; null
9; Pedestrian; Interference; None; 27.09.2023 13:34:39; 802.1935; 0.1818001; 241.203; Road; 2.732412; null
9; Pedestrian; Interference; None; 27.09.2023 13:34:39; 802.1735; 0.1818001; 241.2009; Road; 2.761461; null
9; Pedestrian; Interference; None; 27.09.2023 13:34:39; 802.1524; 0.1818001; 241.1985; Road; 2.783265; null
9; Pedestrian; Interference; None; 27.09.2023 13:34:39; 802.1413; 0.1818001; 241.1971; Road; 2.792065; null
9; Pedestrian; Interference; None; 27.09.2023 13:34:39; 802.1104; 0.1818001; 241.1928; Road; 2.821261; null
9; Pedestrian; Interference; None; 27.09.2023 13:34:39; 802.0995; 0.1818001; 241.191; Road; 2.83192; null
9; Pedestrian; Interference; None; 27.09.2023 13:34:39; 802.0674; 0.1818001; 241.1857; Road; 2.865067; null
9; Pedestrian; Interference; None; 27.09.2023 13:34:39; 802.0571; 0.1818001; 241.1839; Road; 2.876836; null
9; Pedestrian; Interference; None; 27.09.2023 13:34:39; 802.046; 0.1818001; 241.1819; Road; 2.888983; null
9; Pedestrian; Interference; None; 27.09.2023 13:34:39; 802.0242; 0.1818001; 241.1777; Road; 2.914916; null
9; Pedestrian; Interference; None; 27.09.2023 13:34:39; 801.9918; 0.1818001; 241.1712; Road; 2.943027; null
9; Pedestrian; Interference; None; 27.09.2023 13:34:39; 801.9706; 0.1818001; 241.1667; Road; 2.964942; null
9; Pedestrian; Interference; None; 27.09.2023 13:34:39; 801.9459; 0.1818001; 241.1622; Road; 2.988395; null
9; Pedestrian; Interference; None; 27.09.2023 13:34:39; 801.9334; 0.1818001; 241.16; Road; 2.998316; null
9; Pedestrian; Interference; None; 27.09.2023 13:34:39; 801.9104; 0.1818001; 241.1557; Road; 3.021048; null
9; Pedestrian; Interference; None; 27.09.2023 13:34:39; 801.8989; 0.1818001; 241.1537; Road; 3.031638; null
9; Pedestrian; Interference; None; 27.09.2023 13:34:39; 801.8774; 0.1818001; 241.1498; Road; 3.056971; null
9; Pedestrian; Interference; None; 27.09.2023 13:34:39; 801.8559; 0.1818001; 241.1463; Road; 3.080269; null
9; Pedestrian; Interference; None; 27.09.2023 13:34:39; 801.8337; 0.1818001; 241.143; Road; 3.099839; null
9; Pedestrian; Interference; None; 27.09.2023 13:34:39; 801.8222; 0.1818001; 241.1418; Road; 3.109578; null
9; Pedestrian; Interference; None; 27.09.2023 13:34:39; 801.7898; 0.1818001; 241.1376; Road; 3.144891; null
9; Pedestrian; Interference; None; 27.09.2023 13:34:39; 801.7629; 0.1818001; 241.1348; Road; 3.165134; null
9; Pedestrian; Interference; None; 27.09.2023 13:34:39; 801.7504; 0.1818001; 241.1337; Road; 3.176028; null
9; Pedestrian; Interference; None; 27.09.2023 13:34:39; 801.7389; 0.1818001; 241.1328; Road; 3.188639; null
9; Pedestrian; Interference; None; 27.09.2023 13:34:39; 801.7161; 0.1818001; 241.1313; Road; 3.213221; null
9; Pedestrian; Interference; None; 27.09.2023 13:34:39; 801.682; 0.1818001; 241.1298; Road; 3.245546; null
9; Pedestrian; Interference; None; 27.09.2023 13:34:39; 801.6591; 0.1818001; 241.1293; Road; 3.2656; null
9; Pedestrian; Interference; None; 27.09.2023 13:34:39; 801.6354; 0.1818001; 241.1291; Road; 3.288027; null
9; Pedestrian; Interference; None; 27.09.2023 13:34:39; 801.6237; 0.1818001; 241.1292; Road; 3.297595; null
9; Pedestrian; Interference; None; 27.09.2023 13:34:39; 801.6112; 0.1818001; 241.1292; Road; 3.309835; null
9; Pedestrian; Interference; None; 27.09.2023 13:34:39; 801.5747; 0.1818001; 241.1301; Road; 3.342901; null
9; Pedestrian; Interference; None; 27.09.2023 13:34:39; 801.5628; 0.1818001; 241.1305; Road; 3.354702; null
9; Pedestrian; Interference; None; 27.09.2023 13:34:40; 801.5369; 0.1818001; 241.1315; Road; 3.380557; null
9; Pedestrian; Interference; None; 27.09.2023 13:34:40; 801.5111; 0.1818001; 241.1328; Road; 3.400492; null
9; Pedestrian; Interference; None; 27.09.2023 13:34:40; 801.4861; 0.1818001; 241.1344; Road; 3.42094; null
9; Pedestrian; Interference; None; 27.09.2023 13:34:40; 801.4625; 0.1818001; 241.1366; Road; 3.442945; null
9; Pedestrian; Interference; None; 27.09.2023 13:34:40; 801.4395; 0.1818001; 241.1391; Road; 3.466; null
9; Pedestrian; Interference; None; 27.09.2023 13:34:40; 801.4168; 0.1818001; 241.142; Road; 3.487499; null
9; Pedestrian; Interference; None; 27.09.2023 13:34:40; 801.4049; 0.1818001; 241.1435; Road; 3.498511; null
9; Pedestrian; Interference; None; 27.09.2023 13:34:40; 801.3932; 0.1818001; 241.1451; Road; 3.510038; null
9; Pedestrian; Interference; None; 27.09.2023 13:34:40; 801.3711; 0.1818001; 241.1486; Road; 3.537237; null
9; Pedestrian; Interference; None; 27.09.2023 13:34:40; 801.3357; 0.1818001; 241.1543; Road; 3.566772; null
9; Pedestrian; Interference; None; 27.09.2023 13:34:40; 801.3116; 0.1818001; 241.1585; Road; 3.587324; null
9; Pedestrian; Interference; None; 27.09.2023 13:34:40; 801.3004; 0.1818001; 241.1607; Road; 3.598998; null
9; Pedestrian; Interference; None; 27.09.2023 13:34:40; 801.2749; 0.1818001; 241.1647; Road; 3.620322; null
9; Pedestrian; Interference; None; 27.09.2023 13:34:40; 801.2516; 0.1818001; 241.169; Road; 3.642511; null
9; Pedestrian; Interference; None; 27.09.2023 13:34:40; 801.2399; 0.1818001; 241.171; Road; 3.653512; null
9; Pedestrian; Interference; None; 27.09.2023 13:34:40; 801.2203; 0.1818001; 241.1752; Road; 3.678702; null
9; Pedestrian; Interference; None; 27.09.2023 13:34:40; 801.2098; 0.1818001; 241.1771; Road; 3.691935; null
9; Pedestrian; Interference; None; 27.09.2023 13:34:40; 801.1823; 0.1818001; 241.1826; Road; 3.72158; null
9; Pedestrian; Interference; None; 27.09.2023 13:34:40; 801.1724; 0.1818001; 241.1842; Road; 3.731023; null
9; Pedestrian; Interference; None; 27.09.2023 13:34:40; 801.1431; 0.1818001; 241.1887; Road; 3.765706; null
9; Pedestrian; Interference; None; 27.09.2023 13:34:40; 801.1245; 0.1818001; 241.1911; Road; 3.787889; null
9; Pedestrian; Interference; None; 27.09.2023 13:34:40; 801.1245; 0.1818001; 241.1911; Road; 3.787889; null
9; Pedestrian; Interference; None; 27.09.2023 13:34:40; 801.105; 0.1818001; 241.1931; Road; 3.810622; null
9; Pedestrian; Interference; None; 27.09.2023 13:34:40; 801.0852; 0.1818001; 241.1947; Road; 3.83412; null
9; Pedestrian; Interference; None; 27.09.2023 13:34:40; 801.0638; 0.1818001; 241.1956; Road; 3.860012; null
9; Pedestrian; Interference; None; 27.09.2023 13:34:40; 801.0333; 0.1818001; 241.1973; Road; 3.888946; null
9; Pedestrian; Interference; None; 27.09.2023 13:34:40; 801.0226; 0.1818001; 241.1979; Road; 3.897614; null
9; Pedestrian; Interference; None; 27.09.2023 13:34:40; 801.002; 0.1818001; 241.1994; Road; 3.920735; null
9; Pedestrian; Interference; None; 27.09.2023 13:34:40; 800.9827; 0.1818001; 241.2015; Road; 3.943249; null
9; Pedestrian; Interference; None; 27.09.2023 13:34:40; 800.9625; 0.1818001; 241.2038; Road; 3.965331; null
9; Pedestrian; Interference; None; 27.09.2023 13:34:40; 800.9531; 0.1818001; 241.2049; Road; 3.976055; null
9; Pedestrian; Interference; None; 27.09.2023 13:34:40; 800.9435; 0.1818001; 241.2064; Road; 3.991663; null
9; Pedestrian; Interference; None; 27.09.2023 13:34:40; 800.9257; 0.1818001; 241.2101; Road; 4.016266; null
9; Pedestrian; Interference; None; 27.09.2023 13:34:40; 800.9075; 0.1818001; 241.2136; Road; 4.036721; null
9; Pedestrian; Interference; None; 27.09.2023 13:34:40; 800.8825; 0.1818001; 241.2194; Road; 4.067043; null
9; Pedestrian; Interference; None; 27.09.2023 13:34:40; 800.8679; 0.1818001; 241.2237; Road; 4.087357; null
9; Pedestrian; Interference; None; 27.09.2023 13:34:40; 800.8616; 0.1818001; 241.2261; Road; 4.097456; null
9; Pedestrian; Interference; None; 27.09.2023 13:34:40; 800.8496; 0.1818001; 241.2305; Road; 4.12043; null
9; Pedestrian; Interference; None; 27.09.2023 13:34:40; 800.8443; 0.1818001; 241.2329; Road; 4.131007; null
9; Pedestrian; Interference; None; 27.09.2023 13:34:40; 800.8328; 0.1818001; 241.2391; Road; 4.16734; null
9; Pedestrian; Interference; None; 27.09.2023 13:34:40; 800.828; 0.1818001; 241.2429; Road; 4.186716; null
9; Pedestrian; Interference; None; 27.09.2023 13:34:40; 800.8259; 0.1818001; 241.2444; Road; 4.197546; null
9; Pedestrian; Interference; None; 27.09.2023 13:34:40; 800.824; 0.1818001; 241.2471; Road; 4.219731; null
9; Pedestrian; Interference; None; 27.09.2023 13:34:40; 800.8216; 0.1818001; 241.2487; Road; 4.2417; null
9; Pedestrian; Interference; None; 27.09.2023 13:34:40; 800.8195; 0.1818001; 241.2491; Road; 4.264084; null
9; Pedestrian; Interference; None; 27.09.2023 13:34:40; 800.8178; 0.1818001; 241.2491; Road; 4.27509; null
9; Pedestrian; Interference; None; 27.09.2023 13:34:40; 800.8161; 0.1818001; 241.249; Road; 4.286454; null
9; Pedestrian; Interference; None; 27.09.2023 13:34:40; 800.8071; 0.1818001; 241.2476; Road; 4.323201; null
9; Pedestrian; Interference; None; 27.09.2023 13:34:40; 800.798; 0.1818001; 241.246; Road; 4.34197; null
9; Pedestrian; Interference; None; 27.09.2023 13:34:40; 800.7866; 0.1818001; 241.2443; Road; 4.36446; null
9; Pedestrian; Interference; None; 27.09.2023 13:34:41; 800.7732; 0.1818001; 241.2424; Road; 4.386743; null
9; Pedestrian; Interference; None; 27.09.2023 13:34:41; 800.7669; 0.1818001; 241.2416; Road; 4.397113; null
9; Pedestrian; Interference; None; 27.09.2023 13:34:41; 800.752; 0.1818001; 241.2397; Road; 4.419232; null
9; Pedestrian; Interference; None; 27.09.2023 13:34:41; 800.7436; 0.1818001; 241.2387; Road; 4.430195; null
9; Pedestrian; Interference; None; 27.09.2023 13:34:41; 800.7188; 0.1818001; 241.2365; Road; 4.467933; null
9; Pedestrian; Interference; None; 27.09.2023 13:34:41; 800.7004; 0.1818001; 241.235; Road; 4.486238; null
9; Pedestrian; Interference; None; 27.09.2023 13:34:41; 800.6913; 0.1818001; 241.2343; Road; 4.497097; null
9; Pedestrian; Interference; None; 27.09.2023 13:34:41; 800.6705; 0.1818001; 241.2327; Road; 4.519414; null
9; Pedestrian; Interference; None; 27.09.2023 13:34:41; 800.6486; 0.1818001; 241.2309; Road; 4.541152; null
9; Pedestrian; Interference; None; 27.09.2023 13:34:41; 800.6238; 0.1818001; 241.229; Road; 4.563767; null
9; Pedestrian; Interference; None; 27.09.2023 13:34:41; 800.5977; 0.1818001; 241.2267; Road; 4.586552; null
9; Pedestrian; Interference; None; 27.09.2023 13:34:41; 800.5977; 0.1818001; 241.2267; Road; 4.586552; null
9; Pedestrian; Interference; None; 27.09.2023 13:34:41; 800.5538; 0.1818001; 241.2221; Road; 4.623679; null
9; Pedestrian; Interference; None; 27.09.2023 13:34:41; 800.5212; 0.1818001; 241.2182; Road; 4.641836; null
9; Pedestrian; Interference; None; 27.09.2023 13:34:41; 800.5024; 0.1818001; 241.2154; Road; 4.652503; null
9; Pedestrian; Interference; None; 27.09.2023 13:34:41; 800.4493; 0.1818001; 241.2083; Road; 4.686736; null
9; Pedestrian; Interference; None; 27.09.2023 13:34:41; 800.4315; 0.1818001; 241.2052; Road; 4.697221; null
9; Pedestrian; Interference; None; 27.09.2023 13:34:41; 800.396; 0.1818001; 241.1983; Road; 4.720636; null
9; Pedestrian; Interference; None; 27.09.2023 13:34:41; 800.3792; 0.1818001; 241.1945; Road; 4.732312; null
9; Pedestrian; Interference; None; 27.09.2023 13:34:41; 800.346; 0.1818001; 241.1869; Road; 4.75526; null
9; Pedestrian; Interference; None; 27.09.2023 13:34:41; 800.3149; 0.1818001; 241.1789; Road; 4.78159; null
9; Pedestrian; Interference; None; 27.09.2023 13:34:41; 800.2856; 0.1818001; 241.1713; Road; 4.801208; null
9; Pedestrian; Interference; None; 27.09.2023 13:34:41; 800.2592; 0.1818001; 241.1645; Road; 4.821071; null
9; Pedestrian; Interference; None; 27.09.2023 13:34:41; 800.236; 0.1818001; 241.159; Road; 4.843447; null
9; Pedestrian; Interference; None; 27.09.2023 13:34:41; 800.2144; 0.1818001; 241.1543; Road; 4.865574; null
9; Pedestrian; Interference; None; 27.09.2023 13:34:41; 800.1948; 0.1818001; 241.1511; Road; 4.888042; null
9; Pedestrian; Interference; None; 27.09.2023 13:34:41; 800.1948; 0.1818001; 241.1511; Road; 4.888042; null
9; Pedestrian; Interference; None; 27.09.2023 13:34:41; 800.1749; 0.1818001; 241.1494; Road; 4.910373; null
9; Pedestrian; Interference; None; 27.09.2023 13:34:41; 800.1555; 0.1818001; 241.1497; Road; 4.935799; null
9; Pedestrian; Interference; None; 27.09.2023 13:34:41; 800.126; 0.1818001; 241.1513; Road; 4.964982; null
9; Pedestrian; Interference; None; 27.09.2023 13:34:41; 800.1052; 0.1818001; 241.153; Road; 4.987993; null
9; Pedestrian; Interference; None; 27.09.2023 13:34:41; 800.0944; 0.1818001; 241.154; Road; 4.998651; null
9; Pedestrian; Interference; None; 27.09.2023 13:34:41; 800.0745; 0.1818001; 241.1563; Road; 5.020992; null
9; Pedestrian; Interference; None; 27.09.2023 13:34:41; 800.0548; 0.1818001; 241.1587; Road; 5.043061; null
9; Pedestrian; Interference; None; 27.09.2023 13:34:41; 800.0455; 0.1818001; 241.1598; Road; 5.054194; null
9; Pedestrian; Interference; None; 27.09.2023 13:34:41; 800.0258; 0.1818001; 241.1617; Road; 5.079278; null
9; Pedestrian; Interference; None; 27.09.2023 13:34:41; 800.0158; 0.1818001; 241.1625; Road; 5.092431; null
9; Pedestrian; Interference; None; 27.09.2023 13:34:41; 799.9879; 0.1818001; 241.1649; Road; 5.121526; null
9; Pedestrian; Interference; None; 27.09.2023 13:34:41; 799.9687; 0.1818001; 241.166; Road; 5.142345; null
9; Pedestrian; Interference; None; 27.09.2023 13:34:41; 799.9485; 0.1818001; 241.1667; Road; 5.16443; null
9; Pedestrian; Interference; None; 27.09.2023 13:34:41; 799.93; 0.1818001; 241.1673; Road; 5.187173; null
9; Pedestrian; Interference; None; 27.09.2023 13:34:41; 799.9203; 0.1818001; 241.1674; Road; 5.197027; null
9; Pedestrian; Interference; None; 27.09.2023 13:34:41; 799.9103; 0.1818001; 241.1673; Road; 5.208661; null
9; Pedestrian; Interference; None; 27.09.2023 13:34:41; 799.8918; 0.1818001; 241.1672; Road; 5.233974; null
9; Pedestrian; Interference; None; 27.09.2023 13:34:41; 799.8624; 0.1818001; 241.1662; Road; 5.267143; null
9; Pedestrian; Interference; None; 27.09.2023 13:34:41; 799.8431; 0.1818001; 241.1653; Road; 5.286129; null
9; Pedestrian; Interference; None; 27.09.2023 13:34:41; 799.8336; 0.1818001; 241.1648; Road; 5.297376; null
9; Pedestrian; Interference; None; 27.09.2023 13:34:41; 799.8239; 0.1818001; 241.1641; Road; 5.308865; null
9; Pedestrian; Interference; None; 27.09.2023 13:34:41; 799.7927; 0.1818001; 241.1619; Road; 5.342937; null
9; Pedestrian; Interference; None; 27.09.2023 13:34:41; 799.7712; 0.1818001; 241.16; Road; 5.364417; null
9; Pedestrian; Interference; None; 27.09.2023 13:34:42; 799.761; 0.1818001; 241.1591; Road; 5.375421; null
9; Pedestrian; Interference; None; 27.09.2023 13:34:42; 799.7505; 0.1818001; 241.1579; Road; 5.390957; null
9; Pedestrian; Interference; None; 27.09.2023 13:34:42; 799.7206; 0.1818001; 241.1544; Road; 5.423707; null
9; Pedestrian; Interference; None; 27.09.2023 13:34:42; 799.7009; 0.1818001; 241.1514; Road; 5.442558; null
9; Pedestrian; Interference; None; 27.09.2023 13:34:42; 799.6808; 0.1818001; 241.1483; Road; 5.46419; null
9; Pedestrian; Interference; None; 27.09.2023 13:34:42; 799.6616; 0.1818001; 241.145; Road; 5.486452; null
9; Pedestrian; Interference; None; 27.09.2023 13:34:42; 799.6516; 0.1818001; 241.1433; Road; 5.497082; null
9; Pedestrian; Interference; None; 27.09.2023 13:34:42; 799.6283; 0.1818001; 241.1389; Road; 5.519746; null
9; Pedestrian; Interference; None; 27.09.2023 13:34:42; 799.618; 0.1818001; 241.137; Road; 5.531099; null
9; Pedestrian; Interference; None; 27.09.2023 13:34:42; 799.589; 0.1818001; 241.1318; Road; 5.568193; null
9; Pedestrian; Interference; None; 27.09.2023 13:34:42; 799.5693; 0.1818001; 241.1285; Road; 5.58615; null
9; Pedestrian; Interference; None; 27.09.2023 13:34:42; 799.5595; 0.1818001; 241.127; Road; 5.597263; null
9; Pedestrian; Interference; None; 27.09.2023 13:34:42; 799.5386; 0.1818001; 241.1236; Road; 5.619709; null
9; Pedestrian; Interference; None; 27.09.2023 13:34:42; 799.5173; 0.1818001; 241.1201; Road; 5.641544; null
9; Pedestrian; Interference; None; 27.09.2023 13:34:42; 799.4993; 0.1818001; 241.1176; Road; 5.66405; null
9; Pedestrian; Interference; None; 27.09.2023 13:34:42; 799.4902; 0.1818001; 241.1164; Road; 5.674403; null
9; Pedestrian; Interference; None; 27.09.2023 13:34:42; 799.4813; 0.1818001; 241.1152; Road; 5.686943; null
9; Pedestrian; Interference; None; 27.09.2023 13:34:42; 799.4632; 0.1818001; 241.1132; Road; 5.714068; null
9; Pedestrian; Interference; None; 27.09.2023 13:34:42; 799.437; 0.1818001; 241.1105; Road; 5.742879; null
9; Pedestrian; Interference; None; 27.09.2023 13:34:42; 799.4193; 0.1818001; 241.109; Road; 5.764741; null
9; Pedestrian; Interference; None; 27.09.2023 13:34:42; 799.4026; 0.1818001; 241.1079; Road; 5.786946; null
9; Pedestrian; Interference; None; 27.09.2023 13:34:42; 799.3942; 0.1818001; 241.1075; Road; 5.796584; null
9; Pedestrian; Interference; None; 27.09.2023 13:34:42; 799.3776; 0.1818001; 241.1068; Road; 5.818988; null
9; Pedestrian; Interference; None; 27.09.2023 13:34:42; 799.3693; 0.1818001; 241.1067; Road; 5.83; null
9; Pedestrian; Interference; None; 27.09.2023 13:34:42; 799.343; 0.1818001; 241.1068; Road; 5.867594; null
9; Pedestrian; Interference; None; 27.09.2023 13:34:42; 799.326; 0.1818001; 241.1075; Road; 5.886097; null
9; Pedestrian; Interference; None; 27.09.2023 13:34:42; 799.3171; 0.1818001; 241.1078; Road; 5.896959; null
9; Pedestrian; Interference; None; 27.09.2023 13:34:42; 799.3004; 0.1818001; 241.1091; Road; 5.918813; null
9; Pedestrian; Interference; None; 27.09.2023 13:34:42; 799.2828; 0.1818001; 241.1104; Road; 5.941144; null
9; Pedestrian; Interference; None; 27.09.2023 13:34:42; 799.2735; 0.1818001; 241.1116; Road; 5.952461; null
9; Pedestrian; Interference; None; 27.09.2023 13:34:42; 799.2474; 0.1818001; 241.1146; Road; 5.985906; null
9; Pedestrian; Interference; None; 27.09.2023 13:34:42; 799.2474; 0.1818001; 241.1146; Road; 5.985906; null
9; Pedestrian; Interference; None; 27.09.2023 13:34:42; 799.2203; 0.1818001; 241.1189; Road; 6.023543; null
9; Pedestrian; Interference; None; 27.09.2023 13:34:42; 799.2015; 0.1818001; 241.1222; Road; 6.041835; null
9; Pedestrian; Interference; None; 27.09.2023 13:34:42; 799.1828; 0.1818001; 241.1258; Road; 6.063966; null
9; Pedestrian; Interference; None; 27.09.2023 13:34:42; 799.1636; 0.1818001; 241.1297; Road; 6.086626; null
9; Pedestrian; Interference; None; 27.09.2023 13:34:42; 799.1533; 0.1818001; 241.1317; Road; 6.097046; null
9; Pedestrian; Interference; None; 27.09.2023 13:34:42; 799.1331; 0.1818001; 241.1356; Road; 6.119276; null
9; Pedestrian; Interference; None; 27.09.2023 13:34:42; 799.1136; 0.1818001; 241.1399; Road; 6.140745; null
9; Pedestrian; Interference; None; 27.09.2023 13:34:42; 799.1035; 0.1818001; 241.1422; Road; 6.152603; null
9; Pedestrian; Interference; None; 27.09.2023 13:34:42; 799.0705; 0.1818001; 241.1488; Road; 6.188944; null
9; Pedestrian; Interference; None; 27.09.2023 13:34:42; 799.0598; 0.1818001; 241.1509; Road; 6.198168; null
9; Pedestrian; Interference; None; 27.09.2023 13:34:42; 799.0378; 0.1818001; 241.155; Road; 6.221158; null
9; Pedestrian; Interference; None; 27.09.2023 13:34:42; 799.0145; 0.1818001; 241.1587; Road; 6.243456; null
9; Pedestrian; Interference; None; 27.09.2023 13:34:42; 798.9917; 0.1818001; 241.1623; Road; 6.265826; null
9; Pedestrian; Interference; None; 27.09.2023 13:34:42; 798.9695; 0.1818001; 241.1655; Road; 6.288324; null
9; Pedestrian; Interference; None; 27.09.2023 13:34:42; 798.9576; 0.1818001; 241.1669; Road; 6.298642; null
9; Pedestrian; Interference; None; 27.09.2023 13:34:42; 798.946; 0.1818001; 241.1682; Road; 6.310363; null
9; Pedestrian; Interference; None; 27.09.2023 13:34:42; 798.9239; 0.1818001; 241.1707; Road; 6.336919; null
9; Pedestrian; Interference; None; 27.09.2023 13:34:42; 798.8918; 0.1818001; 241.1737; Road; 6.365757; null
9; Pedestrian; Interference; None; 27.09.2023 13:34:43; 798.8706; 0.1818001; 241.1752; Road; 6.386467; null
9; Pedestrian; Interference; None; 27.09.2023 13:34:43; 798.8588; 0.1818001; 241.1756; Road; 6.396751; null
9; Pedestrian; Interference; None; 27.09.2023 13:34:43; 798.8355; 0.1818001; 241.1765; Road; 6.418486; null
9; Pedestrian; Interference; None; 27.09.2023 13:34:43; 798.8109; 0.1818001; 241.1769; Road; 6.441406; null
9; Pedestrian; Interference; None; 27.09.2023 13:34:43; 798.7993; 0.1818001; 241.1772; Road; 6.453297; null
9; Pedestrian; Interference; None; 27.09.2023 13:34:43; 798.777; 0.1818001; 241.1774; Road; 6.47814; null
9; Pedestrian; Interference; None; 27.09.2023 13:34:43; 798.7551; 0.1818001; 241.1775; Road; 6.5004; null
9; Pedestrian; Interference; None; 27.09.2023 13:34:43; 798.7331; 0.1818001; 241.1774; Road; 6.519219; null
9; Pedestrian; Interference; None; 27.09.2023 13:34:43; 798.7115; 0.1818001; 241.1772; Road; 6.541476; null
9; Pedestrian; Interference; None; 27.09.2023 13:34:43; 798.701; 0.1818001; 241.177; Road; 6.552312; null
9; Pedestrian; Interference; None; 27.09.2023 13:34:43; 798.6677; 0.1818001; 241.1758; Road; 6.586525; null
9; Pedestrian; Interference; None; 27.09.2023 13:34:43; 798.6565; 0.1818001; 241.1752; Road; 6.597871; null
9; Pedestrian; Interference; None; 27.09.2023 13:34:43; 798.6457; 0.1818001; 241.1746; Road; 6.608775; null
9; Pedestrian; Interference; None; 27.09.2023 13:34:43; 798.6232; 0.1818001; 241.1731; Road; 6.634605; null
9; Pedestrian; Interference; None; 27.09.2023 13:34:43; 798.5908; 0.1818001; 241.1706; Road; 6.667426; null
9; Pedestrian; Interference; None; 27.09.2023 13:34:43; 798.5685; 0.1818001; 241.1684; Road; 6.686227; null
9; Pedestrian; Interference; None; 27.09.2023 13:34:43; 798.5576; 0.1818001; 241.1671; Road; 6.69679; null
9; Pedestrian; Interference; None; 27.09.2023 13:34:43; 798.5367; 0.1818001; 241.1645; Road; 6.719361; null
9; Pedestrian; Interference; None; 27.09.2023 13:34:43; 798.5154; 0.1818001; 241.1619; Road; 6.741926; null
9; Pedestrian; Interference; None; 27.09.2023 13:34:43; 798.4935; 0.1818001; 241.1588; Road; 6.764729; null
9; Pedestrian; Interference; None; 27.09.2023 13:34:43; 798.4822; 0.1818001; 241.1573; Road; 6.774915; null
9; Pedestrian; Interference; None; 27.09.2023 13:34:43; 798.4705; 0.1818001; 241.1556; Road; 6.789679; null
9; Pedestrian; Interference; None; 27.09.2023 13:34:43; 798.4347; 0.1818001; 241.1507; Road; 6.821749; null
9; Pedestrian; Interference; None; 27.09.2023 13:34:43; 798.4107; 0.1818001; 241.1474; Road; 6.841592; null
9; Pedestrian; Interference; None; 27.09.2023 13:34:43; 798.3873; 0.1818001; 241.1441; Road; 6.86353; null
9; Pedestrian; Interference; None; 27.09.2023 13:34:43; 798.3647; 0.1818001; 241.141; Road; 6.885688; null
9; Pedestrian; Interference; None; 27.09.2023 13:34:43; 798.3538; 0.1818001; 241.1394; Road; 6.896586; null
9; Pedestrian; Interference; None; 27.09.2023 13:34:43; 798.3322; 0.1818001; 241.1366; Road; 6.918795; null
9; Pedestrian; Interference; None; 27.09.2023 13:34:43; 798.3217; 0.1818001; 241.1351; Road; 6.93018; null
9; Pedestrian; Interference; None; 27.09.2023 13:34:43; 798.2904; 0.1818001; 241.1314; Road; 6.967774; null
9; Pedestrian; Interference; None; 27.09.2023 13:34:43; 798.2695; 0.1818001; 241.1292; Road; 6.985868; null
9; Pedestrian; Interference; None; 27.09.2023 13:34:43; 798.2594; 0.1818001; 241.1282; Road; 6.996402; null
9; Pedestrian; Interference; None; 27.09.2023 13:34:43; 798.2388; 0.1818001; 241.1264; Road; 7.018742; null
9; Pedestrian; Interference; None; 27.09.2023 13:34:43; 798.2187; 0.1818001; 241.1251; Road; 7.040891; null
9; Pedestrian; Interference; None; 27.09.2023 13:34:43; 798.1986; 0.1818001; 241.1241; Road; 7.063584; null
9; Pedestrian; Interference; None; 27.09.2023 13:34:43; 798.1882; 0.1818001; 241.1237; Road; 7.074661; null
9; Pedestrian; Interference; None; 27.09.2023 13:34:43; 798.1783; 0.1818001; 241.1235; Road; 7.08623; null
9; Pedestrian; Interference; None; 27.09.2023 13:34:43; 798.1575; 0.1818001; 241.1232; Road; 7.114841; null
9; Pedestrian; Interference; None; 27.09.2023 13:34:43; 798.1259; 0.1818001; 241.1233; Road; 7.144547; null
9; Pedestrian; Interference; None; 27.09.2023 13:34:43; 798.1053; 0.1818001; 241.1238; Road; 7.163056; null
9; Pedestrian; Interference; None; 27.09.2023 13:34:43; 798.0848; 0.1818001; 241.1246; Road; 7.185516; null
9; Pedestrian; Interference; None; 27.09.2023 13:34:43; 798.0848; 0.1818001; 241.1246; Road; 7.185516; null
9; Pedestrian; Interference; None; 27.09.2023 13:34:43; 798.0533; 0.1818001; 241.1265; Road; 7.219207; null
9; Pedestrian; Interference; None; 27.09.2023 13:34:43; 798.0421; 0.1818001; 241.1272; Road; 7.230308; null
9; Pedestrian; Interference; None; 27.09.2023 13:34:43; 798.0212; 0.1818001; 241.1289; Road; 7.2556; null
9; Pedestrian; Interference; None; 27.09.2023 13:34:43; 797.9896; 0.1818001; 241.1317; Road; 7.286597; null
9; Pedestrian; Interference; None; 27.09.2023 13:34:43; 797.9792; 0.1818001; 241.1327; Road; 7.296221; null
9; Pedestrian; Interference; None; 27.09.2023 13:34:43; 797.9597; 0.1818001; 241.1352; Road; 7.318709; null
9; Pedestrian; Interference; None; 27.09.2023 13:34:43; 797.9402; 0.1818001; 241.1378; Road; 7.341927; null
9; Pedestrian; Interference; None; 27.09.2023 13:34:43; 797.9205; 0.1818001; 241.1408; Road; 7.363619; null
9; Pedestrian; Interference; None; 27.09.2023 13:34:44; 797.8999; 0.1818001; 241.1437; Road; 7.386131; null
9; Pedestrian; Interference; None; 27.09.2023 13:34:44; 797.8999; 0.1818001; 241.1437; Road; 7.386131; null
9; Pedestrian; Interference; None; 27.09.2023 13:34:44; 797.878; 0.1818001; 241.1467; Road; 7.411427; null
9; Pedestrian; Interference; None; 27.09.2023 13:34:44; 797.8443; 0.1818001; 241.1512; Road; 7.444061; null
9; Pedestrian; Interference; None; 27.09.2023 13:34:44; 797.822; 0.1818001; 241.154; Road; 7.463397; null
9; Pedestrian; Interference; None; 27.09.2023 13:34:44; 797.8013; 0.1818001; 241.1564; Road; 7.485395; null
9; Pedestrian; Interference; None; 27.09.2023 13:34:44; 797.7919; 0.1818001; 241.1575; Road; 7.496535; null
9; Pedestrian; Interference; None; 27.09.2023 13:34:44; 797.775; 0.1818001; 241.1596; Road; 7.518564; null
9; Pedestrian; Interference; None; 27.09.2023 13:34:44; 797.7593; 0.1818001; 241.1616; Road; 7.541022; null
9; Pedestrian; Interference; None; 27.09.2023 13:34:44; 797.7505; 0.1818001; 241.1625; Road; 7.552145; null
9; Pedestrian; Interference; None; 27.09.2023 13:34:44; 797.7291; 0.1818001; 241.1641; Road; 7.578816; null
9; Pedestrian; Interference; None; 27.09.2023 13:34:44; 797.7072; 0.1818001; 241.1655; Road; 7.59993; null
9; Pedestrian; Interference; None; 27.09.2023 13:34:44; 797.6865; 0.1818001; 241.1668; Road; 7.618596; null
9; Pedestrian; Interference; None; 27.09.2023 13:34:44; 797.6675; 0.1818001; 241.1683; Road; 7.640827; null
9; Pedestrian; Interference; None; 27.09.2023 13:34:44; 797.6501; 0.1818001; 241.1698; Road; 7.662967; null
9; Pedestrian; Interference; None; 27.09.2023 13:34:44; 797.6326; 0.1818001; 241.1712; Road; 7.683956; null
9; Pedestrian; Interference; None; 27.09.2023 13:34:44; 797.6229; 0.1818001; 241.1717; Road; 7.694631; null
9; Pedestrian; Interference; None; 27.09.2023 13:34:44; 797.6031; 0.1818001; 241.1726; Road; 7.72016; null
9; Pedestrian; Interference; None; 27.09.2023 13:34:44; 797.5839; 0.1818001; 241.1734; Road; 7.739016; null
9; Pedestrian; Interference; None; 27.09.2023 13:34:44; 797.5657; 0.1818001; 241.1742; Road; 7.761516; null
9; Pedestrian; Interference; None; 27.09.2023 13:34:44; 797.5476; 0.1818001; 241.1747; Road; 7.783483; null
9; Pedestrian; Interference; None; 27.09.2023 13:34:44; 797.5476; 0.1818001; 241.1747; Road; 7.783483; null
9; Pedestrian; Interference; None; 27.09.2023 13:34:44; 797.5205; 0.1818001; 241.1746; Road; 7.816852; null
9; Pedestrian; Interference; None; 27.09.2023 13:34:44; 797.5023; 0.1818001; 241.1742; Road; 7.839139; null
9; Pedestrian; Interference; None; 27.09.2023 13:34:44; 797.483; 0.1818001; 241.1734; Road; 7.861271; null
9; Pedestrian; Interference; None; 27.09.2023 13:34:44; 797.4636; 0.1818001; 241.1721; Road; 7.886568; null
9; Pedestrian; Interference; None; 27.09.2023 13:34:44; 797.4531; 0.1818001; 241.1712; Road; 7.894162; null
9; Pedestrian; Interference; None; 27.09.2023 13:34:44; 797.434; 0.1818001; 241.1698; Road; 7.916605; null
