user_id; scenario; distraction; ehmi; timestamp; userPositionX; userPositionY; userPositionZ; playerPositon; time; focused object
39; Driver; Interference; None; 20.12.2023 16:21:35; 850; 0.0960815; 203; HI; null
39; Driver; Interference; None; 20.12.2023 16:21:35; 850; 0.09269609; 203; Before; 0.02; null
39; Driver; Interference; None; 20.12.2023 16:21:36; 850; 0.07529796; 203; Before; 0.02; null
39; Driver; Interference; None; 20.12.2023 16:21:36; 850; 0.05768705; 203; Before; 0.02; null
39; Driver; Interference; None; 20.12.2023 16:21:36; 850; 0.03527888; 203; Before; 0.02; null
39; Driver; Interference; None; 20.12.2023 16:21:36; 850; 0.02227915; 203; Before; 0.02; null
39; Driver; Interference; None; 20.12.2023 16:21:36; 850; -0.005056463; 203; Before; 0.02; null
39; Driver; Interference; None; 20.12.2023 16:21:36; 850; -0.02595098; 203; Before; 0.02; null
39; Driver; Interference; None; 20.12.2023 16:21:36; 850; -0.03948666; 203; Before; 0.02; null
39; Driver; Interference; None; 20.12.2023 16:21:36; 850; -0.04622336; 203; Before; 0.02; null
39; Driver; Interference; None; 20.12.2023 16:21:36; 850; -0.04738848; 203; Before; 0.02; null
39; Driver; Interference; None; 20.12.2023 16:21:36; 850; -0.04619898; 203; Before; 0.02; null
39; Driver; Interference; None; 20.12.2023 16:21:36; 850; -0.04158631; 203; Before; 0.02; null
39; Driver; Interference; None; 20.12.2023 16:21:36; 850; -0.03501777; 203; Before; 0.02; null
39; Driver; Interference; None; 20.12.2023 16:21:36; 850; -0.02776622; 203; Before; 0.02; null
39; Driver; Interference; None; 20.12.2023 16:21:36; 850; -0.02420648; 203; Before; 0.02; null
39; Driver; Interference; None; 20.12.2023 16:21:36; 850; -0.017693; 203; Before; 0.02; null
39; Driver; Interference; None; 20.12.2023 16:21:36; 850; -0.01239446; 203; Before; 0.02; null
39; Driver; Interference; None; 20.12.2023 16:21:36; 850; -0.008560622; 203; Before; 0.04; null
39; Driver; Interference; None; 20.12.2023 16:21:36; 850; -0.006200076; 203; Before; 0.04; null
39; Driver; Interference; None; 20.12.2023 16:21:36; 850; -0.00552982; 203; Before; 0.04; null
39; Driver; Interference; None; 20.12.2023 16:21:36; 850; -0.005060962; 203; Before; 0.04; null
39; Driver; Interference; None; 20.12.2023 16:21:36; 850; -0.005511382; 203; Before; 0.3733333; null
39; Driver; Interference; None; 20.12.2023 16:21:36; 850; -0.006574631; 203; Before; 0.3733333; null
39; Driver; Interference; None; 20.12.2023 16:21:36; 850; -0.007963511; 203; Before; 0.4552357; null
39; Driver; Interference; None; 20.12.2023 16:21:36; 850; -0.008701992; 203; Before; 0.4876909; null
39; Driver; Interference; None; 20.12.2023 16:21:36; 850; -0.00943529; 203; Before; 0.5263348; null
39; Driver; Interference; None; 20.12.2023 16:21:36; 850; -0.01141048; 203; Before; 0.5416213; null
39; Driver; Interference; None; 20.12.2023 16:21:36; 850; -0.01241589; 203; Before; 0.5557534; null
39; Driver; Interference; None; 20.12.2023 16:21:36; 850; -0.01280644; 203; Before; 0.5875157; null
39; Driver; Interference; None; 20.12.2023 16:21:36; 850; -0.01336163; 203; Before; 0.6041648; null
39; Driver; Interference; None; 20.12.2023 16:21:36; 850; -0.0136375; 203; Before; 0.61922; null
39; Driver; Interference; None; 20.12.2023 16:21:37; 850; -0.01368502; 203; Before; 0.6490157; null
39; Driver; Interference; None; 20.12.2023 16:21:37; 850; -0.01355384; 203; Before; 0.6490157; null
39; Driver; Interference; None; 20.12.2023 16:21:37; 850; -0.01331578; 203; Before; 0.6490157; null
39; Driver; Interference; None; 20.12.2023 16:21:37; 850; -0.01317354; 203; Before; 0.6490157; null
39; Driver; Interference; None; 20.12.2023 16:21:37; 850; -0.01287373; 203; Before; 0.6490157; null
39; Driver; Interference; None; 20.12.2023 16:21:37; 850; -0.0125862; 203; Before; 0.6490157; null
39; Driver; Interference; None; 20.12.2023 16:21:37; 850; -0.01233913; 203; Before; 0.6639923; null
39; Driver; Interference; None; 20.12.2023 16:21:37; 850; -0.01223612; 203; Before; 0.7779499; null
39; Driver; Interference; None; 20.12.2023 16:21:37; 850; -0.01207591; 203; Before; 0.7779499; null
39; Driver; Interference; None; 20.12.2023 16:21:37; 850; -0.01197644; 203; Before; 0.8049272; null
39; Driver; Interference; None; 20.12.2023 16:21:37; 850; -0.01194778; 203; Before; 0.8441294; null
39; Driver; Interference; None; 20.12.2023 16:21:37; 850; -0.01193099; 203; Before; 0.8602738; null
39; Driver; Interference; None; 20.12.2023 16:21:37; 850; -0.01194345; 203; Before; 0.8903042; null
39; Driver; Interference; None; 20.12.2023 16:21:37; 850; -0.01198611; 203; Before; 0.8903042; null
39; Driver; Interference; None; 20.12.2023 16:21:37; 850; -0.01204272; 203; Before; 0.9218031; null
39; Driver; Interference; None; 20.12.2023 16:21:37; 850; -0.01210319; 203; Before; 0.9373114; null
39; Driver; Interference; None; 20.12.2023 16:21:37; 850; -0.0121599; 203; Before; 0.955145; null
39; Driver; Interference; None; 20.12.2023 16:21:37; 850; -0.01218515; 203; Before; 0.9876844; null
39; Driver; Interference; None; 20.12.2023 16:21:37; 850; -0.01222737; 203; Before; 1.004383; null
39; Driver; Interference; None; 20.12.2023 16:21:37; 850; -0.01225735; 203; Before; 1.018933; null
39; Driver; Interference; None; 20.12.2023 16:21:37; 850; -0.01227527; 203; Before; 1.03397; null
39; Driver; Interference; None; 20.12.2023 16:21:37; 850; -0.0122801; 203; Before; 1.067285; null
39; Driver; Interference; None; 20.12.2023 16:21:37; 850; -0.01228121; 203; Before; 1.082462; null
39; Driver; Interference; None; 20.12.2023 16:21:37; 850; -0.01227815; 203; Before; 1.096954; null
39; Driver; Interference; None; 20.12.2023 16:21:37; 850; -0.01227391; 203; Before; 1.126103; null
39; Driver; Interference; None; 20.12.2023 16:21:37; 850; -0.01225703; 203; Before; 1.141176; null
39; Driver; Interference; None; 20.12.2023 16:21:37; 850; -0.0122448; 203; Before; 1.156073; null
39; Driver; Interference; None; 20.12.2023 16:21:37; 850; -0.01223899; 203; Before; 1.187076; null
39; Driver; Interference; None; 20.12.2023 16:21:37; 850; -0.01222865; 203; Before; 1.187076; null
39; Driver; Interference; None; 20.12.2023 16:21:37; 850; -0.01222052; 203; Before; 1.220229; null
39; Driver; Interference; None; 20.12.2023 16:21:37; 850; -0.01221738; 203; Before; 1.249012; null
39; Driver; Interference; None; 20.12.2023 16:21:37; 850; -0.01221161; 203; Before; 1.264402; null
39; Driver; Interference; None; 20.12.2023 16:21:37; 850; -0.01221042; 203; Before; 1.279448; null
39; Driver; Interference; None; 20.12.2023 16:21:37; 850; -0.01221048; 203; Before; 1.294346; null
39; Driver; Interference; None; 20.12.2023 16:21:37; 850; -0.01221156; 203; Before; 1.324596; null
39; Driver; Interference; None; 20.12.2023 16:21:37; 850; -0.01221352; 203; Before; 1.339147; null
39; Driver; Interference; None; 20.12.2023 16:21:37; 850; -0.01221468; 203; Before; 1.370662; null
39; Driver; Interference; None; 20.12.2023 16:21:37; 850; -0.01221835; 203; Before; 1.38546; null
39; Driver; Interference; None; 20.12.2023 16:21:37; 850; -0.01221949; 203; Before; 1.399765; null
39; Driver; Interference; None; 20.12.2023 16:21:37; 850; -0.01222152; 203; Before; 1.41355; null
39; Driver; Interference; None; 20.12.2023 16:21:37; 850; -0.01222309; 203; Before; 1.443001; null
39; Driver; Interference; None; 20.12.2023 16:21:37; 850; -0.01222415; 203; Before; 1.458065; null
39; Driver; Interference; None; 20.12.2023 16:21:37; 850; -0.01222451; 203; Before; 1.487585; null
39; Driver; Interference; None; 20.12.2023 16:21:37; 850; -0.01222489; 203; Before; 1.502734; null
39; Driver; Interference; None; 20.12.2023 16:21:37; 850; -0.01222489; 203; Before; 1.516761; null
39; Driver; Interference; None; 20.12.2023 16:21:37; 850; -0.01222465; 203; Before; 1.530739; null
39; Driver; Interference; None; 20.12.2023 16:21:37; 850; -0.01222446; 203; Before; 1.565743; null
39; Driver; Interference; None; 20.12.2023 16:21:37; 850; -0.01222399; 203; Before; 1.584297; null
39; Driver; Interference; None; 20.12.2023 16:21:37; 850; -0.0122235; 203; Before; 1.602168; null
39; Driver; Interference; None; 20.12.2023 16:21:37; 850; -0.01222305; 203; Before; 1.619382; null
39; Driver; Interference; None; 20.12.2023 16:21:37; 850; -0.01222283; 203; Before; 1.648473; null
39; Driver; Interference; None; 20.12.2023 16:21:38; 850; -0.01222233; 203; Before; 1.662743; null
39; Driver; Interference; None; 20.12.2023 16:21:38; 850; -0.01222221; 203; Before; 1.692041; null
39; Driver; Interference; None; 20.12.2023 16:21:38; 850; -0.01222205; 203; Before; 1.692041; null
39; Driver; Interference; None; 20.12.2023 16:21:38; 850; -0.01222199; 203; Before; 1.721727; null
39; Driver; Interference; None; 20.12.2023 16:21:38; 850; -0.01222201; 203; Before; 1.737339; null
39; Driver; Interference; None; 20.12.2023 16:21:38; 850; -0.01222207; 203; Before; 1.764886; null
39; Driver; Interference; None; 20.12.2023 16:21:38; 850; -0.01222216; 203; Before; 1.779715; null
39; Driver; Interference; None; 20.12.2023 16:21:38; 850; -0.01222221; 203; Before; 1.794593; null
39; Driver; Interference; None; 20.12.2023 16:21:38; 850; -0.01222227; 203; Before; 1.827177; null
39; Driver; Interference; None; 20.12.2023 16:21:38; 850; -0.01222242; 203; Before; 1.841401; null
39; Driver; Interference; None; 20.12.2023 16:21:38; 850; -0.01222246; 203; Before; 1.871494; null
39; Driver; Interference; None; 20.12.2023 16:21:38; 850; -0.01222253; 203; Before; 1.886302; null
39; Driver; Interference; None; 20.12.2023 16:21:38; 850; -0.01222257; 203; Before; 1.900226; null
39; Driver; Interference; None; 20.12.2023 16:21:38; 850; -0.01222259; 203; Before; 1.928217; null
39; Driver; Interference; None; 20.12.2023 16:21:38; 850; -0.01222262; 203; Before; 1.942202; null
39; Driver; Interference; None; 20.12.2023 16:21:38; 850; -0.01222262; 203; Before; 1.970968; null
39; Driver; Interference; None; 20.12.2023 16:21:38; 850; -0.01222261; 203; Before; 1.985248; null
39; Driver; Interference; None; 20.12.2023 16:21:38; 850; -0.0122226; 203; Before; 1.999295; null
39; Driver; Interference; None; 20.12.2023 16:21:38; 850; -0.01222257; 203; Before; 2.015878; null
39; Driver; Interference; None; 20.12.2023 16:21:38; 850; -0.01222254; 203; Before; 2.03202; null
39; Driver; Interference; None; 20.12.2023 16:21:38; 850; -0.01222252; 203; Before; 2.064588; null
39; Driver; Interference; None; 20.12.2023 16:21:38; 850; -0.0122225; 203; Before; 2.079252; null
39; Driver; Interference; None; 20.12.2023 16:21:38; 850; -0.0122225; 203; Before; 2.096376; null
39; Driver; Interference; None; 20.12.2023 16:21:38; 850; -0.0122225; 203; Before; 2.125796; null
39; Driver; Interference; None; 20.12.2023 16:21:38; 850; -0.0122225; 203; Before; 2.140943; null
39; Driver; Interference; None; 20.12.2023 16:21:38; 850; -0.0122225; 203; Before; 2.169338; null
39; Driver; Interference; None; 20.12.2023 16:21:38; 850; -0.0122225; 203; Before; 2.182958; null
39; Driver; Interference; None; 20.12.2023 16:21:38; 850; -0.0122225; 203; Before; 2.197181; null
39; Driver; Interference; None; 20.12.2023 16:21:38; 850; -0.0122225; 203; Before; 2.21027; null
39; Driver; Interference; None; 20.12.2023 16:21:38; 850; -0.0122225; 203; Before; 2.24667; null
39; Driver; Interference; None; 20.12.2023 16:21:38; 850; -0.0122225; 203; Before; 2.26182; null
39; Driver; Interference; None; 20.12.2023 16:21:38; 850; -0.0122225; 203; Before; 2.289793; null
39; Driver; Interference; None; 20.12.2023 16:21:38; 850; -0.0122225; 203; Before; 2.304159; null
39; Driver; Interference; None; 20.12.2023 16:21:38; 850; -0.0122225; 203; Before; 2.318139; null
39; Driver; Interference; None; 20.12.2023 16:21:38; 850; -0.0122225; 203; Before; 2.346461; null
39; Driver; Interference; None; 20.12.2023 16:21:38; 850; -0.0122225; 203; Before; 2.362357; null
39; Driver; Interference; None; 20.12.2023 16:21:38; 850; -0.0122225; 203; Before; 2.391345; null
39; Driver; Interference; None; 20.12.2023 16:21:38; 850; -0.0122225; 203; Before; 2.405507; null
39; Driver; Interference; None; 20.12.2023 16:21:38; 850; -0.0122225; 203; Before; 2.41952; null
39; Driver; Interference; None; 20.12.2023 16:21:38; 850; -0.0122225; 203; Before; 2.446951; null
39; Driver; Interference; None; 20.12.2023 16:21:38; 850; -0.0122225; 203; Before; 2.461211; null
39; Driver; Interference; None; 20.12.2023 16:21:38; 850; -0.0122225; 203; Before; 2.489987; null
39; Driver; Interference; None; 20.12.2023 16:21:38; 850; -0.0122225; 203; Before; 2.504353; null
39; Driver; Interference; None; 20.12.2023 16:21:38; 850; -0.0122225; 203; Before; 2.51825; null
39; Driver; Interference; None; 20.12.2023 16:21:38; 850; -0.0122225; 203; Before; 2.546548; null
39; Driver; Interference; None; 20.12.2023 16:21:38; 850; -0.0122225; 203; Before; 2.560602; null
39; Driver; Interference; None; 20.12.2023 16:21:38; 850; -0.0122225; 203; Before; 2.587449; null
39; Driver; Interference; None; 20.12.2023 16:21:38; 850; -0.0122225; 203; Before; 2.602118; null
39; Driver; Interference; None; 20.12.2023 16:21:38; 850; -0.0122225; 203; Before; 2.61575; null
39; Driver; Interference; None; 20.12.2023 16:21:38; 850; -0.0122225; 203; Before; 2.643676; null
39; Driver; Interference; None; 20.12.2023 16:21:39; 850; -0.0122225; 203; Before; 2.67288; null
39; Driver; Interference; None; 20.12.2023 16:21:39; 850; -0.0122225; 203; Before; 2.686637; null
39; Driver; Interference; None; 20.12.2023 16:21:39; 850; -0.0122225; 203; Before; 2.70062; null
39; Driver; Interference; None; 20.12.2023 16:21:39; 850; -0.0122225; 203; Before; 2.714457; null
39; Driver; Interference; None; 20.12.2023 16:21:39; 849.9999; -0.01222257; 203; Before; 2.743206; null
39; Driver; Interference; None; 20.12.2023 16:21:39; 849.9996; -0.0122224; 203; Before; 2.757185; null
39; Driver; Interference; None; 20.12.2023 16:21:39; 849.9991; -0.01222235; 203; Before; 2.787187; null
39; Driver; Interference; None; 20.12.2023 16:21:39; 849.9979; -0.0122229; 203; Before; 2.803377; null
39; Driver; Interference; None; 20.12.2023 16:21:39; 849.9961; -0.0122231; 203; Before; 2.818943; null
39; Driver; Interference; None; 20.12.2023 16:21:39; 849.9935; -0.01222373; 203; Before; 2.832785; null
39; Driver; Interference; None; 20.12.2023 16:21:39; 849.9902; -0.01222429; 203; Before; 2.852313; null
39; Driver; Interference; None; 20.12.2023 16:21:39; 849.9884; -0.01222522; 203; Before; 2.88922; null
39; Driver; Interference; None; 20.12.2023 16:21:39; 849.9841; -0.01222757; 203; Before; 2.88922; null
39; Driver; Interference; None; 20.12.2023 16:21:39; 849.9792; -0.01223015; 203; Before; 2.907285; null
39; Driver; Interference; None; 20.12.2023 16:21:39; 849.9763; -0.01223241; 203.0001; Before; 2.943496; null
39; Driver; Interference; None; 20.12.2023 16:21:39; 849.9702; -0.0122378; 203.0001; Before; 2.963704; null
39; Driver; Interference; None; 20.12.2023 16:21:39; 849.9595; -0.01224927; 203.0001; Before; 2.980828; null
39; Driver; Interference; None; 20.12.2023 16:21:39; 849.9554; -0.01225409; 203.0002; Before; 2.997065; null
39; Driver; Interference; None; 20.12.2023 16:21:39; 849.9468; -0.0122605; 203.0002; Before; 3.013991; null
39; Driver; Interference; None; 20.12.2023 16:21:39; 849.9374; -0.01226946; 203.0002; Before; 3.032695; null
39; Driver; Interference; None; 20.12.2023 16:21:39; 849.9324; -0.01227493; 203.0002; Before; 3.069446; null
39; Driver; Interference; None; 20.12.2023 16:21:39; 849.916; -0.01229125; 203.0003; Before; 3.084858; null
39; Driver; Interference; None; 20.12.2023 16:21:39; 849.91; -0.01229915; 203.0003; Before; 3.099489; null
39; Driver; Interference; None; 20.12.2023 16:21:39; 849.8975; -0.01231263; 203.0004; Before; 3.114452; null
39; Driver; Interference; None; 20.12.2023 16:21:39; 849.891; -0.01231962; 203.0004; Before; 3.146157; null
39; Driver; Interference; None; 20.12.2023 16:21:39; 849.8773; -0.01233087; 203.0004; Before; 3.161676; null
39; Driver; Interference; None; 20.12.2023 16:21:39; 849.8548; -0.01234062; 203.0005; Before; 3.180739; null
39; Driver; Interference; None; 20.12.2023 16:21:39; 849.847; -0.01234726; 203.0006; Before; 3.198679; null
39; Driver; Interference; None; 20.12.2023 16:21:39; 849.8305; -0.01235778; 203.0006; Before; 3.212674; null
39; Driver; Interference; None; 20.12.2023 16:21:39; 849.8132; -0.01237197; 203.0007; Before; 3.243167; null
39; Driver; Interference; None; 20.12.2023 16:21:39; 849.7949; -0.01238452; 203.0007; Before; 3.258653; null
39; Driver; Interference; None; 20.12.2023 16:21:39; 849.7855; -0.01239091; 203.0008; Before; 3.28703; null
39; Driver; Interference; None; 20.12.2023 16:21:39; 849.7658; -0.01241073; 203.0009; Before; 3.302647; null
39; Driver; Interference; None; 20.12.2023 16:21:39; 849.7453; -0.01242584; 203.001; Before; 3.317491; null
39; Driver; Interference; None; 20.12.2023 16:21:39; 849.7238; -0.01244165; 203.0011; Before; 3.345736; null
39; Driver; Interference; None; 20.12.2023 16:21:39; 849.7014; -0.01245267; 203.0012; Before; 3.359941; null
39; Driver; Interference; None; 20.12.2023 16:21:39; 849.6898; -0.01245758; 203.0012; Before; 3.388796; null
39; Driver; Interference; None; 20.12.2023 16:21:39; 849.666; -0.0124751; 203.0013; Before; 3.404564; null
39; Driver; Interference; None; 20.12.2023 16:21:39; 849.6412; -0.01248652; 203.0014; Before; 3.418217; null
39; Driver; Interference; None; 20.12.2023 16:21:39; 849.6285; -0.0124913; 203.0015; Before; 3.446193; null
39; Driver; Interference; None; 20.12.2023 16:21:39; 849.5887; -0.01249654; 203.0017; Before; 3.461619; null
39; Driver; Interference; None; 20.12.2023 16:21:39; 849.575; -0.01250231; 203.0017; Before; 3.491422; null
39; Driver; Interference; None; 20.12.2023 16:21:39; 849.5467; -0.01250772; 203.0018; Before; 3.491422; null
39; Driver; Interference; None; 20.12.2023 16:21:39; 849.5173; -0.01251839; 203.002; Before; 3.520338; null
39; Driver; Interference; None; 20.12.2023 16:21:39; 849.5021; -0.01252939; 203.0021; Before; 3.550148; null
39; Driver; Interference; None; 20.12.2023 16:21:39; 849.4549; -0.01254867; 203.0023; Before; 3.564088; null
39; Driver; Interference; None; 20.12.2023 16:21:39; 849.4219; -0.01255393; 203.0025; Before; 3.579774; null
39; Driver; Interference; None; 20.12.2023 16:21:39; 849.4048; -0.01255728; 203.0025; Before; 3.594823; null
39; Driver; Interference; None; 20.12.2023 16:21:39; 849.3875; -0.0125656; 203.0026; Before; 3.624962; null
39; Driver; Interference; None; 20.12.2023 16:21:39; 849.3333; -0.01257985; 203.0029; Before; 3.640006; null
39; Driver; Interference; None; 20.12.2023 16:21:40; 849.3145; -0.01259033; 203.003; Before; 3.669786; null
39; Driver; Interference; None; 20.12.2023 16:21:40; 849.2757; -0.01260262; 203.0032; Before; 3.68418; null
39; Driver; Interference; None; 20.12.2023 16:21:40; 849.2352; -0.01262152; 203.0034; Before; 3.700914; null
39; Driver; Interference; None; 20.12.2023 16:21:40; 849.193; -0.01263613; 203.0037; Before; 3.715943; null
39; Driver; Interference; None; 20.12.2023 16:21:40; 849.1712; -0.01264382; 203.0038; Before; 3.744962; null
39; Driver; Interference; None; 20.12.2023 16:21:40; 849.1029; -0.01265694; 203.0042; Before; 3.760855; null
39; Driver; Interference; None; 20.12.2023 16:21:40; 849.0792; -0.01266963; 203.0043; Before; 3.791506; null
39; Driver; Interference; None; 20.12.2023 16:21:40; 849.0302; -0.01268554; 203.0046; Before; 3.791506; null
39; Driver; Interference; None; 20.12.2023 16:21:40; 848.9793; -0.01271125; 203.0049; Before; 3.821775; null
39; Driver; Interference; None; 20.12.2023 16:21:40; 848.9263; -0.01273259; 203.0053; Before; 3.837022; null
39; Driver; Interference; None; 20.12.2023 16:21:40; 848.8991; -0.0127439; 203.0054; Before; 3.865276; null
39; Driver; Interference; None; 20.12.2023 16:21:40; 848.8143; -0.01276535; 203.006; Before; 3.883225; null
39; Driver; Interference; None; 20.12.2023 16:21:40; 848.785; -0.01278258; 203.0062; Before; 3.898884; null
39; Driver; Interference; None; 20.12.2023 16:21:40; 848.7248; -0.01280477; 203.0066; Before; 3.913972; null
39; Driver; Interference; None; 20.12.2023 16:21:40; 848.6939; -0.01281699; 203.0068; Before; 3.946054; null
39; Driver; Interference; None; 20.12.2023 16:21:40; 848.5981; -0.01284064; 203.0075; Before; 3.961758; null
39; Driver; Interference; None; 20.12.2023 16:21:40; 848.5651; -0.01286006; 203.0077; Before; 3.990568; null
39; Driver; Interference; None; 20.12.2023 16:21:40; 848.4974; -0.01288512; 203.0082; Before; 3.990568; null
39; Driver; Interference; None; 20.12.2023 16:21:40; 848.4275; -0.01292214; 203.0087; Before; 4.021088; null
39; Driver; Interference; None; 20.12.2023 16:21:40; 848.3554; -0.01295145; 203.0093; Before; 4.036669; null
39; Driver; Interference; None; 20.12.2023 16:21:40; 848.2811; -0.01294953; 203.0098; Before; 4.051045; null
39; Driver; Interference; None; 20.12.2023 16:21:40; 848.2045; -0.0129272; 203.0105; Before; 4.065709; null
39; Driver; Interference; None; 20.12.2023 16:21:40; 848.1654; -0.01292481; 203.0108; Before; 4.089608; null
39; Driver; Interference; None; 20.12.2023 16:21:40; 848.0853; -0.01289069; 203.0114; Before; 4.11276; null
39; Driver; Interference; None; 20.12.2023 16:21:40; 848.0444; -0.01290476; 203.0118; Before; 4.146728; null
39; Driver; Interference; None; 20.12.2023 16:21:40; 847.9181; -0.01295025; 203.0129; Before; 4.162228; null
39; Driver; Interference; None; 20.12.2023 16:21:40; 847.8748; -0.01298504; 203.0133; Before; 4.191678; null
39; Driver; Interference; None; 20.12.2023 16:21:40; 847.7863; -0.01303945; 203.0141; Before; 4.191678; null
39; Driver; Interference; None; 20.12.2023 16:21:40; 847.6953; -0.01310977; 203.0149; Before; 4.222996; null
39; Driver; Interference; None; 20.12.2023 16:21:40; 847.6017; -0.01316746; 203.0158; Before; 4.238644; null
39; Driver; Interference; None; 20.12.2023 16:21:40; 847.5541; -0.01319469; 203.0162; Before; 4.268431; null
39; Driver; Interference; None; 20.12.2023 16:21:40; 847.4072; -0.01324282; 203.0177; Before; 4.28354; null
39; Driver; Interference; None; 20.12.2023 16:21:40; 847.357; -0.01327222; 203.0182; Before; 4.298342; null
39; Driver; Interference; None; 20.12.2023 16:21:40; 847.2546; -0.01330492; 203.0192; Before; 4.313448; null
39; Driver; Interference; None; 20.12.2023 16:21:40; 847.1498; -0.01334985; 203.0204; Before; 4.343374; null
39; Driver; Interference; None; 20.12.2023 16:21:40; 847.0424; -0.01337965; 203.0215; Before; 4.358565; null
39; Driver; Interference; None; 20.12.2023 16:21:40; 846.9877; -0.01339367; 203.0221; Before; 4.388631; null
39; Driver; Interference; None; 20.12.2023 16:21:40; 846.8763; -0.013461; 203.0234; Before; 4.404523; null
39; Driver; Interference; None; 20.12.2023 16:21:40; 846.7624; -0.01328499; 203.0247; Before; 4.419694; null
39; Driver; Interference; None; 20.12.2023 16:21:40; 846.6458; -0.01315668; 203.0261; Before; 4.434481; null
39; Driver; Interference; None; 20.12.2023 16:21:40; 846.5865; -0.01310902; 203.0268; Before; 4.467974; null
39; Driver; Interference; None; 20.12.2023 16:21:40; 846.4049; -0.01302449; 203.029; Before; 4.483676; null
39; Driver; Interference; None; 20.12.2023 16:21:40; 846.343; -0.0130409; 203.0298; Before; 4.498581; null
39; Driver; Interference; None; 20.12.2023 16:21:40; 846.2172; -0.01308195; 203.0314; Before; 4.512526; null
39; Driver; Interference; None; 20.12.2023 16:21:40; 846.0889; -0.01316299; 203.0331; Before; 4.543766; null
39; Driver; Interference; None; 20.12.2023 16:21:40; 845.9578; -0.01325375; 203.0349; Before; 4.559717; null
39; Driver; Interference; None; 20.12.2023 16:21:40; 845.8913; -0.01329522; 203.0358; Before; 4.590321; null
39; Driver; Interference; None; 20.12.2023 16:21:40; 845.7562; -0.01335906; 203.0376; Before; 4.590321; null
39; Driver; Interference; None; 20.12.2023 16:21:40; 845.6185; -0.01343582; 203.0396; Before; 4.620392; null
39; Driver; Interference; None; 20.12.2023 16:21:40; 845.478; -0.01350286; 203.0417; Before; 4.636056; null
39; Driver; Interference; None; 20.12.2023 16:21:41; 845.4067; -0.0135276; 203.0427; Before; 4.667084; null
39; Driver; Interference; None; 20.12.2023 16:21:41; 845.2621; -0.01355282; 203.0449; Before; 4.682795; null
39; Driver; Interference; None; 20.12.2023 16:21:41; 845.1148; -0.01359241; 203.0472; Before; 4.700067; null
39; Driver; Interference; None; 20.12.2023 16:21:41; 844.9648; -0.0136272; 203.0496; Before; 4.716382; null
39; Driver; Interference; None; 20.12.2023 16:21:41; 844.8889; -0.01363822; 203.0508; Before; 4.747809; null
39; Driver; Interference; None; 20.12.2023 16:21:41; 844.657; -0.01364141; 203.0546; Before; 4.763722; null
39; Driver; Interference; None; 20.12.2023 16:21:41; 844.4996; -0.0136316; 203.0573; Before; 4.778711; null
39; Driver; Interference; None; 20.12.2023 16:21:41; 844.4201; -0.01362926; 203.0587; Before; 4.793802; null
39; Driver; Interference; None; 20.12.2023 16:21:41; 844.3401; -0.01365699; 203.0601; Before; 4.825856; null
39; Driver; Interference; None; 20.12.2023 16:21:41; 844.0978; -0.0137085; 203.0644; Before; 4.840686; null
39; Driver; Interference; None; 20.12.2023 16:21:41; 843.9351; -0.01372455; 203.0674; Before; 4.856039; null
39; Driver; Interference; None; 20.12.2023 16:21:41; 843.8536; -0.0137321; 203.0689; Before; 4.887763; null
39; Driver; Interference; None; 20.12.2023 16:21:41; 843.6906; -0.01382765; 203.072; Before; 4.903752; null
39; Driver; Interference; None; 20.12.2023 16:21:41; 843.5276; -0.01383086; 203.0752; Before; 4.918333; null
39; Driver; Interference; None; 20.12.2023 16:21:41; 843.4462; -0.0138722; 203.0768; Before; 4.947699; null
39; Driver; Interference; None; 20.12.2023 16:21:41; 843.2028; -0.01393055; 203.0817; Before; 4.963748; null
39; Driver; Interference; None; 20.12.2023 16:21:41; 843.1218; -0.01396497; 203.0834; Before; 4.992935; null
39; Driver; Interference; None; 20.12.2023 16:21:41; 842.9601; -0.01399207; 203.0867; Before; 4.992935; null
39; Driver; Interference; None; 20.12.2023 16:21:41; 842.7988; -0.01401532; 203.0901; Before; 5.022969; null
39; Driver; Interference; None; 20.12.2023 16:21:41; 842.6378; -0.01401821; 203.0936; Before; 5.038021; null
39; Driver; Interference; None; 20.12.2023 16:21:41; 842.5575; -0.01400753; 203.0954; Before; 5.06696; null
39; Driver; Interference; None; 20.12.2023 16:21:41; 842.317; -0.01400328; 203.1008; Before; 5.082068; null
39; Driver; Interference; None; 20.12.2023 16:21:41; 842.2371; -0.01398514; 203.1026; Before; 5.096503; null
39; Driver; Interference; None; 20.12.2023 16:21:41; 842.1575; -0.01399036; 203.1044; Before; 5.125838; null
39; Driver; Interference; None; 20.12.2023 16:21:41; 841.9221; -0.01394612; 203.1099; Before; 5.141644; null
39; Driver; Interference; None; 20.12.2023 16:21:41; 841.8444; -0.01394939; 203.1118; Before; 5.171602; null
39; Driver; Interference; None; 20.12.2023 16:21:41; 841.6904; -0.0139248; 203.1155; Before; 5.186285; null
39; Driver; Interference; None; 20.12.2023 16:21:41; 841.5381; -0.01382413; 203.1192; Before; 5.186285; null
39; Driver; Interference; None; 20.12.2023 16:21:41; 841.4626; -0.01377884; 203.121; Before; 5.221456; null
39; Driver; Interference; None; 20.12.2023 16:21:41; 841.2386; -0.01365976; 203.1266; Before; 5.240294; null
39; Driver; Interference; None; 20.12.2023 16:21:41; 841.1647; -0.01365807; 203.1285; Before; 5.271225; null
39; Driver; Interference; None; 20.12.2023 16:21:41; 841.0183; -0.01364774; 203.1323; Before; 5.286424; null
39; Driver; Interference; None; 20.12.2023 16:21:41; 840.8736; -0.01366584; 203.136; Before; 5.300985; null
39; Driver; Interference; None; 20.12.2023 16:21:41; 840.7305; -0.01368735; 203.1398; Before; 5.31625; null
39; Driver; Interference; None; 20.12.2023 16:21:41; 840.6595; -0.01369183; 203.1417; Before; 5.346328; null
39; Driver; Interference; None; 20.12.2023 16:21:41; 840.4493; -0.01367171; 203.1473; Before; 5.362028; null
39; Driver; Interference; None; 20.12.2023 16:21:41; 840.3112; -0.01363901; 203.1511; Before; 5.378294; null
39; Driver; Interference; None; 20.12.2023 16:21:41; 840.2428; -0.01362159; 203.153; Before; 5.395064; null
39; Driver; Interference; None; 20.12.2023 16:21:41; 840.1072; -0.01357886; 203.1568; Before; 5.412848; null
39; Driver; Interference; None; 20.12.2023 16:21:41; 840.04; -0.01355909; 203.1587; Before; 5.445183; null
39; Driver; Interference; None; 20.12.2023 16:21:41; 839.841; -0.01349824; 203.1643; Before; 5.461553; null
39; Driver; Interference; None; 20.12.2023 16:21:41; 839.7755; -0.01350581; 203.1662; Before; 5.492602; null
39; Driver; Interference; None; 20.12.2023 16:21:41; 839.6456; -0.01350657; 203.17; Before; 5.492602; null
39; Driver; Interference; None; 20.12.2023 16:21:41; 839.5813; -0.01350437; 203.1719; Before; 5.523376; null
39; Driver; Interference; None; 20.12.2023 16:21:41; 839.3909; -0.01347862; 203.1775; Before; 5.541081; null
39; Driver; Interference; None; 20.12.2023 16:21:41; 839.3282; -0.01349106; 203.1794; Before; 5.571312; null
39; Driver; Interference; None; 20.12.2023 16:21:41; 839.2041; -0.01349508; 203.1831; Before; 5.586501; null
39; Driver; Interference; None; 20.12.2023 16:21:41; 839.0816; -0.01350684; 203.1868; Before; 5.601162; null
39; Driver; Interference; None; 20.12.2023 16:21:41; 838.9608; -0.01351037; 203.1906; Before; 5.616606; null
39; Driver; Interference; None; 20.12.2023 16:21:41; 838.9009; -0.01350419; 203.1924; Before; 5.645928; null
39; Driver; Interference; None; 20.12.2023 16:21:42; 838.7239; -0.01345362; 203.1979; Before; 5.661925; null
39; Driver; Interference; None; 20.12.2023 16:21:42; 838.6656; -0.01345362; 203.1998; Before; 5.691476; null
39; Driver; Interference; None; 20.12.2023 16:21:42; 838.5504; -0.01343343; 203.2034; Before; 5.691476; null
39; Driver; Interference; None; 20.12.2023 16:21:42; 838.4368; -0.01342196; 203.2071; Before; 5.721601; null
39; Driver; Interference; None; 20.12.2023 16:21:42; 838.3247; -0.01340657; 203.2107; Before; 5.737545; null
39; Driver; Interference; None; 20.12.2023 16:21:42; 838.2693; -0.01339328; 203.2125; Before; 5.766649; null
39; Driver; Interference; None; 20.12.2023 16:21:42; 838.1053; -0.01355908; 203.2179; Before; 5.782095; null
39; Driver; Interference; None; 20.12.2023 16:21:42; 838.0515; -0.01361388; 203.2197; Before; 5.798753; null
39; Driver; Interference; None; 20.12.2023 16:21:42; 837.945; -0.01367178; 203.2232; Before; 5.814171; null
39; Driver; Interference; None; 20.12.2023 16:21:42; 837.8923; -0.01368772; 203.225; Before; 5.846196; null
39; Driver; Interference; None; 20.12.2023 16:21:42; 837.7368; -0.01366492; 203.2302; Before; 5.861714; null
39; Driver; Interference; None; 20.12.2023 16:21:42; 837.6857; -0.01366217; 203.2319; Before; 5.891929; null
39; Driver; Interference; None; 20.12.2023 16:21:42; 837.5847; -0.01362262; 203.2354; Before; 5.891929; null
39; Driver; Interference; None; 20.12.2023 16:21:42; 837.4853; -0.0135878; 203.2388; Before; 5.922734; null
39; Driver; Interference; None; 20.12.2023 16:21:42; 837.3875; -0.01353859; 203.2422; Before; 5.938852; null
39; Driver; Interference; None; 20.12.2023 16:21:42; 837.3391; -0.01351351; 203.2439; Before; 5.968761; null
39; Driver; Interference; None; 20.12.2023 16:21:42; 837.1964; -0.01341879; 203.2489; Before; 5.984737; null
39; Driver; Interference; None; 20.12.2023 16:21:42; 837.1496; -0.01340541; 203.2506; Before; 5.999919; null
39; Driver; Interference; None; 20.12.2023 16:21:42; 837.0572; -0.01332742; 203.2539; Before; 6.015518; null
39; Driver; Interference; None; 20.12.2023 16:21:42; 837.0115; -0.01331826; 203.2555; Before; 6.04713; null
39; Driver; Interference; None; 20.12.2023 16:21:42; 836.877; -0.01327896; 203.2603; Before; 6.062621; null
39; Driver; Interference; None; 20.12.2023 16:21:42; 836.8328; -0.01328304; 203.2619; Before; 6.093359; null
39; Driver; Interference; None; 20.12.2023 16:21:42; 836.7458; -0.01327477; 203.2651; Before; 6.093359; null
39; Driver; Interference; None; 20.12.2023 16:21:42; 836.7028; -0.01327189; 203.2666; Before; 6.124881; null
39; Driver; Interference; None; 20.12.2023 16:21:42; 836.5762; -0.01324431; 203.2713; Before; 6.141481; null
39; Driver; Interference; None; 20.12.2023 16:21:42; 836.4937; -0.01321744; 203.2743; Before; 6.156577; null
39; Driver; Interference; None; 20.12.2023 16:21:42; 836.453; -0.01320736; 203.2758; Before; 6.18827; null
39; Driver; Interference; None; 20.12.2023 16:21:42; 836.3728; -0.01317804; 203.2788; Before; 6.18827; null
39; Driver; Interference; None; 20.12.2023 16:21:42; 836.2941; -0.01316987; 203.2817; Before; 6.220784; null
39; Driver; Interference; None; 20.12.2023 16:21:42; 836.2169; -0.01316039; 203.2847; Before; 6.238843; null
39; Driver; Interference; None; 20.12.2023 16:21:42; 836.1788; -0.01315697; 203.2861; Before; 6.269604; null
39; Driver; Interference; None; 20.12.2023 16:21:42; 836.1039; -0.01313787; 203.2889; Before; 6.285419; null
39; Driver; Interference; None; 20.12.2023 16:21:42; 836.0304; -0.0131339; 203.2917; Before; 6.300697; null
39; Driver; Interference; None; 20.12.2023 16:21:42; 835.9584; -0.01309612; 203.2945; Before; 6.319862; null
39; Driver; Interference; None; 20.12.2023 16:21:42; 835.8878; -0.01304093; 203.2972; Before; 6.337818; null
39; Driver; Interference; None; 20.12.2023 16:21:42; 835.8531; -0.01303708; 203.2985; Before; 6.369978; null
39; Driver; Interference; None; 20.12.2023 16:21:42; 835.7849; -0.01302197; 203.3011; Before; 6.386205; null
39; Driver; Interference; None; 20.12.2023 16:21:42; 835.7181; -0.01302407; 203.3037; Before; 6.402737; null
39; Driver; Interference; None; 20.12.2023 16:21:42; 835.6528; -0.01299709; 203.3063; Before; 6.418324; null
39; Driver; Interference; None; 20.12.2023 16:21:42; 835.589; -0.0129803; 203.3088; Before; 6.433213; null
39; Driver; Interference; None; 20.12.2023 16:21:42; 835.5576; -0.01297493; 203.31; Before; 6.464718; null
39; Driver; Interference; None; 20.12.2023 16:21:42; 835.4657; -0.01297603; 203.3136; Before; 6.480957; null
39; Driver; Interference; None; 20.12.2023 16:21:42; 835.4358; -0.01297463; 203.3148; Before; 6.496728; null
39; Driver; Interference; None; 20.12.2023 16:21:42; 835.3771; -0.01296077; 203.3172; Before; 6.511545; null
39; Driver; Interference; None; 20.12.2023 16:21:42; 835.3197; -0.01295679; 203.3194; Before; 6.542973; null
39; Driver; Interference; None; 20.12.2023 16:21:42; 835.2637; -0.01294736; 203.3217; Before; 6.559486; null
39; Driver; Interference; None; 20.12.2023 16:21:42; 835.2363; -0.0129422; 203.3228; Before; 6.590841; null
39; Driver; Interference; None; 20.12.2023 16:21:42; 835.1824; -0.01292109; 203.3249; Before; 6.590841; null
39; Driver; Interference; None; 20.12.2023 16:21:42; 835.1298; -0.01290914; 203.327; Before; 6.623175; null
39; Driver; Interference; None; 20.12.2023 16:21:42; 835.0787; -0.01287242; 203.3291; Before; 6.639133; null
39; Driver; Interference; None; 20.12.2023 16:21:43; 835.0536; -0.01286876; 203.3301; Before; 6.669795; null
39; Driver; Interference; None; 20.12.2023 16:21:43; 835.0045; -0.01285221; 203.3321; Before; 6.685338; null
39; Driver; Interference; None; 20.12.2023 16:21:43; 834.9565; -0.01284413; 203.3341; Before; 6.700836; null
39; Driver; Interference; None; 20.12.2023 16:21:43; 834.9084; -0.01281293; 203.336; Before; 6.717233; null
39; Driver; Interference; None; 20.12.2023 16:21:43; 834.8602; -0.01278854; 203.338; Before; 6.734181; null
39; Driver; Interference; None; 20.12.2023 16:21:43; 834.8359; -0.0127792; 203.339; Before; 6.766954; null
39; Driver; Interference; None; 20.12.2023 16:21:43; 834.7873; -0.0127567; 203.341; Before; 6.783224; null
39; Driver; Interference; None; 20.12.2023 16:21:43; 834.7382; -0.01272298; 203.3431; Before; 6.783224; null
39; Driver; Interference; None; 20.12.2023 16:21:43; 834.7135; -0.01271235; 203.3441; Before; 6.823816; null
39; Driver; Interference; None; 20.12.2023 16:21:43; 834.6385; -0.01268924; 203.3472; Before; 6.840281; null
39; Driver; Interference; None; 20.12.2023 16:21:43; 834.5876; -0.0126828; 203.3494; Before; 6.855895; null
39; Driver; Interference; None; 20.12.2023 16:21:43; 834.5618; -0.01268521; 203.3504; Before; 6.887444; null
39; Driver; Interference; None; 20.12.2023 16:21:43; 834.5096; -0.01268906; 203.3526; Before; 6.887444; null
39; Driver; Interference; None; 20.12.2023 16:21:43; 834.4562; -0.01271222; 203.3549; Before; 6.920571; null
39; Driver; Interference; None; 20.12.2023 16:21:43; 834.4015; -0.01273666; 203.3572; Before; 6.93727; null
39; Driver; Interference; None; 20.12.2023 16:21:43; 834.3737; -0.01275062; 203.3584; Before; 6.967312; null
39; Driver; Interference; None; 20.12.2023 16:21:43; 834.2879; -0.01278082; 203.362; Before; 6.983054; null
39; Driver; Interference; None; 20.12.2023 16:21:43; 834.2585; -0.01280057; 203.3633; Before; 6.998563; null
39; Driver; Interference; None; 20.12.2023 16:21:43; 834.1984; -0.01282625; 203.3659; Before; 7.013509; null
39; Driver; Interference; None; 20.12.2023 16:21:43; 834.1677; -0.01283925; 203.3672; Before; 7.045354; null
39; Driver; Interference; None; 20.12.2023 16:21:43; 834.0728; -0.01286148; 203.3713; Before; 7.061836; null
39; Driver; Interference; None; 20.12.2023 16:21:43; 834.0071; -0.01286836; 203.3741; Before; 7.076839; null
39; Driver; Interference; None; 20.12.2023 16:21:43; 833.9736; -0.01287473; 203.3756; Before; 7.091992; null
39; Driver; Interference; None; 20.12.2023 16:21:43; 833.9048; -0.01287952; 203.3786; Before; 7.11047; null
39; Driver; Interference; None; 20.12.2023 16:21:43; 833.8339; -0.0128651; 203.3817; Before; 7.130874; null
39; Driver; Interference; None; 20.12.2023 16:21:43; 833.7977; -0.0128657; 203.3833; Before; 7.165588; null
39; Driver; Interference; None; 20.12.2023 16:21:43; 833.6856; -0.01287449; 203.3882; Before; 7.182104; null
39; Driver; Interference; None; 20.12.2023 16:21:43; 833.6472; -0.01289694; 203.39; Before; 7.198903; null
39; Driver; Interference; None; 20.12.2023 16:21:43; 833.5686; -0.01293214; 203.3934; Before; 7.213974; null
39; Driver; Interference; None; 20.12.2023 16:21:43; 833.4879; -0.01294207; 203.397; Before; 7.230393; null
39; Driver; Interference; None; 20.12.2023 16:21:43; 833.4049; -0.01293464; 203.4008; Before; 7.246832; null
39; Driver; Interference; None; 20.12.2023 16:21:43; 833.3626; -0.01294114; 203.4027; Before; 7.288095; null
39; Driver; Interference; None; 20.12.2023 16:21:43; 833.2764; -0.013002; 203.4066; Before; 7.30426; null
39; Driver; Interference; None; 20.12.2023 16:21:43; 833.1879; -0.01302661; 203.4106; Before; 7.319163; null
39; Driver; Interference; None; 20.12.2023 16:21:43; 833.0972; -0.01306317; 203.4147; Before; 7.333321; null
39; Driver; Interference; None; 20.12.2023 16:21:43; 833.051; -0.01308553; 203.4168; Before; 7.365639; null
39; Driver; Interference; None; 20.12.2023 16:21:43; 832.9091; -0.01313735; 203.4234; Before; 7.382956; null
39; Driver; Interference; None; 20.12.2023 16:21:43; 832.8607; -0.01317162; 203.4256; Before; 7.398265; null
39; Driver; Interference; None; 20.12.2023 16:21:43; 832.7621; -0.01318126; 203.4302; Before; 7.417714; null
39; Driver; Interference; None; 20.12.2023 16:21:43; 832.6613; -0.01320299; 203.4349; Before; 7.436594; null
39; Driver; Interference; None; 20.12.2023 16:21:43; 832.6102; -0.01321858; 203.4373; Before; 7.468793; null
39; Driver; Interference; None; 20.12.2023 16:21:43; 832.5064; -0.01323712; 203.4422; Before; 7.485119; null
39; Driver; Interference; None; 20.12.2023 16:21:43; 832.4009; -0.01328267; 203.4472; Before; 7.50066; null
39; Driver; Interference; None; 20.12.2023 16:21:43; 832.2941; -0.01328252; 203.4523; Before; 7.516928; null
39; Driver; Interference; None; 20.12.2023 16:21:43; 832.2402; -0.01331359; 203.4548; Before; 7.548058; null
39; Driver; Interference; None; 20.12.2023 16:21:43; 832.0781; -0.0133758; 203.4626; Before; 7.563203; null
39; Driver; Interference; None; 20.12.2023 16:21:43; 831.9704; -0.01339883; 203.4678; Before; 7.578609; null
39; Driver; Interference; None; 20.12.2023 16:21:43; 831.9171; -0.01341219; 203.4704; Before; 7.593448; null
39; Driver; Interference; None; 20.12.2023 16:21:43; 831.8121; -0.01342137; 203.4755; Before; 7.608916; null
39; Driver; Interference; None; 20.12.2023 16:21:43; 831.709; -0.01344996; 203.4805; Before; 7.642535; null
39; Driver; Interference; None; 20.12.2023 16:21:44; 831.6072; -0.01346818; 203.4855; Before; 7.659008; null
39; Driver; Interference; None; 20.12.2023 16:21:44; 831.5569; -0.01347605; 203.488; Before; 7.689264; null
39; Driver; Interference; None; 20.12.2023 16:21:44; 831.4572; -0.01346978; 203.493; Before; 7.689264; null
39; Driver; Interference; None; 20.12.2023 16:21:44; 831.3588; -0.01342211; 203.4978; Before; 7.70524; null
39; Driver; Interference; None; 20.12.2023 16:21:44; 831.3102; -0.01340408; 203.5002; Before; 7.745566; null
39; Driver; Interference; None; 20.12.2023 16:21:44; 831.1664; -0.01334534; 203.5074; Before; 7.762665; null
39; Driver; Interference; None; 20.12.2023 16:21:44; 831.0724; -0.01330875; 203.5121; Before; 7.779109; null
39; Driver; Interference; None; 20.12.2023 16:21:44; 831.0261; -0.01329715; 203.5145; Before; 7.794376; null
39; Driver; Interference; None; 20.12.2023 16:21:44; 830.9344; -0.01326766; 203.5191; Before; 7.810351; null
39; Driver; Interference; None; 20.12.2023 16:21:44; 830.8891; -0.01325921; 203.5215; Before; 7.845038; null
39; Driver; Interference; None; 20.12.2023 16:21:44; 830.7556; -0.01322935; 203.5283; Before; 7.861352; null
39; Driver; Interference; None; 20.12.2023 16:21:44; 830.7119; -0.0132379; 203.5305; Before; 7.892587; null
39; Driver; Interference; None; 20.12.2023 16:21:44; 830.6255; -0.01323942; 203.535; Before; 7.892587; null
39; Driver; Interference; None; 20.12.2023 16:21:44; 830.5829; -0.01324143; 203.5372; Before; 7.925001; null
39; Driver; Interference; None; 20.12.2023 16:21:44; 830.4575; -0.01322702; 203.5437; Before; 7.941843; null
39; Driver; Interference; None; 20.12.2023 16:21:44; 830.3757; -0.01320694; 203.5479; Before; 7.959006; null
39; Driver; Interference; None; 20.12.2023 16:21:44; 830.3354; -0.01319952; 203.55; Before; 7.990952; null
39; Driver; Interference; None; 20.12.2023 16:21:44; 830.2559; -0.01317422; 203.5542; Before; 7.990952; null
39; Driver; Interference; None; 20.12.2023 16:21:44; 830.1779; -0.01312465; 203.5583; Before; 8.007244; null
39; Driver; Interference; None; 20.12.2023 16:21:44; 830.1014; -0.01306186; 203.5623; Before; 8.025933; null
39; Driver; Interference; None; 20.12.2023 16:21:44; 830.0637; -0.01304133; 203.5643; Before; 8.067648; null
39; Driver; Interference; None; 20.12.2023 16:21:44; 829.9895; -0.01300513; 203.5683; Before; 8.084228; null
39; Driver; Interference; None; 20.12.2023 16:21:44; 829.9167; -0.01300266; 203.5721; Before; 8.100118; null
39; Driver; Interference; None; 20.12.2023 16:21:44; 829.8455; -0.01297999; 203.5759; Before; 8.116518; null
39; Driver; Interference; None; 20.12.2023 16:21:44; 829.7756; -0.01290904; 203.5797; Before; 8.116518; null
39; Driver; Interference; None; 20.12.2023 16:21:44; 829.7073; -0.01278594; 203.5833; Before; 8.116518; null
39; Driver; Interference; None; 20.12.2023 16:21:44; 829.6404; -0.01270306; 203.5869; Before; 8.131736; null
39; Driver; Interference; None; 20.12.2023 16:21:44; 829.6075; -0.01264845; 203.5887; Before; 8.131736; null
39; Driver; Interference; None; 20.12.2023 16:21:44; 829.5428; -0.01259308; 203.5922; Before; 8.196995; null
39; Driver; Interference; None; 20.12.2023 16:21:44; 829.511; -0.01259002; 203.5939; Before; 8.243479; null
39; Driver; Interference; None; 20.12.2023 16:21:44; 829.4178; -0.01263404; 203.599; Before; 8.260738; null
39; Driver; Interference; None; 20.12.2023 16:21:44; 829.3575; -0.01269065; 203.6023; Before; 8.276853; null
39; Driver; Interference; None; 20.12.2023 16:21:44; 829.3279; -0.01272534; 203.6039; Before; 8.292906; null
39; Driver; Interference; None; 20.12.2023 16:21:44; 829.2698; -0.01278785; 203.6071; Before; 8.309829; null
39; Driver; Interference; None; 20.12.2023 16:21:44; 829.2413; -0.01281943; 203.6087; Before; 8.344072; null
39; Driver; Interference; None; 20.12.2023 16:21:44; 829.1852; -0.01286739; 203.6117; Before; 8.360868; null
39; Driver; Interference; None; 20.12.2023 16:21:44; 829.1307; -0.01288384; 203.6147; Before; 8.381132; null
39; Driver; Interference; None; 20.12.2023 16:21:44; 829.0776; -0.01290419; 203.6177; Before; 8.401345; null
39; Driver; Interference; None; 20.12.2023 16:21:44; 829.0259; -0.01289204; 203.6205; Before; 8.418864; null
39; Driver; Interference; None; 20.12.2023 16:21:44; 828.9758; -0.01287993; 203.6233; Before; 8.434081; null
39; Driver; Interference; None; 20.12.2023 16:21:44; 828.9512; -0.01287374; 203.6247; Before; 8.467298; null
39; Driver; Interference; None; 20.12.2023 16:21:44; 828.8796; -0.01284251; 203.6287; Before; 8.483823; null
39; Driver; Interference; None; 20.12.2023 16:21:44; 828.8564; -0.01283956; 203.63; Before; 8.499483; null
39; Driver; Interference; None; 20.12.2023 16:21:44; 828.811; -0.01282362; 203.6325; Before; 8.515163; null
39; Driver; Interference; None; 20.12.2023 16:21:44; 828.767; -0.01278931; 203.635; Before; 8.530974; null
39; Driver; Interference; None; 20.12.2023 16:21:44; 828.7455; -0.01277501; 203.6362; Before; 8.564641; null
39; Driver; Interference; None; 20.12.2023 16:21:44; 828.7033; -0.01274414; 203.6385; Before; 8.581817; null
39; Driver; Interference; None; 20.12.2023 16:21:44; 828.6624; -0.01272763; 203.6409; Before; 8.600622; null
39; Driver; Interference; None; 20.12.2023 16:21:44; 828.6224; -0.01269753; 203.6431; Before; 8.618083; null
39; Driver; Interference; None; 20.12.2023 16:21:44; 828.5822; -0.01267719; 203.6454; Before; 8.632904; null
39; Driver; Interference; None; 20.12.2023 16:21:45; 828.5411; -0.01264848; 203.6477; Before; 8.650552; null
39; Driver; Interference; None; 20.12.2023 16:21:45; 828.5203; -0.01263949; 203.6489; Before; 8.686881; null
39; Driver; Interference; None; 20.12.2023 16:21:45; 828.478; -0.01262273; 203.6513; Before; 8.686881; null
39; Driver; Interference; None; 20.12.2023 16:21:45; 828.4346; -0.01262475; 203.6538; Before; 8.721563; null
39; Driver; Interference; None; 20.12.2023 16:21:45; 828.3901; -0.01261451; 203.6564; Before; 8.739482; null
39; Driver; Interference; None; 20.12.2023 16:21:45; 828.3442; -0.01261636; 203.659; Before; 8.754369; null
39; Driver; Interference; None; 20.12.2023 16:21:45; 828.3209; -0.01262161; 203.6603; Before; 8.786681; null
39; Driver; Interference; None; 20.12.2023 16:21:45; 828.2731; -0.01262987; 203.6631; Before; 8.786681; null
39; Driver; Interference; None; 20.12.2023 16:21:45; 828.2239; -0.0126547; 203.6659; Before; 8.821002; null
39; Driver; Interference; None; 20.12.2023 16:21:45; 828.1732; -0.01268004; 203.6688; Before; 8.837411; null
39; Driver; Interference; None; 20.12.2023 16:21:45; 828.1472; -0.0126943; 203.6703; Before; 8.868806; null
39; Driver; Interference; None; 20.12.2023 16:21:45; 828.0941; -0.01271455; 203.6734; Before; 8.885441; null
39; Driver; Interference; None; 20.12.2023 16:21:45; 828.0391; -0.01274681; 203.6766; Before; 8.902806; null
39; Driver; Interference; None; 20.12.2023 16:21:45; 827.9822; -0.01275352; 203.6799; Before; 8.919529; null
39; Driver; Interference; None; 20.12.2023 16:21:45; 827.9229; -0.01276743; 203.6834; Before; 8.934378; null
39; Driver; Interference; None; 20.12.2023 16:21:45; 827.8922; -0.01277761; 203.6852; Before; 8.968672; null
39; Driver; Interference; None; 20.12.2023 16:21:45; 827.8289; -0.01279104; 203.6889; Before; 8.984922; null
39; Driver; Interference; None; 20.12.2023 16:21:45; 827.7627; -0.01282312; 203.6928; Before; 9.001466; null
39; Driver; Interference; None; 20.12.2023 16:21:45; 827.6936; -0.01282841; 203.6969; Before; 9.018071; null
39; Driver; Interference; None; 20.12.2023 16:21:45; 827.6216; -0.01284584; 203.7011; Before; 9.034244; null
39; Driver; Interference; None; 20.12.2023 16:21:45; 827.5845; -0.01285958; 203.7033; Before; 9.066615; null
39; Driver; Interference; None; 20.12.2023 16:21:45; 827.508; -0.01288037; 203.7079; Before; 9.08401; null
39; Driver; Interference; None; 20.12.2023 16:21:45; 827.4285; -0.01292503; 203.7126; Before; 9.101391; null
39; Driver; Interference; None; 20.12.2023 16:21:45; 827.3459; -0.01293812; 203.7175; Before; 9.11715; null
39; Driver; Interference; None; 20.12.2023 16:21:45; 827.2601; -0.01296564; 203.7227; Before; 9.133726; null
39; Driver; Interference; None; 20.12.2023 16:21:45; 827.2161; -0.01298505; 203.7253; Before; 9.167147; null
39; Driver; Interference; None; 20.12.2023 16:21:45; 827.1255; -0.0130151; 203.7308; Before; 9.183891; null
39; Driver; Interference; None; 20.12.2023 16:21:45; 827.0317; -0.01307172; 203.7365; Before; 9.200974; null
39; Driver; Interference; None; 20.12.2023 16:21:45; 826.9346; -0.01308922; 203.7424; Before; 9.216863; null
39; Driver; Interference; None; 20.12.2023 16:21:45; 826.834; -0.01312182; 203.7485; Before; 9.232253; null
39; Driver; Interference; None; 20.12.2023 16:21:45; 826.7823; -0.01314403; 203.7517; Before; 9.26592; null
39; Driver; Interference; None; 20.12.2023 16:21:45; 826.6222; -0.01319949; 203.7615; Before; 9.283331; null
39; Driver; Interference; None; 20.12.2023 16:21:45; 826.567; -0.01323942; 203.7649; Before; 9.29928; null
39; Driver; Interference; None; 20.12.2023 16:21:45; 826.4538; -0.01316145; 203.7719; Before; 9.315202; null
39; Driver; Interference; None; 20.12.2023 16:21:45; 826.337; -0.01304553; 203.7792; Before; 9.331675; null
39; Driver; Interference; None; 20.12.2023 16:21:45; 826.2772; -0.01300728; 203.7829; Before; 9.366861; null
39; Driver; Interference; None; 20.12.2023 16:21:45; 826.1548; -0.01296142; 203.7906; Before; 9.384093; null
39; Driver; Interference; None; 20.12.2023 16:21:45; 826.0286; -0.01298792; 203.7986; Before; 9.400073; null
39; Driver; Interference; None; 20.12.2023 16:21:45; 825.8987; -0.01299915; 203.8068; Before; 9.416384; null
39; Driver; Interference; None; 20.12.2023 16:21:45; 825.7649; -0.01305964; 203.8153; Before; 9.43155; null
39; Driver; Interference; None; 20.12.2023 16:21:45; 825.6965; -0.01309921; 203.8197; Before; 9.464663; null
39; Driver; Interference; None; 20.12.2023 16:21:45; 825.4856; -0.01328565; 203.8332; Before; 9.480643; null
39; Driver; Interference; None; 20.12.2023 16:21:45; 825.4133; -0.01334099; 203.8379; Before; 9.49644; null
39; Driver; Interference; None; 20.12.2023 16:21:45; 825.2658; -0.01342995; 203.8474; Before; 9.51078; null
39; Driver; Interference; None; 20.12.2023 16:21:45; 825.1906; -0.01346949; 203.8523; Before; 9.544448; null
39; Driver; Interference; None; 20.12.2023 16:21:45; 824.9587; -0.01355363; 203.8675; Before; 9.560745; null
39; Driver; Interference; None; 20.12.2023 16:21:45; 824.7991; -0.01358886; 203.878; Before; 9.577583; null
39; Driver; Interference; None; 20.12.2023 16:21:45; 824.7178; -0.01360585; 203.8834; Before; 9.593147; null
39; Driver; Interference; None; 20.12.2023 16:21:45; 824.552; -0.01362854; 203.8944; Before; 9.609345; null
39; Driver; Interference; None; 20.12.2023 16:21:45; 824.4676; -0.01364194; 203.9001; Before; 9.643694; null
39; Driver; Interference; None; 20.12.2023 16:21:46; 824.2093; -0.01367577; 203.9174; Before; 9.660583; null
39; Driver; Interference; None; 20.12.2023 16:21:46; 824.033; -0.01352435; 203.9294; Before; 9.660583; null
39; Driver; Interference; None; 20.12.2023 16:21:46; 823.9436; -0.01338258; 203.9354; Before; 9.660583; null
39; Driver; Interference; None; 20.12.2023 16:21:46; 823.7626; -0.01320282; 203.9478; Before; 9.67727; null
39; Driver; Interference; None; 20.12.2023 16:21:46; 823.6711; -0.01316774; 203.9541; Before; 9.744422; null
39; Driver; Interference; None; 20.12.2023 16:21:46; 823.3933; -0.0132204; 203.9734; Before; 9.762587; null
39; Driver; Interference; None; 20.12.2023 16:21:46; 823.2062; -0.01326599; 203.9864; Before; 9.779683; null
39; Driver; Interference; None; 20.12.2023 16:21:46; 823.1122; -0.01326566; 203.993; Before; 9.779683; null
39; Driver; Interference; None; 20.12.2023 16:21:46; 823.0181; -0.01332477; 203.9996; Before; 9.820682; null
39; Driver; Interference; None; 20.12.2023 16:21:46; 822.7375; -0.01356085; 204.0195; Before; 9.841967; null
39; Driver; Interference; None; 20.12.2023 16:21:46; 822.5532; -0.01364838; 204.0327; Before; 9.859372; null
39; Driver; Interference; None; 20.12.2023 16:21:46; 822.3705; -0.01378098; 204.0458; Before; 9.875906; null
39; Driver; Interference; None; 20.12.2023 16:21:46; 822.2797; -0.01384776; 204.0523; Before; 9.893752; null
39; Driver; Interference; None; 20.12.2023 16:21:46; 822.0995; -0.01396052; 204.0653; Before; 9.911361; null
39; Driver; Interference; None; 20.12.2023 16:21:46; 822.01; -0.01400971; 204.0719; Before; 9.945303; null
39; Driver; Interference; None; 20.12.2023 16:21:46; 821.8323; -0.01407777; 204.0848; Before; 9.963081; null
39; Driver; Interference; None; 20.12.2023 16:21:46; 821.6565; -0.01405237; 204.0977; Before; 9.98391; null
39; Driver; Interference; None; 20.12.2023 16:21:46; 821.4824; -0.01396108; 204.1106; Before; 9.98391; null
39; Driver; Interference; None; 20.12.2023 16:21:46; 821.3099; -0.01392779; 204.1234; Before; 10.02189; null
39; Driver; Interference; None; 20.12.2023 16:21:46; 821.1392; -0.0138441; 204.1362; Before; 10.03907; null
39; Driver; Interference; None; 20.12.2023 16:21:46; 820.9703; -0.01380942; 204.1489; Before; 10.05583; null
39; Driver; Interference; None; 20.12.2023 16:21:46; 820.8865; -0.01379998; 204.1552; Before; 10.08997; null
39; Driver; Interference; None; 20.12.2023 16:21:46; 820.7202; -0.01378323; 204.1678; Before; 10.08997; null
39; Driver; Interference; None; 20.12.2023 16:21:46; 820.5555; -0.01371761; 204.1803; Before; 10.10797; null
39; Driver; Interference; None; 20.12.2023 16:21:46; 820.3926; -0.01362357; 204.1928; Before; 10.12458; null
39; Driver; Interference; None; 20.12.2023 16:21:46; 820.2314; -0.0135194; 204.2052; Before; 10.14813; null
39; Driver; Interference; None; 20.12.2023 16:21:46; 820.1515; -0.01349259; 204.2114; Before; 10.18671; null
39; Driver; Interference; None; 20.12.2023 16:21:46; 819.9929; -0.01347107; 204.2237; Before; 10.18671; null
39; Driver; Interference; None; 20.12.2023 16:21:46; 819.8359; -0.01352137; 204.236; Before; 10.22131; null
39; Driver; Interference; None; 20.12.2023 16:21:46; 819.6807; -0.01353035; 204.2481; Before; 10.23879; null
39; Driver; Interference; None; 20.12.2023 16:21:46; 819.5272; -0.01357748; 204.2602; Before; 10.25568; null
39; Driver; Interference; None; 20.12.2023 16:21:46; 819.3754; -0.0135712; 204.2722; Before; 10.27314; null
39; Driver; Interference; None; 20.12.2023 16:21:46; 819.3002; -0.01357553; 204.2782; Before; 10.29083; null
39; Driver; Interference; None; 20.12.2023 16:21:46; 819.1509; -0.01358492; 204.2901; Before; 10.31118; null
39; Driver; Interference; None; 20.12.2023 16:21:46; 819.0769; -0.01359337; 204.296; Before; 10.34667; null
39; Driver; Interference; None; 20.12.2023 16:21:46; 818.9301; -0.01360486; 204.3078; Before; 10.36438; null
39; Driver; Interference; None; 20.12.2023 16:21:46; 818.785; -0.0135633; 204.3195; Before; 10.38316; null
39; Driver; Interference; None; 20.12.2023 16:21:46; 818.6417; -0.0135676; 204.3311; Before; 10.4002; null
39; Driver; Interference; None; 20.12.2023 16:21:46; 818.4999; -0.01352483; 204.3426; Before; 10.41744; null
39; Driver; Interference; None; 20.12.2023 16:21:46; 818.3598; -0.01351632; 204.3541; Before; 10.43414; null
39; Driver; Interference; None; 20.12.2023 16:21:46; 818.2214; -0.01346474; 204.3654; Before; 10.4515; null
39; Driver; Interference; None; 20.12.2023 16:21:46; 818.0846; -0.01338732; 204.3767; Before; 10.47177; null
39; Driver; Interference; None; 20.12.2023 16:21:46; 818.0168; -0.01336453; 204.3823; Before; 10.49284; null
39; Driver; Interference; None; 20.12.2023 16:21:46; 817.8825; -0.0133377; 204.3934; Before; 10.51044; null
39; Driver; Interference; None; 20.12.2023 16:21:46; 817.816; -0.01333594; 204.399; Before; 10.54445; null
39; Driver; Interference; None; 20.12.2023 16:21:46; 817.6188; -0.01335081; 204.4154; Before; 10.56124; null
39; Driver; Interference; None; 20.12.2023 16:21:46; 817.4894; -0.01336941; 204.4263; Before; 10.57791; null
39; Driver; Interference; None; 20.12.2023 16:21:46; 817.4253; -0.01338117; 204.4317; Before; 10.59419; null
39; Driver; Interference; None; 20.12.2023 16:21:46; 817.2983; -0.01333985; 204.4424; Before; 10.61088; null
39; Driver; Interference; None; 20.12.2023 16:21:46; 817.173; -0.01327618; 204.453; Before; 10.63537; null
39; Driver; Interference; None; 20.12.2023 16:21:47; 817.0493; -0.01325974; 204.4635; Before; 10.65644; null
39; Driver; Interference; None; 20.12.2023 16:21:47; 816.988; -0.01326014; 204.4687; Before; 10.69051; null
39; Driver; Interference; None; 20.12.2023 16:21:47; 816.8668; -0.01326571; 204.4791; Before; 10.69051; null
39; Driver; Interference; None; 20.12.2023 16:21:47; 816.7471; -0.01323675; 204.4894; Before; 10.7081; null
39; Driver; Interference; None; 20.12.2023 16:21:47; 816.6878; -0.01323114; 204.4945; Before; 10.7429; null
39; Driver; Interference; None; 20.12.2023 16:21:47; 816.5125; -0.0132294; 204.5096; Before; 10.7603; null
39; Driver; Interference; None; 20.12.2023 16:21:47; 816.3976; -0.0132356; 204.5195; Before; 10.77708; null
39; Driver; Interference; None; 20.12.2023 16:21:47; 816.3408; -0.01324122; 204.5245; Before; 10.79717; null
39; Driver; Interference; None; 20.12.2023 16:21:47; 816.2283; -0.01319604; 204.5343; Before; 10.81815; null
39; Driver; Interference; None; 20.12.2023 16:21:47; 816.1174; -0.01318393; 204.5439; Before; 10.83543; null
39; Driver; Interference; None; 20.12.2023 16:21:47; 816.008; -0.01330107; 204.5535; Before; 10.85309; null
39; Driver; Interference; None; 20.12.2023 16:21:47; 815.9539; -0.01335859; 204.5583; Before; 10.88948; null
39; Driver; Interference; None; 20.12.2023 16:21:47; 815.8469; -0.01344308; 204.5677; Before; 10.88948; null
39; Driver; Interference; None; 20.12.2023 16:21:47; 815.7415; -0.01346765; 204.577; Before; 10.90759; null
39; Driver; Interference; None; 20.12.2023 16:21:47; 815.6894; -0.01347905; 204.5816; Before; 10.9425; null
39; Driver; Interference; None; 20.12.2023 16:21:47; 815.5863; -0.0134789; 204.5907; Before; 10.96319; null
39; Driver; Interference; None; 20.12.2023 16:21:47; 815.4848; -0.01343508; 204.5997; Before; 10.98397; null
39; Driver; Interference; None; 20.12.2023 16:21:47; 815.3848; -0.01336332; 204.6086; Before; 10.98397; null
39; Driver; Interference; None; 20.12.2023 16:21:47; 815.2864; -0.01333298; 204.6173; Before; 11.02054; null
39; Driver; Interference; None; 20.12.2023 16:21:47; 815.1896; -0.01327565; 204.626; Before; 11.03818; null
39; Driver; Interference; None; 20.12.2023 16:21:47; 815.0942; -0.01324743; 204.6345; Before; 11.05377; null
39; Driver; Interference; None; 20.12.2023 16:21:47; 815.0472; -0.01324238; 204.6388; Before; 11.08834; null
39; Driver; Interference; None; 20.12.2023 16:21:47; 814.9542; -0.01322866; 204.6471; Before; 11.08834; null
39; Driver; Interference; None; 20.12.2023 16:21:47; 814.8627; -0.0131938; 204.6554; Before; 11.10543; null
39; Driver; Interference; None; 20.12.2023 16:21:47; 814.7728; -0.01314622; 204.6635; Before; 11.12597; null
39; Driver; Interference; None; 20.12.2023 16:21:47; 814.7284; -0.01313514; 204.6675; Before; 11.16472; null
39; Driver; Interference; None; 20.12.2023 16:21:47; 814.5975; -0.01311739; 204.6794; Before; 11.18266; null
39; Driver; Interference; None; 20.12.2023 16:21:47; 814.5546; -0.01313441; 204.6832; Before; 11.19971; null
39; Driver; Interference; None; 20.12.2023 16:21:47; 814.47; -0.01312307; 204.6909; Before; 11.21613; null
39; Driver; Interference; None; 20.12.2023 16:21:47; 814.3869; -0.01312895; 204.6985; Before; 11.2332; null
39; Driver; Interference; None; 20.12.2023 16:21:47; 814.3054; -0.01311043; 204.7059; Before; 11.25071; null
39; Driver; Interference; None; 20.12.2023 16:21:47; 814.2651; -0.01310806; 204.7096; Before; 11.2884; null
39; Driver; Interference; None; 20.12.2023 16:21:47; 814.1858; -0.01309859; 204.7169; Before; 11.2884; null
39; Driver; Interference; None; 20.12.2023 16:21:47; 814.1079; -0.01306903; 204.724; Before; 11.30824; null
39; Driver; Interference; None; 20.12.2023 16:21:47; 814.0696; -0.01306215; 204.7276; Before; 11.34385; null
39; Driver; Interference; None; 20.12.2023 16:21:47; 813.9568; -0.01304496; 204.7379; Before; 11.3614; null
39; Driver; Interference; None; 20.12.2023 16:21:47; 813.8834; -0.01303717; 204.7447; Before; 11.37858; null
39; Driver; Interference; None; 20.12.2023 16:21:47; 813.8473; -0.01303798; 204.7481; Before; 11.39547; null
39; Driver; Interference; None; 20.12.2023 16:21:47; 813.7761; -0.01303257; 204.7546; Before; 11.41286; null
39; Driver; Interference; None; 20.12.2023 16:21:47; 813.7064; -0.01300595; 204.7611; Before; 11.43034; null
39; Driver; Interference; None; 20.12.2023 16:21:47; 813.6382; -0.01296565; 204.7674; Before; 11.45063; null
39; Driver; Interference; None; 20.12.2023 16:21:47; 813.6046; -0.01295402; 204.7705; Before; 11.48913; null
39; Driver; Interference; None; 20.12.2023 16:21:47; 813.5386; -0.01293227; 204.7767; Before; 11.48913; null
39; Driver; Interference; None; 20.12.2023 16:21:47; 813.5061; -0.0129283; 204.7797; Before; 11.52225; null
39; Driver; Interference; None; 20.12.2023 16:21:47; 813.4109; -0.01291905; 204.7886; Before; 11.54024; null
39; Driver; Interference; None; 20.12.2023 16:21:47; 813.3492; -0.01291508; 204.7943; Before; 11.55665; null
39; Driver; Interference; None; 20.12.2023 16:21:47; 813.2891; -0.01289397; 204.7999; Before; 11.57245; null
39; Driver; Interference; None; 20.12.2023 16:21:47; 813.2595; -0.01288889; 204.8027; Before; 11.58964; null
39; Driver; Interference; None; 20.12.2023 16:21:47; 813.2015; -0.01285269; 204.8081; Before; 11.61033; null
39; Driver; Interference; None; 20.12.2023 16:21:47; 813.145; -0.01283596; 204.8134; Before; 11.63135; null
39; Driver; Interference; None; 20.12.2023 16:21:48; 813.1173; -0.01283326; 204.816; Before; 11.66548; null
39; Driver; Interference; None; 20.12.2023 16:21:48; 813.0363; -0.0128263; 204.8237; Before; 11.68234; null
39; Driver; Interference; None; 20.12.2023 16:21:48; 813.01; -0.01283557; 204.8261; Before; 11.69929; null
39; Driver; Interference; None; 20.12.2023 16:21:48; 812.9585; -0.01282325; 204.831; Before; 11.71588; null
39; Driver; Interference; None; 20.12.2023 16:21:48; 812.9084; -0.01281857; 204.8357; Before; 11.73429; null
39; Driver; Interference; None; 20.12.2023 16:21:48; 812.8598; -0.01279738; 204.8403; Before; 11.75144; null
39; Driver; Interference; None; 20.12.2023 16:21:48; 812.8126; -0.01276537; 204.8448; Before; 11.7713; null
39; Driver; Interference; None; 20.12.2023 16:21:48; 812.7895; -0.01275487; 204.847; Before; 11.79315; null
39; Driver; Interference; None; 20.12.2023 16:21:48; 812.7444; -0.0127345; 204.8513; Before; 11.81089; null
39; Driver; Interference; None; 20.12.2023 16:21:48; 812.7224; -0.01272886; 204.8533; Before; 11.84596; null
39; Driver; Interference; None; 20.12.2023 16:21:48; 812.6794; -0.01271643; 204.8574; Before; 11.86312; null
39; Driver; Interference; None; 20.12.2023 16:21:48; 812.6175; -0.01268835; 204.8633; Before; 11.88042; null
39; Driver; Interference; None; 20.12.2023 16:21:48; 812.5976; -0.01268988; 204.8652; Before; 11.89911; null
39; Driver; Interference; None; 20.12.2023 16:21:48; 812.5588; -0.01267243; 204.8689; Before; 11.91561; null
39; Driver; Interference; None; 20.12.2023 16:21:48; 812.5214; -0.0126488; 204.8725; Before; 11.93493; null
39; Driver; Interference; None; 20.12.2023 16:21:48; 812.4854; -0.01263691; 204.8759; Before; 11.95495; null
39; Driver; Interference; None; 20.12.2023 16:21:48; 812.4679; -0.01263416; 204.8776; Before; 11.9884; null
39; Driver; Interference; None; 20.12.2023 16:21:48; 812.434; -0.01262673; 204.8808; Before; 11.9884; null
39; Driver; Interference; None; 20.12.2023 16:21:48; 812.4011; -0.01262867; 204.8839; Before; 12.02163; null
39; Driver; Interference; None; 20.12.2023 16:21:48; 812.3682; -0.01261588; 204.8871; Before; 12.03941; null
39; Driver; Interference; None; 20.12.2023 16:21:48; 812.3355; -0.01260734; 204.8902; Before; 12.05549; null
39; Driver; Interference; None; 20.12.2023 16:21:48; 812.3029; -0.01258829; 204.8934; Before; 12.07253; null
39; Driver; Interference; None; 20.12.2023 16:21:48; 812.2866; -0.01258168; 204.8949; Before; 12.09189; null
39; Driver; Interference; None; 20.12.2023 16:21:48; 812.254; -0.0125674; 204.8981; Before; 12.11278; null
39; Driver; Interference; None; 20.12.2023 16:21:48; 812.2216; -0.01254697; 204.9012; Before; 12.13101; null
39; Driver; Interference; None; 20.12.2023 16:21:48; 812.2053; -0.01254114; 204.9027; Before; 12.16534; null
39; Driver; Interference; None; 20.12.2023 16:21:48; 812.1568; -0.01252976; 204.9074; Before; 12.18322; null
39; Driver; Interference; None; 20.12.2023 16:21:48; 812.1407; -0.01253509; 204.909; Before; 12.19998; null
39; Driver; Interference; None; 20.12.2023 16:21:48; 812.1085; -0.01253009; 204.9121; Before; 12.2159; null
39; Driver; Interference; None; 20.12.2023 16:21:48; 812.0762; -0.01252095; 204.9152; Before; 12.23301; null
39; Driver; Interference; None; 20.12.2023 16:21:48; 812.0435; -0.01252242; 204.9184; Before; 12.25418; null
39; Driver; Interference; None; 20.12.2023 16:21:48; 812.0102; -0.01251834; 204.9216; Before; 12.27471; null
39; Driver; Interference; None; 20.12.2023 16:21:48; 811.9933; -0.01252064; 204.9232; Before; 12.29144; null
39; Driver; Interference; None; 20.12.2023 16:21:48; 811.9591; -0.01252537; 204.9265; Before; 12.30892; null
39; Driver; Interference; None; 20.12.2023 16:21:48; 811.9417; -0.01253114; 204.9282; Before; 12.34307; null
39; Driver; Interference; None; 20.12.2023 16:21:48; 811.8886; -0.01254829; 204.9333; Before; 12.36093; null
39; Driver; Interference; None; 20.12.2023 16:21:48; 811.8524; -0.01255974; 204.9369; Before; 12.37683; null
39; Driver; Interference; None; 20.12.2023 16:21:48; 811.834; -0.01256753; 204.9387; Before; 12.39265; null
39; Driver; Interference; None; 20.12.2023 16:21:48; 811.7968; -0.01256447; 204.9423; Before; 12.4137; null
39; Driver; Interference; None; 20.12.2023 16:21:48; 811.7589; -0.01257036; 204.946; Before; 12.43299; null
39; Driver; Interference; None; 20.12.2023 16:21:48; 811.7397; -0.01257634; 204.9478; Before; 12.46746; null
39; Driver; Interference; None; 20.12.2023 16:21:48; 811.7009; -0.01258538; 204.9516; Before; 12.48486; null
39; Driver; Interference; None; 20.12.2023 16:21:48; 811.6615; -0.01260607; 204.9554; Before; 12.50163; null
39; Driver; Interference; None; 20.12.2023 16:21:48; 811.6214; -0.0126102; 204.9594; Before; 12.51979; null
39; Driver; Interference; None; 20.12.2023 16:21:48; 811.5807; -0.01262034; 204.9633; Before; 12.53541; null
39; Driver; Interference; None; 20.12.2023 16:21:48; 811.5394; -0.01261798; 204.9674; Before; 12.55298; null
39; Driver; Interference; None; 20.12.2023 16:21:48; 811.4974; -0.01260749; 204.9715; Before; 12.57399; null
39; Driver; Interference; None; 20.12.2023 16:21:48; 811.4761; -0.01260768; 204.9736; Before; 12.59492; null
39; Driver; Interference; None; 20.12.2023 16:21:48; 811.4332; -0.01260883; 204.9778; Before; 12.61185; null
39; Driver; Interference; None; 20.12.2023 16:21:48; 811.4115; -0.01261408; 204.9799; Before; 12.6455; null
39; Driver; Interference; None; 20.12.2023 16:21:49; 811.3455; -0.01263156; 204.9864; Before; 12.66306; null
39; Driver; Interference; None; 20.12.2023 16:21:49; 811.3007; -0.01264473; 204.9908; Before; 12.67909; null
39; Driver; Interference; None; 20.12.2023 16:21:49; 811.2781; -0.01265413; 204.993; Before; 12.69594; null
39; Driver; Interference; None; 20.12.2023 16:21:49; 811.2328; -0.01265041; 204.9975; Before; 12.71241; null
39; Driver; Interference; None; 20.12.2023 16:21:49; 811.1873; -0.01264025; 205.002; Before; 12.7336; null
39; Driver; Interference; None; 20.12.2023 16:21:49; 811.142; -0.01264494; 205.0065; Before; 12.75335; null
39; Driver; Interference; None; 20.12.2023 16:21:49; 811.1193; -0.0126518; 205.0087; Before; 12.78803; null
39; Driver; Interference; None; 20.12.2023 16:21:49; 811.0741; -0.01266333; 205.0132; Before; 12.78803; null
39; Driver; Interference; None; 20.12.2023 16:21:49; 811.029; -0.01268855; 205.0176; Before; 12.82214; null
39; Driver; Interference; None; 20.12.2023 16:21:49; 810.9843; -0.01269416; 205.022; Before; 12.83878; null
39; Driver; Interference; None; 20.12.2023 16:21:49; 810.9409; -0.01270572; 205.0263; Before; 12.85507; null
39; Driver; Interference; None; 20.12.2023 16:21:49; 810.899; -0.01270172; 205.0305; Before; 12.87308; null
39; Driver; Interference; None; 20.12.2023 16:21:49; 810.8786; -0.01270228; 205.0325; Before; 12.8935; null
39; Driver; Interference; None; 20.12.2023 16:21:49; 810.8388; -0.01268311; 205.0365; Before; 12.91549; null
39; Driver; Interference; None; 20.12.2023 16:21:49; 810.8004; -0.01267477; 205.0403; Before; 12.93557; null
39; Driver; Interference; None; 20.12.2023 16:21:49; 810.7634; -0.01265773; 205.0439; Before; 12.95327; null
39; Driver; Interference; None; 20.12.2023 16:21:49; 810.7454; -0.0126531; 205.0457; Before; 12.98798; null
39; Driver; Interference; None; 20.12.2023 16:21:49; 810.7104; -0.01264302; 205.0492; Before; 12.98798; null
39; Driver; Interference; None; 20.12.2023 16:21:49; 810.6768; -0.01262507; 205.0526; Before; 13.00564; null
39; Driver; Interference; None; 20.12.2023 16:21:49; 810.6446; -0.01260196; 205.0558; Before; 13.02342; null
39; Driver; Interference; None; 20.12.2023 16:21:49; 810.629; -0.01259459; 205.0573; Before; 13.0686; null
39; Driver; Interference; None; 20.12.2023 16:21:49; 810.5989; -0.01258063; 205.0603; Before; 13.08611; null
39; Driver; Interference; None; 20.12.2023 16:21:49; 810.5701; -0.01256158; 205.0632; Before; 13.08611; null
39; Driver; Interference; None; 20.12.2023 16:21:49; 810.5427; -0.01255501; 205.0659; Before; 13.12002; null
39; Driver; Interference; None; 20.12.2023 16:21:49; 810.5166; -0.01255111; 205.0685; Before; 13.13751; null
39; Driver; Interference; None; 20.12.2023 16:21:49; 810.4919; -0.01253845; 205.071; Before; 13.15305; null
39; Driver; Interference; None; 20.12.2023 16:21:49; 810.4686; -0.0125196; 205.0733; Before; 13.17072; null
39; Driver; Interference; None; 20.12.2023 16:21:49; 810.4575; -0.01251248; 205.0744; Before; 13.18825; null
39; Driver; Interference; None; 20.12.2023 16:21:49; 810.4362; -0.012498; 205.0765; Before; 13.20927; null
39; Driver; Interference; None; 20.12.2023 16:21:49; 810.426; -0.01249252; 205.0775; Before; 13.24509; null
39; Driver; Interference; None; 20.12.2023 16:21:49; 810.3976; -0.0124759; 205.0804; Before; 13.26215; null
39; Driver; Interference; None; 20.12.2023 16:21:49; 810.3803; -0.01246499; 205.0821; Before; 13.27911; null
39; Driver; Interference; None; 20.12.2023 16:21:49; 810.3722; -0.01246032; 205.0829; Before; 13.29541; null
39; Driver; Interference; None; 20.12.2023 16:21:49; 810.3569; -0.0124492; 205.0844; Before; 13.31296; null
39; Driver; Interference; None; 20.12.2023 16:21:49; 810.343; -0.01243318; 205.0857; Before; 13.3299; null
39; Driver; Interference; None; 20.12.2023 16:21:49; 810.3304; -0.01241425; 205.0869; Before; 13.34619; null
39; Driver; Interference; None; 20.12.2023 16:21:49; 810.3246; -0.01240624; 205.0875; Before; 13.3868; null
39; Driver; Interference; None; 20.12.2023 16:21:49; 810.314; -0.01239077; 205.0885; Before; 13.3868; null
39; Driver; Interference; None; 20.12.2023 16:21:49; 810.3092; -0.01238412; 205.0889; Before; 13.42221; null
39; Driver; Interference; None; 20.12.2023 16:21:49; 810.2968; -0.01236511; 205.0901; Before; 13.4402; null
39; Driver; Interference; None; 20.12.2023 16:21:49; 810.2902; -0.01235313; 205.0907; Before; 13.45708; null
39; Driver; Interference; None; 20.12.2023 16:21:49; 810.2874; -0.01234744; 205.0909; Before; 13.49121; null
39; Driver; Interference; None; 20.12.2023 16:21:49; 810.2829; -0.01233569; 205.0913; Before; 13.49121; null
39; Driver; Interference; None; 20.12.2023 16:21:49; 810.2827; -0.01232379; 205.0914; Before; 13.50865; null
39; Driver; Interference; None; 20.12.2023 16:21:49; 810.2827; -0.01231071; 205.0914; Before; 13.52968; null
39; Driver; Interference; None; 20.12.2023 16:21:49; 810.2827; -0.01229605; 205.0914; Before; 13.5496; null
39; Driver; Interference; None; 20.12.2023 16:21:49; 810.2827; -0.01228829; 205.0914; Before; 13.58704; null
39; Driver; Interference; None; 20.12.2023 16:21:49; 810.2827; -0.0122722; 205.0914; Before; 13.58704; null
39; Driver; Interference; None; 20.12.2023 16:21:49; 810.2827; -0.01225593; 205.0914; Before; 13.62153; null
39; Driver; Interference; None; 20.12.2023 16:21:49; 810.2827; -0.01224023; 205.0914; Before; 13.63891; null
39; Driver; Interference; None; 20.12.2023 16:21:50; 810.2827; -0.01222595; 205.0914; Before; 13.65485; null
39; Driver; Interference; None; 20.12.2023 16:21:50; 810.2827; -0.01221379; 205.0914; Before; 13.67399; null
39; Driver; Interference; None; 20.12.2023 16:21:50; 810.2827; -0.0122087; 205.0914; Before; 13.69405; null
39; Driver; Interference; None; 20.12.2023 16:21:50; 810.2827; -0.01220077; 205.0914; Before; 13.71474; null
39; Driver; Interference; None; 20.12.2023 16:21:50; 810.2827; -0.01219598; 205.0914; Before; 13.73258; null
39; Driver; Interference; None; 20.12.2023 16:21:50; 810.2827; -0.01219473; 205.0914; Before; 13.76653; null
39; Driver; Interference; None; 20.12.2023 16:21:50; 810.2827; -0.0121944; 205.0914; Before; 13.78432; null
39; Driver; Interference; None; 20.12.2023 16:21:50; 810.2827; -0.01219653; 205.0914; Before; 13.78432; null
39; Driver; Interference; None; 20.12.2023 16:21:50; 810.2827; -0.01220054; 205.0914; Before; 13.82069; null
39; Driver; Interference; None; 20.12.2023 16:21:50; 810.2827; -0.01220575; 205.0914; Before; 13.83791; null
39; Driver; Interference; None; 20.12.2023 16:21:50; 810.2827; -0.01221144; 205.0914; Before; 13.85718; null
39; Driver; Interference; None; 20.12.2023 16:21:50; 810.2827; -0.01221701; 205.0914; Before; 13.87755; null
39; Driver; Interference; None; 20.12.2023 16:21:50; 810.2827; -0.01221958; 205.0914; Before; 13.89481; null
39; Driver; Interference; None; 20.12.2023 16:21:50; 810.2827; -0.01222407; 205.0914; Before; 13.91195; null
39; Driver; Interference; None; 20.12.2023 16:21:50; 810.2827; -0.01222592; 205.0914; Before; 13.9466; null
39; Driver; Interference; None; 20.12.2023 16:21:50; 810.2827; -0.01222969; 205.0914; Before; 13.96365; null
39; Driver; Interference; None; 20.12.2023 16:21:50; 810.2827; -0.01223073; 205.0914; Before; 13.97998; null
39; Driver; Interference; None; 20.12.2023 16:21:50; 810.2827; -0.01223085; 205.0914; Before; 13.99546; null
39; Driver; Interference; None; 20.12.2023 16:21:50; 810.2827; -0.01223042; 205.0914; Before; 14.01523; null
39; Driver; Interference; None; 20.12.2023 16:21:50; 810.2827; -0.01222931; 205.0914; Before; 14.03685; null
39; Driver; Interference; None; 20.12.2023 16:21:50; 810.2827; -0.01222775; 205.0914; Before; 14.05541; null
39; Driver; Interference; None; 20.12.2023 16:21:50; 810.2827; -0.01222689; 205.0914; Before; 14.08967; null
39; Driver; Interference; None; 20.12.2023 16:21:50; 810.2827; -0.01222515; 205.0914; Before; 14.08967; null
39; Driver; Interference; None; 20.12.2023 16:21:50; 810.2827; -0.01222431; 205.0914; Before; 14.12374; null
39; Driver; Interference; None; 20.12.2023 16:21:50; 810.2827; -0.01222216; 205.0914; Before; 14.12374; null
39; Driver; Interference; None; 20.12.2023 16:21:50; 810.2827; -0.01222113; 205.0914; Before; 14.14098; null
39; Driver; Interference; None; 20.12.2023 16:21:50; 810.2827; -0.01222049; 205.0914; Before; 14.17606; null
39; Driver; Interference; None; 20.12.2023 16:21:50; 810.2827; -0.0122203; 205.0914; Before; 14.17606; null
39; Driver; Interference; None; 20.12.2023 16:21:50; 810.2827; -0.01222017; 205.0914; Before; 14.22076; null
39; Driver; Interference; None; 20.12.2023 16:21:50; 810.2827; -0.0122203; 205.0914; Before; 14.23936; null
39; Driver; Interference; None; 20.12.2023 16:21:50; 810.2827; -0.0122206; 205.0914; Before; 14.25543; null
39; Driver; Interference; None; 20.12.2023 16:21:50; 810.2827; -0.012221; 205.0914; Before; 14.27401; null
39; Driver; Interference; None; 20.12.2023 16:21:50; 810.2827; -0.01222123; 205.0914; Before; 14.29158; null
39; Driver; Interference; None; 20.12.2023 16:21:50; 810.2827; -0.01222169; 205.0914; Before; 14.30913; null
39; Driver; Interference; None; 20.12.2023 16:21:50; 810.2827; -0.01222212; 205.0914; Before; 14.32692; null
39; Driver; Interference; None; 20.12.2023 16:21:50; 810.2827; -0.01222248; 205.0914; Before; 14.3483; null
39; Driver; Interference; None; 20.12.2023 16:21:50; 810.2827; -0.01222277; 205.0914; Before; 14.36941; null
39; Driver; Interference; None; 20.12.2023 16:21:50; 810.2827; -0.01222287; 205.0914; Before; 14.39172; null
39; Driver; Interference; None; 20.12.2023 16:21:50; 810.2827; -0.01222301; 205.0914; Before; 14.4133; null
39; Driver; Interference; None; 20.12.2023 16:21:50; 810.2827; -0.01222306; 205.0914; Before; 14.43298; null
39; Driver; Interference; None; 20.12.2023 16:21:50; 810.2827; -0.01222304; 205.0914; Before; 14.45118; null
39; Driver; Interference; None; 20.12.2023 16:21:50; 810.2827; -0.01222296; 205.0914; Before; 14.46915; null
39; Driver; Interference; None; 20.12.2023 16:21:50; 810.2827; -0.01222291; 205.0914; Before; 14.4873; null
39; Driver; Interference; None; 20.12.2023 16:21:50; 810.2827; -0.01222278; 205.0914; Before; 14.51923; null
39; Driver; Interference; None; 20.12.2023 16:21:50; 810.2827; -0.01222265; 205.0914; Before; 14.53956; null
39; Driver; Interference; None; 20.12.2023 16:21:50; 810.2827; -0.01222251; 205.0914; Before; 14.5571; null
39; Driver; Interference; None; 20.12.2023 16:21:50; 810.2827; -0.01222245; 205.0914; Before; 14.59157; null
39; Driver; Interference; None; 20.12.2023 16:21:50; 810.2827; -0.01222235; 205.0914; Before; 14.59157; null
39; Driver; Interference; None; 20.12.2023 16:21:50; 810.2827; -0.01222229; 205.0914; Before; 14.6087; null
39; Driver; Interference; None; 20.12.2023 16:21:50; 810.2827; -0.01222225; 205.0914; Before; 14.62678; null
39; Driver; Interference; None; 20.12.2023 16:21:51; 810.2827; -0.01222223; 205.0914; Before; 14.64582; null
39; Driver; Interference; None; 20.12.2023 16:21:51; 810.2827; -0.01222223; 205.0914; Before; 14.68833; null
39; Driver; Interference; None; 20.12.2023 16:21:51; 810.2827; -0.01222225; 205.0914; Before; 14.68833; null
39; Driver; Interference; None; 20.12.2023 16:21:51; 810.2827; -0.01222227; 205.0914; Before; 14.72371; null
39; Driver; Interference; None; 20.12.2023 16:21:51; 810.2827; -0.01222232; 205.0914; Before; 14.74182; null
39; Driver; Interference; None; 20.12.2023 16:21:51; 810.2827; -0.01222236; 205.0914; Before; 14.75889; null
39; Driver; Interference; None; 20.12.2023 16:21:51; 810.2827; -0.01222239; 205.0914; Before; 14.77505; null
39; Driver; Interference; None; 20.12.2023 16:21:51; 810.2827; -0.0122224; 205.0914; Before; 14.79222; null
39; Driver; Interference; None; 20.12.2023 16:21:51; 810.2827; -0.01222242; 205.0914; Before; 14.80967; null
39; Driver; Interference; None; 20.12.2023 16:21:51; 810.2827; -0.01222244; 205.0914; Before; 14.83224; null
39; Driver; Interference; None; 20.12.2023 16:21:51; 810.2827; -0.01222244; 205.0914; Before; 14.85262; null
39; Driver; Interference; None; 20.12.2023 16:21:51; 810.2827; -0.01222244; 205.0914; Before; 14.88769; null
39; Driver; Interference; None; 20.12.2023 16:21:51; 810.2827; -0.01222244; 205.0914; Before; 14.88769; null
39; Driver; Interference; None; 20.12.2023 16:21:51; 810.2827; -0.01222244; 205.0914; Before; 14.9242; null
39; Driver; Interference; None; 20.12.2023 16:21:51; 810.2827; -0.01222243; 205.0914; Before; 14.94129; null
39; Driver; Interference; None; 20.12.2023 16:21:51; 810.2827; -0.01222241; 205.0914; Before; 14.95917; null
39; Driver; Interference; None; 20.12.2023 16:21:51; 810.2827; -0.01222241; 205.0914; Before; 14.97637; null
39; Driver; Interference; None; 20.12.2023 16:21:51; 810.2827; -0.01222241; 205.0914; Before; 14.97637; null
39; Driver; Interference; None; 20.12.2023 16:21:51; 810.2827; -0.01222241; 205.0914; Before; 15.02062; null
39; Driver; Interference; None; 20.12.2023 16:21:51; 810.2827; -0.01222241; 205.0914; Before; 15.04015; null
39; Driver; Interference; None; 20.12.2023 16:21:51; 810.2827; -0.01222241; 205.0914; Before; 15.05729; null
39; Driver; Interference; None; 20.12.2023 16:21:51; 810.2827; -0.01222241; 205.0914; Before; 15.07459; null
39; Driver; Interference; None; 20.12.2023 16:21:51; 810.2827; -0.01222241; 205.0914; Before; 15.09195; null
39; Driver; Interference; None; 20.12.2023 16:21:51; 810.2827; -0.01222241; 205.0914; Before; 15.11085; null
39; Driver; Interference; None; 20.12.2023 16:21:51; 810.2827; -0.01222241; 205.0914; Before; 15.12842; null
39; Driver; Interference; None; 20.12.2023 16:21:51; 810.2827; -0.01222241; 205.0914; Before; 15.14912; null
39; Driver; Interference; None; 20.12.2023 16:21:51; 810.2827; -0.0122224; 205.0914; Before; 15.18767; null
39; Driver; Interference; None; 20.12.2023 16:21:51; 810.2827; -0.01222241; 205.0914; Before; 15.18767; null
39; Driver; Interference; None; 20.12.2023 16:21:51; 810.2827; -0.01222241; 205.0914; Before; 15.20682; null
39; Driver; Interference; None; 20.12.2023 16:21:51; 810.2827; -0.01222241; 205.0914; Before; 15.24253; null
39; Driver; Interference; None; 20.12.2023 16:21:51; 810.2827; -0.01222241; 205.0914; Before; 15.26064; null
39; Driver; Interference; None; 20.12.2023 16:21:51; 810.2827; -0.01222241; 205.0914; Before; 15.27774; null
39; Driver; Interference; None; 20.12.2023 16:21:51; 810.2827; -0.01222241; 205.0914; Before; 15.29532; null
39; Driver; Interference; None; 20.12.2023 16:21:51; 810.2827; -0.01222241; 205.0914; Before; 15.3178; null
39; Driver; Interference; None; 20.12.2023 16:21:51; 810.2827; -0.01222241; 205.0914; Before; 15.34002; null
39; Driver; Interference; None; 20.12.2023 16:21:51; 810.2827; -0.01222241; 205.0914; Before; 15.35886; null
39; Driver; Interference; None; 20.12.2023 16:21:51; 810.2827; -0.01222241; 205.0914; Before; 15.37546; null
39; Driver; Interference; None; 20.12.2023 16:21:51; 810.2827; -0.01222241; 205.0914; Before; 15.39305; null
39; Driver; Interference; None; 20.12.2023 16:21:51; 810.2827; -0.01222241; 205.0914; Before; 15.41031; null
39; Driver; Interference; None; 20.12.2023 16:21:51; 810.2827; -0.01222241; 205.0914; Before; 15.44497; null
39; Driver; Interference; None; 20.12.2023 16:21:51; 810.2827; -0.01222241; 205.0914; Before; 15.46323; null
39; Driver; Interference; None; 20.12.2023 16:21:51; 810.2827; -0.01222241; 205.0914; Before; 15.4839; null
39; Driver; Interference; None; 20.12.2023 16:21:51; 810.2827; -0.01222241; 205.0914; Before; 15.4839; null
39; Driver; Interference; None; 20.12.2023 16:21:51; 810.2827; -0.01222241; 205.0914; Before; 15.52189; null
39; Driver; Interference; None; 20.12.2023 16:21:51; 810.2827; -0.01222241; 205.0914; Before; 15.53922; null
39; Driver; Interference; None; 20.12.2023 16:21:51; 810.2827; -0.01222241; 205.0914; Before; 15.55491; null
39; Driver; Interference; None; 20.12.2023 16:21:51; 810.2827; -0.01222241; 205.0914; Before; 15.57395; null
39; Driver; Interference; None; 20.12.2023 16:21:51; 810.2827; -0.01222241; 205.0914; Before; 15.59136; null
39; Driver; Interference; None; 20.12.2023 16:21:51; 810.2827; -0.01222241; 205.0914; Before; 15.60955; null
39; Driver; Interference; None; 20.12.2023 16:21:51; 810.2827; -0.01222241; 205.0914; Before; 15.62776; null
39; Driver; Interference; None; 20.12.2023 16:21:52; 810.2827; -0.01222241; 205.0914; Before; 15.64886; null
39; Driver; Interference; None; 20.12.2023 16:21:52; 810.2827; -0.01222241; 205.0914; Before; 15.68783; null
39; Driver; Interference; None; 20.12.2023 16:21:52; 810.2827; -0.01222241; 205.0914; Before; 15.68783; null
39; Driver; Interference; None; 20.12.2023 16:21:52; 810.2827; -0.01222241; 205.0914; Before; 15.72203; null
39; Driver; Interference; None; 20.12.2023 16:21:52; 810.2827; -0.01222241; 205.0914; Before; 15.7398; null
39; Driver; Interference; None; 20.12.2023 16:21:52; 810.2827; -0.01222241; 205.0914; Before; 15.75652; null
39; Driver; Interference; None; 20.12.2023 16:21:52; 810.2827; -0.01222241; 205.0914; Before; 15.77463; null
39; Driver; Interference; None; 20.12.2023 16:21:52; 810.2827; -0.01222241; 205.0914; Before; 15.79142; null
39; Driver; Interference; None; 20.12.2023 16:21:52; 810.2827; -0.01222241; 205.0914; Before; 15.81306; null
39; Driver; Interference; None; 20.12.2023 16:21:52; 810.2827; -0.01222241; 205.0914; Before; 15.83472; null
39; Driver; Interference; None; 20.12.2023 16:21:52; 810.2827; -0.01222241; 205.0914; Before; 15.86858; null
39; Driver; Interference; None; 20.12.2023 16:21:52; 810.2827; -0.01222241; 205.0914; Before; 15.88618; null
39; Driver; Interference; None; 20.12.2023 16:21:52; 810.2827; -0.01222241; 205.0914; Before; 15.88618; null
39; Driver; Interference; None; 20.12.2023 16:21:52; 810.2827; -0.01222241; 205.0914; Before; 15.92139; null
39; Driver; Interference; None; 20.12.2023 16:21:52; 810.2827; -0.01222241; 205.0914; Before; 15.93902; null
39; Driver; Interference; None; 20.12.2023 16:21:52; 810.2827; -0.01222241; 205.0914; Before; 15.95567; null
39; Driver; Interference; None; 20.12.2023 16:21:52; 810.2827; -0.01222241; 205.0914; Before; 15.97749; null
39; Driver; Interference; None; 20.12.2023 16:21:52; 810.2827; -0.01222241; 205.0914; Before; 15.99762; null
39; Driver; Interference; None; 20.12.2023 16:21:52; 810.2827; -0.01222241; 205.0914; Before; 16.01455; null
39; Driver; Interference; None; 20.12.2023 16:21:52; 810.2827; -0.01222241; 205.0914; Before; 16.03213; null
39; Driver; Interference; None; 20.12.2023 16:21:52; 810.2827; -0.01222241; 205.0914; Before; 16.06603; null
39; Driver; Interference; None; 20.12.2023 16:21:52; 810.2827; -0.01222241; 205.0914; Before; 16.08354; null
39; Driver; Interference; None; 20.12.2023 16:21:52; 810.2827; -0.01222241; 205.0914; Before; 16.10031; null
39; Driver; Interference; None; 20.12.2023 16:21:52; 810.2827; -0.01222241; 205.0914; Before; 16.11755; null
39; Driver; Interference; None; 20.12.2023 16:21:52; 810.2827; -0.01222241; 205.0914; Before; 16.13706; null
39; Driver; Interference; None; 20.12.2023 16:21:52; 810.2827; -0.01222242; 205.0914; Before; 16.1573; null
39; Driver; Interference; None; 20.12.2023 16:21:52; 810.2827; -0.01222242; 205.0914; Before; 16.19275; null
39; Driver; Interference; None; 20.12.2023 16:21:52; 810.2827; -0.01222242; 205.0914; Before; 16.19275; null
39; Driver; Interference; None; 20.12.2023 16:21:52; 810.2827; -0.01222242; 205.0914; Before; 16.20869; null
39; Driver; Interference; None; 20.12.2023 16:21:52; 810.2827; -0.01222242; 205.0914; Before; 16.24364; null
39; Driver; Interference; None; 20.12.2023 16:21:52; 810.2827; -0.01222241; 205.0914; Before; 16.26092; null
39; Driver; Interference; None; 20.12.2023 16:21:52; 810.2827; -0.01222241; 205.0914; Before; 16.27901; null
39; Driver; Interference; None; 20.12.2023 16:21:52; 810.2827; -0.01222241; 205.0914; Before; 16.27901; null
39; Driver; Interference; None; 20.12.2023 16:21:52; 810.2827; -0.01222241; 205.0914; Before; 16.32071; null
39; Driver; Interference; None; 20.12.2023 16:21:52; 810.2827; -0.01222241; 205.0914; Before; 16.34047; null
39; Driver; Interference; None; 20.12.2023 16:21:52; 810.2827; -0.01222241; 205.0914; Before; 16.35809; null
39; Driver; Interference; None; 20.12.2023 16:21:52; 810.2827; -0.01222241; 205.0914; Before; 16.37459; null
39; Driver; Interference; None; 20.12.2023 16:21:52; 810.2827; -0.01222241; 205.0914; Before; 16.39156; null
39; Driver; Interference; None; 20.12.2023 16:21:52; 810.2827; -0.01222241; 205.0914; Before; 16.40966; null
39; Driver; Interference; None; 20.12.2023 16:21:52; 810.2827; -0.01222241; 205.0914; Before; 16.4274; null
39; Driver; Interference; None; 20.12.2023 16:21:52; 810.2827; -0.01222241; 205.0914; Before; 16.44403; null
39; Driver; Interference; None; 20.12.2023 16:21:52; 810.2827; -0.01222241; 205.0914; Before; 16.48781; null
39; Driver; Interference; None; 20.12.2023 16:21:52; 810.2827; -0.01222241; 205.0914; Before; 16.48781; null
39; Driver; Interference; None; 20.12.2023 16:21:52; 810.2827; -0.01222241; 205.0914; Before; 16.522; null
39; Driver; Interference; None; 20.12.2023 16:21:52; 810.2827; -0.01222241; 205.0914; Before; 16.54018; null
39; Driver; Interference; None; 20.12.2023 16:21:52; 810.2827; -0.01222241; 205.0914; Before; 16.55709; null
39; Driver; Interference; None; 20.12.2023 16:21:52; 810.2827; -0.01222241; 205.0914; Before; 16.59117; null
39; Driver; Interference; None; 20.12.2023 16:21:52; 810.2827; -0.01222241; 205.0914; Before; 16.59117; null
39; Driver; Interference; None; 20.12.2023 16:21:52; 810.2827; -0.01222241; 205.0914; Before; 16.60871; null
39; Driver; Interference; None; 20.12.2023 16:21:52; 810.2827; -0.01222241; 205.0914; Before; 16.62998; null
39; Driver; Interference; None; 20.12.2023 16:21:53; 810.2827; -0.01222241; 205.0914; Before; 16.66842; null
39; Driver; Interference; None; 20.12.2023 16:21:53; 810.2827; -0.01222241; 205.0914; Before; 16.68582; null
39; Driver; Interference; None; 20.12.2023 16:21:53; 810.2827; -0.01222241; 205.0914; Before; 16.68582; null
39; Driver; Interference; None; 20.12.2023 16:21:53; 810.2827; -0.01222241; 205.0914; Before; 16.72151; null
39; Driver; Interference; None; 20.12.2023 16:21:53; 810.2827; -0.01222241; 205.0914; Before; 16.74032; null
39; Driver; Interference; None; 20.12.2023 16:21:53; 810.2827; -0.01222241; 205.0914; Before; 16.75718; null
39; Driver; Interference; None; 20.12.2023 16:21:53; 810.2827; -0.01222241; 205.0914; Before; 16.77373; null
39; Driver; Interference; None; 20.12.2023 16:21:53; 810.2827; -0.01222241; 205.0914; Before; 16.79468; null
39; Driver; Interference; None; 20.12.2023 16:21:53; 810.2827; -0.01222241; 205.0914; Before; 16.81465; null
39; Driver; Interference; None; 20.12.2023 16:21:53; 810.2827; -0.01222241; 205.0914; Before; 16.83304; null
39; Driver; Interference; None; 20.12.2023 16:21:53; 810.2827; -0.01222241; 205.0914; Before; 16.8658; null
39; Driver; Interference; None; 20.12.2023 16:21:53; 810.2827; -0.01222241; 205.0914; Before; 16.88359; null
39; Driver; Interference; None; 20.12.2023 16:21:53; 810.2827; -0.01222241; 205.0914; Before; 16.90057; null
39; Driver; Interference; None; 20.12.2023 16:21:53; 810.2827; -0.01222241; 205.0914; Before; 16.9183; null
39; Driver; Interference; None; 20.12.2023 16:21:53; 810.2827; -0.01222241; 205.0914; Before; 16.93417; null
39; Driver; Interference; None; 20.12.2023 16:21:53; 810.2827; -0.01222241; 205.0914; Before; 16.95679; null
39; Driver; Interference; None; 20.12.2023 16:21:53; 810.2827; -0.01222241; 205.0914; Before; 16.9774; null
39; Driver; Interference; None; 20.12.2023 16:21:53; 810.2827; -0.01222241; 205.0914; Before; 16.99543; null
39; Driver; Interference; None; 20.12.2023 16:21:53; 810.2827; -0.01222241; 205.0914; Before; 17.01228; null
39; Driver; Interference; None; 20.12.2023 16:21:53; 810.2827; -0.01222241; 205.0914; Before; 17.02978; null
39; Driver; Interference; None; 20.12.2023 16:21:53; 810.2827; -0.01222241; 205.0914; Before; 17.06505; null
39; Driver; Interference; None; 20.12.2023 16:21:53; 810.2827; -0.01222241; 205.0914; Before; 17.08232; null
39; Driver; Interference; None; 20.12.2023 16:21:53; 810.2827; -0.01222241; 205.0914; Before; 17.08232; null
39; Driver; Interference; None; 20.12.2023 16:21:53; 810.2827; -0.01222241; 205.0914; Before; 17.10007; null
39; Driver; Interference; None; 20.12.2023 16:21:53; 810.2827; -0.01222241; 205.0914; Before; 17.14266; null
39; Driver; Interference; None; 20.12.2023 16:21:53; 810.2827; -0.01222241; 205.0914; Before; 17.15951; null
39; Driver; Interference; None; 20.12.2023 16:21:53; 810.2827; -0.01222241; 205.0914; Before; 17.19138; null
39; Driver; Interference; None; 20.12.2023 16:21:53; 810.2827; -0.01222241; 205.0914; Before; 17.19138; null
39; Driver; Interference; None; 20.12.2023 16:21:53; 810.2827; -0.01222241; 205.0914; Before; 17.20868; null
39; Driver; Interference; None; 20.12.2023 16:21:53; 810.2827; -0.01222241; 205.0914; Before; 17.24328; null
39; Driver; Interference; None; 20.12.2023 16:21:53; 810.2827; -0.01222241; 205.0914; Before; 17.26093; null
39; Driver; Interference; None; 20.12.2023 16:21:53; 810.2827; -0.01222241; 205.0914; Before; 17.28115; null
39; Driver; Interference; None; 20.12.2023 16:21:53; 810.2827; -0.01222241; 205.0914; Before; 17.30191; null
39; Driver; Interference; None; 20.12.2023 16:21:53; 810.2827; -0.01222241; 205.0914; Before; 17.31936; null
39; Driver; Interference; None; 20.12.2023 16:21:53; 810.2827; -0.01222241; 205.0914; Before; 17.33548; null
39; Driver; Interference; None; 20.12.2023 16:21:53; 810.2827; -0.01222241; 205.0914; Before; 17.35339; null
39; Driver; Interference; None; 20.12.2023 16:21:53; 810.2827; -0.0122224; 205.0914; Before; 17.38871; null
39; Driver; Interference; None; 20.12.2023 16:21:53; 810.2822; -0.01222216; 205.0914; Before; 17.38871; null
39; Driver; Interference; None; 20.12.2023 16:21:53; 810.2811; -0.01222175; 205.0914; Before; 17.40721; null
39; Driver; Interference; None; 20.12.2023 16:21:53; 810.2793; -0.01222138; 205.0912; Before; 17.42465; null
39; Driver; Interference; None; 20.12.2023 16:21:53; 810.2767; -0.01222115; 205.0911; Before; 17.44595; null
39; Driver; Interference; None; 20.12.2023 16:21:53; 810.2731; -0.01222135; 205.0909; Before; 17.46815; null
39; Driver; Interference; None; 20.12.2023 16:21:53; 810.2711; -0.01222232; 205.0907; Before; 17.48912; null
39; Driver; Interference; None; 20.12.2023 16:21:53; 810.2664; -0.01222372; 205.0905; Before; 17.5108; null
39; Driver; Interference; None; 20.12.2023 16:21:53; 810.2606; -0.01222613; 205.0901; Before; 17.53265; null
39; Driver; Interference; None; 20.12.2023 16:21:53; 810.2535; -0.0122316; 205.0897; Before; 17.55344; null
39; Driver; Interference; None; 20.12.2023 16:21:53; 810.2454; -0.01223718; 205.0892; Before; 17.57183; null
39; Driver; Interference; None; 20.12.2023 16:21:53; 810.2409; -0.01224164; 205.0889; Before; 17.58934; null
39; Driver; Interference; None; 20.12.2023 16:21:53; 810.231; -0.01224819; 205.0883; Before; 17.61053; null
39; Driver; Interference; None; 20.12.2023 16:21:53; 810.2198; -0.012259; 205.0875; Before; 17.63214; null
39; Driver; Interference; None; 20.12.2023 16:21:54; 810.2073; -0.01226893; 205.0867; Before; 17.65311; null
39; Driver; Interference; None; 20.12.2023 16:21:54; 810.1934; -0.01227833; 205.0858; Before; 17.67381; null
39; Driver; Interference; None; 20.12.2023 16:21:54; 810.1859; -0.01228542; 205.0853; Before; 17.69486; null
39; Driver; Interference; None; 20.12.2023 16:21:54; 810.1698; -0.01229463; 205.0841; Before; 17.7163; null
39; Driver; Interference; None; 20.12.2023 16:21:54; 810.1522; -0.0123099; 205.0829; Before; 17.73456; null
39; Driver; Interference; None; 20.12.2023 16:21:54; 810.1331; -0.01232271; 205.0815; Before; 17.75228; null
39; Driver; Interference; None; 20.12.2023 16:21:54; 810.1124; -0.01233361; 205.0799; Before; 17.77167; null
39; Driver; Interference; None; 20.12.2023 16:21:54; 810.1016; -0.01234222; 205.0791; Before; 17.79278; null
39; Driver; Interference; None; 20.12.2023 16:21:54; 810.0786; -0.01235976; 205.0773; Before; 17.8107; null
39; Driver; Interference; None; 20.12.2023 16:21:54; 810.0666; -0.01237105; 205.0763; Before; 17.84546; null
39; Driver; Interference; None; 20.12.2023 16:21:54; 810.0281; -0.01240466; 205.0731; Before; 17.86302; null
39; Driver; Interference; None; 20.12.2023 16:21:54; 810.0005; -0.0124267; 205.0707; Before; 17.87977; null
39; Driver; Interference; None; 20.12.2023 16:21:54; 809.9861; -0.01243925; 205.0694; Before; 17.89654; null
39; Driver; Interference; None; 20.12.2023 16:21:54; 809.9562; -0.01244961; 205.0666; Before; 17.9144; null
39; Driver; Interference; None; 20.12.2023 16:21:54; 809.9247; -0.0124549; 205.0636; Before; 17.9356; null
39; Driver; Interference; None; 20.12.2023 16:21:54; 809.8917; -0.01245739; 205.0603; Before; 17.95807; null
39; Driver; Interference; None; 20.12.2023 16:21:54; 809.857; -0.01247166; 205.0568; Before; 17.9769; null
39; Driver; Interference; None; 20.12.2023 16:21:54; 809.8391; -0.01248288; 205.0549; Before; 17.99507; null
39; Driver; Interference; None; 20.12.2023 16:21:54; 809.802; -0.01250407; 205.0509; Before; 18.0122; null
39; Driver; Interference; None; 20.12.2023 16:21:54; 809.7633; -0.01251682; 205.0466; Before; 18.03063; null
39; Driver; Interference; None; 20.12.2023 16:21:54; 809.723; -0.01252346; 205.0419; Before; 18.04801; null
39; Driver; Interference; None; 20.12.2023 16:21:54; 809.6811; -0.0125264; 205.0368; Before; 18.06841; null
39; Driver; Interference; None; 20.12.2023 16:21:54; 809.6595; -0.01253448; 205.0342; Before; 18.0899; null
39; Driver; Interference; None; 20.12.2023 16:21:54; 809.6152; -0.01255242; 205.0285; Before; 18.11131; null
39; Driver; Interference; None; 20.12.2023 16:21:54; 809.5924; -0.01256658; 205.0255; Before; 18.14561; null
39; Driver; Interference; None; 20.12.2023 16:21:54; 809.5456; -0.01259317; 205.0192; Before; 18.16393; null
39; Driver; Interference; None; 20.12.2023 16:21:54; 809.4971; -0.01260848; 205.0124; Before; 18.18218; null
39; Driver; Interference; None; 20.12.2023 16:21:54; 809.447; -0.01264333; 205.0051; Before; 18.20071; null
39; Driver; Interference; None; 20.12.2023 16:21:54; 809.3952; -0.01266027; 204.9972; Before; 18.21969; null
39; Driver; Interference; None; 20.12.2023 16:21:54; 809.3687; -0.01265551; 204.9931; Before; 18.2396; null
39; Driver; Interference; None; 20.12.2023 16:21:54; 809.3144; -0.01265784; 204.9845; Before; 18.26087; null
39; Driver; Interference; None; 20.12.2023 16:21:54; 809.23; -0.01266292; 204.9703; Before; 18.28034; null
39; Driver; Interference; None; 20.12.2023 16:21:54; 809.2012; -0.01268304; 204.9653; Before; 18.29923; null
39; Driver; Interference; None; 20.12.2023 16:21:54; 809.1424; -0.01269707; 204.9548; Before; 18.31878; null
39; Driver; Interference; None; 20.12.2023 16:21:54; 809.0823; -0.01270437; 204.9437; Before; 18.33697; null
39; Driver; Interference; None; 20.12.2023 16:21:54; 809.0211; -0.01273111; 204.9319; Before; 18.35511; null
39; Driver; Interference; None; 20.12.2023 16:21:54; 808.9588; -0.01274567; 204.9195; Before; 18.37281; null
39; Driver; Interference; None; 20.12.2023 16:21:54; 808.9273; -0.01276022; 204.9131; Before; 18.39422; null
39; Driver; Interference; None; 20.12.2023 16:21:54; 808.8636; -0.01276262; 204.8997; Before; 18.41543; null
39; Driver; Interference; None; 20.12.2023 16:21:54; 808.7989; -0.01278578; 204.8857; Before; 18.43284; null
39; Driver; Interference; None; 20.12.2023 16:21:54; 808.7332; -0.01279609; 204.871; Before; 18.45059; null
39; Driver; Interference; None; 20.12.2023 16:21:54; 808.7001; -0.01280902; 204.8633; Before; 18.4869; null
39; Driver; Interference; None; 20.12.2023 16:21:54; 808.6331; -0.01283294; 204.8475; Before; 18.4869; null
39; Driver; Interference; None; 20.12.2023 16:21:54; 808.5652; -0.01284105; 204.831; Before; 18.50572; null
39; Driver; Interference; None; 20.12.2023 16:21:54; 808.4965; -0.01283775; 204.8137; Before; 18.52308; null
39; Driver; Interference; None; 20.12.2023 16:21:54; 808.4618; -0.01284533; 204.8047; Before; 18.56593; null
39; Driver; Interference; None; 20.12.2023 16:21:54; 808.3917; -0.01286078; 204.7862; Before; 18.58422; null
39; Driver; Interference; None; 20.12.2023 16:21:54; 808.3209; -0.0129033; 204.7668; Before; 18.60072; null
39; Driver; Interference; None; 20.12.2023 16:21:54; 808.2491; -0.0129182; 204.7467; Before; 18.61914; null
39; Driver; Interference; None; 20.12.2023 16:21:54; 808.1766; -0.01291644; 204.7257; Before; 18.63546; null
39; Driver; Interference; None; 20.12.2023 16:21:55; 808.1031; -0.01293296; 204.7038; Before; 18.65491; null
39; Driver; Interference; None; 20.12.2023 16:21:55; 808.0289; -0.01293102; 204.681; Before; 18.67337; null
39; Driver; Interference; None; 20.12.2023 16:21:55; 807.9915; -0.01293837; 204.6691; Before; 18.69394; null
39; Driver; Interference; None; 20.12.2023 16:21:55; 807.9161; -0.01292059; 204.6449; Before; 18.71485; null
39; Driver; Interference; None; 20.12.2023 16:21:55; 807.8398; -0.01292973; 204.6197; Before; 18.73439; null
39; Driver; Interference; None; 20.12.2023 16:21:55; 807.7628; -0.01292605; 204.5935; Before; 18.75139; null
39; Driver; Interference; None; 20.12.2023 16:21:55; 807.7241; -0.01293484; 204.5799; Before; 18.78769; null
39; Driver; Interference; None; 20.12.2023 16:21:55; 807.6459; -0.01295285; 204.5522; Before; 18.78769; null
39; Driver; Interference; None; 20.12.2023 16:21:55; 807.567; -0.01295536; 204.5233; Before; 18.80612; null
39; Driver; Interference; None; 20.12.2023 16:21:55; 807.4873; -0.01294736; 204.4934; Before; 18.82467; null
39; Driver; Interference; None; 20.12.2023 16:21:55; 807.4473; -0.01295546; 204.478; Before; 18.8675; null
39; Driver; Interference; None; 20.12.2023 16:21:55; 807.3666; -0.01297374; 204.4464; Before; 18.88666; null
39; Driver; Interference; None; 20.12.2023 16:21:55; 807.2852; -0.01297745; 204.4136; Before; 18.88666; null
39; Driver; Interference; None; 20.12.2023 16:21:55; 807.2031; -0.01297121; 204.3797; Before; 18.90579; null
39; Driver; Interference; None; 20.12.2023 16:21:55; 807.1618; -0.0129809; 204.3622; Before; 18.94296; null
39; Driver; Interference; None; 20.12.2023 16:21:55; 807.0787; -0.01300251; 204.3264; Before; 18.96107; null
39; Driver; Interference; None; 20.12.2023 16:21:55; 806.9951; -0.01300876; 204.2894; Intersection; 0; null
39; Driver; Interference; None; 20.12.2023 16:21:55; 806.9108; -0.01300419; 204.2512; Intersection; 0; null
39; Driver; Interference; None; 20.12.2023 16:21:55; 806.826; -0.01299325; 204.2117; Intersection; 0.0220175; null
39; Driver; Interference; None; 20.12.2023 16:21:55; 806.7835; -0.01300263; 204.1913; Intersection; 0.0623087; null
39; Driver; Interference; None; 20.12.2023 16:21:55; 806.6551; -0.0130481; 204.1286; Intersection; 0.0812786; null
39; Driver; Interference; None; 20.12.2023 16:21:55; 806.5688; -0.0130886; 204.0851; Intersection; 0.0992719; null
39; Driver; Interference; None; 20.12.2023 16:21:55; 806.5256; -0.01311575; 204.0628; Intersection; 0.1165998; null
39; Driver; Interference; None; 20.12.2023 16:21:55; 806.4387; -0.01312179; 204.0173; Intersection; 0.1347318; null
39; Driver; Interference; None; 20.12.2023 16:21:55; 806.3513; -0.01311246; 203.9703; Intersection; 0.1555297; null
39; Driver; Interference; None; 20.12.2023 16:21:55; 806.3074; -0.01308712; 203.9464; Intersection; 0.1779528; null
39; Driver; Interference; None; 20.12.2023 16:21:55; 806.2195; -0.0130661; 203.8973; Intersection; 0.2001978; null
39; Driver; Interference; None; 20.12.2023 16:21:55; 806.1313; -0.01310014; 203.8465; Intersection; 0.2210075; null
39; Driver; Interference; None; 20.12.2023 16:21:55; 806.0427; -0.01311097; 203.7945; Intersection; 0.2391303; null
39; Driver; Interference; None; 20.12.2023 16:21:55; 805.9537; -0.0131104; 203.7409; Intersection; 0.256793; null
39; Driver; Interference; None; 20.12.2023 16:21:55; 805.8645; -0.01310265; 203.6857; Intersection; 0.2759623; null
39; Driver; Interference; None; 20.12.2023 16:21:55; 805.775; -0.01313202; 203.629; Intersection; 0.2959744; null
39; Driver; Interference; None; 20.12.2023 16:21:55; 805.7302; -0.01315767; 203.5999; Intersection; 0.3161127; null
39; Driver; Interference; None; 20.12.2023 16:21:55; 805.6852; -0.01314323; 203.5706; Intersection; 0.3386899; null
39; Driver; Interference; None; 20.12.2023 16:21:55; 805.5952; -0.01314105; 203.5107; Intersection; 0.3603703; null
39; Driver; Interference; None; 20.12.2023 16:21:55; 805.4598; -0.01314191; 203.4174; Intersection; 0.3796968; null
39; Driver; Interference; None; 20.12.2023 16:21:55; 805.3694; -0.01316936; 203.3532; Intersection; 0.3982258; null
39; Driver; Interference; None; 20.12.2023 16:21:55; 805.3242; -0.01319512; 203.3204; Intersection; 0.4153036; null
39; Driver; Interference; None; 20.12.2023 16:21:55; 805.2334; -0.01310347; 203.2535; Intersection; 0.4340228; null
39; Driver; Interference; None; 20.12.2023 16:21:55; 805.1426; -0.01294063; 203.1849; Intersection; 0.4560525; null
39; Driver; Interference; None; 20.12.2023 16:21:55; 805.0517; -0.01281875; 203.1144; Intersection; 0.4755571; null
39; Driver; Interference; None; 20.12.2023 16:21:55; 805.0062; -0.01275733; 203.0786; Intersection; 0.49874; null
39; Driver; Interference; None; 20.12.2023 16:21:55; 804.9152; -0.01270317; 203.0054; Intersection; 0.49874; null
39; Driver; Interference; None; 20.12.2023 16:21:55; 804.8243; -0.01268911; 202.9304; Intersection; 0.5211245; null
39; Driver; Interference; None; 20.12.2023 16:21:55; 804.7789; -0.01271251; 202.8921; Intersection; 0.5620316; null
39; Driver; Interference; None; 20.12.2023 16:21:55; 804.6881; -0.01279499; 202.8142; Intersection; 0.582339; null
39; Driver; Interference; None; 20.12.2023 16:21:55; 804.5974; -0.01286943; 202.7345; Intersection; 0.6013559; null
39; Driver; Interference; None; 20.12.2023 16:21:55; 804.507; -0.01292999; 202.6528; Intersection; 0.6013559; null
39; Driver; Interference; None; 20.12.2023 16:21:55; 804.4167; -0.01297421; 202.5691; Intersection; 0.6216018; null
39; Driver; Interference; None; 20.12.2023 16:21:55; 804.3268; -0.01300244; 202.4834; Intersection; 0.6415363; null
39; Driver; Interference; None; 20.12.2023 16:21:56; 804.2372; -0.0130169; 202.3958; Intersection; 0.6646363; null
39; Driver; Interference; None; 20.12.2023 16:21:56; 804.1926; -0.01303916; 202.3511; Intersection; 0.7077727; null
39; Driver; Interference; None; 20.12.2023 16:21:56; 804.1036; -0.01309585; 202.2605; Intersection; 0.7077727; null
39; Driver; Interference; None; 20.12.2023 16:21:56; 804.015; -0.01312172; 202.1678; Intersection; 0.7268456; null
39; Driver; Interference; None; 20.12.2023 16:21:56; 803.9269; -0.01312357; 202.073; Intersection; 0.7461742; null
39; Driver; Interference; None; 20.12.2023 16:21:56; 803.8832; -0.01313771; 202.0248; Intersection; 0.7855483; null
39; Driver; Interference; None; 20.12.2023 16:21:56; 803.7524; -0.01313056; 201.8776; Intersection; 0.7855483; null
39; Driver; Interference; None; 20.12.2023 16:21:56; 803.7094; -0.01312484; 201.8273; Intersection; 0.8058617; null
39; Driver; Interference; None; 20.12.2023 16:21:56; 803.6236; -0.01307771; 201.7253; Intersection; 0.8289161; null
39; Driver; Interference; None; 20.12.2023 16:21:56; 803.5386; -0.01310049; 201.6213; Intersection; 0.8514231; null
39; Driver; Interference; None; 20.12.2023 16:21:56; 803.4543; -0.01310902; 201.5152; Intersection; 0.8704926; null
39; Driver; Interference; None; 20.12.2023 16:21:56; 803.4127; -0.01312992; 201.4613; Intersection; 0.907509; null
39; Driver; Interference; None; 20.12.2023 16:21:56; 803.3298; -0.01318591; 201.3522; Intersection; 0.907509; null
39; Driver; Interference; None; 20.12.2023 16:21:56; 803.2478; -0.01321004; 201.241; Intersection; 0.9274611; null
39; Driver; Interference; None; 20.12.2023 16:21:56; 803.1669; -0.01320964; 201.1279; Intersection; 0.9461183; null
39; Driver; Interference; None; 20.12.2023 16:21:56; 803.087; -0.01319288; 201.0128; Intersection; 0.9658112; null
39; Driver; Interference; None; 20.12.2023 16:21:56; 803.0084; -0.01316777; 200.8961; Intersection; 0.9893505; null
39; Driver; Interference; None; 20.12.2023 16:21:56; 802.9697; -0.01317566; 200.8371; Intersection; 1.010645; null
39; Driver; Interference; None; 20.12.2023 16:21:56; 802.8935; -0.01321343; 200.7187; Intersection; 1.030316; null
39; Driver; Interference; None; 20.12.2023 16:21:56; 802.8191; -0.01322751; 200.5996; Intersection; 1.049276; null
39; Driver; Interference; None; 20.12.2023 16:21:56; 802.7465; -0.01322395; 200.4797; Intersection; 1.070134; null
39; Driver; Interference; None; 20.12.2023 16:21:56; 802.6758; -0.01320895; 200.3592; Intersection; 1.090634; null
39; Driver; Interference; None; 20.12.2023 16:21:56; 802.6412; -0.01322013; 200.2986; Intersection; 1.109692; null
39; Driver; Interference; None; 20.12.2023 16:21:56; 802.5731; -0.01319789; 200.177; Intersection; 1.130556; null
39; Driver; Interference; None; 20.12.2023 16:21:56; 802.5068; -0.0131757; 200.0548; Intersection; 1.155968; null
39; Driver; Interference; None; 20.12.2023 16:21:56; 802.4423; -0.01315591; 199.932; Intersection; 1.178201; null
39; Driver; Interference; None; 20.12.2023 16:21:56; 802.3795; -0.01320204; 199.8087; Intersection; 1.19703; null
39; Driver; Interference; None; 20.12.2023 16:21:56; 802.3488; -0.01323671; 199.7468; Intersection; 1.21664; null
39; Driver; Interference; None; 20.12.2023 16:21:56; 802.2886; -0.01324725; 199.6227; Intersection; 1.23525; null
39; Driver; Interference; None; 20.12.2023 16:21:56; 802.23; -0.01323945; 199.4981; Intersection; 1.25421; null
39; Driver; Interference; None; 20.12.2023 16:21:56; 802.1732; -0.0132808; 199.3731; Intersection; 1.27292; null
39; Driver; Interference; None; 20.12.2023 16:21:56; 802.1181; -0.01328691; 199.2477; Intersection; 1.292326; null
39; Driver; Interference; None; 20.12.2023 16:21:56; 802.0913; -0.01330029; 199.1848; Intersection; 1.314109; null
39; Driver; Interference; None; 20.12.2023 16:21:56; 802.0387; -0.01327056; 199.0588; Intersection; 1.337017; null
39; Driver; Interference; None; 20.12.2023 16:21:56; 801.9877; -0.01322898; 198.9325; Intersection; 1.356263; null
39; Driver; Interference; None; 20.12.2023 16:21:56; 801.9384; -0.0131839; 198.8058; Intersection; 1.3749; null
39; Driver; Interference; None; 20.12.2023 16:21:56; 801.8907; -0.01320281; 198.6789; Intersection; 1.395644; null
39; Driver; Interference; None; 20.12.2023 16:21:56; 801.8676; -0.0132247; 198.6153; Intersection; 1.415527; null
39; Driver; Interference; None; 20.12.2023 16:21:56; 801.8223; -0.01321467; 198.4879; Intersection; 1.435089; null
39; Driver; Interference; None; 20.12.2023 16:21:56; 801.7786; -0.01319295; 198.3603; Intersection; 1.454984; null
39; Driver; Interference; None; 20.12.2023 16:21:56; 801.7573; -0.01315912; 198.2965; Intersection; 1.478464; null
39; Driver; Interference; None; 20.12.2023 16:21:56; 801.7159; -0.01313063; 198.1686; Intersection; 1.500122; null
39; Driver; Interference; None; 20.12.2023 16:21:56; 801.6762; -0.01310317; 198.0406; Intersection; 1.500122; null
39; Driver; Interference; None; 20.12.2023 16:21:56; 801.657; -0.01311112; 197.9765; Intersection; 1.540622; null
39; Driver; Interference; None; 20.12.2023 16:21:56; 801.6016; -0.01318181; 197.784; Intersection; 1.559459; null
39; Driver; Interference; None; 20.12.2023 16:21:56; 801.5665; -0.0131897; 197.6555; Intersection; 1.577441; null
39; Driver; Interference; None; 20.12.2023 16:21:56; 801.533; -0.01324185; 197.527; Intersection; 1.59568; null
39; Driver; Interference; None; 20.12.2023 16:21:56; 801.5168; -0.01327342; 197.4627; Intersection; 1.61486; null
39; Driver; Interference; None; 20.12.2023 16:21:56; 801.5009; -0.01325624; 197.3984; Intersection; 1.63864; null
39; Driver; Interference; None; 20.12.2023 16:21:56; 801.4704; -0.01324166; 197.2697; Intersection; 1.661357; null
39; Driver; Interference; None; 20.12.2023 16:21:57; 801.4414; -0.01320799; 197.141; Intersection; 1.680865; null
39; Driver; Interference; None; 20.12.2023 16:21:57; 801.4008; -0.01316188; 196.9479; Intersection; 1.69944; null
39; Driver; Interference; None; 20.12.2023 16:21:57; 801.3881; -0.01319251; 196.8835; Intersection; 1.718834; null
39; Driver; Interference; None; 20.12.2023 16:21:57; 801.3635; -0.01319673; 196.7548; Intersection; 1.736566; null
39; Driver; Interference; None; 20.12.2023 16:21:57; 801.3403; -0.01318329; 196.6261; Intersection; 1.756704; null
39; Driver; Interference; None; 20.12.2023 16:21:57; 801.3185; -0.01315865; 196.4975; Intersection; 1.775766; null
39; Driver; Interference; None; 20.12.2023 16:21:57; 801.308; -0.01312427; 196.4333; Intersection; 1.799192; null
39; Driver; Interference; None; 20.12.2023 16:21:57; 801.2884; -0.01309385; 196.3048; Intersection; 1.799192; null
39; Driver; Interference; None; 20.12.2023 16:21:57; 801.2792; -0.01309879; 196.2406; Intersection; 1.841284; null
39; Driver; Interference; None; 20.12.2023 16:21:57; 801.2532; -0.01315761; 196.0481; Intersection; 1.860633; null
39; Driver; Interference; None; 20.12.2023 16:21:57; 801.2375; -0.01315892; 195.9199; Intersection; 1.879085; null
39; Driver; Interference; None; 20.12.2023 16:21:57; 801.223; -0.01314615; 195.7919; Intersection; 1.897538; null
39; Driver; Interference; None; 20.12.2023 16:21:57; 801.2164; -0.01318809; 195.728; Intersection; 1.917955; null
39; Driver; Interference; None; 20.12.2023 16:21:57; 801.2098; -0.01318256; 195.664; Intersection; 1.938032; null
39; Driver; Interference; None; 20.12.2023 16:21:57; 801.192; -0.01313121; 195.4726; Intersection; 1.938032; null
39; Driver; Interference; None; 20.12.2023 16:21:57; 801.1868; -0.01311477; 195.4089; Intersection; 1.985065; null
39; Driver; Interference; None; 20.12.2023 16:21:57; 801.1772; -0.01311034; 195.2815; Intersection; 2.00453; null
39; Driver; Interference; None; 20.12.2023 16:21:57; 801.1686; -0.01309568; 195.1544; Intersection; 2.00453; null
39; Driver; Interference; None; 20.12.2023 16:21:57; 801.1611; -0.0130753; 195.0275; Intersection; 2.024827; null
39; Driver; Interference; None; 20.12.2023 16:21:57; 801.1578; -0.01308352; 194.9641; Intersection; 2.063827; null
39; Driver; Interference; None; 20.12.2023 16:21:57; 801.1518; -0.01311867; 194.8375; Intersection; 2.08235; null
39; Driver; Interference; None; 20.12.2023 16:21:57; 801.1467; -0.01313011; 194.7111; Intersection; 2.100755; null
39; Driver; Interference; None; 20.12.2023 16:21:57; 801.1425; -0.01312295; 194.585; Intersection; 2.100755; null
39; Driver; Interference; None; 20.12.2023 16:21:57; 801.1392; -0.01310319; 194.4591; Intersection; 2.123934; null
39; Driver; Interference; None; 20.12.2023 16:21:57; 801.138; -0.01310954; 194.3962; Intersection; 2.164739; null
39; Driver; Interference; None; 20.12.2023 16:21:57; 801.136; -0.01313809; 194.2707; Intersection; 2.183104; null
39; Driver; Interference; None; 20.12.2023 16:21:57; 801.1348; -0.01314116; 194.1455; Intersection; 2.203271; null
39; Driver; Interference; None; 20.12.2023 16:21:57; 801.1345; -0.01312544; 194.0205; Intersection; 2.203271; null
39; Driver; Interference; None; 20.12.2023 16:21:57; 801.1348; -0.01313173; 193.9581; Intersection; 2.240802; null
39; Driver; Interference; None; 20.12.2023 16:21:57; 801.1357; -0.01315711; 193.8335; Intersection; 2.259425; null
39; Driver; Interference; None; 20.12.2023 16:21:57; 801.1385; -0.01309534; 193.6472; Intersection; 2.259425; null
39; Driver; Interference; None; 20.12.2023 16:21:57; 801.1418; -0.01302355; 193.5234; Intersection; 2.281406; null
39; Driver; Interference; None; 20.12.2023 16:21:57; 801.1438; -0.01301236; 193.4616; Intersection; 2.31312; null
39; Driver; Interference; None; 20.12.2023 16:21:57; 801.1483; -0.01296594; 193.3382; Intersection; 2.332122; null
39; Driver; Interference; None; 20.12.2023 16:21:57; 801.1536; -0.01299313; 193.2151; Intersection; 2.351195; null
39; Driver; Interference; None; 20.12.2023 16:21:57; 801.1598; -0.01301117; 193.0924; Intersection; 2.371017; null
39; Driver; Interference; None; 20.12.2023 16:21:57; 801.1667; -0.01302014; 192.97; Intersection; 2.389915; null
39; Driver; Interference; None; 20.12.2023 16:21:57; 801.1705; -0.01304017; 192.9089; Intersection; 2.409059; null
39; Driver; Interference; None; 20.12.2023 16:21:57; 801.1786; -0.01303797; 192.7869; Intersection; 2.42932; null
39; Driver; Interference; None; 20.12.2023 16:21:57; 801.1875; -0.01303078; 192.6653; Intersection; 2.452266; null
39; Driver; Interference; None; 20.12.2023 16:21:57; 801.197; -0.01307546; 192.544; Intersection; 2.475295; null
39; Driver; Interference; None; 20.12.2023 16:21:57; 801.2072; -0.01309406; 192.4231; Intersection; 2.494569; null
39; Driver; Interference; None; 20.12.2023 16:21:57; 801.2126; -0.01311345; 192.3627; Intersection; 2.512474; null
39; Driver; Interference; None; 20.12.2023 16:21:57; 801.2238; -0.01310252; 192.2422; Intersection; 2.531921; null
39; Driver; Interference; None; 20.12.2023 16:21:57; 801.2356; -0.01313413; 192.1221; Intersection; 2.550797; null
39; Driver; Interference; None; 20.12.2023 16:21:57; 801.2479; -0.0131351; 192.0029; Intersection; 2.569201; null
39; Driver; Interference; None; 20.12.2023 16:21:57; 801.2604; -0.01311409; 191.886; Intersection; 2.589035; null
39; Driver; Interference; None; 20.12.2023 16:21:57; 801.2668; -0.01311593; 191.8281; Intersection; 2.61055; null
39; Driver; Interference; None; 20.12.2023 16:21:57; 801.2798; -0.01307835; 191.7137; Intersection; 2.632346; null
39; Driver; Interference; None; 20.12.2023 16:21:57; 801.2932; -0.01303861; 191.6008; Intersection; 2.653416; null
39; Driver; Interference; None; 20.12.2023 16:21:58; 801.3067; -0.01305268; 191.4895; Intersection; 2.673061; null
39; Driver; Interference; None; 20.12.2023 16:21:58; 801.3205; -0.01312859; 191.3799; Intersection; 2.691648; null
39; Driver; Interference; None; 20.12.2023 16:21:58; 801.3276; -0.01321388; 191.3256; Intersection; 2.710371; null
39; Driver; Interference; None; 20.12.2023 16:21:58; 801.3417; -0.01331216; 191.2184; Intersection; 2.729388; null
39; Driver; Interference; None; 20.12.2023 16:21:58; 801.3561; -0.01336474; 191.1127; Intersection; 2.751399; null
39; Driver; Interference; None; 20.12.2023 16:21:58; 801.3707; -0.01337693; 191.0087; Intersection; 2.774001; null
39; Driver; Interference; None; 20.12.2023 16:21:58; 801.3854; -0.01339808; 190.9063; Intersection; 2.795382; null
39; Driver; Interference; None; 20.12.2023 16:21:58; 801.3929; -0.0134101; 190.8557; Intersection; 2.816081; null
39; Driver; Interference; None; 20.12.2023 16:21:58; 801.4078; -0.01337473; 190.7557; Intersection; 2.834662; null
39; Driver; Interference; None; 20.12.2023 16:21:58; 801.4227; -0.01331678; 190.6573; Intersection; 2.853312; null
39; Driver; Interference; None; 20.12.2023 16:21:58; 801.4378; -0.01328642; 190.5604; Intersection; 2.874065; null
39; Driver; Interference; None; 20.12.2023 16:21:58; 801.4529; -0.01323709; 190.4651; Intersection; 2.893747; null
39; Driver; Interference; None; 20.12.2023 16:21:58; 801.4604; -0.01322444; 190.418; Intersection; 2.912138; null
39; Driver; Interference; None; 20.12.2023 16:21:58; 801.4755; -0.01316351; 190.3251; Intersection; 2.935038; null
39; Driver; Interference; None; 20.12.2023 16:21:58; 801.4904; -0.01310401; 190.2337; Intersection; 2.957059; null
39; Driver; Interference; None; 20.12.2023 16:21:58; 801.5053; -0.01305079; 190.1438; Intersection; 2.976545; null
39; Driver; Interference; None; 20.12.2023 16:21:58; 801.5201; -0.01304227; 190.0555; Intersection; 2.995939; null
39; Driver; Interference; None; 20.12.2023 16:21:58; 801.5274; -0.01305085; 190.0118; Intersection; 3.015814; null
39; Driver; Interference; None; 20.12.2023 16:21:58; 801.5419; -0.01303455; 189.9258; Intersection; 3.034778; null
39; Driver; Interference; None; 20.12.2023 16:21:58; 801.5563; -0.01301542; 189.8412; Intersection; 3.055238; null
39; Driver; Interference; None; 20.12.2023 16:21:58; 801.5705; -0.01299504; 189.7581; Intersection; 3.074134; null
39; Driver; Interference; None; 20.12.2023 16:21:58; 801.5844; -0.01297466; 189.6765; Intersection; 3.096982; null
39; Driver; Interference; None; 20.12.2023 16:21:58; 801.5912; -0.01299666; 189.6363; Intersection; 3.118904; null
39; Driver; Interference; None; 20.12.2023 16:21:58; 801.6047; -0.01300282; 189.5569; Intersection; 3.139023; null
39; Driver; Interference; None; 20.12.2023 16:21:58; 801.618; -0.01299732; 189.479; Intersection; 3.158433; null
39; Driver; Interference; None; 20.12.2023 16:21:58; 801.6245; -0.01297775; 189.4406; Intersection; 3.178038; null
39; Driver; Interference; None; 20.12.2023 16:21:58; 801.6434; -0.01296163; 189.3276; Intersection; 3.199405; null
39; Driver; Interference; None; 20.12.2023 16:21:58; 801.6495; -0.01297892; 189.2906; Intersection; 3.219164; null
39; Driver; Interference; None; 20.12.2023 16:21:58; 801.6556; -0.01296685; 189.254; Intersection; 3.238695; null
39; Driver; Interference; None; 20.12.2023 16:21:58; 801.6732; -0.01292109; 189.1465; Intersection; 3.238695; null
39; Driver; Interference; None; 20.12.2023 16:21:58; 801.6844; -0.01287573; 189.0766; Intersection; 3.261441; null
39; Driver; Interference; None; 20.12.2023 16:21:58; 801.6899; -0.01286729; 189.0421; Intersection; 3.307212; null
39; Driver; Interference; None; 20.12.2023 16:21:58; 801.7007; -0.01285976; 188.9744; Intersection; 3.307212; null
39; Driver; Interference; None; 20.12.2023 16:21:58; 801.7111; -0.01284819; 188.908; After ; 0; null
39; Driver; Interference; None; 20.12.2023 16:21:58; 801.721; -0.01283383; 188.8433; After ; 0.0182597; null
39; Driver; Interference; None; 20.12.2023 16:21:58; 801.726; -0.01283675; 188.811; After ; 0.0565789; null
39; Driver; Interference; None; 20.12.2023 16:21:58; 801.7357; -0.01284466; 188.7466; After ; 0.074998; null
39; Driver; Interference; None; 20.12.2023 16:21:58; 801.7454; -0.0128408; 188.6824; After ; 0.074998; null
39; Driver; Interference; None; 20.12.2023 16:21:58; 801.755; -0.01282772; 188.6183; After ; 0.0973742; null
39; Driver; Interference; None; 20.12.2023 16:21:58; 801.7645; -0.01280862; 188.5545; After ; 0.1212148; null
39; Driver; Interference; None; 20.12.2023 16:21:58; 801.7738; -0.01278681; 188.4916; After ; 0.1399055; null
39; Driver; Interference; None; 20.12.2023 16:21:58; 801.7784; -0.01278647; 188.4606; After ; 0.1787507; null
39; Driver; Interference; None; 20.12.2023 16:21:58; 801.7872; -0.01279054; 188.4003; After ; 0.1787507; null
39; Driver; Interference; None; 20.12.2023 16:21:58; 801.7957; -0.01278719; 188.3424; After ; 0.1985227; null
39; Driver; Interference; None; 20.12.2023 16:21:58; 801.804; -0.01277829; 188.2865; After ; 0.216764; null
39; Driver; Interference; None; 20.12.2023 16:21:58; 801.812; -0.01276547; 188.232; After ; 0.2361337; null
39; Driver; Interference; None; 20.12.2023 16:21:58; 801.8197; -0.01275026; 188.179; After ; 0.260044; null
39; Driver; Interference; None; 20.12.2023 16:21:58; 801.8235; -0.01275103; 188.153; After ; 0.2817172; null
39; Driver; Interference; None; 20.12.2023 16:21:58; 801.8309; -0.01275476; 188.102; After ; 0.3015489; null
39; Driver; Interference; None; 20.12.2023 16:21:58; 801.838; -0.01274927; 188.0524; After ; 0.3213081; null
39; Driver; Interference; None; 20.12.2023 16:21:59; 801.8451; -0.01273553; 188.003; After ; 0.3395659; null
39; Driver; Interference; None; 20.12.2023 16:21:59; 801.8486; -0.01273466; 187.9783; After ; 0.3789807; null
39; Driver; Interference; None; 20.12.2023 16:21:59; 801.8556; -0.01273207; 187.929; After ; 0.3789807; null
39; Driver; Interference; None; 20.12.2023 16:21:59; 801.8625; -0.01271848; 187.8799; After ; 0.3983242; null
39; Driver; Interference; None; 20.12.2023 16:21:59; 801.8694; -0.01269739; 187.8308; After ; 0.4204038; null
39; Driver; Interference; None; 20.12.2023 16:21:59; 801.8762; -0.01267246; 187.7818; After ; 0.4430205; null
39; Driver; Interference; None; 20.12.2023 16:21:59; 801.883; -0.01264704; 187.733; After ; 0.4619687; null
39; Driver; Interference; None; 20.12.2023 16:21:59; 801.8864; -0.01264337; 187.7086; After ; 0.4816027; null
39; Driver; Interference; None; 20.12.2023 16:21:59; 801.8931; -0.01264127; 187.6599; After ; 0.5012435; null
39; Driver; Interference; None; 20.12.2023 16:21:59; 801.8998; -0.01263562; 187.6113; After ; 0.5212187; null
39; Driver; Interference; None; 20.12.2023 16:21:59; 801.9065; -0.01262822; 187.5629; After ; 0.5394747; null
39; Driver; Interference; None; 20.12.2023 16:21:59; 801.9131; -0.01262059; 187.5145; After ; 0.5590099; null
39; Driver; Interference; None; 20.12.2023 16:21:59; 801.9164; -0.0126253; 187.4904; After ; 0.5823656; null
39; Driver; Interference; None; 20.12.2023 16:21:59; 801.923; -0.0126193; 187.4422; After ; 0.6047181; null
39; Driver; Interference; None; 20.12.2023 16:21:59; 801.9296; -0.01263398; 187.3941; After ; 0.6237791; null
39; Driver; Interference; None; 20.12.2023 16:21:59; 801.9362; -0.01264221; 187.3461; After ; 0.6419694; null
39; Driver; Interference; None; 20.12.2023 16:21:59; 801.9395; -0.01265236; 187.3222; After ; 0.6793548; null
39; Driver; Interference; None; 20.12.2023 16:21:59; 801.946; -0.01267153; 187.2743; After ; 0.6793548; null
39; Driver; Interference; None; 20.12.2023 16:21:59; 801.9525; -0.01267878; 187.2266; After ; 0.6972991; null
39; Driver; Interference; None; 20.12.2023 16:21:59; 801.959; -0.01267656; 187.179; After ; 0.7157667; null
39; Driver; Interference; None; 20.12.2023 16:21:59; 801.9655; -0.01266762; 187.1316; After ; 0.7397245; null
39; Driver; Interference; None; 20.12.2023 16:21:59; 801.9687; -0.01266957; 187.1079; After ; 0.7805871; null
39; Driver; Interference; None; 20.12.2023 16:21:59; 801.9752; -0.01267413; 187.0605; After ; 0.7805871; null
39; Driver; Interference; None; 20.12.2023 16:21:59; 801.9815; -0.01266991; 187.0133; After ; 0.7989599; null
39; Driver; Interference; None; 20.12.2023 16:21:59; 801.9879; -0.01265969; 186.9662; After ; 0.818409; null
39; Driver; Interference; None; 20.12.2023 16:21:59; 801.991; -0.01266121; 186.9427; After ; 0.8566727; null
39; Driver; Interference; None; 20.12.2023 16:21:59; 801.9974; -0.01266532; 186.8957; After ; 0.8767348; null
39; Driver; Interference; None; 20.12.2023 16:21:59; 802.0036; -0.01266127; 186.8489; After ; 0.8767348; null
39; Driver; Interference; None; 20.12.2023 16:21:59; 802.0098; -0.01265165; 186.8021; After ; 0.8998478; null
39; Driver; Interference; None; 20.12.2023 16:21:59; 802.0159; -0.012639; 186.7555; After ; 0.9223233; null
39; Driver; Interference; None; 20.12.2023 16:21:59; 802.022; -0.01262546; 186.7089; After ; 0.9414577; null
39; Driver; Interference; None; 20.12.2023 16:21:59; 802.025; -0.01262684; 186.6857; After ; 0.9810923; null
39; Driver; Interference; None; 20.12.2023 16:21:59; 802.031; -0.01263314; 186.6393; After ; 0.9810923; null
39; Driver; Interference; None; 20.12.2023 16:21:59; 802.0369; -0.0126337; 186.593; After ; 0.9999533; null
39; Driver; Interference; None; 20.12.2023 16:21:59; 802.0428; -0.01263; 186.5468; After ; 1.018625; null
39; Driver; Interference; None; 20.12.2023 16:21:59; 802.0486; -0.01262353; 186.5007; After ; 1.038259; null
39; Driver; Interference; None; 20.12.2023 16:21:59; 802.0543; -0.01261571; 186.4547; After ; 1.06086; null
39; Driver; Interference; None; 20.12.2023 16:21:59; 802.0572; -0.0126195; 186.4317; After ; 1.082102; null
39; Driver; Interference; None; 20.12.2023 16:21:59; 802.0628; -0.01262972; 186.3859; After ; 1.101522; null
39; Driver; Interference; None; 20.12.2023 16:21:59; 802.0684; -0.012633; 186.3402; After ; 1.120803; null
39; Driver; Interference; None; 20.12.2023 16:21:59; 802.0712; -0.01264028; 186.3173; After ; 1.158584; null
39; Driver; Interference; None; 20.12.2023 16:21:59; 802.0767; -0.01265391; 186.2717; After ; 1.177395; null
39; Driver; Interference; None; 20.12.2023 16:21:59; 802.0822; -0.01265673; 186.2262; After ; 1.177395; null
39; Driver; Interference; None; 20.12.2023 16:21:59; 802.0875; -0.01265139; 186.1808; After ; 1.194996; null
39; Driver; Interference; None; 20.12.2023 16:21:59; 802.0929; -0.01264063; 186.1355; After ; 1.217172; null
39; Driver; Interference; None; 20.12.2023 16:21:59; 802.0956; -0.01264177; 186.1129; After ; 1.259017; null
39; Driver; Interference; None; 20.12.2023 16:21:59; 802.101; -0.01264537; 186.0678; After ; 1.278174; null
39; Driver; Interference; None; 20.12.2023 16:21:59; 802.1062; -0.01264148; 186.0226; After ; 1.278174; null
39; Driver; Interference; None; 20.12.2023 16:21:59; 802.1115; -0.01263247; 185.9775; After ; 1.29652; null
39; Driver; Interference; None; 20.12.2023 16:21:59; 802.1141; -0.01263449; 185.9548; After ; 1.334985; null
39; Driver; Interference; None; 20.12.2023 16:22:00; 802.1219; -0.01262181; 185.8868; After ; 1.334985; null
39; Driver; Interference; None; 20.12.2023 16:22:00; 802.1272; -0.01260276; 185.8414; After ; 1.35405; null
39; Driver; Interference; None; 20.12.2023 16:22:00; 802.1298; -0.0126021; 185.8187; After ; 1.379816; null
39; Driver; Interference; None; 20.12.2023 16:22:00; 802.1349; -0.01260606; 185.7732; After ; 1.401672; null
39; Driver; Interference; None; 20.12.2023 16:22:00; 802.1401; -0.01260653; 185.7279; After ; 1.422002; null
39; Driver; Interference; None; 20.12.2023 16:22:00; 802.1426; -0.01261349; 185.7052; After ; 1.458711; null
39; Driver; Interference; None; 20.12.2023 16:22:00; 802.1477; -0.01262833; 185.6599; After ; 1.478057; null
39; Driver; Interference; None; 20.12.2023 16:22:00; 802.1527; -0.01263431; 185.6147; After ; 1.478057; null
39; Driver; Interference; None; 20.12.2023 16:22:00; 802.1577; -0.01263328; 185.5696; After ; 1.496462; null
39; Driver; Interference; None; 20.12.2023 16:22:00; 802.1625; -0.01262735; 185.5245; After ; 1.515464; null
39; Driver; Interference; None; 20.12.2023 16:22:00; 802.1673; -0.01261852; 185.4795; After ; 1.537797; null
39; Driver; Interference; None; 20.12.2023 16:22:00; 802.1697; -0.01262122; 185.4571; After ; 1.580413; null
39; Driver; Interference; None; 20.12.2023 16:22:00; 802.1743; -0.01262874; 185.4122; After ; 1.580413; null
39; Driver; Interference; None; 20.12.2023 16:22:00; 802.179; -0.0126293; 185.3674; After ; 1.599091; null
39; Driver; Interference; None; 20.12.2023 16:22:00; 802.1812; -0.01263514; 185.345; After ; 1.63642; null
39; Driver; Interference; None; 20.12.2023 16:22:00; 802.1857; -0.01264617; 185.3003; After ; 1.655167; null
39; Driver; Interference; None; 20.12.2023 16:22:00; 802.1901; -0.01264711; 185.2558; After ; 1.673621; null
39; Driver; Interference; None; 20.12.2023 16:22:00; 802.1945; -0.01264056; 185.2113; After ; 1.673621; null
39; Driver; Interference; None; 20.12.2023 16:22:00; 802.1987; -0.01262926; 185.1669; After ; 1.697541; null
39; Driver; Interference; None; 20.12.2023 16:22:00; 802.2008; -0.01263016; 185.1447; After ; 1.736927; null
39; Driver; Interference; None; 20.12.2023 16:22:00; 802.205; -0.01263355; 185.1005; After ; 1.755064; null
39; Driver; Interference; None; 20.12.2023 16:22:00; 802.2091; -0.01262993; 185.0564; After ; 1.773619; null
39; Driver; Interference; None; 20.12.2023 16:22:00; 802.2131; -0.01264612; 185.0123; After ; 1.791969; null
39; Driver; Interference; None; 20.12.2023 16:22:00; 802.2172; -0.01264849; 184.9684; After ; 1.81056; null
39; Driver; Interference; None; 20.12.2023 16:22:00; 802.2211; -0.01264299; 184.9245; After ; 1.827544; null
39; Driver; Interference; None; 20.12.2023 16:22:00; 802.225; -0.01263237; 184.8808; After ; 1.849153; null
39; Driver; Interference; None; 20.12.2023 16:22:00; 802.2289; -0.01261912; 184.8371; After ; 1.871272; null
39; Driver; Interference; None; 20.12.2023 16:22:00; 802.2308; -0.0126291; 184.8153; After ; 1.8904; null
39; Driver; Interference; None; 20.12.2023 16:22:00; 802.2346; -0.01262893; 184.7718; After ; 1.90827; null
39; Driver; Interference; None; 20.12.2023 16:22:00; 802.2384; -0.01264036; 184.7284; After ; 1.926487; null
39; Driver; Interference; None; 20.12.2023 16:22:00; 802.2422; -0.012641; 184.6851; After ; 1.944986; null
39; Driver; Interference; None; 20.12.2023 16:22:00; 802.2458; -0.01263372; 184.6419; After ; 1.963493; null
39; Driver; Interference; None; 20.12.2023 16:22:00; 802.2477; -0.01263536; 184.6203; After ; 1.982512; null
39; Driver; Interference; None; 20.12.2023 16:22:00; 802.2513; -0.01262159; 184.5773; After ; 2.005429; null
39; Driver; Interference; None; 20.12.2023 16:22:00; 802.2549; -0.01260667; 184.5343; After ; 2.027525; null
39; Driver; Interference; None; 20.12.2023 16:22:00; 802.2585; -0.01260924; 184.4914; After ; 2.046114; null
39; Driver; Interference; None; 20.12.2023 16:22:00; 802.262; -0.01260645; 184.4486; After ; 2.065753; null
39; Driver; Interference; None; 20.12.2023 16:22:00; 802.2637; -0.01261084; 184.4273; After ; 2.083767; null
39; Driver; Interference; None; 20.12.2023 16:22:00; 802.2672; -0.01261989; 184.3846; After ; 2.102927; null
39; Driver; Interference; None; 20.12.2023 16:22:00; 802.2706; -0.01262041; 184.3421; After ; 2.122706; null
39; Driver; Interference; None; 20.12.2023 16:22:00; 802.2739; -0.01261461; 184.2996; After ; 2.142855; null
39; Driver; Interference; None; 20.12.2023 16:22:00; 802.2772; -0.01260482; 184.2573; After ; 2.16605; null
39; Driver; Interference; None; 20.12.2023 16:22:00; 802.2787; -0.01260628; 184.2361; After ; 2.187701; null
39; Driver; Interference; None; 20.12.2023 16:22:00; 802.2819; -0.01259433; 184.1939; After ; 2.205717; null
39; Driver; Interference; None; 20.12.2023 16:22:00; 802.285; -0.0125994; 184.1518; After ; 2.224836; null
39; Driver; Interference; None; 20.12.2023 16:22:00; 802.288; -0.0125988; 184.1097; After ; 2.243411; null
39; Driver; Interference; None; 20.12.2023 16:22:00; 802.2894; -0.012604; 184.0887; After ; 2.281472; null
39; Driver; Interference; None; 20.12.2023 16:22:00; 802.2923; -0.01261423; 184.0468; After ; 2.281472; null
39; Driver; Interference; None; 20.12.2023 16:22:00; 802.2951; -0.01261552; 184.005; After ; 2.300536; null
39; Driver; Interference; None; 20.12.2023 16:22:00; 802.2979; -0.01261012; 183.9633; After ; 2.322681; null
39; Driver; Interference; None; 20.12.2023 16:22:01; 802.3005; -0.01260043; 183.9217; After ; 2.344238; null
39; Driver; Interference; None; 20.12.2023 16:22:01; 802.3019; -0.01260171; 183.9009; After ; 2.380446; null
39; Driver; Interference; None; 20.12.2023 16:22:01; 802.3044; -0.01260574; 183.8594; After ; 2.380446; null
39; Driver; Interference; None; 20.12.2023 16:22:01; 802.307; -0.0126031; 183.818; After ; 2.399806; null
39; Driver; Interference; None; 20.12.2023 16:22:01; 802.3096; -0.01259588; 183.7767; After ; 2.417455; null
39; Driver; Interference; None; 20.12.2023 16:22:01; 802.312; -0.01258605; 183.7355; After ; 2.439093; null
39; Driver; Interference; None; 20.12.2023 16:22:01; 802.3145; -0.01257534; 183.6944; After ; 2.459286; null
39; Driver; Interference; None; 20.12.2023 16:22:01; 802.3157; -0.01257706; 183.6739; After ; 2.481836; null
39; Driver; Interference; None; 20.12.2023 16:22:01; 802.3181; -0.01258342; 183.6329; After ; 2.503121; null
39; Driver; Interference; None; 20.12.2023 16:22:01; 802.3206; -0.01258447; 183.5921; After ; 2.521799; null
39; Driver; Interference; None; 20.12.2023 16:22:01; 802.3217; -0.01259032; 183.5717; After ; 2.557725; null
39; Driver; Interference; None; 20.12.2023 16:22:01; 802.324; -0.01260174; 183.5309; After ; 2.576751; null
39; Driver; Interference; None; 20.12.2023 16:22:01; 802.3264; -0.01260418; 183.4903; After ; 2.576751; null
39; Driver; Interference; None; 20.12.2023 16:22:01; 802.3286; -0.01259982; 183.4497; After ; 2.594007; null
39; Driver; Interference; None; 20.12.2023 16:22:01; 802.3308; -0.01259096; 183.4093; After ; 2.61376; null
39; Driver; Interference; None; 20.12.2023 16:22:01; 802.3319; -0.01259238; 183.3891; After ; 2.658395; null
39; Driver; Interference; None; 20.12.2023 16:22:01; 802.3341; -0.01259644; 183.3487; After ; 2.678059; null
39; Driver; Interference; None; 20.12.2023 16:22:01; 802.3362; -0.01259382; 183.3085; After ; 2.678059; null
39; Driver; Interference; None; 20.12.2023 16:22:01; 802.3372; -0.01259745; 183.2884; After ; 2.713832; null
39; Driver; Interference; None; 20.12.2023 16:22:01; 802.3393; -0.01260433; 183.2483; After ; 2.732569; null
39; Driver; Interference; None; 20.12.2023 16:22:01; 802.3412; -0.01260266; 183.2083; After ; 2.752676; null
39; Driver; Interference; None; 20.12.2023 16:22:01; 802.3432; -0.01259493; 183.1683; After ; 2.77184; null
39; Driver; Interference; None; 20.12.2023 16:22:01; 802.3452; -0.01258361; 183.1285; After ; 2.77184; null
39; Driver; Interference; None; 20.12.2023 16:22:01; 802.3461; -0.01258404; 183.1086; After ; 2.814634; null
39; Driver; Interference; None; 20.12.2023 16:22:01; 802.3488; -0.01259253; 183.0491; After ; 2.833657; null
39; Driver; Interference; None; 20.12.2023 16:22:01; 802.3506; -0.01258721; 183.0095; After ; 2.851437; null
39; Driver; Interference; None; 20.12.2023 16:22:01; 802.3523; -0.01259432; 182.97; After ; 2.868682; null
39; Driver; Interference; None; 20.12.2023 16:22:01; 802.3531; -0.01260137; 182.9503; After ; 2.888027; null
39; Driver; Interference; None; 20.12.2023 16:22:01; 802.3547; -0.01259718; 182.911; After ; 2.906455; null
39; Driver; Interference; None; 20.12.2023 16:22:01; 802.3563; -0.01258839; 182.8717; After ; 2.925344; null
39; Driver; Interference; None; 20.12.2023 16:22:01; 802.3578; -0.01257715; 182.8325; After ; 2.946683; null
39; Driver; Interference; None; 20.12.2023 16:22:01; 802.3592; -0.01258056; 182.7935; After ; 2.970037; null
39; Driver; Interference; None; 20.12.2023 16:22:01; 802.3599; -0.01258655; 182.7739; After ; 2.988445; null
39; Driver; Interference; None; 20.12.2023 16:22:01; 802.3611; -0.01258182; 182.735; After ; 3.005881; null
39; Driver; Interference; None; 20.12.2023 16:22:01; 802.3624; -0.01258912; 182.6961; After ; 3.024735; null
39; Driver; Interference; None; 20.12.2023 16:22:01; 802.3635; -0.01258831; 182.6573; After ; 3.042542; null
39; Driver; Interference; None; 20.12.2023 16:22:01; 802.3646; -0.01258166; 182.6187; After ; 3.060642; null
39; Driver; Interference; None; 20.12.2023 16:22:01; 802.3651; -0.01258338; 182.5993; After ; 3.079146; null
39; Driver; Interference; None; 20.12.2023 16:22:01; 802.366; -0.01257217; 182.5608; After ; 3.101765; null
39; Driver; Interference; None; 20.12.2023 16:22:01; 802.367; -0.01257534; 182.5223; After ; 3.123348; null
39; Driver; Interference; None; 20.12.2023 16:22:01; 802.3679; -0.01257271; 182.4839; After ; 3.142574; null
39; Driver; Interference; None; 20.12.2023 16:22:01; 802.3683; -0.01257628; 182.4648; After ; 3.18059; null
39; Driver; Interference; None; 20.12.2023 16:22:01; 802.3691; -0.01258328; 182.4265; After ; 3.18059; null
39; Driver; Interference; None; 20.12.2023 16:22:01; 802.3699; -0.01258233; 182.3884; After ; 3.198858; null
39; Driver; Interference; None; 20.12.2023 16:22:01; 802.3707; -0.01257569; 182.3503; After ; 3.216208; null
39; Driver; Interference; None; 20.12.2023 16:22:01; 802.3714; -0.01256561; 182.3123; After ; 3.234886; null
39; Driver; Interference; None; 20.12.2023 16:22:01; 802.3717; -0.01256634; 182.2933; After ; 3.278594; null
39; Driver; Interference; None; 20.12.2023 16:22:01; 802.3723; -0.01256946; 182.2555; After ; 3.278594; null
39; Driver; Interference; None; 20.12.2023 16:22:01; 802.3726; -0.01257518; 182.2366; After ; 3.313856; null
39; Driver; Interference; None; 20.12.2023 16:22:02; 802.3735; -0.01259284; 182.18; After ; 3.333242; null
39; Driver; Interference; None; 20.12.2023 16:22:02; 802.374; -0.01258955; 182.1424; After ; 3.351421; null
39; Driver; Interference; None; 20.12.2023 16:22:02; 802.3745; -0.01259526; 182.1049; After ; 3.36819; null
39; Driver; Interference; None; 20.12.2023 16:22:02; 802.3746; -0.01260068; 182.0862; After ; 3.387562; null
39; Driver; Interference; None; 20.12.2023 16:22:02; 802.3748; -0.01259139; 182.0675; After ; 3.408918; null
39; Driver; Interference; None; 20.12.2023 16:22:02; 802.3753; -0.01258055; 182.0114; After ; 3.432448; null
39; Driver; Interference; None; 20.12.2023 16:22:02; 802.3755; -0.01256565; 181.9741; After ; 3.451539; null
39; Driver; Interference; None; 20.12.2023 16:22:02; 802.3758; -0.01256514; 181.9367; After ; 3.46952; null
39; Driver; Interference; None; 20.12.2023 16:22:02; 802.3759; -0.01256927; 181.9181; After ; 3.487769; null
39; Driver; Interference; None; 20.12.2023 16:22:02; 802.376; -0.01256222; 181.8808; After ; 3.506128; null
39; Driver; Interference; None; 20.12.2023 16:22:02; 802.3761; -0.01256758; 181.8434; After ; 3.525705; null
39; Driver; Interference; None; 20.12.2023 16:22:02; 802.3762; -0.01256608; 181.806; After ; 3.543999; null
39; Driver; Interference; None; 20.12.2023 16:22:02; 802.3762; -0.01255979; 181.7687; After ; 3.56577; null
39; Driver; Interference; None; 20.12.2023 16:22:02; 802.3762; -0.01256181; 181.75; After ; 3.587867; null
39; Driver; Interference; None; 20.12.2023 16:22:02; 802.3761; -0.01255206; 181.7125; After ; 3.60703; null
39; Driver; Interference; None; 20.12.2023 16:22:02; 802.376; -0.01255663; 181.6751; After ; 3.625217; null
39; Driver; Interference; None; 20.12.2023 16:22:02; 802.3759; -0.01255579; 181.6376; After ; 3.64315; null
39; Driver; Interference; None; 20.12.2023 16:22:02; 802.3758; -0.01256021; 181.6189; After ; 3.679516; null
39; Driver; Interference; None; 20.12.2023 16:22:02; 802.3755; -0.01256891; 181.5813; After ; 3.679516; null
39; Driver; Interference; None; 20.12.2023 16:22:02; 802.3753; -0.01256979; 181.5438; After ; 3.69755; null
39; Driver; Interference; None; 20.12.2023 16:22:02; 802.3751; -0.01256494; 181.5062; After ; 3.719663; null
39; Driver; Interference; None; 20.12.2023 16:22:02; 802.3747; -0.01255658; 181.4686; After ; 3.743035; null
39; Driver; Interference; None; 20.12.2023 16:22:02; 802.3745; -0.01255807; 181.4498; After ; 3.781257; null
39; Driver; Interference; None; 20.12.2023 16:22:02; 802.3741; -0.0125626; 181.4121; After ; 3.781257; null
39; Driver; Interference; None; 20.12.2023 16:22:02; 802.3737; -0.01256132; 181.3744; After ; 3.799794; null
39; Driver; Interference; None; 20.12.2023 16:22:02; 802.3735; -0.01256545; 181.3556; After ; 3.836439; null
39; Driver; Interference; None; 20.12.2023 16:22:02; 802.373; -0.01257345; 181.3179; After ; 3.854956; null
39; Driver; Interference; None; 20.12.2023 16:22:02; 802.3725; -0.01257353; 181.2801; After ; 3.876915; null
39; Driver; Interference; None; 20.12.2023 16:22:02; 802.3719; -0.01256794; 181.2422; After ; 3.876915; null
39; Driver; Interference; None; 20.12.2023 16:22:02; 802.3713; -0.01255887; 181.2043; After ; 3.898485; null
39; Driver; Interference; None; 20.12.2023 16:22:02; 802.3709; -0.01256011; 181.1852; After ; 3.935065; null
39; Driver; Interference; None; 20.12.2023 16:22:02; 802.3698; -0.01257048; 181.1277; After ; 3.953134; null
39; Driver; Interference; None; 20.12.2023 16:22:02; 802.369; -0.01258153; 181.0889; After ; 3.970746; null
39; Driver; Interference; None; 20.12.2023 16:22:02; 802.3686; -0.01258995; 181.0693; After ; 3.987693; null
39; Driver; Interference; None; 20.12.2023 16:22:02; 802.3677; -0.01258779; 181.0299; After ; 4.005847; null
39; Driver; Interference; None; 20.12.2023 16:22:02; 802.3668; -0.01258008; 180.99; After ; 4.027924; null
39; Driver; Interference; None; 20.12.2023 16:22:02; 802.3658; -0.01256946; 180.9496; After ; 4.04936; null
39; Driver; Interference; None; 20.12.2023 16:22:02; 802.3647; -0.01257382; 180.9086; After ; 4.067615; null
39; Driver; Interference; None; 20.12.2023 16:22:02; 802.3642; -0.01258073; 180.8879; After ; 4.085675; null
39; Driver; Interference; None; 20.12.2023 16:22:02; 802.363; -0.01259335; 180.8461; After ; 4.103533; null
39; Driver; Interference; None; 20.12.2023 16:22:02; 802.3618; -0.01259642; 180.8036; After ; 4.121305; null
39; Driver; Interference; None; 20.12.2023 16:22:02; 802.3605; -0.01259278; 180.7605; After ; 4.140231; null
39; Driver; Interference; None; 20.12.2023 16:22:02; 802.3591; -0.01258524; 180.7167; After ; 4.158396; null
39; Driver; Interference; None; 20.12.2023 16:22:02; 802.3584; -0.01258828; 180.6946; After ; 4.180254; null
39; Driver; Interference; None; 20.12.2023 16:22:02; 802.3569; -0.0125965; 180.6498; After ; 4.20371; null
39; Driver; Interference; None; 20.12.2023 16:22:02; 802.3553; -0.01259854; 180.6043; After ; 4.222237; null
39; Driver; Interference; None; 20.12.2023 16:22:02; 802.3545; -0.01260571; 180.5812; After ; 4.259582; null
39; Driver; Interference; None; 20.12.2023 16:22:02; 802.3528; -0.01262024; 180.5346; After ; 4.278488; null
39; Driver; Interference; None; 20.12.2023 16:22:02; 802.351; -0.01262577; 180.4872; After ; 4.278488; null
39; Driver; Interference; None; 20.12.2023 16:22:02; 802.349; -0.01262485; 180.4392; After ; 4.295773; null
39; Driver; Interference; None; 20.12.2023 16:22:02; 802.347; -0.01262006; 180.3904; After ; 4.314157; null
39; Driver; Interference; None; 20.12.2023 16:22:03; 802.3459; -0.01262528; 180.3658; After ; 4.358874; null
39; Driver; Interference; None; 20.12.2023 16:22:03; 802.3438; -0.01263792; 180.316; After ; 4.377368; null
39; Driver; Interference; None; 20.12.2023 16:22:03; 802.3415; -0.01264311; 180.2656; After ; 4.377368; null
39; Driver; Interference; None; 20.12.2023 16:22:03; 802.3391; -0.01267129; 180.2145; After ; 4.412217; null
39; Driver; Interference; None; 20.12.2023 16:22:03; 802.3366; -0.01268341; 180.1628; After ; 4.430963; null
39; Driver; Interference; None; 20.12.2023 16:22:03; 802.334; -0.01270609; 180.1104; After ; 4.447986; null
39; Driver; Interference; None; 20.12.2023 16:22:03; 802.3314; -0.01271345; 180.0574; After ; 4.466472; null
39; Driver; Interference; None; 20.12.2023 16:22:03; 802.33; -0.01272171; 180.0306; After ; 4.487844; null
39; Driver; Interference; None; 20.12.2023 16:22:03; 802.3271; -0.01271384; 179.9766; After ; 4.508401; null
39; Driver; Interference; None; 20.12.2023 16:22:03; 802.3241; -0.01270083; 179.9219; After ; 4.526659; null
39; Driver; Interference; None; 20.12.2023 16:22:03; 802.3209; -0.01270732; 179.8666; After ; 4.545434; null
39; Driver; Interference; None; 20.12.2023 16:22:03; 802.3176; -0.01270545; 179.8106; After ; 4.564559; null
39; Driver; Interference; None; 20.12.2023 16:22:03; 802.3159; -0.01271192; 179.7824; After ; 4.582441; null
39; Driver; Interference; None; 20.12.2023 16:22:03; 802.3124; -0.01272518; 179.7255; After ; 4.601375; null
39; Driver; Interference; None; 20.12.2023 16:22:03; 802.3088; -0.01272765; 179.6679; After ; 4.619845; null
39; Driver; Interference; None; 20.12.2023 16:22:03; 802.3051; -0.01272265; 179.6098; After ; 4.642064; null
39; Driver; Interference; None; 20.12.2023 16:22:03; 802.3031; -0.01272828; 179.5806; After ; 4.681699; null
39; Driver; Interference; None; 20.12.2023 16:22:03; 802.2991; -0.0127407; 179.5216; After ; 4.681699; null
39; Driver; Interference; None; 20.12.2023 16:22:03; 802.295; -0.01274282; 179.4621; After ; 4.700046; null
39; Driver; Interference; None; 20.12.2023 16:22:03; 802.2928; -0.01275118; 179.4321; After ; 4.737556; null
39; Driver; Interference; None; 20.12.2023 16:22:03; 802.2885; -0.01276713; 179.3718; After ; 4.754978; null
39; Driver; Interference; None; 20.12.2023 16:22:03; 802.284; -0.01277023; 179.3109; After ; 4.772406; null
39; Driver; Interference; None; 20.12.2023 16:22:03; 802.2794; -0.01276426; 179.2496; After ; 4.772406; null
39; Driver; Interference; None; 20.12.2023 16:22:03; 802.2746; -0.01275294; 179.1879; After ; 4.795101; null
39; Driver; Interference; None; 20.12.2023 16:22:03; 802.2722; -0.0127568; 179.1569; After ; 4.835574; null
39; Driver; Interference; None; 20.12.2023 16:22:03; 802.2646; -0.01277971; 179.0632; After ; 4.853868; null
39; Driver; Interference; None; 20.12.2023 16:22:03; 802.2593; -0.01280196; 179.0002; After ; 4.87162; null
39; Driver; Interference; None; 20.12.2023 16:22:03; 802.2567; -0.01281769; 178.9686; After ; 4.889063; null
39; Driver; Interference; None; 20.12.2023 16:22:03; 802.2512; -0.01281802; 178.9052; After ; 4.907166; null
39; Driver; Interference; None; 20.12.2023 16:22:03; 802.2457; -0.01280881; 178.8414; After ; 4.926157; null
39; Driver; Interference; None; 20.12.2023 16:22:03; 802.2399; -0.01279412; 178.7772; After ; 4.95005; null
39; Driver; Interference; None; 20.12.2023 16:22:03; 802.2339; -0.01280238; 178.7128; After ; 4.971423; null
39; Driver; Interference; None; 20.12.2023 16:22:03; 802.2309; -0.01281346; 178.6805; After ; 4.988661; null
39; Driver; Interference; None; 20.12.2023 16:22:03; 802.2247; -0.01280771; 178.6155; After ; 5.006146; null
39; Driver; Interference; None; 20.12.2023 16:22:03; 802.2184; -0.01282199; 178.5503; After ; 5.024363; null
39; Driver; Interference; None; 20.12.2023 16:22:03; 802.2152; -0.01283499; 178.5176; After ; 5.059875; null
39; Driver; Interference; None; 20.12.2023 16:22:03; 802.2087; -0.01285618; 178.4519; After ; 5.078244; null
39; Driver; Interference; None; 20.12.2023 16:22:03; 802.202; -0.01285867; 178.3859; After ; 5.078244; null
39; Driver; Interference; None; 20.12.2023 16:22:03; 802.1951; -0.01284771; 178.3196; After ; 5.099284; null
39; Driver; Interference; None; 20.12.2023 16:22:03; 802.188; -0.01282851; 178.253; After ; 5.121784; null
39; Driver; Interference; None; 20.12.2023 16:22:03; 802.1808; -0.01280581; 178.1861; After ; 5.140985; null
39; Driver; Interference; None; 20.12.2023 16:22:03; 802.1771; -0.01280577; 178.1526; After ; 5.178592; null
39; Driver; Interference; None; 20.12.2023 16:22:03; 802.1697; -0.01281069; 178.0852; After ; 5.178592; null
39; Driver; Interference; None; 20.12.2023 16:22:03; 802.162; -0.012808; 178.0176; After ; 5.198136; null
39; Driver; Interference; None; 20.12.2023 16:22:03; 802.1542; -0.01280039; 177.9497; After ; 5.216552; null
39; Driver; Interference; None; 20.12.2023 16:22:03; 802.1462; -0.01279037; 177.8815; After ; 5.235362; null
39; Driver; Interference; None; 20.12.2023 16:22:03; 802.1422; -0.01279676; 177.8474; After ; 5.279868; null
39; Driver; Interference; None; 20.12.2023 16:22:03; 802.1339; -0.01281352; 177.7787; After ; 5.279868; null
39; Driver; Interference; None; 20.12.2023 16:22:03; 802.1255; -0.01282025; 177.7099; After ; 5.298743; null
39; Driver; Interference; None; 20.12.2023 16:22:03; 802.1212; -0.01283236; 177.6753; After ; 5.335605; null
39; Driver; Interference; None; 20.12.2023 16:22:04; 802.1125; -0.01285554; 177.6061; After ; 5.354489; null
39; Driver; Interference; None; 20.12.2023 16:22:04; 802.0991; -0.01287381; 177.5017; After ; 5.372526; null
39; Driver; Interference; None; 20.12.2023 16:22:04; 802.0946; -0.01285841; 177.4667; After ; 5.372526; null
39; Driver; Interference; None; 20.12.2023 16:22:04; 802.0853; -0.01284606; 177.3966; After ; 5.391272; null
39; Driver; Interference; None; 20.12.2023 16:22:04; 802.0806; -0.01285017; 177.3615; After ; 5.437035; null
39; Driver; Interference; None; 20.12.2023 16:22:04; 802.0711; -0.01286053; 177.291; After ; 5.455947; null
39; Driver; Interference; None; 20.12.2023 16:22:04; 802.0614; -0.0128593; 177.2203; After ; 5.474516; null
39; Driver; Interference; None; 20.12.2023 16:22:04; 802.0515; -0.01288987; 177.1493; After ; 5.492729; null
39; Driver; Interference; None; 20.12.2023 16:22:04; 802.0414; -0.01289783; 177.078; After ; 5.51148; null
39; Driver; Interference; None; 20.12.2023 16:22:04; 802.0311; -0.01289285; 177.0065; After ; 5.528339; null
39; Driver; Interference; None; 20.12.2023 16:22:04; 802.0206; -0.01287938; 176.9346; After ; 5.546748; null
39; Driver; Interference; None; 20.12.2023 16:22:04; 802.0099; -0.01286149; 176.8626; After ; 5.569318; null
39; Driver; Interference; None; 20.12.2023 16:22:04; 802.0045; -0.01288013; 176.8265; After ; 5.591247; null
39; Driver; Interference; None; 20.12.2023 16:22:04; 801.9934; -0.01288387; 176.754; After ; 5.610905; null
39; Driver; Interference; None; 20.12.2023 16:22:04; 801.9822; -0.01287854; 176.6813; After ; 5.628968; null
39; Driver; Interference; None; 20.12.2023 16:22:04; 801.9708; -0.01289608; 176.6083; After ; 5.647851; null
39; Driver; Interference; None; 20.12.2023 16:22:04; 801.9591; -0.01289849; 176.5351; After ; 5.666199; null
39; Driver; Interference; None; 20.12.2023 16:22:04; 801.9532; -0.01290791; 176.4984; After ; 5.684058; null
39; Driver; Interference; None; 20.12.2023 16:22:04; 801.9412; -0.01289561; 176.4248; After ; 5.703677; null
39; Driver; Interference; None; 20.12.2023 16:22:04; 801.9291; -0.0128786; 176.3509; After ; 5.726674; null
39; Driver; Interference; None; 20.12.2023 16:22:04; 801.9167; -0.01286036; 176.2767; After ; 5.749132; null
39; Driver; Interference; None; 20.12.2023 16:22:04; 801.9041; -0.01287267; 176.2024; After ; 5.768008; null
39; Driver; Interference; None; 20.12.2023 16:22:04; 801.8977; -0.01288782; 176.1651; After ; 5.787142; null
39; Driver; Interference; None; 20.12.2023 16:22:04; 801.8848; -0.01288662; 176.0903; After ; 5.806781; null
39; Driver; Interference; None; 20.12.2023 16:22:04; 801.8717; -0.01290924; 176.0153; After ; 5.826198; null
39; Driver; Interference; None; 20.12.2023 16:22:04; 801.8583; -0.01291588; 175.94; After ; 5.844688; null
39; Driver; Interference; None; 20.12.2023 16:22:04; 801.8447; -0.01291052; 175.8645; After ; 5.863392; null
39; Driver; Interference; None; 20.12.2023 16:22:04; 801.8379; -0.01287506; 175.8266; After ; 5.863392; null
39; Driver; Interference; None; 20.12.2023 16:22:04; 801.824; -0.0128364; 175.7508; After ; 5.887674; null
39; Driver; Interference; None; 20.12.2023 16:22:04; 801.8098; -0.01280786; 175.6747; After ; 5.918425; null
39; Driver; Interference; None; 20.12.2023 16:22:04; 801.8026; -0.01281075; 175.6366; After ; 5.95892; null
39; Driver; Interference; None; 20.12.2023 16:22:04; 801.7881; -0.01282813; 175.5602; After ; 5.977756; null
39; Driver; Interference; None; 20.12.2023 16:22:04; 801.7734; -0.0128415; 175.4836; After ; 5.977756; null
39; Driver; Interference; None; 20.12.2023 16:22:04; 801.7585; -0.01285072; 175.4068; After ; 5.995379; null
39; Driver; Interference; None; 20.12.2023 16:22:04; 801.7433; -0.01285618; 175.3298; After ; 6.015098; null
39; Driver; Interference; None; 20.12.2023 16:22:04; 801.728; -0.01285852; 175.2526; After ; 6.038317; null
39; Driver; Interference; None; 20.12.2023 16:22:04; 801.7202; -0.01287213; 175.214; After ; 6.079502; null
39; Driver; Interference; None; 20.12.2023 16:22:04; 801.7044; -0.01290198; 175.1365; After ; 6.079502; null
39; Driver; Interference; None; 20.12.2023 16:22:04; 801.6884; -0.01291737; 175.0589; After ; 6.100087; null
39; Driver; Interference; None; 20.12.2023 16:22:04; 801.6722; -0.01292082; 174.981; After ; 6.118325; null
39; Driver; Interference; None; 20.12.2023 16:22:04; 801.6641; -0.01293252; 174.942; After ; 6.156311; null
39; Driver; Interference; None; 20.12.2023 16:22:04; 801.6475; -0.01295496; 174.8639; After ; 6.175897; null
39; Driver; Interference; None; 20.12.2023 16:22:04; 801.6307; -0.01295983; 174.7856; After ; 6.175897; null
39; Driver; Interference; None; 20.12.2023 16:22:04; 801.6137; -0.01295172; 174.7071; After ; 6.199294; null
39; Driver; Interference; None; 20.12.2023 16:22:04; 801.5964; -0.01293533; 174.6284; After ; 6.222609; null
39; Driver; Interference; None; 20.12.2023 16:22:04; 801.5789; -0.012915; 174.5495; After ; 6.24279; null
39; Driver; Interference; None; 20.12.2023 16:22:04; 801.5612; -0.01289428; 174.4704; After ; 6.265196; null
39; Driver; Interference; None; 20.12.2023 16:22:04; 801.5522; -0.01289838; 174.4308; After ; 6.284924; null
39; Driver; Interference; None; 20.12.2023 16:22:04; 801.5341; -0.01291319; 174.3515; After ; 6.3036; null
39; Driver; Interference; None; 20.12.2023 16:22:04; 801.5157; -0.01291849; 174.272; After ; 6.322536; null
39; Driver; Interference; None; 20.12.2023 16:22:05; 801.4971; -0.01291659; 174.1922; After ; 6.342047; null
39; Driver; Interference; None; 20.12.2023 16:22:05; 801.4782; -0.01290989; 174.1123; After ; 6.365052; null
39; Driver; Interference; None; 20.12.2023 16:22:05; 801.4687; -0.0129194; 174.0723; After ; 6.387344; null
39; Driver; Interference; None; 20.12.2023 16:22:05; 801.4494; -0.01290976; 173.9921; After ; 6.407267; null
39; Driver; Interference; None; 20.12.2023 16:22:05; 801.4299; -0.01290035; 173.9118; After ; 6.42744; null
39; Driver; Interference; None; 20.12.2023 16:22:05; 801.4101; -0.01292444; 173.8312; After ; 6.4474; null
39; Driver; Interference; None; 20.12.2023 16:22:05; 801.3901; -0.01293656; 173.7505; After ; 6.466884; null
39; Driver; Interference; None; 20.12.2023 16:22:05; 801.3799; -0.0129529; 173.7101; After ; 6.486397; null
39; Driver; Interference; None; 20.12.2023 16:22:05; 801.3596; -0.01295141; 173.6291; After ; 6.506308; null
39; Driver; Interference; None; 20.12.2023 16:22:05; 801.3492; -0.01293419; 173.5886; After ; 6.530456; null
39; Driver; Interference; None; 20.12.2023 16:22:05; 801.3284; -0.01292509; 173.5073; After ; 6.553891; null
39; Driver; Interference; None; 20.12.2023 16:22:05; 801.3074; -0.01291407; 173.4259; After ; 6.57377; null
39; Driver; Interference; None; 20.12.2023 16:22:05; 801.286; -0.01290308; 173.3444; After ; 6.57377; null
39; Driver; Interference; None; 20.12.2023 16:22:05; 801.2752; -0.01291236; 173.3036; After ; 6.613996; null
39; Driver; Interference; None; 20.12.2023 16:22:05; 801.2535; -0.01293669; 173.2218; After ; 6.633608; null
39; Driver; Interference; None; 20.12.2023 16:22:05; 801.2315; -0.01294916; 173.1398; After ; 6.652913; null
39; Driver; Interference; None; 20.12.2023 16:22:05; 801.2092; -0.01295193; 173.0577; After ; 6.672942; null
39; Driver; Interference; None; 20.12.2023 16:22:05; 801.1867; -0.01294763; 172.9756; After ; 6.672942; null
39; Driver; Interference; None; 20.12.2023 16:22:05; 801.164; -0.01293897; 172.8936; After ; 6.696479; null
39; Driver; Interference; None; 20.12.2023 16:22:05; 801.1412; -0.01292837; 172.8118; After ; 6.719866; null
39; Driver; Interference; None; 20.12.2023 16:22:05; 801.1181; -0.01291769; 172.7302; After ; 6.739889; null
39; Driver; Interference; None; 20.12.2023 16:22:05; 801.0949; -0.01290824; 172.6489; After ; 6.761791; null
39; Driver; Interference; None; 20.12.2023 16:22:05; 801.0833; -0.01291849; 172.6084; After ; 6.78107; null
39; Driver; Interference; None; 20.12.2023 16:22:05; 801.0598; -0.01294489; 172.5275; After ; 6.801015; null
39; Driver; Interference; None; 20.12.2023 16:22:05; 801.0363; -0.01295903; 172.4468; After ; 6.82002; null
39; Driver; Interference; None; 20.12.2023 16:22:05; 801.0126; -0.01296265; 172.3663; After ; 6.838231; null
39; Driver; Interference; None; 20.12.2023 16:22:05; 800.9888; -0.0129581; 172.2861; After ; 6.862589; null
39; Driver; Interference; None; 20.12.2023 16:22:05; 800.9767; -0.01296771; 172.2461; After ; 6.884376; null
39; Driver; Interference; None; 20.12.2023 16:22:05; 800.9526; -0.01295566; 172.1663; After ; 6.904175; null
39; Driver; Interference; None; 20.12.2023 16:22:05; 800.9285; -0.012974; 172.0867; After ; 6.923776; null
39; Driver; Interference; None; 20.12.2023 16:22:05; 800.9041; -0.01297797; 172.0073; After ; 6.943495; null
39; Driver; Interference; None; 20.12.2023 16:22:05; 800.8795; -0.0129709; 171.9282; After ; 6.964435; null
39; Driver; Interference; None; 20.12.2023 16:22:05; 800.8672; -0.01297838; 171.8888; After ; 6.985696; null
39; Driver; Interference; None; 20.12.2023 16:22:05; 800.8425; -0.01296153; 171.81; After ; 7.006352; null
39; Driver; Interference; None; 20.12.2023 16:22:05; 800.8176; -0.01294232; 171.7315; After ; 7.028827; null
39; Driver; Interference; None; 20.12.2023 16:22:05; 800.7927; -0.01292333; 171.6533; After ; 7.051416; null
39; Driver; Interference; None; 20.12.2023 16:22:05; 800.7676; -0.01290641; 171.5753; After ; 7.070819; null
39; Driver; Interference; None; 20.12.2023 16:22:05; 800.7549; -0.01293074; 171.5363; After ; 7.090095; null
39; Driver; Interference; None; 20.12.2023 16:22:05; 800.7296; -0.01294355; 171.4587; After ; 7.109006; null
39; Driver; Interference; None; 20.12.2023 16:22:05; 800.7042; -0.01294693; 171.3813; After ; 7.126795; null
39; Driver; Interference; None; 20.12.2023 16:22:05; 800.6786; -0.01297465; 171.3041; After ; 7.146022; null
39; Driver; Interference; None; 20.12.2023 16:22:05; 800.6528; -0.0129835; 171.2272; After ; 7.165012; null
39; Driver; Interference; None; 20.12.2023 16:22:05; 800.64; -0.01299586; 171.189; After ; 7.181932; null
39; Driver; Interference; None; 20.12.2023 16:22:05; 800.6149; -0.01301666; 171.1143; After ; 7.201235; null
39; Driver; Interference; None; 20.12.2023 16:22:05; 800.5901; -0.01301603; 171.041; After ; 7.219713; null
39; Driver; Interference; None; 20.12.2023 16:22:05; 800.5778; -0.01302237; 171.005; After ; 7.258763; null
39; Driver; Interference; None; 20.12.2023 16:22:05; 800.5535; -0.01303007; 170.9339; After ; 7.277716; null
39; Driver; Interference; None; 20.12.2023 16:22:05; 800.5296; -0.01301721; 170.8643; After ; 7.277716; null
39; Driver; Interference; None; 20.12.2023 16:22:05; 800.506; -0.01298997; 170.7962; After ; 7.296297; null
39; Driver; Interference; None; 20.12.2023 16:22:05; 800.4828; -0.01295421; 170.7295; After ; 7.31682; null
39; Driver; Interference; None; 20.12.2023 16:22:06; 800.46; -0.01291493; 170.6643; After ; 7.339049; null
39; Driver; Interference; None; 20.12.2023 16:22:06; 800.4487; -0.01290673; 170.6322; After ; 7.37868; null
39; Driver; Interference; None; 20.12.2023 16:22:06; 800.4264; -0.0128956; 170.569; After ; 7.37868; null
39; Driver; Interference; None; 20.12.2023 16:22:06; 800.4045; -0.01287674; 170.5073; After ; 7.397449; null
39; Driver; Interference; None; 20.12.2023 16:22:06; 800.383; -0.0128528; 170.447; After ; 7.416122; null
39; Driver; Interference; None; 20.12.2023 16:22:06; 800.3724; -0.0128504; 170.4174; After ; 7.457127; null
39; Driver; Interference; None; 20.12.2023 16:22:06; 800.3514; -0.01284809; 170.3592; After ; 7.476172; null
39; Driver; Interference; None; 20.12.2023 16:22:06; 800.3309; -0.01283547; 170.3024; After ; 7.476172; null
39; Driver; Interference; None; 20.12.2023 16:22:06; 800.3108; -0.01281544; 170.2471; After ; 7.495704; null
39; Driver; Interference; None; 20.12.2023 16:22:06; 800.3009; -0.01281338; 170.2199; After ; 7.53511; null
39; Driver; Interference; None; 20.12.2023 16:22:06; 800.2814; -0.01281032; 170.1666; After ; 7.553994; null
39; Driver; Interference; None; 20.12.2023 16:22:06; 800.2529; -0.01279602; 170.0893; After ; 7.57184; null
39; Driver; Interference; None; 20.12.2023 16:22:06; 800.2437; -0.01280567; 170.0642; After ; 7.591181; null
39; Driver; Interference; None; 20.12.2023 16:22:06; 800.2255; -0.01279661; 170.0151; After ; 7.609891; null
39; Driver; Interference; None; 20.12.2023 16:22:06; 800.2076; -0.01277736; 169.9673; After ; 7.628335; null
39; Driver; Interference; None; 20.12.2023 16:22:06; 800.1903; -0.01275163; 169.9209; After ; 7.647337; null
39; Driver; Interference; None; 20.12.2023 16:22:06; 800.1734; -0.01274236; 169.8759; After ; 7.667425; null
39; Driver; Interference; None; 20.12.2023 16:22:06; 800.1651; -0.01274222; 169.8539; After ; 7.685936; null
39; Driver; Interference; None; 20.12.2023 16:22:06; 800.1489; -0.01272082; 169.8109; After ; 7.704335; null
39; Driver; Interference; None; 20.12.2023 16:22:06; 800.1331; -0.01271352; 169.7692; After ; 7.723659; null
39; Driver; Interference; None; 20.12.2023 16:22:06; 800.1177; -0.01269699; 169.7289; After ; 7.742955; null
39; Driver; Interference; None; 20.12.2023 16:22:06; 800.1027; -0.01267444; 169.6898; After ; 7.762439; null
39; Driver; Interference; None; 20.12.2023 16:22:06; 800.0952; -0.01266871; 169.6702; After ; 7.78117; null
39; Driver; Interference; None; 20.12.2023 16:22:06; 800.0802; -0.01265796; 169.6313; After ; 7.801686; null
39; Driver; Interference; None; 20.12.2023 16:22:06; 800.0652; -0.01264024; 169.5925; After ; 7.820631; null
39; Driver; Interference; None; 20.12.2023 16:22:06; 800.0576; -0.0126367; 169.5731; After ; 7.857636; null
39; Driver; Interference; None; 20.12.2023 16:22:06; 800.0425; -0.01263005; 169.5344; After ; 7.876375; null
39; Driver; Interference; None; 20.12.2023 16:22:06; 800.0273; -0.01261622; 169.4959; After ; 7.876375; null
39; Driver; Interference; None; 20.12.2023 16:22:06; 800.0198; -0.01261458; 169.4766; After ; 7.913815; null
39; Driver; Interference; None; 20.12.2023 16:22:06; 800.0046; -0.01261183; 169.4382; After ; 7.932894; null
39; Driver; Interference; None; 20.12.2023 16:22:06; 799.9895; -0.01260212; 169.4; After ; 7.954366; null
39; Driver; Interference; None; 20.12.2023 16:22:06; 799.9744; -0.01258852; 169.3618; After ; 7.976798; null
39; Driver; Interference; None; 20.12.2023 16:22:06; 799.9592; -0.0125737; 169.3237; After ; 7.976798; null
39; Driver; Interference; None; 20.12.2023 16:22:06; 799.9517; -0.01257345; 169.3047; After ; 8.014941; null
39; Driver; Interference; None; 20.12.2023 16:22:06; 799.9365; -0.01257653; 169.2668; After ; 8.033467; null
39; Driver; Interference; None; 20.12.2023 16:22:06; 799.9214; -0.01257551; 169.229; After ; 8.053717; null
39; Driver; Interference; None; 20.12.2023 16:22:06; 799.8985; -0.01257611; 169.1725; After ; 8.073218; null
39; Driver; Interference; None; 20.12.2023 16:22:06; 799.8909; -0.01258903; 169.1537; After ; 8.091793; null
39; Driver; Interference; None; 20.12.2023 16:22:06; 799.8756; -0.01259555; 169.1162; After ; 8.109028; null
39; Driver; Interference; None; 20.12.2023 16:22:06; 799.8604; -0.01259584; 169.0788; After ; 8.126966; null
39; Driver; Interference; None; 20.12.2023 16:22:06; 799.8451; -0.01260724; 169.0413; After ; 8.14589; null
39; Driver; Interference; None; 20.12.2023 16:22:06; 799.8297; -0.01260879; 169.0038; After ; 8.164477; null
39; Driver; Interference; None; 20.12.2023 16:22:06; 799.822; -0.0126135; 168.985; After ; 8.183043; null
39; Driver; Interference; None; 20.12.2023 16:22:06; 799.8065; -0.01262072; 168.9474; After ; 8.201227; null
39; Driver; Interference; None; 20.12.2023 16:22:06; 799.7908; -0.01261754; 168.9096; After ; 8.219364; null
39; Driver; Interference; None; 20.12.2023 16:22:06; 799.783; -0.01261998; 168.8907; After ; 8.25661; null
39; Driver; Interference; None; 20.12.2023 16:22:06; 799.7672; -0.01262308; 168.8527; After ; 8.276083; null
39; Driver; Interference; None; 20.12.2023 16:22:06; 799.7513; -0.01261665; 168.8147; After ; 8.276083; null
39; Driver; Interference; None; 20.12.2023 16:22:06; 799.7433; -0.01261793; 168.7956; After ; 8.314284; null
39; Driver; Interference; None; 20.12.2023 16:22:06; 799.7274; -0.01261964; 168.7574; After ; 8.333789; null
39; Driver; Interference; None; 20.12.2023 16:22:07; 799.7031; -0.0126143; 168.6999; After ; 8.352108; null
39; Driver; Interference; None; 20.12.2023 16:22:07; 799.6869; -0.01261697; 168.6614; After ; 8.37087; null
39; Driver; Interference; None; 20.12.2023 16:22:07; 799.6787; -0.01262215; 168.6421; After ; 8.388302; null
39; Driver; Interference; None; 20.12.2023 16:22:07; 799.6623; -0.01261384; 168.6034; After ; 8.407067; null
39; Driver; Interference; None; 20.12.2023 16:22:07; 799.6458; -0.01260189; 168.5646; After ; 8.426229; null
39; Driver; Interference; None; 20.12.2023 16:22:07; 799.6292; -0.01260518; 168.5257; After ; 8.445307; null
39; Driver; Interference; None; 20.12.2023 16:22:07; 799.6125; -0.01260209; 168.4867; After ; 8.464486; null
39; Driver; Interference; None; 20.12.2023 16:22:07; 799.6041; -0.01260605; 168.4672; After ; 8.481615; null
39; Driver; Interference; None; 20.12.2023 16:22:07; 799.5872; -0.01261409; 168.4281; After ; 8.501812; null
39; Driver; Interference; None; 20.12.2023 16:22:07; 799.5703; -0.01261378; 168.3888; After ; 8.521298; null
39; Driver; Interference; None; 20.12.2023 16:22:07; 799.5532; -0.01260764; 168.3494; After ; 8.541173; null
39; Driver; Interference; None; 20.12.2023 16:22:07; 799.5446; -0.01261042; 168.3297; After ; 8.578596; null
39; Driver; Interference; None; 20.12.2023 16:22:07; 799.5274; -0.01261667; 168.2901; After ; 8.578596; null
39; Driver; Interference; None; 20.12.2023 16:22:07; 799.5101; -0.01261521; 168.2505; After ; 8.597787; null
39; Driver; Interference; None; 20.12.2023 16:22:07; 799.5013; -0.01261968; 168.2306; After ; 8.635341; null
39; Driver; Interference; None; 20.12.2023 16:22:07; 799.4839; -0.012628; 168.1908; After ; 8.65414; null
39; Driver; Interference; None; 20.12.2023 16:22:07; 799.4575; -0.01263142; 168.1308; After ; 8.672638; null
39; Driver; Interference; None; 20.12.2023 16:22:07; 799.4486; -0.01264398; 168.1108; After ; 8.691505; null
39; Driver; Interference; None; 20.12.2023 16:22:07; 799.4308; -0.01264608; 168.0706; After ; 8.709111; null
39; Driver; Interference; None; 20.12.2023 16:22:07; 799.4128; -0.01263983; 168.0303; After ; 8.727045; null
39; Driver; Interference; None; 20.12.2023 16:22:07; 799.3948; -0.01264553; 167.9899; After ; 8.745558; null
39; Driver; Interference; None; 20.12.2023 16:22:07; 799.3766; -0.01264137; 167.9493; After ; 8.76461; null
39; Driver; Interference; None; 20.12.2023 16:22:07; 799.3674; -0.0126442; 167.929; After ; 8.782672; null
39; Driver; Interference; None; 20.12.2023 16:22:07; 799.3491; -0.01263156; 167.8883; After ; 8.802833; null
39; Driver; Interference; None; 20.12.2023 16:22:07; 799.3306; -0.01263426; 167.8475; After ; 8.823035; null
39; Driver; Interference; None; 20.12.2023 16:22:07; 799.3214; -0.01264033; 167.827; After ; 8.859926; null
39; Driver; Interference; None; 20.12.2023 16:22:07; 799.3027; -0.01265058; 167.786; After ; 8.877916; null
39; Driver; Interference; None; 20.12.2023 16:22:07; 799.284; -0.01264986; 167.7449; After ; 8.877916; null
39; Driver; Interference; None; 20.12.2023 16:22:07; 799.2746; -0.01265408; 167.7243; After ; 8.91435; null
39; Driver; Interference; None; 20.12.2023 16:22:07; 799.2462; -0.01266741; 167.6623; After ; 8.932777; null
39; Driver; Interference; None; 20.12.2023 16:22:07; 799.2271; -0.01265932; 167.6208; After ; 8.950132; null
39; Driver; Interference; None; 20.12.2023 16:22:07; 799.2078; -0.01266354; 167.5793; After ; 8.967803; null
39; Driver; Interference; None; 20.12.2023 16:22:07; 799.1982; -0.01266943; 167.5584; After ; 8.98677; null
39; Driver; Interference; None; 20.12.2023 16:22:07; 799.1788; -0.01265998; 167.5167; After ; 9.004937; null
39; Driver; Interference; None; 20.12.2023 16:22:07; 799.1594; -0.01266366; 167.4748; After ; 9.023097; null
39; Driver; Interference; None; 20.12.2023 16:22:07; 799.1496; -0.01266953; 167.4539; After ; 9.059943; null
39; Driver; Interference; None; 20.12.2023 16:22:07; 799.1299; -0.01267815; 167.4118; After ; 9.078312; null
39; Driver; Interference; None; 20.12.2023 16:22:07; 799.1102; -0.0126744; 167.3697; After ; 9.078312; null
39; Driver; Interference; None; 20.12.2023 16:22:07; 799.0903; -0.01266232; 167.3275; After ; 9.097134; null
39; Driver; Interference; None; 20.12.2023 16:22:07; 799.0803; -0.01266227; 167.3063; After ; 9.136339; null
39; Driver; Interference; None; 20.12.2023 16:22:07; 799.0602; -0.01266278; 167.2639; After ; 9.153943; null
39; Driver; Interference; None; 20.12.2023 16:22:07; 799.03; -0.01265765; 167.2001; After ; 9.172569; null
39; Driver; Interference; None; 20.12.2023 16:22:07; 799.0198; -0.01266934; 167.1788; After ; 9.190866; null
39; Driver; Interference; None; 20.12.2023 16:22:07; 798.9995; -0.01266942; 167.1361; After ; 9.208499; null
39; Driver; Interference; None; 20.12.2023 16:22:07; 798.979; -0.01266223; 167.0932; After ; 9.226187; null
39; Driver; Interference; None; 20.12.2023 16:22:07; 798.9584; -0.01266914; 167.0503; After ; 9.245304; null
39; Driver; Interference; None; 20.12.2023 16:22:07; 798.9377; -0.01266628; 167.0072; After ; 9.263662; null
39; Driver; Interference; None; 20.12.2023 16:22:07; 798.9274; -0.01267026; 166.9857; After ; 9.282466; null
39; Driver; Interference; None; 20.12.2023 16:22:07; 798.9065; -0.0126772; 166.9425; After ; 9.301144; null
39; Driver; Interference; None; 20.12.2023 16:22:07; 798.8961; -0.0126847; 166.9208; After ; 9.33767; null
39; Driver; Interference; None; 20.12.2023 16:22:08; 798.8751; -0.01269605; 166.8774; After ; 9.355549; null
39; Driver; Interference; None; 20.12.2023 16:22:08; 798.854; -0.01269389; 166.8339; After ; 9.373883; null
39; Driver; Interference; None; 20.12.2023 16:22:08; 798.8329; -0.01268236; 166.7903; After ; 9.373883; null
39; Driver; Interference; None; 20.12.2023 16:22:08; 798.8116; -0.01269245; 166.7466; After ; 9.411934; null
39; Driver; Interference; None; 20.12.2023 16:22:08; 798.7903; -0.01268839; 166.7027; After ; 9.431133; null
39; Driver; Interference; None; 20.12.2023 16:22:08; 798.7689; -0.01267739; 166.6588; After ; 9.447414; null
39; Driver; Interference; None; 20.12.2023 16:22:08; 798.7474; -0.01268173; 166.6147; After ; 9.467388; null
39; Driver; Interference; None; 20.12.2023 16:22:08; 798.7367; -0.01268854; 166.5927; After ; 9.485871; null
39; Driver; Interference; None; 20.12.2023 16:22:08; 798.7151; -0.01269935; 166.5484; After ; 9.503903; null
39; Driver; Interference; None; 20.12.2023 16:22:08; 798.6935; -0.01269737; 166.5041; After ; 9.522154; null
39; Driver; Interference; None; 20.12.2023 16:22:08; 798.6718; -0.01268652; 166.4596; After ; 9.540819; null
39; Driver; Interference; None; 20.12.2023 16:22:08; 798.65; -0.01267058; 166.415; After ; 9.558681; null
39; Driver; Interference; None; 20.12.2023 16:22:08; 798.6391; -0.01267018; 166.3927; After ; 9.579597; null
39; Driver; Interference; None; 20.12.2023 16:22:08; 798.6172; -0.0126719; 166.3479; After ; 9.602408; null
39; Driver; Interference; None; 20.12.2023 16:22:08; 798.5954; -0.01266695; 166.303; After ; 9.622757; null
39; Driver; Interference; None; 20.12.2023 16:22:08; 798.5735; -0.01265783; 166.258; After ; 9.642088; null
39; Driver; Interference; None; 20.12.2023 16:22:08; 798.5626; -0.01266094; 166.2354; After ; 9.680404; null
39; Driver; Interference; None; 20.12.2023 16:22:08; 798.5406; -0.01266921; 166.1902; After ; 9.680404; null
39; Driver; Interference; None; 20.12.2023 16:22:08; 798.5186; -0.01266966; 166.1449; After ; 9.69863; null
39; Driver; Interference; None; 20.12.2023 16:22:08; 798.5076; -0.01267619; 166.1222; After ; 9.735575; null
39; Driver; Interference; None; 20.12.2023 16:22:08; 798.4857; -0.01268875; 166.0767; After ; 9.754935; null
39; Driver; Interference; None; 20.12.2023 16:22:08; 798.4636; -0.01269038; 166.031; After ; 9.773526; null
39; Driver; Interference; None; 20.12.2023 16:22:08; 798.4415; -0.01268409; 165.9852; After ; 9.773526; null
39; Driver; Interference; None; 20.12.2023 16:22:08; 798.4194; -0.01270118; 165.9393; After ; 9.812131; null
39; Driver; Interference; None; 20.12.2023 16:22:08; 798.3973; -0.01270317; 165.8933; After ; 9.831568; null
39; Driver; Interference; None; 20.12.2023 16:22:08; 798.3752; -0.01269705; 165.8471; After ; 9.848953; null
39; Driver; Interference; None; 20.12.2023 16:22:08; 798.3531; -0.01270573; 165.8008; After ; 9.867804; null
39; Driver; Interference; None; 20.12.2023 16:22:08; 798.3421; -0.01271442; 165.7776; After ; 9.886679; null
39; Driver; Interference; None; 20.12.2023 16:22:08; 798.3199; -0.01270788; 165.7312; After ; 9.905128; null
39; Driver; Interference; None; 20.12.2023 16:22:08; 798.2977; -0.01271545; 165.6846; After ; 9.923305; null
39; Driver; Interference; None; 20.12.2023 16:22:08; 798.2755; -0.01271152; 165.6379; After ; 9.941937; null
39; Driver; Interference; None; 20.12.2023 16:22:08; 798.2644; -0.01271517; 165.6145; After ; 9.980354; null
39; Driver; Interference; None; 20.12.2023 16:22:08; 798.2422; -0.01272106; 165.5677; After ; 9.980354; null
39; Driver; Interference; None; 20.12.2023 16:22:08; 798.22; -0.01271554; 165.5207; After ; 9.998827; null
39; Driver; Interference; None; 20.12.2023 16:22:08; 798.2089; -0.01271854; 165.4972; After ; 10.03609; null
39; Driver; Interference; None; 20.12.2023 16:22:08; 798.1866; -0.01272334; 165.45; After ; 10.05498; null
39; Driver; Interference; None; 20.12.2023 16:22:08; 798.1644; -0.01271704; 165.4028; After ; 10.07291; null
39; Driver; Interference; None; 20.12.2023 16:22:08; 798.1422; -0.01273248; 165.3554; After ; 10.09188; null
39; Driver; Interference; None; 20.12.2023 16:22:08; 798.12; -0.01273109; 165.308; After ; 10.11165; null
39; Driver; Interference; None; 20.12.2023 16:22:08; 798.0978; -0.0127207; 165.2605; After ; 10.12847; null
39; Driver; Interference; None; 20.12.2023 16:22:08; 798.0756; -0.01272541; 165.2129; After ; 10.14742; null
39; Driver; Interference; None; 20.12.2023 16:22:08; 798.0533; -0.01271922; 165.1652; After ; 10.16606; null
39; Driver; Interference; None; 20.12.2023 16:22:08; 798.0422; -0.01272214; 165.1413; After ; 10.18383; null
39; Driver; Interference; None; 20.12.2023 16:22:08; 798.02; -0.0127271; 165.0935; After ; 10.20154; null
39; Driver; Interference; None; 20.12.2023 16:22:08; 797.9978; -0.01272109; 165.0456; After ; 10.22009; null
39; Driver; Interference; None; 20.12.2023 16:22:08; 797.9867; -0.01272409; 165.0216; After ; 10.25675; null
39; Driver; Interference; None; 20.12.2023 16:22:08; 797.9645; -0.01272921; 164.9735; After ; 10.27486; null
39; Driver; Interference; None; 20.12.2023 16:22:08; 797.9423; -0.01272324; 164.9254; After ; 10.27486; null
39; Driver; Interference; None; 20.12.2023 16:22:08; 797.9312; -0.01272627; 164.9013; After ; 10.31264; null
39; Driver; Interference; None; 20.12.2023 16:22:09; 797.8978; -0.01273852; 164.8289; After ; 10.33195; null
39; Driver; Interference; None; 20.12.2023 16:22:09; 797.8756; -0.01272836; 164.7805; After ; 10.35095; null
39; Driver; Interference; None; 20.12.2023 16:22:09; 797.8534; -0.01273345; 164.7321; After ; 10.36881; null
39; Driver; Interference; None; 20.12.2023 16:22:09; 797.8423; -0.01274057; 164.7078; After ; 10.38732; null
39; Driver; Interference; None; 20.12.2023 16:22:09; 797.8199; -0.01273031; 164.6593; After ; 10.40611; null
39; Driver; Interference; None; 20.12.2023 16:22:09; 797.7976; -0.01271462; 164.6106; After ; 10.42586; null
39; Driver; Interference; None; 20.12.2023 16:22:09; 797.7753; -0.01271758; 164.5619; After ; 10.44518; null
39; Driver; Interference; None; 20.12.2023 16:22:09; 797.7529; -0.01271194; 164.5131; After ; 10.46479; null
39; Driver; Interference; None; 20.12.2023 16:22:09; 797.7416; -0.01271597; 164.4886; After ; 10.48319; null
39; Driver; Interference; None; 20.12.2023 16:22:09; 797.7192; -0.01272404; 164.4397; After ; 10.50197; null
39; Driver; Interference; None; 20.12.2023 16:22:09; 797.6967; -0.01272152; 164.3907; After ; 10.52038; null
39; Driver; Interference; None; 20.12.2023 16:22:09; 797.6854; -0.01272647; 164.3662; After ; 10.55732; null
39; Driver; Interference; None; 20.12.2023 16:22:09; 797.6628; -0.01273525; 164.317; After ; 10.57596; null
39; Driver; Interference; None; 20.12.2023 16:22:09; 797.6401; -0.01273219; 164.2677; After ; 10.57596; null
39; Driver; Interference; None; 20.12.2023 16:22:09; 797.6287; -0.0127366; 164.243; After ; 10.61342; null
39; Driver; Interference; None; 20.12.2023 16:22:09; 797.5945; -0.01275197; 164.1686; After ; 10.63251; null
39; Driver; Interference; None; 20.12.2023 16:22:09; 797.5717; -0.01274261; 164.119; After ; 10.65113; null
39; Driver; Interference; None; 20.12.2023 16:22:09; 797.549; -0.0127484; 164.0693; After ; 10.66856; null
39; Driver; Interference; None; 20.12.2023 16:22:09; 797.5376; -0.01275583; 164.0445; After ; 10.68811; null
39; Driver; Interference; None; 20.12.2023 16:22:09; 797.515; -0.01274541; 163.995; After ; 10.70563; null
39; Driver; Interference; None; 20.12.2023 16:22:09; 797.4924; -0.01275041; 163.9455; After ; 10.72445; null
39; Driver; Interference; None; 20.12.2023 16:22:09; 797.47; -0.0127438; 163.8961; After ; 10.7424; null
39; Driver; Interference; None; 20.12.2023 16:22:09; 797.4589; -0.01274656; 163.8715; After ; 10.77922; null
39; Driver; Interference; None; 20.12.2023 16:22:09; 797.4366; -0.01275099; 163.8223; After ; 10.77922; null
39; Driver; Interference; None; 20.12.2023 16:22:09; 797.4146; -0.01274385; 163.7731; After ; 10.79797; null
39; Driver; Interference; None; 20.12.2023 16:22:09; 797.4035; -0.01274627; 163.7486; After ; 10.83586; null
39; Driver; Interference; None; 20.12.2023 16:22:09; 797.3815; -0.01274998; 163.6996; After ; 10.8543; null
39; Driver; Interference; None; 20.12.2023 16:22:09; 797.3597; -0.01274214; 163.6507; After ; 10.87243; null
39; Driver; Interference; None; 20.12.2023 16:22:09; 797.3379; -0.01275639; 163.6018; After ; 10.89214; null
39; Driver; Interference; None; 20.12.2023 16:22:09; 797.3162; -0.01275313; 163.5531; After ; 10.9114; null
39; Driver; Interference; None; 20.12.2023 16:22:09; 797.2947; -0.01274045; 163.5044; After ; 10.92914; null
39; Driver; Interference; None; 20.12.2023 16:22:09; 797.2732; -0.01274294; 163.4558; After ; 10.94753; null
39; Driver; Interference; None; 20.12.2023 16:22:09; 797.2518; -0.01273422; 163.4074; After ; 10.96697; null
39; Driver; Interference; None; 20.12.2023 16:22:09; 797.2412; -0.01273587; 163.3832; After ; 10.98566; null
39; Driver; Interference; None; 20.12.2023 16:22:09; 797.2203; -0.01271789; 163.3356; After ; 11.00512; null
39; Driver; Interference; None; 20.12.2023 16:22:09; 797.2101; -0.01269949; 163.3123; After ; 11.03069; null
39; Driver; Interference; None; 20.12.2023 16:22:09; 797.1901; -0.01268033; 163.2667; After ; 11.05267; null
39; Driver; Interference; None; 20.12.2023 16:22:09; 797.1708; -0.01266287; 163.2223; After ; 11.07225; null
39; Driver; Interference; None; 20.12.2023 16:22:09; 797.152; -0.01264809; 163.1793; After ; 11.07225; null
39; Driver; Interference; None; 20.12.2023 16:22:09; 797.1339; -0.01266168; 163.1375; After ; 11.11268; null
39; Driver; Interference; None; 20.12.2023 16:22:09; 797.1164; -0.01266602; 163.097; After ; 11.13159; null
39; Driver; Interference; None; 20.12.2023 16:22:09; 797.0995; -0.01266467; 163.0577; After ; 11.14857; null
39; Driver; Interference; None; 20.12.2023 16:22:09; 797.0832; -0.01265805; 163.0198; After ; 11.16832; null
39; Driver; Interference; None; 20.12.2023 16:22:09; 797.0753; -0.01264618; 163.0013; After ; 11.16832; null
39; Driver; Interference; None; 20.12.2023 16:22:09; 797.0675; -0.01264697; 162.9831; After ; 11.21239; null
39; Driver; Interference; None; 20.12.2023 16:22:09; 797.045; -0.01265157; 162.9304; After ; 11.23263; null
39; Driver; Interference; None; 20.12.2023 16:22:09; 797.0308; -0.01263941; 162.8969; After ; 11.2508; null
39; Driver; Interference; None; 20.12.2023 16:22:09; 797.0171; -0.01263558; 162.8647; After ; 11.26839; null
39; Driver; Interference; None; 20.12.2023 16:22:09; 797.0105; -0.01263549; 162.849; After ; 11.28691; null
39; Driver; Interference; None; 20.12.2023 16:22:09; 796.9977; -0.01261751; 162.8186; After ; 11.30486; null
39; Driver; Interference; None; 20.12.2023 16:22:09; 796.9855; -0.01260701; 162.7896; After ; 11.32369; null
39; Driver; Interference; None; 20.12.2023 16:22:10; 796.9738; -0.01258818; 162.7617; After ; 11.34285; null
39; Driver; Interference; None; 20.12.2023 16:22:10; 796.9682; -0.01258159; 162.7483; After ; 11.37988; null
39; Driver; Interference; None; 20.12.2023 16:22:10; 796.9575; -0.01256762; 162.7223; After ; 11.37988; null
39; Driver; Interference; None; 20.12.2023 16:22:10; 796.9473; -0.01254758; 162.6976; After ; 11.39929; null
39; Driver; Interference; None; 20.12.2023 16:22:10; 796.9376; -0.01252424; 162.6741; After ; 11.41747; null
39; Driver; Interference; None; 20.12.2023 16:22:10; 796.933; -0.01251619; 162.6629; After ; 11.45648; null
39; Driver; Interference; None; 20.12.2023 16:22:10; 796.9243; -0.01250168; 162.6413; After ; 11.47557; null
39; Driver; Interference; None; 20.12.2023 16:22:10; 796.9159; -0.01248426; 162.6204; After ; 11.47557; null
39; Driver; Interference; None; 20.12.2023 16:22:10; 796.9117; -0.01247863; 162.61; After ; 11.51447; null
39; Driver; Interference; None; 20.12.2023 16:22:10; 796.9036; -0.01246798; 162.5892; After ; 11.53401; null
39; Driver; Interference; None; 20.12.2023 16:22:10; 796.8954; -0.01245391; 162.5683; After ; 11.55293; null
39; Driver; Interference; None; 20.12.2023 16:22:10; 796.8874; -0.01243802; 162.5476; After ; 11.57274; null
39; Driver; Interference; None; 20.12.2023 16:22:10; 796.8795; -0.01242191; 162.5268; After ; 11.57274; null
39; Driver; Interference; None; 20.12.2023 16:22:10; 796.8715; -0.0124193; 162.5061; After ; 11.61204; null
39; Driver; Interference; None; 20.12.2023 16:22:10; 796.8676; -0.01241271; 162.4957; After ; 11.63109; null
39; Driver; Interference; None; 20.12.2023 16:22:10; 796.8598; -0.01240633; 162.475; After ; 11.65236; null
39; Driver; Interference; None; 20.12.2023 16:22:10; 796.8521; -0.0123999; 162.4544; After ; 11.67552; null
39; Driver; Interference; None; 20.12.2023 16:22:10; 796.8444; -0.01239427; 162.4338; After ; 11.67552; null
39; Driver; Interference; None; 20.12.2023 16:22:10; 796.8406; -0.01239564; 162.4235; After ; 11.71341; null
39; Driver; Interference; None; 20.12.2023 16:22:10; 796.8292; -0.01240617; 162.3926; After ; 11.73251; null
39; Driver; Interference; None; 20.12.2023 16:22:10; 796.8217; -0.01240832; 162.3721; After ; 11.7508; null
39; Driver; Interference; None; 20.12.2023 16:22:10; 796.8142; -0.01241754; 162.3517; After ; 11.7684; null
39; Driver; Interference; None; 20.12.2023 16:22:10; 796.8105; -0.01242401; 162.3414; After ; 11.78714; null
39; Driver; Interference; None; 20.12.2023 16:22:10; 796.803; -0.01242644; 162.321; After ; 11.80577; null
39; Driver; Interference; None; 20.12.2023 16:22:10; 796.7957; -0.01243394; 162.3007; After ; 11.82398; null
39; Driver; Interference; None; 20.12.2023 16:22:10; 796.7883; -0.01243542; 162.2803; After ; 11.84217; null
39; Driver; Interference; None; 20.12.2023 16:22:10; 796.7847; -0.01243801; 162.2702; After ; 11.87993; null
39; Driver; Interference; None; 20.12.2023 16:22:10; 796.7773; -0.01244163; 162.2499; After ; 11.87993; null
39; Driver; Interference; None; 20.12.2023 16:22:10; 796.77; -0.01243929; 162.2297; After ; 11.89863; null
39; Driver; Interference; None; 20.12.2023 16:22:10; 796.7664; -0.01244009; 162.2196; After ; 11.93548; null
39; Driver; Interference; None; 20.12.2023 16:22:10; 796.7592; -0.01244059; 162.1994; After ; 11.95397; null
39; Driver; Interference; None; 20.12.2023 16:22:10; 796.7484; -0.01243578; 162.1693; After ; 11.97227; null
39; Driver; Interference; None; 20.12.2023 16:22:10; 796.7448; -0.01243969; 162.1592; After ; 11.99001; null
39; Driver; Interference; None; 20.12.2023 16:22:10; 796.7377; -0.01243652; 162.1392; After ; 12.00698; null
39; Driver; Interference; None; 20.12.2023 16:22:10; 796.7306; -0.01243807; 162.1192; After ; 12.02399; null
39; Driver; Interference; None; 20.12.2023 16:22:10; 796.7235; -0.01243409; 162.0992; After ; 12.04263; null
39; Driver; Interference; None; 20.12.2023 16:22:10; 796.72; -0.01243423; 162.0892; After ; 12.07913; null
39; Driver; Interference; None; 20.12.2023 16:22:10; 796.7129; -0.01243381; 162.0694; After ; 12.07913; null
39; Driver; Interference; None; 20.12.2023 16:22:10; 796.7059; -0.0124288; 162.0495; After ; 12.09739; null
39; Driver; Interference; None; 20.12.2023 16:22:10; 796.7024; -0.01242871; 162.0396; After ; 12.13473; null
39; Driver; Interference; None; 20.12.2023 16:22:10; 796.692; -0.01243004; 162.0099; After ; 12.15288; null
39; Driver; Interference; None; 20.12.2023 16:22:10; 796.685; -0.01243229; 161.9902; After ; 12.17026; null
39; Driver; Interference; None; 20.12.2023 16:22:10; 796.6815; -0.01243485; 161.9803; After ; 12.18798; null
39; Driver; Interference; None; 20.12.2023 16:22:10; 796.6746; -0.01242981; 161.9606; After ; 12.20693; null
39; Driver; Interference; None; 20.12.2023 16:22:10; 796.6678; -0.01243023; 161.941; After ; 12.22547; null
39; Driver; Interference; None; 20.12.2023 16:22:10; 796.6609; -0.01242599; 161.9214; After ; 12.24417; null
39; Driver; Interference; None; 20.12.2023 16:22:10; 796.6575; -0.01242618; 161.9116; After ; 12.28042; null
39; Driver; Interference; None; 20.12.2023 16:22:10; 796.6508; -0.01242622; 161.8921; After ; 12.28042; null
39; Driver; Interference; None; 20.12.2023 16:22:10; 796.644; -0.01242205; 161.8726; After ; 12.29894; null
39; Driver; Interference; None; 20.12.2023 16:22:10; 796.6407; -0.01242239; 161.8629; After ; 12.33571; null
39; Driver; Interference; None; 20.12.2023 16:22:11; 796.6306; -0.01242497; 161.8337; After ; 12.35362; null
39; Driver; Interference; None; 20.12.2023 16:22:11; 796.624; -0.0124279; 161.8143; After ; 12.37126; null
39; Driver; Interference; None; 20.12.2023 16:22:11; 796.6207; -0.01243072; 161.8047; After ; 12.38873; null
39; Driver; Interference; None; 20.12.2023 16:22:11; 796.6141; -0.01242623; 161.7854; After ; 12.40593; null
39; Driver; Interference; None; 20.12.2023 16:22:11; 796.6075; -0.01242687; 161.7661; After ; 12.4252; null
39; Driver; Interference; None; 20.12.2023 16:22:11; 796.601; -0.01242279; 161.7468; After ; 12.44337; null
39; Driver; Interference; None; 20.12.2023 16:22:11; 796.5977; -0.01242296; 161.7372; After ; 12.48035; null
39; Driver; Interference; None; 20.12.2023 16:22:11; 796.5912; -0.0124229; 161.718; After ; 12.48035; null
39; Driver; Interference; None; 20.12.2023 16:22:11; 796.5848; -0.01241864; 161.6989; After ; 12.49895; null
39; Driver; Interference; None; 20.12.2023 16:22:11; 796.5815; -0.01241886; 161.6893; After ; 12.53542; null
39; Driver; Interference; None; 20.12.2023 16:22:11; 796.5719; -0.01242104; 161.6607; After ; 12.5535; null
39; Driver; Interference; None; 20.12.2023 16:22:11; 796.5656; -0.01242371; 161.6417; After ; 12.57115; null
39; Driver; Interference; None; 20.12.2023 16:22:11; 796.5624; -0.01242639; 161.6322; After ; 12.588; null
39; Driver; Interference; None; 20.12.2023 16:22:11; 796.556; -0.01242188; 161.6132; After ; 12.60652; null
39; Driver; Interference; None; 20.12.2023 16:22:11; 796.5497; -0.01242245; 161.5943; After ; 12.62479; null
39; Driver; Interference; None; 20.12.2023 16:22:11; 796.5435; -0.01241845; 161.5754; After ; 12.64446; null
39; Driver; Interference; None; 20.12.2023 16:22:11; 796.5404; -0.01241862; 161.5659; After ; 12.68105; null
39; Driver; Interference; None; 20.12.2023 16:22:11; 796.5342; -0.01241856; 161.5471; After ; 12.68105; null
39; Driver; Interference; None; 20.12.2023 16:22:11; 796.528; -0.01241442; 161.5283; After ; 12.70022; null
39; Driver; Interference; None; 20.12.2023 16:22:11; 796.525; -0.01241466; 161.5189; After ; 12.73648; null
39; Driver; Interference; None; 20.12.2023 16:22:11; 796.5189; -0.01241496; 161.5001; After ; 12.75564; null
39; Driver; Interference; None; 20.12.2023 16:22:11; 796.5128; -0.01241138; 161.4814; After ; 12.77519; null
39; Driver; Interference; None; 20.12.2023 16:22:11; 796.5067; -0.01240537; 161.4627; After ; 12.77519; null
39; Driver; Interference; None; 20.12.2023 16:22:11; 796.5007; -0.01240907; 161.4441; After ; 12.81311; null
39; Driver; Interference; None; 20.12.2023 16:22:11; 796.4948; -0.01240775; 161.4255; After ; 12.83163; null
39; Driver; Interference; None; 20.12.2023 16:22:11; 796.4888; -0.0124116; 161.4069; After ; 12.8484; null
39; Driver; Interference; None; 20.12.2023 16:22:11; 796.483; -0.01241075; 161.3884; After ; 12.86657; null
39; Driver; Interference; None; 20.12.2023 16:22:11; 796.48; -0.01241227; 161.3791; After ; 12.8846; null
39; Driver; Interference; None; 20.12.2023 16:22:11; 796.4742; -0.01241449; 161.3606; After ; 12.90302; null
39; Driver; Interference; None; 20.12.2023 16:22:11; 796.4683; -0.01241203; 161.3422; After ; 12.92072; null
39; Driver; Interference; None; 20.12.2023 16:22:11; 796.4655; -0.0124128; 161.333; After ; 12.95688; null
39; Driver; Interference; None; 20.12.2023 16:22:11; 796.4597; -0.0124137; 161.3146; After ; 12.97666; null
39; Driver; Interference; None; 20.12.2023 16:22:11; 796.454; -0.01241028; 161.2962; After ; 12.97666; null
39; Driver; Interference; None; 20.12.2023 16:22:11; 796.4482; -0.01241474; 161.2778; After ; 13.01274; null
39; Driver; Interference; None; 20.12.2023 16:22:11; 796.4424; -0.0124129; 161.2592; After ; 13.03115; null
39; Driver; Interference; None; 20.12.2023 16:22:11; 796.4365; -0.0124152; 161.2401; After ; 13.04801; null
39; Driver; Interference; None; 20.12.2023 16:22:11; 796.4305; -0.01241232; 161.2206; After ; 13.06653; null
39; Driver; Interference; None; 20.12.2023 16:22:11; 796.4274; -0.012413; 161.2107; After ; 13.08372; null
39; Driver; Interference; None; 20.12.2023 16:22:11; 796.4213; -0.01241378; 161.1906; After ; 13.10202; null
39; Driver; Interference; None; 20.12.2023 16:22:11; 796.4149; -0.01241023; 161.1699; After ; 13.12069; null
39; Driver; Interference; None; 20.12.2023 16:22:11; 796.4117; -0.01241114; 161.1594; After ; 13.15899; null
39; Driver; Interference; None; 20.12.2023 16:22:11; 796.4052; -0.01241303; 161.1379; After ; 13.17762; null
39; Driver; Interference; None; 20.12.2023 16:22:11; 796.3984; -0.01241117; 161.1157; After ; 13.17762; null
39; Driver; Interference; None; 20.12.2023 16:22:11; 796.395; -0.01241336; 161.1043; After ; 13.21449; null
39; Driver; Interference; None; 20.12.2023 16:22:11; 796.3843; -0.01242318; 161.0692; After ; 13.23316; null
39; Driver; Interference; None; 20.12.2023 16:22:11; 796.377; -0.01242286; 161.0449; After ; 13.2517; null
39; Driver; Interference; None; 20.12.2023 16:22:11; 796.3695; -0.01243076; 161.0197; After ; 13.26896; null
39; Driver; Interference; None; 20.12.2023 16:22:11; 796.3657; -0.01243745; 161.0069; After ; 13.28848; null
39; Driver; Interference; None; 20.12.2023 16:22:11; 796.3578; -0.0124393; 160.9805; After ; 13.30638; null
39; Driver; Interference; None; 20.12.2023 16:22:11; 796.3498; -0.01244952; 160.9534; After ; 13.32474; null
39; Driver; Interference; None; 20.12.2023 16:22:12; 796.3416; -0.01245431; 160.9254; After ; 13.34401; null
39; Driver; Interference; None; 20.12.2023 16:22:12; 796.3331; -0.01245541; 160.8965; After ; 13.36357; null
39; Driver; Interference; None; 20.12.2023 16:22:12; 796.3288; -0.01246031; 160.8818; After ; 13.38217; null
39; Driver; Interference; None; 20.12.2023 16:22:12; 796.3201; -0.01247078; 160.8516; After ; 13.40206; null
39; Driver; Interference; None; 20.12.2023 16:22:12; 796.3111; -0.0124761; 160.8204; After ; 13.42136; null
39; Driver; Interference; None; 20.12.2023 16:22:12; 796.3019; -0.01247787; 160.7884; After ; 13.43995; null
39; Driver; Interference; None; 20.12.2023 16:22:12; 796.2972; -0.01248371; 160.7719; After ; 13.47858; null
39; Driver; Interference; None; 20.12.2023 16:22:12; 796.2878; -0.01249627; 160.7384; After ; 13.47858; null
39; Driver; Interference; None; 20.12.2023 16:22:12; 796.2781; -0.01250305; 160.7038; After ; 13.49748; null
39; Driver; Interference; None; 20.12.2023 16:22:12; 796.2731; -0.01251101; 160.6861; After ; 13.53501; null
39; Driver; Interference; None; 20.12.2023 16:22:12; 796.2579; -0.01253764; 160.6314; After ; 13.55373; null
39; Driver; Interference; None; 20.12.2023 16:22:12; 796.2475; -0.01254243; 160.5936; After ; 13.57158; null
39; Driver; Interference; None; 20.12.2023 16:22:12; 796.2422; -0.01255817; 160.5743; After ; 13.58989; null
39; Driver; Interference; None; 20.12.2023 16:22:12; 796.2315; -0.01256893; 160.5349; After ; 13.60854; null
39; Driver; Interference; None; 20.12.2023 16:22:12; 796.2206; -0.01258776; 160.4943; After ; 13.62582; null
39; Driver; Interference; None; 20.12.2023 16:22:12; 796.2094; -0.0125948; 160.4526; After ; 13.64501; null
39; Driver; Interference; None; 20.12.2023 16:22:12; 796.2037; -0.01260244; 160.4313; After ; 13.68009; null
39; Driver; Interference; None; 20.12.2023 16:22:12; 796.1922; -0.01261536; 160.3878; After ; 13.68009; null
39; Driver; Interference; None; 20.12.2023 16:22:12; 796.1804; -0.01261761; 160.3432; After ; 13.6993; null
39; Driver; Interference; None; 20.12.2023 16:22:12; 796.1685; -0.0126129; 160.2974; After ; 13.71835; null
39; Driver; Interference; None; 20.12.2023 16:22:12; 796.1625; -0.01261722; 160.274; After ; 13.7563; null
39; Driver; Interference; None; 20.12.2023 16:22:12; 796.1502; -0.01262713; 160.2263; After ; 13.77475; null
39; Driver; Interference; None; 20.12.2023 16:22:12; 796.1377; -0.01262952; 160.1773; After ; 13.77475; null
39; Driver; Interference; None; 20.12.2023 16:22:12; 796.1314; -0.01263752; 160.1524; After ; 13.81292; null
39; Driver; Interference; None; 20.12.2023 16:22:12; 796.1122; -0.01266728; 160.0756; After ; 13.83252; null
39; Driver; Interference; None; 20.12.2023 16:22:12; 796.0991; -0.01267064; 160.0228; After ; 13.85047; null
39; Driver; Interference; None; 20.12.2023 16:22:12; 796.0859; -0.01268984; 159.9688; After ; 13.86752; null
39; Driver; Interference; None; 20.12.2023 16:22:12; 796.0792; -0.01270446; 159.9413; After ; 13.88614; null
39; Driver; Interference; None; 20.12.2023 16:22:12; 796.0657; -0.01270788; 159.8852; After ; 13.90415; null
39; Driver; Interference; None; 20.12.2023 16:22:12; 796.0521; -0.01272717; 159.8279; After ; 13.92498; null
39; Driver; Interference; None; 20.12.2023 16:22:12; 796.0383; -0.01273364; 159.7693; After ; 13.94505; null
39; Driver; Interference; None; 20.12.2023 16:22:12; 796.0243; -0.0127313; 159.7094; After ; 13.96304; null
39; Driver; Interference; None; 20.12.2023 16:22:12; 796.0173; -0.01273863; 159.6789; After ; 13.98298; null
39; Driver; Interference; None; 20.12.2023 16:22:12; 796.0032; -0.01275437; 159.6171; After ; 14.00238; null
39; Driver; Interference; None; 20.12.2023 16:22:12; 795.989; -0.01275933; 159.554; After ; 14.02094; null
39; Driver; Interference; None; 20.12.2023 16:22:12; 795.9818; -0.01277; 159.5219; After ; 14.05758; null
39; Driver; Interference; None; 20.12.2023 16:22:12; 795.9675; -0.01279093; 159.4571; After ; 14.07642; null
39; Driver; Interference; None; 20.12.2023 16:22:12; 795.9531; -0.01279854; 159.3912; After ; 14.07642; null
39; Driver; Interference; None; 20.12.2023 16:22:12; 795.946; -0.01281014; 159.3578; After ; 14.11267; null
39; Driver; Interference; None; 20.12.2023 16:22:12; 795.9245; -0.01284822; 159.2563; After ; 14.13192; null
39; Driver; Interference; None; 20.12.2023 16:22:12; 795.9102; -0.01284878; 159.1876; After ; 14.15061; null
39; Driver; Interference; None; 20.12.2023 16:22:12; 795.8959; -0.01286811; 159.118; After ; 14.16815; null
39; Driver; Interference; None; 20.12.2023 16:22:12; 795.8888; -0.01288348; 159.083; After ; 14.18715; null
39; Driver; Interference; None; 20.12.2023 16:22:12; 795.8748; -0.01290821; 159.0125; After ; 14.20442; null
39; Driver; Interference; None; 20.12.2023 16:22:12; 795.8608; -0.01291216; 158.9417; After ; 14.22184; null
39; Driver; Interference; None; 20.12.2023 16:22:12; 795.8539; -0.0129205; 158.9062; After ; 14.25859; null
39; Driver; Interference; None; 20.12.2023 16:22:12; 795.8403; -0.01293286; 158.8351; After ; 14.27647; null
39; Driver; Interference; None; 20.12.2023 16:22:12; 795.827; -0.01292685; 158.7639; After ; 14.27647; null
39; Driver; Interference; None; 20.12.2023 16:22:12; 795.8204; -0.01293116; 158.7283; After ; 14.31351; null
39; Driver; Interference; None; 20.12.2023 16:22:13; 795.801; -0.01294602; 158.6216; After ; 14.33334; null
39; Driver; Interference; None; 20.12.2023 16:22:13; 795.7883; -0.0129298; 158.5506; After ; 14.35115; null
39; Driver; Interference; None; 20.12.2023 16:22:13; 795.7759; -0.01293378; 158.4797; After ; 14.36891; null
39; Driver; Interference; None; 20.12.2023 16:22:13; 795.7698; -0.01294184; 158.4442; After ; 14.38719; null
39; Driver; Interference; None; 20.12.2023 16:22:13; 795.7578; -0.01292478; 158.3735; After ; 14.40495; null
39; Driver; Interference; None; 20.12.2023 16:22:13; 795.746; -0.0129282; 158.3028; After ; 14.42476; null
39; Driver; Interference; None; 20.12.2023 16:22:13; 795.7346; -0.01291654; 158.2323; After ; 14.4435; null
39; Driver; Interference; None; 20.12.2023 16:22:13; 795.7289; -0.01291876; 158.1971; After ; 14.48014; null
39; Driver; Interference; None; 20.12.2023 16:22:13; 795.7178; -0.01292191; 158.1268; After ; 14.48014; null
39; Driver; Interference; None; 20.12.2023 16:22:13; 795.707; -0.01291008; 158.0565; After ; 14.49796; null
39; Driver; Interference; None; 20.12.2023 16:22:13; 795.7017; -0.0129122; 158.0215; After ; 14.53522; null
39; Driver; Interference; None; 20.12.2023 16:22:13; 795.6912; -0.01291526; 157.9515; After ; 14.55333; null
39; Driver; Interference; None; 20.12.2023 16:22:13; 795.6809; -0.01290355; 157.8816; After ; 14.5736; null
39; Driver; Interference; None; 20.12.2023 16:22:13; 795.6709; -0.01288231; 157.8118; After ; 14.5736; null
39; Driver; Interference; None; 20.12.2023 16:22:13; 795.666; -0.01288158; 157.777; After ; 14.61329; null
39; Driver; Interference; None; 20.12.2023 16:22:13; 795.6517; -0.01289012; 157.6727; After ; 14.63252; null
39; Driver; Interference; None; 20.12.2023 16:22:13; 795.6424; -0.01287583; 157.6033; After ; 14.65093; null
39; Driver; Interference; None; 20.12.2023 16:22:13; 795.6334; -0.01288377; 157.5341; After ; 14.66796; null
39; Driver; Interference; None; 20.12.2023 16:22:13; 795.629; -0.01289422; 157.4995; After ; 14.68626; null
39; Driver; Interference; None; 20.12.2023 16:22:13; 795.6203; -0.01291062; 157.4305; After ; 14.70393; null
39; Driver; Interference; None; 20.12.2023 16:22:13; 795.6119; -0.01290799; 157.3616; After ; 14.72197; null
39; Driver; Interference; None; 20.12.2023 16:22:13; 795.6078; -0.01291299; 157.3271; After ; 14.75783; null
39; Driver; Interference; None; 20.12.2023 16:22:13; 795.5997; -0.01291908; 157.2584; After ; 14.77619; null
39; Driver; Interference; None; 20.12.2023 16:22:13; 795.5919; -0.01290779; 157.1899; After ; 14.77619; null
39; Driver; Interference; None; 20.12.2023 16:22:13; 795.5843; -0.01292335; 157.1214; After ; 14.81214; null
39; Driver; Interference; None; 20.12.2023 16:22:13; 795.5769; -0.01291557; 157.0531; After ; 14.83048; null
39; Driver; Interference; None; 20.12.2023 16:22:13; 795.5698; -0.01292228; 156.9849; After ; 14.84745; null
39; Driver; Interference; None; 20.12.2023 16:22:13; 795.5628; -0.01291052; 156.9169; After ; 14.86629; null
39; Driver; Interference; None; 20.12.2023 16:22:13; 795.5594; -0.01291126; 156.8829; After ; 14.88445; null
39; Driver; Interference; None; 20.12.2023 16:22:13; 795.5529; -0.01291009; 156.815; After ; 14.90408; null
39; Driver; Interference; None; 20.12.2023 16:22:13; 795.5465; -0.01289365; 156.7473; After ; 14.92219; null
39; Driver; Interference; None; 20.12.2023 16:22:13; 795.5435; -0.01289309; 156.7135; After ; 14.95975; null
39; Driver; Interference; None; 20.12.2023 16:22:13; 795.5374; -0.01289111; 156.646; After ; 14.9779; null
39; Driver; Interference; None; 20.12.2023 16:22:13; 795.5316; -0.01287581; 156.5787; After ; 14.9779; null
39; Driver; Interference; None; 20.12.2023 16:22:13; 795.5288; -0.01287626; 156.545; After ; 15.01367; null
39; Driver; Interference; None; 20.12.2023 16:22:13; 795.5207; -0.0128836; 156.4443; After ; 15.03246; null
39; Driver; Interference; None; 20.12.2023 16:22:13; 795.5155; -0.01286685; 156.3774; After ; 15.05067; null
39; Driver; Interference; None; 20.12.2023 16:22:13; 795.5106; -0.01287042; 156.3106; After ; 15.06762; null
39; Driver; Interference; None; 20.12.2023 16:22:13; 795.5082; -0.01287826; 156.2772; After ; 15.08604; null
39; Driver; Interference; None; 20.12.2023 16:22:13; 795.5035; -0.01286366; 156.2106; After ; 15.10472; null
39; Driver; Interference; None; 20.12.2023 16:22:13; 795.4991; -0.01284268; 156.1441; After ; 15.12374; null
39; Driver; Interference; None; 20.12.2023 16:22:13; 795.4949; -0.01281926; 156.0778; After ; 15.15092; null
39; Driver; Interference; None; 20.12.2023 16:22:13; 795.4909; -0.01282243; 156.0116; After ; 15.16964; null
39; Driver; Interference; None; 20.12.2023 16:22:13; 795.489; -0.01283186; 155.9786; After ; 15.18774; null
39; Driver; Interference; None; 20.12.2023 16:22:13; 795.4853; -0.01282337; 155.9126; After ; 15.2063; null
39; Driver; Interference; None; 20.12.2023 16:22:13; 795.4818; -0.01283632; 155.8467; After ; 15.22547; null
39; Driver; Interference; None; 20.12.2023 16:22:13; 795.4785; -0.01283624; 155.781; After ; 15.24355; null
39; Driver; Interference; None; 20.12.2023 16:22:13; 795.4769; -0.0128435; 155.7482; After ; 15.2799; null
39; Driver; Interference; None; 20.12.2023 16:22:13; 795.4738; -0.012856; 155.6828; After ; 15.2799; null
39; Driver; Interference; None; 20.12.2023 16:22:13; 795.4709; -0.01285306; 155.6174; After ; 15.29803; null
39; Driver; Interference; None; 20.12.2023 16:22:13; 795.4696; -0.01285826; 155.5848; After ; 15.33561; null
39; Driver; Interference; None; 20.12.2023 16:22:14; 795.467; -0.01286601; 155.5197; After ; 15.35496; null
39; Driver; Interference; None; 20.12.2023 16:22:14; 795.4634; -0.01286108; 155.4222; After ; 15.37226; null
39; Driver; Interference; None; 20.12.2023 16:22:14; 795.4622; -0.01287599; 155.3898; After ; 15.38975; null
39; Driver; Interference; None; 20.12.2023 16:22:14; 795.4601; -0.01287162; 155.3251; After ; 15.40707; null
39; Driver; Interference; None; 20.12.2023 16:22:14; 795.458; -0.01288046; 155.2605; After ; 15.42548; null
39; Driver; Interference; None; 20.12.2023 16:22:14; 795.4561; -0.01287127; 155.1961; After ; 15.44444; null
39; Driver; Interference; None; 20.12.2023 16:22:14; 795.4551; -0.01287271; 155.1639; After ; 15.48135; null
39; Driver; Interference; None; 20.12.2023 16:22:14; 795.4532; -0.01287262; 155.0996; After ; 15.48135; null
39; Driver; Interference; None; 20.12.2023 16:22:14; 795.4514; -0.01285758; 155.0354; After ; 15.49957; null
39; Driver; Interference; None; 20.12.2023 16:22:14; 795.4504; -0.0128571; 155.0033; After ; 15.53599; null
39; Driver; Interference; None; 20.12.2023 16:22:14; 795.4486; -0.01285515; 154.9392; After ; 15.55447; null
39; Driver; Interference; None; 20.12.2023 16:22:14; 795.446; -0.01284068; 154.8433; After ; 15.57196; null
39; Driver; Interference; None; 20.12.2023 16:22:14; 795.4451; -0.01285349; 154.8113; After ; 15.58975; null
39; Driver; Interference; None; 20.12.2023 16:22:14; 795.4434; -0.01284719; 154.7475; After ; 15.60714; null
39; Driver; Interference; None; 20.12.2023 16:22:14; 795.4416; -0.01285596; 154.6838; After ; 15.62443; null
39; Driver; Interference; None; 20.12.2023 16:22:14; 795.4398; -0.01284853; 154.6202; After ; 15.64347; null
39; Driver; Interference; None; 20.12.2023 16:22:14; 795.4379; -0.01283017; 154.5566; After ; 15.66186; null
39; Driver; Interference; None; 20.12.2023 16:22:14; 795.437; -0.01282923; 154.5249; After ; 15.68322; null
39; Driver; Interference; None; 20.12.2023 16:22:14; 795.4352; -0.01282834; 154.4615; After ; 15.7017; null
39; Driver; Interference; None; 20.12.2023 16:22:14; 795.4333; -0.01281674; 154.3982; After ; 15.71999; null
39; Driver; Interference; None; 20.12.2023 16:22:14; 795.4323; -0.01281898; 154.3666; After ; 15.75731; null
39; Driver; Interference; None; 20.12.2023 16:22:14; 795.4304; -0.01282366; 154.3034; After ; 15.77781; null
39; Driver; Interference; None; 20.12.2023 16:22:14; 795.4283; -0.01281643; 154.2403; After ; 15.77781; null
39; Driver; Interference; None; 20.12.2023 16:22:14; 795.4263; -0.01280134; 154.1773; After ; 15.79608; null
39; Driver; Interference; None; 20.12.2023 16:22:14; 795.4241; -0.01278217; 154.1143; After ; 15.81767; null
39; Driver; Interference; None; 20.12.2023 16:22:14; 795.423; -0.01278273; 154.0829; After ; 15.85898; null
39; Driver; Interference; None; 20.12.2023 16:22:14; 795.4208; -0.01278765; 154.0201; After ; 15.87692; null
39; Driver; Interference; None; 20.12.2023 16:22:14; 795.4185; -0.01278422; 153.9573; After ; 15.87692; null
39; Driver; Interference; None; 20.12.2023 16:22:14; 795.4173; -0.01279084; 153.9259; After ; 15.91359; null
39; Driver; Interference; None; 20.12.2023 16:22:14; 795.4136; -0.01281653; 153.832; After ; 15.93228; null
39; Driver; Interference; None; 20.12.2023 16:22:14; 795.4111; -0.01281211; 153.7693; After ; 15.95042; null
39; Driver; Interference; None; 20.12.2023 16:22:14; 795.4086; -0.01282448; 153.7067; After ; 15.96812; null
39; Driver; Interference; None; 20.12.2023 16:22:14; 795.4073; -0.01283543; 153.6754; After ; 15.98807; null
39; Driver; Interference; None; 20.12.2023 16:22:14; 795.4047; -0.01282717; 153.6128; After ; 16.00598; null
39; Driver; Interference; None; 20.12.2023 16:22:14; 795.4022; -0.01283505; 153.5502; After ; 16.02453; null
39; Driver; Interference; None; 20.12.2023 16:22:14; 795.3996; -0.01282814; 153.4876; After ; 16.04498; null
39; Driver; Interference; None; 20.12.2023 16:22:14; 795.397; -0.01281134; 153.4252; After ; 16.06298; null
39; Driver; Interference; None; 20.12.2023 16:22:14; 795.3958; -0.01281126; 153.394; After ; 16.08221; null
39; Driver; Interference; None; 20.12.2023 16:22:14; 795.3932; -0.01281234; 153.3316; After ; 16.10134; null
39; Driver; Interference; None; 20.12.2023 16:22:14; 795.3906; -0.01280299; 153.2694; After ; 16.11971; null
39; Driver; Interference; None; 20.12.2023 16:22:14; 795.3893; -0.01280617; 153.2383; After ; 16.15763; null
39; Driver; Interference; None; 20.12.2023 16:22:14; 795.3868; -0.01281262; 153.1761; After ; 16.17745; null
39; Driver; Interference; None; 20.12.2023 16:22:14; 795.3842; -0.01280699; 153.114; After ; 16.17745; null
39; Driver; Interference; None; 20.12.2023 16:22:14; 795.3818; -0.01279318; 153.0517; After ; 16.1965; null
39; Driver; Interference; None; 20.12.2023 16:22:14; 795.3806; -0.01279495; 153.0204; After ; 16.23669; null
39; Driver; Interference; None; 20.12.2023 16:22:14; 795.3781; -0.01279976; 152.9574; After ; 16.2555; null
39; Driver; Interference; None; 20.12.2023 16:22:14; 795.3755; -0.01279385; 152.8936; After ; 16.27273; null
39; Driver; Interference; None; 20.12.2023 16:22:14; 795.3729; -0.01281674; 152.8288; After ; 16.29263; null
39; Driver; Interference; None; 20.12.2023 16:22:14; 795.3704; -0.01281986; 152.7632; After ; 16.3111; null
39; Driver; Interference; None; 20.12.2023 16:22:14; 795.3678; -0.01281234; 152.6966; After ; 16.32859; null
39; Driver; Interference; None; 20.12.2023 16:22:15; 795.3652; -0.01282419; 152.629; After ; 16.34719; null
39; Driver; Interference; None; 20.12.2023 16:22:15; 795.3627; -0.01282229; 152.5602; After ; 16.3664; null
39; Driver; Interference; None; 20.12.2023 16:22:15; 795.3614; -0.01282948; 152.5254; After ; 16.38385; null
39; Driver; Interference; None; 20.12.2023 16:22:15; 795.3588; -0.0128429; 152.4547; After ; 16.40198; null
39; Driver; Interference; None; 20.12.2023 16:22:15; 795.3561; -0.01284223; 152.3826; After ; 16.42136; null
39; Driver; Interference; None; 20.12.2023 16:22:15; 795.3547; -0.01285054; 152.3461; After ; 16.45923; null
39; Driver; Interference; None; 20.12.2023 16:22:15; 795.3521; -0.01286639; 152.2719; After ; 16.47803; null
39; Driver; Interference; None; 20.12.2023 16:22:15; 795.3494; -0.01286766; 152.1962; After ; 16.47803; null
39; Driver; Interference; None; 20.12.2023 16:22:15; 795.3466; -0.0128595; 152.1188; After ; 16.49517; null
39; Driver; Interference; None; 20.12.2023 16:22:15; 795.3452; -0.01286672; 152.0795; After ; 16.53502; null
39; Driver; Interference; None; 20.12.2023 16:22:15; 795.3424; -0.01288369; 151.9997; After ; 16.55397; null
39; Driver; Interference; None; 20.12.2023 16:22:15; 795.3396; -0.01288848; 151.9182; After ; 16.5731; null
39; Driver; Interference; None; 20.12.2023 16:22:15; 795.3368; -0.01293131; 151.8351; After ; 16.59317; null
