user_id; scenario; distraction; ehmi; timestamp; userPositionX; userPositionY; userPositionZ; playerPositon; time; focused object
29; Driver; Interference; None; 31.10.2023 13:37:56; 850; 0.0960815; 203; HI; null
29; Driver; Interference; None; 31.10.2023 13:37:56; 850; 0.09269609; 203; Before; 0.02; null
29; Driver; Interference; None; 31.10.2023 13:37:57; 850; 0.07529796; 203; Before; 0.02; null
29; Driver; Interference; None; 31.10.2023 13:37:57; 850; 0.05768705; 203; Before; 0.02; null
29; Driver; Interference; None; 31.10.2023 13:37:57; 850; 0.03527888; 203; Before; 0.02; null
29; Driver; Interference; None; 31.10.2023 13:37:57; 850; 0.02227915; 203; Before; 0.02; null
29; Driver; Interference; None; 31.10.2023 13:37:57; 850; -0.005056463; 203; Before; 0.02; null
29; Driver; Interference; None; 31.10.2023 13:37:57; 850; -0.02595098; 203; Before; 0.02; null
29; Driver; Interference; None; 31.10.2023 13:37:57; 850; -0.03948666; 203; Before; 0.02; null
29; Driver; Interference; None; 31.10.2023 13:37:57; 850; -0.04622336; 203; Before; 0.02; null
29; Driver; Interference; None; 31.10.2023 13:37:57; 850; -0.04738848; 203; Before; 0.02; null
29; Driver; Interference; None; 31.10.2023 13:37:57; 850; -0.04619898; 203; Before; 0.02; null
29; Driver; Interference; None; 31.10.2023 13:37:57; 850; -0.04158631; 203; Before; 0.02; null
29; Driver; Interference; None; 31.10.2023 13:37:57; 850; -0.03501777; 203; Before; 0.02; null
29; Driver; Interference; None; 31.10.2023 13:37:57; 850; -0.02776622; 203; Before; 0.02; null
29; Driver; Interference; None; 31.10.2023 13:37:57; 850; -0.02420648; 203; Before; 0.02; null
29; Driver; Interference; None; 31.10.2023 13:37:57; 850; -0.017693; 203; Before; 0.02; null
29; Driver; Interference; None; 31.10.2023 13:37:57; 850; -0.01239446; 203; Before; 0.02; null
29; Driver; Interference; None; 31.10.2023 13:37:57; 850; -0.008560622; 203; Before; 0.04; Checking Box Human Car
29; Driver; Interference; None; 31.10.2023 13:37:57; 850; -0.006200071; 203; Before; 0.04; Checking Box Human Car
29; Driver; Interference; None; 31.10.2023 13:37:57; 850; -0.005529827; 203; Before; 0.04; Checking Box Human Car
29; Driver; Interference; None; 31.10.2023 13:37:57; 850; -0.005060979; 203; Before; 0.04; Checking Box Human Car
29; Driver; Interference; None; 31.10.2023 13:37:57; 850; -0.005511247; 203; Before; 0.04; Checking Box Human Car
29; Driver; Interference; None; 31.10.2023 13:37:58; 850; -0.006574921; 203; Before; 0.3733333; null
29; Driver; Interference; None; 31.10.2023 13:37:58; 850; -0.00724486; 203; Before; 0.4710592; null
29; Driver; Interference; None; 31.10.2023 13:37:58; 850; -0.008701595; 203; Before; 0.4710592; null
29; Driver; Interference; None; 31.10.2023 13:37:58; 850; -0.01014113; 203; Before; 0.5235327; Checking Box Human Car
29; Driver; Interference; None; 31.10.2023 13:37:58; 850; -0.01140907; 203; Before; 0.5399159; Checking Box Human Car
29; Driver; Interference; None; 31.10.2023 13:37:58; 850; -0.01241383; 203; Before; 0.5581163; Checking Box Human Car
29; Driver; Interference; None; 31.10.2023 13:37:58; 850; -0.01280447; 203; Before; 0.5911351; Checking Box Human Car
29; Driver; Interference; None; 31.10.2023 13:37:58; 850; -0.0133596; 203; Before; 0.5911351; Checking Box Human Car
29; Driver; Interference; None; 31.10.2023 13:37:58; 850; -0.01363571; 203; Before; 0.6079423; Checking Box Human Car
29; Driver; Interference; None; 31.10.2023 13:37:58; 850; -0.01367993; 203; Before; 0.6079423; Checking Box Human Car
29; Driver; Interference; None; 31.10.2023 13:37:58; 850; -0.01355215; 203; Before; 0.6079423; Checking Box Human Car
29; Driver; Interference; None; 31.10.2023 13:37:58; 850; -0.01331435; 203; Before; 0.6079423; Checking Box Human Car
29; Driver; Interference; None; 31.10.2023 13:37:58; 850; -0.01317229; 203; Before; 0.6079423; Checking Box Human Car
29; Driver; Interference; None; 31.10.2023 13:37:58; 850; -0.01287284; 203; Before; 0.6079423; Checking Box Human Car
29; Driver; Interference; None; 31.10.2023 13:37:58; 850; -0.01258596; 203; Before; 0.622716; Checking Box Human Car
29; Driver; Interference; None; 31.10.2023 13:37:58; 850; -0.01233921; 203; Before; 0.622716; Checking Box Human Car
29; Driver; Interference; None; 31.10.2023 13:37:58; 850; -0.01214839; 203; Before; 0.622716; Checking Box Human Car
29; Driver; Interference; None; 31.10.2023 13:37:58; 850; -0.01207596; 203; Before; 0.622716; Checking Box Human Car
29; Driver; Interference; None; 31.10.2023 13:37:58; 850; -0.01197628; 203; Before; 0.622716; Checking Box Human Car
29; Driver; Interference; None; 31.10.2023 13:37:58; 850; -0.01193122; 203; Before; 0.622716; Checking Box Human Car
29; Driver; Interference; None; 31.10.2023 13:37:58; 850; -0.01193045; 203; Before; 0.7464603; Checking Box Human Car
29; Driver; Interference; None; 31.10.2023 13:37:58; 850; -0.01194287; 203; Before; 0.8765368; Checking Box Human Car
29; Driver; Interference; None; 31.10.2023 13:37:58; 850; -0.01198549; 203; Before; 0.8765368; Checking Box Human Car
29; Driver; Interference; None; 31.10.2023 13:37:58; 850; -0.01204211; 203; Before; 0.9068469; Checking Box Human Car
29; Driver; Interference; None; 31.10.2023 13:37:58; 850; -0.01207245; 203; Before; 0.9483302; Checking Box Human Car
29; Driver; Interference; None; 31.10.2023 13:37:58; 850; -0.01215954; 203; Before; 0.9625044; Checking Box Human Car
29; Driver; Interference; None; 31.10.2023 13:37:58; 850; -0.01218486; 203; Before; 0.9916583; Checking Box Human Car
29; Driver; Interference; None; 31.10.2023 13:37:58; 850; -0.01222719; 203; Before; 0.9916583; Checking Box Human Car
29; Driver; Interference; None; 31.10.2023 13:37:58; 850; -0.01225731; 203; Before; 1.02039; Checking Box Human Car
29; Driver; Interference; None; 31.10.2023 13:37:58; 850; -0.01227527; 203; Before; 1.038291; Checking Box Human Car
29; Driver; Interference; None; 31.10.2023 13:37:58; 850; -0.01228253; 203; Before; 1.055385; Checking Box Human Car
29; Driver; Interference; None; 31.10.2023 13:37:58; 850; -0.01228281; 203; Before; 1.088479; Checking Box Human Car
29; Driver; Interference; None; 31.10.2023 13:37:58; 850; -0.01227819; 203; Before; 1.088479; Checking Box Human Car
29; Driver; Interference; None; 31.10.2023 13:37:58; 850; -0.01226883; 203; Before; 1.121068; Checking Box Human Car
29; Driver; Interference; None; 31.10.2023 13:37:58; 850; -0.01226311; 203; Before; 1.148322; Checking Box Human Car
29; Driver; Interference; None; 31.10.2023 13:37:58; 850; -0.01224482; 203; Before; 1.163003; Checking Box Human Car
29; Driver; Interference; None; 31.10.2023 13:37:58; 850; -0.012239; 203; Before; 1.191372; Checking Box Human Car
29; Driver; Interference; None; 31.10.2023 13:37:58; 850; -0.01222862; 203; Before; 1.191372; Checking Box Human Car
29; Driver; Interference; None; 31.10.2023 13:37:58; 850; -0.01222046; 203; Before; 1.221203; Checking Box Human Car
29; Driver; Interference; None; 31.10.2023 13:37:58; 850; -0.01221732; 203; Before; 1.249273; Checking Box Human Car
29; Driver; Interference; None; 31.10.2023 13:37:58; 850; -0.01221154; 203; Before; 1.262985; Checking Box Human Car
29; Driver; Interference; None; 31.10.2023 13:37:58; 850; -0.01221072; 203; Before; 1.292392; Checking Box Human Car
29; Driver; Interference; None; 31.10.2023 13:37:58; 850; -0.01221041; 203; Before; 1.292392; Checking Box Human Car
29; Driver; Interference; None; 31.10.2023 13:37:58; 850; -0.01221149; 203; Before; 1.320589; Checking Box Human Car
29; Driver; Interference; None; 31.10.2023 13:37:58; 850; -0.01221347; 203; Before; 1.335496; Checking Box Human Car
29; Driver; Interference; None; 31.10.2023 13:37:58; 850; -0.01221586; 203; Before; 1.349469; Checking Box Human Car
29; Driver; Interference; None; 31.10.2023 13:37:58; 850; -0.01221709; 203; Before; 1.389387; Checking Box Human Car
29; Driver; Interference; None; 31.10.2023 13:37:58; 850; -0.01221946; 203; Before; 1.404182; Checking Box Human Car
29; Driver; Interference; None; 31.10.2023 13:37:58; 850; -0.01222149; 203; Before; 1.419255; Checking Box Human Car
29; Driver; Interference; None; 31.10.2023 13:37:58; 850; -0.01222233; 203; Before; 1.448278; Checking Box Human Car
29; Driver; Interference; None; 31.10.2023 13:37:59; 850; -0.01222413; 203; Before; 1.463063; null
29; Driver; Interference; None; 31.10.2023 13:37:59; 850; -0.01222448; 203; Before; 1.49107; null
29; Driver; Interference; None; 31.10.2023 13:37:59; 850; -0.01222486; 203; Before; 1.49107; null
29; Driver; Interference; None; 31.10.2023 13:37:59; 850; -0.01222491; 203; Before; 1.526855; null
29; Driver; Interference; None; 31.10.2023 13:37:59; 850; -0.01222462; 203; Before; 1.541898; null
29; Driver; Interference; None; 31.10.2023 13:37:59; 850; -0.01222421; 203; Before; 1.55674; null
29; Driver; Interference; None; 31.10.2023 13:37:59; 850; -0.01222398; 203; Before; 1.589008; null
29; Driver; Interference; None; 31.10.2023 13:37:59; 850; -0.01222348; 203; Before; 1.589008; null
29; Driver; Interference; None; 31.10.2023 13:37:59; 850; -0.01222302; 203; Before; 1.62047; null
29; Driver; Interference; None; 31.10.2023 13:37:59; 850; -0.01222281; 203; Before; 1.648208; null
29; Driver; Interference; None; 31.10.2023 13:37:59; 850; -0.01222246; 203; Before; 1.663325; null
29; Driver; Interference; None; 31.10.2023 13:37:59; 850; -0.0122222; 203; Before; 1.682333; null
29; Driver; Interference; None; 31.10.2023 13:37:59; 850; -0.01222203; 203; Before; 1.700523; null
29; Driver; Interference; None; 31.10.2023 13:37:59; 850; -0.01222194; 203; Before; 1.717384; null
29; Driver; Interference; None; 31.10.2023 13:37:59; 850; -0.01222194; 203; Before; 1.744094; null
29; Driver; Interference; None; 31.10.2023 13:37:59; 850; -0.01222197; 203; Before; 1.75928; null
29; Driver; Interference; None; 31.10.2023 13:37:59; 850; -0.01222201; 203; Before; 1.790255; null
29; Driver; Interference; None; 31.10.2023 13:37:59; 850; -0.0122221; 203; Before; 1.790255; null
29; Driver; Interference; None; 31.10.2023 13:37:59; 850; -0.0122222; 203; Before; 1.82024; null
29; Driver; Interference; None; 31.10.2023 13:37:59; 850; -0.01222224; 203; Before; 1.848425; null
29; Driver; Interference; None; 31.10.2023 13:37:59; 850; -0.01222237; 203; Before; 1.86339; null
29; Driver; Interference; None; 31.10.2023 13:37:59; 850; -0.01222241; 203; Before; 1.892132; null
29; Driver; Interference; None; 31.10.2023 13:37:59; 850; -0.01222246; 203; Before; 1.892132; null
29; Driver; Interference; None; 31.10.2023 13:37:59; 850; -0.0122225; 203; Before; 1.920416; null
29; Driver; Interference; None; 31.10.2023 13:37:59; 850; -0.01222251; 203; Before; 1.948973; null
29; Driver; Interference; None; 31.10.2023 13:37:59; 850; -0.01222252; 203; Before; 1.964144; null
29; Driver; Interference; None; 31.10.2023 13:37:59; 850; -0.01222252; 203; Before; 1.992019; null
29; Driver; Interference; None; 31.10.2023 13:37:59; 850; -0.0122225; 203; Before; 1.992019; null
29; Driver; Interference; None; 31.10.2023 13:37:59; 850; -0.01222248; 203; Before; 2.020383; null
29; Driver; Interference; None; 31.10.2023 13:37:59; 850; -0.01222245; 203; Before; 2.036279; null
29; Driver; Interference; None; 31.10.2023 13:37:59; 850; -0.01222244; 203; Before; 2.064779; null
29; Driver; Interference; None; 31.10.2023 13:37:59; 850; -0.01222242; 203; Before; 2.080574; null
29; Driver; Interference; None; 31.10.2023 13:37:59; 850; -0.01222242; 203; Before; 2.095067; null
29; Driver; Interference; None; 31.10.2023 13:37:59; 850; -0.01222241; 203; Before; 2.126002; null
29; Driver; Interference; None; 31.10.2023 13:37:59; 850; -0.01222241; 203; Before; 2.140326; null
29; Driver; Interference; None; 31.10.2023 13:37:59; 850; -0.0122224; 203; Before; 2.168563; null
29; Driver; Interference; None; 31.10.2023 13:37:59; 850; -0.01222239; 203; Before; 2.183017; null
29; Driver; Interference; None; 31.10.2023 13:37:59; 850; -0.01222239; 203; Before; 2.19717; null
29; Driver; Interference; None; 31.10.2023 13:37:59; 850; -0.01222238; 203; Before; 2.227669; null
29; Driver; Interference; None; 31.10.2023 13:37:59; 850; -0.01222238; 203; Before; 2.241381; null
29; Driver; Interference; None; 31.10.2023 13:37:59; 850; -0.01222238; 203; Before; 2.269445; null
29; Driver; Interference; None; 31.10.2023 13:37:59; 850; -0.01222239; 203; Before; 2.283097; null
29; Driver; Interference; None; 31.10.2023 13:37:59; 850; -0.01222239; 203; Before; 2.297699; null
29; Driver; Interference; None; 31.10.2023 13:37:59; 850; -0.01222239; 203; Before; 2.314541; null
29; Driver; Interference; None; 31.10.2023 13:37:59; 850; -0.01222239; 203; Before; 2.34781; null
29; Driver; Interference; None; 31.10.2023 13:37:59; 850; -0.0122224; 203; Before; 2.364283; null
29; Driver; Interference; None; 31.10.2023 13:37:59; 850; -0.01222241; 203; Before; 2.392502; null
29; Driver; Interference; None; 31.10.2023 13:37:59; 850; -0.01222241; 203; Before; 2.392502; null
29; Driver; Interference; None; 31.10.2023 13:37:59; 850; -0.01222241; 203; Before; 2.422395; null
29; Driver; Interference; None; 31.10.2023 13:37:59; 850; -0.01222241; 203; Before; 2.43669; null
29; Driver; Interference; None; 31.10.2023 13:38:00; 850; -0.01222241; 203; Before; 2.465743; null
29; Driver; Interference; None; 31.10.2023 13:38:00; 850; -0.01222241; 203; Before; 2.482677; null
29; Driver; Interference; None; 31.10.2023 13:38:00; 850; -0.01222241; 203; Before; 2.499094; null
29; Driver; Interference; None; 31.10.2023 13:38:00; 850; -0.01222241; 203; Before; 2.528906; null
29; Driver; Interference; None; 31.10.2023 13:38:00; 850; -0.01222241; 203; Before; 2.54212; null
29; Driver; Interference; None; 31.10.2023 13:38:00; 850; -0.01222241; 203; Before; 2.571066; null
29; Driver; Interference; None; 31.10.2023 13:38:00; 850; -0.01222241; 203; Before; 2.584449; null
29; Driver; Interference; None; 31.10.2023 13:38:00; 850; -0.01222241; 203; Before; 2.599003; null
29; Driver; Interference; None; 31.10.2023 13:38:00; 850; -0.01222241; 203; Before; 2.625671; null
29; Driver; Interference; None; 31.10.2023 13:38:00; 850; -0.01222241; 203; Before; 2.639015; null
29; Driver; Interference; None; 31.10.2023 13:38:00; 850; -0.01222241; 203; Before; 2.665273; null
29; Driver; Interference; None; 31.10.2023 13:38:00; 850; -0.01222241; 203; Before; 2.692674; null
29; Driver; Interference; None; 31.10.2023 13:38:00; 850; -0.01222241; 203; Before; 2.706071; null
29; Driver; Interference; None; 31.10.2023 13:38:00; 850; -0.01222241; 203; Before; 2.71931; null
29; Driver; Interference; None; 31.10.2023 13:38:00; 850; -0.01222241; 203; Before; 2.746184; null
29; Driver; Interference; None; 31.10.2023 13:38:00; 850; -0.01222241; 203; Before; 2.760842; null
29; Driver; Interference; None; 31.10.2023 13:38:00; 850; -0.01222241; 203; Before; 2.787327; null
29; Driver; Interference; None; 31.10.2023 13:38:00; 850; -0.0122224; 203; Before; 2.802427; null
29; Driver; Interference; None; 31.10.2023 13:38:00; 850; -0.0122224; 203; Before; 2.816475; null
29; Driver; Interference; None; 31.10.2023 13:38:00; 850; -0.0122224; 203; Before; 2.843266; null
29; Driver; Interference; None; 31.10.2023 13:38:00; 850; -0.0122224; 203; Before; 2.857205; Checking Box AICar
29; Driver; Interference; None; 31.10.2023 13:38:00; 850; -0.01222239; 203; Before; 2.887251; Checking Box AICar
29; Driver; Interference; None; 31.10.2023 13:38:00; 850; -0.01222239; 203; Before; 2.901808; null
29; Driver; Interference; None; 31.10.2023 13:38:00; 850; -0.01222239; 203; Before; 2.928947; Checking Box AICar
29; Driver; Interference; None; 31.10.2023 13:38:00; 850; -0.0122224; 203; Before; 2.942154; Checking Box AICar
29; Driver; Interference; None; 31.10.2023 13:38:00; 850; -0.0122224; 203; Before; 2.969299; Checking Box AICar
29; Driver; Interference; None; 31.10.2023 13:38:00; 850; -0.0122224; 203; Before; 2.98478; Checking Box AICar
29; Driver; Interference; None; 31.10.2023 13:38:00; 850; -0.0122224; 203; Before; 2.998613; Checking Box AICar
29; Driver; Interference; None; 31.10.2023 13:38:00; 850; -0.0122224; 203; Before; 3.025547; Checking Box AICar
29; Driver; Interference; None; 31.10.2023 13:38:00; 850; -0.0122224; 203; Before; 3.038768; Checking Box AICar
29; Driver; Interference; None; 31.10.2023 13:38:00; 850; -0.0122224; 203; Before; 3.065128; Checking Box AICar
29; Driver; Interference; None; 31.10.2023 13:38:00; 850; -0.0122224; 203; Before; 3.079566; Checking Box AICar
29; Driver; Interference; None; 31.10.2023 13:38:00; 850; -0.0122224; 203; Before; 3.099676; Checking Box AICar
29; Driver; Interference; None; 31.10.2023 13:38:00; 850; -0.0122224; 203; Before; 3.128711; Checking Box AICar
29; Driver; Interference; None; 31.10.2023 13:38:00; 850; -0.01222241; 203; Before; 3.141947; Checking Box AICar
29; Driver; Interference; None; 31.10.2023 13:38:00; 850; -0.01222241; 203; Before; 3.169863; Checking Box AICar
29; Driver; Interference; None; 31.10.2023 13:38:00; 850; -0.01222241; 203; Before; 3.182987; Checking Box AICar
29; Driver; Interference; None; 31.10.2023 13:38:00; 850; -0.01222241; 203; Before; 3.196553; Checking Box AICar
29; Driver; Interference; None; 31.10.2023 13:38:00; 850; -0.01222241; 203; Before; 3.223142; null
29; Driver; Interference; None; 31.10.2023 13:38:00; 850; -0.01222241; 203; Before; 3.238158; null
29; Driver; Interference; None; 31.10.2023 13:38:00; 850; -0.01222241; 203; Before; 3.265057; null
29; Driver; Interference; None; 31.10.2023 13:38:00; 850; -0.01222241; 203; Before; 3.292852; null
29; Driver; Interference; None; 31.10.2023 13:38:00; 850; -0.01222241; 203; Before; 3.292852; null
29; Driver; Interference; None; 31.10.2023 13:38:00; 850; -0.01222241; 203; Before; 3.321155; null
29; Driver; Interference; None; 31.10.2023 13:38:00; 850; -0.01222241; 203; Before; 3.348382; null
29; Driver; Interference; None; 31.10.2023 13:38:00; 850; -0.01222241; 203; Before; 3.362695; null
29; Driver; Interference; None; 31.10.2023 13:38:00; 850; -0.01222241; 203; Before; 3.375953; null
29; Driver; Interference; None; 31.10.2023 13:38:00; 850; -0.01222241; 203; Before; 3.390238; null
29; Driver; Interference; None; 31.10.2023 13:38:00; 850; -0.01222241; 203; Before; 3.426368; null
29; Driver; Interference; None; 31.10.2023 13:38:00; 850; -0.01222241; 203; Before; 3.440268; null
29; Driver; Interference; None; 31.10.2023 13:38:01; 850; -0.01222241; 203; Before; 3.469082; null
29; Driver; Interference; None; 31.10.2023 13:38:01; 850; -0.01222241; 203; Before; 3.482865; null
29; Driver; Interference; None; 31.10.2023 13:38:01; 850; -0.01222241; 203; Before; 3.497236; null
29; Driver; Interference; None; 31.10.2023 13:38:01; 850; -0.01222241; 203; Before; 3.524893; null
29; Driver; Interference; None; 31.10.2023 13:38:01; 850; -0.0122224; 203; Before; 3.538726; null
29; Driver; Interference; None; 31.10.2023 13:38:01; 850; -0.0122224; 203; Before; 3.567768; null
29; Driver; Interference; None; 31.10.2023 13:38:01; 850; -0.01222239; 203; Before; 3.581977; null
29; Driver; Interference; None; 31.10.2023 13:38:01; 850; -0.01222239; 203; Before; 3.596453; null
29; Driver; Interference; None; 31.10.2023 13:38:01; 850; -0.01222239; 203; Before; 3.623634; null
29; Driver; Interference; None; 31.10.2023 13:38:01; 850; -0.01222239; 203; Before; 3.638995; null
29; Driver; Interference; None; 31.10.2023 13:38:01; 850; -0.01222239; 203; Before; 3.667532; null
29; Driver; Interference; None; 31.10.2023 13:38:01; 850; -0.0122224; 203; Before; 3.682107; null
29; Driver; Interference; None; 31.10.2023 13:38:01; 850; -0.0122224; 203; Before; 3.696389; null
29; Driver; Interference; None; 31.10.2023 13:38:01; 850; -0.0122224; 203; Before; 3.724745; null
29; Driver; Interference; None; 31.10.2023 13:38:01; 850; -0.01222241; 203; Before; 3.738671; null
29; Driver; Interference; None; 31.10.2023 13:38:01; 850; -0.01222241; 203; Before; 3.765643; null
29; Driver; Interference; None; 31.10.2023 13:38:01; 850; -0.01222241; 203; Before; 3.793372; null
29; Driver; Interference; None; 31.10.2023 13:38:01; 850; -0.01222241; 203; Before; 3.793372; null
29; Driver; Interference; None; 31.10.2023 13:38:01; 850; -0.01222241; 203; Before; 3.820254; null
29; Driver; Interference; None; 31.10.2023 13:38:01; 850; -0.01222241; 203; Before; 3.84823; null
29; Driver; Interference; None; 31.10.2023 13:38:01; 850; -0.01222242; 203; Before; 3.862525; null
29; Driver; Interference; None; 31.10.2023 13:38:01; 850; -0.01222242; 203; Before; 3.88963; null
29; Driver; Interference; None; 31.10.2023 13:38:01; 850; -0.01222241; 203; Before; 3.904335; null
29; Driver; Interference; None; 31.10.2023 13:38:01; 850; -0.01222241; 203; Before; 3.918312; null
29; Driver; Interference; None; 31.10.2023 13:38:01; 850; -0.01222242; 203; Before; 3.944836; null
29; Driver; Interference; None; 31.10.2023 13:38:01; 850; -0.01222242; 203; Before; 3.959878; null
29; Driver; Interference; None; 31.10.2023 13:38:01; 850; -0.01222242; 203; Before; 3.988903; null
29; Driver; Interference; None; 31.10.2023 13:38:01; 850; -0.01222242; 203; Before; 4.004301; null
29; Driver; Interference; None; 31.10.2023 13:38:01; 850; -0.01222242; 203; Before; 4.018667; null
29; Driver; Interference; None; 31.10.2023 13:38:01; 850; -0.01222242; 203; Before; 4.04603; null
29; Driver; Interference; None; 31.10.2023 13:38:01; 850; -0.01222242; 203; Before; 4.072621; null
29; Driver; Interference; None; 31.10.2023 13:38:01; 850; -0.01222241; 203; Before; 4.086013; null
29; Driver; Interference; None; 31.10.2023 13:38:01; 850; -0.01222241; 203; Before; 4.099317; null
29; Driver; Interference; None; 31.10.2023 13:38:01; 850; -0.0122224; 203; Before; 4.127459; null
29; Driver; Interference; None; 31.10.2023 13:38:01; 850; -0.0122224; 203; Before; 4.140858; null
29; Driver; Interference; None; 31.10.2023 13:38:01; 850; -0.01222239; 203; Before; 4.169217; null
29; Driver; Interference; None; 31.10.2023 13:38:01; 850; -0.01222239; 203; Before; 4.183687; null
29; Driver; Interference; None; 31.10.2023 13:38:01; 850; -0.01222239; 203; Before; 4.19853; null
29; Driver; Interference; None; 31.10.2023 13:38:01; 850; -0.01222239; 203; Before; 4.22653; null
29; Driver; Interference; None; 31.10.2023 13:38:01; 850; -0.01222238; 203; Before; 4.240707; null
29; Driver; Interference; None; 31.10.2023 13:38:01; 850; -0.01222238; 203; Before; 4.268473; null
29; Driver; Interference; None; 31.10.2023 13:38:01; 850; -0.01222239; 203; Before; 4.282638; null
29; Driver; Interference; None; 31.10.2023 13:38:01; 850; -0.01222239; 203; Before; 4.296905; null
29; Driver; Interference; None; 31.10.2023 13:38:01; 850; -0.01222239; 203; Before; 4.323422; null
29; Driver; Interference; None; 31.10.2023 13:38:01; 850; -0.01222239; 203; Before; 4.349849; null
29; Driver; Interference; None; 31.10.2023 13:38:01; 850; -0.0122224; 203; Before; 4.363416; null
29; Driver; Interference; None; 31.10.2023 13:38:01; 850; -0.0122224; 203; Before; 4.39001; null
29; Driver; Interference; None; 31.10.2023 13:38:01; 850; -0.01222241; 203; Before; 4.39001; null
29; Driver; Interference; None; 31.10.2023 13:38:01; 850; -0.01222241; 203; Before; 4.421391; null
29; Driver; Interference; None; 31.10.2023 13:38:01; 850; -0.01222241; 203; Before; 4.449242; null
29; Driver; Interference; None; 31.10.2023 13:38:02; 850; -0.01222241; 203; Before; 4.463593; null
29; Driver; Interference; None; 31.10.2023 13:38:02; 850; -0.01222241; 203; Before; 4.491476; Checking Box AICar
29; Driver; Interference; None; 31.10.2023 13:38:02; 850; -0.01222241; 203; Before; 4.491476; Checking Box AICar
29; Driver; Interference; None; 31.10.2023 13:38:02; 850; -0.01222241; 203; Before; 4.505549; Checking Box AICar
29; Driver; Interference; None; 31.10.2023 13:38:02; 850; -0.01222241; 203; Before; 4.527757; Checking Box AICar
29; Driver; Interference; None; 31.10.2023 13:38:02; 850; -0.01222241; 203; Before; 4.564983; Checking Box AICar
29; Driver; Interference; None; 31.10.2023 13:38:02; 850; -0.01222241; 203; Before; 4.592335; Checking Box AICar
29; Driver; Interference; None; 31.10.2023 13:38:02; 850; -0.01222241; 203; Before; 4.592335; Checking Box AICar
29; Driver; Interference; None; 31.10.2023 13:38:02; 850; -0.0122224; 203; Before; 4.620759; Checking Box AICar
29; Driver; Interference; None; 31.10.2023 13:38:02; 850; -0.0122224; 203; Before; 4.635826; null
29; Driver; Interference; None; 31.10.2023 13:38:02; 850; -0.0122224; 203; Before; 4.671103; null
29; Driver; Interference; None; 31.10.2023 13:38:02; 850; -0.0122224; 203; Before; 4.685998; null
29; Driver; Interference; None; 31.10.2023 13:38:02; 850; -0.0122224; 203; Before; 4.700567; null
29; Driver; Interference; None; 31.10.2023 13:38:02; 850; -0.0122224; 203; Before; 4.715287; null
29; Driver; Interference; None; 31.10.2023 13:38:02; 850; -0.0122224; 203; Before; 4.74229; null
29; Driver; Interference; None; 31.10.2023 13:38:02; 850; -0.0122224; 203; Before; 4.76901; null
29; Driver; Interference; None; 31.10.2023 13:38:02; 850; -0.0122224; 203; Before; 4.782382; null
29; Driver; Interference; None; 31.10.2023 13:38:02; 850; -0.0122224; 203; Before; 4.795868; null
29; Driver; Interference; None; 31.10.2023 13:38:02; 850; -0.0122224; 203; Before; 4.815329; null
29; Driver; Interference; None; 31.10.2023 13:38:02; 850; -0.0122224; 203; Before; 4.842333; null
29; Driver; Interference; None; 31.10.2023 13:38:02; 850; -0.0122224; 203; Before; 4.871098; null
29; Driver; Interference; None; 31.10.2023 13:38:02; 850; -0.01222241; 203; Before; 4.884364; null
29; Driver; Interference; None; 31.10.2023 13:38:02; 850; -0.01222241; 203; Before; 4.898464; null
29; Driver; Interference; None; 31.10.2023 13:38:02; 850; -0.01222241; 203; Before; 4.925165; Checking Box AICar
29; Driver; Interference; None; 31.10.2023 13:38:02; 850; -0.01222241; 203; Before; 4.940289; Checking Box AICar
29; Driver; Interference; None; 31.10.2023 13:38:02; 850; -0.01222241; 203; Before; 4.954801; Checking Box AICar
29; Driver; Interference; None; 31.10.2023 13:38:02; 850; -0.01222241; 203; Before; 4.992113; Checking Box AICar
29; Driver; Interference; None; 31.10.2023 13:38:02; 850; -0.01222241; 203; Before; 4.992113; Checking Box AICar
29; Driver; Interference; None; 31.10.2023 13:38:02; 850; -0.01222241; 203; Before; 5.020634; Checking Box Human Car
29; Driver; Interference; None; 31.10.2023 13:38:02; 850; -0.01222241; 203; Before; 5.048752; Checking Box Human Car
29; Driver; Interference; None; 31.10.2023 13:38:02; 850; -0.01222241; 203; Before; 5.062335; Checking Box Human Car
29; Driver; Interference; None; 31.10.2023 13:38:02; 850; -0.01222241; 203; Before; 5.090445; Checking Box Human Car
29; Driver; Interference; None; 31.10.2023 13:38:02; 850; -0.01222241; 203; Before; 5.104178; Checking Box Human Car
29; Driver; Interference; None; 31.10.2023 13:38:02; 850; -0.01222241; 203; Before; 5.11903; Checking Box Human Car
29; Driver; Interference; None; 31.10.2023 13:38:02; 850; -0.01222241; 203; Before; 5.13879; Checking Box Human Car
29; Driver; Interference; None; 31.10.2023 13:38:02; 850; -0.01222241; 203; Before; 5.15381; Checking Box Human Car
29; Driver; Interference; None; 31.10.2023 13:38:02; 850; -0.01222241; 203; Before; 5.189055; Checking Box Human Car
29; Driver; Interference; None; 31.10.2023 13:38:02; 850; -0.01222241; 203; Before; 5.204798; Checking Box Human Car
29; Driver; Interference; None; 31.10.2023 13:38:02; 850; -0.0122224; 203; Before; 5.219364; Checking Box Human Car
29; Driver; Interference; None; 31.10.2023 13:38:02; 850; -0.0122224; 203; Before; 5.247434; Checking Box Human Car
29; Driver; Interference; None; 31.10.2023 13:38:02; 850; -0.0122224; 203; Before; 5.261563; Checking Box Human Car
29; Driver; Interference; None; 31.10.2023 13:38:02; 850; -0.0122224; 203; Before; 5.29027; Checking Box Human Car
29; Driver; Interference; None; 31.10.2023 13:38:02; 850; -0.0122224; 203; Before; 5.303845; Checking Box Human Car
29; Driver; Interference; None; 31.10.2023 13:38:02; 850; -0.01222241; 203; Before; 5.318454; Checking Box Human Car
29; Driver; Interference; None; 31.10.2023 13:38:02; 850; -0.01222241; 203; Before; 5.346069; Checking Box Human Car
29; Driver; Interference; None; 31.10.2023 13:38:02; 850; -0.01222241; 203; Before; 5.372435; Checking Box Human Car
29; Driver; Interference; None; 31.10.2023 13:38:02; 850; -0.01222241; 203; Before; 5.386353; Checking Box Human Car
29; Driver; Interference; None; 31.10.2023 13:38:02; 850; -0.01222241; 203; Before; 5.400523; Checking Box Human Car
29; Driver; Interference; None; 31.10.2023 13:38:02; 850; -0.01222241; 203; Before; 5.428284; Checking Box Human Car
29; Driver; Interference; None; 31.10.2023 13:38:02; 850; -0.01222241; 203; Before; 5.441884; Checking Box Human Car
29; Driver; Interference; None; 31.10.2023 13:38:03; 850; -0.01222241; 203; Before; 5.455807; Checking Box Human Car
29; Driver; Interference; None; 31.10.2023 13:38:03; 850; -0.01222241; 203; Before; 5.487232; Checking Box Human Car
29; Driver; Interference; None; 31.10.2023 13:38:03; 850; -0.01222241; 203; Before; 5.487232; Checking Box Human Car
29; Driver; Interference; None; 31.10.2023 13:38:03; 850; -0.01222241; 203; Before; 5.506161; Checking Box Human Car
29; Driver; Interference; None; 31.10.2023 13:38:03; 849.9999; -0.01222239; 203; Before; 5.546014; Checking Box Human Car
29; Driver; Interference; None; 31.10.2023 13:38:03; 849.9999; -0.01222255; 203; Before; 5.563993; Checking Box Human Car
29; Driver; Interference; None; 31.10.2023 13:38:03; 849.9999; -0.01222263; 203; Before; 5.581726; Checking Box Human Car
29; Driver; Interference; None; 31.10.2023 13:38:03; 849.9998; -0.01222274; 203; Before; 5.601789; Checking Box Human Car
29; Driver; Interference; None; 31.10.2023 13:38:03; 849.9998; -0.01222283; 203; Before; 5.619587; Checking Box Human Car
29; Driver; Interference; None; 31.10.2023 13:38:03; 849.9997; -0.01222287; 203; Before; 5.647531; Checking Box Human Car
29; Driver; Interference; None; 31.10.2023 13:38:03; 849.9996; -0.01222309; 203; Before; 5.662066; Checking Box Human Car
29; Driver; Interference; None; 31.10.2023 13:38:03; 849.9995; -0.01222314; 203; Before; 5.690217; Checking Box Human Car
29; Driver; Interference; None; 31.10.2023 13:38:03; 849.9994; -0.01222337; 203; Before; 5.704689; Checking Box Human Car
29; Driver; Interference; None; 31.10.2023 13:38:03; 849.9993; -0.01222346; 203; Before; 5.719577; Checking Box Human Car
29; Driver; Interference; None; 31.10.2023 13:38:03; 849.999; -0.01222373; 203; Before; 5.732807; Checking Box Human Car
29; Driver; Interference; None; 31.10.2023 13:38:03; 849.9988; -0.01222388; 203; Before; 5.751777; Checking Box Human Car
29; Driver; Interference; None; 31.10.2023 13:38:03; 849.9987; -0.01222389; 203; Before; 5.789001; Checking Box Human Car
29; Driver; Interference; None; 31.10.2023 13:38:03; 849.9985; -0.01222394; 203; Before; 5.789001; Checking Box Human Car
29; Driver; Interference; None; 31.10.2023 13:38:03; 849.9984; -0.01222397; 203; Before; 5.824146; Checking Box Human Car
29; Driver; Interference; None; 31.10.2023 13:38:03; 849.9979; -0.01222414; 203; Before; 5.840843; Checking Box Human Car
29; Driver; Interference; None; 31.10.2023 13:38:03; 849.9978; -0.01222428; 203; Before; 5.871415; Checking Box Human Car
29; Driver; Interference; None; 31.10.2023 13:38:03; 849.9975; -0.01222452; 203; Before; 5.88611; Checking Box Human Car
29; Driver; Interference; None; 31.10.2023 13:38:03; 849.997; -0.01222486; 203; Before; 5.903121; Checking Box Human Car
29; Driver; Interference; None; 31.10.2023 13:38:03; 849.9966; -0.01222503; 203; Before; 5.919836; Checking Box Human Car
29; Driver; Interference; None; 31.10.2023 13:38:03; 849.9963; -0.01222524; 203; Before; 5.947458; Checking Box Human Car
29; Driver; Interference; None; 31.10.2023 13:38:03; 849.9955; -0.01222591; 203; Before; 5.963064; Checking Box Human Car
29; Driver; Interference; None; 31.10.2023 13:38:03; 849.9952; -0.01222623; 203; Before; 5.991; Checking Box Human Car
29; Driver; Interference; None; 31.10.2023 13:38:03; 849.9946; -0.01222677; 203; Before; 5.991; Checking Box Human Car
29; Driver; Interference; None; 31.10.2023 13:38:03; 849.994; -0.0122274; 203; Before; 6.021316; Checking Box Human Car
29; Driver; Interference; None; 31.10.2023 13:38:03; 849.9932; -0.01222799; 203; Before; 6.036239; Checking Box Human Car
29; Driver; Interference; None; 31.10.2023 13:38:03; 849.9923; -0.01222835; 203; Before; 6.052464; Checking Box Human Car
29; Driver; Interference; None; 31.10.2023 13:38:03; 849.9919; -0.01222862; 203; Before; 6.087277; Checking Box Human Car
29; Driver; Interference; None; 31.10.2023 13:38:03; 849.991; -0.01222907; 203; Before; 6.087277; Checking Box Human Car
29; Driver; Interference; None; 31.10.2023 13:38:03; 849.9905; -0.01222938; 203; Before; 6.122333; Checking Box Human Car
29; Driver; Interference; None; 31.10.2023 13:38:03; 849.9891; -0.01223029; 203; Before; 6.140484; Checking Box Human Car
29; Driver; Interference; None; 31.10.2023 13:38:03; 849.988; -0.01223085; 203; Before; 6.15758; Checking Box Human Car
29; Driver; Interference; None; 31.10.2023 13:38:03; 849.9869; -0.01223108; 203; Before; 6.174375; Checking Box Human Car
29; Driver; Interference; None; 31.10.2023 13:38:03; 849.9863; -0.01223133; 203; Before; 6.190032; Checking Box Human Car
29; Driver; Interference; None; 31.10.2023 13:38:03; 849.9849; -0.01223181; 203; Before; 6.209698; Checking Box Human Car
29; Driver; Interference; None; 31.10.2023 13:38:03; 849.9843; -0.01223221; 203; Before; 6.246071; null
29; Driver; Interference; None; 31.10.2023 13:38:03; 849.9822; -0.0122333; 203; Before; 6.261963; null
29; Driver; Interference; None; 31.10.2023 13:38:03; 849.9816; -0.01223397; 203; Before; 6.291465; null
29; Driver; Interference; None; 31.10.2023 13:38:03; 849.9801; -0.01223497; 203; Before; 6.291465; null
29; Driver; Interference; None; 31.10.2023 13:38:03; 849.9785; -0.01223634; 203; Before; 6.321921; null
29; Driver; Interference; None; 31.10.2023 13:38:03; 849.9769; -0.01223755; 203; Before; 6.337799; null
29; Driver; Interference; None; 31.10.2023 13:38:03; 849.9754; -0.01223737; 203; Before; 6.351434; null
29; Driver; Interference; None; 31.10.2023 13:38:03; 849.9738; -0.01223745; 203; Before; 6.37737; null
29; Driver; Interference; None; 31.10.2023 13:38:03; 849.9729; -0.01223765; 203; Before; 6.395859; null
29; Driver; Interference; None; 31.10.2023 13:38:03; 849.971; -0.01223788; 203; Before; 6.414769; null
29; Driver; Interference; None; 31.10.2023 13:38:03; 849.9702; -0.0122382; 203; Before; 6.445169; null
29; Driver; Interference; None; 31.10.2023 13:38:04; 849.9672; -0.01223975; 203; Before; 6.460853; null
29; Driver; Interference; None; 31.10.2023 13:38:04; 849.9663; -0.01224033; 203; Before; 6.489472; null
29; Driver; Interference; None; 31.10.2023 13:38:04; 849.9642; -0.0122411; 203; Before; 6.489472; null
29; Driver; Interference; None; 31.10.2023 13:38:04; 849.9631; -0.01224158; 203; Before; 6.523545; null
29; Driver; Interference; None; 31.10.2023 13:38:04; 849.96; -0.01224271; 203; Before; 6.541293; null
29; Driver; Interference; None; 31.10.2023 13:38:04; 849.9589; -0.01224346; 203; Before; 6.571447; null
29; Driver; Interference; None; 31.10.2023 13:38:04; 849.9568; -0.01224444; 203; Before; 6.585932; null
29; Driver; Interference; None; 31.10.2023 13:38:04; 849.9546; -0.01224564; 203; Before; 6.60147; null
29; Driver; Interference; None; 31.10.2023 13:38:04; 849.9525; -0.01224567; 203; Before; 6.618501; null
29; Driver; Interference; None; 31.10.2023 13:38:04; 849.9515; -0.01224619; 203; Before; 6.649834; null
29; Driver; Interference; None; 31.10.2023 13:38:04; 849.9493; -0.01224675; 203; Before; 6.664205; null
29; Driver; Interference; None; 31.10.2023 13:38:04; 849.9469; -0.01224633; 203; Before; 6.682512; null
29; Driver; Interference; None; 31.10.2023 13:38:04; 849.9443; -0.01224678; 203; Before; 6.701632; null
29; Driver; Interference; None; 31.10.2023 13:38:04; 849.942; -0.01224621; 203; Before; 6.719641; null
29; Driver; Interference; None; 31.10.2023 13:38:04; 849.9395; -0.01224521; 203; Before; 6.736971; null
29; Driver; Interference; None; 31.10.2023 13:38:04; 849.9383; -0.01224558; 203; Before; 6.769659; null
29; Driver; Interference; None; 31.10.2023 13:38:04; 849.9344; -0.01224673; 203; Before; 6.783994; null
29; Driver; Interference; None; 31.10.2023 13:38:04; 849.933; -0.01224765; 203; Before; 6.798245; null
29; Driver; Interference; None; 31.10.2023 13:38:04; 849.9302; -0.01224895; 203; Before; 6.81216; null
29; Driver; Interference; None; 31.10.2023 13:38:04; 849.929; -0.01224957; 203; Before; 6.845175; null
29; Driver; Interference; None; 31.10.2023 13:38:04; 849.9262; -0.01225022; 203; Before; 6.862615; null
29; Driver; Interference; None; 31.10.2023 13:38:04; 849.9222; -0.01224997; 203; Before; 6.880461; null
29; Driver; Interference; None; 31.10.2023 13:38:04; 849.9208; -0.01225043; 203; Before; 6.898331; null
29; Driver; Interference; None; 31.10.2023 13:38:04; 849.9179; -0.01225007; 203; Before; 6.915075; null
29; Driver; Interference; None; 31.10.2023 13:38:04; 849.915; -0.01225031; 203; Before; 6.932249; null
29; Driver; Interference; None; 31.10.2023 13:38:04; 849.9136; -0.01225068; 203; Before; 6.966107; null
29; Driver; Interference; None; 31.10.2023 13:38:04; 849.909; -0.01225154; 203; Before; 6.981833; null
29; Driver; Interference; None; 31.10.2023 13:38:04; 849.9074; -0.0122525; 203; Before; 6.99945; null
29; Driver; Interference; None; 31.10.2023 13:38:04; 849.9043; -0.01225247; 203; Before; 7.015696; null
29; Driver; Interference; None; 31.10.2023 13:38:04; 849.9011; -0.01225295; 203; Before; 7.032924; null
29; Driver; Interference; None; 31.10.2023 13:38:04; 849.8979; -0.01225248; 203; Before; 7.051663; null
29; Driver; Interference; None; 31.10.2023 13:38:04; 849.8962; -0.01225256; 203; Before; 7.088275; null
29; Driver; Interference; None; 31.10.2023 13:38:04; 849.8929; -0.01225267; 203; Before; 7.088275; null
29; Driver; Interference; None; 31.10.2023 13:38:04; 849.8898; -0.01225222; 203; Before; 7.108181; null
29; Driver; Interference; None; 31.10.2023 13:38:04; 849.8881; -0.01225233; 203; Before; 7.145713; null
29; Driver; Interference; None; 31.10.2023 13:38:04; 849.8848; -0.01225273; 203; Before; 7.164293; null
29; Driver; Interference; None; 31.10.2023 13:38:04; 849.8795; -0.01225276; 203; Before; 7.181658; null
29; Driver; Interference; None; 31.10.2023 13:38:04; 849.8778; -0.01225379; 203; Before; 7.199723; null
29; Driver; Interference; None; 31.10.2023 13:38:04; 849.8743; -0.01225409; 203; Before; 7.217; null
29; Driver; Interference; None; 31.10.2023 13:38:04; 849.8706; -0.01225513; 203; Before; 7.234536; null
29; Driver; Interference; None; 31.10.2023 13:38:04; 849.8668; -0.01225534; 203; Before; 7.252402; null
29; Driver; Interference; None; 31.10.2023 13:38:04; 849.8647; -0.01225586; 203; Before; 7.289717; null
29; Driver; Interference; None; 31.10.2023 13:38:04; 849.861; -0.01225676; 203; Before; 7.289717; null
29; Driver; Interference; None; 31.10.2023 13:38:04; 849.8572; -0.01225688; 203; Before; 7.307934; null
29; Driver; Interference; None; 31.10.2023 13:38:04; 849.8552; -0.01225731; 203; Before; 7.343045; null
29; Driver; Interference; None; 31.10.2023 13:38:04; 849.8511; -0.01225809; 203; Before; 7.360686; null
29; Driver; Interference; None; 31.10.2023 13:38:04; 849.8469; -0.01225811; 203; Before; 7.381902; null
29; Driver; Interference; None; 31.10.2023 13:38:04; 849.8426; -0.0122577; 203; Before; 7.381902; null
29; Driver; Interference; None; 31.10.2023 13:38:04; 849.8382; -0.01225926; 203; Before; 7.420904; null
29; Driver; Interference; None; 31.10.2023 13:38:04; 849.8338; -0.01225971; 203; Before; 7.438572; null
29; Driver; Interference; None; 31.10.2023 13:38:05; 849.8292; -0.01226135; 203; Before; 7.454355; null
29; Driver; Interference; None; 31.10.2023 13:38:05; 849.8245; -0.01226209; 203; Before; 7.47515; null
29; Driver; Interference; None; 31.10.2023 13:38:05; 849.8221; -0.01226298; 203; Before; 7.492718; null
29; Driver; Interference; None; 31.10.2023 13:38:05; 849.8172; -0.01226456; 203; Before; 7.510459; null
29; Driver; Interference; None; 31.10.2023 13:38:05; 849.8123; -0.0122651; 203; Before; 7.528327; null
29; Driver; Interference; None; 31.10.2023 13:38:05; 849.8072; -0.01226475; 203; Before; 7.547536; null
29; Driver; Interference; None; 31.10.2023 13:38:05; 849.8046; -0.01226522; 203; Before; 7.588652; null
29; Driver; Interference; None; 31.10.2023 13:38:05; 849.7994; -0.01226637; 203; Before; 7.588652; null
29; Driver; Interference; None; 31.10.2023 13:38:05; 849.7941; -0.01226664; 203; Before; 7.608055; null
29; Driver; Interference; None; 31.10.2023 13:38:05; 849.7913; -0.01226753; 203; Before; 7.642902; null
29; Driver; Interference; None; 31.10.2023 13:38:05; 849.7859; -0.01226926; 203; Before; 7.661336; null
29; Driver; Interference; None; 31.10.2023 13:38:05; 849.7776; -0.01227081; 203; Before; 7.680257; null
29; Driver; Interference; None; 31.10.2023 13:38:05; 849.7748; -0.01227292; 203; Before; 7.697953; null
29; Driver; Interference; None; 31.10.2023 13:38:05; 849.7689; -0.01227403; 203; Before; 7.715923; null
29; Driver; Interference; None; 31.10.2023 13:38:05; 849.7629; -0.01227633; 203; Before; 7.731768; null
29; Driver; Interference; None; 31.10.2023 13:38:05; 849.7598; -0.01227786; 203; Before; 7.768607; null
29; Driver; Interference; None; 31.10.2023 13:38:05; 849.7535; -0.01228018; 203; Before; 7.786182; null
29; Driver; Interference; None; 31.10.2023 13:38:05; 849.7472; -0.01228049; 203; Before; 7.786182; null
29; Driver; Interference; None; 31.10.2023 13:38:05; 849.744; -0.01228116; 203; Before; 7.823806; null
29; Driver; Interference; None; 31.10.2023 13:38:05; 849.7337; -0.01228304; 203; Before; 7.841436; BicycleInterference
29; Driver; Interference; None; 31.10.2023 13:38:05; 849.7303; -0.01228524; 203; Before; 7.871044; null
29; Driver; Interference; None; 31.10.2023 13:38:05; 849.7231; -0.01228843; 203; Before; 7.88599; null
29; Driver; Interference; None; 31.10.2023 13:38:05; 849.7156; -0.01229322; 203; Before; 7.900846; null
29; Driver; Interference; None; 31.10.2023 13:38:05; 849.708; -0.01229727; 203; Before; 7.917624; null
29; Driver; Interference; None; 31.10.2023 13:38:05; 849.7001; -0.01229798; 203; Before; 7.930811; null
29; Driver; Interference; None; 31.10.2023 13:38:05; 849.692; -0.01229639; 203; Before; 7.946234; BicycleInterference
29; Driver; Interference; None; 31.10.2023 13:38:05; 849.6878; -0.0122964; 203; Before; 7.987233; BicycleInterference
29; Driver; Interference; None; 31.10.2023 13:38:05; 849.6793; -0.01229632; 203; Before; 7.987233; BicycleInterference
29; Driver; Interference; None; 31.10.2023 13:38:05; 849.675; -0.01229719; 203; Before; 8.023715; BicycleInterference
29; Driver; Interference; None; 31.10.2023 13:38:05; 849.6613; -0.01230029; 203; Before; 8.041384; Checking Box AICar
29; Driver; Interference; None; 31.10.2023 13:38:05; 849.6519; -0.01230295; 203; Before; 8.058205; Checking Box AICar
29; Driver; Interference; None; 31.10.2023 13:38:05; 849.642; -0.01230334; 203; Before; 8.074904; Checking Box AICar
29; Driver; Interference; None; 31.10.2023 13:38:05; 849.6368; -0.01230464; 203; Before; 8.092018; Checking Box AICar
29; Driver; Interference; None; 31.10.2023 13:38:05; 849.6261; -0.01230332; 203; Before; 8.110551; Checking Box AICar
29; Driver; Interference; None; 31.10.2023 13:38:05; 849.6147; -0.01230168; 203; Before; 8.138287; Checking Box AICar
29; Driver; Interference; None; 31.10.2023 13:38:05; 849.6027; -0.01229365; 203; Before; 8.138287; Checking Box AICar
29; Driver; Interference; None; 31.10.2023 13:38:05; 849.5899; -0.01227775; 203; Before; 8.138287; Checking Box AICar
29; Driver; Interference; None; 31.10.2023 13:38:05; 849.5833; -0.01226805; 203; Before; 8.138287; Checking Box AICar
29; Driver; Interference; None; 31.10.2023 13:38:05; 849.5694; -0.01225971; 203; Before; 8.156737; Checking Box AICar
29; Driver; Interference; None; 31.10.2023 13:38:05; 849.5621; -0.01226107; 203; Before; 8.243477; Checking Box AICar
29; Driver; Interference; None; 31.10.2023 13:38:05; 849.5469; -0.01226994; 203; Before; 8.261041; Checking Box AICar
29; Driver; Interference; None; 31.10.2023 13:38:05; 849.531; -0.01228208; 202.9999; Before; 8.285498; Checking Box AICar
29; Driver; Interference; None; 31.10.2023 13:38:05; 849.5142; -0.0122959; 202.9999; Before; 8.285498; Checking Box AICar
29; Driver; Interference; None; 31.10.2023 13:38:05; 849.4966; -0.01231971; 202.9999; Before; 8.322705; Checking Box AICar
29; Driver; Interference; None; 31.10.2023 13:38:05; 849.4783; -0.01234528; 202.9998; Before; 8.33846; Checking Box AICar
29; Driver; Interference; None; 31.10.2023 13:38:05; 849.4689; -0.01235868; 202.9998; Before; 8.367214; Checking Box AICar
29; Driver; Interference; None; 31.10.2023 13:38:05; 849.4392; -0.01239271; 202.9998; Before; 8.383747; Checking Box AICar
29; Driver; Interference; None; 31.10.2023 13:38:05; 849.4289; -0.01240638; 202.9998; Before; 8.398762; Checking Box AICar
29; Driver; Interference; None; 31.10.2023 13:38:05; 849.4077; -0.01241913; 202.9997; Before; 8.413122; Checking Box AICar
29; Driver; Interference; None; 31.10.2023 13:38:05; 849.3857; -0.01243162; 202.9997; Before; 8.431127; Checking Box AICar
29; Driver; Interference; None; 31.10.2023 13:38:06; 849.3744; -0.01243798; 202.9997; Before; 8.466051; Checking Box AICar
29; Driver; Interference; None; 31.10.2023 13:38:06; 849.3512; -0.01245903; 202.9996; Before; 8.495036; Checking Box AICar
29; Driver; Interference; None; 31.10.2023 13:38:06; 849.3271; -0.01247447; 202.9996; Before; 8.495036; Checking Box AICar
29; Driver; Interference; None; 31.10.2023 13:38:06; 849.3023; -0.01249047; 202.9996; Before; 8.52393; Checking Box AICar
29; Driver; Interference; None; 31.10.2023 13:38:06; 849.2766; -0.01250078; 202.9996; Before; 8.538795; Checking Box AICar
29; Driver; Interference; None; 31.10.2023 13:38:06; 849.2501; -0.01249787; 202.9995; Before; 8.552669; Checking Box AICar
29; Driver; Interference; None; 31.10.2023 13:38:06; 849.2366; -0.01249755; 202.9995; Before; 8.590176; null
29; Driver; Interference; None; 31.10.2023 13:38:06; 849.2088; -0.01249402; 202.9995; Before; 8.590176; null
29; Driver; Interference; None; 31.10.2023 13:38:06; 849.1801; -0.01249945; 202.9995; Before; 8.623219; null
29; Driver; Interference; None; 31.10.2023 13:38:06; 849.1506; -0.01250564; 202.9995; Before; 8.638927; null
29; Driver; Interference; None; 31.10.2023 13:38:06; 849.1354; -0.01251009; 202.9995; Before; 8.666758; null
29; Driver; Interference; None; 31.10.2023 13:38:06; 849.0887; -0.01253121; 202.9995; Before; 8.682227; BicycleInterference
29; Driver; Interference; None; 31.10.2023 13:38:06; 849.0726; -0.01253772; 202.9995; Before; 8.696339; BicycleInterference
29; Driver; Interference; None; 31.10.2023 13:38:06; 849.0398; -0.01254516; 202.9995; Before; 8.709185; BicycleInterference
29; Driver; Interference; None; 31.10.2023 13:38:06; 849.023; -0.01254996; 202.9995; Before; 8.746064; BicycleInterference
29; Driver; Interference; None; 31.10.2023 13:38:06; 848.9714; -0.01257188; 202.9995; Before; 8.760857; BicycleInterference
29; Driver; Interference; None; 31.10.2023 13:38:06; 848.9537; -0.01257833; 202.9995; Before; 8.79076; BicycleInterference
29; Driver; Interference; None; 31.10.2023 13:38:06; 848.9175; -0.01258487; 202.9995; Before; 8.79076; BicycleInterference
29; Driver; Interference; None; 31.10.2023 13:38:06; 848.8804; -0.01259915; 202.9995; Before; 8.820967; BicycleInterference
29; Driver; Interference; None; 31.10.2023 13:38:06; 848.8423; -0.01261079; 202.9995; Before; 8.836481; BicycleInterference
29; Driver; Interference; None; 31.10.2023 13:38:06; 848.8229; -0.01261707; 202.9995; Before; 8.867475; BicycleInterference
29; Driver; Interference; None; 31.10.2023 13:38:06; 848.7632; -0.01260494; 202.9995; Before; 8.867475; BicycleInterference
29; Driver; Interference; None; 31.10.2023 13:38:06; 848.7429; -0.01259971; 202.9995; Before; 8.884419; BicycleInterference
29; Driver; Interference; None; 31.10.2023 13:38:06; 848.7222; -0.012603; 202.9995; Before; 8.927609; BicycleInterference
29; Driver; Interference; None; 31.10.2023 13:38:06; 848.6589; -0.01261293; 202.9995; Before; 8.941791; BicycleInterference
29; Driver; Interference; None; 31.10.2023 13:38:06; 848.6154; -0.0126212; 202.9995; Before; 8.956551; BicycleInterference
29; Driver; Interference; None; 31.10.2023 13:38:06; 848.5933; -0.01262851; 202.9995; Before; 8.987061; BicycleInterference
29; Driver; Interference; None; 31.10.2023 13:38:06; 848.5483; -0.01266413; 202.9995; Before; 9.001742; BicycleInterference
29; Driver; Interference; None; 31.10.2023 13:38:06; 848.5023; -0.01269363; 202.9995; Before; 9.016173; BicycleInterference
29; Driver; Interference; None; 31.10.2023 13:38:06; 848.4553; -0.01272651; 202.9995; Before; 9.04282; BicycleInterference
29; Driver; Interference; None; 31.10.2023 13:38:06; 848.4315; -0.01274975; 202.9995; Before; 9.070571; BicycleInterference
29; Driver; Interference; None; 31.10.2023 13:38:06; 848.3583; -0.0127884; 202.9995; Before; 9.085401; BicycleInterference
29; Driver; Interference; None; 31.10.2023 13:38:06; 848.3334; -0.01280369; 202.9995; Before; 9.09982; BicycleInterference
29; Driver; Interference; None; 31.10.2023 13:38:06; 848.2829; -0.01281634; 202.9995; Before; 9.114274; null
29; Driver; Interference; None; 31.10.2023 13:38:06; 848.2313; -0.01283004; 202.9995; Before; 9.142381; null
29; Driver; Interference; None; 31.10.2023 13:38:06; 848.205; -0.01284436; 202.9995; Before; 9.170896; null
29; Driver; Interference; None; 31.10.2023 13:38:06; 848.1248; -0.01285676; 202.9995; Before; 9.185744; null
29; Driver; Interference; None; 31.10.2023 13:38:06; 848.0975; -0.01283535; 202.9995; Before; 9.185744; null
29; Driver; Interference; None; 31.10.2023 13:38:06; 848.0421; -0.01282951; 202.9995; Before; 9.221229; null
29; Driver; Interference; None; 31.10.2023 13:38:06; 847.9855; -0.01282341; 202.9995; Before; 9.238914; null
29; Driver; Interference; None; 31.10.2023 13:38:06; 847.9568; -0.01282274; 202.9995; Before; 9.267048; null
29; Driver; Interference; None; 31.10.2023 13:38:06; 847.8987; -0.01284726; 202.9995; Before; 9.295962; null
29; Driver; Interference; None; 31.10.2023 13:38:06; 847.8395; -0.01286437; 202.9995; Before; 9.295962; null
29; Driver; Interference; None; 31.10.2023 13:38:06; 847.7792; -0.01288821; 202.9995; Before; 9.323375; null
29; Driver; Interference; None; 31.10.2023 13:38:06; 847.7178; -0.01290302; 202.9995; Before; 9.338278; null
29; Driver; Interference; None; 31.10.2023 13:38:06; 847.6867; -0.01290967; 202.9995; Before; 9.365899; null
29; Driver; Interference; None; 31.10.2023 13:38:06; 847.6237; -0.01294482; 202.9995; Before; 9.395399; null
29; Driver; Interference; None; 31.10.2023 13:38:06; 847.5597; -0.0129649; 202.9995; Before; 9.395399; null
29; Driver; Interference; None; 31.10.2023 13:38:06; 847.4946; -0.01298677; 202.9995; Before; 9.423127; null
29; Driver; Interference; None; 31.10.2023 13:38:06; 847.4285; -0.01299528; 202.9995; Before; 9.437661; null
29; Driver; Interference; None; 31.10.2023 13:38:07; 847.395; -0.0129979; 202.9995; Before; 9.466631; null
29; Driver; Interference; None; 31.10.2023 13:38:07; 847.293; -0.01301104; 202.9995; Before; 9.480906; null
29; Driver; Interference; None; 31.10.2023 13:38:07; 847.2585; -0.01301167; 202.9995; Before; 9.495237; null
29; Driver; Interference; None; 31.10.2023 13:38:07; 847.2237; -0.01302126; 202.9995; Before; 9.524912; null
29; Driver; Interference; None; 31.10.2023 13:38:07; 847.1177; -0.01302358; 202.9995; Before; 9.54024; null
29; Driver; Interference; None; 31.10.2023 13:38:07; 847.0818; -0.01303398; 202.9995; Before; 9.571317; null
29; Driver; Interference; None; 31.10.2023 13:38:07; 847.0093; -0.01303739; 202.9995; Before; 9.586128; null
29; Driver; Interference; None; 31.10.2023 13:38:07; 846.9357; -0.01305141; 202.9995; Before; 9.601923; BicycleInterference
29; Driver; Interference; None; 31.10.2023 13:38:07; 846.861; -0.01302914; 202.9995; Before; 9.618758; BicycleInterference
29; Driver; Interference; None; 31.10.2023 13:38:07; 846.7852; -0.01301701; 202.9995; Before; 9.63318; Checking Box AICar
29; Driver; Interference; None; 31.10.2023 13:38:07; 846.7082; -0.0129842; 202.9995; Before; 9.651857; Checking Box AICar
29; Driver; Interference; None; 31.10.2023 13:38:07; 846.6693; -0.01297649; 202.9995; Before; 9.6927; Checking Box AICar
29; Driver; Interference; None; 31.10.2023 13:38:07; 846.5907; -0.01296167; 202.9995; Before; 9.6927; Checking Box AICar
29; Driver; Interference; None; 31.10.2023 13:38:07; 846.5109; -0.01297951; 202.9995; Before; 9.722939; Checking Box AICar
29; Driver; Interference; None; 31.10.2023 13:38:07; 846.4301; -0.01300373; 202.9995; Before; 9.737823; Checking Box AICar
29; Driver; Interference; None; 31.10.2023 13:38:07; 846.3892; -0.01301977; 202.9995; Before; 9.766212; null
29; Driver; Interference; None; 31.10.2023 13:38:07; 846.265; -0.01308686; 202.9995; Before; 9.781238; null
29; Driver; Interference; None; 31.10.2023 13:38:07; 846.223; -0.01310608; 202.9995; Before; 9.795661; Checking Box AICar
29; Driver; Interference; None; 31.10.2023 13:38:07; 846.1807; -0.01313581; 202.9995; Before; 9.825383; Checking Box AICar
29; Driver; Interference; None; 31.10.2023 13:38:07; 846.0521; -0.01318595; 202.9995; Before; 9.840984; Checking Box AICar
29; Driver; Interference; None; 31.10.2023 13:38:07; 845.9648; -0.01319566; 202.9995; Before; 9.858639; Checking Box AICar
29; Driver; Interference; None; 31.10.2023 13:38:07; 845.9208; -0.01320075; 202.9995; Before; 9.888916; Checking Box AICar
29; Driver; Interference; None; 31.10.2023 13:38:07; 845.8319; -0.01324412; 202.9995; Before; 9.904006; Checking Box AICar
29; Driver; Interference; None; 31.10.2023 13:38:07; 845.7418; -0.01323435; 202.9995; Before; 9.918796; Checking Box AICar
29; Driver; Interference; None; 31.10.2023 13:38:07; 845.6962; -0.01325164; 202.9995; Before; 9.947942; Checking Box AICar
29; Driver; Interference; None; 31.10.2023 13:38:07; 845.5577; -0.0132678; 202.9995; Before; 9.962709; Checking Box AICar
29; Driver; Interference; None; 31.10.2023 13:38:07; 845.5109; -0.01328494; 202.9995; Before; 9.992947; Checking Box AICar
29; Driver; Interference; None; 31.10.2023 13:38:07; 845.4163; -0.01329491; 202.9996; Before; 9.992947; Checking Box AICar
29; Driver; Interference; None; 31.10.2023 13:38:07; 845.3204; -0.01331634; 202.9996; Before; 10.02301; Checking Box AICar
29; Driver; Interference; None; 31.10.2023 13:38:07; 845.2233; -0.01332529; 202.9996; Before; 10.03815; Checking Box AICar
29; Driver; Interference; None; 31.10.2023 13:38:07; 845.1743; -0.01332937; 202.9996; Before; 10.06613; Checking Box AICar
29; Driver; Interference; None; 31.10.2023 13:38:07; 845.0251; -0.01331668; 202.9997; Before; 10.08184; Checking Box AICar
29; Driver; Interference; None; 31.10.2023 13:38:07; 844.9748; -0.01332944; 202.9998; Before; 10.09822; Checking Box AICar
29; Driver; Interference; None; 31.10.2023 13:38:07; 844.8732; -0.01329581; 202.9998; Before; 10.11479; Checking Box AICar
29; Driver; Interference; None; 31.10.2023 13:38:07; 844.8218; -0.01330934; 202.9999; Before; 10.1475; null
29; Driver; Interference; None; 31.10.2023 13:38:07; 844.666; -0.01332693; 203; Before; 10.16267; null
29; Driver; Interference; None; 31.10.2023 13:38:07; 844.6133; -0.01335035; 203.0001; Before; 10.193; null
29; Driver; Interference; None; 31.10.2023 13:38:07; 844.5072; -0.01337387; 203.0003; Before; 10.193; null
29; Driver; Interference; None; 31.10.2023 13:38:07; 844.3998; -0.01341293; 203.0004; Before; 10.22222; null
29; Driver; Interference; None; 31.10.2023 13:38:07; 844.2911; -0.01343822; 203.0006; Before; 10.23707; null
29; Driver; Interference; None; 31.10.2023 13:38:07; 844.2363; -0.01344984; 203.0007; Before; 10.26639; null
29; Driver; Interference; None; 31.10.2023 13:38:07; 844.0699; -0.0134952; 203.0011; Before; 10.28181; null
29; Driver; Interference; None; 31.10.2023 13:38:07; 844.0138; -0.01340805; 203.0012; Before; 10.29601; null
29; Driver; Interference; None; 31.10.2023 13:38:07; 843.9006; -0.01319762; 203.0015; Before; 10.31574; null
29; Driver; Interference; None; 31.10.2023 13:38:07; 843.8436; -0.01314455; 203.0016; Before; 10.34611; null
29; Driver; Interference; None; 31.10.2023 13:38:07; 843.6706; -0.01309114; 203.0021; Before; 10.36027; null
29; Driver; Interference; None; 31.10.2023 13:38:07; 843.6123; -0.01308613; 203.0023; Before; 10.39044; null
29; Driver; Interference; None; 31.10.2023 13:38:07; 843.4948; -0.01308656; 203.0027; Before; 10.39044; null
29; Driver; Interference; None; 31.10.2023 13:38:07; 843.3761; -0.0131291; 203.0031; Before; 10.42188; null
29; Driver; Interference; None; 31.10.2023 13:38:07; 843.2562; -0.0131872; 203.0036; Before; 10.43763; null
29; Driver; Interference; None; 31.10.2023 13:38:08; 843.1957; -0.0132148; 203.0039; Before; 10.46629; null
29; Driver; Interference; None; 31.10.2023 13:38:08; 843.0127; -0.01332984; 203.0047; Before; 10.48249; null
29; Driver; Interference; None; 31.10.2023 13:38:08; 842.9511; -0.01335545; 203.005; Before; 10.49693; null
29; Driver; Interference; None; 31.10.2023 13:38:08; 842.8271; -0.01345197; 203.0057; Before; 10.52542; null
29; Driver; Interference; None; 31.10.2023 13:38:08; 842.7019; -0.01351593; 203.0063; Before; 10.53896; Checking Box AICar
29; Driver; Interference; None; 31.10.2023 13:38:08; 842.6389; -0.01353226; 203.0067; Before; 10.56755; Checking Box AICar
29; Driver; Interference; None; 31.10.2023 13:38:08; 842.4482; -0.01357958; 203.0079; Before; 10.58215; Checking Box AICar
29; Driver; Interference; None; 31.10.2023 13:38:08; 842.3842; -0.01357577; 203.0083; Before; 10.59602; Checking Box AICar
29; Driver; Interference; None; 31.10.2023 13:38:08; 842.2551; -0.01348548; 203.0091; Before; 10.61086; Checking Box AICar
29; Driver; Interference; None; 31.10.2023 13:38:08; 842.125; -0.01336218; 203.01; Before; 10.63822; Checking Box AICar
29; Driver; Interference; None; 31.10.2023 13:38:08; 842.0596; -0.01334905; 203.0105; Before; 10.67061; Checking Box AICar
29; Driver; Interference; None; 31.10.2023 13:38:08; 841.8616; -0.01332203; 203.012; Before; 10.68495; Checking Box AICar
29; Driver; Interference; None; 31.10.2023 13:38:08; 841.795; -0.01334506; 203.0125; Before; 10.69875; Checking Box AICar
29; Driver; Interference; None; 31.10.2023 13:38:08; 841.7283; -0.01339075; 203.013; Before; 10.72668; Checking Box AICar
29; Driver; Interference; None; 31.10.2023 13:38:08; 841.5264; -0.01348169; 203.0147; Before; 10.74166; Checking Box AICar
29; Driver; Interference; None; 31.10.2023 13:38:08; 841.4586; -0.01352564; 203.0152; Before; 10.77032; Checking Box AICar
29; Driver; Interference; None; 31.10.2023 13:38:08; 841.2537; -0.01359269; 203.017; Before; 10.78498; Checking Box AICar
29; Driver; Interference; None; 31.10.2023 13:38:08; 841.1849; -0.01362525; 203.0177; Before; 10.79864; Checking Box AICar
29; Driver; Interference; None; 31.10.2023 13:38:08; 841.1158; -0.01367191; 203.0183; Before; 10.82624; null
29; Driver; Interference; None; 31.10.2023 13:38:08; 840.9073; -0.01372298; 203.0203; Before; 10.8406; null
29; Driver; Interference; None; 31.10.2023 13:38:08; 840.8373; -0.01374526; 203.021; Before; 10.86982; null
29; Driver; Interference; None; 31.10.2023 13:38:08; 840.6258; -0.01379981; 203.0232; Before; 10.88386; null
29; Driver; Interference; None; 31.10.2023 13:38:08; 840.5548; -0.01379333; 203.0239; Before; 10.89758; null
29; Driver; Interference; None; 31.10.2023 13:38:08; 840.4121; -0.01374922; 203.0255; Before; 10.91019; null
29; Driver; Interference; None; 31.10.2023 13:38:08; 840.3405; -0.01372117; 203.0263; Before; 10.94569; null
29; Driver; Interference; None; 31.10.2023 13:38:08; 840.1241; -0.01362053; 203.0287; Before; 10.96198; null
29; Driver; Interference; None; 31.10.2023 13:38:08; 840.0515; -0.01361687; 203.0296; Before; 10.99024; null
29; Driver; Interference; None; 31.10.2023 13:38:08; 839.9057; -0.01367825; 203.0313; Before; 11.00394; null
29; Driver; Interference; None; 31.10.2023 13:38:08; 839.7591; -0.01365616; 203.0331; Before; 11.0184; null
29; Driver; Interference; None; 31.10.2023 13:38:08; 839.6855; -0.01368161; 203.0341; Before; 11.04635; null
29; Driver; Interference; None; 31.10.2023 13:38:08; 839.4636; -0.01377155; 203.0369; Before; 11.06034; null
29; Driver; Interference; None; 31.10.2023 13:38:08; 839.3892; -0.01378092; 203.0379; Before; 11.0877; null
29; Driver; Interference; None; 31.10.2023 13:38:08; 839.2399; -0.01385221; 203.0399; Before; 11.10332; null
29; Driver; Interference; None; 31.10.2023 13:38:08; 839.0898; -0.01388624; 203.042; Before; 11.11754; null
29; Driver; Interference; None; 31.10.2023 13:38:08; 838.939; -0.01390408; 203.0441; Before; 11.14401; null
29; Driver; Interference; None; 31.10.2023 13:38:08; 838.7875; -0.01389584; 203.0462; Before; 11.15965; null
29; Driver; Interference; None; 31.10.2023 13:38:08; 838.7114; -0.01387965; 203.0474; Before; 11.1921; null
29; Driver; Interference; None; 31.10.2023 13:38:08; 838.5588; -0.01382311; 203.0496; Before; 11.1921; null
29; Driver; Interference; None; 31.10.2023 13:38:08; 838.4054; -0.01370347; 203.0519; Before; 11.20811; null
29; Driver; Interference; None; 31.10.2023 13:38:08; 838.2513; -0.01364011; 203.0542; Before; 11.24256; Checking Box AICar
29; Driver; Interference; None; 31.10.2023 13:38:08; 838.174; -0.01365638; 203.0554; Before; 11.27174; Checking Box AICar
29; Driver; Interference; None; 31.10.2023 13:38:08; 837.9409; -0.01368043; 203.059; Before; 11.28594; Checking Box AICar
29; Driver; Interference; None; 31.10.2023 13:38:08; 837.8628; -0.01371386; 203.0603; Before; 11.29927; Checking Box AICar
29; Driver; Interference; None; 31.10.2023 13:38:08; 837.7845; -0.01376867; 203.0615; Before; 11.32749; Checking Box AICar
29; Driver; Interference; None; 31.10.2023 13:38:08; 837.5488; -0.01385478; 203.0652; Before; 11.34207; Checking Box AICar
29; Driver; Interference; None; 31.10.2023 13:38:08; 837.4698; -0.01389365; 203.0665; Before; 11.37039; Checking Box AICar
29; Driver; Interference; None; 31.10.2023 13:38:08; 837.2321; -0.01392735; 203.0703; Before; 11.38444; Checking Box AICar
29; Driver; Interference; None; 31.10.2023 13:38:08; 837.1526; -0.0138616; 203.0715; Before; 11.38444; Checking Box AICar
29; Driver; Interference; None; 31.10.2023 13:38:08; 836.993; -0.01382686; 203.0741; Before; 11.42012; Checking Box AICar
29; Driver; Interference; None; 31.10.2023 13:38:08; 836.8332; -0.01380413; 203.0768; Before; 11.43699; Checking Box AICar
29; Driver; Interference; None; 31.10.2023 13:38:09; 836.7532; -0.01379173; 203.0781; Before; 11.46596; Checking Box AICar
29; Driver; Interference; None; 31.10.2023 13:38:09; 836.5131; -0.01381638; 203.0821; Before; 11.48129; Checking Box AICar
29; Driver; Interference; None; 31.10.2023 13:38:09; 836.433; -0.01381627; 203.0834; Before; 11.49619; Checking Box AICar
29; Driver; Interference; None; 31.10.2023 13:38:09; 836.353; -0.01384214; 203.0847; Before; 11.52612; Checking Box AICar
29; Driver; Interference; None; 31.10.2023 13:38:09; 836.1132; -0.01386617; 203.0888; Before; 11.54117; Checking Box AICar
29; Driver; Interference; None; 31.10.2023 13:38:09; 836.0334; -0.01389286; 203.0901; Before; 11.57045; Checking Box AICar
29; Driver; Interference; None; 31.10.2023 13:38:09; 835.7946; -0.01390993; 203.0943; Before; 11.58528; Checking Box AICar
29; Driver; Interference; None; 31.10.2023 13:38:09; 835.7151; -0.01393184; 203.0956; Before; 11.59955; Checking Box AICar
29; Driver; Interference; None; 31.10.2023 13:38:09; 835.5566; -0.01393845; 203.0984; Before; 11.61356; Checking Box AICar
29; Driver; Interference; None; 31.10.2023 13:38:09; 835.3984; -0.01394711; 203.1012; Before; 11.64223; Checking Box AICar
29; Driver; Interference; None; 31.10.2023 13:38:09; 835.3194; -0.01398124; 203.1026; Before; 11.67178; Checking Box AICar
29; Driver; Interference; None; 31.10.2023 13:38:09; 835.1617; -0.01400076; 203.1054; Before; 11.68602; Checking Box AICar
29; Driver; Interference; None; 31.10.2023 13:38:09; 835.0043; -0.01400914; 203.1082; Before; 11.70088; Checking Box AICar
29; Driver; Interference; None; 31.10.2023 13:38:09; 834.8474; -0.0139943; 203.111; Before; 11.71624; Checking Box AICar
29; Driver; Interference; None; 31.10.2023 13:38:09; 834.769; -0.01397492; 203.1124; Before; 11.74442; Checking Box AICar
29; Driver; Interference; None; 31.10.2023 13:38:09; 834.5345; -0.01394744; 203.1167; Before; 11.76023; Checking Box AICar
29; Driver; Interference; None; 31.10.2023 13:38:09; 834.4565; -0.0139239; 203.1181; Before; 11.78863; Checking Box AICar
29; Driver; Interference; None; 31.10.2023 13:38:09; 834.3008; -0.01394486; 203.121; Before; 11.8038; Checking Box AICar
29; Driver; Interference; None; 31.10.2023 13:38:09; 834.1454; -0.01387413; 203.1239; Before; 11.81803; Checking Box AICar
29; Driver; Interference; None; 31.10.2023 13:38:09; 834.0679; -0.01387799; 203.1253; Before; 11.84604; Checking Box AICar
29; Driver; Interference; None; 31.10.2023 13:38:09; 833.8358; -0.01391144; 203.1296; Before; 11.8608; Checking Box AICar
29; Driver; Interference; None; 31.10.2023 13:38:09; 833.7586; -0.01390409; 203.1311; Before; 11.88944; null
29; Driver; Interference; None; 31.10.2023 13:38:09; 833.6045; -0.01386354; 203.134; Before; 11.88944; null
29; Driver; Interference; None; 31.10.2023 13:38:09; 833.5276; -0.01383892; 203.1354; Before; 11.92511; null
29; Driver; Interference; None; 31.10.2023 13:38:09; 833.2974; -0.01374923; 203.1398; Before; 11.94164; null
29; Driver; Interference; None; 31.10.2023 13:38:09; 833.2208; -0.01374992; 203.1413; Before; 11.97192; null
29; Driver; Interference; None; 31.10.2023 13:38:09; 833.0679; -0.0137354; 203.1442; Before; 11.98661; null
29; Driver; Interference; None; 31.10.2023 13:38:09; 832.9153; -0.01374488; 203.1472; Before; 12.00037; null
29; Driver; Interference; None; 31.10.2023 13:38:09; 832.7632; -0.0137566; 203.1501; Before; 12.01529; null
29; Driver; Interference; None; 31.10.2023 13:38:09; 832.6114; -0.01369669; 203.1531; Before; 12.02864; null
29; Driver; Interference; None; 31.10.2023 13:38:09; 832.5356; -0.01367169; 203.1546; Before; 12.06534; null
29; Driver; Interference; None; 31.10.2023 13:38:09; 832.3843; -0.01370801; 203.1576; Before; 12.09463; null
29; Driver; Interference; None; 31.10.2023 13:38:09; 832.2333; -0.0137417; 203.1606; Before; 12.09463; null
29; Driver; Interference; None; 31.10.2023 13:38:09; 832.0827; -0.01378169; 203.1636; Before; 12.12278; null
29; Driver; Interference; None; 31.10.2023 13:38:09; 831.9324; -0.01374002; 203.1666; Before; 12.13787; null
29; Driver; Interference; None; 31.10.2023 13:38:09; 831.8574; -0.01375802; 203.1681; Before; 12.16781; null
29; Driver; Interference; None; 31.10.2023 13:38:09; 831.6329; -0.01383044; 203.1726; Before; 12.182; null
29; Driver; Interference; None; 31.10.2023 13:38:09; 831.5583; -0.01383455; 203.1741; Before; 12.19619; null
29; Driver; Interference; None; 31.10.2023 13:38:09; 831.4092; -0.01381325; 203.1772; Before; 12.20974; null
29; Driver; Interference; None; 31.10.2023 13:38:09; 831.2605; -0.01380219; 203.1802; Before; 12.24361; null
29; Driver; Interference; None; 31.10.2023 13:38:09; 831.1121; -0.01378652; 203.1833; Before; 12.25879; null
29; Driver; Interference; None; 31.10.2023 13:38:09; 831.0381; -0.01377244; 203.1848; Before; 12.28733; null
29; Driver; Interference; None; 31.10.2023 13:38:09; 830.8902; -0.01381035; 203.1879; Before; 12.30333; null
29; Driver; Interference; None; 31.10.2023 13:38:09; 830.7427; -0.01376077; 203.191; Before; 12.31854; null
29; Driver; Interference; None; 31.10.2023 13:38:09; 830.6691; -0.01377241; 203.1925; Before; 12.34644; null
29; Driver; Interference; None; 31.10.2023 13:38:09; 830.4487; -0.01375655; 203.1972; Before; 12.36178; null
29; Driver; Interference; None; 31.10.2023 13:38:09; 830.3754; -0.01376912; 203.1987; Before; 12.39248; null
29; Driver; Interference; None; 31.10.2023 13:38:09; 830.229; -0.0137643; 203.2018; Before; 12.39248; null
29; Driver; Interference; None; 31.10.2023 13:38:09; 830.083; -0.01376689; 203.205; Before; 12.42223; null
29; Driver; Interference; None; 31.10.2023 13:38:09; 829.9373; -0.01376138; 203.2081; Before; 12.43738; null
29; Driver; Interference; None; 31.10.2023 13:38:10; 829.8646; -0.01375106; 203.2096; Before; 12.4661; null
29; Driver; Interference; None; 31.10.2023 13:38:10; 829.647; -0.01375594; 203.2144; Before; 12.48175; null
29; Driver; Interference; None; 31.10.2023 13:38:10; 829.5746; -0.01374502; 203.2159; Before; 12.49676; null
29; Driver; Interference; None; 31.10.2023 13:38:10; 829.4301; -0.01363977; 203.2191; Before; 12.51441; null
29; Driver; Interference; None; 31.10.2023 13:38:10; 829.3579; -0.01363316; 203.2207; Before; 12.54768; null
29; Driver; Interference; None; 31.10.2023 13:38:10; 829.142; -0.01359935; 203.2254; Before; 12.56239; null
29; Driver; Interference; None; 31.10.2023 13:38:10; 829.0703; -0.01361516; 203.227; Before; 12.59213; null
29; Driver; Interference; None; 31.10.2023 13:38:10; 828.9269; -0.0136272; 203.2302; Before; 12.59213; null
29; Driver; Interference; None; 31.10.2023 13:38:10; 828.7839; -0.01365433; 203.2334; Before; 12.62149; null
29; Driver; Interference; None; 31.10.2023 13:38:10; 828.6412; -0.01367604; 203.2366; Before; 12.63793; null
29; Driver; Interference; None; 31.10.2023 13:38:10; 828.5699; -0.01367908; 203.2382; Before; 12.66766; null
29; Driver; Interference; None; 31.10.2023 13:38:10; 828.4277; -0.01366431; 203.2414; Before; 12.68552; null
29; Driver; Interference; None; 31.10.2023 13:38:10; 828.2858; -0.01366596; 203.2446; Before; 12.70119; null
29; Driver; Interference; None; 31.10.2023 13:38:10; 828.1443; -0.01360265; 203.2478; Before; 12.71747; null
29; Driver; Interference; None; 31.10.2023 13:38:10; 828.0736; -0.013612; 203.2494; Before; 12.74721; null
29; Driver; Interference; None; 31.10.2023 13:38:10; 827.8621; -0.01360912; 203.2543; Before; 12.76212; null
29; Driver; Interference; None; 31.10.2023 13:38:10; 827.7918; -0.01362927; 203.2559; Before; 12.79191; null
29; Driver; Interference; None; 31.10.2023 13:38:10; 827.6514; -0.01364363; 203.2591; Before; 12.79191; null
29; Driver; Interference; None; 31.10.2023 13:38:10; 827.5113; -0.0136658; 203.2624; Before; 12.82228; null
29; Driver; Interference; None; 31.10.2023 13:38:10; 827.3715; -0.01367825; 203.2656; Before; 12.83785; null
29; Driver; Interference; None; 31.10.2023 13:38:10; 827.3018; -0.01367595; 203.2673; Before; 12.86606; null
29; Driver; Interference; None; 31.10.2023 13:38:10; 827.0929; -0.01369696; 203.2722; Before; 12.88149; null
29; Driver; Interference; None; 31.10.2023 13:38:10; 827.0234; -0.01368973; 203.2738; Before; 12.89655; null
29; Driver; Interference; None; 31.10.2023 13:38:10; 826.954; -0.01370253; 203.2754; Before; 12.9257; null
29; Driver; Interference; None; 31.10.2023 13:38:10; 826.7464; -0.01368552; 203.2803; Before; 12.94048; null
29; Driver; Interference; None; 31.10.2023 13:38:10; 826.6774; -0.01369481; 203.282; Before; 12.96946; null
29; Driver; Interference; None; 31.10.2023 13:38:10; 826.5395; -0.0136837; 203.2853; Before; 12.98518; null
29; Driver; Interference; None; 31.10.2023 13:38:10; 826.402; -0.01367876; 203.2886; Before; 13.00015; null
29; Driver; Interference; None; 31.10.2023 13:38:10; 826.2647; -0.01366652; 203.2919; Before; 13.0158; null
29; Driver; Interference; None; 31.10.2023 13:38:10; 826.1962; -0.0136537; 203.2935; Before; 13.04367; null
29; Driver; Interference; None; 31.10.2023 13:38:10; 825.9912; -0.0136512; 203.2985; Before; 13.06003; null
29; Driver; Interference; None; 31.10.2023 13:38:10; 825.923; -0.01363936; 203.3002; Before; 13.08879; null
29; Driver; Interference; None; 31.10.2023 13:38:10; 825.7869; -0.01367523; 203.3035; Before; 13.10437; null
29; Driver; Interference; None; 31.10.2023 13:38:10; 825.6511; -0.0136292; 203.3068; Before; 13.11921; null
29; Driver; Interference; None; 31.10.2023 13:38:10; 825.5833; -0.01363935; 203.3085; Before; 13.14931; null
29; Driver; Interference; None; 31.10.2023 13:38:10; 825.3803; -0.01362228; 203.3135; Before; 13.1642; null
29; Driver; Interference; None; 31.10.2023 13:38:10; 825.2454; -0.01358561; 203.3169; Before; 13.17939; null
29; Driver; Interference; None; 31.10.2023 13:38:10; 825.1781; -0.01356596; 203.3185; Before; 13.19329; null
29; Driver; Interference; None; 31.10.2023 13:38:10; 825.1108; -0.01357018; 203.3202; Before; 13.22482; null
29; Driver; Interference; None; 31.10.2023 13:38:10; 824.9095; -0.01355141; 203.3253; Before; 13.24054; null
29; Driver; Interference; None; 31.10.2023 13:38:10; 824.7757; -0.01338851; 203.3286; Before; 13.24054; null
29; Driver; Interference; None; 31.10.2023 13:38:10; 824.6422; -0.01323224; 203.332; Before; 13.25561; null
29; Driver; Interference; None; 31.10.2023 13:38:10; 824.5756; -0.01318263; 203.3337; Before; 13.29281; null
29; Driver; Interference; None; 31.10.2023 13:38:10; 824.4425; -0.01306638; 203.337; Before; 13.31376; null
29; Driver; Interference; None; 31.10.2023 13:38:10; 824.3098; -0.01304535; 203.3404; Before; 13.33298; null
29; Driver; Interference; None; 31.10.2023 13:38:10; 824.2435; -0.0130579; 203.3421; Before; 13.36455; null
29; Driver; Interference; None; 31.10.2023 13:38:10; 824.0452; -0.01320423; 203.3472; Before; 13.38021; null
29; Driver; Interference; None; 31.10.2023 13:38:10; 823.9792; -0.01325549; 203.3489; Before; 13.39639; null
29; Driver; Interference; None; 31.10.2023 13:38:10; 823.8475; -0.01334465; 203.3523; Before; 13.41254; null
29; Driver; Interference; None; 31.10.2023 13:38:10; 823.7161; -0.01337105; 203.3557; Before; 13.42874; null
29; Driver; Interference; None; 31.10.2023 13:38:11; 823.5851; -0.01334922; 203.3591; Before; 13.44676; null
29; Driver; Interference; None; 31.10.2023 13:38:11; 823.5197; -0.01334524; 203.3608; Before; 13.48811; null
29; Driver; Interference; None; 31.10.2023 13:38:11; 823.389; -0.01334044; 203.3642; Before; 13.48811; null
29; Driver; Interference; None; 31.10.2023 13:38:11; 823.2587; -0.01337195; 203.3676; Before; 13.52064; null
29; Driver; Interference; None; 31.10.2023 13:38:11; 823.1287; -0.01341367; 203.371; Before; 13.53705; null
29; Driver; Interference; None; 31.10.2023 13:38:11; 823.0638; -0.01343085; 203.3728; Before; 13.56863; null
29; Driver; Interference; None; 31.10.2023 13:38:11; 822.9342; -0.01344901; 203.3762; Before; 13.58449; null
29; Driver; Interference; None; 31.10.2023 13:38:11; 822.8049; -0.01340974; 203.3796; Before; 13.58449; null
29; Driver; Interference; None; 31.10.2023 13:38:11; 822.7404; -0.01339485; 203.3813; Before; 13.62251; null
29; Driver; Interference; None; 31.10.2023 13:38:11; 822.5472; -0.01335824; 203.3865; Before; 13.64046; null
29; Driver; Interference; None; 31.10.2023 13:38:11; 822.4189; -0.01334292; 203.3899; Before; 13.65669; null
29; Driver; Interference; None; 31.10.2023 13:38:11; 822.3548; -0.01334031; 203.3917; Before; 13.68816; null
29; Driver; Interference; None; 31.10.2023 13:38:11; 822.2268; -0.01333537; 203.3951; Before; 13.68816; null
29; Driver; Interference; None; 31.10.2023 13:38:11; 822.0992; -0.01336319; 203.3986; Before; 13.72061; null
29; Driver; Interference; None; 31.10.2023 13:38:11; 821.9718; -0.0133994; 203.402; Before; 13.73617; null
29; Driver; Interference; None; 31.10.2023 13:38:11; 821.8447; -0.01337693; 203.4055; Before; 13.75177; null
29; Driver; Interference; None; 31.10.2023 13:38:11; 821.7813; -0.01336905; 203.4072; Before; 13.79195; null
29; Driver; Interference; None; 31.10.2023 13:38:11; 821.6547; -0.01335196; 203.4106; Before; 13.79195; null
29; Driver; Interference; None; 31.10.2023 13:38:11; 821.5914; -0.01334723; 203.4124; Before; 13.82377; null
29; Driver; Interference; None; 31.10.2023 13:38:11; 821.4023; -0.01333498; 203.4175; Before; 13.84023; null
29; Driver; Interference; None; 31.10.2023 13:38:11; 821.2765; -0.01332982; 203.421; Before; 13.85647; null
29; Driver; Interference; None; 31.10.2023 13:38:11; 821.2137; -0.01333041; 203.4227; Before; 13.88748; null
29; Driver; Interference; None; 31.10.2023 13:38:11; 821.0884; -0.01332868; 203.4261; Before; 13.88748; null
29; Driver; Interference; None; 31.10.2023 13:38:11; 821.0258; -0.01333045; 203.4279; Before; 13.92377; null
29; Driver; Interference; None; 31.10.2023 13:38:11; 820.8386; -0.01333204; 203.433; Before; 13.94193; null
29; Driver; Interference; None; 31.10.2023 13:38:11; 820.7141; -0.01333141; 203.4364; Before; 13.95858; null
29; Driver; Interference; None; 31.10.2023 13:38:11; 820.652; -0.01333299; 203.4381; Before; 13.9893; null
29; Driver; Interference; None; 31.10.2023 13:38:11; 820.5279; -0.01333122; 203.4414; Before; 13.9893; null
29; Driver; Interference; None; 31.10.2023 13:38:11; 820.4041; -0.01335575; 203.4448; Before; 14.02009; null
29; Driver; Interference; None; 31.10.2023 13:38:11; 820.2806; -0.01338485; 203.4481; Before; 14.03736; null
29; Driver; Interference; None; 31.10.2023 13:38:11; 820.219; -0.01339487; 203.4497; Before; 14.06652; null
29; Driver; Interference; None; 31.10.2023 13:38:11; 820.0959; -0.013399; 203.4529; Before; 14.08562; null
29; Driver; Interference; None; 31.10.2023 13:38:11; 819.9731; -0.01341766; 203.4562; Before; 14.10342; null
29; Driver; Interference; None; 31.10.2023 13:38:11; 819.8506; -0.01337818; 203.4594; Before; 14.11962; null
29; Driver; Interference; None; 31.10.2023 13:38:11; 819.7284; -0.01335705; 203.4625; Before; 14.13414; null
29; Driver; Interference; None; 31.10.2023 13:38:11; 819.6674; -0.01334803; 203.4641; Before; 14.16502; Checking Box Human Car
29; Driver; Interference; None; 31.10.2023 13:38:11; 819.4848; -0.01337323; 203.4687; Before; 14.18025; Checking Box Human Car
29; Driver; Interference; None; 31.10.2023 13:38:11; 819.4241; -0.01337592; 203.4703; Before; 14.19697; Checking Box Human Car
29; Driver; Interference; None; 31.10.2023 13:38:11; 819.3028; -0.01336886; 203.4733; Before; 14.21328; null
29; Driver; Interference; None; 31.10.2023 13:38:11; 819.1818; -0.01325881; 203.4764; Before; 14.23022; null
29; Driver; Interference; None; 31.10.2023 13:38:11; 819.0618; -0.01314574; 203.4794; Before; 14.25783; null
29; Driver; Interference; None; 31.10.2023 13:38:11; 819.0026; -0.01314138; 203.4808; Before; 14.29248; null
29; Driver; Interference; None; 31.10.2023 13:38:11; 818.8856; -0.01314539; 203.4837; Before; 14.29248; null
29; Driver; Interference; None; 31.10.2023 13:38:11; 818.8279; -0.01315534; 203.4851; Before; 14.32392; null
29; Driver; Interference; None; 31.10.2023 13:38:11; 818.6594; -0.01319428; 203.4893; Before; 14.34064; null
29; Driver; Interference; None; 31.10.2023 13:38:11; 818.5495; -0.01337161; 203.492; Before; 14.35696; null
29; Driver; Interference; None; 31.10.2023 13:38:11; 818.4412; -0.01347625; 203.4946; Before; 14.37257; null
29; Driver; Interference; None; 31.10.2023 13:38:11; 818.3876; -0.01352143; 203.4959; Before; 14.3911; null
29; Driver; Interference; None; 31.10.2023 13:38:11; 818.2815; -0.01353153; 203.4985; Before; 14.41801; null
29; Driver; Interference; None; 31.10.2023 13:38:11; 818.1769; -0.01353662; 203.501; Before; 14.43644; null
29; Driver; Interference; None; 31.10.2023 13:38:12; 818.0739; -0.01349214; 203.5035; Before; 14.45319; null
29; Driver; Interference; None; 31.10.2023 13:38:12; 818.0229; -0.01347385; 203.5047; Before; 14.48728; null
29; Driver; Interference; None; 31.10.2023 13:38:12; 817.9221; -0.01342613; 203.5071; Before; 14.48728; null
29; Driver; Interference; None; 31.10.2023 13:38:12; 817.8226; -0.01340654; 203.5094; Before; 14.52061; null
29; Driver; Interference; None; 31.10.2023 13:38:12; 817.7246; -0.0133875; 203.5117; Before; 14.53746; null
29; Driver; Interference; None; 31.10.2023 13:38:12; 817.628; -0.01333438; 203.514; Before; 14.55215; null
29; Driver; Interference; None; 31.10.2023 13:38:12; 817.5802; -0.01331567; 203.5151; Before; 14.59075; null
29; Driver; Interference; None; 31.10.2023 13:38:12; 817.4856; -0.01327465; 203.5173; Before; 14.59075; null
29; Driver; Interference; None; 31.10.2023 13:38:12; 817.4388; -0.0132623; 203.5184; Before; 14.62313; null
29; Driver; Interference; None; 31.10.2023 13:38:12; 817.3005; -0.01322744; 203.5216; Before; 14.64003; null
29; Driver; Interference; None; 31.10.2023 13:38:12; 817.21; -0.01320952; 203.5237; Before; 14.65666; null
29; Driver; Interference; None; 31.10.2023 13:38:12; 817.1652; -0.01320722; 203.5247; Before; 14.68774; null
29; Driver; Interference; None; 31.10.2023 13:38:12; 817.0765; -0.013196; 203.5268; Before; 14.68774; null
29; Driver; Interference; None; 31.10.2023 13:38:12; 816.9892; -0.01316163; 203.5288; Before; 14.70432; null
29; Driver; Interference; None; 31.10.2023 13:38:12; 816.946; -0.01315332; 203.5297; Before; 14.74363; null
29; Driver; Interference; None; 31.10.2023 13:38:12; 816.8604; -0.0131349; 203.5317; Before; 14.76268; null
29; Driver; Interference; None; 31.10.2023 13:38:12; 816.7341; -0.013125; 203.5345; Before; 14.78012; null
29; Driver; Interference; None; 31.10.2023 13:38:12; 816.6926; -0.01312681; 203.5355; Before; 14.79727; null
29; Driver; Interference; None; 31.10.2023 13:38:12; 816.6104; -0.01312322; 203.5373; Before; 14.81305; null
29; Driver; Interference; None; 31.10.2023 13:38:12; 816.5697; -0.01312598; 203.5382; Before; 14.84573; null
29; Driver; Interference; None; 31.10.2023 13:38:12; 816.4891; -0.01312249; 203.54; Before; 14.86194; null
29; Driver; Interference; None; 31.10.2023 13:38:12; 816.3702; -0.01308702; 203.5427; Before; 14.88102; null
29; Driver; Interference; None; 31.10.2023 13:38:12; 816.3312; -0.01309398; 203.5435; Before; 14.89974; null
29; Driver; Interference; None; 31.10.2023 13:38:12; 816.2538; -0.01306625; 203.5452; Before; 14.9175; null
29; Driver; Interference; None; 31.10.2023 13:38:12; 816.1774; -0.01305545; 203.5469; Before; 14.93275; null
29; Driver; Interference; None; 31.10.2023 13:38:12; 816.1021; -0.01302546; 203.5486; Before; 14.95238; null
29; Driver; Interference; None; 31.10.2023 13:38:12; 816.0648; -0.01301835; 203.5494; Before; 14.98917; null
29; Driver; Interference; None; 31.10.2023 13:38:12; 815.991; -0.01300295; 203.551; Before; 14.98917; null
29; Driver; Interference; None; 31.10.2023 13:38:12; 815.9181; -0.01297315; 203.5526; Before; 15.00781; null
29; Driver; Interference; None; 31.10.2023 13:38:12; 815.882; -0.0129671; 203.5534; Before; 15.04388; null
29; Driver; Interference; None; 31.10.2023 13:38:12; 815.7753; -0.01295681; 203.5557; Before; 15.06307; null
29; Driver; Interference; None; 31.10.2023 13:38:12; 815.7053; -0.01295615; 203.5572; Before; 15.0797; null
29; Driver; Interference; None; 31.10.2023 13:38:12; 815.6706; -0.01296089; 203.5579; Before; 15.09531; null
29; Driver; Interference; None; 31.10.2023 13:38:12; 815.602; -0.01293697; 203.5594; Before; 15.11181; null
29; Driver; Interference; None; 31.10.2023 13:38:12; 815.5342; -0.01290479; 203.5608; Before; 15.13713; null
29; Driver; Interference; None; 31.10.2023 13:38:12; 815.5007; -0.01291331; 203.5616; Before; 15.1696; null
29; Driver; Interference; None; 31.10.2023 13:38:12; 815.4344; -0.0129246; 203.563; Before; 15.1862; null
29; Driver; Interference; None; 31.10.2023 13:38:12; 815.3691; -0.0129159; 203.5643; Before; 15.1862; null
29; Driver; Interference; None; 31.10.2023 13:38:12; 815.3048; -0.01289296; 203.5657; Before; 15.20728; null
29; Driver; Interference; None; 31.10.2023 13:38:12; 815.273; -0.01288874; 203.5664; Before; 15.24368; null
29; Driver; Interference; None; 31.10.2023 13:38:12; 815.1793; -0.01288099; 203.5684; Before; 15.26162; null
29; Driver; Interference; None; 31.10.2023 13:38:12; 815.1181; -0.01287987; 203.5696; Before; 15.27773; null
29; Driver; Interference; None; 31.10.2023 13:38:12; 815.088; -0.01288334; 203.5703; Before; 15.2934; null
29; Driver; Interference; None; 31.10.2023 13:38:12; 815.0284; -0.01288437; 203.5715; Before; 15.30962; null
29; Driver; Interference; None; 31.10.2023 13:38:12; 814.999; -0.01288768; 203.5721; Before; 15.34307; null
29; Driver; Interference; None; 31.10.2023 13:38:12; 814.941; -0.01288682; 203.5733; Before; 15.36246; null
29; Driver; Interference; None; 31.10.2023 13:38:12; 814.8561; -0.01286111; 203.5751; Before; 15.38166; null
29; Driver; Interference; None; 31.10.2023 13:38:12; 814.8282; -0.01286525; 203.5757; Before; 15.39985; null
29; Driver; Interference; None; 31.10.2023 13:38:12; 814.7734; -0.01284305; 203.5768; Before; 15.41596; null
29; Driver; Interference; None; 31.10.2023 13:38:12; 814.7196; -0.01283203; 203.5779; Before; 15.43214; null
29; Driver; Interference; None; 31.10.2023 13:38:13; 814.6931; -0.01282983; 203.5784; Before; 15.46602; null
29; Driver; Interference; None; 31.10.2023 13:38:13; 814.615; -0.01281868; 203.58; Before; 15.48248; null
29; Driver; Interference; None; 31.10.2023 13:38:13; 814.5895; -0.01282503; 203.5806; Before; 15.49855; null
29; Driver; Interference; None; 31.10.2023 13:38:13; 814.5392; -0.01280749; 203.5816; Before; 15.51795; null
29; Driver; Interference; None; 31.10.2023 13:38:13; 814.4899; -0.01279771; 203.5826; Before; 15.53592; null
29; Driver; Interference; None; 31.10.2023 13:38:13; 814.4656; -0.01279509; 203.5831; Before; 15.56865; null
29; Driver; Interference; None; 31.10.2023 13:38:13; 814.4179; -0.01278426; 203.5841; Before; 15.5855; null
29; Driver; Interference; None; 31.10.2023 13:38:13; 814.3712; -0.01275903; 203.585; Before; 15.5855; null
29; Driver; Interference; None; 31.10.2023 13:38:13; 814.3254; -0.01275086; 203.5859; Before; 15.6211; Checking Box AICar
29; Driver; Interference; None; 31.10.2023 13:38:13; 814.2806; -0.01274563; 203.5868; Before; 15.63736; Checking Box AICar
29; Driver; Interference; None; 31.10.2023 13:38:13; 814.2369; -0.01270847; 203.5877; Before; 15.65227; Checking Box AICar
29; Driver; Interference; None; 31.10.2023 13:38:13; 814.1942; -0.0126871; 203.5886; Before; 15.67776; Checking Box AICar
29; Driver; Interference; None; 31.10.2023 13:38:13; 814.1732; -0.01268139; 203.589; Before; 15.69744; Checking Box AICar
29; Driver; Interference; None; 31.10.2023 13:38:13; 814.1318; -0.01265353; 203.5898; Before; 15.71554; Checking Box AICar
29; Driver; Interference; None; 31.10.2023 13:38:13; 814.0914; -0.01264174; 203.5906; Before; 15.73596; Checking Box AICar
29; Driver; Interference; None; 31.10.2023 13:38:13; 814.0716; -0.01264056; 203.591; Before; 15.76765; Checking Box AICar
29; Driver; Interference; None; 31.10.2023 13:38:13; 814.0325; -0.01263776; 203.5918; Before; 15.78345; Checking Box AICar
29; Driver; Interference; None; 31.10.2023 13:38:13; 813.9944; -0.01264792; 203.5926; Before; 15.80083; Checking Box AICar
29; Driver; Interference; None; 31.10.2023 13:38:13; 813.9573; -0.01264266; 203.5933; Before; 15.81778; Checking Box AICar
29; Driver; Interference; None; 31.10.2023 13:38:13; 813.921; -0.01262822; 203.594; Before; 15.83548; Checking Box AICar
29; Driver; Interference; None; 31.10.2023 13:38:13; 813.9033; -0.01263255; 203.5944; Before; 15.87074; Checking Box AICar
29; Driver; Interference; None; 31.10.2023 13:38:13; 813.8683; -0.01263549; 203.595; Before; 15.88667; Checking Box AICar
29; Driver; Interference; None; 31.10.2023 13:38:13; 813.8344; -0.01264404; 203.5957; Before; 15.90259; Checking Box AICar
29; Driver; Interference; None; 31.10.2023 13:38:13; 813.8013; -0.01263457; 203.5964; Before; 15.91941; Checking Box AICar
29; Driver; Interference; None; 31.10.2023 13:38:13; 813.7691; -0.01262728; 203.597; Before; 15.93516; Checking Box AICar
29; Driver; Interference; None; 31.10.2023 13:38:13; 813.7379; -0.012608; 203.5976; Before; 15.95113; Checking Box AICar
29; Driver; Interference; None; 31.10.2023 13:38:13; 813.7226; -0.01260053; 203.5979; Before; 15.98712; Checking Box AICar
29; Driver; Interference; None; 31.10.2023 13:38:13; 813.6927; -0.01258391; 203.5985; Before; 15.98712; Checking Box AICar
29; Driver; Interference; None; 31.10.2023 13:38:13; 813.6781; -0.01257784; 203.5988; Before; 16.0241; Checking Box AICar
29; Driver; Interference; None; 31.10.2023 13:38:13; 813.6356; -0.01255947; 203.5996; Before; 16.04066; Checking Box AICar
29; Driver; Interference; None; 31.10.2023 13:38:13; 813.6085; -0.01254836; 203.6002; Before; 16.05763; Checking Box AICar
29; Driver; Interference; None; 31.10.2023 13:38:13; 813.5952; -0.01254463; 203.6004; Before; 16.09044; Checking Box AICar
29; Driver; Interference; None; 31.10.2023 13:38:13; 813.5695; -0.01253519; 203.6009; Before; 16.09044; Checking Box AICar
29; Driver; Interference; None; 31.10.2023 13:38:13; 813.5446; -0.01251899; 203.6014; Before; 16.10824; Checking Box AICar
29; Driver; Interference; None; 31.10.2023 13:38:13; 813.5206; -0.01249889; 203.6019; Before; 16.12568; Checking Box AICar
29; Driver; Interference; None; 31.10.2023 13:38:13; 813.509; -0.01249212; 203.6021; Before; 16.16848; Checking Box AICar
29; Driver; Interference; None; 31.10.2023 13:38:13; 813.4866; -0.01247985; 203.6025; Before; 16.18522; Checking Box AICar
29; Driver; Interference; None; 31.10.2023 13:38:13; 813.465; -0.012477; 203.603; Before; 16.20094; Checking Box AICar
29; Driver; Interference; None; 31.10.2023 13:38:13; 813.4443; -0.01246746; 203.6033; Before; 16.21806; Checking Box AICar
29; Driver; Interference; None; 31.10.2023 13:38:13; 813.4247; -0.01246273; 203.6037; Before; 16.23368; null
29; Driver; Interference; None; 31.10.2023 13:38:13; 813.4152; -0.01246146; 203.6039; Before; 16.26598; null
29; Driver; Interference; None; 31.10.2023 13:38:13; 813.3883; -0.01244515; 203.6044; Before; 16.26598; null
29; Driver; Interference; None; 31.10.2023 13:38:13; 813.3798; -0.01243895; 203.6046; Before; 16.2838; null
29; Driver; Interference; None; 31.10.2023 13:38:13; 813.3636; -0.01242018; 203.6049; Before; 16.31028; null
29; Driver; Interference; None; 31.10.2023 13:38:13; 813.3558; -0.01241716; 203.6051; Before; 16.34862; null
29; Driver; Interference; None; 31.10.2023 13:38:13; 813.3411; -0.01241079; 203.6053; Before; 16.36436; null
29; Driver; Interference; None; 31.10.2023 13:38:13; 813.3207; -0.0123974; 203.6057; Before; 16.38061; null
29; Driver; Interference; None; 31.10.2023 13:38:13; 813.3145; -0.01239618; 203.6059; Before; 16.39823; null
29; Driver; Interference; None; 31.10.2023 13:38:13; 813.3028; -0.01239193; 203.6061; Before; 16.41417; null
29; Driver; Interference; None; 31.10.2023 13:38:13; 813.2921; -0.01238315; 203.6063; Before; 16.43075; Checking Box Human Car
29; Driver; Interference; None; 31.10.2023 13:38:14; 813.2823; -0.0123712; 203.6065; Before; 16.44638; Checking Box Human Car
29; Driver; Interference; None; 31.10.2023 13:38:14; 813.2778; -0.012366; 203.6066; Before; 16.48857; Checking Box Human Car
29; Driver; Interference; None; 31.10.2023 13:38:14; 813.2695; -0.01235539; 203.6067; Before; 16.48857; Checking Box Human Car
29; Driver; Interference; None; 31.10.2023 13:38:14; 813.2657; -0.01235065; 203.6068; Before; 16.52375; Checking Box Human Car
29; Driver; Interference; None; 31.10.2023 13:38:14; 813.2562; -0.01233624; 203.607; Before; 16.54109; Checking Box Human Car
29; Driver; Interference; None; 31.10.2023 13:38:14; 813.2513; -0.01232669; 203.6071; Before; 16.55771; Checking Box Human Car
29; Driver; Interference; None; 31.10.2023 13:38:14; 813.249; -0.01231539; 203.6071; Before; 16.57454; Checking Box Human Car
29; Driver; Interference; None; 31.10.2023 13:38:14; 813.2487; -0.01230968; 203.6071; Before; 16.59239; Checking Box Human Car
29; Driver; Interference; None; 31.10.2023 13:38:14; 813.2477; -0.01229749; 203.6072; Before; 16.61059; Checking Box Human Car
29; Driver; Interference; None; 31.10.2023 13:38:14; 813.2474; -0.01228456; 203.6072; Before; 16.6382; Checking Box Human Car
29; Driver; Interference; None; 31.10.2023 13:38:14; 813.2468; -0.01227148; 203.6072; Before; 16.65724; Checking Box Human Car
29; Driver; Interference; None; 31.10.2023 13:38:14; 813.2457; -0.01225846; 203.6072; Before; 16.6775; Checking Box Human Car
29; Driver; Interference; None; 31.10.2023 13:38:14; 813.2449; -0.0122522; 203.6072; Before; 16.69629; Checking Box Human Car
29; Driver; Interference; None; 31.10.2023 13:38:14; 813.2448; -0.01223964; 203.6072; Before; 16.71436; Checking Box Human Car
29; Driver; Interference; None; 31.10.2023 13:38:14; 813.244; -0.01222884; 203.6073; Before; 16.73605; Checking Box Human Car
29; Driver; Interference; None; 31.10.2023 13:38:14; 813.2427; -0.01221971; 203.6073; Before; 16.75629; Checking Box Human Car
29; Driver; Interference; None; 31.10.2023 13:38:14; 813.2426; -0.01221368; 203.6073; Before; 16.77677; Checking Box Human Car
29; Driver; Interference; None; 31.10.2023 13:38:14; 813.2425; -0.01221149; 203.6073; Before; 16.79685; Checking Box Human Car
29; Driver; Interference; None; 31.10.2023 13:38:14; 813.2418; -0.01220859; 203.6073; Before; 16.81521; Checking Box Human Car
29; Driver; Interference; None; 31.10.2023 13:38:14; 813.2407; -0.01220779; 203.6073; Before; 16.83448; Checking Box Human Car
29; Driver; Interference; None; 31.10.2023 13:38:14; 813.24; -0.01220816; 203.6073; Before; 16.86679; Checking Box Human Car
29; Driver; Interference; None; 31.10.2023 13:38:14; 813.2399; -0.01221082; 203.6073; Before; 16.88417; Checking Box Human Car
29; Driver; Interference; None; 31.10.2023 13:38:14; 813.2396; -0.01221455; 203.6073; Before; 16.90053; Checking Box Human Car
29; Driver; Interference; None; 31.10.2023 13:38:14; 813.2389; -0.01221841; 203.6074; Before; 16.91716; Checking Box Human Car
29; Driver; Interference; None; 31.10.2023 13:38:14; 813.2375; -0.01222221; 203.6074; Before; 16.93267; Checking Box Human Car
29; Driver; Interference; None; 31.10.2023 13:38:14; 813.2368; -0.01222577; 203.6074; Before; 16.95276; Checking Box Human Car
29; Driver; Interference; None; 31.10.2023 13:38:14; 813.2362; -0.0122288; 203.6074; Before; 16.97178; Checking Box Human Car
29; Driver; Interference; None; 31.10.2023 13:38:14; 813.2358; -0.01223018; 203.6074; Before; 16.99238; Checking Box Human Car
29; Driver; Interference; None; 31.10.2023 13:38:14; 813.2346; -0.01223209; 203.6075; Before; 17.01229; Checking Box Human Car
29; Driver; Interference; None; 31.10.2023 13:38:14; 813.2338; -0.01223368; 203.6075; Before; 17.0317; Checking Box Human Car
29; Driver; Interference; None; 31.10.2023 13:38:14; 813.2334; -0.01223462; 203.6075; Before; 17.05092; Checking Box Human Car
29; Driver; Interference; None; 31.10.2023 13:38:14; 813.233; -0.01223494; 203.6075; Before; 17.08832; Checking Box Human Car
29; Driver; Interference; None; 31.10.2023 13:38:14; 813.2321; -0.012235; 203.6075; Before; 17.08832; Checking Box Human Car
29; Driver; Interference; None; 31.10.2023 13:38:14; 813.2313; -0.01223444; 203.6075; Before; 17.10788; Checking Box Human Car
29; Driver; Interference; None; 31.10.2023 13:38:14; 813.2309; -0.01223346; 203.6075; Before; 17.12803; Checking Box Human Car
29; Driver; Interference; None; 31.10.2023 13:38:14; 813.23; -0.01223208; 203.6075; Before; 17.14715; Checking Box Human Car
29; Driver; Interference; None; 31.10.2023 13:38:14; 813.2295; -0.01223158; 203.6075; Before; 17.18777; Checking Box Human Car
29; Driver; Interference; None; 31.10.2023 13:38:14; 813.2294; -0.01223105; 203.6075; Before; 17.18777; Checking Box Human Car
29; Driver; Interference; None; 31.10.2023 13:38:14; 813.2293; -0.01223035; 203.6075; Before; 17.20807; Checking Box Human Car
29; Driver; Interference; None; 31.10.2023 13:38:14; 813.2285; -0.0122293; 203.6076; Before; 17.22656; Checking Box Human Car
29; Driver; Interference; None; 31.10.2023 13:38:14; 813.2274; -0.01222813; 203.6076; Before; 17.24802; Checking Box Human Car
29; Driver; Interference; None; 31.10.2023 13:38:14; 813.2269; -0.01222718; 203.6076; Before; 17.26961; Checking Box Human Car
29; Driver; Interference; None; 31.10.2023 13:38:14; 813.2268; -0.01222679; 203.6076; Before; 17.29033; Checking Box Human Car
29; Driver; Interference; None; 31.10.2023 13:38:14; 813.2263; -0.01222607; 203.6076; Before; 17.31005; Checking Box Human Car
29; Driver; Interference; None; 31.10.2023 13:38:14; 813.2254; -0.01222546; 203.6076; Before; 17.32968; Checking Box Human Car
29; Driver; Interference; None; 31.10.2023 13:38:14; 813.2245; -0.01222504; 203.6077; Before; 17.34883; Checking Box Human Car
29; Driver; Interference; None; 31.10.2023 13:38:14; 813.2239; -0.01222491; 203.6077; Before; 17.36908; Checking Box Human Car
29; Driver; Interference; None; 31.10.2023 13:38:14; 813.2239; -0.012225; 203.6077; Before; 17.38917; Checking Box Human Car
29; Driver; Interference; None; 31.10.2023 13:38:14; 813.2237; -0.0122254; 203.6077; Before; 17.41181; Checking Box Human Car
29; Driver; Interference; None; 31.10.2023 13:38:14; 813.2234; -0.012226; 203.6077; Before; 17.4343; Checking Box Human Car
29; Driver; Interference; None; 31.10.2023 13:38:15; 813.2231; -0.0122267; 203.6077; Before; 17.45415; Checking Box Human Car
29; Driver; Interference; None; 31.10.2023 13:38:15; 813.2229; -0.01222722; 203.6077; Before; 17.47473; null
29; Driver; Interference; None; 31.10.2023 13:38:15; 813.2228; -0.01222741; 203.6077; Before; 17.49341; null
29; Driver; Interference; None; 31.10.2023 13:38:15; 813.2225; -0.01222761; 203.6077; Before; 17.51253; null
29; Driver; Interference; None; 31.10.2023 13:38:15; 813.2224; -0.01222762; 203.6077; Before; 17.54595; null
29; Driver; Interference; None; 31.10.2023 13:38:15; 813.222; -0.01222711; 203.6077; Before; 17.54595; null
29; Driver; Interference; None; 31.10.2023 13:38:15; 813.2218; -0.01222644; 203.6077; Before; 17.56326; null
29; Driver; Interference; None; 31.10.2023 13:38:15; 813.2217; -0.0122261; 203.6077; Before; 17.5905; null
29; Driver; Interference; None; 31.10.2023 13:38:15; 813.2214; -0.01222542; 203.6077; Before; 17.61181; null
29; Driver; Interference; None; 31.10.2023 13:38:15; 813.2213; -0.01222512; 203.6077; Before; 17.644; null
29; Driver; Interference; None; 31.10.2023 13:38:15; 813.2209; -0.01222444; 203.6077; Before; 17.66036; null
29; Driver; Interference; None; 31.10.2023 13:38:15; 813.2208; -0.01222428; 203.6077; Before; 17.69024; null
29; Driver; Interference; None; 31.10.2023 13:38:15; 813.2206; -0.01222403; 203.6077; Before; 17.69024; null
29; Driver; Interference; None; 31.10.2023 13:38:15; 813.2205; -0.01222397; 203.6077; Before; 17.72233; null
29; Driver; Interference; None; 31.10.2023 13:38:15; 813.2201; -0.01222395; 203.6077; Before; 17.74222; null
29; Driver; Interference; None; 31.10.2023 13:38:15; 813.2198; -0.01222398; 203.6077; Before; 17.75987; null
29; Driver; Interference; None; 31.10.2023 13:38:15; 813.2197; -0.0122241; 203.6077; Before; 17.79155; null
29; Driver; Interference; None; 31.10.2023 13:38:15; 813.2195; -0.01222434; 203.6077; Before; 17.79155; null
29; Driver; Interference; None; 31.10.2023 13:38:15; 813.2192; -0.01222465; 203.6077; Before; 17.82254; null
29; Driver; Interference; None; 31.10.2023 13:38:15; 813.219; -0.01222485; 203.6077; Before; 17.83964; null
29; Driver; Interference; None; 31.10.2023 13:38:15; 813.2188; -0.01222506; 203.6077; Before; 17.85585; null
29; Driver; Interference; None; 31.10.2023 13:38:15; 813.2185; -0.01222515; 203.6077; Before; 17.87445; null
29; Driver; Interference; None; 31.10.2023 13:38:15; 813.2184; -0.01222518; 203.6077; Before; 17.89642; null
29; Driver; Interference; None; 31.10.2023 13:38:15; 813.2181; -0.01222513; 203.6077; Before; 17.91787; null
29; Driver; Interference; None; 31.10.2023 13:38:15; 813.2179; -0.01222502; 203.6077; Before; 17.93586; null
29; Driver; Interference; None; 31.10.2023 13:38:15; 813.2177; -0.01222497; 203.6077; Before; 17.95464; null
29; Driver; Interference; None; 31.10.2023 13:38:15; 813.2174; -0.01222487; 203.6077; Before; 17.97466; null
29; Driver; Interference; None; 31.10.2023 13:38:15; 813.2173; -0.01222484; 203.6077; Before; 17.99307; null
29; Driver; Interference; None; 31.10.2023 13:38:15; 813.217; -0.01222469; 203.6077; Before; 18.0146; null
29; Driver; Interference; None; 31.10.2023 13:38:15; 813.2168; -0.01222454; 203.6077; Before; 18.03324; null
29; Driver; Interference; None; 31.10.2023 13:38:15; 813.2166; -0.0122245; 203.6077; Before; 18.05489; null
29; Driver; Interference; None; 31.10.2023 13:38:15; 813.2163; -0.01222445; 203.6077; Before; 18.07464; null
29; Driver; Interference; None; 31.10.2023 13:38:15; 813.2162; -0.01222446; 203.6077; Before; 18.09198; null
29; Driver; Interference; None; 31.10.2023 13:38:15; 813.2159; -0.0122245; 203.6077; Before; 18.10926; null
29; Driver; Interference; None; 31.10.2023 13:38:15; 813.2158; -0.01222455; 203.6077; Before; 18.1431; null
29; Driver; Interference; None; 31.10.2023 13:38:15; 813.2155; -0.01222469; 203.6077; Before; 18.16057; null
29; Driver; Interference; None; 31.10.2023 13:38:15; 813.2152; -0.01222478; 203.6077; Before; 18.17799; null
29; Driver; Interference; None; 31.10.2023 13:38:15; 813.2151; -0.01222483; 203.6077; Before; 18.19449; null
29; Driver; Interference; None; 31.10.2023 13:38:15; 813.215; -0.01222478; 203.6077; Before; 18.21656; null
29; Driver; Interference; None; 31.10.2023 13:38:15; 813.2146; -0.01222473; 203.6077; Before; 18.24003; null
29; Driver; Interference; None; 31.10.2023 13:38:15; 813.2144; -0.01222472; 203.6077; Before; 18.25916; null
29; Driver; Interference; None; 31.10.2023 13:38:15; 813.2141; -0.01222467; 203.6077; Before; 18.27502; null
29; Driver; Interference; None; 31.10.2023 13:38:15; 813.214; -0.01222467; 203.6077; Before; 18.29266; null
29; Driver; Interference; None; 31.10.2023 13:38:15; 813.2137; -0.01222467; 203.6077; Before; 18.31027; null
29; Driver; Interference; None; 31.10.2023 13:38:15; 813.2135; -0.01222473; 203.6077; Before; 18.34276; null
29; Driver; Interference; None; 31.10.2023 13:38:15; 813.2133; -0.01222473; 203.6077; Before; 18.35898; null
29; Driver; Interference; None; 31.10.2023 13:38:15; 813.213; -0.01222476; 203.6077; Before; 18.37694; null
29; Driver; Interference; None; 31.10.2023 13:38:15; 813.2129; -0.01222478; 203.6077; Before; 18.39643; null
29; Driver; Interference; None; 31.10.2023 13:38:15; 813.2126; -0.01222481; 203.6077; Before; 18.41255; null
29; Driver; Interference; None; 31.10.2023 13:38:15; 813.2125; -0.01222483; 203.6077; Before; 18.44505; null
29; Driver; Interference; None; 31.10.2023 13:38:16; 813.2125; -0.01222498; 203.6077; Before; 18.46284; null
29; Driver; Interference; None; 31.10.2023 13:38:16; 813.2125; -0.01222497; 203.6077; Before; 18.47929; null
29; Driver; Interference; None; 31.10.2023 13:38:16; 813.2125; -0.01222492; 203.6077; Before; 18.49432; null
29; Driver; Interference; None; 31.10.2023 13:38:16; 813.2125; -0.01222474; 203.6077; Before; 18.51119; null
29; Driver; Interference; None; 31.10.2023 13:38:16; 813.2125; -0.01222446; 203.6077; Before; 18.53; null
29; Driver; Interference; None; 31.10.2023 13:38:16; 813.2125; -0.01222428; 203.6077; Before; 18.56555; null
29; Driver; Interference; None; 31.10.2023 13:38:16; 813.2125; -0.01222366; 203.6077; Before; 18.58164; null
29; Driver; Interference; None; 31.10.2023 13:38:16; 813.2125; -0.01222344; 203.6077; Before; 18.59812; null
29; Driver; Interference; None; 31.10.2023 13:38:16; 813.2125; -0.012223; 203.6077; Before; 18.61338; null
29; Driver; Interference; None; 31.10.2023 13:38:16; 813.2125; -0.01222279; 203.6077; Before; 18.64525; null
29; Driver; Interference; None; 31.10.2023 13:38:16; 813.2125; -0.0122224; 203.6077; Before; 18.66128; null
29; Driver; Interference; None; 31.10.2023 13:38:16; 813.2125; -0.01222209; 203.6077; Before; 18.68021; null
29; Driver; Interference; None; 31.10.2023 13:38:16; 813.2125; -0.01222186; 203.6077; Before; 18.70035; null
29; Driver; Interference; None; 31.10.2023 13:38:16; 813.2125; -0.01222173; 203.6077; Before; 18.71683; null
29; Driver; Interference; None; 31.10.2023 13:38:16; 813.2125; -0.0122217; 203.6077; Before; 18.7478; null
29; Driver; Interference; None; 31.10.2023 13:38:16; 813.2125; -0.0122217; 203.6077; Before; 18.7641; null
29; Driver; Interference; None; 31.10.2023 13:38:16; 813.2125; -0.01222176; 203.6077; Before; 18.78311; null
29; Driver; Interference; None; 31.10.2023 13:38:16; 813.2125; -0.01222187; 203.6077; Before; 18.80057; null
29; Driver; Interference; None; 31.10.2023 13:38:16; 813.2125; -0.01222202; 203.6077; Before; 18.81844; null
29; Driver; Interference; None; 31.10.2023 13:38:16; 813.2125; -0.01222217; 203.6077; Before; 18.8363; null
29; Driver; Interference; None; 31.10.2023 13:38:16; 813.2125; -0.01222232; 203.6077; Before; 18.8563; null
29; Driver; Interference; None; 31.10.2023 13:38:16; 813.2125; -0.01222239; 203.6077; Before; 18.88809; null
29; Driver; Interference; None; 31.10.2023 13:38:16; 813.2125; -0.01222251; 203.6077; Before; 18.88809; null
29; Driver; Interference; None; 31.10.2023 13:38:16; 813.2125; -0.0122226; 203.6077; Before; 18.92062; null
29; Driver; Interference; None; 31.10.2023 13:38:16; 813.2125; -0.01222266; 203.6077; Before; 18.93687; null
29; Driver; Interference; None; 31.10.2023 13:38:16; 813.2125; -0.01222268; 203.6077; Before; 18.96703; null
29; Driver; Interference; None; 31.10.2023 13:38:16; 813.2125; -0.01222269; 203.6077; Before; 18.98354; null
29; Driver; Interference; None; 31.10.2023 13:38:16; 813.2125; -0.01222268; 203.6077; Before; 18.98354; null
29; Driver; Interference; None; 31.10.2023 13:38:16; 813.2125; -0.01222264; 203.6077; Before; 19.02134; Checking Box Human Car
29; Driver; Interference; None; 31.10.2023 13:38:16; 813.2125; -0.01222259; 203.6077; Before; 19.03701; Checking Box Human Car
29; Driver; Interference; None; 31.10.2023 13:38:16; 813.2125; -0.01222256; 203.6077; Before; 19.06785; Checking Box Human Car
29; Driver; Interference; None; 31.10.2023 13:38:16; 813.2125; -0.01222249; 203.6077; Before; 19.08348; Checking Box Human Car
29; Driver; Interference; None; 31.10.2023 13:38:16; 813.2125; -0.01222247; 203.6077; Before; 19.09958; Checking Box Human Car
29; Driver; Interference; None; 31.10.2023 13:38:16; 813.2125; -0.01222243; 203.6077; Before; 19.11458; Checking Box Human Car
29; Driver; Interference; None; 31.10.2023 13:38:16; 813.2125; -0.0122224; 203.6077; Before; 19.13067; Checking Box Human Car
29; Driver; Interference; None; 31.10.2023 13:38:16; 813.2125; -0.01222239; 203.6077; Before; 19.14815; Checking Box Human Car
29; Driver; Interference; None; 31.10.2023 13:38:16; 813.2125; -0.01222239; 203.6077; Before; 19.17524; Checking Box Human Car
29; Driver; Interference; None; 31.10.2023 13:38:16; 813.2125; -0.01222239; 203.6077; Before; 19.19492; Checking Box Human Car
29; Driver; Interference; None; 31.10.2023 13:38:16; 813.2125; -0.01222239; 203.6077; Before; 19.21138; Checking Box Human Car
29; Driver; Interference; None; 31.10.2023 13:38:16; 813.2125; -0.01222241; 203.6077; Before; 19.24354; Checking Box Human Car
29; Driver; Interference; None; 31.10.2023 13:38:16; 813.2125; -0.01222242; 203.6077; Before; 19.25993; Checking Box Human Car
29; Driver; Interference; None; 31.10.2023 13:38:16; 813.2125; -0.01222243; 203.6077; Before; 19.28922; Checking Box Human Car
29; Driver; Interference; None; 31.10.2023 13:38:16; 813.2125; -0.01222243; 203.6077; Before; 19.28922; Checking Box Human Car
29; Driver; Interference; None; 31.10.2023 13:38:16; 813.2125; -0.01222245; 203.6077; Before; 19.30501; Checking Box Human Car
29; Driver; Interference; None; 31.10.2023 13:38:16; 813.2125; -0.01222245; 203.6077; Before; 19.34327; Checking Box Human Car
29; Driver; Interference; None; 31.10.2023 13:38:16; 813.2125; -0.01222246; 203.6077; Before; 19.35917; Checking Box Human Car
29; Driver; Interference; None; 31.10.2023 13:38:16; 813.2125; -0.01222246; 203.6077; Before; 19.3892; Checking Box Human Car
29; Driver; Interference; None; 31.10.2023 13:38:16; 813.2125; -0.01222247; 203.6077; Before; 19.3892; Checking Box Human Car
29; Driver; Interference; None; 31.10.2023 13:38:16; 813.2125; -0.01222247; 203.6077; Before; 19.42106; Checking Box Human Car
29; Driver; Interference; None; 31.10.2023 13:38:16; 813.2125; -0.01222247; 203.6077; Before; 19.43653; Checking Box Human Car
29; Driver; Interference; None; 31.10.2023 13:38:17; 813.2125; -0.01222247; 203.6077; Before; 19.45085; Checking Box Human Car
29; Driver; Interference; None; 31.10.2023 13:38:17; 813.2125; -0.01222246; 203.6077; Before; 19.48819; Checking Box Human Car
29; Driver; Interference; None; 31.10.2023 13:38:17; 813.2125; -0.01222245; 203.6077; Before; 19.48819; Checking Box Human Car
29; Driver; Interference; None; 31.10.2023 13:38:17; 813.2125; -0.01222244; 203.6077; Before; 19.52375; Checking Box Human Car
29; Driver; Interference; None; 31.10.2023 13:38:17; 813.2125; -0.01222243; 203.6077; Before; 19.53946; Checking Box Human Car
29; Driver; Interference; None; 31.10.2023 13:38:17; 813.2125; -0.01222243; 203.6077; Before; 19.57082; Checking Box Human Car
29; Driver; Interference; None; 31.10.2023 13:38:17; 813.2125; -0.01222242; 203.6077; Before; 19.58633; Checking Box Human Car
29; Driver; Interference; None; 31.10.2023 13:38:17; 813.2125; -0.01222241; 203.6077; Before; 19.60243; Checking Box Human Car
29; Driver; Interference; None; 31.10.2023 13:38:17; 813.2125; -0.01222242; 203.6077; Before; 19.61913; Checking Box Human Car
29; Driver; Interference; None; 31.10.2023 13:38:17; 813.2125; -0.01222241; 203.6077; Before; 19.63729; Checking Box Human Car
29; Driver; Interference; None; 31.10.2023 13:38:17; 813.2125; -0.01222241; 203.6077; Before; 19.65649; Checking Box Human Car
29; Driver; Interference; None; 31.10.2023 13:38:17; 813.2125; -0.01222241; 203.6077; Before; 19.6895; Checking Box Human Car
29; Driver; Interference; None; 31.10.2023 13:38:17; 813.2125; -0.01222242; 203.6077; Before; 19.6895; Checking Box Human Car
29; Driver; Interference; None; 31.10.2023 13:38:17; 813.2125; -0.01222242; 203.6077; Before; 19.72072; Checking Box Human Car
29; Driver; Interference; None; 31.10.2023 13:38:17; 813.2125; -0.01222243; 203.6077; Before; 19.73728; Checking Box Human Car
29; Driver; Interference; None; 31.10.2023 13:38:17; 813.2125; -0.01222243; 203.6077; Before; 19.76746; Checking Box Human Car
29; Driver; Interference; None; 31.10.2023 13:38:17; 813.2125; -0.01222244; 203.6077; Before; 19.78304; Checking Box Human Car
29; Driver; Interference; None; 31.10.2023 13:38:17; 813.2125; -0.01222244; 203.6077; Before; 19.78304; Checking Box Human Car
29; Driver; Interference; None; 31.10.2023 13:38:17; 813.2125; -0.01222244; 203.6077; Before; 19.82131; Checking Box Human Car
29; Driver; Interference; None; 31.10.2023 13:38:17; 813.2125; -0.01222244; 203.6077; Before; 19.83822; Checking Box Human Car
29; Driver; Interference; None; 31.10.2023 13:38:17; 813.2125; -0.01222244; 203.6077; Before; 19.85329; Checking Box Human Car
29; Driver; Interference; None; 31.10.2023 13:38:17; 813.2125; -0.01222244; 203.6077; Before; 19.88732; Checking Box Human Car
29; Driver; Interference; None; 31.10.2023 13:38:17; 813.2125; -0.01222244; 203.6077; Before; 19.90339; Checking Box Human Car
29; Driver; Interference; None; 31.10.2023 13:38:17; 813.2125; -0.01222244; 203.6077; Before; 19.91933; Checking Box Human Car
29; Driver; Interference; None; 31.10.2023 13:38:17; 813.2125; -0.01222244; 203.6077; Before; 19.93434; null
29; Driver; Interference; None; 31.10.2023 13:38:17; 813.2125; -0.01222244; 203.6077; Before; 19.95389; null
29; Driver; Interference; None; 31.10.2023 13:38:17; 813.2125; -0.01222244; 203.6077; Before; 19.98902; null
29; Driver; Interference; None; 31.10.2023 13:38:17; 813.2125; -0.01222244; 203.6077; Before; 19.98902; null
29; Driver; Interference; None; 31.10.2023 13:38:17; 813.2125; -0.01222243; 203.6077; Before; 20.02009; null
29; Driver; Interference; None; 31.10.2023 13:38:17; 813.2125; -0.01222243; 203.6077; Before; 20.03516; null
29; Driver; Interference; None; 31.10.2023 13:38:17; 813.2125; -0.01222243; 203.6077; Before; 20.06496; null
29; Driver; Interference; None; 31.10.2023 13:38:17; 813.2125; -0.01222243; 203.6077; Before; 20.08212; null
29; Driver; Interference; None; 31.10.2023 13:38:17; 813.2125; -0.01222244; 203.6077; Before; 20.08212; null
29; Driver; Interference; None; 31.10.2023 13:38:17; 813.2125; -0.01222244; 203.6077; Before; 20.09786; null
29; Driver; Interference; None; 31.10.2023 13:38:17; 813.2125; -0.01222245; 203.6077; Before; 20.14251; null
29; Driver; Interference; None; 31.10.2023 13:38:17; 813.2125; -0.01222245; 203.6077; Before; 20.15767; null
29; Driver; Interference; None; 31.10.2023 13:38:17; 813.2125; -0.01222245; 203.6077; Before; 20.18768; null
29; Driver; Interference; None; 31.10.2023 13:38:17; 813.2125; -0.01222245; 203.6077; Before; 20.18768; null
29; Driver; Interference; None; 31.10.2023 13:38:17; 813.2125; -0.01222244; 203.6077; Before; 20.22162; null
29; Driver; Interference; None; 31.10.2023 13:38:17; 813.2125; -0.01222244; 203.6077; Before; 20.23728; null
29; Driver; Interference; None; 31.10.2023 13:38:17; 813.2125; -0.01222244; 203.6077; Before; 20.25217; null
29; Driver; Interference; None; 31.10.2023 13:38:17; 813.2125; -0.01222244; 203.6077; Before; 20.29042; null
29; Driver; Interference; None; 31.10.2023 13:38:17; 813.2125; -0.01222244; 203.6077; Before; 20.29042; null
29; Driver; Interference; None; 31.10.2023 13:38:17; 813.2125; -0.01222244; 203.6077; Before; 20.32314; null
29; Driver; Interference; None; 31.10.2023 13:38:17; 813.2125; -0.01222244; 203.6077; Before; 20.33932; null
29; Driver; Interference; None; 31.10.2023 13:38:17; 813.2125; -0.01222244; 203.6077; Before; 20.3548; null
29; Driver; Interference; None; 31.10.2023 13:38:17; 813.2125; -0.01222244; 203.6077; Before; 20.38686; null
29; Driver; Interference; None; 31.10.2023 13:38:17; 813.2125; -0.01222244; 203.6077; Before; 20.38686; null
29; Driver; Interference; None; 31.10.2023 13:38:17; 813.2125; -0.01222245; 203.6077; Before; 20.42123; null
29; Driver; Interference; None; 31.10.2023 13:38:17; 813.2125; -0.01222244; 203.6077; Before; 20.43968; null
29; Driver; Interference; None; 31.10.2023 13:38:18; 813.2125; -0.01222245; 203.6077; Before; 20.47089; null
29; Driver; Interference; None; 31.10.2023 13:38:18; 813.2125; -0.01222244; 203.6077; Before; 20.48558; null
29; Driver; Interference; None; 31.10.2023 13:38:18; 813.2125; -0.01222245; 203.6077; Before; 20.50165; null
29; Driver; Interference; None; 31.10.2023 13:38:18; 813.2125; -0.01222245; 203.6077; Before; 20.51793; null
29; Driver; Interference; None; 31.10.2023 13:38:18; 813.2125; -0.01222245; 203.6077; Before; 20.53225; null
29; Driver; Interference; None; 31.10.2023 13:38:18; 813.2125; -0.01222244; 203.6077; Before; 20.56479; null
29; Driver; Interference; None; 31.10.2023 13:38:18; 813.2125; -0.01222245; 203.6077; Before; 20.58386; null
29; Driver; Interference; None; 31.10.2023 13:38:18; 813.2125; -0.01222245; 203.6077; Before; 20.603; null
29; Driver; Interference; None; 31.10.2023 13:38:18; 813.2125; -0.01222244; 203.6077; Before; 20.61954; null
29; Driver; Interference; None; 31.10.2023 13:38:18; 813.2125; -0.01222244; 203.6077; Before; 20.63471; null
29; Driver; Interference; None; 31.10.2023 13:38:18; 813.2125; -0.01222244; 203.6077; Before; 20.66752; null
29; Driver; Interference; None; 31.10.2023 13:38:18; 813.2125; -0.01222244; 203.6077; Before; 20.68343; null
29; Driver; Interference; None; 31.10.2023 13:38:18; 813.2125; -0.01222243; 203.6077; Before; 20.70001; Checking Box Human Car
29; Driver; Interference; None; 31.10.2023 13:38:18; 813.2125; -0.01222243; 203.6077; Before; 20.71712; Checking Box Human Car
29; Driver; Interference; None; 31.10.2023 13:38:18; 813.2125; -0.01222242; 203.6077; Before; 20.73481; Checking Box Human Car
29; Driver; Interference; None; 31.10.2023 13:38:18; 813.2125; -0.01222242; 203.6077; Before; 20.75659; Checking Box Human Car
29; Driver; Interference; None; 31.10.2023 13:38:18; 813.2125; -0.01222242; 203.6077; Before; 20.79216; null
29; Driver; Interference; None; 31.10.2023 13:38:18; 813.2125; -0.01222242; 203.6077; Before; 20.79216; null
29; Driver; Interference; None; 31.10.2023 13:38:18; 813.2125; -0.01222243; 203.6077; Before; 20.82341; null
29; Driver; Interference; None; 31.10.2023 13:38:18; 813.2125; -0.01222243; 203.6077; Before; 20.83851; null
29; Driver; Interference; None; 31.10.2023 13:38:18; 813.2125; -0.01222244; 203.6077; Before; 20.853; null
29; Driver; Interference; None; 31.10.2023 13:38:18; 813.2125; -0.01222244; 203.6077; Before; 20.88827; null
29; Driver; Interference; None; 31.10.2023 13:38:18; 813.2125; -0.01222245; 203.6077; Before; 20.88827; null
29; Driver; Interference; None; 31.10.2023 13:38:18; 813.2125; -0.01222245; 203.6077; Before; 20.92455; null
29; Driver; Interference; None; 31.10.2023 13:38:18; 813.2125; -0.01222245; 203.6077; Before; 20.94029; null
29; Driver; Interference; None; 31.10.2023 13:38:18; 813.2125; -0.01222245; 203.6077; Before; 20.97126; null
29; Driver; Interference; None; 31.10.2023 13:38:18; 813.2125; -0.01222244; 203.6077; Before; 20.98619; null
29; Driver; Interference; None; 31.10.2023 13:38:18; 813.2125; -0.01222244; 203.6077; Before; 21.00176; null
29; Driver; Interference; None; 31.10.2023 13:38:18; 813.2125; -0.01222244; 203.6077; Before; 21.01772; null
29; Driver; Interference; None; 31.10.2023 13:38:18; 813.2125; -0.01222244; 203.6077; Before; 21.0326; null
29; Driver; Interference; None; 31.10.2023 13:38:18; 813.2125; -0.01222244; 203.6077; Before; 21.06989; null
29; Driver; Interference; None; 31.10.2023 13:38:18; 813.2125; -0.01222244; 203.6077; Before; 21.08638; null
29; Driver; Interference; None; 31.10.2023 13:38:18; 813.2125; -0.01222244; 203.6077; Before; 21.10191; null
29; Driver; Interference; None; 31.10.2023 13:38:18; 813.2125; -0.01222244; 203.6077; Before; 21.11866; null
29; Driver; Interference; None; 31.10.2023 13:38:18; 813.2125; -0.01222243; 203.6077; Before; 21.13384; null
29; Driver; Interference; None; 31.10.2023 13:38:18; 813.2125; -0.01222243; 203.6077; Before; 21.16596; null
29; Driver; Interference; None; 31.10.2023 13:38:18; 813.2125; -0.01222243; 203.6077; Before; 21.18369; null
29; Driver; Interference; None; 31.10.2023 13:38:18; 813.2125; -0.01222243; 203.6077; Before; 21.18369; null
29; Driver; Interference; None; 31.10.2023 13:38:18; 813.2125; -0.01222243; 203.6077; Before; 21.22189; null
29; Driver; Interference; None; 31.10.2023 13:38:18; 813.2125; -0.01222243; 203.6077; Before; 21.24069; null
29; Driver; Interference; None; 31.10.2023 13:38:18; 813.2125; -0.01222243; 203.6077; Before; 21.27133; null
29; Driver; Interference; None; 31.10.2023 13:38:18; 813.2125; -0.01222243; 203.6077; Before; 21.28622; null
29; Driver; Interference; None; 31.10.2023 13:38:18; 813.2125; -0.01222243; 203.6077; Before; 21.30288; null
29; Driver; Interference; None; 31.10.2023 13:38:18; 813.2125; -0.01222244; 203.6077; Before; 21.31881; null
29; Driver; Interference; None; 31.10.2023 13:38:18; 813.2125; -0.01222244; 203.6077; Before; 21.3337; null
29; Driver; Interference; None; 31.10.2023 13:38:18; 813.2125; -0.01222244; 203.6077; Before; 21.35307; null
29; Driver; Interference; None; 31.10.2023 13:38:18; 813.2125; -0.01222244; 203.6077; Before; 21.38688; null
29; Driver; Interference; None; 31.10.2023 13:38:18; 813.2125; -0.01222244; 203.6077; Before; 21.38688; null
29; Driver; Interference; None; 31.10.2023 13:38:18; 813.2125; -0.01222244; 203.6077; Before; 21.40365; null
29; Driver; Interference; None; 31.10.2023 13:38:18; 813.2125; -0.01222243; 203.6077; Before; 21.44467; null
29; Driver; Interference; None; 31.10.2023 13:38:19; 813.2125; -0.01222243; 203.6077; Before; 21.46206; null
29; Driver; Interference; None; 31.10.2023 13:38:19; 813.2125; -0.01222243; 203.6077; Before; 21.47821; null
29; Driver; Interference; None; 31.10.2023 13:38:19; 813.2125; -0.01222243; 203.6077; Before; 21.49263; null
29; Driver; Interference; None; 31.10.2023 13:38:19; 813.2125; -0.01222243; 203.6077; Before; 21.51237; null
29; Driver; Interference; None; 31.10.2023 13:38:19; 813.2125; -0.01222243; 203.6077; Before; 21.54628; null
29; Driver; Interference; None; 31.10.2023 13:38:19; 813.2125; -0.01222243; 203.6077; Before; 21.56223; null
29; Driver; Interference; None; 31.10.2023 13:38:19; 813.2125; -0.01222243; 203.6077; Before; 21.57806; null
29; Driver; Interference; None; 31.10.2023 13:38:19; 813.2125; -0.01222243; 203.6077; Before; 21.59349; null
29; Driver; Interference; None; 31.10.2023 13:38:19; 813.2125; -0.01222243; 203.6077; Before; 21.62548; null
29; Driver; Interference; None; 31.10.2023 13:38:19; 813.2125; -0.01222243; 203.6077; Before; 21.64073; null
29; Driver; Interference; None; 31.10.2023 13:38:19; 813.2125; -0.01222243; 203.6077; Before; 21.65751; null
29; Driver; Interference; None; 31.10.2023 13:38:19; 813.2125; -0.01222243; 203.6077; Before; 21.67557; null
29; Driver; Interference; None; 31.10.2023 13:38:19; 813.2125; -0.01222243; 203.6077; Before; 21.69367; null
29; Driver; Interference; None; 31.10.2023 13:38:19; 813.2125; -0.01222243; 203.6077; Before; 21.72477; null
29; Driver; Interference; None; 31.10.2023 13:38:19; 813.2125; -0.01222243; 203.6077; Before; 21.7401; null
29; Driver; Interference; None; 31.10.2023 13:38:19; 813.2125; -0.01222243; 203.6077; Before; 21.7563; null
29; Driver; Interference; None; 31.10.2023 13:38:19; 813.2125; -0.01222243; 203.6077; Before; 21.78687; null
29; Driver; Interference; None; 31.10.2023 13:38:19; 813.2125; -0.01222243; 203.6077; Before; 21.80313; null
29; Driver; Interference; None; 31.10.2023 13:38:19; 813.2125; -0.01222243; 203.6077; Before; 21.81849; null
29; Driver; Interference; None; 31.10.2023 13:38:19; 813.2125; -0.01222243; 203.6077; Before; 21.83629; null
29; Driver; Interference; None; 31.10.2023 13:38:19; 813.2125; -0.01222243; 203.6077; Before; 21.85478; null
29; Driver; Interference; None; 31.10.2023 13:38:19; 813.2125; -0.01222243; 203.6077; Before; 21.88813; null
29; Driver; Interference; None; 31.10.2023 13:38:19; 813.2125; -0.01222243; 203.6077; Before; 21.88813; null
29; Driver; Interference; None; 31.10.2023 13:38:19; 813.2125; -0.01222243; 203.6077; Before; 21.92047; null
29; Driver; Interference; None; 31.10.2023 13:38:19; 813.2125; -0.01222243; 203.6077; Before; 21.93624; null
29; Driver; Interference; None; 31.10.2023 13:38:19; 813.2125; -0.01222243; 203.6077; Before; 21.96695; null
29; Driver; Interference; None; 31.10.2023 13:38:19; 813.2125; -0.01222243; 203.6077; Before; 21.98272; null
29; Driver; Interference; None; 31.10.2023 13:38:19; 813.2125; -0.01222243; 203.6077; Before; 22.00024; null
29; Driver; Interference; None; 31.10.2023 13:38:19; 813.2125; -0.01222243; 203.6077; Before; 22.01993; null
29; Driver; Interference; None; 31.10.2023 13:38:19; 813.2125; -0.01222244; 203.6077; Before; 22.03459; null
29; Driver; Interference; None; 31.10.2023 13:38:19; 813.2125; -0.01222244; 203.6077; Before; 22.06761; null
29; Driver; Interference; None; 31.10.2023 13:38:19; 813.2125; -0.01222244; 203.6077; Before; 22.08387; null
29; Driver; Interference; None; 31.10.2023 13:38:19; 813.2125; -0.01222244; 203.6077; Before; 22.09923; null
29; Driver; Interference; None; 31.10.2023 13:38:19; 813.2125; -0.01222244; 203.6077; Before; 22.11378; null
29; Driver; Interference; None; 31.10.2023 13:38:19; 813.2125; -0.01222244; 203.6077; Before; 22.13061; null
29; Driver; Interference; None; 31.10.2023 13:38:19; 813.2125; -0.01222244; 203.6077; Before; 22.14632; null
29; Driver; Interference; None; 31.10.2023 13:38:19; 813.2125; -0.01222245; 203.6077; Before; 22.18672; null
29; Driver; Interference; None; 31.10.2023 13:38:19; 813.2125; -0.01222244; 203.6077; Before; 22.2036; null
29; Driver; Interference; None; 31.10.2023 13:38:19; 813.2125; -0.01222244; 203.6077; Before; 22.21952; null
29; Driver; Interference; None; 31.10.2023 13:38:19; 813.2125; -0.01222244; 203.6077; Before; 22.23463; null
29; Driver; Interference; None; 31.10.2023 13:38:19; 813.2125; -0.01222244; 203.6077; Before; 22.26644; null
29; Driver; Interference; None; 31.10.2023 13:38:19; 813.2125; -0.01222244; 203.6077; Before; 22.28239; null
29; Driver; Interference; None; 31.10.2023 13:38:19; 813.2125; -0.01222244; 203.6077; Before; 22.29779; null
29; Driver; Interference; None; 31.10.2023 13:38:19; 813.2125; -0.01222244; 203.6077; Before; 22.31677; null
29; Driver; Interference; None; 31.10.2023 13:38:19; 813.2125; -0.01222244; 203.6077; Before; 22.33541; null
29; Driver; Interference; None; 31.10.2023 13:38:19; 813.2125; -0.01222244; 203.6077; Before; 22.36787; null
29; Driver; Interference; None; 31.10.2023 13:38:19; 813.2125; -0.01222244; 203.6077; Before; 22.38423; null
29; Driver; Interference; None; 31.10.2023 13:38:19; 813.2125; -0.01222243; 203.6077; Before; 22.40002; null
29; Driver; Interference; None; 31.10.2023 13:38:19; 813.2125; -0.01222243; 203.6077; Before; 22.41612; null
29; Driver; Interference; None; 31.10.2023 13:38:19; 813.2125; -0.01222243; 203.6077; Before; 22.44689; null
29; Driver; Interference; None; 31.10.2023 13:38:20; 813.2125; -0.01222242; 203.6077; Before; 22.46345; null
29; Driver; Interference; None; 31.10.2023 13:38:20; 813.2125; -0.01222242; 203.6077; Before; 22.48175; null
29; Driver; Interference; None; 31.10.2023 13:38:20; 813.2125; -0.01222242; 203.6077; Before; 22.50015; null
29; Driver; Interference; None; 31.10.2023 13:38:20; 813.2125; -0.01222243; 203.6077; Before; 22.51899; null
29; Driver; Interference; None; 31.10.2023 13:38:20; 813.2125; -0.01222243; 203.6077; Before; 22.53342; null
29; Driver; Interference; None; 31.10.2023 13:38:20; 813.2125; -0.01222244; 203.6077; Before; 22.56497; null
29; Driver; Interference; None; 31.10.2023 13:38:20; 813.2125; -0.01222244; 203.6077; Before; 22.58104; null
29; Driver; Interference; None; 31.10.2023 13:38:20; 813.2125; -0.01222244; 203.6077; Before; 22.59721; null
29; Driver; Interference; None; 31.10.2023 13:38:20; 813.2125; -0.01222244; 203.6077; Before; 22.61168; null
29; Driver; Interference; None; 31.10.2023 13:38:20; 813.2125; -0.01222244; 203.6077; Before; 22.62883; null
29; Driver; Interference; None; 31.10.2023 13:38:20; 813.2125; -0.01222244; 203.6077; Before; 22.66588; null
29; Driver; Interference; None; 31.10.2023 13:38:20; 813.2125; -0.01222244; 203.6077; Before; 22.68285; null
29; Driver; Interference; None; 31.10.2023 13:38:20; 813.2125; -0.01222244; 203.6077; Before; 22.69778; null
29; Driver; Interference; None; 31.10.2023 13:38:20; 813.2125; -0.01222244; 203.6077; Before; 22.71202; null
29; Driver; Interference; None; 31.10.2023 13:38:20; 813.2125; -0.01222245; 203.6077; Before; 22.74404; null
29; Driver; Interference; None; 31.10.2023 13:38:20; 813.2125; -0.01222244; 203.6077; Before; 22.75953; null
29; Driver; Interference; None; 31.10.2023 13:38:20; 813.2125; -0.01222244; 203.6077; Before; 22.78918; null
29; Driver; Interference; None; 31.10.2023 13:38:20; 813.2125; -0.01222244; 203.6077; Before; 22.78918; null
29; Driver; Interference; None; 31.10.2023 13:38:20; 813.2125; -0.01222245; 203.6077; Before; 22.80823; null
29; Driver; Interference; None; 31.10.2023 13:38:20; 813.2125; -0.01222244; 203.6077; Before; 22.84371; null
29; Driver; Interference; None; 31.10.2023 13:38:20; 813.2125; -0.01222244; 203.6077; Before; 22.85956; null
29; Driver; Interference; None; 31.10.2023 13:38:20; 813.2125; -0.01222244; 203.6077; Before; 22.88999; null
29; Driver; Interference; None; 31.10.2023 13:38:20; 813.2125; -0.01222244; 203.6077; Before; 22.88999; null
29; Driver; Interference; None; 31.10.2023 13:38:20; 813.2125; -0.01222244; 203.6077; Before; 22.92091; null
29; Driver; Interference; None; 31.10.2023 13:38:20; 813.2125; -0.01222244; 203.6077; Before; 22.93673; null
29; Driver; Interference; None; 31.10.2023 13:38:20; 813.2125; -0.01222244; 203.6077; Before; 22.9515; null
29; Driver; Interference; None; 31.10.2023 13:38:20; 813.2125; -0.01222244; 203.6077; Before; 22.99066; null
29; Driver; Interference; None; 31.10.2023 13:38:20; 813.2125; -0.01222244; 203.6077; Before; 22.99066; null
29; Driver; Interference; None; 31.10.2023 13:38:20; 813.2125; -0.01222243; 203.6077; Before; 23.02214; null
29; Driver; Interference; None; 31.10.2023 13:38:20; 813.2125; -0.01222242; 203.6077; Before; 23.03766; null
29; Driver; Interference; None; 31.10.2023 13:38:20; 813.2125; -0.01222242; 203.6077; Before; 23.06705; null
29; Driver; Interference; None; 31.10.2023 13:38:20; 813.2125; -0.01222242; 203.6077; Before; 23.08378; null
29; Driver; Interference; None; 31.10.2023 13:38:20; 813.2125; -0.01222242; 203.6077; Before; 23.09991; null
29; Driver; Interference; None; 31.10.2023 13:38:20; 813.2125; -0.01222243; 203.6077; Before; 23.11459; null
29; Driver; Interference; None; 31.10.2023 13:38:20; 813.2125; -0.01222243; 203.6077; Before; 23.13334; null
29; Driver; Interference; None; 31.10.2023 13:38:20; 813.2125; -0.01222243; 203.6077; Before; 23.16808; null
29; Driver; Interference; None; 31.10.2023 13:38:20; 813.2125; -0.01222244; 203.6077; Before; 23.1843; null
29; Driver; Interference; None; 31.10.2023 13:38:20; 813.2125; -0.01222244; 203.6077; Before; 23.2009; null
29; Driver; Interference; None; 31.10.2023 13:38:20; 813.2125; -0.01222245; 203.6077; Before; 23.21743; null
29; Driver; Interference; None; 31.10.2023 13:38:20; 813.2125; -0.01222244; 203.6077; Before; 23.24889; null
29; Driver; Interference; None; 31.10.2023 13:38:20; 813.2125; -0.01222244; 203.6077; Before; 23.26436; null
29; Driver; Interference; None; 31.10.2023 13:38:20; 813.2125; -0.01222244; 203.6077; Before; 23.27987; null
29; Driver; Interference; None; 31.10.2023 13:38:20; 813.2125; -0.01222244; 203.6077; Before; 23.29802; null
29; Driver; Interference; None; 31.10.2023 13:38:20; 813.2125; -0.01222244; 203.6077; Before; 23.31689; null
29; Driver; Interference; None; 31.10.2023 13:38:20; 813.2125; -0.01222244; 203.6077; Before; 23.3331; null
29; Driver; Interference; None; 31.10.2023 13:38:20; 813.2125; -0.01222244; 203.6077; Before; 23.36488; null
29; Driver; Interference; None; 31.10.2023 13:38:20; 813.2125; -0.01222244; 203.6077; Before; 23.38209; null
29; Driver; Interference; None; 31.10.2023 13:38:20; 813.2125; -0.01222244; 203.6077; Before; 23.39968; null
29; Driver; Interference; None; 31.10.2023 13:38:20; 813.2125; -0.01222243; 203.6077; Before; 23.41448; null
29; Driver; Interference; None; 31.10.2023 13:38:20; 813.2125; -0.01222243; 203.6077; Before; 23.4308; null
29; Driver; Interference; None; 31.10.2023 13:38:21; 813.2125; -0.01222243; 203.6077; Before; 23.46887; null
29; Driver; Interference; None; 31.10.2023 13:38:21; 813.2125; -0.01222243; 203.6077; Before; 23.48562; null
29; Driver; Interference; None; 31.10.2023 13:38:21; 813.2125; -0.01222243; 203.6077; Before; 23.50046; null
29; Driver; Interference; None; 31.10.2023 13:38:21; 813.2125; -0.01222243; 203.6077; Before; 23.51758; null
29; Driver; Interference; None; 31.10.2023 13:38:21; 813.2125; -0.01222243; 203.6077; Before; 23.53333; null
29; Driver; Interference; None; 31.10.2023 13:38:21; 813.2125; -0.01222243; 203.6077; Before; 23.56569; null
29; Driver; Interference; None; 31.10.2023 13:38:21; 813.2125; -0.01222244; 203.6077; Before; 23.58227; null
29; Driver; Interference; None; 31.10.2023 13:38:21; 813.2125; -0.01222245; 203.6077; Before; 23.58227; null
29; Driver; Interference; None; 31.10.2023 13:38:21; 813.2125; -0.01222244; 203.6077; Before; 23.62177; null
29; Driver; Interference; None; 31.10.2023 13:38:21; 813.2125; -0.01222244; 203.6077; Before; 23.63968; null
29; Driver; Interference; None; 31.10.2023 13:38:21; 813.2125; -0.01222244; 203.6077; Before; 23.67046; null
29; Driver; Interference; None; 31.10.2023 13:38:21; 813.2125; -0.01222244; 203.6077; Before; 23.68595; null
29; Driver; Interference; None; 31.10.2023 13:38:21; 813.2125; -0.01222244; 203.6077; Before; 23.70281; null
29; Driver; Interference; None; 31.10.2023 13:38:21; 813.2125; -0.01222244; 203.6077; Before; 23.71939; null
29; Driver; Interference; None; 31.10.2023 13:38:21; 813.2125; -0.01222244; 203.6077; Before; 23.73351; null
29; Driver; Interference; None; 31.10.2023 13:38:21; 813.2125; -0.01222245; 203.6077; Before; 23.75288; null
29; Driver; Interference; None; 31.10.2023 13:38:21; 813.2125; -0.01222244; 203.6077; Before; 23.78832; null
29; Driver; Interference; None; 31.10.2023 13:38:21; 813.2125; -0.01222244; 203.6077; Before; 23.80406; null
29; Driver; Interference; None; 31.10.2023 13:38:21; 813.2125; -0.01222244; 203.6077; Before; 23.81966; null
29; Driver; Interference; None; 31.10.2023 13:38:21; 813.2125; -0.01222244; 203.6077; Before; 23.83449; null
29; Driver; Interference; None; 31.10.2023 13:38:21; 813.2125; -0.01222244; 203.6077; Before; 23.86612; null
29; Driver; Interference; None; 31.10.2023 13:38:21; 813.2125; -0.01222244; 203.6077; Before; 23.88195; null
29; Driver; Interference; None; 31.10.2023 13:38:21; 813.2125; -0.01222244; 203.6077; Before; 23.89767; null
29; Driver; Interference; None; 31.10.2023 13:38:21; 813.2125; -0.01222244; 203.6077; Before; 23.91475; Checking Box AICar
29; Driver; Interference; None; 31.10.2023 13:38:21; 813.2125; -0.01222243; 203.6077; Before; 23.9337; Checking Box AICar
29; Driver; Interference; None; 31.10.2023 13:38:21; 813.2125; -0.01222243; 203.6077; Before; 23.96623; Checking Box AICar
29; Driver; Interference; None; 31.10.2023 13:38:21; 813.2125; -0.01222242; 203.6077; Before; 23.98256; Checking Box AICar
29; Driver; Interference; None; 31.10.2023 13:38:21; 813.2125; -0.01222242; 203.6077; Before; 23.99786; Checking Box AICar
29; Driver; Interference; None; 31.10.2023 13:38:21; 813.2125; -0.01222242; 203.6077; Before; 24.01303; Checking Box AICar
29; Driver; Interference; None; 31.10.2023 13:38:21; 813.2125; -0.01222242; 203.6077; Before; 24.04412; Checking Box AICar
29; Driver; Interference; None; 31.10.2023 13:38:21; 813.2125; -0.01222242; 203.6077; Before; 24.05972; Checking Box AICar
29; Driver; Interference; None; 31.10.2023 13:38:21; 813.2125; -0.01222243; 203.6077; Before; 24.08623; Checking Box AICar
29; Driver; Interference; None; 31.10.2023 13:38:21; 813.2125; -0.01222243; 203.6077; Before; 24.08623; Checking Box AICar
29; Driver; Interference; None; 31.10.2023 13:38:21; 813.2125; -0.01222244; 203.6077; Before; 24.12317; Checking Box AICar
29; Driver; Interference; None; 31.10.2023 13:38:21; 813.2125; -0.01222244; 203.6077; Before; 24.13958; Checking Box AICar
29; Driver; Interference; None; 31.10.2023 13:38:21; 813.2125; -0.01222244; 203.6077; Before; 24.1543; Checking Box AICar
29; Driver; Interference; None; 31.10.2023 13:38:21; 813.2125; -0.01222244; 203.6077; Before; 24.18667; Checking Box AICar
29; Driver; Interference; None; 31.10.2023 13:38:21; 813.2125; -0.01222244; 203.6077; Before; 24.20376; Checking Box AICar
29; Driver; Interference; None; 31.10.2023 13:38:21; 813.2125; -0.01222244; 203.6077; Before; 24.21911; Checking Box AICar
29; Driver; Interference; None; 31.10.2023 13:38:21; 813.2125; -0.01222244; 203.6077; Before; 24.23666; Checking Box AICar
29; Driver; Interference; None; 31.10.2023 13:38:21; 813.2125; -0.01222245; 203.6077; Before; 24.25526; Checking Box AICar
29; Driver; Interference; None; 31.10.2023 13:38:21; 813.2125; -0.01222245; 203.6077; Before; 24.28752; Checking Box AICar
29; Driver; Interference; None; 31.10.2023 13:38:21; 813.2125; -0.01222244; 203.6077; Before; 24.30321; null
29; Driver; Interference; None; 31.10.2023 13:38:21; 813.2125; -0.01222245; 203.6077; Before; 24.31865; null
29; Driver; Interference; None; 31.10.2023 13:38:21; 813.2125; -0.01222245; 203.6077; Before; 24.3342; BicycleInterference
29; Driver; Interference; None; 31.10.2023 13:38:21; 813.2125; -0.01222244; 203.6077; Before; 24.36632; BicycleInterference
29; Driver; Interference; None; 31.10.2023 13:38:21; 813.2125; -0.01222244; 203.6077; Before; 24.36632; BicycleInterference
29; Driver; Interference; None; 31.10.2023 13:38:21; 813.2125; -0.01222244; 203.6077; Before; 24.38245; BicycleInterference
29; Driver; Interference; None; 31.10.2023 13:38:21; 813.2125; -0.01222244; 203.6077; Before; 24.40925; null
29; Driver; Interference; None; 31.10.2023 13:38:21; 813.2125; -0.01222244; 203.6077; Before; 24.44298; null
29; Driver; Interference; None; 31.10.2023 13:38:22; 813.2125; -0.01222244; 203.6077; Before; 24.45835; null
29; Driver; Interference; None; 31.10.2023 13:38:22; 813.2125; -0.01222244; 203.6077; Before; 24.48789; null
29; Driver; Interference; None; 31.10.2023 13:38:22; 813.2125; -0.01222244; 203.6077; Before; 24.48789; null
29; Driver; Interference; None; 31.10.2023 13:38:22; 813.2125; -0.01222244; 203.6077; Before; 24.52002; null
29; Driver; Interference; None; 31.10.2023 13:38:22; 813.2125; -0.01222244; 203.6077; Before; 24.52002; null
29; Driver; Interference; None; 31.10.2023 13:38:22; 813.2125; -0.01222245; 203.6077; Before; 24.53955; null
29; Driver; Interference; None; 31.10.2023 13:38:22; 813.2125; -0.01222244; 203.6077; Before; 24.58811; null
29; Driver; Interference; None; 31.10.2023 13:38:22; 813.2125; -0.01222244; 203.6077; Before; 24.58811; null
29; Driver; Interference; None; 31.10.2023 13:38:22; 813.2125; -0.01222245; 203.6077; Before; 24.62002; null
29; Driver; Interference; None; 31.10.2023 13:38:22; 813.2125; -0.01222244; 203.6077; Before; 24.6363; null
29; Driver; Interference; None; 31.10.2023 13:38:22; 813.2125; -0.01222244; 203.6077; Before; 24.66606; null
29; Driver; Interference; None; 31.10.2023 13:38:22; 813.2125; -0.01222243; 203.6077; Before; 24.6817; null
29; Driver; Interference; None; 31.10.2023 13:38:22; 813.2125; -0.01222243; 203.6077; Before; 24.69672; null
29; Driver; Interference; None; 31.10.2023 13:38:22; 813.2125; -0.01222243; 203.6077; Before; 24.71361; null
29; Driver; Interference; None; 31.10.2023 13:38:22; 813.2125; -0.01222243; 203.6077; Before; 24.73248; null
29; Driver; Interference; None; 31.10.2023 13:38:22; 813.2125; -0.01222242; 203.6077; Before; 24.7654; null
29; Driver; Interference; None; 31.10.2023 13:38:22; 813.2125; -0.01222243; 203.6077; Before; 24.78211; null
29; Driver; Interference; None; 31.10.2023 13:38:22; 813.2125; -0.01222243; 203.6077; Before; 24.79697; null
29; Driver; Interference; None; 31.10.2023 13:38:22; 813.2125; -0.01222243; 203.6077; Before; 24.8104; null
29; Driver; Interference; None; 31.10.2023 13:38:22; 813.2125; -0.01222243; 203.6077; Before; 24.84259; null
29; Driver; Interference; None; 31.10.2023 13:38:22; 813.2125; -0.01222244; 203.6077; Before; 24.85884; null
29; Driver; Interference; None; 31.10.2023 13:38:22; 813.2125; -0.01222244; 203.6077; Before; 24.87721; BicycleInterference
29; Driver; Interference; None; 31.10.2023 13:38:22; 813.2125; -0.01222244; 203.6077; Before; 24.89594; BicycleInterference
29; Driver; Interference; None; 31.10.2023 13:38:22; 813.2125; -0.01222244; 203.6077; Before; 24.91098; BicycleInterference
29; Driver; Interference; None; 31.10.2023 13:38:22; 813.2125; -0.01222244; 203.6077; Before; 24.94283; BicycleInterference
29; Driver; Interference; None; 31.10.2023 13:38:22; 813.2125; -0.01222244; 203.6077; Before; 24.95818; BicycleInterference
29; Driver; Interference; None; 31.10.2023 13:38:22; 813.2125; -0.01222244; 203.6077; Before; 24.98925; BicycleInterference
29; Driver; Interference; None; 31.10.2023 13:38:22; 813.2125; -0.01222244; 203.6077; Before; 24.98925; BicycleInterference
29; Driver; Interference; None; 31.10.2023 13:38:22; 813.2125; -0.01222244; 203.6077; Before; 25.00505; Checking Box AICar
29; Driver; Interference; None; 31.10.2023 13:38:22; 813.2125; -0.01222244; 203.6077; Before; 25.02107; Checking Box AICar
29; Driver; Interference; None; 31.10.2023 13:38:22; 813.2125; -0.01222244; 203.6077; Before; 25.06455; Checking Box AICar
29; Driver; Interference; None; 31.10.2023 13:38:22; 813.2125; -0.01222243; 203.6077; Before; 25.08253; Checking Box AICar
29; Driver; Interference; None; 31.10.2023 13:38:22; 813.2125; -0.01222243; 203.6077; Before; 25.09737; Checking Box AICar
29; Driver; Interference; None; 31.10.2023 13:38:22; 813.2125; -0.01222243; 203.6077; Before; 25.11245; Checking Box AICar
29; Driver; Interference; None; 31.10.2023 13:38:22; 813.2125; -0.01222243; 203.6077; Before; 25.14487; Checking Box AICar
29; Driver; Interference; None; 31.10.2023 13:38:22; 813.2125; -0.01222243; 203.6077; Before; 25.16247; Checking Box AICar
29; Driver; Interference; None; 31.10.2023 13:38:22; 813.2125; -0.01222243; 203.6077; Before; 25.17747; Checking Box AICar
29; Driver; Interference; None; 31.10.2023 13:38:22; 813.2125; -0.01222243; 203.6077; Before; 25.17747; Checking Box AICar
29; Driver; Interference; None; 31.10.2023 13:38:22; 813.2125; -0.01222243; 203.6077; Before; 25.22291; Checking Box AICar
29; Driver; Interference; None; 31.10.2023 13:38:22; 813.2125; -0.01222244; 203.6077; Before; 25.23915; Checking Box AICar
29; Driver; Interference; None; 31.10.2023 13:38:22; 813.2125; -0.01222244; 203.6077; Before; 25.26893; Checking Box AICar
29; Driver; Interference; None; 31.10.2023 13:38:22; 813.2125; -0.01222244; 203.6077; Before; 25.2851; Checking Box AICar
29; Driver; Interference; None; 31.10.2023 13:38:22; 813.2125; -0.01222244; 203.6077; Before; 25.3014; Checking Box AICar
29; Driver; Interference; None; 31.10.2023 13:38:22; 813.2125; -0.01222244; 203.6077; Before; 25.31921; Checking Box AICar
29; Driver; Interference; None; 31.10.2023 13:38:22; 813.2125; -0.01222244; 203.6077; Before; 25.33389; Checking Box AICar
29; Driver; Interference; None; 31.10.2023 13:38:22; 813.2125; -0.01222244; 203.6077; Before; 25.35291; Checking Box AICar
29; Driver; Interference; None; 31.10.2023 13:38:22; 813.2125; -0.01222244; 203.6077; Before; 25.38878; Checking Box AICar
29; Driver; Interference; None; 31.10.2023 13:38:22; 813.2125; -0.01222243; 203.6077; Before; 25.38878; Checking Box AICar
29; Driver; Interference; None; 31.10.2023 13:38:22; 813.2125; -0.01222243; 203.6077; Before; 25.42299; Checking Box AICar
29; Driver; Interference; None; 31.10.2023 13:38:22; 813.2125; -0.01222243; 203.6077; Before; 25.43892; Checking Box AICar
29; Driver; Interference; None; 31.10.2023 13:38:23; 813.2125; -0.01222243; 203.6077; Before; 25.46952; Checking Box AICar
29; Driver; Interference; None; 31.10.2023 13:38:23; 813.2125; -0.01222243; 203.6077; Before; 25.48609; Checking Box AICar
29; Driver; Interference; None; 31.10.2023 13:38:23; 813.2125; -0.01222243; 203.6077; Before; 25.48609; Checking Box AICar
29; Driver; Interference; None; 31.10.2023 13:38:23; 813.2125; -0.01222243; 203.6077; Before; 25.52415; Checking Box AICar
29; Driver; Interference; None; 31.10.2023 13:38:23; 813.2125; -0.01222243; 203.6077; Before; 25.54128; Checking Box AICar
29; Driver; Interference; None; 31.10.2023 13:38:23; 813.2125; -0.01222243; 203.6077; Before; 25.55666; Checking Box AICar
29; Driver; Interference; None; 31.10.2023 13:38:23; 813.2125; -0.01222243; 203.6077; Before; 25.58801; null
29; Driver; Interference; None; 31.10.2023 13:38:23; 813.2125; -0.01222243; 203.6077; Before; 25.58801; null
29; Driver; Interference; None; 31.10.2023 13:38:23; 813.2125; -0.01222243; 203.6077; Before; 25.6217; null
29; Driver; Interference; None; 31.10.2023 13:38:23; 813.2125; -0.01222243; 203.6077; Before; 25.63825; null
29; Driver; Interference; None; 31.10.2023 13:38:23; 813.2125; -0.01222243; 203.6077; Before; 25.66268; null
29; Driver; Interference; None; 31.10.2023 13:38:23; 813.2125; -0.01222243; 203.6077; Before; 25.6823; null
29; Driver; Interference; None; 31.10.2023 13:38:23; 813.2125; -0.01222243; 203.6077; Before; 25.69864; null
29; Driver; Interference; None; 31.10.2023 13:38:23; 813.2125; -0.01222243; 203.6077; Before; 25.71406; null
29; Driver; Interference; None; 31.10.2023 13:38:23; 813.2125; -0.01222243; 203.6077; Before; 25.74501; null
29; Driver; Interference; None; 31.10.2023 13:38:23; 813.2125; -0.01222243; 203.6077; Before; 25.76134; null
29; Driver; Interference; None; 31.10.2023 13:38:23; 813.2125; -0.01222243; 203.6077; Before; 25.77635; null
29; Driver; Interference; None; 31.10.2023 13:38:23; 813.2125; -0.01222243; 203.6077; Before; 25.7928; null
29; Driver; Interference; None; 31.10.2023 13:38:23; 813.2125; -0.01222243; 203.6077; Before; 25.81254; null
29; Driver; Interference; None; 31.10.2023 13:38:23; 813.2125; -0.01222243; 203.6077; Before; 25.84614; null
29; Driver; Interference; None; 31.10.2023 13:38:23; 813.2125; -0.01222243; 203.6077; Before; 25.86336; null
29; Driver; Interference; None; 31.10.2023 13:38:23; 813.2125; -0.01222243; 203.6077; Before; 25.87805; null
29; Driver; Interference; None; 31.10.2023 13:38:23; 813.2125; -0.01222243; 203.6077; Before; 25.89353; null
29; Driver; Interference; None; 31.10.2023 13:38:23; 813.2125; -0.01222243; 203.6077; Before; 25.92544; null
29; Driver; Interference; None; 31.10.2023 13:38:23; 813.2125; -0.01222243; 203.6077; Before; 25.94057; null
29; Driver; Interference; None; 31.10.2023 13:38:23; 813.2125; -0.01222243; 203.6077; Before; 25.95575; null
29; Driver; Interference; None; 31.10.2023 13:38:23; 813.2125; -0.01222243; 203.6077; Before; 25.97468; null
29; Driver; Interference; None; 31.10.2023 13:38:23; 813.2125; -0.01222243; 203.6077; Before; 25.99261; null
29; Driver; Interference; None; 31.10.2023 13:38:23; 813.2125; -0.01222243; 203.6077; Before; 26.02581; null
29; Driver; Interference; None; 31.10.2023 13:38:23; 813.2125; -0.01222243; 203.6077; Before; 26.04083; null
29; Driver; Interference; None; 31.10.2023 13:38:23; 813.2125; -0.01222243; 203.6077; Before; 26.05576; null
29; Driver; Interference; None; 31.10.2023 13:38:23; 813.2125; -0.01222244; 203.6077; Before; 26.0876; null
29; Driver; Interference; None; 31.10.2023 13:38:23; 813.2125; -0.01222244; 203.6077; Before; 26.0876; null
29; Driver; Interference; None; 31.10.2023 13:38:23; 813.2125; -0.01222244; 203.6077; Before; 26.12212; null
29; Driver; Interference; None; 31.10.2023 13:38:23; 813.2125; -0.01222244; 203.6077; Before; 26.14155; null
29; Driver; Interference; None; 31.10.2023 13:38:23; 813.2125; -0.01222244; 203.6077; Before; 26.16024; null
29; Driver; Interference; None; 31.10.2023 13:38:23; 813.2125; -0.01222244; 203.6077; Before; 26.19259; null
29; Driver; Interference; None; 31.10.2023 13:38:23; 813.2125; -0.01222244; 203.6077; Before; 26.19259; null
29; Driver; Interference; None; 31.10.2023 13:38:23; 813.2125; -0.01222245; 203.6077; Before; 26.22411; null
29; Driver; Interference; None; 31.10.2023 13:38:23; 813.2125; -0.01222244; 203.6077; Before; 26.24072; null
29; Driver; Interference; None; 31.10.2023 13:38:23; 813.2125; -0.01222244; 203.6077; Before; 26.25613; null
29; Driver; Interference; None; 31.10.2023 13:38:23; 813.2125; -0.01222244; 203.6077; Before; 26.27223; null
29; Driver; Interference; None; 31.10.2023 13:38:23; 813.2125; -0.01222244; 203.6077; Before; 26.2911; null
29; Driver; Interference; None; 31.10.2023 13:38:23; 813.2125; -0.01222244; 203.6077; Before; 26.32622; null
29; Driver; Interference; None; 31.10.2023 13:38:23; 813.2125; -0.01222244; 203.6077; Before; 26.34187; null
29; Driver; Interference; None; 31.10.2023 13:38:23; 813.2125; -0.01222244; 203.6077; Before; 26.35809; null
29; Driver; Interference; None; 31.10.2023 13:38:23; 813.2125; -0.01222244; 203.6077; Before; 26.38811; null
29; Driver; Interference; None; 31.10.2023 13:38:23; 813.2125; -0.01222243; 203.6077; Before; 26.38811; null
29; Driver; Interference; None; 31.10.2023 13:38:23; 813.2125; -0.01222243; 203.6077; Before; 26.42041; null
29; Driver; Interference; None; 31.10.2023 13:38:23; 813.2125; -0.01222243; 203.6077; Before; 26.43725; null
29; Driver; Interference; None; 31.10.2023 13:38:24; 813.2125; -0.01222243; 203.6077; Before; 26.45534; null
29; Driver; Interference; None; 31.10.2023 13:38:24; 813.2125; -0.01222242; 203.6077; Before; 26.4925; null
29; Driver; Interference; None; 31.10.2023 13:38:24; 813.2125; -0.01222243; 203.6077; Before; 26.4925; null
29; Driver; Interference; None; 31.10.2023 13:38:24; 813.2125; -0.01222243; 203.6077; Before; 26.52413; null
29; Driver; Interference; None; 31.10.2023 13:38:24; 813.2125; -0.01222243; 203.6077; Before; 26.54034; null
29; Driver; Interference; None; 31.10.2023 13:38:24; 813.2125; -0.01222244; 203.6077; Before; 26.55605; null
29; Driver; Interference; None; 31.10.2023 13:38:24; 813.2125; -0.01222244; 203.6077; Before; 26.58733; null
29; Driver; Interference; None; 31.10.2023 13:38:24; 813.2125; -0.01222244; 203.6077; Before; 26.58733; null
29; Driver; Interference; None; 31.10.2023 13:38:24; 813.2125; -0.01222244; 203.6077; Before; 26.60703; null
29; Driver; Interference; None; 31.10.2023 13:38:24; 813.2125; -0.01222244; 203.6077; Before; 26.64231; null
29; Driver; Interference; None; 31.10.2023 13:38:24; 813.2125; -0.01222244; 203.6077; Before; 26.65813; null
29; Driver; Interference; None; 31.10.2023 13:38:24; 813.2125; -0.01222244; 203.6077; Before; 26.68862; null
29; Driver; Interference; None; 31.10.2023 13:38:24; 813.2125; -0.01222244; 203.6077; Before; 26.68862; null
29; Driver; Interference; None; 31.10.2023 13:38:24; 813.2125; -0.01222244; 203.6077; Before; 26.72152; null
29; Driver; Interference; None; 31.10.2023 13:38:24; 813.2125; -0.01222244; 203.6077; Before; 26.73795; null
29; Driver; Interference; None; 31.10.2023 13:38:24; 813.2125; -0.01222244; 203.6077; Before; 26.75709; null
29; Driver; Interference; None; 31.10.2023 13:38:24; 813.2125; -0.01222244; 203.6077; Before; 26.79246; null
29; Driver; Interference; None; 31.10.2023 13:38:24; 813.2125; -0.01222244; 203.6077; Before; 26.79246; null
29; Driver; Interference; None; 31.10.2023 13:38:24; 813.2125; -0.01222244; 203.6077; Before; 26.82406; null
29; Driver; Interference; None; 31.10.2023 13:38:24; 813.2125; -0.01222244; 203.6077; Before; 26.84057; null
29; Driver; Interference; None; 31.10.2023 13:38:24; 813.2125; -0.01222243; 203.6077; Before; 26.85638; null
29; Driver; Interference; None; 31.10.2023 13:38:24; 813.2125; -0.01222243; 203.6077; Before; 26.88807; null
29; Driver; Interference; None; 31.10.2023 13:38:24; 813.2125; -0.01222243; 203.6077; Before; 26.88807; null
29; Driver; Interference; None; 31.10.2023 13:38:24; 813.2125; -0.01222243; 203.6077; Before; 26.92526; null
29; Driver; Interference; None; 31.10.2023 13:38:24; 813.2125; -0.01222243; 203.6077; Before; 26.94195; null
29; Driver; Interference; None; 31.10.2023 13:38:24; 813.2125; -0.01222243; 203.6077; Before; 26.95767; null
29; Driver; Interference; None; 31.10.2023 13:38:24; 813.2125; -0.01222243; 203.6077; Before; 26.98981; null
29; Driver; Interference; None; 31.10.2023 13:38:24; 813.2125; -0.01222243; 203.6077; Before; 26.98981; null
29; Driver; Interference; None; 31.10.2023 13:38:24; 813.2125; -0.01222243; 203.6077; Before; 27.02365; null
29; Driver; Interference; None; 31.10.2023 13:38:24; 813.2125; -0.01222243; 203.6077; Before; 27.04079; null
29; Driver; Interference; None; 31.10.2023 13:38:24; 813.2125; -0.01222244; 203.6077; Before; 27.05991; null
29; Driver; Interference; None; 31.10.2023 13:38:24; 813.2125; -0.01222245; 203.6077; Before; 27.07712; null
29; Driver; Interference; None; 31.10.2023 13:38:24; 813.2125; -0.01222244; 203.6077; Before; 27.0938; null
29; Driver; Interference; None; 31.10.2023 13:38:24; 813.2125; -0.01222244; 203.6077; Before; 27.11068; null
29; Driver; Interference; None; 31.10.2023 13:38:24; 813.2125; -0.01222244; 203.6077; Before; 27.14354; null
29; Driver; Interference; None; 31.10.2023 13:38:24; 813.2125; -0.01222244; 203.6077; Before; 27.16015; null
29; Driver; Interference; None; 31.10.2023 13:38:24; 813.2125; -0.01222244; 203.6077; Before; 27.19037; null
29; Driver; Interference; None; 31.10.2023 13:38:24; 813.2125; -0.01222244; 203.6077; Before; 27.19037; null
29; Driver; Interference; None; 31.10.2023 13:38:24; 813.2125; -0.01222244; 203.6077; Before; 27.20655; null
29; Driver; Interference; None; 31.10.2023 13:38:24; 813.2125; -0.01222245; 203.6077; Before; 27.24625; null
29; Driver; Interference; None; 31.10.2023 13:38:24; 813.2125; -0.01222244; 203.6077; Before; 27.26215; null
29; Driver; Interference; None; 31.10.2023 13:38:24; 813.2125; -0.01222244; 203.6077; Before; 27.29366; null
29; Driver; Interference; None; 31.10.2023 13:38:24; 813.2125; -0.01222244; 203.6077; Before; 27.29366; null
29; Driver; Interference; None; 31.10.2023 13:38:24; 813.2125; -0.01222244; 203.6077; Before; 27.32482; null
29; Driver; Interference; None; 31.10.2023 13:38:24; 813.2125; -0.01222243; 203.6077; Before; 27.34162; null
29; Driver; Interference; None; 31.10.2023 13:38:24; 813.2125; -0.01222243; 203.6077; Before; 27.35726; null
29; Driver; Interference; None; 31.10.2023 13:38:24; 813.2125; -0.01222243; 203.6077; Before; 27.37562; null
29; Driver; Interference; None; 31.10.2023 13:38:24; 813.2125; -0.01222243; 203.6077; Before; 27.39557; null
29; Driver; Interference; None; 31.10.2023 13:38:24; 813.2125; -0.01222243; 203.6077; Before; 27.42692; null
29; Driver; Interference; None; 31.10.2023 13:38:24; 813.2125; -0.01222243; 203.6077; Before; 27.44209; null
29; Driver; Interference; None; 31.10.2023 13:38:25; 813.2125; -0.01222243; 203.6077; Before; 27.45779; null
29; Driver; Interference; None; 31.10.2023 13:38:25; 813.2125; -0.01222243; 203.6077; Before; 27.48932; null
29; Driver; Interference; None; 31.10.2023 13:38:25; 813.2125; -0.01222243; 203.6077; Before; 27.48932; null
29; Driver; Interference; None; 31.10.2023 13:38:25; 813.2125; -0.01222243; 203.6077; Before; 27.52219; null
29; Driver; Interference; None; 31.10.2023 13:38:25; 813.2125; -0.01222243; 203.6077; Before; 27.54207; null
29; Driver; Interference; None; 31.10.2023 13:38:25; 813.2125; -0.01222244; 203.6077; Before; 27.56035; null
29; Driver; Interference; None; 31.10.2023 13:38:25; 813.2125; -0.01222245; 203.6077; Before; 27.59297; null
29; Driver; Interference; None; 31.10.2023 13:38:25; 813.2125; -0.01222244; 203.6077; Before; 27.59297; null
29; Driver; Interference; None; 31.10.2023 13:38:25; 813.2125; -0.01222245; 203.6077; Before; 27.62462; null
29; Driver; Interference; None; 31.10.2023 13:38:25; 813.2125; -0.01222244; 203.6077; Before; 27.64049; null
29; Driver; Interference; None; 31.10.2023 13:38:25; 813.2125; -0.01222244; 203.6077; Before; 27.65693; null
29; Driver; Interference; None; 31.10.2023 13:38:25; 813.2125; -0.01222244; 203.6077; Before; 27.67326; null
29; Driver; Interference; None; 31.10.2023 13:38:25; 813.2125; -0.01222244; 203.6077; Before; 27.69159; null
29; Driver; Interference; None; 31.10.2023 13:38:25; 813.2125; -0.01222245; 203.6077; Before; 27.71053; null
29; Driver; Interference; None; 31.10.2023 13:38:25; 813.2125; -0.01222244; 203.6077; Before; 27.74336; null
29; Driver; Interference; None; 31.10.2023 13:38:25; 813.2125; -0.01222244; 203.6077; Before; 27.75883; null
29; Driver; Interference; None; 31.10.2023 13:38:25; 813.2125; -0.01222244; 203.6077; Before; 27.78873; null
29; Driver; Interference; None; 31.10.2023 13:38:25; 813.2125; -0.01222244; 203.6077; Before; 27.78873; null
29; Driver; Interference; None; 31.10.2023 13:38:25; 813.2125; -0.01222244; 203.6077; Before; 27.82063; null
29; Driver; Interference; None; 31.10.2023 13:38:25; 813.2125; -0.01222244; 203.6077; Before; 27.83696; null
29; Driver; Interference; None; 31.10.2023 13:38:25; 813.2125; -0.01222243; 203.6077; Before; 27.85419; null
29; Driver; Interference; None; 31.10.2023 13:38:25; 813.2125; -0.01222243; 203.6077; Before; 27.89114; null
29; Driver; Interference; None; 31.10.2023 13:38:25; 813.2125; -0.01222243; 203.6077; Before; 27.89114; null
29; Driver; Interference; None; 31.10.2023 13:38:25; 813.2125; -0.01222243; 203.6077; Before; 27.92314; null
29; Driver; Interference; None; 31.10.2023 13:38:25; 813.2125; -0.01222242; 203.6077; Before; 27.94023; null
29; Driver; Interference; None; 31.10.2023 13:38:25; 813.2125; -0.01222242; 203.6077; Before; 27.95582; null
29; Driver; Interference; None; 31.10.2023 13:38:25; 813.2125; -0.01222243; 203.6077; Before; 27.98936; null
29; Driver; Interference; None; 31.10.2023 13:38:25; 813.2125; -0.01222243; 203.6077; Before; 27.98936; null
29; Driver; Interference; None; 31.10.2023 13:38:25; 813.2125; -0.01222244; 203.6077; Before; 28.00884; null
29; Driver; Interference; None; 31.10.2023 13:38:25; 813.2125; -0.01222244; 203.6077; Before; 28.04265; null
29; Driver; Interference; None; 31.10.2023 13:38:25; 813.2125; -0.01222244; 203.6077; Before; 28.05867; null
29; Driver; Interference; None; 31.10.2023 13:38:25; 813.2125; -0.01222245; 203.6077; Before; 28.08877; null
29; Driver; Interference; None; 31.10.2023 13:38:25; 813.2125; -0.01222244; 203.6077; Before; 28.08877; null
29; Driver; Interference; None; 31.10.2023 13:38:25; 813.2125; -0.01222244; 203.6077; Before; 28.12196; null
29; Driver; Interference; None; 31.10.2023 13:38:25; 813.2125; -0.01222244; 203.6077; Before; 28.13805; null
29; Driver; Interference; None; 31.10.2023 13:38:25; 813.2125; -0.01222244; 203.6077; Before; 28.15256; null
29; Driver; Interference; None; 31.10.2023 13:38:25; 813.2125; -0.01222244; 203.6077; Before; 28.19135; null
29; Driver; Interference; None; 31.10.2023 13:38:25; 813.2125; -0.01222244; 203.6077; Before; 28.19135; null
29; Driver; Interference; None; 31.10.2023 13:38:25; 813.2125; -0.01222244; 203.6077; Before; 28.22541; null
29; Driver; Interference; None; 31.10.2023 13:38:25; 813.2125; -0.01222244; 203.6077; Before; 28.24165; null
29; Driver; Interference; None; 31.10.2023 13:38:25; 813.2125; -0.01222244; 203.6077; Before; 28.25739; null
29; Driver; Interference; None; 31.10.2023 13:38:25; 813.2125; -0.01222244; 203.6077; Before; 28.28797; null
29; Driver; Interference; None; 31.10.2023 13:38:25; 813.2125; -0.01222244; 203.6077; Before; 28.28797; null
29; Driver; Interference; None; 31.10.2023 13:38:25; 813.2125; -0.01222244; 203.6077; Before; 28.30461; null
29; Driver; Interference; None; 31.10.2023 13:38:25; 813.2125; -0.01222244; 203.6077; Before; 28.33239; null
29; Driver; Interference; None; 31.10.2023 13:38:25; 813.2125; -0.01222244; 203.6077; Before; 28.37076; null
29; Driver; Interference; None; 31.10.2023 13:38:25; 813.2125; -0.01222244; 203.6077; Before; 28.38665; null
29; Driver; Interference; None; 31.10.2023 13:38:25; 813.2125; -0.01222244; 203.6077; Before; 28.40283; null
29; Driver; Interference; None; 31.10.2023 13:38:25; 813.2125; -0.01222243; 203.6077; Before; 28.41901; null
29; Driver; Interference; None; 31.10.2023 13:38:25; 813.2125; -0.01222243; 203.6077; Before; 28.43379; null
29; Driver; Interference; None; 31.10.2023 13:38:26; 813.2125; -0.01222243; 203.6077; Before; 28.46626; null
29; Driver; Interference; None; 31.10.2023 13:38:26; 813.2125; -0.01222243; 203.6077; Before; 28.48594; null
29; Driver; Interference; None; 31.10.2023 13:38:26; 813.2125; -0.01222243; 203.6077; Before; 28.48594; null
29; Driver; Interference; None; 31.10.2023 13:38:26; 813.2125; -0.01222242; 203.6077; Before; 28.52095; null
29; Driver; Interference; None; 31.10.2023 13:38:26; 813.2125; -0.01222242; 203.6077; Before; 28.53735; null
29; Driver; Interference; None; 31.10.2023 13:38:26; 813.2125; -0.01222243; 203.6077; Before; 28.56728; null
29; Driver; Interference; None; 31.10.2023 13:38:26; 813.2125; -0.01222243; 203.6077; Before; 28.58313; null
29; Driver; Interference; None; 31.10.2023 13:38:26; 813.2125; -0.01222243; 203.6077; Before; 28.59994; null
29; Driver; Interference; None; 31.10.2023 13:38:26; 813.2125; -0.01222244; 203.6077; Before; 28.61459; null
29; Driver; Interference; None; 31.10.2023 13:38:26; 813.2125; -0.01222244; 203.6077; Before; 28.63188; null
29; Driver; Interference; None; 31.10.2023 13:38:26; 813.2125; -0.01222244; 203.6077; Before; 28.66843; null
29; Driver; Interference; None; 31.10.2023 13:38:26; 813.2125; -0.01222244; 203.6077; Before; 28.68618; null
29; Driver; Interference; None; 31.10.2023 13:38:26; 813.2125; -0.01222244; 203.6077; Before; 28.70147; null
29; Driver; Interference; None; 31.10.2023 13:38:26; 813.2125; -0.01222244; 203.6077; Before; 28.71799; null
29; Driver; Interference; None; 31.10.2023 13:38:26; 813.2125; -0.01222244; 203.6077; Before; 28.73298; null
29; Driver; Interference; None; 31.10.2023 13:38:26; 813.2125; -0.01222244; 203.6077; Before; 28.76447; null
29; Driver; Interference; None; 31.10.2023 13:38:26; 813.2125; -0.01222244; 203.6077; Before; 28.78043; null
29; Driver; Interference; None; 31.10.2023 13:38:26; 813.2125; -0.01222244; 203.6077; Before; 28.79594; null
29; Driver; Interference; None; 31.10.2023 13:38:26; 813.2125; -0.01222245; 203.6077; Before; 28.81287; null
29; Driver; Interference; None; 31.10.2023 13:38:26; 813.2125; -0.01222244; 203.6077; Before; 28.83248; null
29; Driver; Interference; None; 31.10.2023 13:38:26; 813.2125; -0.01222244; 203.6077; Before; 28.86448; null
29; Driver; Interference; None; 31.10.2023 13:38:26; 813.2125; -0.01222244; 203.6077; Before; 28.88058; null
29; Driver; Interference; None; 31.10.2023 13:38:26; 813.2125; -0.01222244; 203.6077; Before; 28.89692; null
29; Driver; Interference; None; 31.10.2023 13:38:26; 813.2125; -0.01222244; 203.6077; Before; 28.91094; null
29; Driver; Interference; None; 31.10.2023 13:38:26; 813.2125; -0.01222244; 203.6077; Before; 28.94273; null
29; Driver; Interference; None; 31.10.2023 13:38:26; 813.2125; -0.01222243; 203.6077; Before; 28.95905; null
29; Driver; Interference; None; 31.10.2023 13:38:26; 813.2125; -0.01222243; 203.6077; Before; 28.97703; null
29; Driver; Interference; None; 31.10.2023 13:38:26; 813.2125; -0.01222243; 203.6077; Before; 28.99641; null
29; Driver; Interference; None; 31.10.2023 13:38:26; 813.2125; -0.01222242; 203.6077; Before; 29.01336; null
29; Driver; Interference; None; 31.10.2023 13:38:26; 813.2125; -0.01222242; 203.6077; Before; 29.04547; null
29; Driver; Interference; None; 31.10.2023 13:38:26; 813.2125; -0.01222243; 203.6077; Before; 29.06203; null
29; Driver; Interference; None; 31.10.2023 13:38:26; 813.2125; -0.01222243; 203.6077; Before; 29.09185; null
29; Driver; Interference; None; 31.10.2023 13:38:26; 813.2125; -0.01222243; 203.6077; Before; 29.09185; null
29; Driver; Interference; None; 31.10.2023 13:38:26; 813.2125; -0.01222244; 203.6077; Before; 29.12303; null
29; Driver; Interference; None; 31.10.2023 13:38:26; 813.2125; -0.01222244; 203.6077; Before; 29.14205; null
29; Driver; Interference; None; 31.10.2023 13:38:26; 813.2125; -0.01222245; 203.6077; Before; 29.15999; null
29; Driver; Interference; None; 31.10.2023 13:38:26; 813.2125; -0.01222244; 203.6077; Before; 29.19245; null
29; Driver; Interference; None; 31.10.2023 13:38:26; 813.2125; -0.01222244; 203.6077; Before; 29.19245; null
29; Driver; Interference; None; 31.10.2023 13:38:26; 813.2125; -0.01222244; 203.6077; Before; 29.22427; null
29; Driver; Interference; None; 31.10.2023 13:38:26; 813.2125; -0.01222244; 203.6077; Before; 29.24171; null
29; Driver; Interference; None; 31.10.2023 13:38:26; 813.2125; -0.01222244; 203.6077; Before; 29.25816; null
29; Driver; Interference; None; 31.10.2023 13:38:26; 813.2125; -0.01222244; 203.6077; Before; 29.27338; null
29; Driver; Interference; None; 31.10.2023 13:38:26; 813.2125; -0.01222244; 203.6077; Before; 29.29231; null
29; Driver; Interference; None; 31.10.2023 13:38:26; 813.2125; -0.01222244; 203.6077; Before; 29.31037; null
29; Driver; Interference; None; 31.10.2023 13:38:26; 813.2125; -0.01222244; 203.6077; Before; 29.34272; null
29; Driver; Interference; None; 31.10.2023 13:38:26; 813.2125; -0.01222245; 203.6077; Before; 29.35898; null
29; Driver; Interference; None; 31.10.2023 13:38:26; 813.2125; -0.01222245; 203.6077; Before; 29.39033; null
29; Driver; Interference; None; 31.10.2023 13:38:26; 813.2125; -0.01222244; 203.6077; Before; 29.39033; null
29; Driver; Interference; None; 31.10.2023 13:38:26; 813.2125; -0.01222245; 203.6077; Before; 29.40731; null
29; Driver; Interference; None; 31.10.2023 13:38:26; 813.2125; -0.01222245; 203.6077; Before; 29.4438; null
29; Driver; Interference; None; 31.10.2023 13:38:27; 813.2125; -0.01222244; 203.6077; Before; 29.46287; null
29; Driver; Interference; None; 31.10.2023 13:38:27; 813.2125; -0.01222245; 203.6077; Before; 29.47914; null
29; Driver; Interference; None; 31.10.2023 13:38:27; 813.2125; -0.01222244; 203.6077; Before; 29.4938; null
29; Driver; Interference; None; 31.10.2023 13:38:27; 813.2125; -0.01222244; 203.6077; Before; 29.50899; null
29; Driver; Interference; None; 31.10.2023 13:38:27; 813.2125; -0.01222244; 203.6077; Before; 29.54288; null
29; Driver; Interference; None; 31.10.2023 13:38:27; 813.2125; -0.01222244; 203.6077; Before; 29.55912; null
29; Driver; Interference; None; 31.10.2023 13:38:27; 813.2125; -0.01222244; 203.6077; Before; 29.58879; null
29; Driver; Interference; None; 31.10.2023 13:38:27; 813.2125; -0.01222244; 203.6077; Before; 29.58879; null
29; Driver; Interference; None; 31.10.2023 13:38:27; 813.2125; -0.01222244; 203.6077; Before; 29.62627; null
29; Driver; Interference; None; 31.10.2023 13:38:27; 813.2125; -0.01222245; 203.6077; Before; 29.64182; null
29; Driver; Interference; None; 31.10.2023 13:38:27; 813.2125; -0.01222244; 203.6077; Before; 29.65876; null
29; Driver; Interference; None; 31.10.2023 13:38:27; 813.2125; -0.01222244; 203.6077; Before; 29.68834; null
29; Driver; Interference; None; 31.10.2023 13:38:27; 813.2125; -0.01222245; 203.6077; Before; 29.68834; null
29; Driver; Interference; None; 31.10.2023 13:38:27; 813.2125; -0.01222244; 203.6077; Before; 29.72066; null
29; Driver; Interference; None; 31.10.2023 13:38:27; 813.2125; -0.01222244; 203.6077; Before; 29.73766; null
29; Driver; Interference; None; 31.10.2023 13:38:27; 813.2125; -0.01222244; 203.6077; Before; 29.753; null
29; Driver; Interference; None; 31.10.2023 13:38:27; 813.2125; -0.01222244; 203.6077; Before; 29.78925; null
29; Driver; Interference; None; 31.10.2023 13:38:27; 813.2125; -0.01222244; 203.6077; Before; 29.78925; null
29; Driver; Interference; None; 31.10.2023 13:38:27; 813.2125; -0.01222244; 203.6077; Before; 29.82053; null
29; Driver; Interference; None; 31.10.2023 13:38:27; 813.2125; -0.01222243; 203.6077; Before; 29.83701; null
29; Driver; Interference; None; 31.10.2023 13:38:27; 813.2125; -0.01222243; 203.6077; Before; 29.86715; null
29; Driver; Interference; None; 31.10.2023 13:38:27; 813.2125; -0.01222243; 203.6077; Before; 29.88286; null
29; Driver; Interference; None; 31.10.2023 13:38:27; 813.2125; -0.01222243; 203.6077; Before; 29.89945; null
29; Driver; Interference; None; 31.10.2023 13:38:27; 813.2125; -0.01222244; 203.6077; Before; 29.9144; null
29; Driver; Interference; None; 31.10.2023 13:38:27; 813.2125; -0.01222244; 203.6077; Before; 29.93645; null
29; Driver; Interference; None; 31.10.2023 13:38:27; 813.2125; -0.01222244; 203.6077; Before; 29.95548; null
29; Driver; Interference; None; 31.10.2023 13:38:27; 813.2125; -0.01222244; 203.6077; Before; 29.98956; null
29; Driver; Interference; None; 31.10.2023 13:38:27; 813.2125; -0.01222244; 203.6077; Before; 29.98956; null
29; Driver; Interference; None; 31.10.2023 13:38:27; 813.2125; -0.01222244; 203.6077; Before; 30.02348; null
29; Driver; Interference; None; 31.10.2023 13:38:27; 813.2125; -0.01222244; 203.6077; Before; 30.0401; null
29; Driver; Interference; None; 31.10.2023 13:38:27; 813.2125; -0.01222244; 203.6077; Before; 30.05674; null
29; Driver; Interference; None; 31.10.2023 13:38:27; 813.2125; -0.01222244; 203.6077; Before; 30.08984; null
29; Driver; Interference; None; 31.10.2023 13:38:27; 813.2125; -0.01222244; 203.6077; Before; 30.08984; null
29; Driver; Interference; None; 31.10.2023 13:38:27; 813.2125; -0.01222244; 203.6077; Before; 30.10837; null
29; Driver; Interference; None; 31.10.2023 13:38:27; 813.2125; -0.01222244; 203.6077; Before; 30.14253; null
29; Driver; Interference; None; 31.10.2023 13:38:27; 813.2125; -0.01222244; 203.6077; Before; 30.15799; null
29; Driver; Interference; None; 31.10.2023 13:38:27; 813.2125; -0.01222244; 203.6077; Before; 30.19075; null
29; Driver; Interference; None; 31.10.2023 13:38:27; 813.2125; -0.01222244; 203.6077; Before; 30.19075; null
29; Driver; Interference; None; 31.10.2023 13:38:27; 813.2125; -0.01222244; 203.6077; Before; 30.2067; null
29; Driver; Interference; None; 31.10.2023 13:38:27; 813.2125; -0.01222244; 203.6077; Before; 30.24264; null
29; Driver; Interference; None; 31.10.2023 13:38:27; 813.2125; -0.01222244; 203.6077; Before; 30.26165; null
29; Driver; Interference; None; 31.10.2023 13:38:27; 813.2125; -0.01222244; 203.6077; Before; 30.2785; Checking Box AICar
29; Driver; Interference; None; 31.10.2023 13:38:27; 813.2125; -0.01222244; 203.6077; Before; 30.29316; Checking Box AICar
29; Driver; Interference; None; 31.10.2023 13:38:27; 813.2125; -0.01222245; 203.6077; Before; 30.32554; Checking Box AICar
29; Driver; Interference; None; 31.10.2023 13:38:27; 813.2125; -0.01222245; 203.6077; Before; 30.34099; Checking Box AICar
29; Driver; Interference; None; 31.10.2023 13:38:27; 813.2125; -0.01222244; 203.6077; Before; 30.35728; Checking Box AICar
29; Driver; Interference; None; 31.10.2023 13:38:27; 813.2125; -0.01222244; 203.6077; Before; 30.37225; null
29; Driver; Interference; None; 31.10.2023 13:38:27; 813.2125; -0.01222245; 203.6077; Before; 30.38783; null
29; Driver; Interference; None; 31.10.2023 13:38:27; 813.2125; -0.01222244; 203.6077; Before; 30.41387; null
29; Driver; Interference; None; 31.10.2023 13:38:27; 813.2125; -0.01222244; 203.6077; Before; 30.43238; null
29; Driver; Interference; None; 31.10.2023 13:38:28; 813.2125; -0.01222244; 203.6077; Before; 30.46568; null
29; Driver; Interference; None; 31.10.2023 13:38:28; 813.2125; -0.01222244; 203.6077; Before; 30.48112; null
29; Driver; Interference; None; 31.10.2023 13:38:28; 813.2125; -0.01222244; 203.6077; Before; 30.49603; null
29; Driver; Interference; None; 31.10.2023 13:38:28; 813.2125; -0.01222244; 203.6077; Before; 30.51045; null
29; Driver; Interference; None; 31.10.2023 13:38:28; 813.2125; -0.01222244; 203.6077; Before; 30.52766; null
29; Driver; Interference; None; 31.10.2023 13:38:28; 813.2125; -0.01222244; 203.6077; Before; 30.54343; null
29; Driver; Interference; None; 31.10.2023 13:38:28; 813.2125; -0.01222244; 203.6077; Before; 30.5732; null
29; Driver; Interference; None; 31.10.2023 13:38:28; 813.2125; -0.01222244; 203.6077; Before; 30.59252; null
29; Driver; Interference; None; 31.10.2023 13:38:28; 813.2125; -0.01222244; 203.6077; Before; 30.6262; null
29; Driver; Interference; None; 31.10.2023 13:38:28; 813.2125; -0.01222244; 203.6077; Before; 30.64157; null
29; Driver; Interference; None; 31.10.2023 13:38:28; 813.2125; -0.01222245; 203.6077; Before; 30.67167; null
29; Driver; Interference; None; 31.10.2023 13:38:28; 813.2125; -0.01222244; 203.6077; Before; 30.68611; null
29; Driver; Interference; None; 31.10.2023 13:38:28; 813.2125; -0.01222244; 203.6077; Before; 30.68611; null
29; Driver; Interference; None; 31.10.2023 13:38:28; 813.2125; -0.01222245; 203.6077; Before; 30.72091; null
29; Driver; Interference; None; 31.10.2023 13:38:28; 813.2125; -0.01222244; 203.6077; Before; 30.74153; null
29; Driver; Interference; None; 31.10.2023 13:38:28; 813.2125; -0.01222245; 203.6077; Before; 30.75861; null
29; Driver; Interference; None; 31.10.2023 13:38:28; 813.2125; -0.01222244; 203.6077; Before; 30.78887; null
29; Driver; Interference; None; 31.10.2023 13:38:28; 813.2125; -0.01222244; 203.6077; Before; 30.80407; null
29; Driver; Interference; None; 31.10.2023 13:38:28; 813.2125; -0.01222245; 203.6077; Before; 30.81996; null
29; Driver; Interference; None; 31.10.2023 13:38:28; 813.2125; -0.01222244; 203.6077; Before; 30.83416; null
29; Driver; Interference; None; 31.10.2023 13:38:28; 813.2125; -0.01222244; 203.6077; Before; 30.86531; null
29; Driver; Interference; None; 31.10.2023 13:38:28; 813.2125; -0.01222245; 203.6077; Before; 30.88451; null
29; Driver; Interference; None; 31.10.2023 13:38:28; 813.2125; -0.01222244; 203.6077; Before; 30.88451; null
29; Driver; Interference; None; 31.10.2023 13:38:28; 813.2125; -0.01222244; 203.6077; Before; 30.92108; null
29; Driver; Interference; None; 31.10.2023 13:38:28; 813.2125; -0.01222244; 203.6077; Before; 30.93736; null
29; Driver; Interference; None; 31.10.2023 13:38:28; 813.2125; -0.01222245; 203.6077; Before; 30.96676; null
29; Driver; Interference; None; 31.10.2023 13:38:28; 813.2125; -0.01222245; 203.6077; Before; 30.98246; null
29; Driver; Interference; None; 31.10.2023 13:38:28; 813.2125; -0.01222244; 203.6077; Before; 30.9973; null
29; Driver; Interference; None; 31.10.2023 13:38:28; 813.2125; -0.01222245; 203.6077; Before; 31.0116; null
29; Driver; Interference; None; 31.10.2023 13:38:28; 813.2125; -0.01222244; 203.6077; Before; 31.02814; null
29; Driver; Interference; None; 31.10.2023 13:38:28; 813.2125; -0.01222245; 203.6077; Before; 31.06582; null
29; Driver; Interference; None; 31.10.2023 13:38:28; 813.2125; -0.01222245; 203.6077; Before; 31.0812; null
29; Driver; Interference; None; 31.10.2023 13:38:28; 813.2125; -0.01222244; 203.6077; Before; 31.09644; null
29; Driver; Interference; None; 31.10.2023 13:38:28; 813.2125; -0.01222245; 203.6077; Before; 31.11058; null
29; Driver; Interference; None; 31.10.2023 13:38:28; 813.2125; -0.01222244; 203.6077; Before; 31.14249; null
29; Driver; Interference; None; 31.10.2023 13:38:28; 813.2125; -0.01222244; 203.6077; Before; 31.15853; null
29; Driver; Interference; None; 31.10.2023 13:38:28; 813.2125; -0.01222245; 203.6077; Before; 31.17422; null
29; Driver; Interference; None; 31.10.2023 13:38:28; 813.2125; -0.01222244; 203.6077; Before; 31.18986; null
29; Driver; Interference; None; 31.10.2023 13:38:28; 813.2125; -0.01222245; 203.6077; Before; 31.2095; null
29; Driver; Interference; None; 31.10.2023 13:38:28; 813.2125; -0.01222244; 203.6077; Before; 31.24512; null
29; Driver; Interference; None; 31.10.2023 13:38:28; 813.2125; -0.01222244; 203.6077; Before; 31.26028; null
29; Driver; Interference; None; 31.10.2023 13:38:28; 813.2125; -0.01222244; 203.6077; Before; 31.29071; null
29; Driver; Interference; None; 31.10.2023 13:38:28; 813.2125; -0.01222244; 203.6077; Before; 31.29071; null
29; Driver; Interference; None; 31.10.2023 13:38:28; 813.2125; -0.01222244; 203.6077; Before; 31.32075; null
29; Driver; Interference; None; 31.10.2023 13:38:28; 813.2125; -0.01222244; 203.6077; Before; 31.33813; null
29; Driver; Interference; None; 31.10.2023 13:38:28; 813.2125; -0.01222244; 203.6077; Before; 31.35234; null
29; Driver; Interference; None; 31.10.2023 13:38:28; 813.2125; -0.01222244; 203.6077; Before; 31.38974; null
29; Driver; Interference; None; 31.10.2023 13:38:28; 813.2125; -0.01222244; 203.6077; Before; 31.38974; null
29; Driver; Interference; None; 31.10.2023 13:38:28; 813.2125; -0.01222244; 203.6077; Before; 31.42044; null
29; Driver; Interference; None; 31.10.2023 13:38:28; 813.2125; -0.01222244; 203.6077; Before; 31.43608; null
29; Driver; Interference; None; 31.10.2023 13:38:29; 813.2125; -0.01222244; 203.6077; Before; 31.46535; null
29; Driver; Interference; None; 31.10.2023 13:38:29; 813.2125; -0.01222244; 203.6077; Before; 31.48131; null
29; Driver; Interference; None; 31.10.2023 13:38:29; 813.2125; -0.01222244; 203.6077; Before; 31.49609; null
29; Driver; Interference; None; 31.10.2023 13:38:29; 813.2125; -0.01222244; 203.6077; Before; 31.51068; null
29; Driver; Interference; None; 31.10.2023 13:38:29; 813.2125; -0.01222244; 203.6077; Before; 31.54829; null
29; Driver; Interference; None; 31.10.2023 13:38:29; 813.2125; -0.01222244; 203.6077; Before; 31.56327; null
29; Driver; Interference; None; 31.10.2023 13:38:29; 813.2125; -0.01222244; 203.6077; Before; 31.59313; null
29; Driver; Interference; None; 31.10.2023 13:38:29; 813.2125; -0.01222244; 203.6077; Before; 31.59313; null
29; Driver; Interference; None; 31.10.2023 13:38:29; 813.2125; -0.01222244; 203.6077; Before; 31.62461; null
29; Driver; Interference; None; 31.10.2023 13:38:29; 813.2125; -0.01222244; 203.6077; Before; 31.64075; null
29; Driver; Interference; None; 31.10.2023 13:38:29; 813.2125; -0.01222244; 203.6077; Before; 31.65601; null
29; Driver; Interference; None; 31.10.2023 13:38:29; 813.2125; -0.01222244; 203.6077; Before; 31.67145; null
29; Driver; Interference; None; 31.10.2023 13:38:29; 813.2125; -0.01222244; 203.6077; Before; 31.69048; null
29; Driver; Interference; None; 31.10.2023 13:38:29; 813.2125; -0.01222244; 203.6077; Before; 31.7251; null
29; Driver; Interference; None; 31.10.2023 13:38:29; 813.2125; -0.01222244; 203.6077; Before; 31.74026; null
29; Driver; Interference; None; 31.10.2023 13:38:29; 813.2125; -0.01222244; 203.6077; Before; 31.7696; null
29; Driver; Interference; None; 31.10.2023 13:38:29; 813.2125; -0.01222244; 203.6077; Before; 31.78574; null
29; Driver; Interference; None; 31.10.2023 13:38:29; 813.2125; -0.01222244; 203.6077; Before; 31.80114; null
29; Driver; Interference; None; 31.10.2023 13:38:29; 813.2125; -0.01222244; 203.6077; Before; 31.81616; null
29; Driver; Interference; None; 31.10.2023 13:38:29; 813.2125; -0.01222244; 203.6077; Before; 31.83002; null
29; Driver; Interference; None; 31.10.2023 13:38:29; 813.2125; -0.01222244; 203.6077; Before; 31.86646; null
29; Driver; Interference; None; 31.10.2023 13:38:29; 813.2125; -0.01222244; 203.6077; Before; 31.88192; null
29; Driver; Interference; None; 31.10.2023 13:38:29; 813.2125; -0.01222244; 203.6077; Before; 31.8973; null
29; Driver; Interference; None; 31.10.2023 13:38:29; 813.2125; -0.01222244; 203.6077; Before; 31.92643; null
29; Driver; Interference; None; 31.10.2023 13:38:29; 813.2125; -0.01222244; 203.6077; Before; 31.94099; null
29; Driver; Interference; None; 31.10.2023 13:38:29; 813.2125; -0.01222244; 203.6077; Before; 31.97041; null
29; Driver; Interference; None; 31.10.2023 13:38:29; 813.2125; -0.01222244; 203.6077; Before; 31.98503; null
29; Driver; Interference; None; 31.10.2023 13:38:29; 813.2125; -0.01222244; 203.6077; Before; 31.98503; null
29; Driver; Interference; None; 31.10.2023 13:38:29; 813.2125; -0.01222244; 203.6077; Before; 32.02266; null
29; Driver; Interference; None; 31.10.2023 13:38:29; 813.2125; -0.01222244; 203.6077; Before; 32.04039; null
29; Driver; Interference; None; 31.10.2023 13:38:29; 813.2125; -0.01222244; 203.6077; Before; 32.07002; null
29; Driver; Interference; None; 31.10.2023 13:38:29; 813.2125; -0.01222244; 203.6077; Before; 32.08461; null
29; Driver; Interference; None; 31.10.2023 13:38:29; 813.2125; -0.01222244; 203.6077; Before; 32.09911; null
29; Driver; Interference; None; 31.10.2023 13:38:29; 813.2125; -0.01222245; 203.6077; Before; 32.11349; null
29; Driver; Interference; None; 31.10.2023 13:38:29; 813.2125; -0.01222244; 203.6077; Before; 32.14272; null
29; Driver; Interference; None; 31.10.2023 13:38:29; 813.2125; -0.01222244; 203.6077; Before; 32.16171; null
29; Driver; Interference; None; 31.10.2023 13:38:29; 813.2125; -0.01222244; 203.6077; Before; 32.18132; null
29; Driver; Interference; None; 31.10.2023 13:38:29; 813.2125; -0.01222245; 203.6077; Before; 32.19773; null
29; Driver; Interference; None; 31.10.2023 13:38:29; 813.2125; -0.01222244; 203.6077; Before; 32.21161; null
29; Driver; Interference; None; 31.10.2023 13:38:29; 813.2125; -0.01222244; 203.6077; Before; 32.24375; null
29; Driver; Interference; None; 31.10.2023 13:38:29; 813.2125; -0.01222245; 203.6077; Before; 32.25933; null
29; Driver; Interference; None; 31.10.2023 13:38:29; 813.2125; -0.01222244; 203.6077; Before; 32.28793; null
29; Driver; Interference; None; 31.10.2023 13:38:29; 813.2125; -0.01222245; 203.6077; Before; 32.28793; null
29; Driver; Interference; None; 31.10.2023 13:38:29; 813.2125; -0.01222244; 203.6077; Before; 32.3219; null
29; Driver; Interference; None; 31.10.2023 13:38:29; 813.2125; -0.01222244; 203.6077; Before; 32.33947; null
29; Driver; Interference; None; 31.10.2023 13:38:29; 813.2125; -0.01222245; 203.6077; Before; 32.35734; null
29; Driver; Interference; None; 31.10.2023 13:38:29; 813.2125; -0.01222244; 203.6077; Before; 32.3889; null
29; Driver; Interference; None; 31.10.2023 13:38:29; 813.2125; -0.01222245; 203.6077; Before; 32.3889; null
29; Driver; Interference; None; 31.10.2023 13:38:29; 813.2125; -0.01222244; 203.6077; Before; 32.42057; null
29; Driver; Interference; None; 31.10.2023 13:38:29; 813.2125; -0.01222244; 203.6077; Before; 32.43663; null
29; Driver; Interference; None; 31.10.2023 13:38:30; 813.2125; -0.01222244; 203.6077; Before; 32.46629; BicycleInterference
29; Driver; Interference; None; 31.10.2023 13:38:30; 813.2125; -0.01222244; 203.6077; Before; 32.48478; BicycleInterference
29; Driver; Interference; None; 31.10.2023 13:38:30; 813.2125; -0.01222245; 203.6077; Before; 32.50256; BicycleInterference
29; Driver; Interference; None; 31.10.2023 13:38:30; 813.2125; -0.01222244; 203.6077; Before; 32.51936; null
29; Driver; Interference; None; 31.10.2023 13:38:30; 813.2125; -0.01222244; 203.6077; Before; 32.54884; Checking Box AICar
29; Driver; Interference; None; 31.10.2023 13:38:30; 813.2125; -0.01222244; 203.6077; Before; 32.56409; Checking Box AICar
29; Driver; Interference; None; 31.10.2023 13:38:30; 813.2125; -0.01222244; 203.6077; Before; 32.58026; Checking Box AICar
29; Driver; Interference; None; 31.10.2023 13:38:30; 813.2125; -0.01222245; 203.6077; Before; 32.59651; Checking Box AICar
29; Driver; Interference; None; 31.10.2023 13:38:30; 813.2125; -0.01222244; 203.6077; Before; 32.61108; null
29; Driver; Interference; None; 31.10.2023 13:38:30; 813.2125; -0.01222244; 203.6077; Before; 32.62901; null
29; Driver; Interference; None; 31.10.2023 13:38:30; 813.2125; -0.01222245; 203.6077; Before; 32.65474; null
29; Driver; Interference; None; 31.10.2023 13:38:30; 813.2125; -0.01222244; 203.6077; Before; 32.69081; null
29; Driver; Interference; None; 31.10.2023 13:38:30; 813.2125; -0.01222244; 203.6077; Before; 32.69081; null
29; Driver; Interference; None; 31.10.2023 13:38:30; 813.2125; -0.01222244; 203.6077; Before; 32.72168; null
29; Driver; Interference; None; 31.10.2023 13:38:30; 813.2125; -0.01222243; 203.6077; Before; 32.73803; null
29; Driver; Interference; None; 31.10.2023 13:38:30; 813.2125; -0.01222243; 203.6077; Before; 32.76852; null
29; Driver; Interference; None; 31.10.2023 13:38:30; 813.2125; -0.01222243; 203.6077; Before; 32.76852; null
29; Driver; Interference; None; 31.10.2023 13:38:30; 813.2125; -0.01222243; 203.6077; Before; 32.785; null
29; Driver; Interference; None; 31.10.2023 13:38:30; 813.2125; -0.01222243; 203.6077; Before; 32.81209; null
29; Driver; Interference; None; 31.10.2023 13:38:30; 813.2125; -0.01222243; 203.6077; Before; 32.84845; null
29; Driver; Interference; None; 31.10.2023 13:38:30; 813.2125; -0.01222243; 203.6077; Before; 32.86438; null
29; Driver; Interference; None; 31.10.2023 13:38:30; 813.2125; -0.01222243; 203.6077; Before; 32.88135; null
29; Driver; Interference; None; 31.10.2023 13:38:30; 813.2125; -0.01222243; 203.6077; Before; 32.89732; null
29; Driver; Interference; None; 31.10.2023 13:38:30; 813.2125; -0.01222244; 203.6077; Before; 32.91243; null
29; Driver; Interference; None; 31.10.2023 13:38:30; 813.2125; -0.01222244; 203.6077; Before; 32.92869; null
29; Driver; Interference; None; 31.10.2023 13:38:30; 813.2125; -0.01222244; 203.6077; Before; 32.96498; null
29; Driver; Interference; None; 31.10.2023 13:38:30; 813.2125; -0.01222244; 203.6077; Before; 32.9841; null
29; Driver; Interference; None; 31.10.2023 13:38:30; 813.2125; -0.01222244; 203.6077; Before; 33.00164; null
29; Driver; Interference; None; 31.10.2023 13:38:30; 813.2125; -0.01222244; 203.6077; Before; 33.01821; null
29; Driver; Interference; None; 31.10.2023 13:38:30; 813.2125; -0.01222244; 203.6077; Before; 33.0331; null
29; Driver; Interference; None; 31.10.2023 13:38:30; 813.2125; -0.01222244; 203.6077; Before; 33.06499; null
29; Driver; Interference; None; 31.10.2023 13:38:30; 813.2125; -0.01222244; 203.6077; Before; 33.08109; null
29; Driver; Interference; None; 31.10.2023 13:38:30; 813.2125; -0.01222244; 203.6077; Before; 33.09664; null
29; Driver; Interference; None; 31.10.2023 13:38:30; 813.2125; -0.01222244; 203.6077; Before; 33.11459; null
29; Driver; Interference; None; 31.10.2023 13:38:30; 813.2125; -0.01222243; 203.6077; Before; 33.13272; null
29; Driver; Interference; None; 31.10.2023 13:38:30; 813.2125; -0.01222243; 203.6077; Before; 33.16457; null
29; Driver; Interference; None; 31.10.2023 13:38:30; 813.2125; -0.01222243; 203.6077; Before; 33.1812; null
29; Driver; Interference; None; 31.10.2023 13:38:30; 813.2125; -0.01222243; 203.6077; Before; 33.19752; null
29; Driver; Interference; None; 31.10.2023 13:38:30; 813.2125; -0.01222243; 203.6077; Before; 33.22723; null
29; Driver; Interference; None; 31.10.2023 13:38:30; 813.2125; -0.01222243; 203.6077; Before; 33.24215; null
29; Driver; Interference; None; 31.10.2023 13:38:30; 813.2125; -0.01222243; 203.6077; Before; 33.25802; null
29; Driver; Interference; None; 31.10.2023 13:38:30; 813.2125; -0.01222243; 203.6077; Before; 33.27611; null
29; Driver; Interference; None; 31.10.2023 13:38:30; 813.2125; -0.01222244; 203.6077; Before; 33.29504; null
29; Driver; Interference; None; 31.10.2023 13:38:30; 813.2125; -0.01222244; 203.6077; Before; 33.31171; null
29; Driver; Interference; None; 31.10.2023 13:38:30; 813.2125; -0.01222244; 203.6077; Before; 33.34512; null
29; Driver; Interference; None; 31.10.2023 13:38:30; 813.2125; -0.01222244; 203.6077; Before; 33.36087; null
29; Driver; Interference; None; 31.10.2023 13:38:30; 813.2125; -0.01222243; 203.6077; Before; 33.39141; null
29; Driver; Interference; None; 31.10.2023 13:38:30; 813.2125; -0.01222243; 203.6077; Before; 33.39141; null
29; Driver; Interference; None; 31.10.2023 13:38:30; 813.2125; -0.01222243; 203.6077; Before; 33.40831; null
29; Driver; Interference; None; 31.10.2023 13:38:30; 813.2125; -0.01222243; 203.6077; Before; 33.44658; null
29; Driver; Interference; None; 31.10.2023 13:38:31; 813.2125; -0.01222243; 203.6077; Before; 33.46313; null
29; Driver; Interference; None; 31.10.2023 13:38:31; 813.2125; -0.01222244; 203.6077; Before; 33.47882; null
29; Driver; Interference; None; 31.10.2023 13:38:31; 813.2125; -0.01222244; 203.6077; Before; 33.49381; null
29; Driver; Interference; None; 31.10.2023 13:38:31; 813.2125; -0.01222244; 203.6077; Before; 33.51059; null
29; Driver; Interference; None; 31.10.2023 13:38:31; 813.2125; -0.01222244; 203.6077; Before; 33.544; null
29; Driver; Interference; None; 31.10.2023 13:38:31; 813.2125; -0.01222244; 203.6077; Before; 33.56003; null
29; Driver; Interference; None; 31.10.2023 13:38:31; 813.2125; -0.01222244; 203.6077; Before; 33.57962; null
29; Driver; Interference; None; 31.10.2023 13:38:31; 813.2125; -0.01222244; 203.6077; Before; 33.59735; null
29; Driver; Interference; None; 31.10.2023 13:38:31; 813.2125; -0.01222244; 203.6077; Before; 33.61372; null
29; Driver; Interference; None; 31.10.2023 13:38:31; 813.2125; -0.01222244; 203.6077; Before; 33.64553; null
29; Driver; Interference; None; 31.10.2023 13:38:31; 813.2125; -0.01222244; 203.6077; Before; 33.66343; null
29; Driver; Interference; None; 31.10.2023 13:38:31; 813.2125; -0.01222244; 203.6077; Before; 33.68074; null
29; Driver; Interference; None; 31.10.2023 13:38:31; 813.2125; -0.01222244; 203.6077; Before; 33.69744; null
29; Driver; Interference; None; 31.10.2023 13:38:31; 813.2125; -0.01222244; 203.6077; Before; 33.71307; null
29; Driver; Interference; None; 31.10.2023 13:38:31; 813.2125; -0.01222244; 203.6077; Before; 33.73203; null
29; Driver; Interference; None; 31.10.2023 13:38:31; 813.2125; -0.01222244; 203.6077; Before; 33.7665; null
29; Driver; Interference; None; 31.10.2023 13:38:31; 813.2125; -0.01222244; 203.6077; Before; 33.78246; null
29; Driver; Interference; None; 31.10.2023 13:38:31; 813.2125; -0.01222244; 203.6077; Before; 33.79827; null
29; Driver; Interference; None; 31.10.2023 13:38:31; 813.2125; -0.01222243; 203.6077; Before; 33.81247; null
29; Driver; Interference; None; 31.10.2023 13:38:31; 813.2125; -0.01222243; 203.6077; Before; 33.84455; null
29; Driver; Interference; None; 31.10.2023 13:38:31; 813.2125; -0.01222242; 203.6077; Before; 33.86144; null
29; Driver; Interference; None; 31.10.2023 13:38:31; 813.2125; -0.01222242; 203.6077; Before; 33.87684; null
29; Driver; Interference; None; 31.10.2023 13:38:31; 813.2125; -0.01222242; 203.6077; Before; 33.89485; null
29; Driver; Interference; None; 31.10.2023 13:38:31; 813.2125; -0.01222243; 203.6077; Before; 33.91271; null
29; Driver; Interference; None; 31.10.2023 13:38:31; 813.2125; -0.01222243; 203.6077; Before; 33.94606; null
29; Driver; Interference; None; 31.10.2023 13:38:31; 813.2125; -0.01222244; 203.6077; Before; 33.9624; null
29; Driver; Interference; None; 31.10.2023 13:38:31; 813.2125; -0.01222244; 203.6077; Before; 33.97845; null
29; Driver; Interference; None; 31.10.2023 13:38:31; 813.2125; -0.01222244; 203.6077; Before; 33.99394; null
29; Driver; Interference; None; 31.10.2023 13:38:31; 813.2125; -0.01222244; 203.6077; Before; 34.02541; null
29; Driver; Interference; None; 31.10.2023 13:38:31; 813.2125; -0.01222244; 203.6077; Before; 34.04092; null
29; Driver; Interference; None; 31.10.2023 13:38:31; 813.2125; -0.01222244; 203.6077; Before; 34.0592; null
29; Driver; Interference; None; 31.10.2023 13:38:31; 813.2125; -0.01222244; 203.6077; Before; 34.09388; null
29; Driver; Interference; None; 31.10.2023 13:38:31; 813.2125; -0.01222244; 203.6077; Before; 34.09388; null
29; Driver; Interference; None; 31.10.2023 13:38:31; 813.2125; -0.01222244; 203.6077; Before; 34.12359; null
29; Driver; Interference; None; 31.10.2023 13:38:31; 813.2125; -0.01222244; 203.6077; Before; 34.14029; null
29; Driver; Interference; None; 31.10.2023 13:38:31; 813.2125; -0.01222244; 203.6077; Before; 34.15564; null
29; Driver; Interference; None; 31.10.2023 13:38:31; 813.2125; -0.01222244; 203.6077; Before; 34.18844; null
29; Driver; Interference; None; 31.10.2023 13:38:31; 813.2125; -0.01222244; 203.6077; Before; 34.18844; null
29; Driver; Interference; None; 31.10.2023 13:38:31; 813.2125; -0.01222244; 203.6077; Before; 34.20572; null
29; Driver; Interference; None; 31.10.2023 13:38:31; 813.2125; -0.01222244; 203.6077; Before; 34.24461; null
29; Driver; Interference; None; 31.10.2023 13:38:31; 813.2125; -0.01222244; 203.6077; Before; 34.26079; null
29; Driver; Interference; None; 31.10.2023 13:38:31; 813.2125; -0.01222244; 203.6077; Before; 34.29173; null
29; Driver; Interference; None; 31.10.2023 13:38:31; 813.2125; -0.01222244; 203.6077; Before; 34.29173; null
29; Driver; Interference; None; 31.10.2023 13:38:31; 813.2125; -0.01222244; 203.6077; Before; 34.3231; null
29; Driver; Interference; None; 31.10.2023 13:38:31; 813.2125; -0.01222243; 203.6077; Before; 34.33917; null
29; Driver; Interference; None; 31.10.2023 13:38:31; 813.2125; -0.01222243; 203.6077; Before; 34.35312; null
29; Driver; Interference; None; 31.10.2023 13:38:31; 813.2125; -0.01222243; 203.6077; Before; 34.3876; null
29; Driver; Interference; None; 31.10.2023 13:38:31; 813.2125; -0.01222242; 203.6077; Before; 34.3876; null
29; Driver; Interference; None; 31.10.2023 13:38:31; 813.2125; -0.01222242; 203.6077; Before; 34.40839; null
29; Driver; Interference; None; 31.10.2023 13:38:31; 813.2125; -0.01222242; 203.6077; Before; 34.44336; null
29; Driver; Interference; None; 31.10.2023 13:38:32; 813.2125; -0.01222243; 203.6077; Before; 34.46098; null
29; Driver; Interference; None; 31.10.2023 13:38:32; 813.2125; -0.01222244; 203.6077; Before; 34.47674; null
29; Driver; Interference; None; 31.10.2023 13:38:32; 813.2125; -0.01222244; 203.6077; Before; 34.49238; null
29; Driver; Interference; None; 31.10.2023 13:38:32; 813.2125; -0.01222244; 203.6077; Before; 34.50903; null
29; Driver; Interference; None; 31.10.2023 13:38:32; 813.2125; -0.01222245; 203.6077; Before; 34.52662; null
29; Driver; Interference; None; 31.10.2023 13:38:32; 813.2125; -0.01222244; 203.6077; Before; 34.56465; null
29; Driver; Interference; None; 31.10.2023 13:38:32; 813.2125; -0.01222244; 203.6077; Before; 34.58134; null
29; Driver; Interference; None; 31.10.2023 13:38:32; 813.2125; -0.01222245; 203.6077; Before; 34.59655; null
29; Driver; Interference; None; 31.10.2023 13:38:32; 813.2125; -0.01222244; 203.6077; Before; 34.61152; null
29; Driver; Interference; None; 31.10.2023 13:38:32; 813.2125; -0.01222244; 203.6077; Before; 34.64247; null
29; Driver; Interference; None; 31.10.2023 13:38:32; 813.2125; -0.01222244; 203.6077; Before; 34.65929; null
29; Driver; Interference; None; 31.10.2023 13:38:32; 813.2125; -0.01222244; 203.6077; Before; 34.6893; null
29; Driver; Interference; None; 31.10.2023 13:38:32; 813.2125; -0.01222245; 203.6077; Before; 34.6893; null
29; Driver; Interference; None; 31.10.2023 13:38:32; 813.2125; -0.01222245; 203.6077; Before; 34.70855; null
29; Driver; Interference; None; 31.10.2023 13:38:32; 813.2125; -0.01222244; 203.6077; Before; 34.74366; null
29; Driver; Interference; None; 31.10.2023 13:38:32; 813.2125; -0.01222244; 203.6077; Before; 34.76025; null
29; Driver; Interference; None; 31.10.2023 13:38:32; 813.2125; -0.01222244; 203.6077; Before; 34.79091; null
29; Driver; Interference; None; 31.10.2023 13:38:32; 813.2125; -0.01222244; 203.6077; Before; 34.79091; null
29; Driver; Interference; None; 31.10.2023 13:38:32; 813.2125; -0.01222244; 203.6077; Before; 34.82256; null
29; Driver; Interference; None; 31.10.2023 13:38:32; 813.2124; -0.01222244; 203.6077; Before; 34.83873; null
29; Driver; Interference; None; 31.10.2023 13:38:32; 813.2124; -0.01222253; 203.6077; Before; 34.8551; null
29; Driver; Interference; None; 31.10.2023 13:38:32; 813.2124; -0.0122228; 203.6077; Before; 34.87523; null
29; Driver; Interference; None; 31.10.2023 13:38:32; 813.2122; -0.01222287; 203.6077; Before; 34.89426; null
29; Driver; Interference; None; 31.10.2023 13:38:32; 813.2121; -0.01222283; 203.6077; Before; 34.915; null
29; Driver; Interference; None; 31.10.2023 13:38:32; 813.2119; -0.01222277; 203.6077; Before; 34.93392; null
29; Driver; Interference; None; 31.10.2023 13:38:32; 813.2113; -0.01222283; 203.6077; Before; 34.95203; null
29; Driver; Interference; None; 31.10.2023 13:38:32; 813.2107; -0.01222274; 203.6077; Before; 34.972; null
29; Driver; Interference; None; 31.10.2023 13:38:32; 813.2103; -0.01222278; 203.6077; Before; 34.99192; null
29; Driver; Interference; None; 31.10.2023 13:38:32; 813.2092; -0.01222271; 203.6077; Before; 35.01209; null
29; Driver; Interference; None; 31.10.2023 13:38:32; 813.2076; -0.01222311; 203.6078; Before; 35.03138; null
29; Driver; Interference; None; 31.10.2023 13:38:32; 813.2067; -0.01222356; 203.6078; Before; 35.06794; null
29; Driver; Interference; None; 31.10.2023 13:38:32; 813.2044; -0.01222463; 203.6078; Before; 35.08422; null
29; Driver; Interference; None; 31.10.2023 13:38:32; 813.2015; -0.01222576; 203.6079; Before; 35.08422; null
29; Driver; Interference; None; 31.10.2023 13:38:32; 813.1981; -0.0122271; 203.6079; Before; 35.10081; null
29; Driver; Interference; None; 31.10.2023 13:38:32; 813.1962; -0.01222848; 203.608; Before; 35.14516; null
29; Driver; Interference; None; 31.10.2023 13:38:32; 813.192; -0.01223182; 203.608; Before; 35.16242; null
29; Driver; Interference; None; 31.10.2023 13:38:32; 813.1871; -0.0122352; 203.6081; Before; 35.184; null
29; Driver; Interference; None; 31.10.2023 13:38:32; 813.1819; -0.01223862; 203.6082; Before; 35.184; null
29; Driver; Interference; None; 31.10.2023 13:38:32; 813.1761; -0.01224223; 203.6083; Before; 35.2048; null
29; Driver; Interference; None; 31.10.2023 13:38:32; 813.1696; -0.01224613; 203.6084; Before; 35.22685; null
29; Driver; Interference; None; 31.10.2023 13:38:32; 813.1663; -0.01224938; 203.6085; Before; 35.26665; null
29; Driver; Interference; None; 31.10.2023 13:38:32; 813.1592; -0.01225633; 203.6086; Before; 35.28574; null
29; Driver; Interference; None; 31.10.2023 13:38:32; 813.1515; -0.01226255; 203.6088; Before; 35.28574; null
29; Driver; Interference; None; 31.10.2023 13:38:32; 813.1432; -0.01226803; 203.6089; Before; 35.30391; null
29; Driver; Interference; None; 31.10.2023 13:38:32; 813.139; -0.01227195; 203.609; Before; 35.34328; null
29; Driver; Interference; None; 31.10.2023 13:38:32; 813.1298; -0.01227964; 203.6091; Before; 35.3628; null
29; Driver; Interference; None; 31.10.2023 13:38:32; 813.1198; -0.01228536; 203.6093; Before; 35.38253; null
29; Driver; Interference; None; 31.10.2023 13:38:32; 813.1092; -0.01228955; 203.6095; Before; 35.38253; null
29; Driver; Interference; None; 31.10.2023 13:38:32; 813.1036; -0.01229311; 203.6096; Before; 35.42168; null
29; Driver; Interference; None; 31.10.2023 13:38:32; 813.0919; -0.01230005; 203.6098; Before; 35.44119; null
29; Driver; Interference; None; 31.10.2023 13:38:33; 813.0794; -0.01230476; 203.61; Before; 35.46124; null
29; Driver; Interference; None; 31.10.2023 13:38:33; 813.0661; -0.01230781; 203.6103; Before; 35.48175; null
29; Driver; Interference; None; 31.10.2023 13:38:33; 813.0519; -0.01230997; 203.6105; Before; 35.48175; null
29; Driver; Interference; None; 31.10.2023 13:38:33; 813.0369; -0.01232015; 203.6108; Before; 35.52165; null
29; Driver; Interference; None; 31.10.2023 13:38:33; 813.0209; -0.01232703; 203.6111; Before; 35.53869; null
29; Driver; Interference; None; 31.10.2023 13:38:33; 813.0126; -0.01233599; 203.6112; Before; 35.57007; null
29; Driver; Interference; None; 31.10.2023 13:38:33; 812.9952; -0.01235169; 203.6115; Before; 35.58566; null
29; Driver; Interference; None; 31.10.2023 13:38:33; 812.9769; -0.01236136; 203.6119; Before; 35.58566; null
29; Driver; Interference; None; 31.10.2023 13:38:33; 812.9576; -0.01237694; 203.6122; Before; 35.6203; null
29; Driver; Interference; None; 31.10.2023 13:38:33; 812.9374; -0.0123847; 203.6126; Before; 35.63696; null
29; Driver; Interference; None; 31.10.2023 13:38:33; 812.916; -0.01239553; 203.6129; Before; 35.65478; null
29; Driver; Interference; None; 31.10.2023 13:38:33; 812.8935; -0.01240007; 203.6133; Before; 35.67455; null
29; Driver; Interference; None; 31.10.2023 13:38:33; 812.8818; -0.0124046; 203.6135; Before; 35.69228; null
29; Driver; Interference; None; 31.10.2023 13:38:33; 812.8574; -0.01241262; 203.614; Before; 35.70964; null
29; Driver; Interference; None; 31.10.2023 13:38:33; 812.8317; -0.01242955; 203.6144; Before; 35.74239; null
29; Driver; Interference; None; 31.10.2023 13:38:33; 812.8045; -0.01244683; 203.6149; Before; 35.75895; null
29; Driver; Interference; None; 31.10.2023 13:38:33; 812.7759; -0.01245452; 203.6154; Before; 35.77456; null
29; Driver; Interference; None; 31.10.2023 13:38:33; 812.761; -0.01246069; 203.6156; Before; 35.79073; null
29; Driver; Interference; None; 31.10.2023 13:38:33; 812.7301; -0.01247093; 203.6162; Before; 35.81132; null
29; Driver; Interference; None; 31.10.2023 13:38:33; 812.6978; -0.01247373; 203.6167; Before; 35.83022; null
29; Driver; Interference; None; 31.10.2023 13:38:33; 812.681; -0.01247895; 203.617; Before; 35.86617; null
29; Driver; Interference; None; 31.10.2023 13:38:33; 812.6285; -0.01249771; 203.6179; Before; 35.88263; null
29; Driver; Interference; None; 31.10.2023 13:38:33; 812.6102; -0.01251292; 203.6183; Before; 35.89852; null
29; Driver; Interference; None; 31.10.2023 13:38:33; 812.5724; -0.01253806; 203.6189; Before; 35.91471; null
29; Driver; Interference; None; 31.10.2023 13:38:33; 812.5331; -0.01255018; 203.6196; Before; 35.9307; null
29; Driver; Interference; None; 31.10.2023 13:38:33; 812.4922; -0.01255298; 203.6203; Before; 35.94735; null
29; Driver; Interference; None; 31.10.2023 13:38:33; 812.4712; -0.01255914; 203.6206; Before; 35.98683; null
29; Driver; Interference; None; 31.10.2023 13:38:33; 812.4279; -0.01259473; 203.6214; Before; 36.00317; null
29; Driver; Interference; None; 31.10.2023 13:38:33; 812.3831; -0.01261159; 203.6221; Before; 36.01894; null
29; Driver; Interference; None; 31.10.2023 13:38:33; 812.3366; -0.01263398; 203.6229; Before; 36.0348; null
29; Driver; Interference; None; 31.10.2023 13:38:33; 812.3128; -0.01264724; 203.6233; Before; 36.06658; null
29; Driver; Interference; None; 31.10.2023 13:38:33; 812.2639; -0.01266711; 203.6241; Before; 36.083; null
29; Driver; Interference; None; 31.10.2023 13:38:33; 812.2134; -0.01267101; 203.625; Before; 36.083; null
29; Driver; Interference; None; 31.10.2023 13:38:33; 812.1613; -0.01266437; 203.6258; Before; 36.10033; null
29; Driver; Interference; None; 31.10.2023 13:38:33; 812.1075; -0.0126819; 203.6267; Before; 36.14272; null
29; Driver; Interference; None; 31.10.2023 13:38:33; 812.0522; -0.01270545; 203.6276; Before; 36.15852; null
29; Driver; Interference; None; 31.10.2023 13:38:33; 812.0239; -0.01272064; 203.6281; Before; 36.18968; null
29; Driver; Interference; None; 31.10.2023 13:38:33; 811.9659; -0.01274446; 203.629; Before; 36.18968; null
29; Driver; Interference; None; 31.10.2023 13:38:33; 811.9064; -0.01278323; 203.6299; Before; 36.22277; null
29; Driver; Interference; None; 31.10.2023 13:38:33; 811.8452; -0.0127951; 203.6309; Before; 36.2396; null
29; Driver; Interference; None; 31.10.2023 13:38:33; 811.7823; -0.01275631; 203.6319; Before; 36.2396; null
29; Driver; Interference; None; 31.10.2023 13:38:33; 811.7178; -0.01272364; 203.6329; Before; 36.25414; null
29; Driver; Interference; None; 31.10.2023 13:38:33; 811.6849; -0.01272049; 203.6334; Before; 36.29317; null
29; Driver; Interference; None; 31.10.2023 13:38:33; 811.6178; -0.01269833; 203.6344; Before; 36.31819; null
29; Driver; Interference; None; 31.10.2023 13:38:33; 811.549; -0.01268564; 203.6353; Before; 36.33582; null
29; Driver; Interference; None; 31.10.2023 13:38:33; 811.4785; -0.01270909; 203.6363; Before; 36.35344; null
29; Driver; Interference; None; 31.10.2023 13:38:33; 811.4426; -0.01273188; 203.6368; Before; 36.38697; Checking Box Human Car
29; Driver; Interference; None; 31.10.2023 13:38:33; 811.3696; -0.01277873; 203.6378; Before; 36.38697; Checking Box Human Car
29; Driver; Interference; None; 31.10.2023 13:38:33; 811.2947; -0.0128107; 203.6387; Before; 36.40526; Checking Box Human Car
29; Driver; Interference; None; 31.10.2023 13:38:33; 811.2181; -0.01282991; 203.6397; Before; 36.42616; Checking Box Human Car
29; Driver; Interference; None; 31.10.2023 13:38:34; 811.1792; -0.01284881; 203.6401; Before; 36.46515; Checking Box Human Car
29; Driver; Interference; None; 31.10.2023 13:38:34; 811.0598; -0.01290903; 203.6414; Before; 36.48193; Checking Box Human Car
29; Driver; Interference; None; 31.10.2023 13:38:34; 811.019; -0.01294693; 203.6418; Before; 36.49831; Checking Box Human Car
29; Driver; Interference; None; 31.10.2023 13:38:34; 810.9363; -0.01297543; 203.6427; Before; 36.51505; Checking Box Human Car
29; Driver; Interference; None; 31.10.2023 13:38:34; 810.8517; -0.01301429; 203.6434; Before; 36.53328; Checking Box Human Car
29; Driver; Interference; None; 31.10.2023 13:38:34; 810.7654; -0.01302438; 203.6441; Before; 36.55124; Checking Box Human Car
29; Driver; Interference; None; 31.10.2023 13:38:34; 810.6772; -0.01301418; 203.6448; Before; 36.5685; Checking Box Human Car
29; Driver; Interference; None; 31.10.2023 13:38:34; 810.6325; -0.01301925; 203.6451; Before; 36.59719; Checking Box Human Car
29; Driver; Interference; None; 31.10.2023 13:38:34; 810.5416; -0.01299434; 203.6456; Before; 36.61773; Checking Box Human Car
29; Driver; Interference; None; 31.10.2023 13:38:34; 810.449; -0.01296799; 203.6461; Before; 36.63887; Checking Box Human Car
29; Driver; Interference; None; 31.10.2023 13:38:34; 810.3545; -0.0129808; 203.6465; Before; 36.65595; Checking Box Human Car
29; Driver; Interference; None; 31.10.2023 13:38:34; 810.3066; -0.01299974; 203.6467; Before; 36.69048; Checking Box Human Car
29; Driver; Interference; None; 31.10.2023 13:38:34; 810.2093; -0.01303733; 203.647; Before; 36.69048; Checking Box Human Car
29; Driver; Interference; None; 31.10.2023 13:38:34; 810.1102; -0.01305499; 203.6472; Before; 36.70746; null
29; Driver; Interference; None; 31.10.2023 13:38:34; 810.0092; -0.01305795; 203.6473; Before; 36.72373; null
29; Driver; Interference; None; 31.10.2023 13:38:34; 809.9581; -0.01307292; 203.6473; Before; 36.76796; null
29; Driver; Interference; None; 31.10.2023 13:38:34; 809.8543; -0.01310339; 203.6472; Before; 36.78488; null
29; Driver; Interference; None; 31.10.2023 13:38:34; 809.7487; -0.01317262; 203.6469; Before; 36.8005; null
29; Driver; Interference; None; 31.10.2023 13:38:34; 809.6411; -0.01320168; 203.6465; Before; 36.8172; null
29; Driver; Interference; None; 31.10.2023 13:38:34; 809.5317; -0.0132475; 203.646; Before; 36.83261; null
29; Driver; Interference; None; 31.10.2023 13:38:34; 809.4763; -0.01327545; 203.6456; Before; 36.86563; null
29; Driver; Interference; None; 31.10.2023 13:38:34; 809.3071; -0.01310467; 203.6444; Before; 36.86563; null
29; Driver; Interference; None; 31.10.2023 13:38:34; 809.2497; -0.01302442; 203.6438; Before; 36.8839; null
29; Driver; Interference; None; 31.10.2023 13:38:34; 809.1336; -0.01286149; 203.6426; Before; 36.9123; null
29; Driver; Interference; None; 31.10.2023 13:38:34; 809.0156; -0.01280116; 203.6411; Before; 36.93267; null
29; Driver; Interference; None; 31.10.2023 13:38:34; 808.9558; -0.01279981; 203.6402; Before; 36.96735; null
29; Driver; Interference; None; 31.10.2023 13:38:34; 808.8348; -0.01283468; 203.6382; Before; 36.98535; null
29; Driver; Interference; None; 31.10.2023 13:38:34; 808.712; -0.01293687; 203.636; Before; 37.00171; Checking Box AICar
29; Driver; Interference; None; 31.10.2023 13:38:34; 808.5873; -0.01301052; 203.6334; Before; 37.01868; Checking Box AICar
29; Driver; Interference; None; 31.10.2023 13:38:34; 808.5242; -0.0130176; 203.632; Before; 37.03489; Checking Box AICar
29; Driver; Interference; None; 31.10.2023 13:38:34; 808.3965; -0.01305092; 203.6288; Before; 37.06423; Checking Box AICar
29; Driver; Interference; None; 31.10.2023 13:38:34; 808.2668; -0.01306361; 203.6253; Before; 37.08541; Checking Box AICar
29; Driver; Interference; None; 31.10.2023 13:38:34; 808.1353; -0.013062; 203.6212; Before; 37.08541; Checking Box AICar
29; Driver; Interference; None; 31.10.2023 13:38:34; 808.0016; -0.01312627; 203.6167; Before; 37.12124; Checking Box AICar
29; Driver; Interference; None; 31.10.2023 13:38:34; 807.866; -0.01316001; 203.6117; Before; 37.13775; Checking Box AICar
29; Driver; Interference; None; 31.10.2023 13:38:34; 807.7285; -0.0132304; 203.6061; Before; 37.15424; null
29; Driver; Interference; None; 31.10.2023 13:38:34; 807.5889; -0.01325668; 203.5999; Before; 37.17104; null
29; Driver; Interference; None; 31.10.2023 13:38:34; 807.5183; -0.01327825; 203.5965; Before; 37.18938; null
29; Driver; Interference; None; 31.10.2023 13:38:34; 807.3757; -0.01326042; 203.5893; Before; 37.2178; null
29; Driver; Interference; None; 31.10.2023 13:38:34; 807.2312; -0.013228; 203.5813; Before; 37.23778; null
29; Driver; Interference; None; 31.10.2023 13:38:34; 807.0847; -0.01325596; 203.5726; Before; 37.25567; null
29; Driver; Interference; None; 31.10.2023 13:38:34; 807.0106; -0.01328213; 203.5678; Before; 37.28886; null
29; Driver; Interference; None; 31.10.2023 13:38:34; 806.8611; -0.0133408; 203.5577; Before; 37.28886; null
29; Driver; Interference; None; 31.10.2023 13:38:34; 806.7856; -0.01337643; 203.5522; Intersection; 0.0169964; null
29; Driver; Interference; None; 31.10.2023 13:38:34; 806.633; -0.01344348; 203.5406; Intersection; 0.0345866; null
29; Driver; Interference; None; 31.10.2023 13:38:34; 806.4785; -0.01345566; 203.5278; Intersection; 0.0568549; null
29; Driver; Interference; None; 31.10.2023 13:38:34; 806.322; -0.01342933; 203.514; Intersection; 0.0783217; null
29; Driver; Interference; None; 31.10.2023 13:38:34; 806.1635; -0.01338096; 203.4989; Intersection; 0.0783217; null
29; Driver; Interference; None; 31.10.2023 13:38:34; 806.0031; -0.01341425; 203.4824; Intersection; 0.1167145; null
29; Driver; Interference; None; 31.10.2023 13:38:34; 805.8408; -0.01341752; 203.4646; Intersection; 0.1341035; null
29; Driver; Interference; None; 31.10.2023 13:38:35; 805.677; -0.01347413; 203.4455; Intersection; 0.1500473; null
29; Driver; Interference; None; 31.10.2023 13:38:35; 805.5946; -0.01351072; 203.4353; Intersection; 0.1839169; null
29; Driver; Interference; None; 31.10.2023 13:38:35; 805.4289; -0.01358171; 203.4139; Intersection; 0.1839169; null
29; Driver; Interference; None; 31.10.2023 13:38:35; 805.262; -0.01359497; 203.3909; Intersection; 0.201303; null
29; Driver; Interference; None; 31.10.2023 13:38:35; 805.0939; -0.01356749; 203.3662; Intersection; 0.2216523; null
29; Driver; Interference; None; 31.10.2023 13:38:35; 805.0095; -0.01356981; 203.3532; Intersection; 0.2605918; null
29; Driver; Interference; None; 31.10.2023 13:38:35; 804.84; -0.01358913; 203.3258; Intersection; 0.2781169; null
29; Driver; Interference; None; 31.10.2023 13:38:35; 804.6696; -0.01366674; 203.2964; Intersection; 0.2947962; null
29; Driver; Interference; None; 31.10.2023 13:38:35; 804.4984; -0.01368504; 203.2653; Intersection; 0.3123966; null
29; Driver; Interference; None; 31.10.2023 13:38:35; 804.3267; -0.01373811; 203.2322; Intersection; 0.3278452; null
29; Driver; Interference; None; 31.10.2023 13:38:35; 804.1545; -0.01372914; 203.1971; Intersection; 0.344725; null
29; Driver; Interference; None; 31.10.2023 13:38:35; 804.0684; -0.01373446; 203.1786; Intersection; 0.3814394; null
29; Driver; Interference; None; 31.10.2023 13:38:35; 803.8959; -0.0137492; 203.1404; Intersection; 0.3814394; null
29; Driver; Interference; None; 31.10.2023 13:38:35; 803.8098; -0.01376356; 203.1203; Intersection; 0.4181543; null
29; Driver; Interference; None; 31.10.2023 13:38:35; 803.5516; -0.01380823; 203.057; Intersection; 0.4353336; null
29; Driver; Interference; None; 31.10.2023 13:38:35; 803.3799; -0.01383699; 203.0121; Intersection; 0.4521306; null
29; Driver; Interference; None; 31.10.2023 13:38:35; 803.2087; -0.01380323; 202.9648; Intersection; 0.4688883; null
29; Driver; Interference; None; 31.10.2023 13:38:35; 803.1234; -0.01379704; 202.9401; Intersection; 0.4858347; null
29; Driver; Interference; None; 31.10.2023 13:38:35; 802.9532; -0.01379147; 202.8893; Intersection; 0.5033665; null
29; Driver; Interference; None; 31.10.2023 13:38:35; 802.7837; -0.01373989; 202.8361; Intersection; 0.520543; null
29; Driver; Interference; None; 31.10.2023 13:38:35; 802.6993; -0.01373012; 202.8084; Intersection; 0.5611832; null
29; Driver; Interference; None; 31.10.2023 13:38:35; 802.5311; -0.01372584; 202.7515; Intersection; 0.5786704; null
29; Driver; Interference; None; 31.10.2023 13:38:35; 802.3642; -0.01378203; 202.6919; Intersection; 0.5955738; null
29; Driver; Interference; None; 31.10.2023 13:38:35; 802.1984; -0.01377907; 202.6301; Intersection; 0.6124082; null
29; Driver; Interference; None; 31.10.2023 13:38:35; 802.0339; -0.01381376; 202.566; Intersection; 0.6281906; null
29; Driver; Interference; None; 31.10.2023 13:38:35; 801.871; -0.01378789; 202.4995; Intersection; 0.6460022; null
29; Driver; Interference; None; 31.10.2023 13:38:35; 801.7095; -0.01372196; 202.4307; Intersection; 0.6633818; null
29; Driver; Interference; None; 31.10.2023 13:38:35; 801.6295; -0.0137068; 202.3952; Intersection; 0.6828098; null
29; Driver; Interference; None; 31.10.2023 13:38:35; 801.4704; -0.01369514; 202.3228; Intersection; 0.7043647; null
29; Driver; Interference; None; 31.10.2023 13:38:35; 801.3129; -0.01364999; 202.2481; Intersection; 0.7244121; null
29; Driver; Interference; None; 31.10.2023 13:38:35; 801.2349; -0.01364598; 202.2097; Intersection; 0.7599642; null
29; Driver; Interference; None; 31.10.2023 13:38:35; 801.0798; -0.01365598; 202.1316; Intersection; 0.7788915; null
29; Driver; Interference; None; 31.10.2023 13:38:35; 800.9267; -0.01372596; 202.0508; Intersection; 0.795751; null
29; Driver; Interference; None; 31.10.2023 13:38:35; 800.7752; -0.01373638; 201.9681; Intersection; 0.812957; null
29; Driver; Interference; None; 31.10.2023 13:38:35; 800.6255; -0.01378012; 201.8831; Intersection; 0.8295817; null
29; Driver; Interference; None; 31.10.2023 13:38:35; 800.4777; -0.01376066; 201.7958; Intersection; 0.847418; null
29; Driver; Interference; None; 31.10.2023 13:38:35; 800.331; -0.01352596; 201.7075; Intersection; 0.847418; null
29; Driver; Interference; None; 31.10.2023 13:38:35; 800.2589; -0.0134518; 201.6617; Intersection; 0.8689497; null
29; Driver; Interference; None; 31.10.2023 13:38:35; 800.116; -0.01329331; 201.5686; Intersection; 0.9064866; null
29; Driver; Interference; None; 31.10.2023 13:38:35; 799.9751; -0.0132693; 201.4735; Intersection; 0.9282073; null
29; Driver; Interference; None; 31.10.2023 13:38:35; 799.8362; -0.01326364; 201.3762; Intersection; 0.9469225; null
29; Driver; Interference; None; 31.10.2023 13:38:35; 799.7677; -0.01329183; 201.3266; Intersection; 0.9829876; null
29; Driver; Interference; None; 31.10.2023 13:38:35; 799.632; -0.01338014; 201.2262; Intersection; 0.9829876; null
29; Driver; Interference; None; 31.10.2023 13:38:35; 799.4985; -0.01343928; 201.1236; Intersection; 1.002837; null
29; Driver; Interference; None; 31.10.2023 13:38:35; 799.3672; -0.01346985; 201.019; Intersection; 1.023446; null
29; Driver; Interference; None; 31.10.2023 13:38:35; 799.2381; -0.01347581; 200.9124; Intersection; 1.046592; null
29; Driver; Interference; None; 31.10.2023 13:38:35; 799.1113; -0.01346308; 200.8037; Intersection; 1.067274; null
29; Driver; Interference; None; 31.10.2023 13:38:35; 799.049; -0.01347709; 200.7485; Intersection; 1.086581; null
29; Driver; Interference; None; 31.10.2023 13:38:35; 798.9257; -0.01352344; 200.6368; Intersection; 1.106485; null
29; Driver; Interference; None; 31.10.2023 13:38:35; 798.8049; -0.01353234; 200.5233; Intersection; 1.125089; null
29; Driver; Interference; None; 31.10.2023 13:38:36; 798.6866; -0.01351304; 200.4079; Intersection; 1.143223; null
29; Driver; Interference; None; 31.10.2023 13:38:36; 798.5708; -0.01347566; 200.2905; Intersection; 1.163741; null
29; Driver; Interference; None; 31.10.2023 13:38:36; 798.514; -0.0134782; 200.231; Intersection; 1.186413; null
29; Driver; Interference; None; 31.10.2023 13:38:36; 798.4021; -0.01343083; 200.111; Intersection; 1.207545; null
29; Driver; Interference; None; 31.10.2023 13:38:36; 798.2928; -0.0134595; 199.9893; Intersection; 1.227409; null
29; Driver; Interference; None; 31.10.2023 13:38:36; 798.1861; -0.0134613; 199.8658; Intersection; 1.245771; null
29; Driver; Interference; None; 31.10.2023 13:38:36; 798.0822; -0.01344328; 199.7406; Intersection; 1.264159; null
29; Driver; Interference; None; 31.10.2023 13:38:36; 798.0314; -0.01345387; 199.6773; Intersection; 1.283829; null
29; Driver; Interference; None; 31.10.2023 13:38:36; 797.9315; -0.01341997; 199.5497; Intersection; 1.312345; null
29; Driver; Interference; None; 31.10.2023 13:38:36; 797.8344; -0.01338364; 199.4206; Intersection; 1.330934; null
29; Driver; Interference; None; 31.10.2023 13:38:36; 797.7866; -0.01334164; 199.3557; Intersection; 1.353354; null
29; Driver; Interference; None; 31.10.2023 13:38:36; 797.6935; -0.0133102; 199.2244; Intersection; 1.376302; null
29; Driver; Interference; None; 31.10.2023 13:38:36; 797.6033; -0.01328517; 199.0918; Intersection; 1.376302; null
29; Driver; Interference; None; 31.10.2023 13:38:36; 797.5161; -0.01335628; 198.9576; Intersection; 1.414561; null
29; Driver; Interference; None; 31.10.2023 13:38:36; 797.4312; -0.01340052; 198.8224; Intersection; 1.433983; null
29; Driver; Interference; None; 31.10.2023 13:38:36; 797.3492; -0.01341965; 198.686; Intersection; 1.451316; null
29; Driver; Interference; None; 31.10.2023 13:38:36; 797.2699; -0.01348958; 198.5484; Intersection; 1.471943; null
29; Driver; Interference; None; 31.10.2023 13:38:36; 797.2314; -0.01353018; 198.4792; Intersection; 1.490551; null
29; Driver; Interference; None; 31.10.2023 13:38:36; 797.1934; -0.0135119; 198.4098; Intersection; 1.513628; null
29; Driver; Interference; None; 31.10.2023 13:38:36; 797.1196; -0.01349711; 198.2702; Intersection; 1.534979; null
29; Driver; Interference; None; 31.10.2023 13:38:36; 797.0143; -0.01345581; 198.0588; Intersection; 1.555568; null
29; Driver; Interference; None; 31.10.2023 13:38:36; 796.9475; -0.01347085; 197.9168; Intersection; 1.574083; null
29; Driver; Interference; None; 31.10.2023 13:38:36; 796.9153; -0.01348976; 197.8454; Intersection; 1.591642; null
29; Driver; Interference; None; 31.10.2023 13:38:36; 796.8527; -0.01346177; 197.7022; Intersection; 1.611031; null
29; Driver; Interference; None; 31.10.2023 13:38:36; 796.7927; -0.01341836; 197.5583; Intersection; 1.630426; null
29; Driver; Interference; None; 31.10.2023 13:38:36; 796.7356; -0.01336902; 197.4137; Intersection; 1.651525; null
29; Driver; Interference; None; 31.10.2023 13:38:36; 796.7079; -0.01332099; 197.3412; Intersection; 1.674199; null
29; Driver; Interference; None; 31.10.2023 13:38:36; 796.6549; -0.01327612; 197.1956; Intersection; 1.674199; null
29; Driver; Interference; None; 31.10.2023 13:38:36; 796.6296; -0.01328016; 197.1226; Intersection; 1.71578; null
29; Driver; Interference; None; 31.10.2023 13:38:36; 796.5576; -0.01335222; 196.9028; Intersection; 1.735519; null
29; Driver; Interference; None; 31.10.2023 13:38:36; 796.5128; -0.01335923; 196.7558; Intersection; 1.75367; null
29; Driver; Interference; None; 31.10.2023 13:38:36; 796.4708; -0.01335089; 196.6083; Intersection; 1.773409; null
29; Driver; Interference; None; 31.10.2023 13:38:36; 796.451; -0.01340432; 196.5344; Intersection; 1.793; null
29; Driver; Interference; None; 31.10.2023 13:38:36; 796.4315; -0.01340117; 196.4605; Intersection; 1.813487; null
29; Driver; Interference; None; 31.10.2023 13:38:36; 796.3948; -0.01341464; 196.3125; Intersection; 1.835217; null
29; Driver; Interference; None; 31.10.2023 13:38:36; 796.3608; -0.01339985; 196.1641; Intersection; 1.858332; null
29; Driver; Interference; None; 31.10.2023 13:38:36; 796.3295; -0.01336643; 196.0156; Intersection; 1.878183; null
29; Driver; Interference; None; 31.10.2023 13:38:36; 796.3007; -0.01332357; 195.8669; Intersection; 1.878183; null
29; Driver; Interference; None; 31.10.2023 13:38:36; 796.2743; -0.013279; 195.7181; Intersection; 1.898313; null
29; Driver; Interference; None; 31.10.2023 13:38:36; 796.2504; -0.0132384; 195.5693; Intersection; 1.918463; null
29; Driver; Interference; None; 31.10.2023 13:38:36; 796.2289; -0.01320534; 195.4204; Intersection; 1.942234; null
29; Driver; Interference; None; 31.10.2023 13:38:36; 796.2098; -0.01318143; 195.2716; Intersection; 1.962807; null
29; Driver; Interference; None; 31.10.2023 13:38:36; 796.2013; -0.0131957; 195.1972; Intersection; 1.982424; null
29; Driver; Interference; None; 31.10.2023 13:38:36; 796.1855; -0.01318505; 195.0485; Intersection; 2.005101; null
29; Driver; Interference; None; 31.10.2023 13:38:36; 796.1718; -0.01324869; 194.8998; Intersection; 2.027018; null
29; Driver; Interference; None; 31.10.2023 13:38:36; 796.1601; -0.01328676; 194.7513; Intersection; 2.046348; null
29; Driver; Interference; None; 31.10.2023 13:38:36; 796.1552; -0.0133194; 194.6771; Intersection; 2.082328; null
29; Driver; Interference; None; 31.10.2023 13:38:36; 796.1462; -0.01339093; 194.5288; Intersection; 2.082328; null
29; Driver; Interference; None; 31.10.2023 13:38:36; 796.1392; -0.01341588; 194.3808; Intersection; 2.10144; null
29; Driver; Interference; None; 31.10.2023 13:38:36; 796.1337; -0.01340421; 194.2329; Intersection; 2.120732; null
29; Driver; Interference; None; 31.10.2023 13:38:37; 796.1299; -0.01336767; 194.0853; Intersection; 2.140353; null
29; Driver; Interference; None; 31.10.2023 13:38:37; 796.1274; -0.01331773; 193.9379; Intersection; 2.16445; null
29; Driver; Interference; None; 31.10.2023 13:38:37; 796.1268; -0.01331324; 193.8642; Intersection; 2.186065; null
29; Driver; Interference; None; 31.10.2023 13:38:37; 796.1262; -0.01326086; 193.7172; Intersection; 2.209448; null
29; Driver; Interference; None; 31.10.2023 13:38:37; 796.1269; -0.01321511; 193.5705; Intersection; 2.229055; null
29; Driver; Interference; None; 31.10.2023 13:38:37; 796.1286; -0.01324542; 193.424; Intersection; 2.250043; null
29; Driver; Interference; None; 31.10.2023 13:38:37; 796.1313; -0.01325703; 193.2778; Intersection; 2.26916; null
29; Driver; Interference; None; 31.10.2023 13:38:37; 796.1331; -0.0132791; 193.2048; Intersection; 2.287103; null
29; Driver; Interference; None; 31.10.2023 13:38:37; 796.137; -0.01326975; 193.0589; Intersection; 2.306981; null
29; Driver; Interference; None; 31.10.2023 13:38:37; 796.1418; -0.01325216; 192.9133; Intersection; 2.329432; null
29; Driver; Interference; None; 31.10.2023 13:38:37; 796.1472; -0.01323066; 192.768; Intersection; 2.351612; null
29; Driver; Interference; None; 31.10.2023 13:38:37; 796.1531; -0.01327415; 192.6229; Intersection; 2.371447; null
29; Driver; Interference; None; 31.10.2023 13:38:37; 796.1564; -0.01330728; 192.5504; Intersection; 2.390886; null
29; Driver; Interference; None; 31.10.2023 13:38:37; 796.163; -0.01331144; 192.4056; Intersection; 2.409961; null
29; Driver; Interference; None; 31.10.2023 13:38:37; 796.1699; -0.01329707; 192.261; Intersection; 2.428936; null
29; Driver; Interference; None; 31.10.2023 13:38:37; 796.1771; -0.01333616; 192.1166; Intersection; 2.448431; null
29; Driver; Interference; None; 31.10.2023 13:38:37; 796.1844; -0.01334039; 191.9724; Intersection; 2.467518; null
29; Driver; Interference; None; 31.10.2023 13:38:37; 796.1881; -0.01335424; 191.9004; Intersection; 2.489371; null
29; Driver; Interference; None; 31.10.2023 13:38:37; 796.1955; -0.01332391; 191.7565; Intersection; 2.510047; null
29; Driver; Interference; None; 31.10.2023 13:38:37; 796.2028; -0.01334731; 191.6128; Intersection; 2.528712; null
29; Driver; Interference; None; 31.10.2023 13:38:37; 796.2099; -0.01333836; 191.4693; Intersection; 2.546896; null
29; Driver; Interference; None; 31.10.2023 13:38:37; 796.2134; -0.01334677; 191.3976; Intersection; 2.583725; null
29; Driver; Interference; None; 31.10.2023 13:38:37; 796.2202; -0.01337301; 191.2544; Intersection; 2.583725; null
29; Driver; Interference; None; 31.10.2023 13:38:37; 796.2265; -0.01336239; 191.1113; Intersection; 2.602565; null
29; Driver; Interference; None; 31.10.2023 13:38:37; 796.2326; -0.01332669; 190.9683; Intersection; 2.621397; null
29; Driver; Interference; None; 31.10.2023 13:38:37; 796.2384; -0.01327745; 190.8254; Intersection; 2.643367; null
29; Driver; Interference; None; 31.10.2023 13:38:37; 796.2412; -0.01327268; 190.7539; Intersection; 2.684825; null
29; Driver; Interference; None; 31.10.2023 13:38:37; 796.2466; -0.01328517; 190.6111; Intersection; 2.684825; null
29; Driver; Interference; None; 31.10.2023 13:38:37; 796.2518; -0.01327495; 190.4682; Intersection; 2.702776; null
29; Driver; Interference; None; 31.10.2023 13:38:37; 796.2542; -0.01328545; 190.3968; Intersection; 2.739424; null
29; Driver; Interference; None; 31.10.2023 13:38:37; 796.2589; -0.0133197; 190.2539; Intersection; 2.757299; null
29; Driver; Interference; None; 31.10.2023 13:38:37; 796.2632; -0.01332033; 190.1109; Intersection; 2.77512; null
29; Driver; Interference; None; 31.10.2023 13:38:37; 796.2673; -0.01329689; 189.9679; Intersection; 2.77512; null
29; Driver; Interference; None; 31.10.2023 13:38:37; 796.2711; -0.01325928; 189.8248; Intersection; 2.79626; null
29; Driver; Interference; None; 31.10.2023 13:38:37; 796.2728; -0.01325976; 189.7532; Intersection; 2.837667; null
29; Driver; Interference; None; 31.10.2023 13:38:37; 796.2761; -0.01328119; 189.6099; Intersection; 2.856279; null
29; Driver; Interference; None; 31.10.2023 13:38:37; 796.2805; -0.01329062; 189.3948; Intersection; 2.875977; null
29; Driver; Interference; None; 31.10.2023 13:38:37; 796.2819; -0.01333635; 189.323; Intersection; 2.893711; null
29; Driver; Interference; None; 31.10.2023 13:38:37; 796.2844; -0.01335532; 189.1793; Intersection; 2.910486; null
29; Driver; Interference; None; 31.10.2023 13:38:37; 796.2866; -0.01334372; 189.0354; Intersection; 2.928882; null
29; Driver; Interference; None; 31.10.2023 13:38:37; 796.2887; -0.01331198; 188.8913; After ; 0; null
29; Driver; Interference; None; 31.10.2023 13:38:37; 796.2906; -0.01333468; 188.7468; After ; 0.0216665; null
29; Driver; Interference; None; 31.10.2023 13:38:37; 796.2914; -0.0133556; 188.6745; After ; 0.0387692; null
29; Driver; Interference; None; 31.10.2023 13:38:37; 796.2932; -0.01339994; 188.5296; After ; 0.0551958; null
29; Driver; Interference; None; 31.10.2023 13:38:37; 796.2939; -0.01342628; 188.4569; After ; 0.0882622; null
29; Driver; Interference; None; 31.10.2023 13:38:37; 796.2961; -0.013496; 188.2382; After ; 0.1058233; null
29; Driver; Interference; None; 31.10.2023 13:38:37; 796.2974; -0.01353169; 188.0917; After ; 0.1215305; null
29; Driver; Interference; None; 31.10.2023 13:38:37; 796.298; -0.01354851; 188.0182; After ; 0.1375679; null
29; Driver; Interference; None; 31.10.2023 13:38:37; 796.2992; -0.0135036; 187.8708; After ; 0.1572346; null
29; Driver; Interference; None; 31.10.2023 13:38:37; 796.3003; -0.01349615; 187.7228; After ; 0.1763669; null
29; Driver; Interference; None; 31.10.2023 13:38:38; 796.3008; -0.01349849; 187.6485; After ; 0.2100301; null
29; Driver; Interference; None; 31.10.2023 13:38:38; 796.3022; -0.01351076; 187.4246; After ; 0.227456; null
29; Driver; Interference; None; 31.10.2023 13:38:38; 796.3026; -0.01354692; 187.3496; After ; 0.24378; null
29; Driver; Interference; None; 31.10.2023 13:38:38; 796.3032; -0.01353291; 187.199; After ; 0.2595463; null
29; Driver; Interference; None; 31.10.2023 13:38:38; 796.3035; -0.01357099; 187.1234; After ; 0.2927543; null
29; Driver; Interference; None; 31.10.2023 13:38:38; 796.3042; -0.01364798; 186.8957; After ; 0.308275; null
29; Driver; Interference; None; 31.10.2023 13:38:38; 796.3046; -0.01367223; 186.7429; After ; 0.3245164; null
29; Driver; Interference; None; 31.10.2023 13:38:38; 796.3047; -0.01368066; 186.6663; After ; 0.33999; null
29; Driver; Interference; None; 31.10.2023 13:38:38; 796.3048; -0.01368196; 186.5125; After ; 0.3565947; null
29; Driver; Interference; None; 31.10.2023 13:38:38; 796.3048; -0.01368153; 186.4353; After ; 0.3894562; null
29; Driver; Interference; None; 31.10.2023 13:38:38; 796.3046; -0.01366625; 186.2028; After ; 0.4058374; null
29; Driver; Interference; None; 31.10.2023 13:38:38; 796.3044; -0.01365207; 186.047; After ; 0.4233435; null
29; Driver; Interference; None; 31.10.2023 13:38:38; 796.3042; -0.01364828; 185.9688; After ; 0.439441; null
29; Driver; Interference; None; 31.10.2023 13:38:38; 796.3037; -0.01363743; 185.8119; After ; 0.4556374; null
29; Driver; Interference; None; 31.10.2023 13:38:38; 796.3034; -0.01363625; 185.7332; After ; 0.4900747; null
29; Driver; Interference; None; 31.10.2023 13:38:38; 796.3022; -0.01363371; 185.4962; After ; 0.5073273; null
29; Driver; Interference; None; 31.10.2023 13:38:38; 796.3013; -0.01363529; 185.3374; After ; 0.5239534; null
29; Driver; Interference; None; 31.10.2023 13:38:38; 796.3008; -0.01364023; 185.2577; After ; 0.5405219; null
29; Driver; Interference; None; 31.10.2023 13:38:38; 796.2997; -0.01364645; 185.0979; After ; 0.5574446; null
29; Driver; Interference; None; 31.10.2023 13:38:38; 796.2991; -0.01365318; 185.0177; After ; 0.5907221; null
29; Driver; Interference; None; 31.10.2023 13:38:38; 796.2977; -0.01366183; 184.8569; After ; 0.6090284; null
29; Driver; Interference; None; 31.10.2023 13:38:38; 796.2962; -0.01361714; 184.6954; After ; 0.6259974; null
29; Driver; Interference; None; 31.10.2023 13:38:38; 796.2945; -0.01363063; 184.5333; After ; 0.6470284; null
29; Driver; Interference; None; 31.10.2023 13:38:38; 796.2927; -0.01359769; 184.3704; After ; 0.6638085; null
29; Driver; Interference; None; 31.10.2023 13:38:38; 796.2906; -0.01353654; 184.2069; After ; 0.6796182; null
29; Driver; Interference; None; 31.10.2023 13:38:38; 796.2885; -0.01353698; 184.0426; After ; 0.6983009; null
29; Driver; Interference; None; 31.10.2023 13:38:38; 796.2874; -0.01354931; 183.9603; After ; 0.734406; null
29; Driver; Interference; None; 31.10.2023 13:38:38; 796.285; -0.01358084; 183.795; After ; 0.734406; null
29; Driver; Interference; None; 31.10.2023 13:38:38; 796.2837; -0.01360377; 183.7121; After ; 0.7687867; null
29; Driver; Interference; None; 31.10.2023 13:38:38; 796.2796; -0.01367204; 183.4624; After ; 0.7862349; null
29; Driver; Interference; None; 31.10.2023 13:38:38; 796.2767; -0.01371283; 183.2951; After ; 0.8027462; null
29; Driver; Interference; None; 31.10.2023 13:38:38; 796.2751; -0.01373388; 183.2111; After ; 0.8356711; null
29; Driver; Interference; None; 31.10.2023 13:38:38; 796.272; -0.013764; 183.0427; After ; 0.8356711; null
29; Driver; Interference; None; 31.10.2023 13:38:38; 796.2703; -0.01377886; 182.9583; After ; 0.8684973; null
29; Driver; Interference; None; 31.10.2023 13:38:38; 796.2651; -0.0138051; 182.7038; After ; 0.8850592; null
29; Driver; Interference; None; 31.10.2023 13:38:38; 796.2615; -0.01381181; 182.5333; After ; 0.901284; null
29; Driver; Interference; None; 31.10.2023 13:38:38; 796.2596; -0.01381623; 182.4478; After ; 0.9343994; null
29; Driver; Interference; None; 31.10.2023 13:38:38; 796.2557; -0.01381619; 182.2764; After ; 0.9343994; null
29; Driver; Interference; None; 31.10.2023 13:38:38; 796.2537; -0.01381833; 182.1904; After ; 0.9678929; null
29; Driver; Interference; None; 31.10.2023 13:38:38; 796.2474; -0.01381729; 181.9315; After ; 0.9852095; null
29; Driver; Interference; None; 31.10.2023 13:38:38; 796.243; -0.013815; 181.7582; After ; 1.002017; null
29; Driver; Interference; None; 31.10.2023 13:38:38; 796.2407; -0.01381738; 181.6714; After ; 1.034577; null
29; Driver; Interference; None; 31.10.2023 13:38:38; 796.2361; -0.01381716; 181.4974; After ; 1.034577; null
29; Driver; Interference; None; 31.10.2023 13:38:38; 796.2313; -0.01385709; 181.323; After ; 1.067482; null
29; Driver; Interference; None; 31.10.2023 13:38:38; 796.2263; -0.01382774; 181.1483; After ; 1.084598; null
29; Driver; Interference; None; 31.10.2023 13:38:38; 796.2213; -0.01383184; 180.9733; After ; 1.100484; null
29; Driver; Interference; None; 31.10.2023 13:38:38; 796.2186; -0.01383724; 180.8858; After ; 1.134143; null
29; Driver; Interference; None; 31.10.2023 13:38:38; 796.2133; -0.01384211; 180.7107; After ; 1.134143; null
29; Driver; Interference; None; 31.10.2023 13:38:38; 796.2106; -0.0138476; 180.6231; After ; 1.169137; null
29; Driver; Interference; None; 31.10.2023 13:38:38; 796.2023; -0.01385712; 180.3601; After ; 1.186273; null
29; Driver; Interference; None; 31.10.2023 13:38:39; 796.1966; -0.01386032; 180.1847; After ; 1.202395; null
29; Driver; Interference; None; 31.10.2023 13:38:39; 796.1937; -0.01386457; 180.0969; After ; 1.23423; null
29; Driver; Interference; None; 31.10.2023 13:38:39; 796.1878; -0.01386598; 179.9213; After ; 1.23423; null
29; Driver; Interference; None; 31.10.2023 13:38:39; 796.1848; -0.01386929; 179.8335; After ; 1.268266; null
29; Driver; Interference; None; 31.10.2023 13:38:39; 796.1757; -0.01387139; 179.5699; After ; 1.284988; null
29; Driver; Interference; None; 31.10.2023 13:38:39; 796.1695; -0.01386957; 179.394; After ; 1.301009; null
29; Driver; Interference; None; 31.10.2023 13:38:39; 796.1664; -0.01387149; 179.306; After ; 1.334254; null
29; Driver; Interference; None; 31.10.2023 13:38:39; 796.16; -0.01386882; 179.1299; After ; 1.334254; null
29; Driver; Interference; None; 31.10.2023 13:38:39; 796.1536; -0.01390479; 178.9538; After ; 1.36683; null
29; Driver; Interference; None; 31.10.2023 13:38:39; 796.147; -0.01386931; 178.7775; After ; 1.383211; null
29; Driver; Interference; None; 31.10.2023 13:38:39; 796.1404; -0.01386673; 178.601; After ; 1.398827; null
29; Driver; Interference; None; 31.10.2023 13:38:39; 796.1371; -0.01386868; 178.5128; After ; 1.432354; null
29; Driver; Interference; None; 31.10.2023 13:38:39; 796.1303; -0.01386673; 178.3362; After ; 1.432354; null
29; Driver; Interference; None; 31.10.2023 13:38:39; 796.1234; -0.01390422; 178.1595; After ; 1.464989; null
29; Driver; Interference; None; 31.10.2023 13:38:39; 796.1164; -0.01387044; 177.9826; After ; 1.483106; null
29; Driver; Interference; None; 31.10.2023 13:38:39; 796.1093; -0.01386982; 177.8056; After ; 1.498887; null
29; Driver; Interference; None; 31.10.2023 13:38:39; 796.1057; -0.01387271; 177.7171; After ; 1.532515; null
29; Driver; Interference; None; 31.10.2023 13:38:39; 796.0985; -0.01387246; 177.54; After ; 1.532515; null
29; Driver; Interference; None; 31.10.2023 13:38:39; 796.0948; -0.0138755; 177.4514; After ; 1.566777; null
29; Driver; Interference; None; 31.10.2023 13:38:39; 796.0838; -0.01387845; 177.1854; After ; 1.584874; null
29; Driver; Interference; None; 31.10.2023 13:38:39; 796.0764; -0.01387827; 177.0081; After ; 1.602246; null
29; Driver; Interference; None; 31.10.2023 13:38:39; 796.0726; -0.01388124; 176.9194; After ; 1.634103; null
29; Driver; Interference; None; 31.10.2023 13:38:39; 796.0652; -0.01388081; 176.742; After ; 1.634103; null
29; Driver; Interference; None; 31.10.2023 13:38:39; 796.0577; -0.01391924; 176.5647; After ; 1.66823; null
29; Driver; Interference; None; 31.10.2023 13:38:39; 796.0504; -0.01388546; 176.3874; After ; 1.684464; null
29; Driver; Interference; None; 31.10.2023 13:38:39; 796.0432; -0.0138843; 176.2103; After ; 1.700363; null
29; Driver; Interference; None; 31.10.2023 13:38:39; 796.0397; -0.01388666; 176.1218; After ; 1.733964; null
29; Driver; Interference; None; 31.10.2023 13:38:39; 796.0327; -0.013885; 175.945; After ; 1.733964; null
29; Driver; Interference; None; 31.10.2023 13:38:39; 796.0293; -0.01388709; 175.8566; After ; 1.767154; null
29; Driver; Interference; None; 31.10.2023 13:38:39; 796.0193; -0.01388657; 175.5917; After ; 1.785269; null
29; Driver; Interference; None; 31.10.2023 13:38:39; 796.0128; -0.01388363; 175.4154; After ; 1.800574; null
29; Driver; Interference; None; 31.10.2023 13:38:39; 796.0096; -0.01388502; 175.3274; After ; 1.833695; null
29; Driver; Interference; None; 31.10.2023 13:38:39; 796.0034; -0.01388143; 175.1515; After ; 1.833695; null
29; Driver; Interference; None; 31.10.2023 13:38:39; 795.9974; -0.01391602; 174.9759; After ; 1.865664; null
29; Driver; Interference; None; 31.10.2023 13:38:39; 795.9915; -0.01387902; 174.8006; After ; 1.883571; null
29; Driver; Interference; None; 31.10.2023 13:38:39; 795.9857; -0.01387426; 174.6258; After ; 1.898956; null
29; Driver; Interference; None; 31.10.2023 13:38:39; 795.9829; -0.01387477; 174.5385; After ; 1.933191; null
29; Driver; Interference; None; 31.10.2023 13:38:39; 795.9774; -0.01386957; 174.3642; After ; 1.933191; null
29; Driver; Interference; None; 31.10.2023 13:38:39; 795.9721; -0.01390231; 174.1904; After ; 1.966946; null
29; Driver; Interference; None; 31.10.2023 13:38:39; 795.967; -0.01394241; 174.0169; After ; 1.982875; null
29; Driver; Interference; None; 31.10.2023 13:38:39; 795.9645; -0.01395642; 173.9303; After ; 2.013468; null
29; Driver; Interference; None; 31.10.2023 13:38:39; 795.9595; -0.01396253; 173.7575; After ; 2.031076; null
29; Driver; Interference; None; 31.10.2023 13:38:39; 795.9548; -0.01398945; 173.585; After ; 2.047417; null
29; Driver; Interference; None; 31.10.2023 13:38:39; 795.9502; -0.01393485; 173.4129; After ; 2.063907; null
29; Driver; Interference; None; 31.10.2023 13:38:39; 795.9457; -0.01390599; 173.2412; After ; 2.078778; null
29; Driver; Interference; None; 31.10.2023 13:38:39; 795.9436; -0.01389365; 173.1555; After ; 2.113061; null
29; Driver; Interference; None; 31.10.2023 13:38:39; 795.9393; -0.01386375; 172.9844; After ; 2.130012; null
29; Driver; Interference; None; 31.10.2023 13:38:39; 795.9352; -0.01387456; 172.8137; After ; 2.146799; null
29; Driver; Interference; None; 31.10.2023 13:38:39; 795.9313; -0.01382096; 172.6433; After ; 2.162995; null
29; Driver; Interference; None; 31.10.2023 13:38:39; 795.9275; -0.01380444; 172.4734; After ; 2.178895; null
29; Driver; Interference; None; 31.10.2023 13:38:40; 795.9257; -0.01380106; 172.3886; After ; 2.213068; null
29; Driver; Interference; None; 31.10.2023 13:38:40; 795.9221; -0.01379198; 172.2192; After ; 2.230312; null
29; Driver; Interference; None; 31.10.2023 13:38:40; 795.9188; -0.01382384; 172.0502; After ; 2.246638; null
29; Driver; Interference; None; 31.10.2023 13:38:40; 795.9155; -0.01378981; 171.8816; After ; 2.263926; null
29; Driver; Interference; None; 31.10.2023 13:38:40; 795.9124; -0.01378857; 171.7134; After ; 2.279116; null
29; Driver; Interference; None; 31.10.2023 13:38:40; 795.9109; -0.01379105; 171.6294; After ; 2.312117; null
29; Driver; Interference; None; 31.10.2023 13:38:40; 795.9081; -0.01379016; 171.4618; After ; 2.329306; null
29; Driver; Interference; None; 31.10.2023 13:38:40; 795.9054; -0.01382541; 171.2945; After ; 2.345481; null
29; Driver; Interference; None; 31.10.2023 13:38:40; 795.9028; -0.01379186; 171.1277; After ; 2.361579; null
29; Driver; Interference; None; 31.10.2023 13:38:40; 795.9003; -0.01378821; 170.9612; After ; 2.377126; null
29; Driver; Interference; None; 31.10.2023 13:38:40; 795.8992; -0.01378883; 170.8781; After ; 2.410929; null
29; Driver; Interference; None; 31.10.2023 13:38:40; 795.8959; -0.01378349; 170.6293; After ; 2.427874; null
29; Driver; Interference; None; 31.10.2023 13:38:40; 795.895; -0.01381391; 170.5466; After ; 2.444551; null
29; Driver; Interference; None; 31.10.2023 13:38:40; 795.8931; -0.01377658; 170.3814; After ; 2.461318; null
29; Driver; Interference; None; 31.10.2023 13:38:40; 795.8913; -0.01376962; 170.2166; After ; 2.47782; null
29; Driver; Interference; None; 31.10.2023 13:38:40; 795.8904; -0.01376891; 170.1344; After ; 2.512205; null
29; Driver; Interference; None; 31.10.2023 13:38:40; 795.8889; -0.01376184; 169.9701; After ; 2.528742; null
29; Driver; Interference; None; 31.10.2023 13:38:40; 795.8875; -0.01379092; 169.8063; After ; 2.545423; null
29; Driver; Interference; None; 31.10.2023 13:38:40; 795.8862; -0.01375385; 169.6428; After ; 2.561637; null
29; Driver; Interference; None; 31.10.2023 13:38:40; 795.885; -0.01374742; 169.4797; After ; 2.577148; null
29; Driver; Interference; None; 31.10.2023 13:38:40; 795.8845; -0.01374711; 169.3983; After ; 2.611803; null
29; Driver; Interference; None; 31.10.2023 13:38:40; 795.8835; -0.01374103; 169.2357; After ; 2.629413; null
29; Driver; Interference; None; 31.10.2023 13:38:40; 795.8828; -0.01377083; 169.0736; After ; 2.644948; null
29; Driver; Interference; None; 31.10.2023 13:38:40; 795.8821; -0.01373505; 168.9118; After ; 2.661873; null
29; Driver; Interference; None; 31.10.2023 13:38:40; 795.8815; -0.01372943; 168.7503; After ; 2.677398; null
29; Driver; Interference; None; 31.10.2023 13:38:40; 795.8813; -0.01372943; 168.6697; After ; 2.712618; null
29; Driver; Interference; None; 31.10.2023 13:38:40; 795.8809; -0.01372388; 168.5089; After ; 2.73048; null
29; Driver; Interference; None; 31.10.2023 13:38:40; 795.8807; -0.0137536; 168.3483; After ; 2.747162; null
29; Driver; Interference; None; 31.10.2023 13:38:40; 795.8805; -0.01371822; 168.1882; After ; 2.764609; null
29; Driver; Interference; None; 31.10.2023 13:38:40; 795.8804; -0.01364061; 168.0284; After ; 2.781284; null
29; Driver; Interference; None; 31.10.2023 13:38:40; 795.8806; -0.01361414; 167.8689; After ; 2.801149; null
29; Driver; Interference; None; 31.10.2023 13:38:40; 795.8807; -0.01361064; 167.7892; After ; 2.834009; null
29; Driver; Interference; None; 31.10.2023 13:38:40; 795.8809; -0.01360924; 167.6302; After ; 2.834009; null
29; Driver; Interference; None; 31.10.2023 13:38:40; 795.8811; -0.01361556; 167.5508; After ; 2.868033; null
29; Driver; Interference; None; 31.10.2023 13:38:40; 795.8817; -0.01363872; 167.313; After ; 2.885362; null
29; Driver; Interference; None; 31.10.2023 13:38:40; 795.8823; -0.01365509; 167.1548; After ; 2.902337; null
29; Driver; Interference; None; 31.10.2023 13:38:40; 795.8829; -0.01361691; 166.9968; After ; 2.917926; null
29; Driver; Interference; None; 31.10.2023 13:38:40; 795.8833; -0.0136077; 166.918; After ; 2.935865; null
29; Driver; Interference; None; 31.10.2023 13:38:40; 795.8837; -0.01363198; 166.8392; After ; 2.970109; null
29; Driver; Interference; None; 31.10.2023 13:38:40; 795.8849; -0.01368642; 166.6031; After ; 2.986825; null
29; Driver; Interference; None; 31.10.2023 13:38:40; 795.8859; -0.01363668; 166.4459; After ; 3.003784; null
29; Driver; Interference; None; 31.10.2023 13:38:40; 795.8868; -0.01362611; 166.289; After ; 3.020266; null
29; Driver; Interference; None; 31.10.2023 13:38:40; 795.8873; -0.01362666; 166.2106; After ; 3.038487; null
29; Driver; Interference; None; 31.10.2023 13:38:40; 795.8884; -0.01362704; 166.0539; After ; 3.055542; null
29; Driver; Interference; None; 31.10.2023 13:38:40; 795.8895; -0.01357921; 165.8974; After ; 3.073543; null
29; Driver; Interference; None; 31.10.2023 13:38:40; 795.8901; -0.01356721; 165.8192; After ; 3.109639; null
29; Driver; Interference; None; 31.10.2023 13:38:40; 795.892; -0.01355633; 165.5848; After ; 3.126135; null
29; Driver; Interference; None; 31.10.2023 13:38:40; 795.8927; -0.01359139; 165.5068; After ; 3.142466; null
29; Driver; Interference; None; 31.10.2023 13:38:40; 795.8941; -0.01357688; 165.3507; After ; 3.159517; null
29; Driver; Interference; None; 31.10.2023 13:38:40; 795.8956; -0.01359701; 165.1948; After ; 3.176182; null
29; Driver; Interference; None; 31.10.2023 13:38:41; 795.8963; -0.01361042; 165.1169; After ; 3.209244; null
29; Driver; Interference; None; 31.10.2023 13:38:41; 795.8987; -0.0136426; 164.8833; After ; 3.225761; null
29; Driver; Interference; None; 31.10.2023 13:38:41; 795.8995; -0.01368206; 164.8055; After ; 3.242801; null
29; Driver; Interference; None; 31.10.2023 13:38:41; 795.9012; -0.01366521; 164.65; After ; 3.259669; null
29; Driver; Interference; None; 31.10.2023 13:38:41; 795.903; -0.01367181; 164.4946; After ; 3.277823; null
29; Driver; Interference; None; 31.10.2023 13:38:41; 795.9048; -0.01362138; 164.3393; After ; 3.296101; null
29; Driver; Interference; None; 31.10.2023 13:38:41; 795.9057; -0.01360551; 164.2617; After ; 3.331719; null
29; Driver; Interference; None; 31.10.2023 13:38:41; 795.9077; -0.01358114; 164.1066; After ; 3.331719; null
29; Driver; Interference; None; 31.10.2023 13:38:41; 795.9086; -0.01357747; 164.0291; After ; 3.367437; null
29; Driver; Interference; None; 31.10.2023 13:38:41; 795.9116; -0.01357914; 163.7969; After ; 3.384816; null
29; Driver; Interference; None; 31.10.2023 13:38:41; 795.9137; -0.01358865; 163.6422; After ; 3.40167; null
29; Driver; Interference; None; 31.10.2023 13:38:41; 795.9159; -0.01355011; 163.4877; After ; 3.419378; null
29; Driver; Interference; None; 31.10.2023 13:38:41; 795.917; -0.01354213; 163.4105; After ; 3.437151; null
29; Driver; Interference; None; 31.10.2023 13:38:41; 795.9192; -0.01353527; 163.2562; After ; 3.454823; null
29; Driver; Interference; None; 31.10.2023 13:38:41; 795.9215; -0.01349146; 163.102; After ; 3.472453; null
29; Driver; Interference; None; 31.10.2023 13:38:41; 795.9238; -0.01342674; 162.948; After ; 3.493226; null
29; Driver; Interference; None; 31.10.2023 13:38:41; 795.925; -0.01341443; 162.871; After ; 3.532422; null
29; Driver; Interference; None; 31.10.2023 13:38:41; 795.9275; -0.01341277; 162.7172; After ; 3.532422; null
29; Driver; Interference; None; 31.10.2023 13:38:41; 795.9288; -0.01342584; 162.6404; After ; 3.568558; null
29; Driver; Interference; None; 31.10.2023 13:38:41; 795.9326; -0.01348677; 162.41; After ; 3.58543; null
29; Driver; Interference; None; 31.10.2023 13:38:41; 795.9352; -0.01346594; 162.2565; After ; 3.604033; null
29; Driver; Interference; None; 31.10.2023 13:38:41; 795.9379; -0.01349178; 162.1032; After ; 3.621614; null
29; Driver; Interference; None; 31.10.2023 13:38:41; 795.9393; -0.01351138; 162.0265; After ; 3.640677; null
29; Driver; Interference; None; 31.10.2023 13:38:41; 795.9421; -0.01347944; 161.8733; After ; 3.658386; null
29; Driver; Interference; None; 31.10.2023 13:38:41; 795.9449; -0.01349528; 161.7202; After ; 3.677374; null
29; Driver; Interference; None; 31.10.2023 13:38:41; 795.9478; -0.01347125; 161.5672; After ; 3.695195; null
29; Driver; Interference; None; 31.10.2023 13:38:41; 795.9493; -0.01347206; 161.4907; After ; 3.732593; null
29; Driver; Interference; None; 31.10.2023 13:38:41; 795.9522; -0.01348377; 161.3378; After ; 3.732593; null
29; Driver; Interference; None; 31.10.2023 13:38:41; 795.9553; -0.01354285; 161.1849; After ; 3.766525; null
29; Driver; Interference; None; 31.10.2023 13:38:41; 795.9584; -0.01354621; 161.0322; After ; 3.783744; null
29; Driver; Interference; None; 31.10.2023 13:38:41; 795.9615; -0.01357801; 160.8794; After ; 3.799452; null
29; Driver; Interference; None; 31.10.2023 13:38:41; 795.9631; -0.01359519; 160.8031; After ; 3.834266; null
29; Driver; Interference; None; 31.10.2023 13:38:41; 795.9664; -0.0136196; 160.6505; After ; 3.834266; null
29; Driver; Interference; None; 31.10.2023 13:38:41; 795.9681; -0.01363173; 160.5742; After ; 3.867742; null
29; Driver; Interference; None; 31.10.2023 13:38:41; 795.9731; -0.01365113; 160.3454; After ; 3.885601; null
29; Driver; Interference; None; 31.10.2023 13:38:41; 795.9765; -0.01365344; 160.1929; After ; 3.903273; null
29; Driver; Interference; None; 31.10.2023 13:38:41; 795.98; -0.01359918; 160.0405; After ; 3.920113; null
29; Driver; Interference; None; 31.10.2023 13:38:41; 795.9818; -0.01358128; 159.9644; After ; 3.936967; null
29; Driver; Interference; None; 31.10.2023 13:38:41; 795.9854; -0.01355321; 159.8121; After ; 3.95527; null
29; Driver; Interference; None; 31.10.2023 13:38:41; 795.9872; -0.01354788; 159.7359; After ; 3.988985; null
29; Driver; Interference; None; 31.10.2023 13:38:41; 795.9908; -0.01354211; 159.5837; After ; 4.008296; null
29; Driver; Interference; None; 31.10.2023 13:38:41; 795.9946; -0.01349588; 159.4316; After ; 4.026101; null
29; Driver; Interference; None; 31.10.2023 13:38:41; 795.9984; -0.01351104; 159.2795; After ; 4.04488; null
29; Driver; Interference; None; 31.10.2023 13:38:41; 796.0022; -0.01348636; 159.1275; After ; 4.063393; null
29; Driver; Interference; None; 31.10.2023 13:38:41; 796.0061; -0.01350469; 158.9755; After ; 4.079356; null
29; Driver; Interference; None; 31.10.2023 13:38:41; 796.01; -0.01348006; 158.8236; After ; 4.097806; null
29; Driver; Interference; None; 31.10.2023 13:38:41; 796.012; -0.01347955; 158.7477; After ; 4.133699; null
29; Driver; Interference; None; 31.10.2023 13:38:41; 796.0161; -0.01348736; 158.5959; After ; 4.133699; null
29; Driver; Interference; None; 31.10.2023 13:38:41; 796.0181; -0.01349918; 158.52; After ; 4.168887; null
29; Driver; Interference; None; 31.10.2023 13:38:41; 796.0244; -0.01354041; 158.2925; After ; 4.186238; null
29; Driver; Interference; None; 31.10.2023 13:38:42; 796.0286; -0.0135001; 158.1409; After ; 4.204221; null
29; Driver; Interference; None; 31.10.2023 13:38:42; 796.0328; -0.01350499; 157.9894; After ; 4.221403; null
29; Driver; Interference; None; 31.10.2023 13:38:42; 796.035; -0.01351466; 157.9137; After ; 4.239223; null
29; Driver; Interference; None; 31.10.2023 13:38:42; 796.0393; -0.01346623; 157.7624; After ; 4.256807; null
29; Driver; Interference; None; 31.10.2023 13:38:42; 796.0437; -0.01346934; 157.6111; After ; 4.276511; null
29; Driver; Interference; None; 31.10.2023 13:38:42; 796.0482; -0.01343777; 157.4599; After ; 4.296763; null
29; Driver; Interference; None; 31.10.2023 13:38:42; 796.0505; -0.01343632; 157.3844; After ; 4.332694; null
29; Driver; Interference; None; 31.10.2023 13:38:42; 796.055; -0.01344629; 157.2334; After ; 4.332694; null
29; Driver; Interference; None; 31.10.2023 13:38:42; 796.0573; -0.01346066; 157.1579; After ; 4.368524; null
29; Driver; Interference; None; 31.10.2023 13:38:42; 796.0643; -0.01351277; 156.9316; After ; 4.386186; null
29; Driver; Interference; None; 31.10.2023 13:38:42; 796.069; -0.01348076; 156.7808; After ; 4.403567; null
29; Driver; Interference; None; 31.10.2023 13:38:42; 796.0738; -0.01349286; 156.6302; After ; 4.421535; null
29; Driver; Interference; None; 31.10.2023 13:38:42; 796.0762; -0.01350551; 156.5549; After ; 4.439867; null
29; Driver; Interference; None; 31.10.2023 13:38:42; 796.0811; -0.01352978; 156.4044; After ; 4.4571; null
29; Driver; Interference; None; 31.10.2023 13:38:42; 796.0836; -0.01354528; 156.3292; After ; 4.491699; null
29; Driver; Interference; None; 31.10.2023 13:38:42; 796.0885; -0.01356986; 156.1788; After ; 4.508977; null
29; Driver; Interference; None; 31.10.2023 13:38:42; 796.0935; -0.01354004; 156.0285; After ; 4.52823; null
29; Driver; Interference; None; 31.10.2023 13:38:42; 796.0985; -0.01347519; 155.8784; After ; 4.52823; null
29; Driver; Interference; None; 31.10.2023 13:38:42; 796.1036; -0.0134768; 155.7283; After ; 4.565091; null
29; Driver; Interference; None; 31.10.2023 13:38:42; 796.1088; -0.01344494; 155.5783; After ; 4.583856; null
29; Driver; Interference; None; 31.10.2023 13:38:42; 796.1141; -0.01346053; 155.4284; After ; 4.600352; null
29; Driver; Interference; None; 31.10.2023 13:38:42; 796.1167; -0.01347578; 155.3535; After ; 4.635727; null
29; Driver; Interference; None; 31.10.2023 13:38:42; 796.1219; -0.01350613; 155.2037; After ; 4.635727; null
29; Driver; Interference; None; 31.10.2023 13:38:42; 796.1273; -0.01348778; 155.0541; After ; 4.653422; null
29; Driver; Interference; None; 31.10.2023 13:38:42; 796.1327; -0.01343704; 154.9045; After ; 4.670342; null
29; Driver; Interference; None; 31.10.2023 13:38:42; 796.1354; -0.01342723; 154.8298; After ; 4.709212; null
29; Driver; Interference; None; 31.10.2023 13:38:42; 796.1409; -0.01342368; 154.6804; After ; 4.727348; null
29; Driver; Interference; None; 31.10.2023 13:38:42; 796.1465; -0.01347427; 154.531; After ; 4.74509; null
29; Driver; Interference; None; 31.10.2023 13:38:42; 796.1521; -0.01347679; 154.3818; After ; 4.762319; null
29; Driver; Interference; None; 31.10.2023 13:38:42; 796.1577; -0.01351175; 154.2327; After ; 4.77919; null
29; Driver; Interference; None; 31.10.2023 13:38:42; 796.1635; -0.01349542; 154.0836; After ; 4.797226; null
29; Driver; Interference; None; 31.10.2023 13:38:42; 796.1663; -0.01349589; 154.0092; After ; 4.832837; null
29; Driver; Interference; None; 31.10.2023 13:38:42; 796.1721; -0.01350093; 153.8603; After ; 4.832837; null
29; Driver; Interference; None; 31.10.2023 13:38:42; 796.1779; -0.01346444; 153.7115; After ; 4.851608; null
29; Driver; Interference; None; 31.10.2023 13:38:42; 796.1808; -0.01345842; 153.6372; After ; 4.887814; null
29; Driver; Interference; None; 31.10.2023 13:38:42; 796.1868; -0.01345692; 153.4885; After ; 4.907154; null
29; Driver; Interference; None; 31.10.2023 13:38:42; 796.1958; -0.01341737; 153.2658; After ; 4.924972; null
29; Driver; Interference; None; 31.10.2023 13:38:42; 796.1989; -0.01344764; 153.1916; After ; 4.943965; null
29; Driver; Interference; None; 31.10.2023 13:38:42; 796.205; -0.01343555; 153.0433; After ; 4.960858; null
29; Driver; Interference; None; 31.10.2023 13:38:42; 796.2111; -0.01346404; 152.8951; After ; 4.978076; null
29; Driver; Interference; None; 31.10.2023 13:38:42; 796.2173; -0.01344822; 152.747; After ; 4.996579; null
29; Driver; Interference; None; 31.10.2023 13:38:42; 796.2204; -0.01345079; 152.673; After ; 5.032284; null
29; Driver; Interference; None; 31.10.2023 13:38:42; 796.2266; -0.01346245; 152.5251; After ; 5.032284; null
29; Driver; Interference; None; 31.10.2023 13:38:42; 796.2298; -0.01347502; 152.4512; After ; 5.067869; null
29; Driver; Interference; None; 31.10.2023 13:38:42; 796.2393; -0.01351506; 152.2298; After ; 5.085667; null
29; Driver; Interference; None; 31.10.2023 13:38:42; 796.2458; -0.0135401; 152.0823; After ; 5.102849; null
29; Driver; Interference; None; 31.10.2023 13:38:42; 796.2523; -0.01351169; 151.935; After ; 5.119732; null
29; Driver; Interference; None; 31.10.2023 13:38:42; 796.2555; -0.01350574; 151.8614; After ; 5.136498; null
29; Driver; Interference; None; 31.10.2023 13:38:42; 796.2621; -0.01349848; 151.7144; After ; 5.154961; null
