user_id; scenario; distraction; ehmi; timestamp; userPositionX; userPositionY; userPositionZ; playerPositon; time; focused object
27; Bicycle; Interference; Intention; 30.10.2023 11:35:04; 869.3503; 0.83; 107.1881; HI; null
27; Bicycle; Interference; Intention; 30.10.2023 11:35:04; 869.3503; 0.8269753; 107.1881; Before; 0.02; PedestrianInterference
27; Bicycle; Interference; Intention; 30.10.2023 11:35:05; 869.3503; 0.8269753; 107.1881; Before; 0.02; PedestrianInterference
27; Bicycle; Interference; Intention; 30.10.2023 11:35:05; 869.3503; 0.8269753; 107.1881; Before; 0.02; PedestrianInterference
27; Bicycle; Interference; Intention; 30.10.2023 11:35:05; 869.3503; 0.8269753; 107.1881; Before; 0.02; PedestrianInterference
27; Bicycle; Interference; Intention; 30.10.2023 11:35:05; 869.3503; 0.8269753; 107.1881; Before; 0.02; PedestrianInterference
27; Bicycle; Interference; Intention; 30.10.2023 11:35:05; 869.3503; 0.8269753; 107.1881; Before; 0.02; PedestrianInterference
27; Bicycle; Interference; Intention; 30.10.2023 11:35:05; 869.3503; 0.8269753; 107.1881; Before; 0.02; PedestrianInterference
27; Bicycle; Interference; Intention; 30.10.2023 11:35:05; 869.3503; 0.8269753; 107.1881; Before; 0.02; PedestrianInterference
27; Bicycle; Interference; Intention; 30.10.2023 11:35:05; 869.3503; 0.8269753; 107.1881; Before; 0.02; PedestrianInterference
27; Bicycle; Interference; Intention; 30.10.2023 11:35:05; 869.3503; 0.8269753; 107.1881; Before; 0.02; PedestrianInterference
27; Bicycle; Interference; Intention; 30.10.2023 11:35:05; 869.3503; 0.8269753; 107.1881; Before; 0.02; PedestrianInterference
27; Bicycle; Interference; Intention; 30.10.2023 11:35:05; 869.3503; 0.8269753; 107.1881; Before; 0.02; PedestrianInterference
27; Bicycle; Interference; Intention; 30.10.2023 11:35:05; 869.3503; 0.8269753; 107.1881; Before; 0.02; PedestrianInterference
27; Bicycle; Interference; Intention; 30.10.2023 11:35:05; 869.3503; 0.8269753; 107.1881; Before; 0.02; PedestrianInterference
27; Bicycle; Interference; Intention; 30.10.2023 11:35:05; 869.3503; 0.8269753; 107.1881; Before; 0.02; PedestrianInterference
27; Bicycle; Interference; Intention; 30.10.2023 11:35:05; 869.3503; 0.8269753; 107.1881; Before; 0.02; PedestrianInterference
27; Bicycle; Interference; Intention; 30.10.2023 11:35:05; 869.3503; 0.8269753; 107.1881; Before; 0.02; PedestrianInterference
27; Bicycle; Interference; Intention; 30.10.2023 11:35:05; 869.3503; 0.7692157; 107.1881; Before; 0.04; null
27; Bicycle; Interference; Intention; 30.10.2023 11:35:05; 869.3503; 0.7692157; 107.1881; Before; 0.04; null
27; Bicycle; Interference; Intention; 30.10.2023 11:35:05; 869.3503; 0.7692157; 107.1881; Before; 0.04; null
27; Bicycle; Interference; Intention; 30.10.2023 11:35:05; 869.3503; 0.7692157; 107.1881; Before; 0.04; null
27; Bicycle; Interference; Intention; 30.10.2023 11:35:05; 869.3503; 0.7692157; 107.1881; Before; 0.04; null
27; Bicycle; Interference; Intention; 30.10.2023 11:35:05; 869.3503; 0.7692157; 107.1881; Before; 0.04; null
27; Bicycle; Interference; Intention; 30.10.2023 11:35:05; 869.3503; 0.7578017; 107.1881; Before; 0.3733333; null
27; Bicycle; Interference; Intention; 30.10.2023 11:35:05; 869.3503; 0.7578017; 107.1881; Before; 0.3733333; null
27; Bicycle; Interference; Intention; 30.10.2023 11:35:05; 869.3503; 0.7578017; 107.1881; Before; 0.3733333; null
27; Bicycle; Interference; Intention; 30.10.2023 11:35:05; 869.3503; 0.7543174; 107.1881; Before; 0.5030223; null
27; Bicycle; Interference; Intention; 30.10.2023 11:35:05; 869.3503; 0.7543174; 107.1881; Before; 0.5030223; null
27; Bicycle; Interference; Intention; 30.10.2023 11:35:05; 869.3503; 0.752919; 107.1881; Before; 0.5633293; null
27; Bicycle; Interference; Intention; 30.10.2023 11:35:05; 869.3503; 0.7521536; 107.1881; Before; 0.593105; null
27; Bicycle; Interference; Intention; 30.10.2023 11:35:05; 869.3503; 0.751441; 107.1881; Before; 0.6112381; null
27; Bicycle; Interference; Intention; 30.10.2023 11:35:05; 869.3503; 0.7503887; 107.1881; Before; 0.6436984; null
27; Bicycle; Interference; Intention; 30.10.2023 11:35:05; 869.3503; 0.7503887; 107.1881; Before; 0.6436984; null
27; Bicycle; Interference; Intention; 30.10.2023 11:35:05; 869.3503; 0.7495477; 107.1881; Before; 0.6599482; null
27; Bicycle; Interference; Intention; 30.10.2023 11:35:05; 869.3503; 0.7489223; 107.1881; Before; 0.6876237; null
27; Bicycle; Interference; Intention; 30.10.2023 11:35:05; 869.3503; 0.7483913; 107.1881; Before; 0.7108366; null
27; Bicycle; Interference; Intention; 30.10.2023 11:35:05; 869.3503; 0.7480361; 107.1881; Before; 0.732712; null
27; Bicycle; Interference; Intention; 30.10.2023 11:35:05; 869.3503; 0.7476211; 107.1881; Before; 0.7487198; null
27; Bicycle; Interference; Intention; 30.10.2023 11:35:05; 869.3503; 0.7471865; 107.1881; Before; 0.7690516; null
27; Bicycle; Interference; Intention; 30.10.2023 11:35:06; 869.3503; 0.7468331; 107.1881; Before; 0.7926391; null
27; Bicycle; Interference; Intention; 30.10.2023 11:35:06; 869.3503; 0.7468331; 107.1881; Before; 0.7926391; null
27; Bicycle; Interference; Intention; 30.10.2023 11:35:06; 869.3503; 0.7463615; 107.1881; Before; 0.8139584; null
27; Bicycle; Interference; Intention; 30.10.2023 11:35:06; 869.3503; 0.7458639; 107.1881; Before; 0.8705814; null
27; Bicycle; Interference; Intention; 30.10.2023 11:35:06; 869.3503; 0.7456686; 107.1881; Before; 0.8864524; null
27; Bicycle; Interference; Intention; 30.10.2023 11:35:06; 869.3503; 0.7456686; 107.1881; Before; 0.8864524; null
27; Bicycle; Interference; Intention; 30.10.2023 11:35:06; 869.3503; 0.7454747; 107.1881; Before; 0.9047346; null
27; Bicycle; Interference; Intention; 30.10.2023 11:35:06; 869.3503; 0.7452725; 107.1881; Before; 0.9245056; null
27; Bicycle; Interference; Intention; 30.10.2023 11:35:06; 869.3503; 0.7450914; 107.1881; Before; 0.9472872; null
27; Bicycle; Interference; Intention; 30.10.2023 11:35:06; 869.3503; 0.7448862; 107.1881; Before; 0.9700025; null
27; Bicycle; Interference; Intention; 30.10.2023 11:35:06; 869.3503; 0.7447655; 107.1881; Before; 0.9991015; null
27; Bicycle; Interference; Intention; 30.10.2023 11:35:06; 869.3503; 0.7446599; 107.1881; Before; 1.018228; null
27; Bicycle; Interference; Intention; 30.10.2023 11:35:06; 869.3503; 0.7445493; 107.1881; Before; 1.036677; null
27; Bicycle; Interference; Intention; 30.10.2023 11:35:06; 869.3503; 0.7444439; 107.1881; Before; 1.057774; null
27; Bicycle; Interference; Intention; 30.10.2023 11:35:06; 869.3503; 0.7443501; 107.1881; Before; 1.080086; null
27; Bicycle; Interference; Intention; 30.10.2023 11:35:06; 869.3503; 0.7443501; 107.1881; Before; 1.080086; null
27; Bicycle; Interference; Intention; 30.10.2023 11:35:06; 869.3503; 0.7442588; 107.1881; Before; 1.102138; null
27; Bicycle; Interference; Intention; 30.10.2023 11:35:06; 869.3503; 0.7441654; 107.1881; Before; 1.126038; null
27; Bicycle; Interference; Intention; 30.10.2023 11:35:06; 869.3503; 0.7441132; 107.1881; Before; 1.153682; null
27; Bicycle; Interference; Intention; 30.10.2023 11:35:06; 869.3503; 0.744015; 107.1881; Before; 1.189176; null
27; Bicycle; Interference; Intention; 30.10.2023 11:35:06; 869.3503; 0.744015; 107.1881; Before; 1.189176; null
27; Bicycle; Interference; Intention; 30.10.2023 11:35:06; 869.3503; 0.743937; 107.1881; Before; 1.226649; null
27; Bicycle; Interference; Intention; 30.10.2023 11:35:06; 869.3503; 0.7439018; 107.1881; Before; 1.242046; null
27; Bicycle; Interference; Intention; 30.10.2023 11:35:06; 869.3503; 0.743871; 107.1881; Before; 1.259863; null
27; Bicycle; Interference; Intention; 30.10.2023 11:35:06; 869.3503; 0.7438289; 107.1881; Before; 1.276779; null
27; Bicycle; Interference; Intention; 30.10.2023 11:35:06; 869.3503; 0.7438039; 107.1881; Before; 1.302136; null
27; Bicycle; Interference; Intention; 30.10.2023 11:35:06; 869.3503; 0.7437826; 107.1881; Before; 1.318586; null
27; Bicycle; Interference; Intention; 30.10.2023 11:35:06; 869.3503; 0.7437572; 107.1881; Before; 1.334053; null
27; Bicycle; Interference; Intention; 30.10.2023 11:35:06; 869.3503; 0.7437379; 107.1881; Before; 1.353998; null
27; Bicycle; Interference; Intention; 30.10.2023 11:35:06; 869.3503; 0.7437028; 107.1881; Before; 1.387338; null
27; Bicycle; Interference; Intention; 30.10.2023 11:35:06; 869.3503; 0.7436881; 107.1881; Before; 1.403979; null
27; Bicycle; Interference; Intention; 30.10.2023 11:35:06; 869.3503; 0.7436769; 107.1881; Before; 1.419526; null
27; Bicycle; Interference; Intention; 30.10.2023 11:35:06; 869.3503; 0.7436551; 107.1881; Before; 1.432952; null
27; Bicycle; Interference; Intention; 30.10.2023 11:35:06; 869.3503; 0.7436399; 107.1881; Before; 1.460374; null
27; Bicycle; Interference; Intention; 30.10.2023 11:35:06; 869.3503; 0.7436265; 107.1881; Before; 1.482137; null
27; Bicycle; Interference; Intention; 30.10.2023 11:35:06; 869.3503; 0.7436265; 107.1881; Before; 1.482137; null
27; Bicycle; Interference; Intention; 30.10.2023 11:35:06; 869.3503; 0.7436072; 107.1881; Before; 1.522128; null
27; Bicycle; Interference; Intention; 30.10.2023 11:35:06; 869.3503; 0.7436006; 107.1881; Before; 1.538427; null
27; Bicycle; Interference; Intention; 30.10.2023 11:35:06; 869.3503; 0.7435851; 107.1881; Before; 1.566192; null
27; Bicycle; Interference; Intention; 30.10.2023 11:35:06; 869.3503; 0.7435851; 107.1881; Before; 1.566192; null
27; Bicycle; Interference; Intention; 30.10.2023 11:35:06; 869.3504; 0.7435768; 107.1881; Before; 1.586518; null
27; Bicycle; Interference; Intention; 30.10.2023 11:35:06; 869.3503; 0.7435701; 107.1881; Before; 1.609204; null
27; Bicycle; Interference; Intention; 30.10.2023 11:35:06; 869.3503; 0.7435596; 107.1881; Before; 1.64357; null
27; Bicycle; Interference; Intention; 30.10.2023 11:35:06; 869.3503; 0.743556; 107.1881; Before; 1.661763; null
27; Bicycle; Interference; Intention; 30.10.2023 11:35:06; 869.3503; 0.7435483; 107.1881; Before; 1.692182; null
27; Bicycle; Interference; Intention; 30.10.2023 11:35:06; 869.3503; 0.7435483; 107.1881; Before; 1.692182; null
27; Bicycle; Interference; Intention; 30.10.2023 11:35:06; 869.3503; 0.7435415; 107.1881; Before; 1.720074; null
27; Bicycle; Interference; Intention; 30.10.2023 11:35:06; 869.3503; 0.7435365; 107.1881; Before; 1.738261; null
27; Bicycle; Interference; Intention; 30.10.2023 11:35:06; 869.3503; 0.7435329; 107.1881; Before; 1.764392; null
27; Bicycle; Interference; Intention; 30.10.2023 11:35:06; 869.3503; 0.7435309; 107.1881; Before; 1.786171; null
27; Bicycle; Interference; Intention; 30.10.2023 11:35:06; 869.3503; 0.7435284; 107.1881; Before; 1.801924; null
27; Bicycle; Interference; Intention; 30.10.2023 11:35:07; 869.3503; 0.7435267; 107.1881; Before; 1.817992; null
27; Bicycle; Interference; Intention; 30.10.2023 11:35:07; 869.3503; 0.7435231; 107.1881; Before; 1.845703; null
27; Bicycle; Interference; Intention; 30.10.2023 11:35:07; 869.3503; 0.7435218; 107.1881; Before; 1.861553; null
27; Bicycle; Interference; Intention; 30.10.2023 11:35:07; 869.3503; 0.7435197; 107.1881; Before; 1.877469; null
27; Bicycle; Interference; Intention; 30.10.2023 11:35:07; 869.3503; 0.7435179; 107.1881; Before; 1.895832; null
27; Bicycle; Interference; Intention; 30.10.2023 11:35:07; 869.3503; 0.7435168; 107.1881; Before; 1.918267; null
27; Bicycle; Interference; Intention; 30.10.2023 11:35:07; 869.3503; 0.7435155; 107.1881; Before; 1.934021; null
27; Bicycle; Interference; Intention; 30.10.2023 11:35:07; 869.3503; 0.7435131; 107.1881; Before; 1.966432; null
27; Bicycle; Interference; Intention; 30.10.2023 11:35:07; 869.3503; 0.7435124; 107.1881; Before; 1.984752; null
27; Bicycle; Interference; Intention; 30.10.2023 11:35:07; 869.3503; 0.7435113; 107.1881; Before; 1.99969; null
27; Bicycle; Interference; Intention; 30.10.2023 11:35:07; 869.3503; 0.7435105; 107.1881; Before; 2.015707; null
27; Bicycle; Interference; Intention; 30.10.2023 11:35:07; 869.3503; 0.7435088; 107.1881; Before; 2.045336; null
27; Bicycle; Interference; Intention; 30.10.2023 11:35:07; 869.3503; 0.7435081; 107.1881; Before; 2.064187; null
27; Bicycle; Interference; Intention; 30.10.2023 11:35:07; 869.3503; 0.7435077; 107.1881; Before; 2.08571; null
27; Bicycle; Interference; Intention; 30.10.2023 11:35:07; 869.3503; 0.7435069; 107.1881; Before; 2.101789; null
27; Bicycle; Interference; Intention; 30.10.2023 11:35:07; 869.3503; 0.7435067; 107.1881; Before; 2.119254; null
27; Bicycle; Interference; Intention; 30.10.2023 11:35:07; 869.3503; 0.743506; 107.1881; Before; 2.134573; null
27; Bicycle; Interference; Intention; 30.10.2023 11:35:07; 869.3503; 0.743505; 107.1881; Before; 2.168934; null
27; Bicycle; Interference; Intention; 30.10.2023 11:35:07; 869.3503; 0.7435051; 107.1881; Before; 2.185746; null
27; Bicycle; Interference; Intention; 30.10.2023 11:35:07; 869.3503; 0.7435044; 107.1881; Before; 2.199926; null
27; Bicycle; Interference; Intention; 30.10.2023 11:35:07; 869.3503; 0.743504; 107.1881; Before; 2.217502; null
27; Bicycle; Interference; Intention; 30.10.2023 11:35:07; 869.3503; 0.743504; 107.1881; Before; 2.239095; null
27; Bicycle; Interference; Intention; 30.10.2023 11:35:07; 869.3503; 0.7435037; 107.1881; Before; 2.25503; null
27; Bicycle; Interference; Intention; 30.10.2023 11:35:07; 869.3503; 0.7435032; 107.1881; Before; 2.286693; null
27; Bicycle; Interference; Intention; 30.10.2023 11:35:07; 869.3503; 0.7435029; 107.1881; Before; 2.302863; null
27; Bicycle; Interference; Intention; 30.10.2023 11:35:07; 869.3503; 0.7435031; 107.1881; Before; 2.318767; null
27; Bicycle; Interference; Intention; 30.10.2023 11:35:07; 869.3503; 0.7435026; 107.1881; Before; 2.33187; null
27; Bicycle; Interference; Intention; 30.10.2023 11:35:07; 869.3503; 0.7435024; 107.1881; Before; 2.365382; null
27; Bicycle; Interference; Intention; 30.10.2023 11:35:07; 869.3503; 0.743502; 107.1881; Before; 2.381154; null
27; Bicycle; Interference; Intention; 30.10.2023 11:35:07; 869.3503; 0.743502; 107.1881; Before; 2.381154; null
27; Bicycle; Interference; Intention; 30.10.2023 11:35:07; 869.3503; 0.7435017; 107.1881; Before; 2.424543; null
27; Bicycle; Interference; Intention; 30.10.2023 11:35:07; 869.3503; 0.7435014; 107.1881; Before; 2.439059; null
27; Bicycle; Interference; Intention; 30.10.2023 11:35:07; 869.3503; 0.7435017; 107.1881; Before; 2.453182; null
27; Bicycle; Interference; Intention; 30.10.2023 11:35:07; 869.3503; 0.7435012; 107.1881; Before; 2.488826; null
27; Bicycle; Interference; Intention; 30.10.2023 11:35:07; 869.3503; 0.7435012; 107.1881; Before; 2.488826; null
27; Bicycle; Interference; Intention; 30.10.2023 11:35:07; 869.3503; 0.7435009; 107.1881; Before; 2.522578; null
27; Bicycle; Interference; Intention; 30.10.2023 11:35:07; 869.3503; 0.7435009; 107.1881; Before; 2.522578; null
27; Bicycle; Interference; Intention; 30.10.2023 11:35:07; 869.3497; 0.7436767; 107.1881; Before; 2.564533; null
27; Bicycle; Interference; Intention; 30.10.2023 11:35:07; 869.3491; 0.7439518; 107.1881; Before; 2.584769; null
27; Bicycle; Interference; Intention; 30.10.2023 11:35:07; 869.3483; 0.7443403; 107.1881; Before; 2.60148; null
27; Bicycle; Interference; Intention; 30.10.2023 11:35:07; 869.3473; 0.7448834; 107.1881; Before; 2.616618; null
27; Bicycle; Interference; Intention; 30.10.2023 11:35:07; 869.345; 0.7464962; 107.1881; Before; 2.647237; null
27; Bicycle; Interference; Intention; 30.10.2023 11:35:07; 869.3435; 0.7475843; 107.1881; Before; 2.662992; null
27; Bicycle; Interference; Intention; 30.10.2023 11:35:07; 869.3418; 0.7489103; 107.1881; Before; 2.67882; null
27; Bicycle; Interference; Intention; 30.10.2023 11:35:07; 869.3418; 0.7489103; 107.1881; Before; 2.67882; null
27; Bicycle; Interference; Intention; 30.10.2023 11:35:07; 869.3368; 0.7528105; 107.1881; Before; 2.720258; null
27; Bicycle; Interference; Intention; 30.10.2023 11:35:07; 869.3349; 0.7542472; 107.1881; Before; 2.73719; null
27; Bicycle; Interference; Intention; 30.10.2023 11:35:07; 869.33; 0.7573056; 107.1881; Before; 2.767031; null
27; Bicycle; Interference; Intention; 30.10.2023 11:35:07; 869.3273; 0.758835; 107.188; Before; 2.783593; null
27; Bicycle; Interference; Intention; 30.10.2023 11:35:07; 869.3245; 0.7601235; 107.188; Before; 2.800535; null
27; Bicycle; Interference; Intention; 30.10.2023 11:35:08; 869.3218; 0.7613034; 107.188; Before; 2.815724; null
27; Bicycle; Interference; Intention; 30.10.2023 11:35:08; 869.3185; 0.7625078; 107.188; Before; 2.830528; null
27; Bicycle; Interference; Intention; 30.10.2023 11:35:08; 869.3103; 0.7649226; 107.188; Before; 2.870119; null
27; Bicycle; Interference; Intention; 30.10.2023 11:35:08; 869.3071; 0.7656419; 107.188; Before; 2.885853; null
27; Bicycle; Interference; Intention; 30.10.2023 11:35:08; 869.3035; 0.7663348; 107.188; Before; 2.899805; null
27; Bicycle; Interference; Intention; 30.10.2023 11:35:08; 869.2998; 0.7669554; 107.188; Before; 2.914819; null
27; Bicycle; Interference; Intention; 30.10.2023 11:35:08; 869.2914; 0.7680241; 107.188; Before; 2.945872; null
27; Bicycle; Interference; Intention; 30.10.2023 11:35:08; 869.2867; 0.7684755; 107.1879; Before; 2.962066; null
27; Bicycle; Interference; Intention; 30.10.2023 11:35:08; 869.2818; 0.7688558; 107.1879; Before; 2.979316; null
27; Bicycle; Interference; Intention; 30.10.2023 11:35:08; 869.2772; 0.7691404; 107.1879; Before; 2.996673; null
27; Bicycle; Interference; Intention; 30.10.2023 11:35:08; 869.2697; 0.769489; 107.1879; Before; 3.012409; null
27; Bicycle; Interference; Intention; 30.10.2023 11:35:08; 869.2639; 0.7696835; 107.1879; Before; 3.036922; null
27; Bicycle; Interference; Intention; 30.10.2023 11:35:08; 869.2582; 0.7698232; 107.1878; Before; 3.054947; null
27; Bicycle; Interference; Intention; 30.10.2023 11:35:08; 869.2458; 0.7699965; 107.1878; Before; 3.086905; null
27; Bicycle; Interference; Intention; 30.10.2023 11:35:08; 869.2393; 0.7700468; 107.1878; Before; 3.103052; null
27; Bicycle; Interference; Intention; 30.10.2023 11:35:08; 869.2329; 0.7700801; 107.1878; Before; 3.117362; null
27; Bicycle; Interference; Intention; 30.10.2023 11:35:08; 869.2151; 0.7701166; 107.1877; Before; 3.145164; null
27; Bicycle; Interference; Intention; 30.10.2023 11:35:08; 869.2151; 0.7701166; 107.1877; Before; 3.145164; null
27; Bicycle; Interference; Intention; 30.10.2023 11:35:08; 869.1873; 0.7701058; 107.1876; Before; 3.189418; null
27; Bicycle; Interference; Intention; 30.10.2023 11:35:08; 869.1774; 0.7700924; 107.1875; Before; 3.205746; null
27; Bicycle; Interference; Intention; 30.10.2023 11:35:08; 869.1664; 0.7700751; 107.1875; Before; 3.219584; null
27; Bicycle; Interference; Intention; 30.10.2023 11:35:08; 869.1426; 0.7700344; 107.1874; Before; 3.250232; null
27; Bicycle; Interference; Intention; 30.10.2023 11:35:08; 869.1295; 0.7700125; 107.1873; Before; 3.263852; null
27; Bicycle; Interference; Intention; 30.10.2023 11:35:08; 869.1157; 0.7699895; 107.1872; Before; 3.279201; null
27; Bicycle; Interference; Intention; 30.10.2023 11:35:08; 869.1006; 0.7699668; 107.1871; Before; 3.294512; null
27; Bicycle; Interference; Intention; 30.10.2023 11:35:08; 869.0854; 0.7699445; 107.187; Before; 3.310767; null
27; Bicycle; Interference; Intention; 30.10.2023 11:35:08; 869.0641; 0.7699167; 107.1869; Before; 3.326432; null
27; Bicycle; Interference; Intention; 30.10.2023 11:35:08; 869.0281; 0.7698774; 107.1867; Before; 3.364726; null
27; Bicycle; Interference; Intention; 30.10.2023 11:35:08; 869.0093; 0.7698593; 107.1866; Before; 3.380971; null
27; Bicycle; Interference; Intention; 30.10.2023 11:35:08; 868.9928; 0.7698472; 107.1864; Before; 3.397607; null
27; Bicycle; Interference; Intention; 30.10.2023 11:35:08; 868.9556; 0.7698218; 107.1862; Before; 3.42746; null
27; Bicycle; Interference; Intention; 30.10.2023 11:35:08; 868.9338; 0.7698104; 107.186; Before; 3.442191; null
27; Bicycle; Interference; Intention; 30.10.2023 11:35:08; 868.9154; 0.7698016; 107.1859; Before; 3.459288; null
27; Bicycle; Interference; Intention; 30.10.2023 11:35:08; 868.894; 0.7697936; 107.1857; Before; 3.473345; null
27; Bicycle; Interference; Intention; 30.10.2023 11:35:08; 868.8544; 0.7697815; 107.1854; Before; 3.489316; null
27; Bicycle; Interference; Intention; 30.10.2023 11:35:08; 868.8271; 0.7697754; 107.1852; Before; 3.517819; null
27; Bicycle; Interference; Intention; 30.10.2023 11:35:08; 868.8054; 0.7697711; 107.185; Before; 3.536621; null
27; Bicycle; Interference; Intention; 30.10.2023 11:35:08; 868.7603; 0.7697654; 107.1846; Before; 3.565523; null
27; Bicycle; Interference; Intention; 30.10.2023 11:35:08; 868.7355; 0.7697628; 107.1844; Before; 3.580902; null
27; Bicycle; Interference; Intention; 30.10.2023 11:35:08; 868.7112; 0.7697616; 107.1842; Before; 3.596639; null
27; Bicycle; Interference; Intention; 30.10.2023 11:35:08; 868.6615; 0.7697582; 107.1837; Before; 3.627731; null
27; Bicycle; Interference; Intention; 30.10.2023 11:35:08; 868.6615; 0.7697582; 107.1837; Before; 3.627731; null
27; Bicycle; Interference; Intention; 30.10.2023 11:35:08; 868.6171; 0.769758; 107.1833; Before; 3.641809; null
27; Bicycle; Interference; Intention; 30.10.2023 11:35:08; 868.5702; 0.769757; 107.1828; Before; 3.667747; null
27; Bicycle; Interference; Intention; 30.10.2023 11:35:08; 868.5237; 0.769757; 107.1823; Before; 3.694268; null
27; Bicycle; Interference; Intention; 30.10.2023 11:35:08; 868.4824; 0.7697575; 107.1819; Before; 3.719829; null
27; Bicycle; Interference; Intention; 30.10.2023 11:35:08; 868.451; 0.769758; 107.1815; Before; 3.741972; null
27; Bicycle; Interference; Intention; 30.10.2023 11:35:08; 868.4236; 0.7697583; 107.1812; Before; 3.758446; null
27; Bicycle; Interference; Intention; 30.10.2023 11:35:08; 868.3544; 0.769758; 107.1805; Before; 3.789403; null
27; Bicycle; Interference; Intention; 30.10.2023 11:35:08; 868.3544; 0.769758; 107.1805; Before; 3.789403; null
27; Bicycle; Interference; Intention; 30.10.2023 11:35:09; 868.3083; 0.7697587; 107.18; Before; 3.80744; null
27; Bicycle; Interference; Intention; 30.10.2023 11:35:09; 868.2408; 0.7697589; 107.1792; Before; 3.847001; null
27; Bicycle; Interference; Intention; 30.10.2023 11:35:09; 868.1975; 0.7697601; 107.1787; Before; 3.862318; null
27; Bicycle; Interference; Intention; 30.10.2023 11:35:09; 868.1652; 0.7697606; 107.1783; Before; 3.882519; null
27; Bicycle; Interference; Intention; 30.10.2023 11:35:09; 868.1332; 0.7697614; 107.178; Before; 3.897377; null
27; Bicycle; Interference; Intention; 30.10.2023 11:35:09; 868.0654; 0.7697611; 107.1772; Before; 3.927264; null
27; Bicycle; Interference; Intention; 30.10.2023 11:35:09; 868.0319; 0.769762; 107.1768; Before; 3.942132; null
27; Bicycle; Interference; Intention; 30.10.2023 11:35:09; 867.9919; 0.7697617; 107.1763; Before; 3.956841; null
27; Bicycle; Interference; Intention; 30.10.2023 11:35:09; 867.938; 0.7697614; 107.1756; Before; 3.97409; null
27; Bicycle; Interference; Intention; 30.10.2023 11:35:09; 867.8964; 0.7697611; 107.1751; Before; 3.997031; null
27; Bicycle; Interference; Intention; 30.10.2023 11:35:09; 867.8571; 0.7697608; 107.1746; Before; 4.014494; null
27; Bicycle; Interference; Intention; 30.10.2023 11:35:09; 867.782; 0.7697616; 107.1737; Before; 4.044993; null
27; Bicycle; Interference; Intention; 30.10.2023 11:35:09; 867.7396; 0.7697623; 107.1731; Before; 4.061321; null
27; Bicycle; Interference; Intention; 30.10.2023 11:35:09; 867.6641; 0.769762; 107.1721; Before; 4.09303; null
27; Bicycle; Interference; Intention; 30.10.2023 11:35:09; 867.6641; 0.769762; 107.1721; Before; 4.09303; null
27; Bicycle; Interference; Intention; 30.10.2023 11:35:09; 867.6198; 0.7697618; 107.1716; Before; 4.108025; null
27; Bicycle; Interference; Intention; 30.10.2023 11:35:09; 867.5478; 0.7697611; 107.1706; Before; 4.125241; null
27; Bicycle; Interference; Intention; 30.10.2023 11:35:09; 867.4608; 0.7697619; 107.1695; Before; 4.169152; null
27; Bicycle; Interference; Intention; 30.10.2023 11:35:09; 867.4222; 0.769762; 107.169; Before; 4.185336; null
27; Bicycle; Interference; Intention; 30.10.2023 11:35:09; 867.379; 0.769762; 107.1684; Before; 4.199641; null
27; Bicycle; Interference; Intention; 30.10.2023 11:35:09; 867.3396; 0.7697613; 107.1678; Before; 4.215446; null
27; Bicycle; Interference; Intention; 30.10.2023 11:35:09; 867.2482; 0.7697612; 107.1666; Before; 4.245368; null
27; Bicycle; Interference; Intention; 30.10.2023 11:35:09; 867.204; 0.7697611; 107.166; Before; 4.26249; null
27; Bicycle; Interference; Intention; 30.10.2023 11:35:09; 867.1371; 0.7697618; 107.1651; Before; 4.278101; null
27; Bicycle; Interference; Intention; 30.10.2023 11:35:09; 867.0893; 0.7697614; 107.1644; Before; 4.301487; null
27; Bicycle; Interference; Intention; 30.10.2023 11:35:09; 867.0442; 0.7697612; 107.1638; Before; 4.318007; null
27; Bicycle; Interference; Intention; 30.10.2023 11:35:09; 866.9531; 0.7697608; 107.1625; Before; 4.349591; null
27; Bicycle; Interference; Intention; 30.10.2023 11:35:09; 866.9077; 0.7697612; 107.1619; Before; 4.364364; null
27; Bicycle; Interference; Intention; 30.10.2023 11:35:09; 866.8513; 0.769761; 107.1611; Before; 4.379536; null
27; Bicycle; Interference; Intention; 30.10.2023 11:35:09; 866.8027; 0.7697604; 107.1604; Before; 4.39826; null
27; Bicycle; Interference; Intention; 30.10.2023 11:35:09; 866.7458; 0.7697608; 107.1596; Before; 4.414255; null
27; Bicycle; Interference; Intention; 30.10.2023 11:35:09; 866.6741; 0.769761; 107.1586; Before; 4.432828; null
27; Bicycle; Interference; Intention; 30.10.2023 11:35:09; 866.5831; 0.769761; 107.1573; Before; 4.471223; null
27; Bicycle; Interference; Intention; 30.10.2023 11:35:09; 866.5352; 0.7697618; 107.1567; Before; 4.485108; null
27; Bicycle; Interference; Intention; 30.10.2023 11:35:09; 866.4857; 0.7697612; 107.156; Before; 4.500237; null
27; Bicycle; Interference; Intention; 30.10.2023 11:35:09; 866.4377; 0.7697616; 107.1553; Before; 4.515782; null
27; Bicycle; Interference; Intention; 30.10.2023 11:35:09; 866.3352; 0.7697617; 107.1538; Before; 4.546877; null
27; Bicycle; Interference; Intention; 30.10.2023 11:35:09; 866.2814; 0.7697617; 107.153; Before; 4.56235; null
27; Bicycle; Interference; Intention; 30.10.2023 11:35:09; 866.2244; 0.7697611; 107.1522; Before; 4.578752; null
27; Bicycle; Interference; Intention; 30.10.2023 11:35:09; 866.1528; 0.7697613; 107.1511; Before; 4.596062; null
27; Bicycle; Interference; Intention; 30.10.2023 11:35:09; 866.0908; 0.7697622; 107.1502; Before; 4.617642; null
27; Bicycle; Interference; Intention; 30.10.2023 11:35:09; 866.0353; 0.7697623; 107.1494; Before; 4.636135; null
27; Bicycle; Interference; Intention; 30.10.2023 11:35:09; 865.9329; 0.7697617; 107.1479; Before; 4.667239; null
27; Bicycle; Interference; Intention; 30.10.2023 11:35:09; 865.8801; 0.7697625; 107.1471; Before; 4.68269; null
27; Bicycle; Interference; Intention; 30.10.2023 11:35:09; 865.8197; 0.7697625; 107.1462; Before; 4.698062; null
27; Bicycle; Interference; Intention; 30.10.2023 11:35:09; 865.766; 0.769762; 107.1454; Before; 4.715538; null
27; Bicycle; Interference; Intention; 30.10.2023 11:35:09; 865.6978; 0.7697623; 107.1444; Before; 4.730979; null
27; Bicycle; Interference; Intention; 30.10.2023 11:35:09; 865.5988; 0.7697622; 107.1429; Before; 4.750468; null
27; Bicycle; Interference; Intention; 30.10.2023 11:35:09; 865.5305; 0.7697625; 107.1419; Before; 4.778493; null
27; Bicycle; Interference; Intention; 30.10.2023 11:35:09; 865.4744; 0.7697622; 107.1411; Before; 4.797694; null
27; Bicycle; Interference; Intention; 30.10.2023 11:35:10; 865.4063; 0.7697625; 107.1401; Before; 4.813392; null
27; Bicycle; Interference; Intention; 30.10.2023 11:35:10; 865.3417; 0.7697613; 107.1392; Before; 4.832276; null
27; Bicycle; Interference; Intention; 30.10.2023 11:35:10; 865.2289; 0.7697614; 107.1376; Before; 4.864792; null
27; Bicycle; Interference; Intention; 30.10.2023 11:35:10; 865.1635; 0.7697625; 107.1367; Before; 4.880965; null
27; Bicycle; Interference; Intention; 30.10.2023 11:35:10; 865.1035; 0.7697619; 107.1358; Before; 4.898716; null
27; Bicycle; Interference; Intention; 30.10.2023 11:35:10; 865.0238; 0.7697616; 107.1348; Before; 4.914931; null
27; Bicycle; Interference; Intention; 30.10.2023 11:35:10; 864.9589; 0.769762; 107.1339; Before; 4.936327; null
27; Bicycle; Interference; Intention; 30.10.2023 11:35:10; 864.8381; 0.7697611; 107.1323; Before; 4.969538; null
27; Bicycle; Interference; Intention; 30.10.2023 11:35:10; 864.7777; 0.7697613; 107.1315; Before; 4.985651; null
27; Bicycle; Interference; Intention; 30.10.2023 11:35:10; 864.7165; 0.7697608; 107.1307; Before; 5.001519; null
27; Bicycle; Interference; Intention; 30.10.2023 11:35:10; 864.6586; 0.7697613; 107.13; Before; 5.017542; null
27; Bicycle; Interference; Intention; 30.10.2023 11:35:10; 864.5398; 0.7697612; 107.1284; Before; 5.049078; null
27; Bicycle; Interference; Intention; 30.10.2023 11:35:10; 864.47; 0.7697618; 107.1275; Before; 5.063372; null
27; Bicycle; Interference; Intention; 30.10.2023 11:35:10; 864.3702; 0.7697605; 107.1262; Before; 5.081226; null
27; Bicycle; Interference; Intention; 30.10.2023 11:35:10; 864.3702; 0.7697605; 107.1262; Before; 5.081226; null
27; Bicycle; Interference; Intention; 30.10.2023 11:35:10; 864.2307; 0.7697604; 107.1244; Before; 5.125522; null
27; Bicycle; Interference; Intention; 30.10.2023 11:35:10; 864.1713; 0.7697611; 107.1236; Before; 5.140975; null
27; Bicycle; Interference; Intention; 30.10.2023 11:35:10; 864.1075; 0.7697613; 107.1227; Before; 5.155447; null
27; Bicycle; Interference; Intention; 30.10.2023 11:35:10; 863.9669; 0.7697616; 107.1209; Before; 5.186849; null
27; Bicycle; Interference; Intention; 30.10.2023 11:35:10; 863.9669; 0.7697616; 107.1209; Before; 5.186849; null
27; Bicycle; Interference; Intention; 30.10.2023 11:35:10; 863.8963; 0.7697613; 107.1199; Before; 5.204218; null
27; Bicycle; Interference; Intention; 30.10.2023 11:35:10; 863.799; 0.7697611; 107.1186; Before; 5.220708; null
27; Bicycle; Interference; Intention; 30.10.2023 11:35:10; 863.6167; 0.7697608; 107.1163; Before; 5.266462; null
27; Bicycle; Interference; Intention; 30.10.2023 11:35:10; 863.5335; 0.7697613; 107.1152; Before; 5.284405; null
27; Bicycle; Interference; Intention; 30.10.2023 11:35:10; 863.4625; 0.7697608; 107.1143; Before; 5.302915; null
27; Bicycle; Interference; Intention; 30.10.2023 11:35:10; 863.3785; 0.7697611; 107.1132; Before; 5.318542; null
27; Bicycle; Interference; Intention; 30.10.2023 11:35:10; 863.3082; 0.769761; 107.1123; Before; 5.336864; null
27; Bicycle; Interference; Intention; 30.10.2023 11:35:10; 863.1631; 0.769761; 107.1105; Before; 5.367389; null
27; Bicycle; Interference; Intention; 30.10.2023 11:35:10; 863.0922; 0.7697611; 107.1097; Before; 5.383039; null
27; Bicycle; Interference; Intention; 30.10.2023 11:35:10; 863.0922; 0.7697611; 107.1097; Before; 5.383039; null
27; Bicycle; Interference; Intention; 30.10.2023 11:35:10; 862.8983; 0.7697613; 107.1075; Before; 5.421561; null
27; Bicycle; Interference; Intention; 30.10.2023 11:35:10; 862.8356; 0.7697618; 107.1068; Before; 5.438301; null
27; Bicycle; Interference; Intention; 30.10.2023 11:35:10; 862.6857; 0.769762; 107.1052; Before; 5.465445; null
27; Bicycle; Interference; Intention; 30.10.2023 11:35:10; 862.6105; 0.7697616; 107.1045; Before; 5.481596; null
27; Bicycle; Interference; Intention; 30.10.2023 11:35:10; 862.5294; 0.7697973; 107.1037; Before; 5.496702; null
27; Bicycle; Interference; Intention; 30.10.2023 11:35:10; 862.4293; 0.7699525; 107.1029; Before; 5.51286; null
27; Bicycle; Interference; Intention; 30.10.2023 11:35:10; 862.3395; 0.7700508; 107.1021; Before; 5.532632; null
27; Bicycle; Interference; Intention; 30.10.2023 11:35:10; 862.2234; 0.7701371; 107.1012; Before; 5.550212; null
27; Bicycle; Interference; Intention; 30.10.2023 11:35:10; 862.1232; 0.7701825; 107.1005; Before; 5.572756; null
27; Bicycle; Interference; Intention; 30.10.2023 11:35:10; 862.0321; 0.7702065; 107.0999; Before; 5.592043; null
27; Bicycle; Interference; Intention; 30.10.2023 11:35:10; 861.952; 0.7702166; 107.0995; Before; 5.609442; null
27; Bicycle; Interference; Intention; 30.10.2023 11:35:10; 861.7621; 0.7702144; 107.0985; Before; 5.642665; null
27; Bicycle; Interference; Intention; 30.10.2023 11:35:10; 861.6777; 0.7702066; 107.0981; Before; 5.660281; null
27; Bicycle; Interference; Intention; 30.10.2023 11:35:10; 861.5654; 0.7701895; 107.0977; Before; 5.675967; null
27; Bicycle; Interference; Intention; 30.10.2023 11:35:10; 861.4835; 0.7701766; 107.0974; Before; 5.696686; null
27; Bicycle; Interference; Intention; 30.10.2023 11:35:10; 861.3199; 0.7701471; 107.097; Before; 5.711701; null
27; Bicycle; Interference; Intention; 30.10.2023 11:35:10; 861.2142; 0.7701287; 107.0968; Before; 5.741407; null
27; Bicycle; Interference; Intention; 30.10.2023 11:35:10; 861.1058; 0.7701111; 107.0966; Before; 5.76045; null
27; Bicycle; Interference; Intention; 30.10.2023 11:35:10; 860.9904; 0.7700927; 107.0964; Before; 5.779819; null
27; Bicycle; Interference; Intention; 30.10.2023 11:35:10; 860.9904; 0.7700927; 107.0964; Before; 5.779819; null
27; Bicycle; Interference; Intention; 30.10.2023 11:35:11; 860.8637; 0.7700753; 107.0963; Before; 5.800312; null
27; Bicycle; Interference; Intention; 30.10.2023 11:35:11; 860.7313; 0.7700586; 107.0963; Before; 5.822644; null
27; Bicycle; Interference; Intention; 30.10.2023 11:35:11; 860.6084; 0.7700453; 107.0963; Before; 5.845798; null
27; Bicycle; Interference; Intention; 30.10.2023 11:35:11; 860.424; 0.7700276; 107.0963; Before; 5.867121; null
27; Bicycle; Interference; Intention; 30.10.2023 11:35:11; 860.3066; 0.7700188; 107.0964; Before; 5.89886; null
27; Bicycle; Interference; Intention; 30.10.2023 11:35:11; 860.2074; 0.7700127; 107.0964; Before; 5.918867; null
27; Bicycle; Interference; Intention; 30.10.2023 11:35:11; 860.0882; 0.7700063; 107.0965; Before; 5.935702; null
27; Bicycle; Interference; Intention; 30.10.2023 11:35:11; 859.9498; 0.7700008; 107.0965; Before; 5.9558; null
27; Bicycle; Interference; Intention; 30.10.2023 11:35:11; 859.8184; 0.7699969; 107.0965; Before; 5.978984; null
27; Bicycle; Interference; Intention; 30.10.2023 11:35:11; 859.8184; 0.7699969; 107.0965; Before; 5.978984; null
27; Bicycle; Interference; Intention; 30.10.2023 11:35:11; 859.6862; 0.7699933; 107.0965; Before; 6.000867; null
27; Bicycle; Interference; Intention; 30.10.2023 11:35:11; 859.4962; 0.7699902; 107.0964; Before; 6.022723; null
27; Bicycle; Interference; Intention; 30.10.2023 11:35:11; 859.3955; 0.7699894; 107.0963; Before; 6.05392; null
27; Bicycle; Interference; Intention; 30.10.2023 11:35:11; 859.2802; 0.7699882; 107.0961; Before; 6.070311; null
27; Bicycle; Interference; Intention; 30.10.2023 11:35:11; 859.1381; 0.7699871; 107.0958; Before; 6.089033; null
27; Bicycle; Interference; Intention; 30.10.2023 11:35:11; 859.0063; 0.7699866; 107.0955; Before; 6.111958; null
27; Bicycle; Interference; Intention; 30.10.2023 11:35:11; 858.8685; 0.7699866; 107.0952; Before; 6.13308; null
27; Bicycle; Interference; Intention; 30.10.2023 11:35:11; 858.7705; 0.7699866; 107.0949; Before; 6.155062; null
27; Bicycle; Interference; Intention; 30.10.2023 11:35:11; 858.6522; 0.7699864; 107.0946; Before; 6.170618; null
27; Bicycle; Interference; Intention; 30.10.2023 11:35:11; 858.466; 0.769986; 107.094; Before; 6.189316; null
27; Bicycle; Interference; Intention; 30.10.2023 11:35:11; 858.3569; 0.7699869; 107.0936; Before; 6.218571; null
27; Bicycle; Interference; Intention; 30.10.2023 11:35:11; 858.2544; 0.7699867; 107.0933; Before; 6.235611; null
27; Bicycle; Interference; Intention; 30.10.2023 11:35:11; 858.0494; 0.7699866; 107.0926; Before; 6.266169; null
27; Bicycle; Interference; Intention; 30.10.2023 11:35:11; 857.9525; 0.7699865; 107.0922; Before; 6.283273; null
27; Bicycle; Interference; Intention; 30.10.2023 11:35:11; 857.8427; 0.7699864; 107.0918; Before; 6.298205; null
27; Bicycle; Interference; Intention; 30.10.2023 11:35:11; 857.7178; 0.7699871; 107.0914; Before; 6.31504; null
27; Bicycle; Interference; Intention; 30.10.2023 11:35:11; 857.6089; 0.7699869; 107.091; Before; 6.334114; null
27; Bicycle; Interference; Intention; 30.10.2023 11:35:11; 857.3788; 0.7699867; 107.0902; Before; 6.370893; null
27; Bicycle; Interference; Intention; 30.10.2023 11:35:11; 857.2856; 0.7699871; 107.0899; Before; 6.385486; null
27; Bicycle; Interference; Intention; 30.10.2023 11:35:11; 857.1815; 0.7699872; 107.0896; Before; 6.39951; null
27; Bicycle; Interference; Intention; 30.10.2023 11:35:11; 857.0906; 0.7699866; 107.0893; Before; 6.415127; null
27; Bicycle; Interference; Intention; 30.10.2023 11:35:11; 856.8934; 0.7699871; 107.0887; Before; 6.442727; null
27; Bicycle; Interference; Intention; 30.10.2023 11:35:11; 856.8049; 0.7699872; 107.0885; Before; 6.458094; null
27; Bicycle; Interference; Intention; 30.10.2023 11:35:11; 856.5663; 0.7699872; 107.0878; Before; 6.48695; null
27; Bicycle; Interference; Intention; 30.10.2023 11:35:11; 856.5663; 0.7699872; 107.0878; Before; 6.48695; null
27; Bicycle; Interference; Intention; 30.10.2023 11:35:11; 856.4236; 0.7699865; 107.0874; Before; 6.506413; null
27; Bicycle; Interference; Intention; 30.10.2023 11:35:11; 856.2158; 0.7699873; 107.0868; Before; 6.542232; null
27; Bicycle; Interference; Intention; 30.10.2023 11:35:11; 856.0342; 0.7699865; 107.0863; Before; 6.570152; null
27; Bicycle; Interference; Intention; 30.10.2023 11:35:11; 855.9087; 0.7699869; 107.086; Before; 6.584089; null
27; Bicycle; Interference; Intention; 30.10.2023 11:35:11; 855.7892; 0.7699864; 107.0856; Before; 6.602253; null
27; Bicycle; Interference; Intention; 30.10.2023 11:35:11; 855.6832; 0.769986; 107.0852; Before; 6.61948; null
27; Bicycle; Interference; Intention; 30.10.2023 11:35:11; 855.4801; 0.7699854; 107.0845; Before; 6.649512; null
27; Bicycle; Interference; Intention; 30.10.2023 11:35:11; 855.4801; 0.7699854; 107.0845; Before; 6.649512; null
27; Bicycle; Interference; Intention; 30.10.2023 11:35:11; 855.1881; 0.7699864; 107.0833; Before; 6.688083; null
27; Bicycle; Interference; Intention; 30.10.2023 11:35:11; 855.1881; 0.7699864; 107.0833; Before; 6.688083; null
27; Bicycle; Interference; Intention; 30.10.2023 11:35:11; 854.9568; 0.7699866; 107.0822; Before; 6.721853; null
27; Bicycle; Interference; Intention; 30.10.2023 11:35:11; 854.8658; 0.7699869; 107.0817; Before; 6.738157; null
27; Bicycle; Interference; Intention; 30.10.2023 11:35:11; 854.6411; 0.7699877; 107.0804; Before; 6.76576; null
27; Bicycle; Interference; Intention; 30.10.2023 11:35:11; 854.5326; 0.7699871; 107.0797; Before; 6.782557; null
27; Bicycle; Interference; Intention; 30.10.2023 11:35:11; 854.4181; 0.7699878; 107.079; Before; 6.79775; null
27; Bicycle; Interference; Intention; 30.10.2023 11:35:12; 854.2985; 0.7699882; 107.0782; Before; 6.813736; null
27; Bicycle; Interference; Intention; 30.10.2023 11:35:12; 854.1175; 0.7699883; 107.0769; Before; 6.830421; null
27; Bicycle; Interference; Intention; 30.10.2023 11:35:12; 853.9806; 0.7699875; 107.0759; Before; 6.855548; null
27; Bicycle; Interference; Intention; 30.10.2023 11:35:12; 853.7622; 0.7699879; 107.0742; Before; 6.889477; null
27; Bicycle; Interference; Intention; 30.10.2023 11:35:12; 853.7622; 0.7699879; 107.0742; Before; 6.889477; null
27; Bicycle; Interference; Intention; 30.10.2023 11:35:12; 853.5243; 0.7699872; 107.0724; Before; 6.920139; null
27; Bicycle; Interference; Intention; 30.10.2023 11:35:12; 853.4288; 0.7699871; 107.0716; Before; 6.937308; null
27; Bicycle; Interference; Intention; 30.10.2023 11:35:12; 853.1861; 0.7699866; 107.0697; Before; 6.966647; null
27; Bicycle; Interference; Intention; 30.10.2023 11:35:12; 853.1861; 0.7699866; 107.0697; Before; 6.966647; null
27; Bicycle; Interference; Intention; 30.10.2023 11:35:12; 852.9853; 0.7699871; 107.0682; Before; 6.983526; null
27; Bicycle; Interference; Intention; 30.10.2023 11:35:12; 852.8496; 0.7699862; 107.0671; Before; 7.010835; null
27; Bicycle; Interference; Intention; 30.10.2023 11:35:12; 852.7089; 0.7699864; 107.066; Before; 7.029214; null
27; Bicycle; Interference; Intention; 30.10.2023 11:35:12; 852.4557; 0.7699869; 107.0641; Before; 7.066007; null
27; Bicycle; Interference; Intention; 30.10.2023 11:35:12; 852.3372; 0.7699875; 107.0633; Before; 7.082362; null
27; Bicycle; Interference; Intention; 30.10.2023 11:35:12; 852.2218; 0.7699869; 107.0625; Before; 7.098286; null
27; Bicycle; Interference; Intention; 30.10.2023 11:35:12; 852.0677; 0.769987; 107.0614; Before; 7.113759; null
27; Bicycle; Interference; Intention; 30.10.2023 11:35:12; 852.0677; 0.769987; 107.0614; Before; 7.113759; null
27; Bicycle; Interference; Intention; 30.10.2023 11:35:12; 851.6874; 0.7699863; 107.0588; Before; 7.165519; null
27; Bicycle; Interference; Intention; 30.10.2023 11:35:12; 851.5818; 0.7699865; 107.0581; Before; 7.185143; null
27; Bicycle; Interference; Intention; 30.10.2023 11:35:12; 851.4664; 0.7699869; 107.0574; Before; 7.199196; null
27; Bicycle; Interference; Intention; 30.10.2023 11:35:12; 851.2604; 0.7699871; 107.056; Before; 7.228126; null
27; Bicycle; Interference; Intention; 30.10.2023 11:35:12; 851.1452; 0.7699876; 107.0552; Before; 7.241847; null
27; Bicycle; Interference; Intention; 30.10.2023 11:35:12; 850.9873; 0.7699881; 107.0541; Before; 7.257093; null
27; Bicycle; Interference; Intention; 30.10.2023 11:35:12; 850.847; 0.769987; 107.0531; Before; 7.277964; null
27; Bicycle; Interference; Intention; 30.10.2023 11:35:12; 850.675; 0.7699869; 107.0519; Before; 7.296489; null
27; Bicycle; Interference; Intention; 30.10.2023 11:35:12; 850.5397; 0.7699871; 107.0509; Before; 7.319126; null
27; Bicycle; Interference; Intention; 30.10.2023 11:35:12; 850.4073; 0.7699873; 107.0499; Before; 7.336917; null
27; Bicycle; Interference; Intention; 30.10.2023 11:35:12; 850.1752; 0.7699866; 107.048; Before; 7.370956; null
27; Bicycle; Interference; Intention; 30.10.2023 11:35:12; 850.0654; 0.7699871; 107.0471; Before; 7.384737; null
27; Bicycle; Interference; Intention; 30.10.2023 11:35:12; 849.9401; 0.7699869; 107.0461; Before; 7.39908; null
27; Bicycle; Interference; Intention; 30.10.2023 11:35:12; 849.8254; 0.7699873; 107.0451; Before; 7.415469; null
27; Bicycle; Interference; Intention; 30.10.2023 11:35:12; 849.6907; 0.7699878; 107.044; Before; 7.430429; null
27; Bicycle; Interference; Intention; 30.10.2023 11:35:12; 849.5067; 0.7699882; 107.0424; Before; 7.447998; null
27; Bicycle; Interference; Intention; 30.10.2023 11:35:12; 849.2522; 0.7699883; 107.0401; Before; 7.490517; null
27; Bicycle; Interference; Intention; 30.10.2023 11:35:12; 849.1398; 0.7699878; 107.0391; Before; 7.504992; null
27; Bicycle; Interference; Intention; 30.10.2023 11:35:12; 849.0253; 0.7699887; 107.0381; Before; 7.519572; null
27; Bicycle; Interference; Intention; 30.10.2023 11:35:12; 848.7952; 0.7699881; 107.0362; Before; 7.549622; null
27; Bicycle; Interference; Intention; 30.10.2023 11:35:12; 848.6797; 0.7699879; 107.0352; Before; 7.564128; null
27; Bicycle; Interference; Intention; 30.10.2023 11:35:12; 848.5566; 0.7699876; 107.0342; Before; 7.579043; null
27; Bicycle; Interference; Intention; 30.10.2023 11:35:12; 848.4482; 0.7699882; 107.0333; Before; 7.594926; null
27; Bicycle; Interference; Intention; 30.10.2023 11:35:12; 848.2616; 0.7699871; 107.0318; Before; 7.608894; null
27; Bicycle; Interference; Intention; 30.10.2023 11:35:12; 848.1373; 0.7699869; 107.0308; Before; 7.632934; null
27; Bicycle; Interference; Intention; 30.10.2023 11:35:12; 847.8675; 0.7699866; 107.0287; Before; 7.665659; null
27; Bicycle; Interference; Intention; 30.10.2023 11:35:12; 847.7496; 0.769987; 107.0279; Before; 7.683626; null
27; Bicycle; Interference; Intention; 30.10.2023 11:35:12; 847.6246; 0.7699866; 107.027; Before; 7.698774; null
27; Bicycle; Interference; Intention; 30.10.2023 11:35:12; 847.501; 0.769986; 107.0261; Before; 7.714807; null
27; Bicycle; Interference; Intention; 30.10.2023 11:35:12; 847.2507; 0.7699865; 107.0244; Before; 7.745403; null
27; Bicycle; Interference; Intention; 30.10.2023 11:35:12; 847.2507; 0.7699865; 107.0244; Before; 7.745403; null
27; Bicycle; Interference; Intention; 30.10.2023 11:35:12; 846.936; 0.7699872; 107.0224; Before; 7.787037; null
27; Bicycle; Interference; Intention; 30.10.2023 11:35:13; 846.8139; 0.7699869; 107.0216; Before; 7.803061; null
27; Bicycle; Interference; Intention; 30.10.2023 11:35:13; 846.6825; 0.7699876; 107.0208; Before; 7.81868; null
27; Bicycle; Interference; Intention; 30.10.2023 11:35:13; 846.5519; 0.7699875; 107.02; Before; 7.835477; null
27; Bicycle; Interference; Intention; 30.10.2023 11:35:13; 846.312; 0.7699872; 107.0184; Before; 7.866496; null
27; Bicycle; Interference; Intention; 30.10.2023 11:35:13; 846.185; 0.7699878; 107.0175; Before; 7.882811; null
27; Bicycle; Interference; Intention; 30.10.2023 11:35:13; 846.0642; 0.7699876; 107.0167; Before; 7.899004; null
27; Bicycle; Interference; Intention; 30.10.2023 11:35:13; 845.8906; 0.7699877; 107.0155; Before; 7.914411; null
27; Bicycle; Interference; Intention; 30.10.2023 11:35:13; 845.7769; 0.7699876; 107.0147; Before; 7.936549; null
27; Bicycle; Interference; Intention; 30.10.2023 11:35:13; 845.5273; 0.769989; 107.0129; Before; 7.96648; null
27; Bicycle; Interference; Intention; 30.10.2023 11:35:13; 845.4143; 0.7699885; 107.012; Before; 7.982812; null
27; Bicycle; Interference; Intention; 30.10.2023 11:35:13; 845.3054; 0.7699885; 107.0112; Before; 7.997184; null
27; Bicycle; Interference; Intention; 30.10.2023 11:35:13; 845.0646; 0.7699871; 107.0093; Before; 8.026632; null
27; Bicycle; Interference; Intention; 30.10.2023 11:35:13; 844.9478; 0.7699878; 107.0084; Before; 8.041648; null
27; Bicycle; Interference; Intention; 30.10.2023 11:35:13; 844.8097; 0.7699878; 107.0073; Before; 8.056483; null
27; Bicycle; Interference; Intention; 30.10.2023 11:35:13; 844.6138; 0.7699882; 107.0058; Before; 8.074015; null
27; Bicycle; Interference; Intention; 30.10.2023 11:35:13; 844.4776; 0.7699878; 107.0047; Before; 8.098857; null
27; Bicycle; Interference; Intention; 30.10.2023 11:35:13; 844.3597; 0.7699875; 107.0038; Before; 8.116101; null
27; Bicycle; Interference; Intention; 30.10.2023 11:35:13; 844.1212; 0.7699877; 107.0019; Before; 8.145999; null
27; Bicycle; Interference; Intention; 30.10.2023 11:35:13; 844.0112; 0.7699871; 107.001; Before; 8.161189; null
27; Bicycle; Interference; Intention; 30.10.2023 11:35:13; 843.7532; 0.7699872; 106.9991; Before; 8.188718; null
27; Bicycle; Interference; Intention; 30.10.2023 11:35:13; 843.7532; 0.7699872; 106.9991; Before; 8.188718; null
27; Bicycle; Interference; Intention; 30.10.2023 11:35:13; 843.4941; 0.7699866; 106.9972; Before; 8.223086; null
27; Bicycle; Interference; Intention; 30.10.2023 11:35:13; 843.311; 0.7699863; 106.9958; Before; 8.24019; null
27; Bicycle; Interference; Intention; 30.10.2023 11:35:13; 843.1857; 0.7699871; 106.9949; Before; 8.263197; null
27; Bicycle; Interference; Intention; 30.10.2023 11:35:13; 843.0509; 0.7699873; 106.994; Before; 8.27893; null
27; Bicycle; Interference; Intention; 30.10.2023 11:35:13; 842.9041; 0.7699875; 106.993; Before; 8.29584; null
27; Bicycle; Interference; Intention; 30.10.2023 11:35:13; 842.7528; 0.7699873; 106.992; Before; 8.314233; null
27; Bicycle; Interference; Intention; 30.10.2023 11:35:13; 842.5076; 0.7699859; 106.9903; Before; 8.349855; null
27; Bicycle; Interference; Intention; 30.10.2023 11:35:13; 842.3684; 0.7699859; 106.9894; Before; 8.363814; null
27; Bicycle; Interference; Intention; 30.10.2023 11:35:13; 842.2495; 0.7699856; 106.9886; Before; 8.38119; null
27; Bicycle; Interference; Intention; 30.10.2023 11:35:13; 842.0893; 0.7699853; 106.9875; Before; 8.396018; null
27; Bicycle; Interference; Intention; 30.10.2023 11:35:13; 841.9689; 0.769985; 106.9867; Before; 8.415982; null
27; Bicycle; Interference; Intention; 30.10.2023 11:35:13; 841.7314; 0.7699865; 106.985; Before; 8.444932; null
27; Bicycle; Interference; Intention; 30.10.2023 11:35:13; 841.6019; 0.7699878; 106.984; Before; 8.460512; null
27; Bicycle; Interference; Intention; 30.10.2023 11:35:13; 841.4448; 0.7699875; 106.9828; Before; 8.476604; null
27; Bicycle; Interference; Intention; 30.10.2023 11:35:13; 841.3289; 0.7699883; 106.9819; Before; 8.496117; null
27; Bicycle; Interference; Intention; 30.10.2023 11:35:13; 841.1802; 0.7699878; 106.9807; Before; 8.510486; null
27; Bicycle; Interference; Intention; 30.10.2023 11:35:13; 840.9316; 0.7699878; 106.9787; Before; 8.54499; null
27; Bicycle; Interference; Intention; 30.10.2023 11:35:13; 840.7426; 0.7699877; 106.9772; Before; 8.559697; null
27; Bicycle; Interference; Intention; 30.10.2023 11:35:13; 840.6043; 0.7699876; 106.976; Before; 8.583086; null
27; Bicycle; Interference; Intention; 30.10.2023 11:35:13; 840.4746; 0.7699869; 106.9749; Before; 8.60018; null
27; Bicycle; Interference; Intention; 30.10.2023 11:35:13; 840.3384; 0.7699871; 106.9737; Before; 8.616208; null
27; Bicycle; Interference; Intention; 30.10.2023 11:35:13; 840.2139; 0.769987; 106.9727; Before; 8.633048; null
27; Bicycle; Interference; Intention; 30.10.2023 11:35:13; 839.9468; 0.7699869; 106.9704; Before; 8.66542; null
27; Bicycle; Interference; Intention; 30.10.2023 11:35:13; 839.8326; 0.7699864; 106.9694; Before; 8.681463; null
27; Bicycle; Interference; Intention; 30.10.2023 11:35:13; 839.7158; 0.7699875; 106.9684; Before; 8.69558; null
27; Bicycle; Interference; Intention; 30.10.2023 11:35:13; 839.5327; 0.7699876; 106.9669; Before; 8.71003; null
27; Bicycle; Interference; Intention; 30.10.2023 11:35:13; 839.2983; 0.7699867; 106.965; Before; 8.748409; null
27; Bicycle; Interference; Intention; 30.10.2023 11:35:13; 839.1781; 0.7699877; 106.964; Before; 8.761701; null
27; Bicycle; Interference; Intention; 30.10.2023 11:35:13; 838.9392; 0.7699873; 106.9621; Before; 8.792368; null
27; Bicycle; Interference; Intention; 30.10.2023 11:35:14; 838.8324; 0.7699872; 106.9613; Before; 8.80617; null
27; Bicycle; Interference; Intention; 30.10.2023 11:35:14; 838.6885; 0.7699873; 106.9602; Before; 8.819409; null
27; Bicycle; Interference; Intention; 30.10.2023 11:35:14; 838.545; 0.7699876; 106.9591; Before; 8.837244; null
27; Bicycle; Interference; Intention; 30.10.2023 11:35:14; 838.3766; 0.7699872; 106.9579; Before; 8.855009; null
27; Bicycle; Interference; Intention; 30.10.2023 11:35:14; 838.1998; 0.7699871; 106.9565; Before; 8.875889; null
27; Bicycle; Interference; Intention; 30.10.2023 11:35:14; 838.0817; 0.7699878; 106.9557; Before; 8.897819; null
27; Bicycle; Interference; Intention; 30.10.2023 11:35:14; 837.844; 0.769987; 106.9539; Before; 8.928462; null
27; Bicycle; Interference; Intention; 30.10.2023 11:35:14; 837.7223; 0.7699871; 106.953; Before; 8.941956; null
27; Bicycle; Interference; Intention; 30.10.2023 11:35:14; 837.4859; 0.7699873; 106.9512; Before; 8.97172; null
27; Bicycle; Interference; Intention; 30.10.2023 11:35:14; 837.3712; 0.7699883; 106.9503; Before; 8.986406; null
27; Bicycle; Interference; Intention; 30.10.2023 11:35:14; 837.2174; 0.7699881; 106.9492; Before; 9.000649; null
27; Bicycle; Interference; Intention; 30.10.2023 11:35:14; 837.1018; 0.7699887; 106.9482; Before; 9.019748; null
27; Bicycle; Interference; Intention; 30.10.2023 11:35:14; 836.9014; 0.7699888; 106.9466; Before; 9.034098; null
27; Bicycle; Interference; Intention; 30.10.2023 11:35:14; 836.7687; 0.7699881; 106.9455; Before; 9.059; null
27; Bicycle; Interference; Intention; 30.10.2023 11:35:14; 836.512; 0.7699876; 106.9434; Before; 9.090579; null
27; Bicycle; Interference; Intention; 30.10.2023 11:35:14; 836.512; 0.7699876; 106.9434; Before; 9.090579; null
27; Bicycle; Interference; Intention; 30.10.2023 11:35:14; 836.2439; 0.7699878; 106.941; Before; 9.122916; null
27; Bicycle; Interference; Intention; 30.10.2023 11:35:14; 836.1088; 0.7699881; 106.9399; Before; 9.140792; null
27; Bicycle; Interference; Intention; 30.10.2023 11:35:14; 835.9479; 0.7699878; 106.9385; Before; 9.157643; null
27; Bicycle; Interference; Intention; 30.10.2023 11:35:14; 835.7775; 0.7699883; 106.9369; Before; 9.177726; null
27; Bicycle; Interference; Intention; 30.10.2023 11:35:14; 835.7775; 0.7699883; 106.9369; Before; 9.177726; null
27; Bicycle; Interference; Intention; 30.10.2023 11:35:14; 835.5433; 0.7699877; 106.9349; Before; 9.199022; null
27; Bicycle; Interference; Intention; 30.10.2023 11:35:14; 835.407; 0.7699878; 106.9337; Before; 9.228359; null
27; Bicycle; Interference; Intention; 30.10.2023 11:35:14; 835.2435; 0.7699879; 106.9322; Before; 9.245456; null
27; Bicycle; Interference; Intention; 30.10.2023 11:35:14; 835.0643; 0.7699881; 106.9306; Before; 9.265999; null
27; Bicycle; Interference; Intention; 30.10.2023 11:35:14; 834.884; 0.7699877; 106.929; Before; 9.288538; null
27; Bicycle; Interference; Intention; 30.10.2023 11:35:14; 834.7186; 0.7699881; 106.9276; Before; 9.311249; null
27; Bicycle; Interference; Intention; 30.10.2023 11:35:14; 834.545; 0.7699878; 106.9261; Before; 9.332097; null
27; Bicycle; Interference; Intention; 30.10.2023 11:35:14; 834.296; 0.7699878; 106.9239; Before; 9.354034; null
27; Bicycle; Interference; Intention; 30.10.2023 11:35:14; 834.1597; 0.7699884; 106.9228; Before; 9.385537; null
27; Bicycle; Interference; Intention; 30.10.2023 11:35:14; 834.1597; 0.7699884; 106.9228; Before; 9.385537; null
27; Bicycle; Interference; Intention; 30.10.2023 11:35:14; 834.0193; 0.7699885; 106.9216; Before; 9.402816; null
27; Bicycle; Interference; Intention; 30.10.2023 11:35:14; 833.8419; 0.7699884; 106.92; Before; 9.420613; null
27; Bicycle; Interference; Intention; 30.10.2023 11:35:14; 833.6697; 0.7699877; 106.9186; Before; 9.443124; null
27; Bicycle; Interference; Intention; 30.10.2023 11:35:14; 833.4786; 0.7699871; 106.9169; Before; 9.46501; null
27; Bicycle; Interference; Intention; 30.10.2023 11:35:14; 833.322; 0.7699875; 106.9156; Before; 9.489329; null
27; Bicycle; Interference; Intention; 30.10.2023 11:35:14; 833.0901; 0.7699859; 106.9135; Before; 9.509291; null
27; Bicycle; Interference; Intention; 30.10.2023 11:35:14; 832.9628; 0.7699859; 106.9124; Before; 9.538889; null
27; Bicycle; Interference; Intention; 30.10.2023 11:35:14; 832.7985; 0.7699862; 106.9109; Before; 9.555163; null
27; Bicycle; Interference; Intention; 30.10.2023 11:35:14; 832.6244; 0.7699869; 106.9092; Before; 9.576161; null
27; Bicycle; Interference; Intention; 30.10.2023 11:35:14; 832.6244; 0.7699869; 106.9092; Before; 9.576161; null
27; Bicycle; Interference; Intention; 30.10.2023 11:35:14; 832.4561; 0.7699866; 106.9077; Before; 9.598471; null
27; Bicycle; Interference; Intention; 30.10.2023 11:35:14; 832.1359; 0.7699871; 106.9045; Before; 9.642602; null
27; Bicycle; Interference; Intention; 30.10.2023 11:35:14; 832.1359; 0.7699871; 106.9045; Before; 9.642602; null
27; Bicycle; Interference; Intention; 30.10.2023 11:35:14; 831.7806; 0.7699871; 106.901; Before; 9.689106; null
27; Bicycle; Interference; Intention; 30.10.2023 11:35:14; 831.7806; 0.7699871; 106.901; Before; 9.689106; null
27; Bicycle; Interference; Intention; 30.10.2023 11:35:14; 831.5514; 0.7699877; 106.8986; Before; 9.722205; null
27; Bicycle; Interference; Intention; 30.10.2023 11:35:14; 831.4097; 0.7699884; 106.8971; Before; 9.737394; null
27; Bicycle; Interference; Intention; 30.10.2023 11:35:14; 831.2893; 0.7699878; 106.8958; Before; 9.755938; null
27; Bicycle; Interference; Intention; 30.10.2023 11:35:14; 831.0483; 0.7699878; 106.8932; Before; 9.787475; null
27; Bicycle; Interference; Intention; 30.10.2023 11:35:15; 830.9357; 0.7699876; 106.892; Before; 9.803465; null
27; Bicycle; Interference; Intention; 30.10.2023 11:35:15; 830.7697; 0.7699869; 106.8902; Before; 9.818341; null
27; Bicycle; Interference; Intention; 30.10.2023 11:35:15; 830.6499; 0.7699873; 106.8889; Before; 9.840322; null
27; Bicycle; Interference; Intention; 30.10.2023 11:35:15; 830.4337; 0.7699867; 106.8865; Before; 9.870467; null
27; Bicycle; Interference; Intention; 30.10.2023 11:35:15; 830.321; 0.7699869; 106.8852; Before; 9.885024; null
27; Bicycle; Interference; Intention; 30.10.2023 11:35:15; 830.1842; 0.7699869; 106.8837; Before; 9.900064; null
27; Bicycle; Interference; Intention; 30.10.2023 11:35:15; 830.0819; 0.7699873; 106.8826; Before; 9.918378; null
27; Bicycle; Interference; Intention; 30.10.2023 11:35:15; 829.8647; 0.7699875; 106.8801; Before; 9.948099; null
27; Bicycle; Interference; Intention; 30.10.2023 11:35:15; 829.7234; 0.7699876; 106.8785; Before; 9.961314; null
27; Bicycle; Interference; Intention; 30.10.2023 11:35:15; 829.5163; 0.7699866; 106.8761; Before; 9.980388; null
27; Bicycle; Interference; Intention; 30.10.2023 11:35:15; 829.5163; 0.7699866; 106.8761; Before; 9.980388; null
27; Bicycle; Interference; Intention; 30.10.2023 11:35:15; 829.3837; 0.7699869; 106.8746; Before; 10.00841; null
27; Bicycle; Interference; Intention; 30.10.2023 11:35:15; 829.1464; 0.7699869; 106.8719; Before; 10.0426; null
27; Bicycle; Interference; Intention; 30.10.2023 11:35:15; 829.029; 0.7699869; 106.8705; Before; 10.05873; null
27; Bicycle; Interference; Intention; 30.10.2023 11:35:15; 828.8167; 0.7699872; 106.868; Before; 10.08914; null
27; Bicycle; Interference; Intention; 30.10.2023 11:35:15; 828.7231; 0.7699871; 106.8668; Before; 10.10481; null
27; Bicycle; Interference; Intention; 30.10.2023 11:35:15; 828.6234; 0.7699885; 106.8656; Before; 10.11845; null
27; Bicycle; Interference; Intention; 30.10.2023 11:35:15; 828.4551; 0.7699882; 106.8636; Before; 10.13339; null
27; Bicycle; Interference; Intention; 30.10.2023 11:35:15; 828.3411; 0.7699882; 106.8622; Before; 10.15961; null
27; Bicycle; Interference; Intention; 30.10.2023 11:35:15; 828.2361; 0.7699876; 106.8609; Before; 10.17815; null
27; Bicycle; Interference; Intention; 30.10.2023 11:35:15; 828.1514; 0.7699881; 106.8598; Before; 10.19584; null
27; Bicycle; Interference; Intention; 30.10.2023 11:35:15; 828.0693; 0.7699885; 106.8588; Before; 10.2106; null
27; Bicycle; Interference; Intention; 30.10.2023 11:35:15; 827.8969; 0.7699885; 106.8566; Before; 10.24314; null
27; Bicycle; Interference; Intention; 30.10.2023 11:35:15; 827.7585; 0.7699089; 106.8548; Before; 10.27207; null
27; Bicycle; Interference; Intention; 30.10.2023 11:35:15; 827.657; 0.7697742; 106.8535; Before; 10.28598; null
27; Bicycle; Interference; Intention; 30.10.2023 11:35:15; 827.657; 0.7697742; 106.8535; Before; 10.28598; null
27; Bicycle; Interference; Intention; 30.10.2023 11:35:15; 827.5175; 0.7696438; 106.8517; Before; 10.32377; null
27; Bicycle; Interference; Intention; 30.10.2023 11:35:15; 827.4643; 0.7696087; 106.851; Before; 10.33981; null
27; Bicycle; Interference; Intention; 30.10.2023 11:35:15; 827.3403; 0.7695576; 106.8493; Before; 10.36883; null
27; Bicycle; Interference; Intention; 30.10.2023 11:35:15; 827.2832; 0.769546; 106.8485; Before; 10.38485; null
27; Bicycle; Interference; Intention; 30.10.2023 11:35:15; 827.2278; 0.769541; 106.8478; Before; 10.40068; null
27; Bicycle; Interference; Intention; 30.10.2023 11:35:15; 827.1859; 0.7695414; 106.8472; Before; 10.41681; null
27; Bicycle; Interference; Intention; 30.10.2023 11:35:15; 827.1416; 0.7695453; 106.8466; Before; 10.42955; null
27; Bicycle; Interference; Intention; 30.10.2023 11:35:15; 827.0198; 0.7695706; 106.8449; Before; 10.46863; null
27; Bicycle; Interference; Intention; 30.10.2023 11:35:15; 826.982; 0.769583; 106.8443; Before; 10.48646; null
27; Bicycle; Interference; Intention; 30.10.2023 11:35:15; 826.9449; 0.7695956; 106.8438; Before; 10.50138; null
27; Bicycle; Interference; Intention; 30.10.2023 11:35:15; 826.9132; 0.7696075; 106.8434; Before; 10.5169; null
27; Bicycle; Interference; Intention; 30.10.2023 11:35:15; 826.8533; 0.769634; 106.8425; Before; 10.54496; null
27; Bicycle; Interference; Intention; 30.10.2023 11:35:15; 826.8207; 0.7696495; 106.842; Before; 10.56079; null
27; Bicycle; Interference; Intention; 30.10.2023 11:35:15; 826.7979; 0.7696604; 106.8417; Before; 10.57916; null
27; Bicycle; Interference; Intention; 30.10.2023 11:35:15; 826.7719; 0.7696739; 106.8413; Before; 10.59333; null
27; Bicycle; Interference; Intention; 30.10.2023 11:35:15; 826.742; 0.7696904; 106.8409; Before; 10.61117; null
27; Bicycle; Interference; Intention; 30.10.2023 11:35:15; 826.7133; 0.769707; 106.8405; Before; 10.65043; null
27; Bicycle; Interference; Intention; 30.10.2023 11:35:15; 826.7021; 0.7697146; 106.8403; Before; 10.66383; null
27; Bicycle; Interference; Intention; 30.10.2023 11:35:15; 826.686; 0.7697269; 106.8401; Before; 10.6916; null
27; Bicycle; Interference; Intention; 30.10.2023 11:35:15; 826.6803; 0.7697324; 106.84; Before; 10.70553; null
27; Bicycle; Interference; Intention; 30.10.2023 11:35:15; 826.6769; 0.7697372; 106.8399; Before; 10.71989; null
27; Bicycle; Interference; Intention; 30.10.2023 11:35:15; 826.6742; 0.7697463; 106.8399; Before; 10.74878; null
27; Bicycle; Interference; Intention; 30.10.2023 11:35:15; 826.6742; 0.7697463; 106.8399; Before; 10.74878; null
27; Bicycle; Interference; Intention; 30.10.2023 11:35:15; 826.674; 0.7697567; 106.8399; Before; 10.78876; null
27; Bicycle; Interference; Intention; 30.10.2023 11:35:15; 826.674; 0.7697567; 106.8399; Before; 10.78876; null
27; Bicycle; Interference; Intention; 30.10.2023 11:35:16; 826.674; 0.7697616; 106.8399; Before; 10.82179; null
27; Bicycle; Interference; Intention; 30.10.2023 11:35:16; 826.674; 0.769763; 106.8399; Before; 10.83732; null
27; Bicycle; Interference; Intention; 30.10.2023 11:35:16; 826.674; 0.7697659; 106.84; Before; 10.86633; null
27; Bicycle; Interference; Intention; 30.10.2023 11:35:16; 826.674; 0.769767; 106.84; Before; 10.88211; null
27; Bicycle; Interference; Intention; 30.10.2023 11:35:16; 826.674; 0.7697682; 106.84; Before; 10.89766; null
27; Bicycle; Interference; Intention; 30.10.2023 11:35:16; 826.674; 0.7697688; 106.84; Before; 10.91162; null
27; Bicycle; Interference; Intention; 30.10.2023 11:35:16; 826.674; 0.76977; 106.84; Before; 10.92828; null
27; Bicycle; Interference; Intention; 30.10.2023 11:35:16; 826.674; 0.7697706; 106.84; Before; 10.96956; null
27; Bicycle; Interference; Intention; 30.10.2023 11:35:16; 826.674; 0.7697711; 106.84; Before; 10.98554; null
27; Bicycle; Interference; Intention; 30.10.2023 11:35:16; 826.674; 0.7697705; 106.8401; Before; 11.00043; null
27; Bicycle; Interference; Intention; 30.10.2023 11:35:16; 826.674; 0.7697706; 106.8401; Before; 11.01594; null
27; Bicycle; Interference; Intention; 30.10.2023 11:35:16; 826.674; 0.7697711; 106.8401; Before; 11.0442; null
27; Bicycle; Interference; Intention; 30.10.2023 11:35:16; 826.674; 0.7697713; 106.8401; Before; 11.06009; null
27; Bicycle; Interference; Intention; 30.10.2023 11:35:16; 826.674; 0.7697701; 106.8401; Before; 11.0761; null
27; Bicycle; Interference; Intention; 30.10.2023 11:35:16; 826.674; 0.7697699; 106.8401; Before; 11.09458; null
27; Bicycle; Interference; Intention; 30.10.2023 11:35:16; 826.674; 0.7697697; 106.8401; Before; 11.11552; null
27; Bicycle; Interference; Intention; 30.10.2023 11:35:16; 826.674; 0.7697693; 106.8401; Before; 11.14451; null
27; Bicycle; Interference; Intention; 30.10.2023 11:35:16; 826.674; 0.7697682; 106.8401; Before; 11.15985; null
27; Bicycle; Interference; Intention; 30.10.2023 11:35:16; 826.674; 0.7697675; 106.8401; Before; 11.18942; null
27; Bicycle; Interference; Intention; 30.10.2023 11:35:16; 826.674; 0.7697675; 106.8401; Before; 11.18942; null
27; Bicycle; Interference; Intention; 30.10.2023 11:35:16; 826.674; 0.7697666; 106.8401; Before; 11.22117; null
27; Bicycle; Interference; Intention; 30.10.2023 11:35:16; 826.674; 0.7697651; 106.8401; Before; 11.23569; null
27; Bicycle; Interference; Intention; 30.10.2023 11:35:16; 826.674; 0.7697635; 106.8401; Before; 11.25; null
27; Bicycle; Interference; Intention; 30.10.2023 11:35:16; 826.674; 0.7697618; 106.8401; Before; 11.28679; null
27; Bicycle; Interference; Intention; 30.10.2023 11:35:16; 826.674; 0.769761; 106.8401; Before; 11.30196; null
27; Bicycle; Interference; Intention; 30.10.2023 11:35:16; 826.674; 0.7697601; 106.8401; Before; 11.31613; null
27; Bicycle; Interference; Intention; 30.10.2023 11:35:16; 826.674; 0.7697585; 106.8401; Before; 11.34657; null
27; Bicycle; Interference; Intention; 30.10.2023 11:35:16; 826.674; 0.7697582; 106.8401; Before; 11.36144; null
27; Bicycle; Interference; Intention; 30.10.2023 11:35:16; 826.674; 0.7697576; 106.8401; Before; 11.37733; null
27; Bicycle; Interference; Intention; 30.10.2023 11:35:16; 826.674; 0.7697577; 106.8401; Before; 11.39432; null
27; Bicycle; Interference; Intention; 30.10.2023 11:35:16; 826.674; 0.7697574; 106.8401; Before; 11.41064; null
27; Bicycle; Interference; Intention; 30.10.2023 11:35:16; 826.674; 0.7697577; 106.8401; Before; 11.43708; null
27; Bicycle; Interference; Intention; 30.10.2023 11:35:16; 826.674; 0.7697573; 106.8401; Before; 11.45486; null
27; Bicycle; Interference; Intention; 30.10.2023 11:35:16; 826.674; 0.7697579; 106.8401; Before; 11.48675; null
27; Bicycle; Interference; Intention; 30.10.2023 11:35:16; 826.674; 0.7697574; 106.8401; Before; 11.50259; null
27; Bicycle; Interference; Intention; 30.10.2023 11:35:16; 826.674; 0.7697575; 106.8401; Before; 11.5174; null
27; Bicycle; Interference; Intention; 30.10.2023 11:35:16; 826.674; 0.7696712; 106.8401; Before; 11.54432; null
27; Bicycle; Interference; Intention; 30.10.2023 11:35:16; 826.6738; 0.7693933; 106.8401; Before; 11.55929; null
27; Bicycle; Interference; Intention; 30.10.2023 11:35:16; 826.6735; 0.7685362; 106.8401; Before; 11.57273; null
27; Bicycle; Interference; Intention; 30.10.2023 11:35:16; 826.6732; 0.7678804; 106.8401; Before; 11.59835; null
27; Bicycle; Interference; Intention; 30.10.2023 11:35:16; 826.673; 0.7673118; 106.8401; Before; 11.61462; null
27; Bicycle; Interference; Intention; 30.10.2023 11:35:16; 826.6727; 0.7662348; 106.8401; Before; 11.64298; null
27; Bicycle; Interference; Intention; 30.10.2023 11:35:16; 826.6725; 0.7658374; 106.8401; Before; 11.6575; null
27; Bicycle; Interference; Intention; 30.10.2023 11:35:16; 826.6721; 0.7651892; 106.8401; Before; 11.68717; null
27; Bicycle; Interference; Intention; 30.10.2023 11:35:16; 826.6719; 0.765076; 106.8401; Before; 11.70322; null
27; Bicycle; Interference; Intention; 30.10.2023 11:35:16; 826.6718; 0.7650821; 106.8401; Before; 11.71896; null
27; Bicycle; Interference; Intention; 30.10.2023 11:35:16; 826.6713; 0.7653024; 106.8401; Before; 11.73246; null
27; Bicycle; Interference; Intention; 30.10.2023 11:35:16; 826.671; 0.7655441; 106.8401; Before; 11.76025; null
27; Bicycle; Interference; Intention; 30.10.2023 11:35:16; 826.6707; 0.7658012; 106.8401; Before; 11.77801; null
27; Bicycle; Interference; Intention; 30.10.2023 11:35:16; 826.6702; 0.766078; 106.8401; Before; 11.7937; null
27; Bicycle; Interference; Intention; 30.10.2023 11:35:17; 826.6696; 0.7666466; 106.8401; Before; 11.82442; null
27; Bicycle; Interference; Intention; 30.10.2023 11:35:17; 826.6691; 0.7669488; 106.8401; Before; 11.83893; null
27; Bicycle; Interference; Intention; 30.10.2023 11:35:17; 826.6683; 0.7674847; 106.8401; Before; 11.87019; null
27; Bicycle; Interference; Intention; 30.10.2023 11:35:17; 826.6675; 0.7679048; 106.8401; Before; 11.88383; null
27; Bicycle; Interference; Intention; 30.10.2023 11:35:17; 826.6675; 0.7679048; 106.8401; Before; 11.88383; null
27; Bicycle; Interference; Intention; 30.10.2023 11:35:17; 826.6663; 0.7683821; 106.8401; Before; 11.92413; null
27; Bicycle; Interference; Intention; 30.10.2023 11:35:17; 826.6659; 0.7685509; 106.84; Before; 11.94121; null
27; Bicycle; Interference; Intention; 30.10.2023 11:35:17; 826.6646; 0.7688737; 106.84; Before; 11.96744; null
27; Bicycle; Interference; Intention; 30.10.2023 11:35:17; 826.6641; 0.7690206; 106.84; Before; 11.98283; null
27; Bicycle; Interference; Intention; 30.10.2023 11:35:17; 826.6633; 0.7691677; 106.84; Before; 11.99786; null
27; Bicycle; Interference; Intention; 30.10.2023 11:35:17; 826.662; 0.7693577; 106.84; Before; 12.02872; null
27; Bicycle; Interference; Intention; 30.10.2023 11:35:17; 826.6606; 0.769479; 106.84; Before; 12.04204; null
27; Bicycle; Interference; Intention; 30.10.2023 11:35:17; 826.6592; 0.7695463; 106.8399; Before; 12.06367; null
27; Bicycle; Interference; Intention; 30.10.2023 11:35:17; 826.6559; 0.7696556; 106.8399; Before; 12.0937; null
27; Bicycle; Interference; Intention; 30.10.2023 11:35:17; 826.6559; 0.7696556; 106.8399; Before; 12.0937; null
27; Bicycle; Interference; Intention; 30.10.2023 11:35:17; 826.6513; 0.7697344; 106.8398; Before; 12.12328; null
27; Bicycle; Interference; Intention; 30.10.2023 11:35:17; 826.649; 0.7697606; 106.8398; Before; 12.13969; null
27; Bicycle; Interference; Intention; 30.10.2023 11:35:17; 826.643; 0.7697986; 106.8396; Before; 12.1709; null
27; Bicycle; Interference; Intention; 30.10.2023 11:35:17; 826.6398; 0.7698102; 106.8396; Before; 12.18436; null
27; Bicycle; Interference; Intention; 30.10.2023 11:35:17; 826.635; 0.7698214; 106.8395; Before; 12.19881; null
27; Bicycle; Interference; Intention; 30.10.2023 11:35:17; 826.6311; 0.7698271; 106.8394; Before; 12.21944; null
27; Bicycle; Interference; Intention; 30.10.2023 11:35:17; 826.627; 0.7698303; 106.8394; Before; 12.23443; null
27; Bicycle; Interference; Intention; 30.10.2023 11:35:17; 826.6212; 0.7698317; 106.8393; Before; 12.25; null
27; Bicycle; Interference; Intention; 30.10.2023 11:35:17; 826.6093; 0.7698271; 106.8391; Before; 12.28668; null
27; Bicycle; Interference; Intention; 30.10.2023 11:35:17; 826.6093; 0.7698271; 106.8391; Before; 12.28668; null
27; Bicycle; Interference; Intention; 30.10.2023 11:35:17; 826.5981; 0.7698196; 106.8389; Before; 12.32093; null
27; Bicycle; Interference; Intention; 30.10.2023 11:35:17; 826.5926; 0.7698148; 106.8388; Before; 12.33833; null
27; Bicycle; Interference; Intention; 30.10.2023 11:35:17; 826.5837; 0.7698078; 106.8387; Before; 12.35314; null
27; Bicycle; Interference; Intention; 30.10.2023 11:35:17; 826.5758; 0.7698032; 106.8386; Before; 12.37549; null
27; Bicycle; Interference; Intention; 30.10.2023 11:35:17; 826.5683; 0.769799; 106.8385; Before; 12.39444; null
27; Bicycle; Interference; Intention; 30.10.2023 11:35:17; 826.561; 0.7697942; 106.8383; Before; 12.41172; null
27; Bicycle; Interference; Intention; 30.10.2023 11:35:17; 826.5455; 0.7697858; 106.8381; Before; 12.44313; null
27; Bicycle; Interference; Intention; 30.10.2023 11:35:17; 826.5384; 0.7697825; 106.838; Before; 12.46056; null
27; Bicycle; Interference; Intention; 30.10.2023 11:35:17; 826.5222; 0.7697763; 106.8378; Before; 12.48956; null
27; Bicycle; Interference; Intention; 30.10.2023 11:35:17; 826.5222; 0.7697763; 106.8378; Before; 12.48956; null
27; Bicycle; Interference; Intention; 30.10.2023 11:35:17; 826.5101; 0.7697736; 106.8377; Before; 12.50614; null
27; Bicycle; Interference; Intention; 30.10.2023 11:35:17; 826.4921; 0.7697688; 106.8374; Before; 12.54372; null
27; Bicycle; Interference; Intention; 30.10.2023 11:35:17; 826.4834; 0.769767; 106.8373; Before; 12.55968; null
27; Bicycle; Interference; Intention; 30.10.2023 11:35:17; 826.4636; 0.7697647; 106.8371; Before; 12.58767; null
27; Bicycle; Interference; Intention; 30.10.2023 11:35:17; 826.453; 0.7697635; 106.837; Before; 12.60421; null
27; Bicycle; Interference; Intention; 30.10.2023 11:35:17; 826.439; 0.7697636; 106.8368; Before; 12.61942; null
27; Bicycle; Interference; Intention; 30.10.2023 11:35:17; 826.4269; 0.7697634; 106.8367; Before; 12.6385; null
27; Bicycle; Interference; Intention; 30.10.2023 11:35:17; 826.4151; 0.7697632; 106.8365; Before; 12.65427; null
27; Bicycle; Interference; Intention; 30.10.2023 11:35:17; 826.3943; 0.769762; 106.8363; Before; 12.66906; null
27; Bicycle; Interference; Intention; 30.10.2023 11:35:17; 826.3785; 0.7697617; 106.8361; Before; 12.69404; null
27; Bicycle; Interference; Intention; 30.10.2023 11:35:17; 826.3524; 0.7697616; 106.8358; Before; 12.72699; null
27; Bicycle; Interference; Intention; 30.10.2023 11:35:17; 826.3383; 0.7697617; 106.8356; Before; 12.74041; null
27; Bicycle; Interference; Intention; 30.10.2023 11:35:17; 826.3093; 0.7697601; 106.8353; Before; 12.76941; null
27; Bicycle; Interference; Intention; 30.10.2023 11:35:17; 826.2934; 0.769761; 106.8351; Before; 12.7842; null
27; Bicycle; Interference; Intention; 30.10.2023 11:35:17; 826.278; 0.7697613; 106.835; Before; 12.79936; null
27; Bicycle; Interference; Intention; 30.10.2023 11:35:18; 826.2625; 0.7697616; 106.8348; Before; 12.81387; null
27; Bicycle; Interference; Intention; 30.10.2023 11:35:18; 826.2369; 0.7697616; 106.8345; Before; 12.82797; null
27; Bicycle; Interference; Intention; 30.10.2023 11:35:18; 826.2012; 0.7697612; 106.8342; Before; 12.86515; null
27; Bicycle; Interference; Intention; 30.10.2023 11:35:18; 826.1675; 0.76976; 106.834; Before; 12.89548; null
27; Bicycle; Interference; Intention; 30.10.2023 11:35:18; 826.1675; 0.76976; 106.834; Before; 12.89548; null
27; Bicycle; Interference; Intention; 30.10.2023 11:35:18; 826.1279; 0.7697599; 106.8337; Before; 12.92381; null
27; Bicycle; Interference; Intention; 30.10.2023 11:35:18; 826.1089; 0.7697605; 106.8336; Before; 12.93958; null
27; Bicycle; Interference; Intention; 30.10.2023 11:35:18; 826.0669; 0.7697617; 106.8333; Before; 12.96967; null
27; Bicycle; Interference; Intention; 30.10.2023 11:35:18; 826.0353; 0.7697614; 106.8332; Before; 12.98503; null
27; Bicycle; Interference; Intention; 30.10.2023 11:35:18; 826.0353; 0.7697614; 106.8332; Before; 12.98503; null
27; Bicycle; Interference; Intention; 30.10.2023 11:35:18; 826.0074; 0.7697612; 106.8331; Before; 13.00766; null
27; Bicycle; Interference; Intention; 30.10.2023 11:35:18; 825.9621; 0.7697611; 106.8329; Before; 13.04246; null
27; Bicycle; Interference; Intention; 30.10.2023 11:35:18; 825.9394; 0.7697607; 106.8327; Before; 13.05766; null
27; Bicycle; Interference; Intention; 30.10.2023 11:35:18; 825.8859; 0.7697614; 106.8325; Before; 13.08774; null
27; Bicycle; Interference; Intention; 30.10.2023 11:35:18; 825.8859; 0.7697614; 106.8325; Before; 13.08774; null
27; Bicycle; Interference; Intention; 30.10.2023 11:35:18; 825.8306; 0.7697608; 106.8324; Before; 13.12068; null
27; Bicycle; Interference; Intention; 30.10.2023 11:35:18; 825.7883; 0.7697601; 106.8322; Before; 13.13884; null
27; Bicycle; Interference; Intention; 30.10.2023 11:35:18; 825.759; 0.7697598; 106.8322; Before; 13.16282; null
27; Bicycle; Interference; Intention; 30.10.2023 11:35:18; 825.7288; 0.7697599; 106.8321; Before; 13.17889; null
27; Bicycle; Interference; Intention; 30.10.2023 11:35:18; 825.7009; 0.7697604; 106.8321; Before; 13.19513; null
27; Bicycle; Interference; Intention; 30.10.2023 11:35:18; 825.6434; 0.7697606; 106.8321; Before; 13.22542; null
27; Bicycle; Interference; Intention; 30.10.2023 11:35:18; 825.6152; 0.7697606; 106.8321; Before; 13.23901; null
27; Bicycle; Interference; Intention; 30.10.2023 11:35:18; 825.5799; 0.7697611; 106.8321; Before; 13.25297; null
27; Bicycle; Interference; Intention; 30.10.2023 11:35:18; 825.5092; 0.76976; 106.8322; Before; 13.28696; null
27; Bicycle; Interference; Intention; 30.10.2023 11:35:18; 825.5092; 0.76976; 106.8322; Before; 13.28696; null
27; Bicycle; Interference; Intention; 30.10.2023 11:35:18; 825.4501; 0.7697597; 106.8323; Before; 13.30333; null
27; Bicycle; Interference; Intention; 30.10.2023 11:35:18; 825.374; 0.7697606; 106.8325; Before; 13.34533; null
27; Bicycle; Interference; Intention; 30.10.2023 11:35:18; 825.342; 0.7697612; 106.8326; Before; 13.36357; null
27; Bicycle; Interference; Intention; 30.10.2023 11:35:18; 825.2917; 0.7697612; 106.8328; Before; 13.37717; null
27; Bicycle; Interference; Intention; 30.10.2023 11:35:18; 825.2549; 0.769761; 106.833; Before; 13.39834; null
27; Bicycle; Interference; Intention; 30.10.2023 11:35:18; 825.2159; 0.769761; 106.8332; Before; 13.41345; null
27; Bicycle; Interference; Intention; 30.10.2023 11:35:18; 825.1292; 0.7697607; 106.8336; Before; 13.44424; null
27; Bicycle; Interference; Intention; 30.10.2023 11:35:18; 825.0696; 0.7697604; 106.834; Before; 13.46361; null
27; Bicycle; Interference; Intention; 30.10.2023 11:35:18; 825.0294; 0.769761; 106.8343; Before; 13.48657; null
27; Bicycle; Interference; Intention; 30.10.2023 11:35:18; 825.0294; 0.769761; 106.8343; Before; 13.48657; null
27; Bicycle; Interference; Intention; 30.10.2023 11:35:18; 824.9313; 0.7697618; 106.835; Before; 13.52203; null
27; Bicycle; Interference; Intention; 30.10.2023 11:35:18; 824.8854; 0.7697628; 106.8354; Before; 13.53814; null
27; Bicycle; Interference; Intention; 30.10.2023 11:35:18; 824.8401; 0.7697624; 106.8357; Before; 13.55477; null
27; Bicycle; Interference; Intention; 30.10.2023 11:35:18; 824.7515; 0.7697634; 106.8365; Before; 13.58713; null
27; Bicycle; Interference; Intention; 30.10.2023 11:35:18; 824.7047; 0.7697631; 106.8369; Before; 13.60185; null
27; Bicycle; Interference; Intention; 30.10.2023 11:35:18; 824.7047; 0.7697631; 106.8369; Before; 13.60185; null
27; Bicycle; Interference; Intention; 30.10.2023 11:35:18; 824.618; 0.7697639; 106.8378; Before; 13.61774; null
27; Bicycle; Interference; Intention; 30.10.2023 11:35:18; 824.5004; 0.7697642; 106.839; Before; 13.66464; null
27; Bicycle; Interference; Intention; 30.10.2023 11:35:18; 824.4532; 0.7697641; 106.8395; Before; 13.68415; null
27; Bicycle; Interference; Intention; 30.10.2023 11:35:18; 824.4059; 0.7697636; 106.84; Before; 13.69884; null
27; Bicycle; Interference; Intention; 30.10.2023 11:35:18; 824.3553; 0.7697634; 106.8406; Before; 13.71337; null
27; Bicycle; Interference; Intention; 30.10.2023 11:35:18; 824.2532; 0.7697637; 106.8418; Before; 13.74258; null
27; Bicycle; Interference; Intention; 30.10.2023 11:35:18; 824.207; 0.7697639; 106.8423; Before; 13.75892; null
27; Bicycle; Interference; Intention; 30.10.2023 11:35:18; 824.1323; 0.7697636; 106.8432; Before; 13.77235; null
27; Bicycle; Interference; Intention; 30.10.2023 11:35:18; 824.0767; 0.7697635; 106.8439; Before; 13.79371; null
27; Bicycle; Interference; Intention; 30.10.2023 11:35:19; 823.9666; 0.7697636; 106.8453; Before; 13.82557; null
27; Bicycle; Interference; Intention; 30.10.2023 11:35:19; 823.9165; 0.7697639; 106.846; Before; 13.83975; null
27; Bicycle; Interference; Intention; 30.10.2023 11:35:19; 823.853; 0.7697635; 106.8468; Before; 13.85334; null
27; Bicycle; Interference; Intention; 30.10.2023 11:35:19; 823.7181; 0.7697626; 106.8486; Before; 13.88704; null
27; Bicycle; Interference; Intention; 30.10.2023 11:35:19; 823.7181; 0.7697626; 106.8486; Before; 13.88704; null
27; Bicycle; Interference; Intention; 30.10.2023 11:35:19; 823.5811; 0.7697614; 106.8504; Before; 13.92212; null
27; Bicycle; Interference; Intention; 30.10.2023 11:35:19; 823.4963; 0.7697608; 106.8516; Before; 13.94074; null
27; Bicycle; Interference; Intention; 30.10.2023 11:35:19; 823.4245; 0.7697613; 106.8525; Before; 13.96197; null
27; Bicycle; Interference; Intention; 30.10.2023 11:35:19; 823.3603; 0.7697608; 106.8534; Before; 13.97968; null
27; Bicycle; Interference; Intention; 30.10.2023 11:35:19; 823.3027; 0.7697613; 106.8542; Before; 13.99535; null
27; Bicycle; Interference; Intention; 30.10.2023 11:35:19; 823.1782; 0.7697606; 106.8558; Before; 14.02526; null
27; Bicycle; Interference; Intention; 30.10.2023 11:35:19; 823.1179; 0.7697606; 106.8566; Before; 14.03892; null
27; Bicycle; Interference; Intention; 30.10.2023 11:35:19; 822.9768; 0.769761; 106.8583; Before; 14.06751; null
27; Bicycle; Interference; Intention; 30.10.2023 11:35:19; 822.9105; 0.7697611; 106.8592; Before; 14.08571; null
27; Bicycle; Interference; Intention; 30.10.2023 11:35:19; 822.9105; 0.7697611; 106.8592; Before; 14.08571; null
27; Bicycle; Interference; Intention; 30.10.2023 11:35:19; 822.7769; 0.7697613; 106.8608; Before; 14.10083; null
27; Bicycle; Interference; Intention; 30.10.2023 11:35:19; 822.6594; 0.7697628; 106.8621; Before; 14.1309; null
27; Bicycle; Interference; Intention; 30.10.2023 11:35:19; 822.5726; 0.7697635; 106.8631; Before; 14.15689; null
27; Bicycle; Interference; Intention; 30.10.2023 11:35:19; 822.4273; 0.7697628; 106.8647; Before; 14.19098; null
27; Bicycle; Interference; Intention; 30.10.2023 11:35:19; 822.4273; 0.7697628; 106.8647; Before; 14.19098; null
27; Bicycle; Interference; Intention; 30.10.2023 11:35:19; 822.2946; 0.7697632; 106.8661; Before; 14.22024; null
27; Bicycle; Interference; Intention; 30.10.2023 11:35:19; 822.1606; 0.7697628; 106.8675; Before; 14.24867; null
27; Bicycle; Interference; Intention; 30.10.2023 11:35:19; 822.1606; 0.7697628; 106.8675; Before; 14.24867; null
27; Bicycle; Interference; Intention; 30.10.2023 11:35:19; 822.0472; 0.7697628; 106.8687; Before; 14.26333; null
27; Bicycle; Interference; Intention; 30.10.2023 11:35:19; 821.9368; 0.7697624; 106.8698; Before; 14.28673; null
27; Bicycle; Interference; Intention; 30.10.2023 11:35:19; 821.7741; 0.7697616; 106.8714; Before; 14.32666; null
27; Bicycle; Interference; Intention; 30.10.2023 11:35:19; 821.7023; 0.769788; 106.8722; Before; 14.34201; null
27; Bicycle; Interference; Intention; 30.10.2023 11:35:19; 821.5547; 0.7700025; 106.8737; Before; 14.37102; null
27; Bicycle; Interference; Intention; 30.10.2023 11:35:19; 821.4878; 0.7700698; 106.8744; Before; 14.38536; null
27; Bicycle; Interference; Intention; 30.10.2023 11:35:19; 821.4053; 0.7701296; 106.8752; Before; 14.39844; null
27; Bicycle; Interference; Intention; 30.10.2023 11:35:19; 821.2974; 0.7701812; 106.8764; Before; 14.41444; null
27; Bicycle; Interference; Intention; 30.10.2023 11:35:19; 821.1469; 0.7702147; 106.878; Before; 14.44904; null
27; Bicycle; Interference; Intention; 30.10.2023 11:35:19; 821.0655; 0.7702199; 106.8789; Before; 14.46386; null
27; Bicycle; Interference; Intention; 30.10.2023 11:35:19; 820.9099; 0.7702122; 106.8806; Before; 14.49555; null
27; Bicycle; Interference; Intention; 30.10.2023 11:35:19; 820.9099; 0.7702122; 106.8806; Before; 14.49555; null
27; Bicycle; Interference; Intention; 30.10.2023 11:35:19; 820.7387; 0.7701893; 106.8826; Before; 14.52319; null
27; Bicycle; Interference; Intention; 30.10.2023 11:35:19; 820.662; 0.7701776; 106.8835; Before; 14.53995; null
27; Bicycle; Interference; Intention; 30.10.2023 11:35:19; 820.579; 0.7701623; 106.8845; Before; 14.55402; null
27; Bicycle; Interference; Intention; 30.10.2023 11:35:19; 820.3761; 0.7701261; 106.887; Before; 14.58949; null
27; Bicycle; Interference; Intention; 30.10.2023 11:35:19; 820.3761; 0.7701261; 106.887; Before; 14.58949; null
27; Bicycle; Interference; Intention; 30.10.2023 11:35:19; 820.1987; 0.7700963; 106.8893; Before; 14.62165; null
27; Bicycle; Interference; Intention; 30.10.2023 11:35:19; 820.1161; 0.7700839; 106.8903; Before; 14.63733; null
27; Bicycle; Interference; Intention; 30.10.2023 11:35:19; 819.9352; 0.7700603; 106.8927; Before; 14.66729; null
27; Bicycle; Interference; Intention; 30.10.2023 11:35:19; 819.8542; 0.7700508; 106.8938; Before; 14.68365; null
27; Bicycle; Interference; Intention; 30.10.2023 11:35:19; 819.7758; 0.7700434; 106.8948; Before; 14.69775; null
27; Bicycle; Interference; Intention; 30.10.2023 11:35:19; 819.6886; 0.7700348; 106.896; Before; 14.71131; null
27; Bicycle; Interference; Intention; 30.10.2023 11:35:19; 819.4678; 0.770017; 106.8989; Before; 14.75006; null
27; Bicycle; Interference; Intention; 30.10.2023 11:35:19; 819.3512; 0.77001; 106.9004; Before; 14.7641; null
27; Bicycle; Interference; Intention; 30.10.2023 11:35:19; 819.2661; 0.7700059; 106.9015; Before; 14.78385; null
27; Bicycle; Interference; Intention; 30.10.2023 11:35:19; 819.1891; 0.7700026; 106.9025; Before; 14.79819; null
27; Bicycle; Interference; Intention; 30.10.2023 11:35:20; 819.0294; 0.7699975; 106.9046; Before; 14.82343; null
27; Bicycle; Interference; Intention; 30.10.2023 11:35:20; 818.954; 0.7699953; 106.9055; Before; 14.83775; null
27; Bicycle; Interference; Intention; 30.10.2023 11:35:20; 818.7664; 0.7699912; 106.9078; Before; 14.86488; null
27; Bicycle; Interference; Intention; 30.10.2023 11:35:20; 818.6453; 0.7699891; 106.9092; Before; 14.88119; null
27; Bicycle; Interference; Intention; 30.10.2023 11:35:20; 818.5505; 0.7699883; 106.9102; Before; 14.90101; null
27; Bicycle; Interference; Intention; 30.10.2023 11:35:20; 818.4654; 0.7699873; 106.9111; Before; 14.91643; null
27; Bicycle; Interference; Intention; 30.10.2023 11:35:20; 818.2852; 0.7699859; 106.913; Before; 14.94462; null
27; Bicycle; Interference; Intention; 30.10.2023 11:35:20; 818.1207; 0.7699854; 106.9145; Before; 14.97196; null
27; Bicycle; Interference; Intention; 30.10.2023 11:35:20; 818.0266; 0.7699858; 106.9154; Before; 14.98561; null
27; Bicycle; Interference; Intention; 30.10.2023 11:35:20; 817.9131; 0.7699859; 106.9163; Before; 15.0006; Checking Box AICar
27; Bicycle; Interference; Intention; 30.10.2023 11:35:20; 817.7776; 0.7699862; 106.9174; Before; 15.01858; Checking Box AICar
27; Bicycle; Interference; Intention; 30.10.2023 11:35:20; 817.7776; 0.7699862; 106.9174; Before; 15.01858; Checking Box AICar
27; Bicycle; Interference; Intention; 30.10.2023 11:35:20; 817.4803; 0.7699869; 106.9193; Before; 15.06934; Checking Box AICar
27; Bicycle; Interference; Intention; 30.10.2023 11:35:20; 817.345; 0.7699866; 106.9201; Before; 15.08646; Checking Box AICar
27; Bicycle; Interference; Intention; 30.10.2023 11:35:20; 817.345; 0.7699866; 106.9201; Before; 15.08646; Checking Box AICar
27; Bicycle; Interference; Intention; 30.10.2023 11:35:20; 817.2059; 0.7699865; 106.9208; Before; 15.10749; Checking Box AICar
27; Bicycle; Interference; Intention; 30.10.2023 11:35:20; 817.0674; 0.7699862; 106.9214; Before; 15.12897; Checking Box AICar
27; Bicycle; Interference; Intention; 30.10.2023 11:35:20; 816.9187; 0.7699869; 106.9221; Before; 15.15024; Checking Box AICar
27; Bicycle; Interference; Intention; 30.10.2023 11:35:20; 816.769; 0.7699873; 106.9226; Before; 15.17298; Checking Box AICar
27; Bicycle; Interference; Intention; 30.10.2023 11:35:20; 816.769; 0.7699873; 106.9226; Before; 15.17298; Checking Box AICar
27; Bicycle; Interference; Intention; 30.10.2023 11:35:20; 816.5807; 0.7699881; 106.9233; Before; 15.19576; Checking Box AICar
27; Bicycle; Interference; Intention; 30.10.2023 11:35:20; 816.3304; 0.7699881; 106.9241; Before; 15.24322; Checking Box AICar
27; Bicycle; Interference; Intention; 30.10.2023 11:35:20; 816.1738; 0.7699884; 106.9245; Before; 15.26183; Checking Box AICar
27; Bicycle; Interference; Intention; 30.10.2023 11:35:20; 816.0334; 0.7699881; 106.9249; Before; 15.2852; Checking Box AICar
27; Bicycle; Interference; Intention; 30.10.2023 11:35:20; 816.0334; 0.7699881; 106.9249; Before; 15.2852; Checking Box AICar
27; Bicycle; Interference; Intention; 30.10.2023 11:35:20; 815.7955; 0.7699876; 106.9254; Before; 15.30606; Checking Box AICar
27; Bicycle; Interference; Intention; 30.10.2023 11:35:20; 815.6818; 0.7699875; 106.9256; Before; 15.34122; Checking Box AICar
27; Bicycle; Interference; Intention; 30.10.2023 11:35:20; 815.4868; 0.7699869; 106.926; Before; 15.35794; Checking Box AICar
27; Bicycle; Interference; Intention; 30.10.2023 11:35:20; 815.342; 0.7699876; 106.9263; Before; 15.38648; Checking Box AICar
27; Bicycle; Interference; Intention; 30.10.2023 11:35:20; 815.342; 0.7699876; 106.9263; Before; 15.38648; Checking Box AICar
27; Bicycle; Interference; Intention; 30.10.2023 11:35:20; 815.2118; 0.7699877; 106.9265; Before; 15.40758; Checking Box AICar
27; Bicycle; Interference; Intention; 30.10.2023 11:35:20; 814.9713; 0.7699873; 106.9268; Before; 15.4466; Checking Box AICar
27; Bicycle; Interference; Intention; 30.10.2023 11:35:20; 814.8148; 0.7699869; 106.927; Before; 15.46123; Checking Box AICar
27; Bicycle; Interference; Intention; 30.10.2023 11:35:20; 814.6993; 0.7699879; 106.927; Before; 15.48373; Checking Box AICar
27; Bicycle; Interference; Intention; 30.10.2023 11:35:20; 814.5902; 0.7699871; 106.9271; Before; 15.50026; Checking Box AICar
27; Bicycle; Interference; Intention; 30.10.2023 11:35:20; 814.4231; 0.7699867; 106.9271; Before; 15.51585; Checking Box AICar
27; Bicycle; Interference; Intention; 30.10.2023 11:35:20; 814.2932; 0.769987; 106.927; Before; 15.53965; Checking Box AICar
27; Bicycle; Interference; Intention; 30.10.2023 11:35:20; 814.165; 0.7699872; 106.9269; Before; 15.55806; Checking Box AICar
27; Bicycle; Interference; Intention; 30.10.2023 11:35:20; 813.9457; 0.7699866; 106.9265; Before; 15.59235; Checking Box AICar
27; Bicycle; Interference; Intention; 30.10.2023 11:35:20; 813.9457; 0.7699866; 106.9265; Before; 15.59235; Checking Box AICar
27; Bicycle; Interference; Intention; 30.10.2023 11:35:20; 813.7236; 0.769987; 106.9258; Before; 15.62127; Checking Box AICar
27; Bicycle; Interference; Intention; 30.10.2023 11:35:20; 813.6172; 0.7699867; 106.9254; Before; 15.63823; Checking Box AICar
27; Bicycle; Interference; Intention; 30.10.2023 11:35:20; 813.4937; 0.769987; 106.9248; Before; 15.65311; Checking Box AICar
27; Bicycle; Interference; Intention; 30.10.2023 11:35:20; 813.2817; 0.7699881; 106.9237; Before; 15.67032; Checking Box AICar
27; Bicycle; Interference; Intention; 30.10.2023 11:35:20; 813.1381; 0.7699875; 106.9228; Before; 15.69977; Checking Box AICar
27; Bicycle; Interference; Intention; 30.10.2023 11:35:20; 813.0457; 0.7699883; 106.9222; Before; 15.71965; Checking Box AICar
27; Bicycle; Interference; Intention; 30.10.2023 11:35:20; 812.8354; 0.7699872; 106.9206; Before; 15.74731; null
27; Bicycle; Interference; Intention; 30.10.2023 11:35:20; 812.7255; 0.7699878; 106.9197; Before; 15.76134; null
27; Bicycle; Interference; Intention; 30.10.2023 11:35:20; 812.5229; 0.7699873; 106.918; Before; 15.79049; null
27; Bicycle; Interference; Intention; 30.10.2023 11:35:21; 812.4171; 0.7699867; 106.917; Before; 15.80414; null
27; Bicycle; Interference; Intention; 30.10.2023 11:35:21; 812.3035; 0.7699875; 106.916; Before; 15.81858; null
27; Bicycle; Interference; Intention; 30.10.2023 11:35:21; 812.1179; 0.7699869; 106.9142; Before; 15.83404; null
27; Bicycle; Interference; Intention; 30.10.2023 11:35:21; 811.973; 0.7699869; 106.9127; Before; 15.85923; null
27; Bicycle; Interference; Intention; 30.10.2023 11:35:21; 811.8538; 0.7699864; 106.9115; Before; 15.87886; null
27; Bicycle; Interference; Intention; 30.10.2023 11:35:21; 811.7308; 0.7699873; 106.9102; Before; 15.89495; null
27; Bicycle; Interference; Intention; 30.10.2023 11:35:21; 811.509; 0.7699862; 106.9078; Before; 15.92579; null
27; Bicycle; Interference; Intention; 30.10.2023 11:35:21; 811.3834; 0.7699871; 106.9064; Before; 15.94137; null
27; Bicycle; Interference; Intention; 30.10.2023 11:35:21; 811.2719; 0.7699875; 106.9052; Before; 15.9582; null
27; Bicycle; Interference; Intention; 30.10.2023 11:35:21; 811.1595; 0.7699879; 106.904; Before; 15.97311; null
27; Bicycle; Interference; Intention; 30.10.2023 11:35:21; 810.921; 0.7699872; 106.9014; Before; 15.98813; null
27; Bicycle; Interference; Intention; 30.10.2023 11:35:21; 810.7657; 0.7699872; 106.8997; Before; 16.01989; null
27; Bicycle; Interference; Intention; 30.10.2023 11:35:21; 810.6317; 0.7699871; 106.8982; Before; 16.0405; null
27; Bicycle; Interference; Intention; 30.10.2023 11:35:21; 810.5242; 0.769987; 106.897; Before; 16.05827; null
27; Bicycle; Interference; Intention; 30.10.2023 11:35:21; 810.2886; 0.7699867; 106.8944; Before; 16.08732; null
27; Bicycle; Interference; Intention; 30.10.2023 11:35:21; 810.1776; 0.7699864; 106.8932; Before; 16.10356; null
27; Bicycle; Interference; Intention; 30.10.2023 11:35:21; 810.0715; 0.7699866; 106.892; Before; 16.11817; null
27; Bicycle; Interference; Intention; 30.10.2023 11:35:21; 809.9331; 0.7699859; 106.8904; Intersection; 0; null
27; Bicycle; Interference; Intention; 30.10.2023 11:35:21; 809.736; 0.7699873; 106.8881; Intersection; 0.0181459; null
27; Bicycle; Interference; Intention; 30.10.2023 11:35:21; 809.5765; 0.7699866; 106.8863; Intersection; 0.0439454; null
27; Bicycle; Interference; Intention; 30.10.2023 11:35:21; 809.4612; 0.769987; 106.8849; Intersection; 0.0647608; null
27; Bicycle; Interference; Intention; 30.10.2023 11:35:21; 809.3161; 0.7699865; 106.8831; Intersection; 0.07977711; null
27; Bicycle; Interference; Intention; 30.10.2023 11:35:21; 809.0726; 0.7699862; 106.88; Intersection; 0.112887; null
27; Bicycle; Interference; Intention; 30.10.2023 11:35:21; 808.9523; 0.7699869; 106.8785; Intersection; 0.1302737; null
27; Bicycle; Interference; Intention; 30.10.2023 11:35:21; 808.8347; 0.769987; 106.877; Intersection; 0.1458446; null
27; Bicycle; Interference; Intention; 30.10.2023 11:35:21; 808.6935; 0.7699876; 106.8751; Intersection; 0.1610466; null
27; Bicycle; Interference; Intention; 30.10.2023 11:35:21; 808.4944; 0.7699866; 106.8726; Intersection; 0.1792878; null
27; Bicycle; Interference; Intention; 30.10.2023 11:35:21; 808.3469; 0.7699869; 106.8707; Intersection; 0.2049277; null
27; Bicycle; Interference; Intention; 30.10.2023 11:35:21; 808.1901; 0.7699864; 106.8686; Intersection; 0.2239034; null
27; Bicycle; Interference; Intention; 30.10.2023 11:35:21; 808.0637; 0.7699862; 106.867; Intersection; 0.2440189; null
27; Bicycle; Interference; Intention; 30.10.2023 11:35:21; 807.9236; 0.7699864; 106.8653; Intersection; 0.2602125; null
27; Bicycle; Interference; Intention; 30.10.2023 11:35:21; 807.6821; 0.7699862; 106.8623; Intersection; 0.2952095; null
27; Bicycle; Interference; Intention; 30.10.2023 11:35:21; 807.5634; 0.7699864; 106.8609; Intersection; 0.3089667; null
27; Bicycle; Interference; Intention; 30.10.2023 11:35:21; 807.4156; 0.7699857; 106.8591; Intersection; 0.3240836; null
27; Bicycle; Interference; Intention; 30.10.2023 11:35:21; 807.2095; 0.769986; 106.8568; Intersection; 0.3428824; null
27; Bicycle; Interference; Intention; 30.10.2023 11:35:21; 807.2095; 0.769986; 106.8568; Intersection; 0.3428824; null
27; Bicycle; Interference; Intention; 30.10.2023 11:35:21; 806.9231; 0.7699872; 106.8538; Intersection; 0.3895554; null
27; Bicycle; Interference; Intention; 30.10.2023 11:35:21; 806.8051; 0.7699873; 106.8526; Intersection; 0.4053467; null
27; Bicycle; Interference; Intention; 30.10.2023 11:35:21; 806.5508; 0.7699876; 106.8503; Intersection; 0.4337974; null
27; Bicycle; Interference; Intention; 30.10.2023 11:35:21; 806.428; 0.7699878; 106.8492; Intersection; 0.4523709; null
27; Bicycle; Interference; Intention; 30.10.2023 11:35:21; 806.2935; 0.7699881; 106.8481; Intersection; 0.4678814; null
27; Bicycle; Interference; Intention; 30.10.2023 11:35:21; 806.1751; 0.7699888; 106.8471; Intersection; 0.4849041; null
27; Bicycle; Interference; Intention; 30.10.2023 11:35:21; 805.9498; 0.7699897; 106.8454; Intersection; 0.4999043; null
27; Bicycle; Interference; Intention; 30.10.2023 11:35:21; 805.7621; 0.7699898; 106.8441; Intersection; 0.5285282; null
27; Bicycle; Interference; Intention; 30.10.2023 11:35:21; 805.611; 0.7699904; 106.8431; Intersection; 0.5524471; null
27; Bicycle; Interference; Intention; 30.10.2023 11:35:21; 805.611; 0.7699904; 106.8431; Intersection; 0.5524471; null
27; Bicycle; Interference; Intention; 30.10.2023 11:35:21; 805.3436; 0.7699901; 106.8415; Intersection; 0.5896453; null
27; Bicycle; Interference; Intention; 30.10.2023 11:35:21; 805.2371; 0.7699895; 106.8409; Intersection; 0.6060947; null
27; Bicycle; Interference; Intention; 30.10.2023 11:35:21; 805.0011; 0.7699894; 106.8396; Intersection; 0.633827; null
27; Bicycle; Interference; Intention; 30.10.2023 11:35:21; 804.8097; 0.76999; 106.8386; Intersection; 0.6502923; null
27; Bicycle; Interference; Intention; 30.10.2023 11:35:21; 804.8097; 0.76999; 106.8386; Intersection; 0.6502923; null
27; Bicycle; Interference; Intention; 30.10.2023 11:35:22; 804.6542; 0.7699895; 106.8378; Intersection; 0.6751155; null
27; Bicycle; Interference; Intention; 30.10.2023 11:35:22; 804.4072; 0.7699878; 106.8367; Intersection; 0.7112412; null
27; Bicycle; Interference; Intention; 30.10.2023 11:35:22; 804.3022; 0.7699871; 106.8362; Intersection; 0.7275767; null
27; Bicycle; Interference; Intention; 30.10.2023 11:35:22; 804.0714; 0.7699871; 106.8352; Intersection; 0.7562023; null
27; Bicycle; Interference; Intention; 30.10.2023 11:35:22; 804.0714; 0.7699871; 106.8352; Intersection; 0.7562023; null
27; Bicycle; Interference; Intention; 30.10.2023 11:35:22; 803.8217; 0.7699867; 106.8342; Intersection; 0.788223; null
27; Bicycle; Interference; Intention; 30.10.2023 11:35:22; 803.6148; 0.769986; 106.8335; Intersection; 0.8046061; null
27; Bicycle; Interference; Intention; 30.10.2023 11:35:22; 803.6148; 0.769986; 106.8335; Intersection; 0.8046061; null
27; Bicycle; Interference; Intention; 30.10.2023 11:35:22; 803.315; 0.7699866; 106.8324; Intersection; 0.8546683; null
27; Bicycle; Interference; Intention; 30.10.2023 11:35:22; 803.2086; 0.7699864; 106.8321; Intersection; 0.8718812; null
27; Bicycle; Interference; Intention; 30.10.2023 11:35:22; 803.0969; 0.7699867; 106.8318; Intersection; 0.8860828; null
27; Bicycle; Interference; Intention; 30.10.2023 11:35:22; 802.8754; 0.7699869; 106.8311; Intersection; 0.916427; null
27; Bicycle; Interference; Intention; 30.10.2023 11:35:22; 802.7653; 0.7699873; 106.8308; Intersection; 0.9307204; null
27; Bicycle; Interference; Intention; 30.10.2023 11:35:22; 802.6465; 0.7699872; 106.8305; Intersection; 0.9455336; null
27; Bicycle; Interference; Intention; 30.10.2023 11:35:22; 802.6465; 0.7699872; 106.8305; Intersection; 0.9455336; null
27; Bicycle; Interference; Intention; 30.10.2023 11:35:22; 802.2918; 0.7699884; 106.8297; Intersection; 0.9886228; null
27; Bicycle; Interference; Intention; 30.10.2023 11:35:22; 802.1761; 0.7699888; 106.8295; Intersection; 1.009602; null
27; Bicycle; Interference; Intention; 30.10.2023 11:35:22; 801.9669; 0.7699876; 106.8291; Intersection; 1.039659; null
27; Bicycle; Interference; Intention; 30.10.2023 11:35:22; 801.8113; 0.7699872; 106.8288; Intersection; 1.053964; null
27; Bicycle; Interference; Intention; 30.10.2023 11:35:22; 801.8113; 0.7699872; 106.8288; Intersection; 1.053964; null
27; Bicycle; Interference; Intention; 30.10.2023 11:35:22; 801.577; 0.769987; 106.8284; Intersection; 1.091443; null
27; Bicycle; Interference; Intention; 30.10.2023 11:35:22; 801.4827; 0.7699867; 106.8282; Intersection; 1.107621; null
27; Bicycle; Interference; Intention; 30.10.2023 11:35:22; 801.332; 0.7699867; 106.828; Intersection; 1.120669; null
27; Bicycle; Interference; Intention; 30.10.2023 11:35:22; 801.106; 0.7699867; 106.8276; Intersection; 1.156409; null
27; Bicycle; Interference; Intention; 30.10.2023 11:35:22; 801.106; 0.7699867; 106.8276; Intersection; 1.156409; null
27; Bicycle; Interference; Intention; 30.10.2023 11:35:22; 800.8806; 0.7699873; 106.8272; Intersection; 1.188951; null
27; Bicycle; Interference; Intention; 30.10.2023 11:35:22; 800.6897; 0.7699863; 106.8269; Intersection; 1.217701; null
27; Bicycle; Interference; Intention; 30.10.2023 11:35:22; 800.5867; 0.7699864; 106.8267; Intersection; 1.231495; null
27; Bicycle; Interference; Intention; 30.10.2023 11:35:22; 800.3803; 0.769987; 106.8263; Intersection; 1.259795; null
27; Bicycle; Interference; Intention; 30.10.2023 11:35:22; 800.3803; 0.769987; 106.8263; Intersection; 1.259795; null
27; Bicycle; Interference; Intention; 30.10.2023 11:35:22; 800.2294; 0.7699878; 106.826; Intersection; 1.275273; null
27; Bicycle; Interference; Intention; 30.10.2023 11:35:22; 800.0046; 0.7699876; 106.8255; Intersection; 1.312814; null
27; Bicycle; Interference; Intention; 30.10.2023 11:35:22; 799.9051; 0.7699873; 106.8252; Intersection; 1.328806; null
27; Bicycle; Interference; Intention; 30.10.2023 11:35:22; 799.687; 0.7699876; 106.8247; Intersection; 1.357352; null
27; Bicycle; Interference; Intention; 30.10.2023 11:35:22; 799.687; 0.7699876; 106.8247; Intersection; 1.357352; null
27; Bicycle; Interference; Intention; 30.10.2023 11:35:22; 799.488; 0.7699881; 106.8241; Intersection; 1.388118; null
27; Bicycle; Interference; Intention; 30.10.2023 11:35:22; 799.3068; 0.7699871; 106.8235; Intersection; 1.416055; null
27; Bicycle; Interference; Intention; 30.10.2023 11:35:22; 799.1675; 0.7699869; 106.8231; Intersection; 1.429417; null
27; Bicycle; Interference; Intention; 30.10.2023 11:35:22; 799.0444; 0.7699866; 106.8227; Intersection; 1.449663; null
27; Bicycle; Interference; Intention; 30.10.2023 11:35:22; 798.9409; 0.7699873; 106.8223; Intersection; 1.467605; null
27; Bicycle; Interference; Intention; 30.10.2023 11:35:22; 798.8387; 0.7699875; 106.8219; Intersection; 1.48272; null
27; Bicycle; Interference; Intention; 30.10.2023 11:35:22; 798.6224; 0.7699881; 106.8211; Intersection; 1.513899; null
27; Bicycle; Interference; Intention; 30.10.2023 11:35:22; 798.5226; 0.7699883; 106.8207; Intersection; 1.52937; null
27; Bicycle; Interference; Intention; 30.10.2023 11:35:22; 798.3304; 0.7699864; 106.8198; Intersection; 1.558042; null
27; Bicycle; Interference; Intention; 30.10.2023 11:35:22; 798.2293; 0.7699857; 106.8194; Intersection; 1.572327; null
27; Bicycle; Interference; Intention; 30.10.2023 11:35:22; 798.2293; 0.7699857; 106.8194; Intersection; 1.572327; null
27; Bicycle; Interference; Intention; 30.10.2023 11:35:22; 797.9459; 0.7699857; 106.818; Intersection; 1.611182; null
27; Bicycle; Interference; Intention; 30.10.2023 11:35:22; 797.8542; 0.7699857; 106.8176; Intersection; 1.629198; null
27; Bicycle; Interference; Intention; 30.10.2023 11:35:22; 797.6685; 0.7699867; 106.8166; Intersection; 1.655393; null
27; Bicycle; Interference; Intention; 30.10.2023 11:35:22; 797.5761; 0.7699869; 106.8161; Intersection; 1.670408; null
27; Bicycle; Interference; Intention; 30.10.2023 11:35:23; 797.4836; 0.7699864; 106.8156; Intersection; 1.684174; null
27; Bicycle; Interference; Intention; 30.10.2023 11:35:23; 797.288; 0.7699869; 106.8145; Intersection; 1.710759; null
27; Bicycle; Interference; Intention; 30.10.2023 11:35:23; 797.1971; 0.7699865; 106.814; Intersection; 1.727205; null
27; Bicycle; Interference; Intention; 30.10.2023 11:35:23; 797.0472; 0.7699866; 106.8131; Intersection; 1.740816; null
27; Bicycle; Interference; Intention; 30.10.2023 11:35:23; 796.9471; 0.7699871; 106.8125; Intersection; 1.763303; null
27; Bicycle; Interference; Intention; 30.10.2023 11:35:23; 796.7534; 0.7699864; 106.8112; Intersection; 1.793876; null
27; Bicycle; Interference; Intention; 30.10.2023 11:35:23; 796.6703; 0.7699865; 106.8107; Intersection; 1.807504; null
27; Bicycle; Interference; Intention; 30.10.2023 11:35:23; 796.4637; 0.7699875; 106.8092; Intersection; 1.833866; null
27; Bicycle; Interference; Intention; 30.10.2023 11:35:23; 796.37; 0.7699875; 106.8086; Intersection; 1.851265; null
27; Bicycle; Interference; Intention; 30.10.2023 11:35:23; 796.288; 0.7699878; 106.808; Intersection; 1.865445; null
27; Bicycle; Interference; Intention; 30.10.2023 11:35:23; 796.1787; 0.7699872; 106.8072; Intersection; 1.877884; null
27; Bicycle; Interference; Intention; 30.10.2023 11:35:23; 795.9436; 0.7699869; 106.8053; Intersection; 1.915298; null
27; Bicycle; Interference; Intention; 30.10.2023 11:35:23; 795.8545; 0.7699876; 106.8046; Intersection; 1.930219; null
27; Bicycle; Interference; Intention; 30.10.2023 11:35:23; 795.6675; 0.7699876; 106.803; Intersection; 1.958827; null
27; Bicycle; Interference; Intention; 30.10.2023 11:35:23; 795.5713; 0.7699872; 106.8021; Intersection; 1.972294; null
27; Bicycle; Interference; Intention; 30.10.2023 11:35:23; 795.4906; 0.7699877; 106.8014; Intersection; 1.986933; null
27; Bicycle; Interference; Intention; 30.10.2023 11:35:23; 795.2948; 0.7699875; 106.7996; Intersection; 2.013631; null
27; Bicycle; Interference; Intention; 30.10.2023 11:35:23; 795.2054; 0.7699871; 106.7988; Intersection; 2.028836; null
27; Bicycle; Interference; Intention; 30.10.2023 11:35:23; 795.1119; 0.7699878; 106.7979; Intersection; 2.042339; null
27; Bicycle; Interference; Intention; 30.10.2023 11:35:23; 794.9491; 0.7699878; 106.7962; Intersection; 2.05643; null
27; Bicycle; Interference; Intention; 30.10.2023 11:35:23; 794.8402; 0.7699871; 106.7952; Intersection; 2.080885; null
27; Bicycle; Interference; Intention; 30.10.2023 11:35:23; 794.6461; 0.7699869; 106.7932; Intersection; 2.110803; null
27; Bicycle; Interference; Intention; 30.10.2023 11:35:23; 794.4574; 0.7699867; 106.7913; Intersection; 2.140224; null
27; Bicycle; Interference; Intention; 30.10.2023 11:35:23; 794.3722; 0.7699869; 106.7904; Intersection; 2.154175; null
27; Bicycle; Interference; Intention; 30.10.2023 11:35:23; 794.2735; 0.7699866; 106.7894; Intersection; 2.166801; null
27; Bicycle; Interference; Intention; 30.10.2023 11:35:23; 794.1653; 0.7699857; 106.7882; Intersection; 2.18138; null
27; Bicycle; Interference; Intention; 30.10.2023 11:35:23; 794.0767; 0.7699864; 106.7873; Intersection; 2.197336; null
27; Bicycle; Interference; Intention; 30.10.2023 11:35:23; 793.7962; 0.7699866; 106.7845; Intersection; 2.236328; null
27; Bicycle; Interference; Intention; 30.10.2023 11:35:23; 793.7018; 0.7699866; 106.7835; Intersection; 2.251507; null
27; Bicycle; Interference; Intention; 30.10.2023 11:35:23; 793.6138; 0.769987; 106.7826; Intersection; 2.265291; null
27; Bicycle; Interference; Intention; 30.10.2023 11:35:23; 793.4009; 0.7699869; 106.7805; Intersection; 2.293369; null
27; Bicycle; Interference; Intention; 30.10.2023 11:35:23; 793.3014; 0.7699873; 106.7795; Intersection; 2.309068; null
27; Bicycle; Interference; Intention; 30.10.2023 11:35:23; 793.0872; 0.7699875; 106.7774; Intersection; 2.338754; null
27; Bicycle; Interference; Intention; 30.10.2023 11:35:23; 792.9822; 0.7699884; 106.7764; Intersection; 2.354449; null
27; Bicycle; Interference; Intention; 30.10.2023 11:35:23; 792.9822; 0.7699884; 106.7764; Intersection; 2.354449; null
27; Bicycle; Interference; Intention; 30.10.2023 11:35:23; 792.7135; 0.7699885; 106.7738; Intersection; 2.393007; null
27; Bicycle; Interference; Intention; 30.10.2023 11:35:23; 792.6107; 0.769989; 106.7728; Intersection; 2.408154; null
27; Bicycle; Interference; Intention; 30.10.2023 11:35:23; 792.476; 0.769989; 106.7715; Intersection; 2.422867; null
27; Bicycle; Interference; Intention; 30.10.2023 11:35:23; 792.253; 0.7699883; 106.7694; Intersection; 2.456769; null
27; Bicycle; Interference; Intention; 30.10.2023 11:35:23; 792.253; 0.7699883; 106.7694; Intersection; 2.456769; null
27; Bicycle; Interference; Intention; 30.10.2023 11:35:23; 792.0084; 0.7699875; 106.7669; Intersection; 2.4886; null
27; Bicycle; Interference; Intention; 30.10.2023 11:35:23; 791.9034; 0.7699883; 106.7659; Intersection; 2.508481; null
27; Bicycle; Interference; Intention; 30.10.2023 11:35:23; 791.7495; 0.7699885; 106.7642; Intersection; 2.523292; null
27; Bicycle; Interference; Intention; 30.10.2023 11:35:23; 791.5326; 0.7699877; 106.7619; Intersection; 2.561096; null
27; Bicycle; Interference; Intention; 30.10.2023 11:35:23; 791.5326; 0.7699877; 106.7619; Intersection; 2.561096; null
27; Bicycle; Interference; Intention; 30.10.2023 11:35:23; 791.3199; 0.7699873; 106.7594; Intersection; 2.589477; null
27; Bicycle; Interference; Intention; 30.10.2023 11:35:23; 791.129; 0.7699864; 106.7571; Intersection; 2.618059; null
27; Bicycle; Interference; Intention; 30.10.2023 11:35:23; 791.0301; 0.7699873; 106.7559; Intersection; 2.631522; null
27; Bicycle; Interference; Intention; 30.10.2023 11:35:23; 790.8067; 0.7699873; 106.753; Intersection; 2.661934; null
27; Bicycle; Interference; Intention; 30.10.2023 11:35:24; 790.8067; 0.7699873; 106.753; Intersection; 2.661934; null
27; Bicycle; Interference; Intention; 30.10.2023 11:35:24; 790.6101; 0.7699881; 106.7504; Intersection; 2.676061; null
27; Bicycle; Interference; Intention; 30.10.2023 11:35:24; 790.4845; 0.7699873; 106.7486; Intersection; 2.703093; null
27; Bicycle; Interference; Intention; 30.10.2023 11:35:24; 790.2747; 0.7699879; 106.7457; Intersection; 2.734396; null
27; Bicycle; Interference; Intention; 30.10.2023 11:35:24; 790.0777; 0.7699873; 106.7428; Intersection; 2.763198; null
27; Bicycle; Interference; Intention; 30.10.2023 11:35:24; 790.0777; 0.7699873; 106.7428; Intersection; 2.763198; null
27; Bicycle; Interference; Intention; 30.10.2023 11:35:24; 789.8417; 0.7699869; 106.7394; After ; 0.0131012; null
27; Bicycle; Interference; Intention; 30.10.2023 11:35:24; 789.7383; 0.7699869; 106.7379; After ; 0.0319921; null
27; Bicycle; Interference; Intention; 30.10.2023 11:35:24; 789.6104; 0.7699869; 106.736; After ; 0.0459731; null
27; Bicycle; Interference; Intention; 30.10.2023 11:35:24; 789.4465; 0.7699871; 106.7336; After ; 0.0632427; null
27; Bicycle; Interference; Intention; 30.10.2023 11:35:24; 789.319; 0.7699872; 106.7318; After ; 0.08529261; null
27; Bicycle; Interference; Intention; 30.10.2023 11:35:24; 789.1741; 0.7699866; 106.7297; After ; 0.1024038; null
27; Bicycle; Interference; Intention; 30.10.2023 11:35:24; 788.9332; 0.7699873; 106.7262; After ; 0.1388094; null
27; Bicycle; Interference; Intention; 30.10.2023 11:35:24; 788.8305; 0.7699881; 106.7247; After ; 0.1539959; null
27; Bicycle; Interference; Intention; 30.10.2023 11:35:24; 788.6089; 0.7699876; 106.7215; After ; 0.1831275; null
27; Bicycle; Interference; Intention; 30.10.2023 11:35:24; 788.5058; 0.7699869; 106.72; After ; 0.1971151; null
27; Bicycle; Interference; Intention; 30.10.2023 11:35:24; 788.4003; 0.7699876; 106.7186; After ; 0.2107852; null
27; Bicycle; Interference; Intention; 30.10.2023 11:35:24; 788.1956; 0.7699877; 106.7156; After ; 0.2247331; null
27; Bicycle; Interference; Intention; 30.10.2023 11:35:24; 788.0753; 0.7699872; 106.7139; After ; 0.2517784; null
27; Bicycle; Interference; Intention; 30.10.2023 11:35:24; 787.8401; 0.7699872; 106.7106; After ; 0.2816246; null
27; Bicycle; Interference; Intention; 30.10.2023 11:35:24; 787.8401; 0.7699872; 106.7106; After ; 0.2816246; null
27; Bicycle; Interference; Intention; 30.10.2023 11:35:24; 787.611; 0.7699863; 106.7073; After ; 0.3137608; null
27; Bicycle; Interference; Intention; 30.10.2023 11:35:24; 787.4046; 0.7699863; 106.7042; After ; 0.3419954; null
27; Bicycle; Interference; Intention; 30.10.2023 11:35:24; 787.3043; 0.7699867; 106.7027; After ; 0.3554756; null
27; Bicycle; Interference; Intention; 30.10.2023 11:35:24; 787.184; 0.7699867; 106.7009; After ; 0.3685446; null
27; Bicycle; Interference; Intention; 30.10.2023 11:35:24; 787.0192; 0.7699869; 106.6983; After ; 0.3842048; null
27; Bicycle; Interference; Intention; 30.10.2023 11:35:24; 786.8956; 0.7699869; 106.6964; After ; 0.4056026; null
27; Bicycle; Interference; Intention; 30.10.2023 11:35:24; 786.6771; 0.7699878; 106.6928; After ; 0.4348481; null
27; Bicycle; Interference; Intention; 30.10.2023 11:35:24; 786.5591; 0.7699878; 106.6909; After ; 0.4498879; null
27; Bicycle; Interference; Intention; 30.10.2023 11:35:24; 786.3292; 0.7699875; 106.687; After ; 0.479591; null
27; Bicycle; Interference; Intention; 30.10.2023 11:35:24; 786.3292; 0.7699875; 106.687; After ; 0.479591; null
27; Bicycle; Interference; Intention; 30.10.2023 11:35:24; 786.0648; 0.7699871; 106.6824; After ; 0.5127025; null
27; Bicycle; Interference; Intention; 30.10.2023 11:35:24; 785.9575; 0.7699869; 106.6805; After ; 0.5287309; null
27; Bicycle; Interference; Intention; 30.10.2023 11:35:24; 785.7056; 0.7699865; 106.676; After ; 0.5424834; null
27; Bicycle; Interference; Intention; 30.10.2023 11:35:24; 785.5592; 0.7699871; 106.6734; After ; 0.5747169; null
27; Bicycle; Interference; Intention; 30.10.2023 11:35:24; 785.5592; 0.7699871; 106.6734; After ; 0.5747169; null
27; Bicycle; Interference; Intention; 30.10.2023 11:35:24; 785.2963; 0.7699878; 106.6686; After ; 0.6122191; null
27; Bicycle; Interference; Intention; 30.10.2023 11:35:24; 785.0746; 0.7699873; 106.6646; After ; 0.6416464; null
27; Bicycle; Interference; Intention; 30.10.2023 11:35:24; 784.9687; 0.7699873; 106.6627; After ; 0.6550601; null
27; Bicycle; Interference; Intention; 30.10.2023 11:35:24; 784.7253; 0.7699869; 106.6583; After ; 0.6842741; null
27; Bicycle; Interference; Intention; 30.10.2023 11:35:24; 784.7253; 0.7699869; 106.6583; After ; 0.6842741; null
27; Bicycle; Interference; Intention; 30.10.2023 11:35:24; 784.5392; 0.7699867; 106.6549; After ; 0.6992959; null
27; Bicycle; Interference; Intention; 30.10.2023 11:35:24; 784.3046; 0.7699878; 106.6507; After ; 0.7369164; null
27; Bicycle; Interference; Intention; 30.10.2023 11:35:24; 784.1906; 0.7699876; 106.6487; After ; 0.7524011; null
27; Bicycle; Interference; Intention; 30.10.2023 11:35:24; 783.964; 0.7699883; 106.6447; After ; 0.7798832; null
27; Bicycle; Interference; Intention; 30.10.2023 11:35:24; 783.8493; 0.7699877; 106.6427; After ; 0.7952315; null
27; Bicycle; Interference; Intention; 30.10.2023 11:35:24; 783.7525; 0.7699875; 106.641; After ; 0.809613; null
27; Bicycle; Interference; Intention; 30.10.2023 11:35:24; 783.5184; 0.7699876; 106.637; After ; 0.834362; null
27; Bicycle; Interference; Intention; 30.10.2023 11:35:24; 783.3443; 0.7699877; 106.634; After ; 0.8510605; null
27; Bicycle; Interference; Intention; 30.10.2023 11:35:24; 783.2145; 0.7699877; 106.6317; After ; 0.8727983; null
27; Bicycle; Interference; Intention; 30.10.2023 11:35:24; 783.1124; 0.7699879; 106.63; After ; 0.8889979; null
27; Bicycle; Interference; Intention; 30.10.2023 11:35:25; 782.8548; 0.7699869; 106.6255; After ; 0.9178563; null
27; Bicycle; Interference; Intention; 30.10.2023 11:35:25; 782.752; 0.7699876; 106.6237; After ; 0.9337822; null
27; Bicycle; Interference; Intention; 30.10.2023 11:35:25; 782.4955; 0.7699873; 106.6191; After ; 0.9659073; null
27; Bicycle; Interference; Intention; 30.10.2023 11:35:25; 782.3848; 0.7699881; 106.6171; After ; 0.9783841; null
27; Bicycle; Interference; Intention; 30.10.2023 11:35:25; 782.2586; 0.7699877; 106.6149; After ; 0.992105; null
27; Bicycle; Interference; Intention; 30.10.2023 11:35:25; 782.0927; 0.7699873; 106.6118; After ; 1.007725; null
27; Bicycle; Interference; Intention; 30.10.2023 11:35:25; 781.9728; 0.769987; 106.6096; After ; 1.028246; null
27; Bicycle; Interference; Intention; 30.10.2023 11:35:25; 781.7351; 0.7699871; 106.6053; After ; 1.057841; null
27; Bicycle; Interference; Intention; 30.10.2023 11:35:25; 781.5042; 0.7699864; 106.601; After ; 1.08661; null
27; Bicycle; Interference; Intention; 30.10.2023 11:35:25; 781.5042; 0.7699864; 106.601; After ; 1.08661; null
27; Bicycle; Interference; Intention; 30.10.2023 11:35:25; 781.2599; 0.7699859; 106.5965; After ; 1.115364; null
27; Bicycle; Interference; Intention; 30.10.2023 11:35:25; 781.1596; 0.7699858; 106.5947; After ; 1.130853; null
27; Bicycle; Interference; Intention; 30.10.2023 11:35:25; 781.0352; 0.7699864; 106.5924; After ; 1.143166; null
27; Bicycle; Interference; Intention; 30.10.2023 11:35:25; 780.7179; 0.7699862; 106.5866; After ; 1.18266; null
27; Bicycle; Interference; Intention; 30.10.2023 11:35:25; 780.6064; 0.7699864; 106.5846; After ; 1.197281; null
27; Bicycle; Interference; Intention; 30.10.2023 11:35:25; 780.4998; 0.7699871; 106.5827; After ; 1.210905; null
27; Bicycle; Interference; Intention; 30.10.2023 11:35:25; 780.2393; 0.7699865; 106.5782; After ; 1.242018; null
27; Bicycle; Interference; Intention; 30.10.2023 11:35:25; 780.1295; 0.7699869; 106.5763; After ; 1.255754; null
27; Bicycle; Interference; Intention; 30.10.2023 11:35:25; 779.8762; 0.7699869; 106.572; After ; 1.283184; null
27; Bicycle; Interference; Intention; 30.10.2023 11:35:25; 779.8762; 0.7699869; 106.572; After ; 1.283184; null
27; Bicycle; Interference; Intention; 30.10.2023 11:35:25; 779.7473; 0.7699876; 106.5698; After ; 1.299985; null
27; Bicycle; Interference; Intention; 30.10.2023 11:35:25; 779.4235; 0.7699871; 106.5646; After ; 1.339246; null
27; Bicycle; Interference; Intention; 30.10.2023 11:35:25; 779.3209; 0.7699873; 106.563; After ; 1.354998; null
27; Bicycle; Interference; Intention; 30.10.2023 11:35:25; 779.0923; 0.7699881; 106.5594; After ; 1.379756; null
27; Bicycle; Interference; Intention; 30.10.2023 11:35:25; 778.9767; 0.7699884; 106.5577; After ; 1.395152; null
27; Bicycle; Interference; Intention; 30.10.2023 11:35:25; 778.8691; 0.7699885; 106.556; After ; 1.409136; null
27; Bicycle; Interference; Intention; 30.10.2023 11:35:25; 778.6155; 0.7699884; 106.5522; After ; 1.435497; null
27; Bicycle; Interference; Intention; 30.10.2023 11:35:25; 778.4972; 0.7699878; 106.5504; After ; 1.452812; null
27; Bicycle; Interference; Intention; 30.10.2023 11:35:25; 778.3374; 0.7699873; 106.548; After ; 1.4671; null
27; Bicycle; Interference; Intention; 30.10.2023 11:35:25; 778.2076; 0.7699876; 106.5461; After ; 1.486374; null
27; Bicycle; Interference; Intention; 30.10.2023 11:35:25; 777.9648; 0.7699878; 106.5424; After ; 1.518258; null
27; Bicycle; Interference; Intention; 30.10.2023 11:35:25; 777.7626; 0.7699877; 106.5394; After ; 1.543122; null
27; Bicycle; Interference; Intention; 30.10.2023 11:35:25; 777.6407; 0.7699876; 106.5375; After ; 1.555584; null
27; Bicycle; Interference; Intention; 30.10.2023 11:35:25; 777.3922; 0.769987; 106.5337; After ; 1.5864; null
27; Bicycle; Interference; Intention; 30.10.2023 11:35:25; 777.3922; 0.769987; 106.5337; After ; 1.5864; null
27; Bicycle; Interference; Intention; 30.10.2023 11:35:25; 777.1472; 0.7699869; 106.53; After ; 1.614906; null
27; Bicycle; Interference; Intention; 30.10.2023 11:35:25; 776.9772; 0.7699866; 106.5274; Goal ; Total Time: 20.53736; null
27; Bicycle; Interference; Intention; 30.10.2023 11:35:25; 776.8394; 0.7699862; 106.5253; Goal ; Total Time: 20.55772; null
27; Bicycle; Interference; Intention; 30.10.2023 11:35:25; 776.608; 0.7699871; 106.5219; Goal ; Total Time: 20.58692; null
27; Bicycle; Interference; Intention; 30.10.2023 11:35:25; 776.4714; 0.7699876; 106.5198; Goal ; Total Time: 20.60188; null
27; Bicycle; Interference; Intention; 30.10.2023 11:35:25; 776.3683; 0.7699871; 106.5183; Goal ; Total Time: 20.61821; null
27; Bicycle; Interference; Intention; 30.10.2023 11:35:25; 776.1151; 0.7699871; 106.5146; Goal ; Total Time: 20.64481; null
27; Bicycle; Interference; Intention; 30.10.2023 11:35:25; 776.0022; 0.7699871; 106.513; Goal ; Total Time: 20.66075; null
27; Bicycle; Interference; Intention; 30.10.2023 11:35:25; 775.8632; 0.7699878; 106.5111; Goal ; Total Time: 20.6742; null
27; Bicycle; Interference; Intention; 30.10.2023 11:35:25; 775.8632; 0.7699878; 106.5111; Goal ; Total Time: 20.6742; null
27; Bicycle; Interference; Intention; 30.10.2023 11:35:25; 775.5651; 0.7699881; 106.507; Goal ; Total Time: 20.69078; null
