user_id; scenario; distraction; ehmi; timestamp; userPositionX; userPositionY; userPositionZ; playerPositon; time; focused object
25; Bicycle; Noise; Intention; 25.10.2023 14:35:54; 869.3503; 0.83; 107.1881; HI; null
25; Bicycle; Noise; Intention; 25.10.2023 14:35:55; 869.3503; 0.8269753; 107.1881; Before; 0.02; Checking Box Human
25; Bicycle; Noise; Intention; 25.10.2023 14:35:56; 869.3503; 0.8269753; 107.1881; Before; 0.02; Checking Box Human
25; Bicycle; Noise; Intention; 25.10.2023 14:35:56; 869.3503; 0.8269753; 107.1881; Before; 0.02; Checking Box Human
25; Bicycle; Noise; Intention; 25.10.2023 14:35:56; 869.3503; 0.8269753; 107.1881; Before; 0.02; Checking Box Human
25; Bicycle; Noise; Intention; 25.10.2023 14:35:56; 869.3503; 0.8269753; 107.1881; Before; 0.02; Checking Box Human
25; Bicycle; Noise; Intention; 25.10.2023 14:35:56; 869.3503; 0.8269753; 107.1881; Before; 0.02; Checking Box Human
25; Bicycle; Noise; Intention; 25.10.2023 14:35:56; 869.3503; 0.8269753; 107.1881; Before; 0.02; Checking Box Human
25; Bicycle; Noise; Intention; 25.10.2023 14:35:56; 869.3503; 0.8269753; 107.1881; Before; 0.02; Checking Box Human
25; Bicycle; Noise; Intention; 25.10.2023 14:35:56; 869.3503; 0.8269753; 107.1881; Before; 0.02; Checking Box Human
25; Bicycle; Noise; Intention; 25.10.2023 14:35:56; 869.3503; 0.8269753; 107.1881; Before; 0.02; Checking Box Human
25; Bicycle; Noise; Intention; 25.10.2023 14:35:56; 869.3503; 0.8269753; 107.1881; Before; 0.02; Checking Box Human
25; Bicycle; Noise; Intention; 25.10.2023 14:35:56; 869.3503; 0.8269753; 107.1881; Before; 0.02; Checking Box Human
25; Bicycle; Noise; Intention; 25.10.2023 14:35:56; 869.3503; 0.8269753; 107.1881; Before; 0.02; Checking Box Human
25; Bicycle; Noise; Intention; 25.10.2023 14:35:56; 869.3503; 0.8269753; 107.1881; Before; 0.02; Checking Box Human
25; Bicycle; Noise; Intention; 25.10.2023 14:35:56; 869.3503; 0.8269753; 107.1881; Before; 0.02; Checking Box Human
25; Bicycle; Noise; Intention; 25.10.2023 14:35:56; 869.3503; 0.8269753; 107.1881; Before; 0.02; Checking Box Human
25; Bicycle; Noise; Intention; 25.10.2023 14:35:56; 869.3503; 0.8269753; 107.1881; Before; 0.02; Checking Box Human
25; Bicycle; Noise; Intention; 25.10.2023 14:35:56; 869.3503; 0.7692157; 107.1881; Before; 0.04; null
25; Bicycle; Noise; Intention; 25.10.2023 14:35:56; 869.3503; 0.7692157; 107.1881; Before; 0.04; null
25; Bicycle; Noise; Intention; 25.10.2023 14:35:56; 869.3503; 0.7692157; 107.1881; Before; 0.04; null
25; Bicycle; Noise; Intention; 25.10.2023 14:35:56; 869.3503; 0.7692157; 107.1881; Before; 0.04; null
25; Bicycle; Noise; Intention; 25.10.2023 14:35:56; 869.3503; 0.7692157; 107.1881; Before; 0.04; null
25; Bicycle; Noise; Intention; 25.10.2023 14:35:56; 869.3503; 0.7692157; 107.1881; Before; 0.04; null
25; Bicycle; Noise; Intention; 25.10.2023 14:35:56; 869.3503; 0.7580347; 107.1881; Before; 0.3733333; null
25; Bicycle; Noise; Intention; 25.10.2023 14:35:56; 869.3503; 0.7580347; 107.1881; Before; 0.3733333; null
25; Bicycle; Noise; Intention; 25.10.2023 14:35:56; 869.3503; 0.7580347; 107.1881; Before; 0.3733333; null
25; Bicycle; Noise; Intention; 25.10.2023 14:35:56; 869.3503; 0.7550676; 107.1881; Before; 0.4994782; null
25; Bicycle; Noise; Intention; 25.10.2023 14:35:56; 869.3503; 0.7532175; 107.1881; Before; 0.5704649; null
25; Bicycle; Noise; Intention; 25.10.2023 14:35:56; 869.3503; 0.7525656; 107.1881; Before; 0.5863495; null
25; Bicycle; Noise; Intention; 25.10.2023 14:35:56; 869.3503; 0.7525656; 107.1881; Before; 0.5863495; null
25; Bicycle; Noise; Intention; 25.10.2023 14:35:56; 869.3503; 0.7510591; 107.1881; Before; 0.6223107; null
25; Bicycle; Noise; Intention; 25.10.2023 14:35:56; 869.3503; 0.7505646; 107.1881; Before; 0.6401212; null
25; Bicycle; Noise; Intention; 25.10.2023 14:35:56; 869.3503; 0.7496573; 107.1881; Before; 0.6692001; null
25; Bicycle; Noise; Intention; 25.10.2023 14:35:56; 869.3503; 0.749269; 107.1881; Before; 0.6838276; null
25; Bicycle; Noise; Intention; 25.10.2023 14:35:56; 869.3503; 0.7488234; 107.1881; Before; 0.6976196; null
25; Bicycle; Noise; Intention; 25.10.2023 14:35:56; 869.3503; 0.7484131; 107.1881; Before; 0.714776; null
25; Bicycle; Noise; Intention; 25.10.2023 14:35:56; 869.3503; 0.7477672; 107.1881; Before; 0.747664; null
25; Bicycle; Noise; Intention; 25.10.2023 14:35:56; 869.3503; 0.7474515; 107.1881; Before; 0.7616481; null
25; Bicycle; Noise; Intention; 25.10.2023 14:35:56; 869.3503; 0.746915; 107.1881; Before; 0.7949026; null
25; Bicycle; Noise; Intention; 25.10.2023 14:35:56; 869.3503; 0.746915; 107.1881; Before; 0.7949026; null
25; Bicycle; Noise; Intention; 25.10.2023 14:35:56; 869.3503; 0.7466557; 107.1881; Before; 0.808742; null
25; Bicycle; Noise; Intention; 25.10.2023 14:35:56; 869.3503; 0.7461555; 107.1881; Before; 0.8467162; null
25; Bicycle; Noise; Intention; 25.10.2023 14:35:56; 869.3504; 0.7459791; 107.1881; Before; 0.8619493; null
25; Bicycle; Noise; Intention; 25.10.2023 14:35:56; 869.3503; 0.7456388; 107.1881; Before; 0.8935869; null
25; Bicycle; Noise; Intention; 25.10.2023 14:35:56; 869.3503; 0.7456388; 107.1881; Before; 0.8935869; null
25; Bicycle; Noise; Intention; 25.10.2023 14:35:56; 869.3503; 0.7453616; 107.1881; Before; 0.9211356; null
25; Bicycle; Noise; Intention; 25.10.2023 14:35:56; 869.3503; 0.7452226; 107.1881; Before; 0.9369522; null
25; Bicycle; Noise; Intention; 25.10.2023 14:35:56; 869.3503; 0.7450984; 107.1881; Before; 0.9532133; null
25; Bicycle; Noise; Intention; 25.10.2023 14:35:56; 869.3503; 0.7448583; 107.1881; Before; 0.9871204; null
25; Bicycle; Noise; Intention; 25.10.2023 14:35:56; 869.3503; 0.7447584; 107.1881; Before; 1.003407; null
25; Bicycle; Noise; Intention; 25.10.2023 14:35:56; 869.3503; 0.7446599; 107.1881; Before; 1.019391; null
25; Bicycle; Noise; Intention; 25.10.2023 14:35:56; 869.3503; 0.7445635; 107.1881; Before; 1.036675; null
25; Bicycle; Noise; Intention; 25.10.2023 14:35:56; 869.3503; 0.7444761; 107.1881; Before; 1.054948; null
25; Bicycle; Noise; Intention; 25.10.2023 14:35:56; 869.3503; 0.7443238; 107.1881; Before; 1.089605; null
25; Bicycle; Noise; Intention; 25.10.2023 14:35:56; 869.3503; 0.7443238; 107.1881; Before; 1.089605; null
25; Bicycle; Noise; Intention; 25.10.2023 14:35:56; 869.3503; 0.7442658; 107.1881; Before; 1.108603; null
25; Bicycle; Noise; Intention; 25.10.2023 14:35:56; 869.3503; 0.7441339; 107.1881; Before; 1.144041; null
25; Bicycle; Noise; Intention; 25.10.2023 14:35:56; 869.3503; 0.7440953; 107.1881; Before; 1.163751; null
25; Bicycle; Noise; Intention; 25.10.2023 14:35:57; 869.3503; 0.7440152; 107.1881; Before; 1.192038; null
25; Bicycle; Noise; Intention; 25.10.2023 14:35:57; 869.3503; 0.7440152; 107.1881; Before; 1.192038; null
25; Bicycle; Noise; Intention; 25.10.2023 14:35:57; 869.3503; 0.7439413; 107.1881; Before; 1.222354; null
25; Bicycle; Noise; Intention; 25.10.2023 14:35:57; 869.3503; 0.7439122; 107.1881; Before; 1.240062; null
25; Bicycle; Noise; Intention; 25.10.2023 14:35:57; 869.3503; 0.7438555; 107.1881; Before; 1.269824; null
25; Bicycle; Noise; Intention; 25.10.2023 14:35:57; 869.3503; 0.7438313; 107.1881; Before; 1.285534; null
25; Bicycle; Noise; Intention; 25.10.2023 14:35:57; 869.3503; 0.743807; 107.1881; Before; 1.30064; null
25; Bicycle; Noise; Intention; 25.10.2023 14:35:57; 869.3503; 0.7437887; 107.1881; Before; 1.316576; null
25; Bicycle; Noise; Intention; 25.10.2023 14:35:57; 869.3503; 0.7437506; 107.1881; Before; 1.343583; null
25; Bicycle; Noise; Intention; 25.10.2023 14:35:57; 869.3503; 0.7437333; 107.1881; Before; 1.359365; null
25; Bicycle; Noise; Intention; 25.10.2023 14:35:57; 869.3503; 0.7436991; 107.1881; Before; 1.388706; null
25; Bicycle; Noise; Intention; 25.10.2023 14:35:57; 869.3503; 0.7436991; 107.1881; Before; 1.388706; null
25; Bicycle; Noise; Intention; 25.10.2023 14:35:57; 869.3503; 0.7436826; 107.1881; Before; 1.407546; null
25; Bicycle; Noise; Intention; 25.10.2023 14:35:57; 869.3503; 0.7436563; 107.1881; Before; 1.442796; null
25; Bicycle; Noise; Intention; 25.10.2023 14:35:57; 869.3503; 0.7436448; 107.1881; Before; 1.458894; null
25; Bicycle; Noise; Intention; 25.10.2023 14:35:57; 869.3503; 0.7436247; 107.1881; Before; 1.489795; null
25; Bicycle; Noise; Intention; 25.10.2023 14:35:57; 869.3503; 0.7436247; 107.1881; Before; 1.489795; null
25; Bicycle; Noise; Intention; 25.10.2023 14:35:57; 869.3503; 0.7436141; 107.1881; Before; 1.506435; null
25; Bicycle; Noise; Intention; 25.10.2023 14:35:57; 869.3503; 0.743596; 107.1881; Before; 1.545542; null
25; Bicycle; Noise; Intention; 25.10.2023 14:35:57; 869.3503; 0.7435882; 107.1881; Before; 1.561506; null
25; Bicycle; Noise; Intention; 25.10.2023 14:35:57; 869.3503; 0.7435817; 107.1881; Before; 1.579988; null
25; Bicycle; Noise; Intention; 25.10.2023 14:35:57; 869.3503; 0.7435763; 107.1881; Before; 1.595559; null
25; Bicycle; Noise; Intention; 25.10.2023 14:35:57; 869.3503; 0.7435653; 107.1881; Before; 1.627286; null
25; Bicycle; Noise; Intention; 25.10.2023 14:35:57; 869.3503; 0.743561; 107.1881; Before; 1.641814; null
25; Bicycle; Noise; Intention; 25.10.2023 14:35:57; 869.3503; 0.743556; 107.1881; Before; 1.657312; null
25; Bicycle; Noise; Intention; 25.10.2023 14:35:57; 869.3503; 0.7435488; 107.1881; Before; 1.688782; null
25; Bicycle; Noise; Intention; 25.10.2023 14:35:57; 869.3503; 0.7435453; 107.1881; Before; 1.704619; null
25; Bicycle; Noise; Intention; 25.10.2023 14:35:57; 869.3503; 0.7435424; 107.1881; Before; 1.719181; null
25; Bicycle; Noise; Intention; 25.10.2023 14:35:57; 869.3503; 0.7435389; 107.1881; Before; 1.734875; null
25; Bicycle; Noise; Intention; 25.10.2023 14:35:57; 869.3503; 0.7435331; 107.1881; Before; 1.769008; null
25; Bicycle; Noise; Intention; 25.10.2023 14:35:57; 869.3503; 0.7435309; 107.1881; Before; 1.785215; null
25; Bicycle; Noise; Intention; 25.10.2023 14:35:57; 869.3503; 0.7435284; 107.1881; Before; 1.80179; null
25; Bicycle; Noise; Intention; 25.10.2023 14:35:57; 869.3503; 0.7435265; 107.1881; Before; 1.817985; null
25; Bicycle; Noise; Intention; 25.10.2023 14:35:57; 869.3503; 0.7435243; 107.1881; Before; 1.83513; null
25; Bicycle; Noise; Intention; 25.10.2023 14:35:57; 869.3503; 0.7435222; 107.1881; Before; 1.85402; null
25; Bicycle; Noise; Intention; 25.10.2023 14:35:57; 869.3503; 0.7435191; 107.1881; Before; 1.887651; null
25; Bicycle; Noise; Intention; 25.10.2023 14:35:57; 869.3503; 0.7435176; 107.1881; Before; 1.903968; null
25; Bicycle; Noise; Intention; 25.10.2023 14:35:57; 869.3503; 0.7435166; 107.1881; Before; 1.919838; null
25; Bicycle; Noise; Intention; 25.10.2023 14:35:57; 869.3503; 0.7435151; 107.1881; Before; 1.935732; null
25; Bicycle; Noise; Intention; 25.10.2023 14:35:57; 869.3503; 0.7435139; 107.1881; Before; 1.953183; null
25; Bicycle; Noise; Intention; 25.10.2023 14:35:57; 869.3503; 0.7435117; 107.1881; Before; 1.989138; null
25; Bicycle; Noise; Intention; 25.10.2023 14:35:57; 869.3503; 0.7435117; 107.1881; Before; 1.989138; null
25; Bicycle; Noise; Intention; 25.10.2023 14:35:57; 869.3503; 0.74351; 107.1881; Before; 2.020927; null
25; Bicycle; Noise; Intention; 25.10.2023 14:35:57; 869.3503; 0.7435094; 107.1881; Before; 2.038783; null
25; Bicycle; Noise; Intention; 25.10.2023 14:35:57; 869.3503; 0.7435082; 107.1881; Before; 2.067549; null
25; Bicycle; Noise; Intention; 25.10.2023 14:35:57; 869.3503; 0.7435076; 107.1881; Before; 2.084104; null
25; Bicycle; Noise; Intention; 25.10.2023 14:35:57; 869.3503; 0.7435074; 107.1881; Before; 2.097524; null
25; Bicycle; Noise; Intention; 25.10.2023 14:35:57; 869.3503; 0.7435067; 107.1881; Before; 2.11203; null
25; Bicycle; Noise; Intention; 25.10.2023 14:35:57; 869.3503; 0.7435058; 107.1881; Before; 2.144274; null
25; Bicycle; Noise; Intention; 25.10.2023 14:35:57; 869.3503; 0.7435054; 107.1881; Before; 2.159718; null
25; Bicycle; Noise; Intention; 25.10.2023 14:35:58; 869.3503; 0.7435048; 107.1881; Before; 2.188378; null
25; Bicycle; Noise; Intention; 25.10.2023 14:35:58; 869.3503; 0.7435044; 107.1881; Before; 2.204209; null
25; Bicycle; Noise; Intention; 25.10.2023 14:35:58; 869.3503; 0.7435044; 107.1881; Before; 2.2188; null
25; Bicycle; Noise; Intention; 25.10.2023 14:35:58; 869.3503; 0.7435038; 107.1881; Before; 2.233454; null
25; Bicycle; Noise; Intention; 25.10.2023 14:35:58; 869.3503; 0.7435033; 107.1881; Before; 2.268823; null
25; Bicycle; Noise; Intention; 25.10.2023 14:35:58; 869.3503; 0.7435033; 107.1881; Before; 2.284693; null
25; Bicycle; Noise; Intention; 25.10.2023 14:35:58; 869.3503; 0.7435029; 107.1881; Before; 2.302109; null
25; Bicycle; Noise; Intention; 25.10.2023 14:35:58; 869.3503; 0.7435031; 107.1881; Before; 2.318677; null
25; Bicycle; Noise; Intention; 25.10.2023 14:35:58; 869.3503; 0.7435024; 107.1881; Before; 2.34897; null
25; Bicycle; Noise; Intention; 25.10.2023 14:35:58; 869.3503; 0.7435025; 107.1881; Before; 2.363339; null
25; Bicycle; Noise; Intention; 25.10.2023 14:35:58; 869.3503; 0.7435019; 107.1881; Before; 2.379353; null
25; Bicycle; Noise; Intention; 25.10.2023 14:35:58; 869.3503; 0.743502; 107.1881; Before; 2.397463; null
25; Bicycle; Noise; Intention; 25.10.2023 14:35:58; 869.3503; 0.7435019; 107.1881; Before; 2.41482; null
25; Bicycle; Noise; Intention; 25.10.2023 14:35:58; 869.3503; 0.7435017; 107.1881; Before; 2.433682; null
25; Bicycle; Noise; Intention; 25.10.2023 14:35:58; 869.3503; 0.7435014; 107.1881; Before; 2.466454; null
25; Bicycle; Noise; Intention; 25.10.2023 14:35:58; 869.3503; 0.7435017; 107.1881; Before; 2.485362; null
25; Bicycle; Noise; Intention; 25.10.2023 14:35:58; 869.3503; 0.7435012; 107.1881; Before; 2.500219; null
25; Bicycle; Noise; Intention; 25.10.2023 14:35:58; 869.3503; 0.7435012; 107.1881; Before; 2.519164; null
25; Bicycle; Noise; Intention; 25.10.2023 14:35:58; 869.3503; 0.7435009; 107.1881; Before; 2.537846; null
25; Bicycle; Noise; Intention; 25.10.2023 14:35:58; 869.3503; 0.7435008; 107.1881; Before; 2.56941; null
25; Bicycle; Noise; Intention; 25.10.2023 14:35:58; 869.3504; 0.7435011; 107.1881; Before; 2.586479; null
25; Bicycle; Noise; Intention; 25.10.2023 14:35:58; 869.3503; 0.7435007; 107.1881; Before; 2.601815; null
25; Bicycle; Noise; Intention; 25.10.2023 14:35:58; 869.3503; 0.7435011; 107.1881; Before; 2.619646; null
25; Bicycle; Noise; Intention; 25.10.2023 14:35:58; 869.3503; 0.7435007; 107.1881; Before; 2.632995; null
25; Bicycle; Noise; Intention; 25.10.2023 14:35:58; 869.3503; 0.7435008; 107.1881; Before; 2.651029; null
25; Bicycle; Noise; Intention; 25.10.2023 14:35:58; 869.3503; 0.7435007; 107.1881; Before; 2.687003; null
25; Bicycle; Noise; Intention; 25.10.2023 14:35:58; 869.3503; 0.7435007; 107.1881; Before; 2.687003; null
25; Bicycle; Noise; Intention; 25.10.2023 14:35:58; 869.3503; 0.7435007; 107.1881; Before; 2.7215; null
25; Bicycle; Noise; Intention; 25.10.2023 14:35:58; 869.3503; 0.7435007; 107.1881; Before; 2.739233; Checking Box AICar
25; Bicycle; Noise; Intention; 25.10.2023 14:35:58; 869.3503; 0.7435008; 107.1881; Before; 2.758702; Checking Box AICar
25; Bicycle; Noise; Intention; 25.10.2023 14:35:58; 869.3503; 0.7435005; 107.1881; Before; 2.77606; Checking Box AICar
25; Bicycle; Noise; Intention; 25.10.2023 14:35:58; 869.3503; 0.7435009; 107.1881; Before; 2.794443; Checking Box AICar
25; Bicycle; Noise; Intention; 25.10.2023 14:35:58; 869.3503; 0.7435005; 107.1881; Before; 2.825148; null
25; Bicycle; Noise; Intention; 25.10.2023 14:35:58; 869.3503; 0.7435007; 107.1881; Before; 2.839931; null
25; Bicycle; Noise; Intention; 25.10.2023 14:35:58; 869.3503; 0.7435005; 107.1881; Before; 2.856256; null
25; Bicycle; Noise; Intention; 25.10.2023 14:35:58; 869.3503; 0.7435004; 107.1881; Before; 2.890754; null
25; Bicycle; Noise; Intention; 25.10.2023 14:35:58; 869.3503; 0.7435004; 107.1881; Before; 2.890754; null
25; Bicycle; Noise; Intention; 25.10.2023 14:35:58; 869.3503; 0.7435004; 107.1881; Before; 2.923179; null
25; Bicycle; Noise; Intention; 25.10.2023 14:35:58; 869.3503; 0.7435007; 107.1881; Before; 2.941621; null
25; Bicycle; Noise; Intention; 25.10.2023 14:35:58; 869.3503; 0.7435004; 107.1881; Before; 2.970955; null
25; Bicycle; Noise; Intention; 25.10.2023 14:35:58; 869.3503; 0.7435005; 107.1881; Before; 2.985433; null
25; Bicycle; Noise; Intention; 25.10.2023 14:35:58; 869.3503; 0.7435005; 107.1881; Before; 2.985433; null
25; Bicycle; Noise; Intention; 25.10.2023 14:35:58; 869.3503; 0.7435002; 107.1881; Before; 3.023728; null
25; Bicycle; Noise; Intention; 25.10.2023 14:35:58; 869.3503; 0.7435005; 107.1881; Before; 3.040507; null
25; Bicycle; Noise; Intention; 25.10.2023 14:35:58; 869.3503; 0.7435002; 107.1881; Before; 3.057168; null
25; Bicycle; Noise; Intention; 25.10.2023 14:35:58; 869.3503; 0.7435002; 107.1881; Before; 3.091182; null
25; Bicycle; Noise; Intention; 25.10.2023 14:35:58; 869.3503; 0.7435002; 107.1881; Before; 3.091182; null
25; Bicycle; Noise; Intention; 25.10.2023 14:35:58; 869.3503; 0.7435002; 107.1881; Before; 3.122564; null
25; Bicycle; Noise; Intention; 25.10.2023 14:35:58; 869.3503; 0.7435005; 107.1881; Before; 3.140184; null
25; Bicycle; Noise; Intention; 25.10.2023 14:35:58; 869.3503; 0.7435002; 107.1881; Before; 3.156893; null
25; Bicycle; Noise; Intention; 25.10.2023 14:35:59; 869.3503; 0.7435004; 107.1881; Before; 3.189146; null
25; Bicycle; Noise; Intention; 25.10.2023 14:35:59; 869.3503; 0.7435004; 107.1881; Before; 3.189146; null
25; Bicycle; Noise; Intention; 25.10.2023 14:35:59; 869.3503; 0.7435004; 107.1881; Before; 3.221026; null
25; Bicycle; Noise; Intention; 25.10.2023 14:35:59; 869.3503; 0.7435002; 107.1881; Before; 3.238095; null
25; Bicycle; Noise; Intention; 25.10.2023 14:35:59; 869.3503; 0.7435002; 107.1881; Before; 3.268129; null
25; Bicycle; Noise; Intention; 25.10.2023 14:35:59; 869.3503; 0.7435006; 107.1881; Before; 3.285215; null
25; Bicycle; Noise; Intention; 25.10.2023 14:35:59; 869.3503; 0.7435004; 107.1881; Before; 3.299937; null
25; Bicycle; Noise; Intention; 25.10.2023 14:35:59; 869.3503; 0.7435002; 107.1881; Before; 3.31452; null
25; Bicycle; Noise; Intention; 25.10.2023 14:35:59; 869.3503; 0.7435002; 107.1881; Before; 3.34362; null
25; Bicycle; Noise; Intention; 25.10.2023 14:35:59; 869.3503; 0.7435006; 107.1881; Before; 3.360287; null
25; Bicycle; Noise; Intention; 25.10.2023 14:35:59; 869.3503; 0.7435004; 107.1881; Before; 3.375643; null
25; Bicycle; Noise; Intention; 25.10.2023 14:35:59; 869.3503; 0.7435006; 107.1881; Before; 3.392282; null
25; Bicycle; Noise; Intention; 25.10.2023 14:35:59; 869.3503; 0.7435002; 107.1881; Before; 3.425825; null
25; Bicycle; Noise; Intention; 25.10.2023 14:35:59; 869.3503; 0.7435002; 107.1881; Before; 3.438883; null
25; Bicycle; Noise; Intention; 25.10.2023 14:35:59; 869.3503; 0.7435005; 107.1881; Before; 3.464617; null
25; Bicycle; Noise; Intention; 25.10.2023 14:35:59; 869.3503; 0.7435002; 107.1881; Before; 3.492355; null
25; Bicycle; Noise; Intention; 25.10.2023 14:35:59; 869.3503; 0.7435001; 107.1881; Before; 3.505634; null
25; Bicycle; Noise; Intention; 25.10.2023 14:35:59; 869.3503; 0.7435005; 107.1881; Before; 3.519993; null
25; Bicycle; Noise; Intention; 25.10.2023 14:35:59; 869.3503; 0.7435002; 107.1881; Before; 3.534455; null
25; Bicycle; Noise; Intention; 25.10.2023 14:35:59; 869.3503; 0.7435004; 107.1881; Before; 3.566627; null
25; Bicycle; Noise; Intention; 25.10.2023 14:35:59; 869.3503; 0.7435001; 107.1881; Before; 3.595143; null
25; Bicycle; Noise; Intention; 25.10.2023 14:35:59; 869.3503; 0.7435001; 107.1881; Before; 3.595143; null
25; Bicycle; Noise; Intention; 25.10.2023 14:35:59; 869.3503; 0.7435004; 107.1881; Before; 3.621964; null
25; Bicycle; Noise; Intention; 25.10.2023 14:35:59; 869.3503; 0.7435002; 107.1881; Before; 3.649609; null
25; Bicycle; Noise; Intention; 25.10.2023 14:35:59; 869.3503; 0.7435005; 107.1881; Before; 3.663; null
25; Bicycle; Noise; Intention; 25.10.2023 14:35:59; 869.3503; 0.7435002; 107.1881; Before; 3.691076; null
25; Bicycle; Noise; Intention; 25.10.2023 14:35:59; 869.3503; 0.7435001; 107.1881; Before; 3.704893; null
25; Bicycle; Noise; Intention; 25.10.2023 14:35:59; 869.3503; 0.7435006; 107.1881; Before; 3.719332; null
25; Bicycle; Noise; Intention; 25.10.2023 14:35:59; 869.3503; 0.7435002; 107.1881; Before; 3.746642; null
25; Bicycle; Noise; Intention; 25.10.2023 14:35:59; 869.3503; 0.7435002; 107.1881; Before; 3.761021; null
25; Bicycle; Noise; Intention; 25.10.2023 14:35:59; 869.3503; 0.7435004; 107.1881; Before; 3.788018; null
25; Bicycle; Noise; Intention; 25.10.2023 14:35:59; 869.3503; 0.7435004; 107.1881; Before; 3.788018; null
25; Bicycle; Noise; Intention; 25.10.2023 14:35:59; 869.3503; 0.7435005; 107.1881; Before; 3.820203; null
25; Bicycle; Noise; Intention; 25.10.2023 14:35:59; 869.3503; 0.7435002; 107.1881; Before; 3.848803; null
25; Bicycle; Noise; Intention; 25.10.2023 14:35:59; 869.3503; 0.7435005; 107.1881; Before; 3.862726; null
25; Bicycle; Noise; Intention; 25.10.2023 14:35:59; 869.3503; 0.7435002; 107.1881; Before; 3.891268; null
25; Bicycle; Noise; Intention; 25.10.2023 14:35:59; 869.3503; 0.7435001; 107.1881; Before; 3.90465; null
25; Bicycle; Noise; Intention; 25.10.2023 14:35:59; 869.3504; 0.7435006; 107.1881; Before; 3.919292; null
25; Bicycle; Noise; Intention; 25.10.2023 14:35:59; 869.3503; 0.7435001; 107.1881; Before; 3.949642; null
25; Bicycle; Noise; Intention; 25.10.2023 14:35:59; 869.3503; 0.7435004; 107.1881; Before; 3.963447; null
25; Bicycle; Noise; Intention; 25.10.2023 14:35:59; 869.3503; 0.7435002; 107.1881; Before; 3.980675; null
25; Bicycle; Noise; Intention; 25.10.2023 14:35:59; 869.3504; 0.7435006; 107.1881; Before; 3.996439; null
25; Bicycle; Noise; Intention; 25.10.2023 14:35:59; 869.3503; 0.7435001; 107.1881; Before; 4.027649; null
25; Bicycle; Noise; Intention; 25.10.2023 14:35:59; 869.3504; 0.7435005; 107.1881; Before; 4.04164; null
25; Bicycle; Noise; Intention; 25.10.2023 14:35:59; 869.3503; 0.7435002; 107.1881; Before; 4.056586; null
25; Bicycle; Noise; Intention; 25.10.2023 14:35:59; 869.3503; 0.7435001; 107.1881; Before; 4.09045; null
25; Bicycle; Noise; Intention; 25.10.2023 14:35:59; 869.3503; 0.7435001; 107.1881; Before; 4.09045; null
25; Bicycle; Noise; Intention; 25.10.2023 14:35:59; 869.3503; 0.7435002; 107.1881; Before; 4.122467; null
25; Bicycle; Noise; Intention; 25.10.2023 14:35:59; 869.3503; 0.7435001; 107.1881; Before; 4.138596; null
25; Bicycle; Noise; Intention; 25.10.2023 14:35:59; 869.3503; 0.7435004; 107.1881; Before; 4.165488; null
25; Bicycle; Noise; Intention; 25.10.2023 14:36:00; 869.3503; 0.7435002; 107.1881; Before; 4.181943; null
25; Bicycle; Noise; Intention; 25.10.2023 14:36:00; 869.3503; 0.7435002; 107.1881; Before; 4.196931; null
25; Bicycle; Noise; Intention; 25.10.2023 14:36:00; 869.3503; 0.7435005; 107.1881; Before; 4.216258; null
25; Bicycle; Noise; Intention; 25.10.2023 14:36:00; 869.3503; 0.7435002; 107.1881; Before; 4.2328; null
25; Bicycle; Noise; Intention; 25.10.2023 14:36:00; 869.3503; 0.7435004; 107.1881; Before; 4.264835; null
25; Bicycle; Noise; Intention; 25.10.2023 14:36:00; 869.3503; 0.7435001; 107.1881; Before; 4.281551; null
25; Bicycle; Noise; Intention; 25.10.2023 14:36:00; 869.3503; 0.7435005; 107.1881; Before; 4.297081; null
25; Bicycle; Noise; Intention; 25.10.2023 14:36:00; 869.3503; 0.7435001; 107.1881; Before; 4.328163; null
25; Bicycle; Noise; Intention; 25.10.2023 14:36:00; 869.3503; 0.7435001; 107.1881; Before; 4.328163; null
25; Bicycle; Noise; Intention; 25.10.2023 14:36:00; 869.3504; 0.7435005; 107.1881; Before; 4.341944; null
25; Bicycle; Noise; Intention; 25.10.2023 14:36:00; 869.3503; 0.7435002; 107.1881; Before; 4.388866; null
25; Bicycle; Noise; Intention; 25.10.2023 14:36:00; 869.3503; 0.7435002; 107.1881; Before; 4.388866; null
25; Bicycle; Noise; Intention; 25.10.2023 14:36:00; 869.3502; 0.7435617; 107.1881; Before; 4.420975; null
25; Bicycle; Noise; Intention; 25.10.2023 14:36:00; 869.3497; 0.7436864; 107.1881; Before; 4.438225; null
25; Bicycle; Noise; Intention; 25.10.2023 14:36:00; 869.3492; 0.7439047; 107.1881; Before; 4.452527; null
25; Bicycle; Noise; Intention; 25.10.2023 14:36:00; 869.3475; 0.7451204; 107.1881; Before; 4.487845; null
25; Bicycle; Noise; Intention; 25.10.2023 14:36:00; 869.3475; 0.7451204; 107.1881; Before; 4.487845; null
25; Bicycle; Noise; Intention; 25.10.2023 14:36:00; 869.3453; 0.7472246; 107.1881; Before; 4.522897; null
25; Bicycle; Noise; Intention; 25.10.2023 14:36:00; 869.3442; 0.748319; 107.1881; Before; 4.540564; null
25; Bicycle; Noise; Intention; 25.10.2023 14:36:00; 869.3415; 0.7510997; 107.1881; Before; 4.570312; null
25; Bicycle; Noise; Intention; 25.10.2023 14:36:00; 869.3399; 0.7526653; 107.1881; Before; 4.586314; null
25; Bicycle; Noise; Intention; 25.10.2023 14:36:00; 869.3381; 0.7543123; 107.188; Before; 4.602376; null
25; Bicycle; Noise; Intention; 25.10.2023 14:36:00; 869.3362; 0.7559589; 107.188; Before; 4.619077; null
25; Bicycle; Noise; Intention; 25.10.2023 14:36:00; 869.3343; 0.757485; 107.188; Before; 4.635996; null
25; Bicycle; Noise; Intention; 25.10.2023 14:36:00; 869.3299; 0.7604368; 107.188; Before; 4.666019; null
25; Bicycle; Noise; Intention; 25.10.2023 14:36:00; 869.3275; 0.7616804; 107.188; Before; 4.686174; null
25; Bicycle; Noise; Intention; 25.10.2023 14:36:00; 869.3251; 0.7628078; 107.188; Before; 4.702239; null
25; Bicycle; Noise; Intention; 25.10.2023 14:36:00; 869.3231; 0.7636776; 107.188; Before; 4.718017; null
25; Bicycle; Noise; Intention; 25.10.2023 14:36:00; 869.3202; 0.7646976; 107.1879; Before; 4.731229; null
25; Bicycle; Noise; Intention; 25.10.2023 14:36:00; 869.3144; 0.7663082; 107.1879; Before; 4.764991; null
25; Bicycle; Noise; Intention; 25.10.2023 14:36:00; 869.309; 0.7673935; 107.1879; Before; 4.795591; null
25; Bicycle; Noise; Intention; 25.10.2023 14:36:00; 869.309; 0.7673935; 107.1879; Before; 4.795591; null
25; Bicycle; Noise; Intention; 25.10.2023 14:36:00; 869.3026; 0.7683346; 107.1878; Before; 4.823151; null
25; Bicycle; Noise; Intention; 25.10.2023 14:36:00; 869.2996; 0.7686679; 107.1878; Before; 4.840241; null
25; Bicycle; Noise; Intention; 25.10.2023 14:36:00; 869.2927; 0.7692386; 107.1877; Before; 4.870804; null
25; Bicycle; Noise; Intention; 25.10.2023 14:36:00; 869.2892; 0.7694446; 107.1877; Before; 4.885127; null
25; Bicycle; Noise; Intention; 25.10.2023 14:36:00; 869.285; 0.7696383; 107.1877; Before; 4.899821; null
25; Bicycle; Noise; Intention; 25.10.2023 14:36:00; 869.2811; 0.7697759; 107.1877; Before; 4.916934; null
25; Bicycle; Noise; Intention; 25.10.2023 14:36:00; 869.2753; 0.7699134; 107.1876; Before; 4.932038; null
25; Bicycle; Noise; Intention; 25.10.2023 14:36:00; 869.2697; 0.7700026; 107.1876; Before; 4.952353; null
25; Bicycle; Noise; Intention; 25.10.2023 14:36:00; 869.2581; 0.7700965; 107.1875; Before; 4.989105; null
25; Bicycle; Noise; Intention; 25.10.2023 14:36:00; 869.2581; 0.7700965; 107.1875; Before; 4.989105; null
25; Bicycle; Noise; Intention; 25.10.2023 14:36:00; 869.247; 0.7701199; 107.1874; Before; 5.02094; null
25; Bicycle; Noise; Intention; 25.10.2023 14:36:00; 869.2418; 0.7701185; 107.1874; Before; 5.037313; null
25; Bicycle; Noise; Intention; 25.10.2023 14:36:00; 869.2278; 0.7700927; 107.1873; Before; 5.070103; null
25; Bicycle; Noise; Intention; 25.10.2023 14:36:00; 869.2216; 0.7700762; 107.1872; Before; 5.085906; null
25; Bicycle; Noise; Intention; 25.10.2023 14:36:00; 869.2143; 0.7700537; 107.1871; Before; 5.100574; null
25; Bicycle; Noise; Intention; 25.10.2023 14:36:00; 869.208; 0.7700346; 107.1871; Before; 5.117301; null
25; Bicycle; Noise; Intention; 25.10.2023 14:36:00; 869.1929; 0.7699873; 107.187; Before; 5.145139; null
25; Bicycle; Noise; Intention; 25.10.2023 14:36:01; 869.1849; 0.7699645; 107.1869; Before; 5.162991; null
25; Bicycle; Noise; Intention; 25.10.2023 14:36:01; 869.1765; 0.7699413; 107.1868; Before; 5.178901; null
25; Bicycle; Noise; Intention; 25.10.2023 14:36:01; 869.1691; 0.7699229; 107.1868; Before; 5.195421; null
25; Bicycle; Noise; Intention; 25.10.2023 14:36:01; 869.1526; 0.7698857; 107.1866; Before; 5.225212; Checking Box AICar
25; Bicycle; Noise; Intention; 25.10.2023 14:36:01; 869.1435; 0.7698683; 107.1866; Before; 5.239673; Checking Box AICar
25; Bicycle; Noise; Intention; 25.10.2023 14:36:01; 869.126; 0.76984; 107.1864; Before; 5.271959; Checking Box AICar
25; Bicycle; Noise; Intention; 25.10.2023 14:36:01; 869.1173; 0.7698293; 107.1863; Before; 5.285753; Checking Box AICar
25; Bicycle; Noise; Intention; 25.10.2023 14:36:01; 869.1064; 0.7698164; 107.1862; Before; 5.300064; Checking Box AICar
25; Bicycle; Noise; Intention; 25.10.2023 14:36:01; 869.0972; 0.7698081; 107.1861; Before; 5.317545; Checking Box AICar
25; Bicycle; Noise; Intention; 25.10.2023 14:36:01; 869.0782; 0.7697921; 107.1859; Before; 5.347431; Checking Box AICar
25; Bicycle; Noise; Intention; 25.10.2023 14:36:01; 869.069; 0.7697861; 107.1859; Before; 5.361331; Checking Box AICar
25; Bicycle; Noise; Intention; 25.10.2023 14:36:01; 869.0483; 0.769775; 107.1857; Before; 5.388028; Checking Box AICar
25; Bicycle; Noise; Intention; 25.10.2023 14:36:01; 869.0379; 0.7697706; 107.1856; Before; 5.405023; Checking Box AICar
25; Bicycle; Noise; Intention; 25.10.2023 14:36:01; 869.0283; 0.7697681; 107.1855; Before; 5.419786; Checking Box AICar
25; Bicycle; Noise; Intention; 25.10.2023 14:36:01; 869.0054; 0.7697623; 107.1852; Before; 5.449811; Checking Box AICar
25; Bicycle; Noise; Intention; 25.10.2023 14:36:01; 868.991; 0.7697601; 107.1851; Before; 5.463633; Checking Box AICar
25; Bicycle; Noise; Intention; 25.10.2023 14:36:01; 868.979; 0.7697586; 107.1849; Before; 5.482226; Checking Box AICar
25; Bicycle; Noise; Intention; 25.10.2023 14:36:01; 868.9684; 0.7697583; 107.1848; Before; 5.497486; Checking Box AICar
25; Bicycle; Noise; Intention; 25.10.2023 14:36:01; 868.9433; 0.7697558; 107.1845; Before; 5.525631; Checking Box AICar
25; Bicycle; Noise; Intention; 25.10.2023 14:36:01; 868.9288; 0.7697556; 107.1843; Before; 5.541103; Checking Box AICar
25; Bicycle; Noise; Intention; 25.10.2023 14:36:01; 868.9158; 0.769755; 107.1842; Before; 5.558147; Checking Box AICar
25; Bicycle; Noise; Intention; 25.10.2023 14:36:01; 868.8884; 0.769756; 107.1839; Before; 5.58697; Checking Box AICar
25; Bicycle; Noise; Intention; 25.10.2023 14:36:01; 868.8759; 0.7697558; 107.1837; Before; 5.604231; Checking Box AICar
25; Bicycle; Noise; Intention; 25.10.2023 14:36:01; 868.8617; 0.7697566; 107.1836; Before; 5.618018; Checking Box AICar
25; Bicycle; Noise; Intention; 25.10.2023 14:36:01; 868.847; 0.7697568; 107.1834; Before; 5.633306; Checking Box AICar
25; Bicycle; Noise; Intention; 25.10.2023 14:36:01; 868.8138; 0.7697582; 107.183; Before; 5.667597; Checking Box AICar
25; Bicycle; Noise; Intention; 25.10.2023 14:36:01; 868.8001; 0.7697583; 107.1828; Before; 5.683488; Checking Box AICar
25; Bicycle; Noise; Intention; 25.10.2023 14:36:01; 868.7865; 0.7697587; 107.1827; Before; 5.697293; Checking Box AICar
25; Bicycle; Noise; Intention; 25.10.2023 14:36:01; 868.7574; 0.7697597; 107.1823; Before; 5.726234; Checking Box AICar
25; Bicycle; Noise; Intention; 25.10.2023 14:36:01; 868.7445; 0.7697597; 107.1822; Before; 5.739598; Checking Box AICar
25; Bicycle; Noise; Intention; 25.10.2023 14:36:01; 868.7132; 0.769761; 107.1818; Before; 5.766721; null
25; Bicycle; Noise; Intention; 25.10.2023 14:36:01; 868.6973; 0.7697608; 107.1816; Before; 5.781739; null
25; Bicycle; Noise; Intention; 25.10.2023 14:36:01; 868.6837; 0.7697617; 107.1815; Before; 5.796539; null
25; Bicycle; Noise; Intention; 25.10.2023 14:36:01; 868.6517; 0.7697613; 107.1811; Before; 5.824872; null
25; Bicycle; Noise; Intention; 25.10.2023 14:36:01; 868.6244; 0.7697612; 107.1808; Before; 5.849695; null
25; Bicycle; Noise; Intention; 25.10.2023 14:36:01; 868.5964; 0.7697607; 107.1804; Before; 5.874462; null
25; Bicycle; Noise; Intention; 25.10.2023 14:36:01; 868.5804; 0.7697606; 107.1802; Before; 5.886415; null
25; Bicycle; Noise; Intention; 25.10.2023 14:36:01; 868.5637; 0.7697606; 107.18; Before; 5.900201; null
25; Bicycle; Noise; Intention; 25.10.2023 14:36:01; 868.5328; 0.7697604; 107.1797; Before; 5.927408; null
25; Bicycle; Noise; Intention; 25.10.2023 14:36:01; 868.5049; 0.7697606; 107.1793; Before; 5.951429; null
25; Bicycle; Noise; Intention; 25.10.2023 14:36:01; 868.4781; 0.7697608; 107.179; Before; 5.973806; null
25; Bicycle; Noise; Intention; 25.10.2023 14:36:01; 868.4508; 0.7697614; 107.1787; Before; 5.995652; null
25; Bicycle; Noise; Intention; 25.10.2023 14:36:01; 868.4359; 0.7697617; 107.1785; Before; 6.006528; null
25; Bicycle; Noise; Intention; 25.10.2023 14:36:01; 868.4074; 0.7697616; 107.1781; Before; 6.029643; null
25; Bicycle; Noise; Intention; 25.10.2023 14:36:01; 868.3892; 0.769762; 107.1779; Before; 6.040468; null
25; Bicycle; Noise; Intention; 25.10.2023 14:36:01; 868.3584; 0.7697618; 107.1775; Before; 6.067434; null
25; Bicycle; Noise; Intention; 25.10.2023 14:36:01; 868.328; 0.769762; 107.1771; Before; 6.088013; null
25; Bicycle; Noise; Intention; 25.10.2023 14:36:01; 868.3094; 0.7697623; 107.1769; Before; 6.100781; null
25; Bicycle; Noise; Intention; 25.10.2023 14:36:01; 868.2803; 0.769762; 107.1765; Before; 6.124834; null
25; Bicycle; Noise; Intention; 25.10.2023 14:36:01; 868.2485; 0.7697619; 107.1761; Before; 6.146422; null
25; Bicycle; Noise; Intention; 25.10.2023 14:36:01; 868.2156; 0.769762; 107.1756; Before; 6.171157; null
25; Bicycle; Noise; Intention; 25.10.2023 14:36:02; 868.186; 0.769762; 107.1752; Before; 6.193392; null
25; Bicycle; Noise; Intention; 25.10.2023 14:36:02; 868.1714; 0.7697624; 107.175; Before; 6.20357; null
25; Bicycle; Noise; Intention; 25.10.2023 14:36:02; 868.1375; 0.7697618; 107.1745; Before; 6.225156; null
25; Bicycle; Noise; Intention; 25.10.2023 14:36:02; 868.1055; 0.769762; 107.1741; Before; 6.247708; null
25; Bicycle; Noise; Intention; 25.10.2023 14:36:02; 868.0708; 0.7697626; 107.1735; Before; 6.269212; null
25; Bicycle; Noise; Intention; 25.10.2023 14:36:02; 868.0352; 0.7697618; 107.1729; Before; 6.297281; null
25; Bicycle; Noise; Intention; 25.10.2023 14:36:02; 868.019; 0.7697618; 107.1727; Before; 6.306925; null
25; Bicycle; Noise; Intention; 25.10.2023 14:36:02; 868.0002; 0.7697616; 107.1723; Before; 6.317703; null
25; Bicycle; Noise; Intention; 25.10.2023 14:36:02; 867.958; 0.7697618; 107.1715; Before; 6.343533; null
25; Bicycle; Noise; Intention; 25.10.2023 14:36:02; 867.9242; 0.7697626; 107.1709; Before; 6.369789; null
25; Bicycle; Noise; Intention; 25.10.2023 14:36:02; 867.8884; 0.7697617; 107.1701; Before; 6.38981; null
25; Bicycle; Noise; Intention; 25.10.2023 14:36:02; 867.8724; 0.7697612; 107.1697; Before; 6.402648; null
25; Bicycle; Noise; Intention; 25.10.2023 14:36:02; 867.8376; 0.7697616; 107.1689; Before; 6.423051; null
25; Bicycle; Noise; Intention; 25.10.2023 14:36:02; 867.7999; 0.7697613; 107.1679; Before; 6.444907; null
25; Bicycle; Noise; Intention; 25.10.2023 14:36:02; 867.765; 0.7697617; 107.167; Before; 6.468303; null
25; Bicycle; Noise; Intention; 25.10.2023 14:36:02; 867.7238; 0.7697622; 107.1658; Before; 6.491592; null
25; Bicycle; Noise; Intention; 25.10.2023 14:36:02; 867.7054; 0.7697623; 107.1653; Before; 6.504274; null
25; Bicycle; Noise; Intention; 25.10.2023 14:36:02; 867.6689; 0.7697618; 107.1642; Before; 6.525404; null
25; Bicycle; Noise; Intention; 25.10.2023 14:36:02; 867.6329; 0.7697617; 107.1631; Before; 6.547038; null
25; Bicycle; Noise; Intention; 25.10.2023 14:36:02; 867.5935; 0.7697619; 107.1618; Before; 6.568006; null
25; Bicycle; Noise; Intention; 25.10.2023 14:36:02; 867.5542; 0.7697623; 107.1606; Before; 6.59154; null
25; Bicycle; Noise; Intention; 25.10.2023 14:36:02; 867.5358; 0.769762; 107.16; Before; 6.602484; null
25; Bicycle; Noise; Intention; 25.10.2023 14:36:02; 867.4955; 0.7697626; 107.1587; Before; 6.623298; null
25; Bicycle; Noise; Intention; 25.10.2023 14:36:02; 867.4529; 0.7697618; 107.1572; Before; 6.646633; null
25; Bicycle; Noise; Intention; 25.10.2023 14:36:02; 867.4061; 0.7697613; 107.1556; Before; 6.67282; null
25; Bicycle; Noise; Intention; 25.10.2023 14:36:02; 867.3788; 0.769762; 107.1547; Before; 6.683941; null
25; Bicycle; Noise; Intention; 25.10.2023 14:36:02; 867.3553; 0.7697624; 107.1538; Before; 6.698585; null
25; Bicycle; Noise; Intention; 25.10.2023 14:36:02; 867.312; 0.7697625; 107.1523; Before; 6.722289; null
25; Bicycle; Noise; Intention; 25.10.2023 14:36:02; 867.27; 0.7697623; 107.1507; Before; 6.74438; null
25; Bicycle; Noise; Intention; 25.10.2023 14:36:02; 867.2244; 0.769762; 107.1489; Before; 6.76857; null
25; Bicycle; Noise; Intention; 25.10.2023 14:36:02; 867.1852; 0.7697616; 107.1474; Before; 6.788739; null
25; Bicycle; Noise; Intention; 25.10.2023 14:36:02; 867.1647; 0.7697623; 107.1466; Before; 6.79924; null
25; Bicycle; Noise; Intention; 25.10.2023 14:36:02; 867.1176; 0.7697622; 107.1447; Before; 6.821784; null
25; Bicycle; Noise; Intention; 25.10.2023 14:36:02; 867.075; 0.7697617; 107.143; Before; 6.843653; null
25; Bicycle; Noise; Intention; 25.10.2023 14:36:02; 867.0253; 0.7697616; 107.141; Before; 6.865282; null
25; Bicycle; Noise; Intention; 25.10.2023 14:36:02; 866.9789; 0.769761; 107.139; Before; 6.888746; null
25; Bicycle; Noise; Intention; 25.10.2023 14:36:02; 866.9478; 0.7697611; 107.1377; Before; 6.9014; null
25; Bicycle; Noise; Intention; 25.10.2023 14:36:02; 866.9032; 0.7697611; 107.1358; Before; 6.926579; null
25; Bicycle; Noise; Intention; 25.10.2023 14:36:02; 866.8566; 0.7697619; 107.1337; Before; 6.948741; null
25; Bicycle; Noise; Intention; 25.10.2023 14:36:02; 866.8108; 0.7697623; 107.1317; Before; 6.970628; null
25; Bicycle; Noise; Intention; 25.10.2023 14:36:02; 866.7635; 0.7697623; 107.1295; Before; 6.992876; null
25; Bicycle; Noise; Intention; 25.10.2023 14:36:02; 866.7378; 0.7697618; 107.1283; Before; 7.00333; null
25; Bicycle; Noise; Intention; 25.10.2023 14:36:02; 866.6884; 0.7697622; 107.126; Before; 7.026158; null
25; Bicycle; Noise; Intention; 25.10.2023 14:36:02; 866.6342; 0.7697623; 107.1234; Before; 7.049343; null
25; Bicycle; Noise; Intention; 25.10.2023 14:36:02; 866.6086; 0.7697625; 107.1222; Before; 7.06265; null
25; Bicycle; Noise; Intention; 25.10.2023 14:36:02; 866.5452; 0.769763; 107.1191; Before; 7.089309; null
25; Bicycle; Noise; Intention; 25.10.2023 14:36:02; 866.5176; 0.7697624; 107.1177; Before; 7.102777; null
25; Bicycle; Noise; Intention; 25.10.2023 14:36:02; 866.4575; 0.7697616; 107.1147; Before; 7.130216; null
25; Bicycle; Noise; Intention; 25.10.2023 14:36:02; 866.4061; 0.7697612; 107.1121; Before; 7.152081; null
25; Bicycle; Noise; Intention; 25.10.2023 14:36:02; 866.3776; 0.7697616; 107.1106; Before; 7.164074; null
25; Bicycle; Noise; Intention; 25.10.2023 14:36:03; 866.3253; 0.7697618; 107.1078; Before; 7.187868; null
25; Bicycle; Noise; Intention; 25.10.2023 14:36:03; 866.296; 0.7697614; 107.1063; Before; 7.19911; null
25; Bicycle; Noise; Intention; 25.10.2023 14:36:03; 866.2415; 0.769761; 107.1034; Before; 7.222559; null
25; Bicycle; Noise; Intention; 25.10.2023 14:36:03; 866.1833; 0.769761; 107.1002; Before; 7.248689; null
25; Bicycle; Noise; Intention; 25.10.2023 14:36:03; 866.1331; 0.7697613; 107.0975; Before; 7.269481; null
25; Bicycle; Noise; Intention; 25.10.2023 14:36:03; 866.0837; 0.7697617; 107.0947; Before; 7.291718; null
25; Bicycle; Noise; Intention; 25.10.2023 14:36:03; 866.0546; 0.7697616; 107.0931; Before; 7.301438; null
25; Bicycle; Noise; Intention; 25.10.2023 14:36:03; 865.9949; 0.7697612; 107.0897; Before; 7.327003; null
25; Bicycle; Noise; Intention; 25.10.2023 14:36:03; 865.9461; 0.7697616; 107.0869; Before; 7.34774; null
25; Bicycle; Noise; Intention; 25.10.2023 14:36:03; 865.8948; 0.7697612; 107.084; Before; 7.367756; null
25; Bicycle; Noise; Intention; 25.10.2023 14:36:03; 865.8306; 0.7697611; 107.0802; Before; 7.392646; null
25; Bicycle; Noise; Intention; 25.10.2023 14:36:03; 865.8007; 0.7697611; 107.0785; Before; 7.405232; null
25; Bicycle; Noise; Intention; 25.10.2023 14:36:03; 865.7717; 0.7697611; 107.0768; Before; 7.4173; null
25; Bicycle; Noise; Intention; 25.10.2023 14:36:03; 865.6888; 0.7697611; 107.0719; Before; 7.44718; null
25; Bicycle; Noise; Intention; 25.10.2023 14:36:03; 865.6576; 0.7697616; 107.07; Before; 7.461952; null
25; Bicycle; Noise; Intention; 25.10.2023 14:36:03; 865.5858; 0.769762; 107.0656; Before; 7.487114; null
25; Bicycle; Noise; Intention; 25.10.2023 14:36:03; 865.5524; 0.769762; 107.0636; Before; 7.502658; null
25; Bicycle; Noise; Intention; 25.10.2023 14:36:03; 865.5224; 0.7697619; 107.0617; Before; 7.515729; null
25; Bicycle; Noise; Intention; 25.10.2023 14:36:03; 865.4455; 0.7697623; 107.0569; Before; 7.542412; null
25; Bicycle; Noise; Intention; 25.10.2023 14:36:03; 865.3713; 0.7697613; 107.0521; Before; 7.571877; null
25; Bicycle; Noise; Intention; 25.10.2023 14:36:03; 865.3335; 0.7697623; 107.0497; Before; 7.585922; null
25; Bicycle; Noise; Intention; 25.10.2023 14:36:03; 865.2942; 0.7697611; 107.0472; Before; 7.600371; null
25; Bicycle; Noise; Intention; 25.10.2023 14:36:03; 865.2596; 0.7697608; 107.0449; Before; 7.615406; null
25; Bicycle; Noise; Intention; 25.10.2023 14:36:03; 865.1785; 0.7697618; 107.0396; Before; 7.643031; null
25; Bicycle; Noise; Intention; 25.10.2023 14:36:03; 865.1432; 0.7697614; 107.0372; Before; 7.659231; null
25; Bicycle; Noise; Intention; 25.10.2023 14:36:03; 865.0616; 0.7697614; 107.0317; Before; 7.687349; null
25; Bicycle; Noise; Intention; 25.10.2023 14:36:03; 865.0222; 0.7697618; 107.029; Before; 7.703033; null
25; Bicycle; Noise; Intention; 25.10.2023 14:36:03; 864.9822; 0.7697614; 107.0263; Before; 7.717746; null
25; Bicycle; Noise; Intention; 25.10.2023 14:36:03; 864.9382; 0.7697612; 107.0233; Before; 7.732552; null
25; Bicycle; Noise; Intention; 25.10.2023 14:36:03; 864.8469; 0.7697607; 107.017; Before; 7.765237; null
25; Bicycle; Noise; Intention; 25.10.2023 14:36:03; 864.8081; 0.7697608; 107.0142; Before; 7.782355; null
25; Bicycle; Noise; Intention; 25.10.2023 14:36:03; 864.7696; 0.7697604; 107.0115; Before; 7.796558; null
25; Bicycle; Noise; Intention; 25.10.2023 14:36:03; 864.6866; 0.7697603; 107.0057; Before; 7.826378; Checking Box AICar
25; Bicycle; Noise; Intention; 25.10.2023 14:36:03; 864.6363; 0.7697607; 107.0021; Before; 7.840672; Checking Box AICar
25; Bicycle; Noise; Intention; 25.10.2023 14:36:03; 864.5889; 0.7697612; 106.9987; Before; 7.858832; Checking Box AICar
25; Bicycle; Noise; Intention; 25.10.2023 14:36:03; 864.5393; 0.7697608; 106.9951; Before; 7.875856; Checking Box AICar
25; Bicycle; Noise; Intention; 25.10.2023 14:36:03; 864.483; 0.7697613; 106.9911; Before; 7.893605; Checking Box AICar
25; Bicycle; Noise; Intention; 25.10.2023 14:36:03; 864.4382; 0.7697611; 106.9879; Before; 7.913706; Checking Box AICar
25; Bicycle; Noise; Intention; 25.10.2023 14:36:03; 864.3516; 0.7697613; 106.9817; Before; 7.944523; Checking Box AICar
25; Bicycle; Noise; Intention; 25.10.2023 14:36:03; 864.3105; 0.7697607; 106.9788; Before; 7.960413; Checking Box AICar
25; Bicycle; Noise; Intention; 25.10.2023 14:36:03; 864.2236; 0.7697608; 106.9726; Before; 7.989329; Checking Box AICar
25; Bicycle; Noise; Intention; 25.10.2023 14:36:03; 864.1858; 0.7697604; 106.9699; Before; 8.006161; Checking Box AICar
25; Bicycle; Noise; Intention; 25.10.2023 14:36:03; 864.1401; 0.7697612; 106.9668; Before; 8.019745; Checking Box AICar
25; Bicycle; Noise; Intention; 25.10.2023 14:36:03; 864.079; 0.7697613; 106.9625; Before; 8.036138; Checking Box AICar
25; Bicycle; Noise; Intention; 25.10.2023 14:36:03; 864.0333; 0.7697611; 106.9594; Before; 8.058191; Checking Box AICar
25; Bicycle; Noise; Intention; 25.10.2023 14:36:03; 863.952; 0.7697622; 106.9538; Before; 8.088768; Checking Box AICar
25; Bicycle; Noise; Intention; 25.10.2023 14:36:03; 863.952; 0.7697622; 106.9538; Before; 8.088768; Checking Box AICar
25; Bicycle; Noise; Intention; 25.10.2023 14:36:03; 863.8522; 0.7697618; 106.9472; Before; 8.122562; Checking Box AICar
25; Bicycle; Noise; Intention; 25.10.2023 14:36:03; 863.8121; 0.7697618; 106.9446; Before; 8.140543; Checking Box AICar
25; Bicycle; Noise; Intention; 25.10.2023 14:36:03; 863.7352; 0.7697611; 106.9397; Before; 8.170193; null
25; Bicycle; Noise; Intention; 25.10.2023 14:36:04; 863.689; 0.7697617; 106.9368; Before; 8.183432; null
25; Bicycle; Noise; Intention; 25.10.2023 14:36:04; 863.6429; 0.7697618; 106.9339; Before; 8.200409; null
25; Bicycle; Noise; Intention; 25.10.2023 14:36:04; 863.6086; 0.7697622; 106.9319; Before; 8.217435; null
25; Bicycle; Noise; Intention; 25.10.2023 14:36:04; 863.5209; 0.7697618; 106.9266; Before; 8.245904; null
25; Bicycle; Noise; Intention; 25.10.2023 14:36:04; 863.478; 0.7697617; 106.9242; Before; 8.262619; null
25; Bicycle; Noise; Intention; 25.10.2023 14:36:04; 863.4355; 0.7697617; 106.9217; Before; 8.278552; null
25; Bicycle; Noise; Intention; 25.10.2023 14:36:04; 863.3947; 0.7697618; 106.9194; Before; 8.294409; null
25; Bicycle; Noise; Intention; 25.10.2023 14:36:04; 863.3099; 0.7697606; 106.9148; Before; 8.325997; null
25; Bicycle; Noise; Intention; 25.10.2023 14:36:04; 863.2665; 0.7697606; 106.9125; Before; 8.341403; null
25; Bicycle; Noise; Intention; 25.10.2023 14:36:04; 863.2244; 0.7697601; 106.9103; Before; 8.357692; null
25; Bicycle; Noise; Intention; 25.10.2023 14:36:04; 863.1373; 0.7697601; 106.9059; Before; 8.390519; null
25; Bicycle; Noise; Intention; 25.10.2023 14:36:04; 863.1373; 0.7697601; 106.9059; Before; 8.390519; null
25; Bicycle; Noise; Intention; 25.10.2023 14:36:04; 863.0538; 0.7697599; 106.9018; Before; 8.4217; null
25; Bicycle; Noise; Intention; 25.10.2023 14:36:04; 863.0183; 0.7697597; 106.9001; Before; 8.438182; null
25; Bicycle; Noise; Intention; 25.10.2023 14:36:04; 862.9415; 0.7697608; 106.8966; Before; 8.465311; null
25; Bicycle; Noise; Intention; 25.10.2023 14:36:04; 862.902; 0.7697605; 106.8948; Before; 8.48119; null
25; Bicycle; Noise; Intention; 25.10.2023 14:36:04; 862.8663; 0.769761; 106.8932; Before; 8.496387; null
25; Bicycle; Noise; Intention; 25.10.2023 14:36:04; 862.8149; 0.7697603; 106.8911; Before; 8.510246; null
25; Bicycle; Noise; Intention; 25.10.2023 14:36:04; 862.7372; 0.769761; 106.8879; Before; 8.544374; null
25; Bicycle; Noise; Intention; 25.10.2023 14:36:04; 862.6992; 0.7697613; 106.8864; Before; 8.560545; null
25; Bicycle; Noise; Intention; 25.10.2023 14:36:04; 862.6201; 0.7697608; 106.8834; Before; 8.588871; null
25; Bicycle; Noise; Intention; 25.10.2023 14:36:04; 862.6201; 0.7697608; 106.8834; Before; 8.588871; null
25; Bicycle; Noise; Intention; 25.10.2023 14:36:04; 862.5322; 0.7697616; 106.8802; Before; 8.623816; null
25; Bicycle; Noise; Intention; 25.10.2023 14:36:04; 862.4902; 0.7697616; 106.8787; Before; 8.641749; null
25; Bicycle; Noise; Intention; 25.10.2023 14:36:04; 862.4534; 0.7697616; 106.8775; Before; 8.658574; null
25; Bicycle; Noise; Intention; 25.10.2023 14:36:04; 862.3762; 0.7697613; 106.875; Before; 8.688247; null
25; Bicycle; Noise; Intention; 25.10.2023 14:36:04; 862.3425; 0.7697611; 106.8739; Before; 8.704639; null
25; Bicycle; Noise; Intention; 25.10.2023 14:36:04; 862.3058; 0.7697611; 106.8728; Before; 8.718355; null
25; Bicycle; Noise; Intention; 25.10.2023 14:36:04; 862.2565; 0.7697618; 106.8714; Before; 8.733324; null
25; Bicycle; Noise; Intention; 25.10.2023 14:36:04; 862.1781; 0.769761; 106.8691; Before; 8.770114; null
25; Bicycle; Noise; Intention; 25.10.2023 14:36:04; 862.142; 0.7697618; 106.8682; Before; 8.785809; null
25; Bicycle; Noise; Intention; 25.10.2023 14:36:04; 862.103; 0.769762; 106.8671; Before; 8.80079; null
25; Bicycle; Noise; Intention; 25.10.2023 14:36:04; 862.072; 0.7697622; 106.8663; Before; 8.816998; null
25; Bicycle; Noise; Intention; 25.10.2023 14:36:04; 861.9965; 0.7697626; 106.8645; Before; 8.84624; null
25; Bicycle; Noise; Intention; 25.10.2023 14:36:04; 861.9626; 0.769763; 106.8637; Before; 8.861619; null
25; Bicycle; Noise; Intention; 25.10.2023 14:36:04; 861.8854; 0.7697618; 106.8619; Before; 8.89365; null
25; Bicycle; Noise; Intention; 25.10.2023 14:36:04; 861.8854; 0.7697618; 106.8619; Before; 8.89365; null
25; Bicycle; Noise; Intention; 25.10.2023 14:36:04; 861.8491; 0.769763; 106.8611; Before; 8.908596; null
25; Bicycle; Noise; Intention; 25.10.2023 14:36:04; 861.7654; 0.769763; 106.8594; Before; 8.942729; null
25; Bicycle; Noise; Intention; 25.10.2023 14:36:04; 861.7329; 0.769763; 106.8587; Before; 8.959855; null
25; Bicycle; Noise; Intention; 25.10.2023 14:36:04; 861.6588; 0.7697624; 106.8572; Before; 8.987955; null
25; Bicycle; Noise; Intention; 25.10.2023 14:36:04; 861.6588; 0.7697624; 106.8572; Before; 8.987955; null
25; Bicycle; Noise; Intention; 25.10.2023 14:36:04; 861.5834; 0.769763; 106.8557; Before; 9.022931; null
25; Bicycle; Noise; Intention; 25.10.2023 14:36:04; 861.5547; 0.7697632; 106.8551; Before; 9.038623; null
25; Bicycle; Noise; Intention; 25.10.2023 14:36:04; 861.4849; 0.7697634; 106.8537; Before; 9.065502; null
25; Bicycle; Noise; Intention; 25.10.2023 14:36:04; 861.4509; 0.7697631; 106.853; Before; 9.081662; null
25; Bicycle; Noise; Intention; 25.10.2023 14:36:04; 861.4209; 0.7697639; 106.8523; Before; 9.096582; null
25; Bicycle; Noise; Intention; 25.10.2023 14:36:04; 861.3781; 0.7697635; 106.8514; Before; 9.109803; null
25; Bicycle; Noise; Intention; 25.10.2023 14:36:04; 861.3007; 0.7697623; 106.8497; Before; 9.14327; null
25; Bicycle; Noise; Intention; 25.10.2023 14:36:04; 861.2694; 0.7697625; 106.8489; Before; 9.163064; null
25; Bicycle; Noise; Intention; 25.10.2023 14:36:05; 861.2311; 0.7697618; 106.848; Before; 9.177052; null
25; Bicycle; Noise; Intention; 25.10.2023 14:36:05; 861.1956; 0.7697623; 106.8472; Before; 9.194148; null
25; Bicycle; Noise; Intention; 25.10.2023 14:36:05; 861.1261; 0.7697616; 106.8456; Before; 9.227608; null
25; Bicycle; Noise; Intention; 25.10.2023 14:36:05; 861.0938; 0.7697619; 106.8448; Before; 9.241317; null
25; Bicycle; Noise; Intention; 25.10.2023 14:36:05; 861.0261; 0.7697613; 106.8432; Before; 9.272596; null
25; Bicycle; Noise; Intention; 25.10.2023 14:36:05; 860.9921; 0.7697618; 106.8424; Before; 9.286654; null
25; Bicycle; Noise; Intention; 25.10.2023 14:36:05; 860.9589; 0.7697617; 106.8416; Before; 9.302115; null
25; Bicycle; Noise; Intention; 25.10.2023 14:36:05; 860.931; 0.7697616; 106.841; Before; 9.317269; Checking Box AICar
25; Bicycle; Noise; Intention; 25.10.2023 14:36:05; 860.8598; 0.7697611; 106.8394; Before; 9.345945; Checking Box AICar
25; Bicycle; Noise; Intention; 25.10.2023 14:36:05; 860.8248; 0.7697616; 106.8386; Before; 9.362676; Checking Box AICar
25; Bicycle; Noise; Intention; 25.10.2023 14:36:05; 860.792; 0.7697613; 106.8379; Before; 9.378795; Checking Box AICar
25; Bicycle; Noise; Intention; 25.10.2023 14:36:05; 860.755; 0.7697616; 106.8371; Before; 9.393947; Checking Box AICar
25; Bicycle; Noise; Intention; 25.10.2023 14:36:05; 860.7187; 0.7697606; 106.8363; Before; 9.411112; Checking Box AICar
25; Bicycle; Noise; Intention; 25.10.2023 14:36:05; 860.6766; 0.7697612; 106.8353; Before; 9.427975; Checking Box AICar
25; Bicycle; Noise; Intention; 25.10.2023 14:36:05; 860.5931; 0.7697612; 106.8335; Before; 9.467872; Checking Box AICar
25; Bicycle; Noise; Intention; 25.10.2023 14:36:05; 860.5605; 0.7697618; 106.8328; Before; 9.486623; Checking Box AICar
25; Bicycle; Noise; Intention; 25.10.2023 14:36:05; 860.5255; 0.7697613; 106.8321; Before; 9.501927; Checking Box AICar
25; Bicycle; Noise; Intention; 25.10.2023 14:36:05; 860.496; 0.7697616; 106.8315; Before; 9.518476; Checking Box AICar
25; Bicycle; Noise; Intention; 25.10.2023 14:36:05; 860.4588; 0.7697607; 106.8307; Before; 9.532374; Checking Box AICar
25; Bicycle; Noise; Intention; 25.10.2023 14:36:05; 860.3881; 0.7697597; 106.8292; Before; 9.565938; Checking Box AICar
25; Bicycle; Noise; Intention; 25.10.2023 14:36:05; 860.3563; 0.7697606; 106.8286; Before; 9.583629; Checking Box AICar
25; Bicycle; Noise; Intention; 25.10.2023 14:36:05; 860.3239; 0.7697611; 106.8279; Before; 9.598801; Checking Box AICar
25; Bicycle; Noise; Intention; 25.10.2023 14:36:05; 860.2943; 0.7697611; 106.8273; Before; 9.614283; Checking Box AICar
25; Bicycle; Noise; Intention; 25.10.2023 14:36:05; 860.2263; 0.7697616; 106.826; Before; 9.644513; Checking Box AICar
25; Bicycle; Noise; Intention; 25.10.2023 14:36:05; 860.1931; 0.7697625; 106.8254; Before; 9.661166; Checking Box AICar
25; Bicycle; Noise; Intention; 25.10.2023 14:36:05; 860.1294; 0.7697619; 106.8242; Before; 9.693219; Checking Box AICar
25; Bicycle; Noise; Intention; 25.10.2023 14:36:05; 860.1294; 0.7697619; 106.8242; Before; 9.693219; Checking Box AICar
25; Bicycle; Noise; Intention; 25.10.2023 14:36:05; 860.0933; 0.769762; 106.8235; Before; 9.708061; Checking Box AICar
25; Bicycle; Noise; Intention; 25.10.2023 14:36:05; 860.0224; 0.7697619; 106.8223; Before; 9.742955; Checking Box AICar
25; Bicycle; Noise; Intention; 25.10.2023 14:36:05; 859.9836; 0.7697614; 106.8215; Before; 9.760198; Checking Box AICar
25; Bicycle; Noise; Intention; 25.10.2023 14:36:05; 859.9515; 0.7697618; 106.821; Before; 9.779183; Checking Box AICar
25; Bicycle; Noise; Intention; 25.10.2023 14:36:05; 859.9211; 0.7697618; 106.8204; Before; 9.794969; Checking Box AICar
25; Bicycle; Noise; Intention; 25.10.2023 14:36:05; 859.8854; 0.7697616; 106.8198; Before; 9.809928; Checking Box AICar
25; Bicycle; Noise; Intention; 25.10.2023 14:36:05; 859.8212; 0.7697625; 106.8187; Before; 9.84284; Checking Box AICar
25; Bicycle; Noise; Intention; 25.10.2023 14:36:05; 859.7853; 0.7697628; 106.8181; Before; 9.859328; Checking Box AICar
25; Bicycle; Noise; Intention; 25.10.2023 14:36:05; 859.7231; 0.7697619; 106.817; Before; 9.893927; Checking Box AICar
25; Bicycle; Noise; Intention; 25.10.2023 14:36:05; 859.7231; 0.7697619; 106.817; Before; 9.893927; Checking Box AICar
25; Bicycle; Noise; Intention; 25.10.2023 14:36:05; 859.6908; 0.7697625; 106.8165; Before; 9.908154; Checking Box AICar
25; Bicycle; Noise; Intention; 25.10.2023 14:36:05; 859.6176; 0.7697623; 106.8153; Before; 9.944094; null
25; Bicycle; Noise; Intention; 25.10.2023 14:36:05; 859.5864; 0.769762; 106.8148; Before; 9.960896; null
25; Bicycle; Noise; Intention; 25.10.2023 14:36:05; 859.5218; 0.7697613; 106.8137; Before; 9.992314; null
25; Bicycle; Noise; Intention; 25.10.2023 14:36:05; 859.5218; 0.7697613; 106.8137; Before; 9.992314; null
25; Bicycle; Noise; Intention; 25.10.2023 14:36:05; 859.4874; 0.7697618; 106.8131; Before; 10.00851; null
25; Bicycle; Noise; Intention; 25.10.2023 14:36:05; 859.421; 0.7697628; 106.812; Before; 10.04247; null
25; Bicycle; Noise; Intention; 25.10.2023 14:36:05; 859.3928; 0.7697624; 106.8116; Before; 10.05844; null
25; Bicycle; Noise; Intention; 25.10.2023 14:36:05; 859.3315; 0.7697625; 106.8106; Before; 10.08722; null
25; Bicycle; Noise; Intention; 25.10.2023 14:36:05; 859.2984; 0.7697618; 106.81; Before; 10.10256; null
25; Bicycle; Noise; Intention; 25.10.2023 14:36:05; 859.272; 0.7697622; 106.8096; Before; 10.1189; null
25; Bicycle; Noise; Intention; 25.10.2023 14:36:05; 859.2065; 0.769762; 106.8086; Before; 10.14695; null
25; Bicycle; Noise; Intention; 25.10.2023 14:36:05; 859.1718; 0.7697623; 106.808; Before; 10.16402; null
25; Bicycle; Noise; Intention; 25.10.2023 14:36:06; 859.1332; 0.7697618; 106.8074; Before; 10.18103; null
25; Bicycle; Noise; Intention; 25.10.2023 14:36:06; 859.1001; 0.7697608; 106.8069; Before; 10.19988; null
25; Bicycle; Noise; Intention; 25.10.2023 14:36:06; 859.0715; 0.7697599; 106.8065; Before; 10.21605; null
25; Bicycle; Noise; Intention; 25.10.2023 14:36:06; 859.0411; 0.7697606; 106.806; Before; 10.22998; null
25; Bicycle; Noise; Intention; 25.10.2023 14:36:06; 858.9634; 0.7697603; 106.8048; Before; 10.26541; null
25; Bicycle; Noise; Intention; 25.10.2023 14:36:06; 858.9307; 0.7697604; 106.8043; Before; 10.28256; null
25; Bicycle; Noise; Intention; 25.10.2023 14:36:06; 858.8973; 0.7697601; 106.8038; Before; 10.29846; null
25; Bicycle; Noise; Intention; 25.10.2023 14:36:06; 858.8663; 0.7697601; 106.8033; Before; 10.3146; null
25; Bicycle; Noise; Intention; 25.10.2023 14:36:06; 858.8028; 0.7697604; 106.8024; Before; 10.34398; null
25; Bicycle; Noise; Intention; 25.10.2023 14:36:06; 858.7725; 0.7697604; 106.802; Before; 10.36028; null
25; Bicycle; Noise; Intention; 25.10.2023 14:36:06; 858.7061; 0.7697611; 106.801; Before; 10.39016; null
25; Bicycle; Noise; Intention; 25.10.2023 14:36:06; 858.7061; 0.7697611; 106.801; Before; 10.39016; null
25; Bicycle; Noise; Intention; 25.10.2023 14:36:06; 858.64; 0.7697622; 106.8001; Before; 10.4212; Checking Box AICar
25; Bicycle; Noise; Intention; 25.10.2023 14:36:06; 858.6111; 0.7697613; 106.7997; Before; 10.43862; Checking Box AICar
25; Bicycle; Noise; Intention; 25.10.2023 14:36:06; 858.5426; 0.7697613; 106.7988; Before; 10.46795; null
25; Bicycle; Noise; Intention; 25.10.2023 14:36:06; 858.5074; 0.7697614; 106.7983; Before; 10.48496; null
25; Bicycle; Noise; Intention; 25.10.2023 14:36:06; 858.5074; 0.7697614; 106.7983; Before; 10.48496; null
25; Bicycle; Noise; Intention; 25.10.2023 14:36:06; 858.4327; 0.7697606; 106.7974; Before; 10.52097; Checking Box AICar
25; Bicycle; Noise; Intention; 25.10.2023 14:36:06; 858.4031; 0.7697604; 106.797; Before; 10.53676; Checking Box AICar
25; Bicycle; Noise; Intention; 25.10.2023 14:36:06; 858.3347; 0.7697605; 106.7962; Before; 10.56657; Checking Box AICar
25; Bicycle; Noise; Intention; 25.10.2023 14:36:06; 858.303; 0.7697604; 106.7958; Before; 10.58252; Checking Box AICar
25; Bicycle; Noise; Intention; 25.10.2023 14:36:06; 858.2649; 0.7697613; 106.7953; Before; 10.5972; Checking Box AICar
25; Bicycle; Noise; Intention; 25.10.2023 14:36:06; 858.2295; 0.7697618; 106.7949; Before; 10.61484; Checking Box AICar
25; Bicycle; Noise; Intention; 25.10.2023 14:36:06; 858.1642; 0.7697616; 106.7941; Before; 10.64699; Checking Box AICar
25; Bicycle; Noise; Intention; 25.10.2023 14:36:06; 858.13; 0.7697616; 106.7937; Before; 10.66111; Checking Box AICar
25; Bicycle; Noise; Intention; 25.10.2023 14:36:06; 858.0646; 0.7697616; 106.793; Before; 10.69219; Checking Box AICar
25; Bicycle; Noise; Intention; 25.10.2023 14:36:06; 858.0646; 0.7697616; 106.793; Before; 10.69219; Checking Box AICar
25; Bicycle; Noise; Intention; 25.10.2023 14:36:06; 857.998; 0.769762; 106.7923; Before; 10.72066; Checking Box AICar
25; Bicycle; Noise; Intention; 25.10.2023 14:36:06; 857.9651; 0.7697619; 106.7919; Before; 10.73662; Checking Box AICar
25; Bicycle; Noise; Intention; 25.10.2023 14:36:06; 857.897; 0.7697629; 106.7912; Before; 10.76625; Checking Box AICar
25; Bicycle; Noise; Intention; 25.10.2023 14:36:06; 857.8652; 0.7697623; 106.7909; Before; 10.78204; Checking Box AICar
25; Bicycle; Noise; Intention; 25.10.2023 14:36:06; 857.8335; 0.7697629; 106.7905; Before; 10.79625; Checking Box AICar
25; Bicycle; Noise; Intention; 25.10.2023 14:36:06; 857.7933; 0.7697619; 106.7901; Before; 10.8104; Checking Box AICar
25; Bicycle; Noise; Intention; 25.10.2023 14:36:06; 857.7205; 0.7697628; 106.7894; Before; 10.84364; null
25; Bicycle; Noise; Intention; 25.10.2023 14:36:06; 857.6865; 0.769762; 106.789; Before; 10.86055; null
25; Bicycle; Noise; Intention; 25.10.2023 14:36:06; 857.6119; 0.7697628; 106.7883; Before; 10.8911; null
25; Bicycle; Noise; Intention; 25.10.2023 14:36:06; 857.6119; 0.7697628; 106.7883; Before; 10.8911; null
25; Bicycle; Noise; Intention; 25.10.2023 14:36:06; 857.5371; 0.7697628; 106.7876; Before; 10.92475; null
25; Bicycle; Noise; Intention; 25.10.2023 14:36:06; 857.5015; 0.769763; 106.7873; Before; 10.94104; null
25; Bicycle; Noise; Intention; 25.10.2023 14:36:06; 857.4344; 0.7697619; 106.7867; Before; 10.97184; null
25; Bicycle; Noise; Intention; 25.10.2023 14:36:06; 857.4017; 0.7697622; 106.7864; Before; 10.98564; null
25; Bicycle; Noise; Intention; 25.10.2023 14:36:06; 857.3676; 0.7697622; 106.7861; Before; 10.99981; null
25; Bicycle; Noise; Intention; 25.10.2023 14:36:06; 857.3308; 0.7697616; 106.7858; Before; 11.01458; null
25; Bicycle; Noise; Intention; 25.10.2023 14:36:06; 857.2546; 0.7697613; 106.7851; Before; 11.04709; null
25; Bicycle; Noise; Intention; 25.10.2023 14:36:06; 857.2164; 0.7697613; 106.7848; Before; 11.06312; null
25; Bicycle; Noise; Intention; 25.10.2023 14:36:06; 857.1758; 0.7697611; 106.7845; Before; 11.07941; null
25; Bicycle; Noise; Intention; 25.10.2023 14:36:06; 857.139; 0.7697618; 106.7842; Before; 11.09672; null
25; Bicycle; Noise; Intention; 25.10.2023 14:36:06; 857.1013; 0.7697617; 106.7839; Before; 11.11242; null
25; Bicycle; Noise; Intention; 25.10.2023 14:36:06; 857.0221; 0.7697611; 106.7834; Before; 11.14316; null
25; Bicycle; Noise; Intention; 25.10.2023 14:36:06; 856.9824; 0.7697618; 106.7831; Before; 11.16196; null
25; Bicycle; Noise; Intention; 25.10.2023 14:36:07; 856.946; 0.7697617; 106.7829; Before; 11.17868; null
25; Bicycle; Noise; Intention; 25.10.2023 14:36:07; 856.9098; 0.7697623; 106.7826; Before; 11.19402; null
25; Bicycle; Noise; Intention; 25.10.2023 14:36:07; 856.8689; 0.7697614; 106.7823; Before; 11.20922; null
25; Bicycle; Noise; Intention; 25.10.2023 14:36:07; 856.784; 0.7697608; 106.7818; Before; 11.24404; null
25; Bicycle; Noise; Intention; 25.10.2023 14:36:07; 856.7487; 0.7697618; 106.7816; Before; 11.26179; null
25; Bicycle; Noise; Intention; 25.10.2023 14:36:07; 856.7065; 0.7697614; 106.7814; Before; 11.2765; null
25; Bicycle; Noise; Intention; 25.10.2023 14:36:07; 856.6692; 0.7697626; 106.7812; Before; 11.29398; null
25; Bicycle; Noise; Intention; 25.10.2023 14:36:07; 856.6262; 0.7697623; 106.7809; Before; 11.30947; null
25; Bicycle; Noise; Intention; 25.10.2023 14:36:07; 856.5446; 0.7697616; 106.7806; Before; 11.34468; null
25; Bicycle; Noise; Intention; 25.10.2023 14:36:07; 856.501; 0.7697618; 106.7804; Before; 11.3609; null
25; Bicycle; Noise; Intention; 25.10.2023 14:36:07; 856.4293; 0.7697606; 106.7802; Before; 11.39338; null
25; Bicycle; Noise; Intention; 25.10.2023 14:36:07; 856.4293; 0.7697606; 106.7802; Before; 11.39338; null
25; Bicycle; Noise; Intention; 25.10.2023 14:36:07; 856.3461; 0.7697606; 106.78; Before; 11.42457; null
25; Bicycle; Noise; Intention; 25.10.2023 14:36:07; 856.3083; 0.7697618; 106.7799; Before; 11.44198; null
25; Bicycle; Noise; Intention; 25.10.2023 14:36:07; 856.2354; 0.7697616; 106.7799; Before; 11.47188; null
25; Bicycle; Noise; Intention; 25.10.2023 14:36:07; 856.1886; 0.7697618; 106.7799; Before; 11.48631; null
25; Bicycle; Noise; Intention; 25.10.2023 14:36:07; 856.1886; 0.7697618; 106.7799; Before; 11.48631; null
25; Bicycle; Noise; Intention; 25.10.2023 14:36:07; 856.1027; 0.7697614; 106.7801; Before; 11.52271; null
25; Bicycle; Noise; Intention; 25.10.2023 14:36:07; 856.0641; 0.7697604; 106.7801; Before; 11.53828; null
25; Bicycle; Noise; Intention; 25.10.2023 14:36:07; 855.9808; 0.7697608; 106.7804; Before; 11.56829; null
25; Bicycle; Noise; Intention; 25.10.2023 14:36:07; 855.9417; 0.7697622; 106.7805; Before; 11.58502; null
25; Bicycle; Noise; Intention; 25.10.2023 14:36:07; 855.9012; 0.7697622; 106.7807; Before; 11.5998; null
25; Bicycle; Noise; Intention; 25.10.2023 14:36:07; 855.8605; 0.7697623; 106.7809; Before; 11.61505; null
25; Bicycle; Noise; Intention; 25.10.2023 14:36:07; 855.7692; 0.7697617; 106.7813; Before; 11.64579; null
25; Bicycle; Noise; Intention; 25.10.2023 14:36:07; 855.7267; 0.7697623; 106.7815; Before; 11.66409; null
25; Bicycle; Noise; Intention; 25.10.2023 14:36:07; 855.6845; 0.7697616; 106.7817; Before; 11.67968; null
25; Bicycle; Noise; Intention; 25.10.2023 14:36:07; 855.6302; 0.7697616; 106.7821; Before; 11.69508; null
25; Bicycle; Noise; Intention; 25.10.2023 14:36:07; 855.5832; 0.769762; 106.7823; Before; 11.71476; null
25; Bicycle; Noise; Intention; 25.10.2023 14:36:07; 855.4943; 0.7697618; 106.783; Before; 11.74844; null
25; Bicycle; Noise; Intention; 25.10.2023 14:36:07; 855.4515; 0.7697617; 106.7833; Before; 11.76345; null
25; Bicycle; Noise; Intention; 25.10.2023 14:36:07; 855.3981; 0.7697613; 106.7837; Before; 11.77857; null
25; Bicycle; Noise; Intention; 25.10.2023 14:36:07; 855.3556; 0.7697617; 106.784; Before; 11.79736; null
25; Bicycle; Noise; Intention; 25.10.2023 14:36:07; 855.3098; 0.7697613; 106.7844; Before; 11.81224; null
25; Bicycle; Noise; Intention; 25.10.2023 14:36:07; 855.2198; 0.7697616; 106.7852; Before; 11.84363; null
25; Bicycle; Noise; Intention; 25.10.2023 14:36:07; 855.1821; 0.7697613; 106.7856; Before; 11.85924; null
25; Bicycle; Noise; Intention; 25.10.2023 14:36:07; 855.0898; 0.7697612; 106.7865; Before; 11.88753; null
25; Bicycle; Noise; Intention; 25.10.2023 14:36:07; 855.0481; 0.7697608; 106.7869; Before; 11.90359; null
25; Bicycle; Noise; Intention; 25.10.2023 14:36:07; 854.9975; 0.7697608; 106.7875; Before; 11.9177; null
25; Bicycle; Noise; Intention; 25.10.2023 14:36:07; 854.9086; 0.7697612; 106.7884; Before; 11.95015; null
25; Bicycle; Noise; Intention; 25.10.2023 14:36:07; 854.8638; 0.7697623; 106.789; Before; 11.9644; null
25; Bicycle; Noise; Intention; 25.10.2023 14:36:07; 854.8096; 0.7697608; 106.7896; Before; 11.97931; null
25; Bicycle; Noise; Intention; 25.10.2023 14:36:07; 854.7588; 0.7697613; 106.7902; Before; 11.9972; null
25; Bicycle; Noise; Intention; 25.10.2023 14:36:07; 854.7048; 0.7697613; 106.7909; Before; 12.01388; null
25; Bicycle; Noise; Intention; 25.10.2023 14:36:07; 854.6093; 0.7697606; 106.7922; Before; 12.04848; null
25; Bicycle; Noise; Intention; 25.10.2023 14:36:07; 854.5638; 0.7697608; 106.7928; Before; 12.06252; null
25; Bicycle; Noise; Intention; 25.10.2023 14:36:07; 854.5125; 0.7697603; 106.7935; Before; 12.07722; null
25; Bicycle; Noise; Intention; 25.10.2023 14:36:07; 854.455; 0.7697608; 106.7943; Before; 12.09369; null
25; Bicycle; Noise; Intention; 25.10.2023 14:36:07; 854.4047; 0.7697605; 106.795; Before; 12.11206; null
25; Bicycle; Noise; Intention; 25.10.2023 14:36:07; 854.3044; 0.7697601; 106.7965; Before; 12.14421; null
25; Bicycle; Noise; Intention; 25.10.2023 14:36:07; 854.2637; 0.7697601; 106.7971; Before; 12.15974; null
25; Bicycle; Noise; Intention; 25.10.2023 14:36:08; 854.1638; 0.7697616; 106.7987; Before; 12.18832; null
25; Bicycle; Noise; Intention; 25.10.2023 14:36:08; 854.1188; 0.7697617; 106.7995; Before; 12.20377; null
25; Bicycle; Noise; Intention; 25.10.2023 14:36:08; 854.0701; 0.7697618; 106.8003; Before; 12.21778; null
25; Bicycle; Noise; Intention; 25.10.2023 14:36:08; 854.0125; 0.7697613; 106.8012; Before; 12.23284; null
25; Bicycle; Noise; Intention; 25.10.2023 14:36:08; 853.9103; 0.7697612; 106.803; Before; 12.26484; null
25; Bicycle; Noise; Intention; 25.10.2023 14:36:08; 853.8619; 0.7697607; 106.8038; Before; 12.2819; null
25; Bicycle; Noise; Intention; 25.10.2023 14:36:08; 853.8126; 0.7697617; 106.8047; Before; 12.29664; null
25; Bicycle; Noise; Intention; 25.10.2023 14:36:08; 853.7526; 0.7697613; 106.8058; Before; 12.31163; null
25; Bicycle; Noise; Intention; 25.10.2023 14:36:08; 853.6487; 0.7697613; 106.8076; Before; 12.34531; null
25; Bicycle; Noise; Intention; 25.10.2023 14:36:08; 853.5951; 0.769762; 106.8086; Before; 12.36105; null
25; Bicycle; Noise; Intention; 25.10.2023 14:36:08; 853.5352; 0.769762; 106.8097; Before; 12.37711; null
25; Bicycle; Noise; Intention; 25.10.2023 14:36:08; 853.4739; 0.7697632; 106.8108; Before; 12.39498; null
25; Bicycle; Noise; Intention; 25.10.2023 14:36:08; 853.4222; 0.7697632; 106.8117; Before; 12.41319; null
25; Bicycle; Noise; Intention; 25.10.2023 14:36:08; 853.361; 0.7697628; 106.8128; Before; 12.42846; null
25; Bicycle; Noise; Intention; 25.10.2023 14:36:08; 853.237; 0.7697628; 106.8151; Before; 12.46467; null
25; Bicycle; Noise; Intention; 25.10.2023 14:36:08; 853.1833; 0.769763; 106.8161; Before; 12.48286; null
25; Bicycle; Noise; Intention; 25.10.2023 14:36:08; 853.1305; 0.7697635; 106.817; Before; 12.49853; null
25; Bicycle; Noise; Intention; 25.10.2023 14:36:08; 853.0789; 0.7697626; 106.818; Before; 12.51386; null
25; Bicycle; Noise; Intention; 25.10.2023 14:36:08; 852.9614; 0.769762; 106.8203; Before; 12.54582; null
25; Bicycle; Noise; Intention; 25.10.2023 14:36:08; 852.9086; 0.7697622; 106.8213; Before; 12.5627; null
25; Bicycle; Noise; Intention; 25.10.2023 14:36:08; 852.8531; 0.769762; 106.8224; Before; 12.57785; null
25; Bicycle; Noise; Intention; 25.10.2023 14:36:08; 852.799; 0.7697625; 106.8234; Before; 12.59373; null
25; Bicycle; Noise; Intention; 25.10.2023 14:36:08; 852.6919; 0.7697623; 106.8256; Before; 12.62577; null
25; Bicycle; Noise; Intention; 25.10.2023 14:36:08; 852.6299; 0.769762; 106.8268; Before; 12.63957; null
25; Bicycle; Noise; Intention; 25.10.2023 14:36:08; 852.5648; 0.769761; 106.8282; Before; 12.6571; null
25; Bicycle; Noise; Intention; 25.10.2023 14:36:08; 852.4603; 0.7697614; 106.8303; Before; 12.69007; null
25; Bicycle; Noise; Intention; 25.10.2023 14:36:08; 852.4068; 0.7697616; 106.8314; Before; 12.70477; null
25; Bicycle; Noise; Intention; 25.10.2023 14:36:08; 852.3561; 0.7697618; 106.8324; Before; 12.71972; null
25; Bicycle; Noise; Intention; 25.10.2023 14:36:08; 852.2936; 0.7697614; 106.8337; Before; 12.73386; null
25; Bicycle; Noise; Intention; 25.10.2023 14:36:08; 852.1693; 0.7697616; 106.8363; Before; 12.76864; null
25; Bicycle; Noise; Intention; 25.10.2023 14:36:08; 852.1154; 0.769762; 106.8374; Before; 12.78563; null
25; Bicycle; Noise; Intention; 25.10.2023 14:36:08; 852.0582; 0.769761; 106.8386; Before; 12.80047; null
25; Bicycle; Noise; Intention; 25.10.2023 14:36:08; 852.0034; 0.7697611; 106.8397; Before; 12.81618; null
25; Bicycle; Noise; Intention; 25.10.2023 14:36:08; 851.8854; 0.7697616; 106.8421; Before; 12.84711; null
25; Bicycle; Noise; Intention; 25.10.2023 14:36:08; 851.8317; 0.769762; 106.8432; Before; 12.86343; null
25; Bicycle; Noise; Intention; 25.10.2023 14:36:08; 851.7262; 0.769762; 106.8453; Before; 12.89226; null
25; Bicycle; Noise; Intention; 25.10.2023 14:36:08; 851.7262; 0.769762; 106.8453; Before; 12.89226; null
25; Bicycle; Noise; Intention; 25.10.2023 14:36:08; 851.6124; 0.7697616; 106.8474; Before; 12.92119; null
25; Bicycle; Noise; Intention; 25.10.2023 14:36:08; 851.5623; 0.7697617; 106.8483; Before; 12.93726; null
25; Bicycle; Noise; Intention; 25.10.2023 14:36:08; 851.4317; 0.7697611; 106.8504; Before; 12.96883; null
25; Bicycle; Noise; Intention; 25.10.2023 14:36:08; 851.3705; 0.7697616; 106.8514; Before; 12.98489; null
25; Bicycle; Noise; Intention; 25.10.2023 14:36:08; 851.2971; 0.7697608; 106.8525; Before; 13.00073; null
25; Bicycle; Noise; Intention; 25.10.2023 14:36:08; 851.2217; 0.7697611; 106.8535; Before; 13.01951; null
25; Bicycle; Noise; Intention; 25.10.2023 14:36:08; 851.148; 0.7697611; 106.8544; Before; 13.03858; null
25; Bicycle; Noise; Intention; 25.10.2023 14:36:08; 851.0806; 0.7697605; 106.8552; Before; 13.05707; null
25; Bicycle; Noise; Intention; 25.10.2023 14:36:08; 850.9523; 0.769761; 106.8566; Before; 13.08969; null
25; Bicycle; Noise; Intention; 25.10.2023 14:36:08; 850.8935; 0.7697616; 106.8573; Before; 13.10517; null
25; Bicycle; Noise; Intention; 25.10.2023 14:36:08; 850.8354; 0.7697624; 106.8578; Before; 13.1194; null
25; Bicycle; Noise; Intention; 25.10.2023 14:36:08; 850.7131; 0.7697618; 106.859; Before; 13.14844; null
25; Bicycle; Noise; Intention; 25.10.2023 14:36:09; 850.6514; 0.7697623; 106.8596; Before; 13.16239; null
25; Bicycle; Noise; Intention; 25.10.2023 14:36:09; 850.5701; 0.769762; 106.8602; Before; 13.17689; null
25; Bicycle; Noise; Intention; 25.10.2023 14:36:09; 850.4936; 0.769763; 106.8609; Before; 13.19582; null
25; Bicycle; Noise; Intention; 25.10.2023 14:36:09; 850.4094; 0.7697635; 106.8615; Before; 13.21346; null
25; Bicycle; Noise; Intention; 25.10.2023 14:36:09; 850.3187; 0.7697625; 106.8622; Before; 13.23274; null
25; Bicycle; Noise; Intention; 25.10.2023 14:36:09; 850.2484; 0.7697626; 106.8627; Before; 13.25327; null
25; Bicycle; Noise; Intention; 25.10.2023 14:36:09; 850.0848; 0.7697619; 106.8637; Before; 13.28774; null
25; Bicycle; Noise; Intention; 25.10.2023 14:36:09; 850.0221; 0.7697616; 106.8641; Before; 13.30542; null
25; Bicycle; Noise; Intention; 25.10.2023 14:36:09; 849.9537; 0.7697619; 106.8645; Before; 13.31917; null
25; Bicycle; Noise; Intention; 25.10.2023 14:36:09; 849.8729; 0.7697619; 106.865; Before; 13.3341; null
25; Bicycle; Noise; Intention; 25.10.2023 14:36:09; 849.7247; 0.7697625; 106.8658; Before; 13.36617; null
25; Bicycle; Noise; Intention; 25.10.2023 14:36:09; 849.6563; 0.769763; 106.8661; Before; 13.38341; null
25; Bicycle; Noise; Intention; 25.10.2023 14:36:09; 849.5834; 0.7697626; 106.8665; Before; 13.39799; null
25; Bicycle; Noise; Intention; 25.10.2023 14:36:09; 849.5147; 0.7697622; 106.8668; Before; 13.41336; null
25; Bicycle; Noise; Intention; 25.10.2023 14:36:09; 849.3604; 0.769762; 106.8675; Before; 13.44332; Checking Box AICar
25; Bicycle; Noise; Intention; 25.10.2023 14:36:09; 849.2927; 0.7697616; 106.8678; Before; 13.45992; Checking Box AICar
25; Bicycle; Noise; Intention; 25.10.2023 14:36:09; 849.1288; 0.7697618; 106.8685; Before; 13.48941; Checking Box AICar
25; Bicycle; Noise; Intention; 25.10.2023 14:36:09; 849.1288; 0.7697618; 106.8685; Before; 13.48941; Checking Box AICar
25; Bicycle; Noise; Intention; 25.10.2023 14:36:09; 849.0311; 0.769762; 106.8689; Before; 13.50736; Checking Box AICar
25; Bicycle; Noise; Intention; 25.10.2023 14:36:09; 848.8464; 0.7697618; 106.8696; Before; 13.54598; Checking Box AICar
25; Bicycle; Noise; Intention; 25.10.2023 14:36:09; 848.7675; 0.7698927; 106.8699; Before; 13.56418; Checking Box AICar
25; Bicycle; Noise; Intention; 25.10.2023 14:36:09; 848.6664; 0.7700213; 106.8703; Before; 13.57985; Checking Box AICar
25; Bicycle; Noise; Intention; 25.10.2023 14:36:09; 848.5902; 0.7700896; 106.8706; Before; 13.5998; Checking Box AICar
25; Bicycle; Noise; Intention; 25.10.2023 14:36:09; 848.5196; 0.7701374; 106.8709; Before; 13.61473; Checking Box AICar
25; Bicycle; Noise; Intention; 25.10.2023 14:36:09; 848.3544; 0.770201; 106.8716; Before; 13.64382; Checking Box AICar
25; Bicycle; Noise; Intention; 25.10.2023 14:36:09; 848.2717; 0.770215; 106.8719; Before; 13.66053; Checking Box AICar
25; Bicycle; Noise; Intention; 25.10.2023 14:36:09; 848.168; 0.7702187; 106.8724; Before; 13.67645; Checking Box AICar
25; Bicycle; Noise; Intention; 25.10.2023 14:36:09; 848.0831; 0.7702153; 106.8728; Before; 13.69626; Checking Box AICar
25; Bicycle; Noise; Intention; 25.10.2023 14:36:09; 848.0018; 0.7702074; 106.8731; Before; 13.71241; Checking Box AICar
25; Bicycle; Noise; Intention; 25.10.2023 14:36:09; 847.8091; 0.7701788; 106.874; Before; 13.74761; Checking Box AICar
25; Bicycle; Noise; Intention; 25.10.2023 14:36:09; 847.7182; 0.7701633; 106.8745; Before; 13.76399; Checking Box AICar
25; Bicycle; Noise; Intention; 25.10.2023 14:36:09; 847.6323; 0.7701468; 106.8749; Before; 13.78094; Checking Box Human Car
25; Bicycle; Noise; Intention; 25.10.2023 14:36:09; 847.5559; 0.770134; 106.8753; Before; 13.79687; Checking Box Human Car
25; Bicycle; Noise; Intention; 25.10.2023 14:36:09; 847.4666; 0.7701176; 106.8757; Before; 13.81098; Checking Box Human Car
25; Bicycle; Noise; Intention; 25.10.2023 14:36:09; 847.2936; 0.770089; 106.8766; Before; 13.84397; null
25; Bicycle; Noise; Intention; 25.10.2023 14:36:09; 847.2216; 0.7700779; 106.877; Before; 13.85897; null
25; Bicycle; Noise; Intention; 25.10.2023 14:36:09; 847.0387; 0.7700541; 106.8779; Before; 13.88716; null
25; Bicycle; Noise; Intention; 25.10.2023 14:36:09; 846.957; 0.7700448; 106.8782; Before; 13.90505; null
25; Bicycle; Noise; Intention; 25.10.2023 14:36:09; 846.8632; 0.770036; 106.8787; Before; 13.91969; null
25; Bicycle; Noise; Intention; 25.10.2023 14:36:09; 846.7771; 0.7700276; 106.8791; Before; 13.93645; null
25; Bicycle; Noise; Intention; 25.10.2023 14:36:09; 846.5861; 0.770014; 106.8799; Before; 13.96753; null
25; Bicycle; Noise; Intention; 25.10.2023 14:36:09; 846.4879; 0.77001; 106.8803; Before; 13.98548; null
25; Bicycle; Noise; Intention; 25.10.2023 14:36:09; 846.4879; 0.77001; 106.8803; Before; 13.98548; null
25; Bicycle; Noise; Intention; 25.10.2023 14:36:09; 846.2745; 0.77; 106.881; Before; 14.0209; null
25; Bicycle; Noise; Intention; 25.10.2023 14:36:09; 846.1792; 0.7699975; 106.8813; Before; 14.03984; null
25; Bicycle; Noise; Intention; 25.10.2023 14:36:09; 846.0809; 0.7699947; 106.8816; Before; 14.05629; null
25; Bicycle; Noise; Intention; 25.10.2023 14:36:09; 845.9055; 0.7699914; 106.882; Before; 14.08778; null
25; Bicycle; Noise; Intention; 25.10.2023 14:36:09; 845.8146; 0.7699895; 106.8823; Before; 14.10318; null
25; Bicycle; Noise; Intention; 25.10.2023 14:36:09; 845.7327; 0.7699891; 106.8824; Before; 14.11863; null
25; Bicycle; Noise; Intention; 25.10.2023 14:36:09; 845.5541; 0.7699872; 106.8828; Before; 14.14853; Checking Box Human Car
25; Bicycle; Noise; Intention; 25.10.2023 14:36:09; 845.4431; 0.7699866; 106.883; Before; 14.16259; Checking Box Human Car
25; Bicycle; Noise; Intention; 25.10.2023 14:36:10; 845.3462; 0.7699854; 106.8832; Before; 14.18117; Checking Box Human Car
25; Bicycle; Noise; Intention; 25.10.2023 14:36:10; 845.2411; 0.7699859; 106.8834; Before; 14.19731; Checking Box Human Car
25; Bicycle; Noise; Intention; 25.10.2023 14:36:10; 845.1212; 0.7699859; 106.8837; Before; 14.21476; Checking Box Human Car
25; Bicycle; Noise; Intention; 25.10.2023 14:36:10; 845.0158; 0.769985; 106.8839; Before; 14.23456; Checking Box Human Car
25; Bicycle; Noise; Intention; 25.10.2023 14:36:10; 844.812; 0.7699857; 106.8843; Before; 14.2679; Checking Box Human Car
25; Bicycle; Noise; Intention; 25.10.2023 14:36:10; 844.7183; 0.7699867; 106.8845; Before; 14.28524; Checking Box Human Car
25; Bicycle; Noise; Intention; 25.10.2023 14:36:10; 844.6111; 0.7699862; 106.8847; Before; 14.30047; Checking Box Human Car
25; Bicycle; Noise; Intention; 25.10.2023 14:36:10; 844.5253; 0.7699863; 106.8849; Before; 14.31788; Checking Box Human Car
25; Bicycle; Noise; Intention; 25.10.2023 14:36:10; 844.4072; 0.7699854; 106.8852; Before; 14.33174; Checking Box Human Car
25; Bicycle; Noise; Intention; 25.10.2023 14:36:10; 844.1951; 0.7699859; 106.8858; Before; 14.36751; Checking Box Human Car
25; Bicycle; Noise; Intention; 25.10.2023 14:36:10; 844.0825; 0.7699857; 106.8862; Before; 14.38472; Checking Box Human Car
25; Bicycle; Noise; Intention; 25.10.2023 14:36:10; 843.9762; 0.7699847; 106.8865; Before; 14.40265; Checking Box Human Car
25; Bicycle; Noise; Intention; 25.10.2023 14:36:10; 843.8771; 0.769985; 106.8868; Before; 14.41952; Checking Box Human Car
25; Bicycle; Noise; Intention; 25.10.2023 14:36:10; 843.6931; 0.7699854; 106.8876; Before; 14.44982; Checking Box Human Car
25; Bicycle; Noise; Intention; 25.10.2023 14:36:10; 843.5859; 0.7699866; 106.888; Before; 14.46422; Checking Box Human Car
25; Bicycle; Noise; Intention; 25.10.2023 14:36:10; 843.4739; 0.7699873; 106.8885; Before; 14.48106; Checking Box Human Car
25; Bicycle; Noise; Intention; 25.10.2023 14:36:10; 843.379; 0.7699877; 106.8889; Before; 14.49862; null
25; Bicycle; Noise; Intention; 25.10.2023 14:36:10; 843.2761; 0.7699873; 106.8894; Before; 14.51346; null
25; Bicycle; Noise; Intention; 25.10.2023 14:36:10; 843.175; 0.7699877; 106.8898; Before; 14.5295; null
25; Bicycle; Noise; Intention; 25.10.2023 14:36:10; 842.9418; 0.7699873; 106.891; Before; 14.56602; null
25; Bicycle; Noise; Intention; 25.10.2023 14:36:10; 842.819; 0.7699872; 106.8916; Before; 14.58143; null
25; Bicycle; Noise; Intention; 25.10.2023 14:36:10; 842.7134; 0.7699869; 106.8922; Before; 14.6004; null
25; Bicycle; Noise; Intention; 25.10.2023 14:36:10; 842.6232; 0.7699864; 106.8926; Before; 14.61668; null
25; Bicycle; Noise; Intention; 25.10.2023 14:36:10; 842.4199; 0.7699859; 106.8937; Before; 14.64559; null
25; Bicycle; Noise; Intention; 25.10.2023 14:36:10; 842.3248; 0.7699857; 106.8941; Before; 14.66177; Checking Box AICar
25; Bicycle; Noise; Intention; 25.10.2023 14:36:10; 842.2197; 0.7699858; 106.8946; Before; 14.6763; Checking Box AICar
25; Bicycle; Noise; Intention; 25.10.2023 14:36:10; 842.0964; 0.7699869; 106.8952; Before; 14.69236; Checking Box AICar
25; Bicycle; Noise; Intention; 25.10.2023 14:36:10; 841.9872; 0.7699866; 106.8957; Before; 14.71117; Checking Box AICar
25; Bicycle; Noise; Intention; 25.10.2023 14:36:10; 841.7604; 0.7699869; 106.8967; Before; 14.74329; Checking Box AICar
25; Bicycle; Noise; Intention; 25.10.2023 14:36:10; 841.6548; 0.769987; 106.8972; Before; 14.76219; Checking Box AICar
25; Bicycle; Noise; Intention; 25.10.2023 14:36:10; 841.5442; 0.7699869; 106.8976; Before; 14.77814; Checking Box AICar
25; Bicycle; Noise; Intention; 25.10.2023 14:36:10; 841.4473; 0.7699871; 106.898; Before; 14.79485; Checking Box AICar
25; Bicycle; Noise; Intention; 25.10.2023 14:36:10; 841.2449; 0.7699873; 106.8987; Before; 14.82532; Checking Box AICar
25; Bicycle; Noise; Intention; 25.10.2023 14:36:10; 841.1481; 0.7699883; 106.899; Before; 14.83987; Checking Box AICar
25; Bicycle; Noise; Intention; 25.10.2023 14:36:10; 840.9392; 0.7699881; 106.8997; Before; 14.8713; Checking Box AICar
25; Bicycle; Noise; Intention; 25.10.2023 14:36:10; 840.8436; 0.7699885; 106.9; Before; 14.88564; Checking Box AICar
25; Bicycle; Noise; Intention; 25.10.2023 14:36:10; 840.7441; 0.7699877; 106.9003; Before; 14.89991; Checking Box AICar
25; Bicycle; Noise; Intention; 25.10.2023 14:36:10; 840.6275; 0.7699881; 106.9007; Before; 14.91473; Checking Box AICar
25; Bicycle; Noise; Intention; 25.10.2023 14:36:10; 840.4788; 0.7699881; 106.9012; Before; 14.93209; Checking Box AICar
25; Bicycle; Noise; Intention; 25.10.2023 14:36:10; 840.2637; 0.7699871; 106.9019; Before; 14.97056; Checking Box AICar
25; Bicycle; Noise; Intention; 25.10.2023 14:36:10; 840.1642; 0.7699876; 106.9022; Before; 14.98602; Checking Box AICar
25; Bicycle; Noise; Intention; 25.10.2023 14:36:10; 840.0623; 0.7699872; 106.9025; Before; 15.00071; Checking Box AICar
25; Bicycle; Noise; Intention; 25.10.2023 14:36:10; 839.973; 0.7699873; 106.9028; Before; 15.01575; Checking Box AICar
25; Bicycle; Noise; Intention; 25.10.2023 14:36:10; 839.7749; 0.7699878; 106.9035; Before; 15.04325; Checking Box AICar
25; Bicycle; Noise; Intention; 25.10.2023 14:36:10; 839.688; 0.7699878; 106.9039; Before; 15.05804; Checking Box AICar
25; Bicycle; Noise; Intention; 25.10.2023 14:36:10; 839.4551; 0.7699876; 106.9048; Before; 15.08727; Checking Box AICar
25; Bicycle; Noise; Intention; 25.10.2023 14:36:10; 839.4551; 0.7699876; 106.9048; Before; 15.08727; Checking Box AICar
25; Bicycle; Noise; Intention; 25.10.2023 14:36:10; 839.2252; 0.7699882; 106.9057; Before; 15.12155; Checking Box AICar
25; Bicycle; Noise; Intention; 25.10.2023 14:36:10; 839.1191; 0.7699885; 106.9062; Before; 15.13846; Checking Box AICar
25; Bicycle; Noise; Intention; 25.10.2023 14:36:10; 838.8941; 0.7699865; 106.9072; Before; 15.17; Checking Box AICar
25; Bicycle; Noise; Intention; 25.10.2023 14:36:11; 838.7869; 0.7699864; 106.9077; Before; 15.18663; Checking Box AICar
25; Bicycle; Noise; Intention; 25.10.2023 14:36:11; 838.6737; 0.7699859; 106.9083; Before; 15.20218; Checking Box AICar
25; Bicycle; Noise; Intention; 25.10.2023 14:36:11; 838.5749; 0.7699873; 106.9088; Before; 15.21857; Checking Box AICar
25; Bicycle; Noise; Intention; 25.10.2023 14:36:11; 838.3818; 0.769987; 106.9098; Before; 15.2472; Checking Box AICar
25; Bicycle; Noise; Intention; 25.10.2023 14:36:11; 838.2631; 0.7699869; 106.9104; Before; 15.26076; null
25; Bicycle; Noise; Intention; 25.10.2023 14:36:11; 838.0558; 0.7699869; 106.9115; Before; 15.29323; null
25; Bicycle; Noise; Intention; 25.10.2023 14:36:11; 838.0558; 0.7699869; 106.9115; Before; 15.29323; null
25; Bicycle; Noise; Intention; 25.10.2023 14:36:11; 837.8267; 0.7699866; 106.9127; Before; 15.32458; null
25; Bicycle; Noise; Intention; 25.10.2023 14:36:11; 837.7289; 0.7699873; 106.9132; Before; 15.34061; null
25; Bicycle; Noise; Intention; 25.10.2023 14:36:11; 837.53; 0.7699877; 106.9141; Before; 15.36973; null
25; Bicycle; Noise; Intention; 25.10.2023 14:36:11; 837.4201; 0.7699884; 106.9147; Before; 15.3831; null
25; Bicycle; Noise; Intention; 25.10.2023 14:36:11; 837.3231; 0.7699882; 106.9151; Before; 15.39879; null
25; Bicycle; Noise; Intention; 25.10.2023 14:36:11; 837.2181; 0.7699879; 106.9156; Before; 15.41263; null
25; Bicycle; Noise; Intention; 25.10.2023 14:36:11; 837; 0.7699883; 106.9165; Before; 15.4428; null
25; Bicycle; Noise; Intention; 25.10.2023 14:36:11; 836.9022; 0.7699883; 106.9169; Before; 15.45865; null
25; Bicycle; Noise; Intention; 25.10.2023 14:36:11; 836.6941; 0.7699884; 106.9178; Before; 15.48681; null
25; Bicycle; Noise; Intention; 25.10.2023 14:36:11; 836.574; 0.7699873; 106.9182; Before; 15.50213; null
25; Bicycle; Noise; Intention; 25.10.2023 14:36:11; 836.4696; 0.7699873; 106.9186; Before; 15.51917; null
25; Bicycle; Noise; Intention; 25.10.2023 14:36:11; 836.3452; 0.7699872; 106.919; Before; 15.534; null
25; Bicycle; Noise; Intention; 25.10.2023 14:36:11; 836.1146; 0.7699876; 106.9199; Before; 15.5691; null
25; Bicycle; Noise; Intention; 25.10.2023 14:36:11; 836.0129; 0.7699869; 106.9202; Before; 15.5843; null
25; Bicycle; Noise; Intention; 25.10.2023 14:36:11; 835.9106; 0.7699866; 106.9206; Before; 15.59869; null
25; Bicycle; Noise; Intention; 25.10.2023 14:36:11; 835.7109; 0.7699869; 106.9213; Before; 15.6274; null
25; Bicycle; Noise; Intention; 25.10.2023 14:36:11; 835.6097; 0.769987; 106.9217; Before; 15.64141; null
25; Bicycle; Noise; Intention; 25.10.2023 14:36:11; 835.409; 0.7699866; 106.9224; Before; 15.67057; null
25; Bicycle; Noise; Intention; 25.10.2023 14:36:11; 835.3029; 0.7699866; 106.9229; Before; 15.68403; null
25; Bicycle; Noise; Intention; 25.10.2023 14:36:11; 835.181; 0.7699865; 106.9233; Before; 15.69901; null
25; Bicycle; Noise; Intention; 25.10.2023 14:36:11; 835.0798; 0.7699873; 106.9238; Before; 15.7162; null
25; Bicycle; Noise; Intention; 25.10.2023 14:36:11; 834.9691; 0.7699882; 106.9242; Before; 15.73046; null
25; Bicycle; Noise; Intention; 25.10.2023 14:36:11; 834.729; 0.7699885; 106.9253; Before; 15.76453; null
25; Bicycle; Noise; Intention; 25.10.2023 14:36:11; 834.6319; 0.7699881; 106.9257; Before; 15.77987; null
25; Bicycle; Noise; Intention; 25.10.2023 14:36:11; 834.5039; 0.7699887; 106.9263; Before; 15.79353; null
25; Bicycle; Noise; Intention; 25.10.2023 14:36:11; 834.3959; 0.7699885; 106.9268; Before; 15.81152; null
25; Bicycle; Noise; Intention; 25.10.2023 14:36:11; 834.1635; 0.7699879; 106.928; Before; 15.84379; null
25; Bicycle; Noise; Intention; 25.10.2023 14:36:11; 833.9709; 0.7699866; 106.9289; Before; 15.8726; null
25; Bicycle; Noise; Intention; 25.10.2023 14:36:11; 833.862; 0.7699867; 106.9295; Before; 15.88637; null
25; Bicycle; Noise; Intention; 25.10.2023 14:36:11; 833.7484; 0.7699866; 106.9301; Before; 15.90165; null
25; Bicycle; Noise; Intention; 25.10.2023 14:36:11; 833.6541; 0.7699865; 106.9306; Before; 15.91759; null
25; Bicycle; Noise; Intention; 25.10.2023 14:36:11; 833.4215; 0.769987; 106.9318; Before; 15.94594; null
25; Bicycle; Noise; Intention; 25.10.2023 14:36:11; 833.3129; 0.7699873; 106.9324; Before; 15.96341; null
25; Bicycle; Noise; Intention; 25.10.2023 14:36:11; 833.1102; 0.7699866; 106.9334; Before; 15.99338; null
25; Bicycle; Noise; Intention; 25.10.2023 14:36:11; 833.1102; 0.7699866; 106.9334; Before; 15.99338; null
25; Bicycle; Noise; Intention; 25.10.2023 14:36:11; 832.8768; 0.7699878; 106.9345; Before; 16.02248; null
25; Bicycle; Noise; Intention; 25.10.2023 14:36:11; 832.7791; 0.7699879; 106.935; Before; 16.03992; null
25; Bicycle; Noise; Intention; 25.10.2023 14:36:11; 832.5625; 0.7699871; 106.936; Before; 16.06926; null
25; Bicycle; Noise; Intention; 25.10.2023 14:36:11; 832.454; 0.7699878; 106.9364; Before; 16.08419; null
25; Bicycle; Noise; Intention; 25.10.2023 14:36:11; 832.454; 0.7699878; 106.9364; Before; 16.08419; null
25; Bicycle; Noise; Intention; 25.10.2023 14:36:11; 832.2532; 0.7699869; 106.9373; Before; 16.09949; null
25; Bicycle; Noise; Intention; 25.10.2023 14:36:11; 832.026; 0.7699867; 106.9382; Before; 16.14439; null
25; Bicycle; Noise; Intention; 25.10.2023 14:36:11; 831.9343; 0.7699873; 106.9386; Before; 16.15994; null
25; Bicycle; Noise; Intention; 25.10.2023 14:36:12; 831.731; 0.7699873; 106.9394; Before; 16.18687; null
25; Bicycle; Noise; Intention; 25.10.2023 14:36:12; 831.6205; 0.7699873; 106.9398; Before; 16.2017; null
25; Bicycle; Noise; Intention; 25.10.2023 14:36:12; 831.4966; 0.7699875; 106.9403; Before; 16.21736; null
25; Bicycle; Noise; Intention; 25.10.2023 14:36:12; 831.3856; 0.7699869; 106.9407; Before; 16.23492; null
25; Bicycle; Noise; Intention; 25.10.2023 14:36:12; 831.1685; 0.7699873; 106.9416; Before; 16.26611; null
25; Bicycle; Noise; Intention; 25.10.2023 14:36:12; 831.0598; 0.7699869; 106.942; Before; 16.28153; null
25; Bicycle; Noise; Intention; 25.10.2023 14:36:12; 830.9391; 0.7699879; 106.9425; Before; 16.29699; null
25; Bicycle; Noise; Intention; 25.10.2023 14:36:12; 830.8226; 0.7699875; 106.9429; Before; 16.31414; null
25; Bicycle; Noise; Intention; 25.10.2023 14:36:12; 830.7076; 0.7699883; 106.9434; Before; 16.33073; null
25; Bicycle; Noise; Intention; 25.10.2023 14:36:12; 830.4739; 0.7699875; 106.9443; Before; 16.36463; null
25; Bicycle; Noise; Intention; 25.10.2023 14:36:12; 830.369; 0.7699871; 106.9448; Before; 16.38045; null
25; Bicycle; Noise; Intention; 25.10.2023 14:36:12; 830.2526; 0.7699871; 106.9452; Before; 16.39542; null
25; Bicycle; Noise; Intention; 25.10.2023 14:36:12; 830.1401; 0.7699875; 106.9457; Before; 16.41204; null
25; Bicycle; Noise; Intention; 25.10.2023 14:36:12; 829.9419; 0.7699876; 106.9466; Before; 16.44229; null
25; Bicycle; Noise; Intention; 25.10.2023 14:36:12; 829.7458; 0.7699867; 106.9474; Before; 16.46848; null
25; Bicycle; Noise; Intention; 25.10.2023 14:36:12; 829.6473; 0.7699875; 106.9479; Before; 16.48454; null
25; Bicycle; Noise; Intention; 25.10.2023 14:36:12; 829.5396; 0.7699873; 106.9483; Before; 16.49864; null
25; Bicycle; Noise; Intention; 25.10.2023 14:36:12; 829.3485; 0.7699872; 106.9492; Before; 16.52793; null
25; Bicycle; Noise; Intention; 25.10.2023 14:36:12; 829.2374; 0.7699879; 106.9497; Before; 16.54148; null
25; Bicycle; Noise; Intention; 25.10.2023 14:36:12; 829.037; 0.769987; 106.9505; Before; 16.57223; null
25; Bicycle; Noise; Intention; 25.10.2023 14:36:12; 828.9447; 0.7699873; 106.9509; Before; 16.58621; null
25; Bicycle; Noise; Intention; 25.10.2023 14:36:12; 828.845; 0.7699871; 106.9513; Before; 16.59949; null
25; Bicycle; Noise; Intention; 25.10.2023 14:36:12; 828.6519; 0.7699866; 106.9521; Before; 16.62727; null
25; Bicycle; Noise; Intention; 25.10.2023 14:36:12; 828.5471; 0.7699877; 106.9525; Before; 16.64163; null
25; Bicycle; Noise; Intention; 25.10.2023 14:36:12; 828.3589; 0.7699867; 106.9532; Before; 16.67033; null
25; Bicycle; Noise; Intention; 25.10.2023 14:36:12; 828.233; 0.7699862; 106.9537; Before; 16.68386; null
25; Bicycle; Noise; Intention; 25.10.2023 14:36:12; 828.1287; 0.7699864; 106.9541; Before; 16.70201; null
25; Bicycle; Noise; Intention; 25.10.2023 14:36:12; 828.0387; 0.7699869; 106.9544; Before; 16.71706; null
25; Bicycle; Noise; Intention; 25.10.2023 14:36:12; 827.8056; 0.7699866; 106.9551; Before; 16.74617; null
25; Bicycle; Noise; Intention; 25.10.2023 14:36:12; 827.7009; 0.7699872; 106.9554; Before; 16.76375; null
25; Bicycle; Noise; Intention; 25.10.2023 14:36:12; 827.5777; 0.7699864; 106.9558; Before; 16.7789; null
25; Bicycle; Noise; Intention; 25.10.2023 14:36:12; 827.4587; 0.7699873; 106.9562; Before; 16.79671; null
25; Bicycle; Noise; Intention; 25.10.2023 14:36:12; 827.355; 0.7699873; 106.9565; Before; 16.81392; null
25; Bicycle; Noise; Intention; 25.10.2023 14:36:12; 827.1504; 0.7699878; 106.957; Before; 16.84299; null
25; Bicycle; Noise; Intention; 25.10.2023 14:36:12; 827.0562; 0.7699872; 106.9573; Before; 16.85861; null
25; Bicycle; Noise; Intention; 25.10.2023 14:36:12; 826.8397; 0.7699872; 106.9579; Before; 16.88843; null
25; Bicycle; Noise; Intention; 25.10.2023 14:36:12; 826.7293; 0.7699873; 106.9582; Before; 16.90369; null
25; Bicycle; Noise; Intention; 25.10.2023 14:36:12; 826.6349; 0.7699883; 106.9585; Before; 16.91971; null
25; Bicycle; Noise; Intention; 25.10.2023 14:36:12; 826.5332; 0.7699881; 106.9587; Before; 16.93343; null
25; Bicycle; Noise; Intention; 25.10.2023 14:36:12; 826.3026; 0.7699877; 106.9594; Before; 16.9658; null
25; Bicycle; Noise; Intention; 25.10.2023 14:36:12; 826.1924; 0.7699884; 106.9597; Before; 16.98186; null
25; Bicycle; Noise; Intention; 25.10.2023 14:36:12; 826.0782; 0.7699879; 106.9601; Before; 16.99798; null
25; Bicycle; Noise; Intention; 25.10.2023 14:36:12; 825.9839; 0.7699878; 106.9603; Before; 17.01473; null
25; Bicycle; Noise; Intention; 25.10.2023 14:36:12; 825.7435; 0.7699871; 106.9611; Before; 17.04484; null
25; Bicycle; Noise; Intention; 25.10.2023 14:36:12; 825.6438; 0.7699881; 106.9614; Before; 17.06402; null
25; Bicycle; Noise; Intention; 25.10.2023 14:36:12; 825.5512; 0.7699876; 106.9617; Before; 17.07878; null
25; Bicycle; Noise; Intention; 25.10.2023 14:36:12; 825.4139; 0.7699883; 106.9621; Before; 17.09249; null
25; Bicycle; Noise; Intention; 25.10.2023 14:36:12; 825.3025; 0.7699877; 106.9624; Before; 17.11289; null
25; Bicycle; Noise; Intention; 25.10.2023 14:36:12; 825.1027; 0.7699876; 106.963; Before; 17.14411; null
25; Bicycle; Noise; Intention; 25.10.2023 14:36:12; 825.0149; 0.7699878; 106.9633; Before; 17.15929; null
25; Bicycle; Noise; Intention; 25.10.2023 14:36:13; 824.8899; 0.7699884; 106.9637; Before; 17.17244; null
25; Bicycle; Noise; Intention; 25.10.2023 14:36:13; 824.7681; 0.7699885; 106.964; Before; 17.19118; null
25; Bicycle; Noise; Intention; 25.10.2023 14:36:13; 824.5662; 0.7699869; 106.9646; Before; 17.22395; null
25; Bicycle; Noise; Intention; 25.10.2023 14:36:13; 824.4745; 0.7699869; 106.9649; Before; 17.23996; null
25; Bicycle; Noise; Intention; 25.10.2023 14:36:13; 824.2853; 0.7699869; 106.9654; Before; 17.26791; null
25; Bicycle; Noise; Intention; 25.10.2023 14:36:13; 824.1863; 0.7699867; 106.9656; Before; 17.28251; null
25; Bicycle; Noise; Intention; 25.10.2023 14:36:13; 824.1047; 0.7699873; 106.9658; Before; 17.29754; null
25; Bicycle; Noise; Intention; 25.10.2023 14:36:13; 823.9869; 0.7699875; 106.9661; Before; 17.31001; null
25; Bicycle; Noise; Intention; 25.10.2023 14:36:13; 823.7821; 0.7699877; 106.9666; Before; 17.34325; null
25; Bicycle; Noise; Intention; 25.10.2023 14:36:13; 823.6125; 0.7699866; 106.9669; Before; 17.37193; null
25; Bicycle; Noise; Intention; 25.10.2023 14:36:13; 823.5272; 0.7699876; 106.9671; Before; 17.38532; null
25; Bicycle; Noise; Intention; 25.10.2023 14:36:13; 823.4373; 0.7699866; 106.9673; Before; 17.39847; null
25; Bicycle; Noise; Intention; 25.10.2023 14:36:13; 823.3253; 0.7699865; 106.9675; Before; 17.4123; null
25; Bicycle; Noise; Intention; 25.10.2023 14:36:13; 823.1437; 0.7699873; 106.9678; Before; 17.44362; null
25; Bicycle; Noise; Intention; 25.10.2023 14:36:13; 823.0604; 0.7699877; 106.968; Before; 17.4588; null
25; Bicycle; Noise; Intention; 25.10.2023 14:36:13; 822.8839; 0.7699888; 106.9683; Before; 17.4879; null
25; Bicycle; Noise; Intention; 25.10.2023 14:36:13; 822.8004; 0.7699885; 106.9684; Before; 17.50341; null
25; Bicycle; Noise; Intention; 25.10.2023 14:36:13; 822.7297; 0.769989; 106.9685; Before; 17.51867; null
25; Bicycle; Noise; Intention; 25.10.2023 14:36:13; 822.582; 0.7699881; 106.9687; Before; 17.54731; null
25; Bicycle; Noise; Intention; 25.10.2023 14:36:13; 822.5135; 0.7699037; 106.9687; Before; 17.56123; null
25; Bicycle; Noise; Intention; 25.10.2023 14:36:13; 822.3805; 0.7697358; 106.9689; Before; 17.58839; null
25; Bicycle; Noise; Intention; 25.10.2023 14:36:13; 822.3192; 0.7696764; 106.9689; Before; 17.60463; null
25; Bicycle; Noise; Intention; 25.10.2023 14:36:13; 822.2456; 0.7696224; 106.969; Before; 17.6188; null
25; Bicycle; Noise; Intention; 25.10.2023 14:36:13; 822.1828; 0.7695869; 106.969; Before; 17.63656; null
25; Bicycle; Noise; Intention; 25.10.2023 14:36:13; 822.0594; 0.7695488; 106.9691; Before; 17.66978; null
25; Bicycle; Noise; Intention; 25.10.2023 14:36:13; 822.0033; 0.7695436; 106.9691; Before; 17.68579; null
25; Bicycle; Noise; Intention; 25.10.2023 14:36:13; 822.0033; 0.7695436; 106.9691; Before; 17.68579; null
25; Bicycle; Noise; Intention; 25.10.2023 14:36:13; 821.8924; 0.7695485; 106.9691; Before; 17.72174; null
25; Bicycle; Noise; Intention; 25.10.2023 14:36:13; 821.8517; 0.7695557; 106.9691; Before; 17.73731; null
25; Bicycle; Noise; Intention; 25.10.2023 14:36:13; 821.7704; 0.769577; 106.9691; Before; 17.76684; null
25; Bicycle; Noise; Intention; 25.10.2023 14:36:13; 821.7369; 0.7695879; 106.9691; Before; 17.78186; null
25; Bicycle; Noise; Intention; 25.10.2023 14:36:13; 821.7039; 0.7696005; 106.969; Before; 17.79555; null
25; Bicycle; Noise; Intention; 25.10.2023 14:36:13; 821.6616; 0.7696173; 106.969; Before; 17.80991; null
25; Bicycle; Noise; Intention; 25.10.2023 14:36:13; 821.5989; 0.7696465; 106.9689; Before; 17.84778; null
25; Bicycle; Noise; Intention; 25.10.2023 14:36:13; 821.5765; 0.7696581; 106.9689; Before; 17.86361; null
25; Bicycle; Noise; Intention; 25.10.2023 14:36:13; 821.5381; 0.7696778; 106.9688; Before; 17.89177; Checking Box AICar
25; Bicycle; Noise; Intention; 25.10.2023 14:36:13; 821.5209; 0.7696869; 106.9688; Before; 17.9047; Checking Box AICar
25; Bicycle; Noise; Intention; 25.10.2023 14:36:13; 821.5039; 0.769697; 106.9688; Before; 17.91877; Checking Box AICar
25; Bicycle; Noise; Intention; 25.10.2023 14:36:13; 821.488; 0.7697065; 106.9688; Before; 17.93477; Checking Box AICar
25; Bicycle; Noise; Intention; 25.10.2023 14:36:13; 821.4679; 0.7697219; 106.9687; Before; 17.96657; Checking Box AICar
25; Bicycle; Noise; Intention; 25.10.2023 14:36:13; 821.4611; 0.7697272; 106.9687; Before; 17.98222; Checking Box AICar
25; Bicycle; Noise; Intention; 25.10.2023 14:36:13; 821.4567; 0.7697328; 106.9687; Before; 17.99667; Checking Box AICar
25; Bicycle; Noise; Intention; 25.10.2023 14:36:13; 821.4521; 0.7697415; 106.9687; Before; 18.02513; Checking Box AICar
25; Bicycle; Noise; Intention; 25.10.2023 14:36:13; 821.4519; 0.7697465; 106.9687; Before; 18.04091; Checking Box AICar
25; Bicycle; Noise; Intention; 25.10.2023 14:36:13; 821.4519; 0.7697526; 106.9688; Before; 18.07283; Checking Box AICar
25; Bicycle; Noise; Intention; 25.10.2023 14:36:13; 821.4519; 0.7697556; 106.9688; Before; 18.08636; Checking Box AICar
25; Bicycle; Noise; Intention; 25.10.2023 14:36:13; 821.4519; 0.7697583; 106.9688; Before; 18.10083; Checking Box AICar
25; Bicycle; Noise; Intention; 25.10.2023 14:36:13; 821.4519; 0.7697611; 106.9688; Before; 18.11788; Checking Box AICar
25; Bicycle; Noise; Intention; 25.10.2023 14:36:13; 821.4519; 0.7697642; 106.9689; Before; 18.14751; Checking Box AICar
25; Bicycle; Noise; Intention; 25.10.2023 14:36:13; 821.4519; 0.7697654; 106.9689; Before; 18.162; Checking Box AICar
25; Bicycle; Noise; Intention; 25.10.2023 14:36:14; 821.4519; 0.7697676; 106.9689; Before; 18.18786; Checking Box AICar
25; Bicycle; Noise; Intention; 25.10.2023 14:36:14; 821.4519; 0.769768; 106.9689; Before; 18.20302; Checking Box AICar
25; Bicycle; Noise; Intention; 25.10.2023 14:36:14; 821.4519; 0.769769; 106.9689; Before; 18.21865; Checking Box AICar
25; Bicycle; Noise; Intention; 25.10.2023 14:36:14; 821.4519; 0.7697694; 106.969; Before; 18.24676; null
25; Bicycle; Noise; Intention; 25.10.2023 14:36:14; 821.4519; 0.7697692; 106.969; Before; 18.26042; null
25; Bicycle; Noise; Intention; 25.10.2023 14:36:14; 821.4519; 0.7697698; 106.969; Before; 18.28708; null
25; Bicycle; Noise; Intention; 25.10.2023 14:36:14; 821.4519; 0.7697694; 106.9691; Before; 18.3012; Checking Box AICar
25; Bicycle; Noise; Intention; 25.10.2023 14:36:14; 821.4519; 0.7697686; 106.9691; Before; 18.32684; Checking Box AICar
25; Bicycle; Noise; Intention; 25.10.2023 14:36:14; 821.4519; 0.7697694; 106.9691; Before; 18.34149; Checking Box AICar
25; Bicycle; Noise; Intention; 25.10.2023 14:36:14; 821.4519; 0.7697692; 106.9691; Before; 18.36933; Checking Box AICar
25; Bicycle; Noise; Intention; 25.10.2023 14:36:14; 821.4519; 0.769769; 106.9691; Before; 18.38366; Checking Box AICar
25; Bicycle; Noise; Intention; 25.10.2023 14:36:14; 821.4518; 0.7697688; 106.9691; Before; 18.39761; Checking Box AICar
25; Bicycle; Noise; Intention; 25.10.2023 14:36:14; 821.4519; 0.7697681; 106.9692; Before; 18.42572; Checking Box AICar
25; Bicycle; Noise; Intention; 25.10.2023 14:36:14; 821.4519; 0.7697687; 106.9692; Before; 18.44113; Checking Box AICar
25; Bicycle; Noise; Intention; 25.10.2023 14:36:14; 821.4519; 0.769768; 106.9692; Before; 18.47093; Checking Box AICar
25; Bicycle; Noise; Intention; 25.10.2023 14:36:14; 821.4519; 0.7697686; 106.9692; Before; 18.48586; Checking Box AICar
25; Bicycle; Noise; Intention; 25.10.2023 14:36:14; 821.4519; 0.7697685; 106.9692; Before; 18.49872; Checking Box AICar
25; Bicycle; Noise; Intention; 25.10.2023 14:36:14; 821.4519; 0.7697672; 106.9692; Before; 18.52455; Checking Box AICar
25; Bicycle; Noise; Intention; 25.10.2023 14:36:14; 821.4519; 0.7697663; 106.9692; Before; 18.53879; Checking Box AICar
25; Bicycle; Noise; Intention; 25.10.2023 14:36:14; 821.4519; 0.7697654; 106.9693; Before; 18.56665; Checking Box AICar
25; Bicycle; Noise; Intention; 25.10.2023 14:36:14; 821.4519; 0.7697645; 106.9693; Before; 18.58201; Checking Box AICar
25; Bicycle; Noise; Intention; 25.10.2023 14:36:14; 821.4519; 0.7697648; 106.9693; Before; 18.59736; Checking Box AICar
25; Bicycle; Noise; Intention; 25.10.2023 14:36:14; 821.4519; 0.7697636; 106.9693; Before; 18.62594; Checking Box AICar
25; Bicycle; Noise; Intention; 25.10.2023 14:36:14; 821.4519; 0.7697636; 106.9693; Before; 18.64139; Checking Box AICar
25; Bicycle; Noise; Intention; 25.10.2023 14:36:14; 821.4519; 0.7697616; 106.9693; Before; 18.66954; Checking Box AICar
25; Bicycle; Noise; Intention; 25.10.2023 14:36:14; 821.4519; 0.7697618; 106.9693; Before; 18.68468; Checking Box AICar
25; Bicycle; Noise; Intention; 25.10.2023 14:36:14; 821.4519; 0.7697611; 106.9693; Before; 18.6988; Checking Box AICar
25; Bicycle; Noise; Intention; 25.10.2023 14:36:14; 821.4519; 0.7697597; 106.9694; Before; 18.7243; Checking Box AICar
25; Bicycle; Noise; Intention; 25.10.2023 14:36:14; 821.4519; 0.7697594; 106.9694; Before; 18.73843; Checking Box AICar
25; Bicycle; Noise; Intention; 25.10.2023 14:36:14; 821.4519; 0.7697576; 106.9694; Before; 18.77132; Checking Box AICar
25; Bicycle; Noise; Intention; 25.10.2023 14:36:14; 821.4519; 0.7697577; 106.9694; Before; 18.78537; Checking Box AICar
25; Bicycle; Noise; Intention; 25.10.2023 14:36:14; 821.4519; 0.7697573; 106.9695; Before; 18.79924; Checking Box AICar
25; Bicycle; Noise; Intention; 25.10.2023 14:36:14; 821.4519; 0.769756; 106.9695; Before; 18.82802; Checking Box AICar
25; Bicycle; Noise; Intention; 25.10.2023 14:36:14; 821.4519; 0.7697566; 106.9695; Before; 18.84093; Checking Box AICar
25; Bicycle; Noise; Intention; 25.10.2023 14:36:14; 821.4519; 0.7697558; 106.9695; Before; 18.86776; Checking Box AICar
25; Bicycle; Noise; Intention; 25.10.2023 14:36:14; 821.4519; 0.7697555; 106.9695; Before; 18.89352; Checking Box AICar
25; Bicycle; Noise; Intention; 25.10.2023 14:36:14; 821.4519; 0.7697555; 106.9695; Before; 18.89352; Checking Box AICar
25; Bicycle; Noise; Intention; 25.10.2023 14:36:14; 821.4519; 0.7697562; 106.9695; Before; 18.92162; Checking Box AICar
25; Bicycle; Noise; Intention; 25.10.2023 14:36:14; 821.4519; 0.7697572; 106.9695; Before; 18.93772; null
25; Bicycle; Noise; Intention; 25.10.2023 14:36:14; 821.4519; 0.7697577; 106.9695; Before; 18.97082; null
25; Bicycle; Noise; Intention; 25.10.2023 14:36:14; 821.4519; 0.7697587; 106.9695; Before; 18.98469; null
25; Bicycle; Noise; Intention; 25.10.2023 14:36:14; 821.4519; 0.7697589; 106.9695; Before; 18.99833; null
25; Bicycle; Noise; Intention; 25.10.2023 14:36:14; 821.4519; 0.7697589; 106.9695; Before; 19.02566; null
25; Bicycle; Noise; Intention; 25.10.2023 14:36:14; 821.4518; 0.76976; 106.9695; Before; 19.04179; null
25; Bicycle; Noise; Intention; 25.10.2023 14:36:14; 821.4519; 0.7697603; 106.9695; Before; 19.05455; null
25; Bicycle; Noise; Intention; 25.10.2023 14:36:14; 821.4519; 0.7697604; 106.9695; Before; 19.08826; null
25; Bicycle; Noise; Intention; 25.10.2023 14:36:14; 821.4519; 0.7697604; 106.9695; Before; 19.10233; null
25; Bicycle; Noise; Intention; 25.10.2023 14:36:14; 821.4519; 0.7697611; 106.9695; Before; 19.11722; null
25; Bicycle; Noise; Intention; 25.10.2023 14:36:14; 821.4519; 0.7697608; 106.9695; Before; 19.14858; null
25; Bicycle; Noise; Intention; 25.10.2023 14:36:14; 821.4519; 0.7697611; 106.9695; Before; 19.16118; null
25; Bicycle; Noise; Intention; 25.10.2023 14:36:15; 821.4519; 0.7697622; 106.9695; Before; 19.1755; null
25; Bicycle; Noise; Intention; 25.10.2023 14:36:15; 821.4519; 0.7697622; 106.9695; Before; 19.1755; null
25; Bicycle; Noise; Intention; 25.10.2023 14:36:15; 821.4519; 0.7697632; 106.9695; Before; 19.22086; null
25; Bicycle; Noise; Intention; 25.10.2023 14:36:15; 821.4519; 0.7697639; 106.9695; Before; 19.24047; null
25; Bicycle; Noise; Intention; 25.10.2023 14:36:15; 821.4519; 0.7697639; 106.9695; Before; 19.26151; null
25; Bicycle; Noise; Intention; 25.10.2023 14:36:15; 821.4519; 0.7697636; 106.9695; Before; 19.283; null
25; Bicycle; Noise; Intention; 25.10.2023 14:36:15; 821.4519; 0.7697625; 106.9695; Before; 19.29942; null
25; Bicycle; Noise; Intention; 25.10.2023 14:36:15; 821.4519; 0.7697632; 106.9695; Before; 19.31526; null
25; Bicycle; Noise; Intention; 25.10.2023 14:36:15; 821.4519; 0.7697631; 106.9695; Before; 19.34574; null
25; Bicycle; Noise; Intention; 25.10.2023 14:36:15; 821.4519; 0.7697636; 106.9695; Before; 19.3611; null
25; Bicycle; Noise; Intention; 25.10.2023 14:36:15; 821.4519; 0.7697632; 106.9695; Before; 19.37807; null
25; Bicycle; Noise; Intention; 25.10.2023 14:36:15; 821.4517; 0.7694646; 106.9695; Before; 19.39728; null
25; Bicycle; Noise; Intention; 25.10.2023 14:36:15; 821.4509; 0.7688112; 106.9695; Before; 19.41454; null
25; Bicycle; Noise; Intention; 25.10.2023 14:36:15; 821.4501; 0.7681789; 106.9695; Before; 19.4356; null
25; Bicycle; Noise; Intention; 25.10.2023 14:36:15; 821.4473; 0.7668197; 106.9694; Before; 19.46959; null
25; Bicycle; Noise; Intention; 25.10.2023 14:36:15; 821.4458; 0.7663107; 106.9694; Before; 19.48567; null
25; Bicycle; Noise; Intention; 25.10.2023 14:36:15; 821.444; 0.7658507; 106.9694; Before; 19.49983; null
25; Bicycle; Noise; Intention; 25.10.2023 14:36:15; 821.4402; 0.7652571; 106.9694; Before; 19.52833; null
25; Bicycle; Noise; Intention; 25.10.2023 14:36:15; 821.4378; 0.7651144; 106.9694; Before; 19.54216; null
25; Bicycle; Noise; Intention; 25.10.2023 14:36:15; 821.4347; 0.7650801; 106.9694; Before; 19.55688; null
25; Bicycle; Noise; Intention; 25.10.2023 14:36:15; 821.4282; 0.7653275; 106.9694; Before; 19.59163; null
25; Bicycle; Noise; Intention; 25.10.2023 14:36:15; 821.4282; 0.7653275; 106.9694; Before; 19.59163; null
25; Bicycle; Noise; Intention; 25.10.2023 14:36:15; 821.4208; 0.7658126; 106.9694; Before; 19.62236; null
25; Bicycle; Noise; Intention; 25.10.2023 14:36:15; 821.4163; 0.7661214; 106.9693; Before; 19.6386; null
25; Bicycle; Noise; Intention; 25.10.2023 14:36:15; 821.4111; 0.7664911; 106.9693; Before; 19.6557; null
25; Bicycle; Noise; Intention; 25.10.2023 14:36:15; 821.4021; 0.7670718; 106.9693; Before; 19.68886; null
25; Bicycle; Noise; Intention; 25.10.2023 14:36:15; 821.4021; 0.7670718; 106.9693; Before; 19.68886; null
25; Bicycle; Noise; Intention; 25.10.2023 14:36:15; 821.3911; 0.7676735; 106.9692; Before; 19.72096; null
25; Bicycle; Noise; Intention; 25.10.2023 14:36:15; 821.3851; 0.7679536; 106.9692; Before; 19.73932; null
25; Bicycle; Noise; Intention; 25.10.2023 14:36:15; 821.3789; 0.768208; 106.9691; Before; 19.75649; null
25; Bicycle; Noise; Intention; 25.10.2023 14:36:15; 821.3672; 0.7686102; 106.9691; Before; 19.78795; null
25; Bicycle; Noise; Intention; 25.10.2023 14:36:15; 821.3606; 0.7687938; 106.9691; Before; 19.80382; null
25; Bicycle; Noise; Intention; 25.10.2023 14:36:15; 821.3547; 0.7689378; 106.969; Before; 19.81985; null
25; Bicycle; Noise; Intention; 25.10.2023 14:36:15; 821.3476; 0.7690852; 106.969; Before; 19.83405; null
25; Bicycle; Noise; Intention; 25.10.2023 14:36:15; 821.332; 0.7693422; 106.9689; Before; 19.86672; null
25; Bicycle; Noise; Intention; 25.10.2023 14:36:15; 821.323; 0.7694508; 106.9689; Before; 19.88498; null
25; Bicycle; Noise; Intention; 25.10.2023 14:36:15; 821.323; 0.7694508; 106.9689; Before; 19.88498; null
25; Bicycle; Noise; Intention; 25.10.2023 14:36:15; 821.3029; 0.7696157; 106.9688; Before; 19.92628; null
25; Bicycle; Noise; Intention; 25.10.2023 14:36:15; 821.2949; 0.7696595; 106.9688; Before; 19.94153; null
25; Bicycle; Noise; Intention; 25.10.2023 14:36:15; 821.2767; 0.7697301; 106.9687; Before; 19.96974; null
25; Bicycle; Noise; Intention; 25.10.2023 14:36:15; 821.2668; 0.769757; 106.9687; Before; 19.98308; null
25; Bicycle; Noise; Intention; 25.10.2023 14:36:15; 821.2571; 0.7697778; 106.9686; Before; 19.99744; null
25; Bicycle; Noise; Intention; 25.10.2023 14:36:15; 821.2444; 0.7697965; 106.9686; Before; 20.01081; null
25; Bicycle; Noise; Intention; 25.10.2023 14:36:15; 821.214; 0.7698215; 106.9684; Before; 20.0438; Checking Box AICar
25; Bicycle; Noise; Intention; 25.10.2023 14:36:15; 821.198; 0.769828; 106.9684; Before; 20.06425; Checking Box AICar
25; Bicycle; Noise; Intention; 25.10.2023 14:36:15; 821.1836; 0.7698306; 106.9683; Before; 20.08225; Checking Box AICar
25; Bicycle; Noise; Intention; 25.10.2023 14:36:15; 821.1702; 0.7698321; 106.9682; Before; 20.09776; Checking Box AICar
25; Bicycle; Noise; Intention; 25.10.2023 14:36:15; 821.1534; 0.7698305; 106.9682; Before; 20.11173; Checking Box AICar
25; Bicycle; Noise; Intention; 25.10.2023 14:36:15; 821.1211; 0.769825; 106.968; Before; 20.14309; Checking Box AICar
25; Bicycle; Noise; Intention; 25.10.2023 14:36:16; 821.1002; 0.76982; 106.9679; Before; 20.15947; Checking Box AICar
25; Bicycle; Noise; Intention; 25.10.2023 14:36:16; 821.077; 0.769815; 106.9678; Before; 20.17848; Checking Box AICar
25; Bicycle; Noise; Intention; 25.10.2023 14:36:16; 821.077; 0.769815; 106.9678; Before; 20.17848; Checking Box AICar
25; Bicycle; Noise; Intention; 25.10.2023 14:36:16; 821.0489; 0.7698083; 106.9677; Before; 20.19866; Checking Box AICar
25; Bicycle; Noise; Intention; 25.10.2023 14:36:16; 820.9987; 0.7697966; 106.9675; Before; 20.24291; Checking Box AICar
25; Bicycle; Noise; Intention; 25.10.2023 14:36:16; 820.9774; 0.7697928; 106.9675; Before; 20.26194; Checking Box AICar
25; Bicycle; Noise; Intention; 25.10.2023 14:36:16; 820.9564; 0.7697893; 106.9674; Before; 20.27806; Checking Box AICar
25; Bicycle; Noise; Intention; 25.10.2023 14:36:16; 820.9344; 0.7697864; 106.9673; Before; 20.29349; Checking Box AICar
25; Bicycle; Noise; Intention; 25.10.2023 14:36:16; 820.9114; 0.7697825; 106.9672; Before; 20.30944; Checking Box AICar
25; Bicycle; Noise; Intention; 25.10.2023 14:36:16; 820.8599; 0.7697753; 106.967; Before; 20.34371; Checking Box AICar
25; Bicycle; Noise; Intention; 25.10.2023 14:36:16; 820.8325; 0.7697721; 106.9669; Before; 20.36055; Checking Box AICar
25; Bicycle; Noise; Intention; 25.10.2023 14:36:16; 820.801; 0.7697699; 106.9667; Before; 20.37843; Checking Box AICar
25; Bicycle; Noise; Intention; 25.10.2023 14:36:16; 820.7723; 0.7697674; 106.9666; Before; 20.39851; Checking Box AICar
25; Bicycle; Noise; Intention; 25.10.2023 14:36:16; 820.7471; 0.7697668; 106.9665; Before; 20.41635; Checking Box AICar
25; Bicycle; Noise; Intention; 25.10.2023 14:36:16; 820.697; 0.7697649; 106.9663; Before; 20.44745; Checking Box AICar
25; Bicycle; Noise; Intention; 25.10.2023 14:36:16; 820.6733; 0.7697635; 106.9662; Before; 20.46144; Checking Box AICar
25; Bicycle; Noise; Intention; 25.10.2023 14:36:16; 820.6185; 0.769762; 106.966; Before; 20.48953; Checking Box AICar
25; Bicycle; Noise; Intention; 25.10.2023 14:36:16; 820.6185; 0.769762; 106.966; Before; 20.48953; Checking Box AICar
25; Bicycle; Noise; Intention; 25.10.2023 14:36:16; 820.5558; 0.7697608; 106.9658; Before; 20.52026; Checking Box AICar
25; Bicycle; Noise; Intention; 25.10.2023 14:36:16; 820.5215; 0.7697606; 106.9657; Before; 20.54034; Checking Box AICar
25; Bicycle; Noise; Intention; 25.10.2023 14:36:16; 820.4902; 0.7697604; 106.9655; Before; 20.55858; Checking Box AICar
25; Bicycle; Noise; Intention; 25.10.2023 14:36:16; 820.4261; 0.7697608; 106.9653; Before; 20.58932; Checking Box AICar
25; Bicycle; Noise; Intention; 25.10.2023 14:36:16; 820.4261; 0.7697608; 106.9653; Before; 20.58932; Checking Box AICar
25; Bicycle; Noise; Intention; 25.10.2023 14:36:16; 820.364; 0.7697601; 106.9651; Before; 20.62198; Checking Box AICar
25; Bicycle; Noise; Intention; 25.10.2023 14:36:16; 820.331; 0.7697593; 106.965; Before; 20.63833; Checking Box AICar
25; Bicycle; Noise; Intention; 25.10.2023 14:36:16; 820.2701; 0.7697597; 106.9647; Before; 20.66931; Checking Box AICar
25; Bicycle; Noise; Intention; 25.10.2023 14:36:16; 820.2263; 0.7697598; 106.9646; Before; 20.68327; Checking Box AICar
25; Bicycle; Noise; Intention; 25.10.2023 14:36:16; 820.2263; 0.7697598; 106.9646; Before; 20.68327; Checking Box AICar
25; Bicycle; Noise; Intention; 25.10.2023 14:36:16; 820.1491; 0.7697608; 106.9643; Before; 20.72207; Checking Box AICar
25; Bicycle; Noise; Intention; 25.10.2023 14:36:16; 820.1168; 0.7697608; 106.9642; Before; 20.73886; Checking Box AICar
25; Bicycle; Noise; Intention; 25.10.2023 14:36:16; 820.0452; 0.7697617; 106.964; Before; 20.76714; Checking Box AICar
25; Bicycle; Noise; Intention; 25.10.2023 14:36:16; 820.0104; 0.7697622; 106.9639; Before; 20.78469; Checking Box AICar
25; Bicycle; Noise; Intention; 25.10.2023 14:36:16; 819.9745; 0.769762; 106.9637; Before; 20.79968; Checking Box AICar
25; Bicycle; Noise; Intention; 25.10.2023 14:36:16; 819.9402; 0.7697624; 106.9636; Before; 20.81497; Checking Box AICar
25; Bicycle; Noise; Intention; 25.10.2023 14:36:16; 819.8975; 0.7697625; 106.9635; Before; 20.82944; Checking Box AICar
25; Bicycle; Noise; Intention; 25.10.2023 14:36:16; 819.8488; 0.769762; 106.9633; Before; 20.84726; Checking Box AICar
25; Bicycle; Noise; Intention; 25.10.2023 14:36:16; 819.7525; 0.7697618; 106.963; Before; 20.88723; Checking Box AICar
25; Bicycle; Noise; Intention; 25.10.2023 14:36:16; 819.7525; 0.7697618; 106.963; Before; 20.88723; Checking Box AICar
25; Bicycle; Noise; Intention; 25.10.2023 14:36:16; 819.6661; 0.769762; 106.9627; Before; 20.9223; Checking Box AICar
25; Bicycle; Noise; Intention; 25.10.2023 14:36:16; 819.6302; 0.7697632; 106.9626; Before; 20.94023; Checking Box AICar
25; Bicycle; Noise; Intention; 25.10.2023 14:36:16; 819.5492; 0.769763; 106.9623; Before; 20.9698; Checking Box AICar
25; Bicycle; Noise; Intention; 25.10.2023 14:36:16; 819.5123; 0.7697642; 106.9621; Before; 20.98519; Checking Box AICar
25; Bicycle; Noise; Intention; 25.10.2023 14:36:16; 819.4609; 0.7697636; 106.9619; Before; 20.99913; Checking Box AICar
25; Bicycle; Noise; Intention; 25.10.2023 14:36:16; 819.412; 0.7697634; 106.9617; Before; 21.01836; Checking Box AICar
25; Bicycle; Noise; Intention; 25.10.2023 14:36:16; 819.3688; 0.7697626; 106.9616; Before; 21.03647; Checking Box AICar
25; Bicycle; Noise; Intention; 25.10.2023 14:36:16; 819.2787; 0.7697625; 106.9612; Before; 21.06781; Checking Box AICar
25; Bicycle; Noise; Intention; 25.10.2023 14:36:16; 819.2286; 0.7697625; 106.961; Before; 21.08492; Checking Box AICar
25; Bicycle; Noise; Intention; 25.10.2023 14:36:16; 819.2286; 0.7697625; 106.961; Before; 21.08492; Checking Box AICar
25; Bicycle; Noise; Intention; 25.10.2023 14:36:16; 819.1307; 0.7697634; 106.9605; Before; 21.12026; Checking Box AICar
25; Bicycle; Noise; Intention; 25.10.2023 14:36:16; 819.0898; 0.7697629; 106.9604; Before; 21.13721; Checking Box AICar
25; Bicycle; Noise; Intention; 25.10.2023 14:36:16; 819.0419; 0.7697626; 106.9601; Before; 21.15146; Checking Box AICar
25; Bicycle; Noise; Intention; 25.10.2023 14:36:17; 818.9417; 0.7697618; 106.9596; Before; 21.18727; null
25; Bicycle; Noise; Intention; 25.10.2023 14:36:17; 818.8936; 0.7697612; 106.9594; Before; 21.2021; null
25; Bicycle; Noise; Intention; 25.10.2023 14:36:17; 818.8467; 0.7697611; 106.9591; Before; 21.21833; null
25; Bicycle; Noise; Intention; 25.10.2023 14:36:17; 818.7559; 0.7697608; 106.9586; Before; 21.24991; null
25; Bicycle; Noise; Intention; 25.10.2023 14:36:17; 818.7115; 0.7697613; 106.9583; Before; 21.26399; null
25; Bicycle; Noise; Intention; 25.10.2023 14:36:17; 818.6616; 0.7697613; 106.958; Before; 21.27847; null
25; Bicycle; Noise; Intention; 25.10.2023 14:36:17; 818.6148; 0.7697613; 106.9578; Before; 21.29471; null
25; Bicycle; Noise; Intention; 25.10.2023 14:36:17; 818.5547; 0.7697604; 106.9574; Before; 21.30981; null
25; Bicycle; Noise; Intention; 25.10.2023 14:36:17; 818.4445; 0.7697606; 106.9566; Before; 21.34891; null
25; Bicycle; Noise; Intention; 25.10.2023 14:36:17; 818.3976; 0.7697614; 106.9563; Before; 21.36396; null
25; Bicycle; Noise; Intention; 25.10.2023 14:36:17; 818.3049; 0.7697619; 106.9556; Before; 21.39371; null
25; Bicycle; Noise; Intention; 25.10.2023 14:36:17; 818.3049; 0.7697619; 106.9556; Before; 21.39371; null
25; Bicycle; Noise; Intention; 25.10.2023 14:36:17; 818.2054; 0.7697623; 106.9548; Before; 21.42201; null
25; Bicycle; Noise; Intention; 25.10.2023 14:36:17; 818.1542; 0.7697623; 106.9544; Before; 21.4378; null
25; Bicycle; Noise; Intention; 25.10.2023 14:36:17; 818.0515; 0.769762; 106.9535; Before; 21.46786; null
25; Bicycle; Noise; Intention; 25.10.2023 14:36:17; 817.9941; 0.7697617; 106.9531; Before; 21.48339; null
25; Bicycle; Noise; Intention; 25.10.2023 14:36:17; 817.9364; 0.7697614; 106.9526; Before; 21.49992; null
25; Bicycle; Noise; Intention; 25.10.2023 14:36:17; 817.8828; 0.7697613; 106.9521; Before; 21.51628; null
25; Bicycle; Noise; Intention; 25.10.2023 14:36:17; 817.77; 0.7697604; 106.9511; Before; 21.54711; null
25; Bicycle; Noise; Intention; 25.10.2023 14:36:17; 817.7197; 0.7697606; 106.9506; Before; 21.56229; null
25; Bicycle; Noise; Intention; 25.10.2023 14:36:17; 817.6009; 0.7697604; 106.9495; Before; 21.59191; null
25; Bicycle; Noise; Intention; 25.10.2023 14:36:17; 817.6009; 0.7697604; 106.9495; Before; 21.59191; null
25; Bicycle; Noise; Intention; 25.10.2023 14:36:17; 817.4862; 0.7697601; 106.9485; Before; 21.62232; null
25; Bicycle; Noise; Intention; 25.10.2023 14:36:17; 817.4862; 0.7697601; 106.9485; Before; 21.62232; null
25; Bicycle; Noise; Intention; 25.10.2023 14:36:17; 817.3093; 0.7697604; 106.9469; Before; 21.63706; null
25; Bicycle; Noise; Intention; 25.10.2023 14:36:17; 817.2276; 0.7697601; 106.9461; Before; 21.68162; null
25; Bicycle; Noise; Intention; 25.10.2023 14:36:17; 817.16; 0.7697599; 106.9455; Before; 21.70172; null
25; Bicycle; Noise; Intention; 25.10.2023 14:36:17; 817.1061; 0.7697606; 106.945; Before; 21.71817; null
25; Bicycle; Noise; Intention; 25.10.2023 14:36:17; 816.9677; 0.7697604; 106.9437; Before; 21.74693; null
25; Bicycle; Noise; Intention; 25.10.2023 14:36:17; 816.9001; 0.769761; 106.9431; Before; 21.76398; null
25; Bicycle; Noise; Intention; 25.10.2023 14:36:17; 816.8223; 0.7697608; 106.9425; Before; 21.77972; null
25; Bicycle; Noise; Intention; 25.10.2023 14:36:17; 816.7435; 0.7697616; 106.9418; Before; 21.79773; null
25; Bicycle; Noise; Intention; 25.10.2023 14:36:17; 816.6669; 0.7697619; 106.9411; Before; 21.81572; null
25; Bicycle; Noise; Intention; 25.10.2023 14:36:17; 816.5859; 0.7697606; 106.9405; Before; 21.83305; null
25; Bicycle; Noise; Intention; 25.10.2023 14:36:17; 816.4517; 0.7697605; 106.9394; Before; 21.86557; null
25; Bicycle; Noise; Intention; 25.10.2023 14:36:17; 816.3752; 0.7697597; 106.9388; Before; 21.88075; null
25; Bicycle; Noise; Intention; 25.10.2023 14:36:17; 816.3169; 0.76976; 106.9383; Before; 21.8974; null
25; Bicycle; Noise; Intention; 25.10.2023 14:36:17; 816.2357; 0.7697597; 106.9377; Before; 21.91003; null
25; Bicycle; Noise; Intention; 25.10.2023 14:36:17; 816.0676; 0.7697594; 106.9365; Before; 21.94402; null
25; Bicycle; Noise; Intention; 25.10.2023 14:36:17; 815.9879; 0.7697593; 106.936; Before; 21.96292; null
25; Bicycle; Noise; Intention; 25.10.2023 14:36:17; 815.8467; 0.7697597; 106.935; Before; 21.99477; null
25; Bicycle; Noise; Intention; 25.10.2023 14:36:17; 815.8467; 0.7697597; 106.935; Before; 21.99477; null
25; Bicycle; Noise; Intention; 25.10.2023 14:36:17; 815.6957; 0.7697606; 106.9341; Before; 22.02339; null
25; Bicycle; Noise; Intention; 25.10.2023 14:36:17; 815.6282; 0.7697606; 106.9337; Before; 22.03932; null
25; Bicycle; Noise; Intention; 25.10.2023 14:36:17; 815.475; 0.7699177; 106.9328; Before; 22.06652; null
25; Bicycle; Noise; Intention; 25.10.2023 14:36:17; 815.4033; 0.7700086; 106.9324; Before; 22.08333; null
25; Bicycle; Noise; Intention; 25.10.2023 14:36:17; 815.3168; 0.7700886; 106.9319; Before; 22.09744; null
25; Bicycle; Noise; Intention; 25.10.2023 14:36:17; 815.1986; 0.7701621; 106.9313; Before; 22.11434; Checking Box Human Car
25; Bicycle; Noise; Intention; 25.10.2023 14:36:17; 815.1003; 0.7701983; 106.9309; Before; 22.13724; Checking Box Human Car
25; Bicycle; Noise; Intention; 25.10.2023 14:36:17; 815.0052; 0.7702157; 106.9304; Before; 22.15613; Checking Box Human Car
25; Bicycle; Noise; Intention; 25.10.2023 14:36:18; 814.8579; 0.77022; 106.9297; Before; 22.18791; Checking Box Human Car
25; Bicycle; Noise; Intention; 25.10.2023 14:36:18; 814.7847; 0.7702153; 106.9294; Before; 22.20204; Checking Box Human Car
25; Bicycle; Noise; Intention; 25.10.2023 14:36:18; 814.7137; 0.7702081; 106.929; Before; 22.21574; Checking Box AICar
25; Bicycle; Noise; Intention; 25.10.2023 14:36:18; 814.5586; 0.7701858; 106.9283; Before; 22.2428; Checking Box AICar
25; Bicycle; Noise; Intention; 25.10.2023 14:36:18; 814.4663; 0.77017; 106.9279; Before; 22.25759; Checking Box AICar
25; Bicycle; Noise; Intention; 25.10.2023 14:36:18; 814.2953; 0.7701399; 106.927; Before; 22.2903; Checking Box AICar
25; Bicycle; Noise; Intention; 25.10.2023 14:36:18; 814.2183; 0.7701261; 106.9266; Before; 22.30549; Checking Box AICar
25; Bicycle; Noise; Intention; 25.10.2023 14:36:18; 814.1497; 0.770115; 106.9263; Before; 22.31934; Checking Box AICar
25; Bicycle; Noise; Intention; 25.10.2023 14:36:18; 813.9885; 0.7700886; 106.9254; Before; 22.34784; Checking Box AICar
25; Bicycle; Noise; Intention; 25.10.2023 14:36:18; 813.9124; 0.7700775; 106.9249; Before; 22.36026; Checking Box AICar
25; Bicycle; Noise; Intention; 25.10.2023 14:36:18; 813.7483; 0.7700573; 106.9239; Before; 22.38696; Checking Box AICar
25; Bicycle; Noise; Intention; 25.10.2023 14:36:18; 813.664; 0.770048; 106.9234; Before; 22.40242; Checking Box AICar
25; Bicycle; Noise; Intention; 25.10.2023 14:36:18; 813.5632; 0.7700386; 106.9227; Before; 22.41706; Checking Box AICar
25; Bicycle; Noise; Intention; 25.10.2023 14:36:18; 813.4628; 0.7700289; 106.9219; Before; 22.4345; Checking Box AICar
25; Bicycle; Noise; Intention; 25.10.2023 14:36:18; 813.2968; 0.7700182; 106.9207; Before; 22.46513; Checking Box AICar
25; Bicycle; Noise; Intention; 25.10.2023 14:36:18; 813.1372; 0.7700093; 106.9195; Before; 22.49332; Checking Box AICar
25; Bicycle; Noise; Intention; 25.10.2023 14:36:18; 813.1372; 0.7700093; 106.9195; Before; 22.49332; Checking Box AICar
25; Bicycle; Noise; Intention; 25.10.2023 14:36:18; 812.9509; 0.7700021; 106.918; Before; 22.52358; Checking Box AICar
25; Bicycle; Noise; Intention; 25.10.2023 14:36:18; 812.8707; 0.7699994; 106.9173; Before; 22.53836; Checking Box AICar
25; Bicycle; Noise; Intention; 25.10.2023 14:36:18; 812.6785; 0.7699949; 106.9157; Before; 22.56642; Checking Box AICar
25; Bicycle; Noise; Intention; 25.10.2023 14:36:18; 812.5779; 0.7699928; 106.9148; Before; 22.58354; Checking Box AICar
25; Bicycle; Noise; Intention; 25.10.2023 14:36:18; 812.4729; 0.7699909; 106.9139; Before; 22.60004; Checking Box AICar
25; Bicycle; Noise; Intention; 25.10.2023 14:36:18; 812.3224; 0.7699889; 106.9127; Before; 22.62884; Checking Box AICar
25; Bicycle; Noise; Intention; 25.10.2023 14:36:18; 812.2426; 0.7699885; 106.912; Before; 22.6417; Checking Box AICar
25; Bicycle; Noise; Intention; 25.10.2023 14:36:18; 812.0609; 0.7699875; 106.9105; Before; 22.67026; Checking Box AICar
25; Bicycle; Noise; Intention; 25.10.2023 14:36:18; 811.9064; 0.7699872; 106.9092; Before; 22.69672; Checking Box AICar
25; Bicycle; Noise; Intention; 25.10.2023 14:36:18; 811.9064; 0.7699872; 106.9092; Before; 22.69672; Checking Box AICar
25; Bicycle; Noise; Intention; 25.10.2023 14:36:18; 811.7238; 0.7699859; 106.9078; Before; 22.72106; Checking Box AICar
25; Bicycle; Noise; Intention; 25.10.2023 14:36:18; 811.6184; 0.7699864; 106.907; Before; 22.7375; Checking Box AICar
25; Bicycle; Noise; Intention; 25.10.2023 14:36:18; 811.4824; 0.7699852; 106.906; Before; 22.75412; Checking Box AICar
25; Bicycle; Noise; Intention; 25.10.2023 14:36:18; 811.3091; 0.7699857; 106.9047; Before; 22.78814; Checking Box AICar
25; Bicycle; Noise; Intention; 25.10.2023 14:36:18; 811.2249; 0.7699856; 106.9041; Before; 22.80253; Checking Box AICar
25; Bicycle; Noise; Intention; 25.10.2023 14:36:18; 811.0595; 0.7699857; 106.903; Before; 22.82796; Checking Box AICar
25; Bicycle; Noise; Intention; 25.10.2023 14:36:18; 810.9711; 0.769986; 106.9024; Before; 22.84118; Checking Box AICar
25; Bicycle; Noise; Intention; 25.10.2023 14:36:18; 810.7726; 0.7699858; 106.9012; Before; 22.86994; null
25; Bicycle; Noise; Intention; 25.10.2023 14:36:18; 810.6547; 0.7699856; 106.9005; Before; 22.88518; null
25; Bicycle; Noise; Intention; 25.10.2023 14:36:18; 810.6547; 0.7699856; 106.9005; Before; 22.88518; null
25; Bicycle; Noise; Intention; 25.10.2023 14:36:18; 810.4168; 0.7699863; 106.8991; Before; 22.92089; null
25; Bicycle; Noise; Intention; 25.10.2023 14:36:18; 810.3286; 0.7699862; 106.8986; Before; 22.93919; null
25; Bicycle; Noise; Intention; 25.10.2023 14:36:18; 810.136; 0.7699873; 106.8975; Before; 22.96682; null
25; Bicycle; Noise; Intention; 25.10.2023 14:36:18; 810.0355; 0.7699866; 106.897; Before; 22.98135; null
25; Bicycle; Noise; Intention; 25.10.2023 14:36:18; 809.9456; 0.7699866; 106.8965; Intersection; 0; null
25; Bicycle; Noise; Intention; 25.10.2023 14:36:18; 809.7373; 0.7699864; 106.8953; Intersection; 0.0287353; null
25; Bicycle; Noise; Intention; 25.10.2023 14:36:18; 809.6476; 0.7699866; 106.8948; Intersection; 0.0442409; null
25; Bicycle; Noise; Intention; 25.10.2023 14:36:18; 809.5225; 0.7699862; 106.8941; Intersection; 0.0574692; Checking Box Human Car
25; Bicycle; Noise; Intention; 25.10.2023 14:36:18; 809.2896; 0.7699865; 106.8927; Intersection; 0.0925406; Checking Box Human Car
25; Bicycle; Noise; Intention; 25.10.2023 14:36:18; 809.2896; 0.7699865; 106.8927; Intersection; 0.0925406; Checking Box Human Car
25; Bicycle; Noise; Intention; 25.10.2023 14:36:18; 809.0784; 0.7699878; 106.8913; Intersection; 0.124549; Checking Box Human Car
25; Bicycle; Noise; Intention; 25.10.2023 14:36:18; 808.9752; 0.7699876; 106.8905; Intersection; 0.1406997; Checking Box Human Car
25; Bicycle; Noise; Intention; 25.10.2023 14:36:18; 808.7518; 0.7699873; 106.8889; Intersection; 0.1714631; null
25; Bicycle; Noise; Intention; 25.10.2023 14:36:19; 808.6528; 0.7699876; 106.8882; Intersection; 0.1878893; null
25; Bicycle; Noise; Intention; 25.10.2023 14:36:19; 808.5514; 0.7699866; 106.8874; Intersection; 0.2021138; null
25; Bicycle; Noise; Intention; 25.10.2023 14:36:19; 808.434; 0.769986; 106.8864; Intersection; 0.2166426; null
25; Bicycle; Noise; Intention; 25.10.2023 14:36:19; 808.312; 0.7699863; 106.8855; Intersection; 0.2334322; null
25; Bicycle; Noise; Intention; 25.10.2023 14:36:19; 808.0658; 0.7699853; 106.8834; Intersection; 0.2683342; null
25; Bicycle; Noise; Intention; 25.10.2023 14:36:19; 807.9666; 0.769985; 106.8826; Intersection; 0.2857479; null
25; Bicycle; Noise; Intention; 25.10.2023 14:36:19; 807.87; 0.7699856; 106.8818; Intersection; 0.2997581; null
25; Bicycle; Noise; Intention; 25.10.2023 14:36:19; 807.6608; 0.7699854; 106.88; Intersection; 0.3294579; null
25; Bicycle; Noise; Intention; 25.10.2023 14:36:19; 807.5715; 0.7699858; 106.8793; Intersection; 0.3428019; null
25; Bicycle; Noise; Intention; 25.10.2023 14:36:19; 807.3286; 0.769986; 106.8773; Intersection; 0.3689183; null
25; Bicycle; Noise; Intention; 25.10.2023 14:36:19; 807.2006; 0.7699862; 106.8762; Intersection; 0.3892064; null
25; Bicycle; Noise; Intention; 25.10.2023 14:36:19; 807.2006; 0.7699862; 106.8762; Intersection; 0.3892064; null
25; Bicycle; Noise; Intention; 25.10.2023 14:36:19; 806.9521; 0.7699858; 106.8743; Intersection; 0.4240232; null
25; Bicycle; Noise; Intention; 25.10.2023 14:36:19; 806.7634; 0.7699864; 106.8728; Intersection; 0.4544219; null
25; Bicycle; Noise; Intention; 25.10.2023 14:36:19; 806.6522; 0.769987; 106.872; Intersection; 0.4674351; null
25; Bicycle; Noise; Intention; 25.10.2023 14:36:19; 806.5454; 0.7699872; 106.8712; Intersection; 0.4827153; null
25; Bicycle; Noise; Intention; 25.10.2023 14:36:19; 806.4312; 0.7699876; 106.8704; Intersection; 0.4973776; null
25; Bicycle; Noise; Intention; 25.10.2023 14:36:19; 806.3064; 0.7699872; 106.8696; Intersection; 0.5130134; null
25; Bicycle; Noise; Intention; 25.10.2023 14:36:19; 806.0367; 0.7699873; 106.8678; Intersection; 0.5469056; null
25; Bicycle; Noise; Intention; 25.10.2023 14:36:19; 805.9389; 0.7699876; 106.8672; Intersection; 0.5667676; null
25; Bicycle; Noise; Intention; 25.10.2023 14:36:19; 805.718; 0.7699876; 106.8659; Intersection; 0.5962795; null
25; Bicycle; Noise; Intention; 25.10.2023 14:36:19; 805.718; 0.7699876; 106.8659; Intersection; 0.5962795; null
25; Bicycle; Noise; Intention; 25.10.2023 14:36:19; 805.4705; 0.7699873; 106.8644; Intersection; 0.6239005; null
25; Bicycle; Noise; Intention; 25.10.2023 14:36:19; 805.3563; 0.7699882; 106.8638; Intersection; 0.6432768; null
25; Bicycle; Noise; Intention; 25.10.2023 14:36:19; 805.1212; 0.7699876; 106.8625; Intersection; 0.6766866; null
25; Bicycle; Noise; Intention; 25.10.2023 14:36:19; 804.9805; 0.7699876; 106.8617; Intersection; 0.6901174; null
25; Bicycle; Noise; Intention; 25.10.2023 14:36:19; 804.9805; 0.7699876; 106.8617; Intersection; 0.6901174; null
25; Bicycle; Noise; Intention; 25.10.2023 14:36:19; 804.7239; 0.7699875; 106.8602; Intersection; 0.7273338; null
25; Bicycle; Noise; Intention; 25.10.2023 14:36:19; 804.6201; 0.7699873; 106.8596; Intersection; 0.7430713; null
25; Bicycle; Noise; Intention; 25.10.2023 14:36:19; 804.4928; 0.7699873; 106.8589; Intersection; 0.756853; null
25; Bicycle; Noise; Intention; 25.10.2023 14:36:19; 804.2518; 0.7699879; 106.8574; Intersection; 0.7903735; null
25; Bicycle; Noise; Intention; 25.10.2023 14:36:19; 804.1274; 0.7699875; 106.8567; Intersection; 0.8055826; null
25; Bicycle; Noise; Intention; 25.10.2023 14:36:19; 804.0234; 0.7699881; 106.8561; Intersection; 0.8219745; null
25; Bicycle; Noise; Intention; 25.10.2023 14:36:19; 803.9014; 0.7699883; 106.8553; Intersection; 0.8356721; null
25; Bicycle; Noise; Intention; 25.10.2023 14:36:19; 803.625; 0.7699882; 106.8537; Intersection; 0.8692361; null
25; Bicycle; Noise; Intention; 25.10.2023 14:36:19; 803.5081; 0.7699877; 106.853; Intersection; 0.88793; null
25; Bicycle; Noise; Intention; 25.10.2023 14:36:19; 803.3871; 0.7699872; 106.8523; Intersection; 0.9032153; null
25; Bicycle; Noise; Intention; 25.10.2023 14:36:19; 803.2772; 0.7699866; 106.8516; Intersection; 0.9190096; null
25; Bicycle; Noise; Intention; 25.10.2023 14:36:19; 803.0214; 0.7699875; 106.8502; Intersection; 0.9495828; null
25; Bicycle; Noise; Intention; 25.10.2023 14:36:19; 802.9151; 0.7699878; 106.8497; Intersection; 0.9665608; null
25; Bicycle; Noise; Intention; 25.10.2023 14:36:19; 802.6702; 0.7699871; 106.8485; Intersection; 0.9954608; null
25; Bicycle; Noise; Intention; 25.10.2023 14:36:19; 802.6702; 0.7699871; 106.8485; Intersection; 0.9954608; null
25; Bicycle; Noise; Intention; 25.10.2023 14:36:19; 802.5204; 0.7699869; 106.8478; Intersection; 1.012035; null
25; Bicycle; Noise; Intention; 25.10.2023 14:36:19; 802.3497; 0.7699873; 106.8471; Intersection; 1.03137; null
25; Bicycle; Noise; Intention; 25.10.2023 14:36:19; 802.0807; 0.7699884; 106.8461; Intersection; 1.069537; null
25; Bicycle; Noise; Intention; 25.10.2023 14:36:19; 801.9656; 0.769989; 106.8457; Intersection; 1.087945; null
25; Bicycle; Noise; Intention; 25.10.2023 14:36:19; 801.8475; 0.7699885; 106.8454; Intersection; 1.102689; null
25; Bicycle; Noise; Intention; 25.10.2023 14:36:19; 801.7337; 0.7699881; 106.845; Intersection; 1.117821; null
25; Bicycle; Noise; Intention; 25.10.2023 14:36:19; 801.4709; 0.7699876; 106.8445; Intersection; 1.148358; null
25; Bicycle; Noise; Intention; 25.10.2023 14:36:20; 801.3413; 0.7699873; 106.8442; Intersection; 1.16591; null
25; Bicycle; Noise; Intention; 25.10.2023 14:36:20; 801.207; 0.7699873; 106.844; Intersection; 1.18242; null
25; Bicycle; Noise; Intention; 25.10.2023 14:36:20; 801.0891; 0.7699877; 106.8438; Intersection; 1.199492; null
25; Bicycle; Noise; Intention; 25.10.2023 14:36:20; 800.846; 0.7699878; 106.8436; Intersection; 1.231585; null
25; Bicycle; Noise; Intention; 25.10.2023 14:36:20; 800.7319; 0.7699885; 106.8434; Intersection; 1.245287; null
25; Bicycle; Noise; Intention; 25.10.2023 14:36:20; 800.6021; 0.7699882; 106.8433; Intersection; 1.259716; null
25; Bicycle; Noise; Intention; 25.10.2023 14:36:20; 800.3471; 0.7699871; 106.8431; Intersection; 1.291591; null
25; Bicycle; Noise; Intention; 25.10.2023 14:36:20; 800.2325; 0.7699873; 106.843; Intersection; 1.30829; Checking Box Human Car
25; Bicycle; Noise; Intention; 25.10.2023 14:36:20; 800.1166; 0.7699877; 106.8429; Intersection; 1.322713; Checking Box Human
25; Bicycle; Noise; Intention; 25.10.2023 14:36:20; 799.9783; 0.7699871; 106.8428; Intersection; 1.337307; Checking Box Human
25; Bicycle; Noise; Intention; 25.10.2023 14:36:20; 799.7122; 0.7699878; 106.8425; Intersection; 1.371621; Checking Box Human
25; Bicycle; Noise; Intention; 25.10.2023 14:36:20; 799.5823; 0.7699872; 106.8424; Intersection; 1.38804; Checking Box Human
25; Bicycle; Noise; Intention; 25.10.2023 14:36:20; 799.4435; 0.769987; 106.8423; Intersection; 1.404309; Checking Box Human
25; Bicycle; Noise; Intention; 25.10.2023 14:36:20; 799.3392; 0.7699873; 106.8422; Intersection; 1.42166; null
25; Bicycle; Noise; Intention; 25.10.2023 14:36:20; 799.2072; 0.7699867; 106.8421; Intersection; 1.4347; null
25; Bicycle; Noise; Intention; 25.10.2023 14:36:20; 798.9355; 0.7699875; 106.8419; Intersection; 1.468558; null
25; Bicycle; Noise; Intention; 25.10.2023 14:36:20; 798.7228; 0.7699871; 106.8418; Intersection; 1.499159; null
25; Bicycle; Noise; Intention; 25.10.2023 14:36:20; 798.7228; 0.7699871; 106.8418; Intersection; 1.499159; null
25; Bicycle; Noise; Intention; 25.10.2023 14:36:20; 798.4891; 0.7699873; 106.8417; Intersection; 1.52623; null
25; Bicycle; Noise; Intention; 25.10.2023 14:36:20; 798.3831; 0.769987; 106.8416; Intersection; 1.541942; null
25; Bicycle; Noise; Intention; 25.10.2023 14:36:20; 798.1353; 0.7699873; 106.8416; Intersection; 1.572099; null
25; Bicycle; Noise; Intention; 25.10.2023 14:36:20; 798.0092; 0.7699878; 106.8415; Intersection; 1.587323; null
25; Bicycle; Noise; Intention; 25.10.2023 14:36:20; 797.8803; 0.7699873; 106.8415; Intersection; 1.603605; null
25; Bicycle; Noise; Intention; 25.10.2023 14:36:20; 797.7636; 0.7699878; 106.8415; Intersection; 1.62033; null
25; Bicycle; Noise; Intention; 25.10.2023 14:36:20; 797.5491; 0.7699881; 106.8415; Intersection; 1.650346; null
25; Bicycle; Noise; Intention; 25.10.2023 14:36:20; 797.4395; 0.7699878; 106.8414; Intersection; 1.663627; null
25; Bicycle; Noise; Intention; 25.10.2023 14:36:20; 797.2124; 0.7699881; 106.8414; Intersection; 1.693087; null
25; Bicycle; Noise; Intention; 25.10.2023 14:36:20; 797.1065; 0.7699879; 106.8414; Intersection; 1.708097; null
25; Bicycle; Noise; Intention; 25.10.2023 14:36:20; 797.007; 0.7699883; 106.8414; Intersection; 1.722193; null
25; Bicycle; Noise; Intention; 25.10.2023 14:36:20; 796.7751; 0.7699871; 106.8413; Intersection; 1.750912; null
25; Bicycle; Noise; Intention; 25.10.2023 14:36:20; 796.6642; 0.7699876; 106.8412; Intersection; 1.766579; null
25; Bicycle; Noise; Intention; 25.10.2023 14:36:20; 796.4367; 0.7699871; 106.8412; Intersection; 1.798933; null
25; Bicycle; Noise; Intention; 25.10.2023 14:36:20; 796.4367; 0.7699871; 106.8412; Intersection; 1.798933; null
25; Bicycle; Noise; Intention; 25.10.2023 14:36:20; 796.2214; 0.7699875; 106.841; Intersection; 1.826725; null
25; Bicycle; Noise; Intention; 25.10.2023 14:36:20; 796.1227; 0.769987; 106.841; Intersection; 1.841795; null
25; Bicycle; Noise; Intention; 25.10.2023 14:36:20; 795.897; 0.7699878; 106.8408; Intersection; 1.870373; null
25; Bicycle; Noise; Intention; 25.10.2023 14:36:20; 795.7913; 0.7699878; 106.8407; Intersection; 1.886478; null
25; Bicycle; Noise; Intention; 25.10.2023 14:36:20; 795.7065; 0.7699873; 106.8407; Intersection; 1.901134; null
25; Bicycle; Noise; Intention; 25.10.2023 14:36:20; 795.5032; 0.7699871; 106.8405; Intersection; 1.926698; null
25; Bicycle; Noise; Intention; 25.10.2023 14:36:20; 795.3199; 0.7699879; 106.8403; Intersection; 1.953669; null
25; Bicycle; Noise; Intention; 25.10.2023 14:36:20; 795.2103; 0.769989; 106.8401; Intersection; 1.967068; null
25; Bicycle; Noise; Intention; 25.10.2023 14:36:20; 795.0187; 0.7699883; 106.8399; Intersection; 1.996677; null
25; Bicycle; Noise; Intention; 25.10.2023 14:36:20; 794.9259; 0.7699881; 106.8397; Intersection; 2.009747; null
25; Bicycle; Noise; Intention; 25.10.2023 14:36:20; 794.847; 0.7699878; 106.8396; Intersection; 2.022958; null
25; Bicycle; Noise; Intention; 25.10.2023 14:36:20; 794.6485; 0.7699879; 106.8392; Intersection; 2.048147; null
25; Bicycle; Noise; Intention; 25.10.2023 14:36:20; 794.4756; 0.7699876; 106.8389; Intersection; 2.074569; null
25; Bicycle; Noise; Intention; 25.10.2023 14:36:20; 794.3798; 0.7699885; 106.8387; Intersection; 2.087616; null
25; Bicycle; Noise; Intention; 25.10.2023 14:36:20; 794.2821; 0.7699884; 106.8384; Intersection; 2.101483; null
25; Bicycle; Noise; Intention; 25.10.2023 14:36:20; 794.0848; 0.7699878; 106.838; Intersection; 2.129549; null
25; Bicycle; Noise; Intention; 25.10.2023 14:36:20; 793.9953; 0.7699878; 106.8377; Intersection; 2.144432; null
25; Bicycle; Noise; Intention; 25.10.2023 14:36:20; 793.7869; 0.7699881; 106.8371; Intersection; 2.175195; null
25; Bicycle; Noise; Intention; 25.10.2023 14:36:21; 793.696; 0.7699883; 106.8368; Intersection; 2.188212; null
25; Bicycle; Noise; Intention; 25.10.2023 14:36:21; 793.6025; 0.7699883; 106.8364; Intersection; 2.201638; null
25; Bicycle; Noise; Intention; 25.10.2023 14:36:21; 793.4076; 0.7699866; 106.8357; Intersection; 2.22924; null
25; Bicycle; Noise; Intention; 25.10.2023 14:36:21; 793.3197; 0.7699869; 106.8353; Intersection; 2.244499; null
25; Bicycle; Noise; Intention; 25.10.2023 14:36:21; 793.1183; 0.7699859; 106.8345; Intersection; 2.272657; null
25; Bicycle; Noise; Intention; 25.10.2023 14:36:21; 793.0259; 0.7699867; 106.8341; Intersection; 2.287849; null
25; Bicycle; Noise; Intention; 25.10.2023 14:36:21; 792.9403; 0.7699864; 106.8336; Intersection; 2.301786; null
25; Bicycle; Noise; Intention; 25.10.2023 14:36:21; 792.7575; 0.7699862; 106.8327; Intersection; 2.328126; null
25; Bicycle; Noise; Intention; 25.10.2023 14:36:21; 792.6675; 0.769986; 106.8323; Intersection; 2.342437; null
25; Bicycle; Noise; Intention; 25.10.2023 14:36:21; 792.4901; 0.7699866; 106.8313; Intersection; 2.36969; null
25; Bicycle; Noise; Intention; 25.10.2023 14:36:21; 792.3207; 0.7699869; 106.8303; Intersection; 2.395003; null
25; Bicycle; Noise; Intention; 25.10.2023 14:36:21; 792.3207; 0.7699869; 106.8303; Intersection; 2.395003; null
25; Bicycle; Noise; Intention; 25.10.2023 14:36:21; 792.119; 0.7699866; 106.829; Intersection; 2.425086; null
25; Bicycle; Noise; Intention; 25.10.2023 14:36:21; 791.9591; 0.7699869; 106.8279; Intersection; 2.452326; null
25; Bicycle; Noise; Intention; 25.10.2023 14:36:21; 791.8729; 0.7699866; 106.8274; Intersection; 2.465257; null
25; Bicycle; Noise; Intention; 25.10.2023 14:36:21; 791.6897; 0.7699869; 106.826; Intersection; 2.49073; null
25; Bicycle; Noise; Intention; 25.10.2023 14:36:21; 791.6086; 0.7699866; 106.8254; Intersection; 2.507492; null
25; Bicycle; Noise; Intention; 25.10.2023 14:36:21; 791.5255; 0.7699863; 106.8248; Intersection; 2.520281; null
25; Bicycle; Noise; Intention; 25.10.2023 14:36:21; 791.3312; 0.7699875; 106.8232; Intersection; 2.548694; null
25; Bicycle; Noise; Intention; 25.10.2023 14:36:21; 791.2418; 0.7699873; 106.8225; Intersection; 2.564418; null
25; Bicycle; Noise; Intention; 25.10.2023 14:36:21; 791.0588; 0.7699867; 106.821; Intersection; 2.592553; null
25; Bicycle; Noise; Intention; 25.10.2023 14:36:21; 790.974; 0.7699864; 106.8202; Intersection; 2.608255; null
25; Bicycle; Noise; Intention; 25.10.2023 14:36:21; 790.8901; 0.7699875; 106.8195; Intersection; 2.62201; null
25; Bicycle; Noise; Intention; 25.10.2023 14:36:21; 790.721; 0.7699871; 106.8179; Intersection; 2.649855; null
25; Bicycle; Noise; Intention; 25.10.2023 14:36:21; 790.5648; 0.7699871; 106.8164; Intersection; 2.676032; null
25; Bicycle; Noise; Intention; 25.10.2023 14:36:21; 790.4858; 0.7699885; 106.8156; Intersection; 2.689027; null
25; Bicycle; Noise; Intention; 25.10.2023 14:36:21; 790.3813; 0.7699878; 106.8146; Intersection; 2.702098; null
25; Bicycle; Noise; Intention; 25.10.2023 14:36:21; 790.3042; 0.7699877; 106.8138; Intersection; 2.719459; null
25; Bicycle; Noise; Intention; 25.10.2023 14:36:21; 790.1099; 0.7699881; 106.8117; Intersection; 2.746039; null
25; Bicycle; Noise; Intention; 25.10.2023 14:36:21; 790.0248; 0.7699888; 106.8108; Intersection; 2.764912; null
25; Bicycle; Noise; Intention; 25.10.2023 14:36:21; 789.8353; 0.7699876; 106.8087; After ; 0.0191352; null
25; Bicycle; Noise; Intention; 25.10.2023 14:36:21; 789.8353; 0.7699876; 106.8087; After ; 0.0191352; null
25; Bicycle; Noise; Intention; 25.10.2023 14:36:21; 789.6541; 0.7699878; 106.8065; After ; 0.0452031; null
25; Bicycle; Noise; Intention; 25.10.2023 14:36:21; 789.5723; 0.7699881; 106.8055; After ; 0.0631269; null
25; Bicycle; Noise; Intention; 25.10.2023 14:36:21; 789.4022; 0.7699881; 106.8034; After ; 0.0915724; null
25; Bicycle; Noise; Intention; 25.10.2023 14:36:21; 789.3271; 0.7699878; 106.8024; After ; 0.1065935; null
25; Bicycle; Noise; Intention; 25.10.2023 14:36:21; 789.2484; 0.7699883; 106.8014; After ; 0.1196401; null
25; Bicycle; Noise; Intention; 25.10.2023 14:36:21; 789.0665; 0.7699876; 106.799; After ; 0.1521537; null
25; Bicycle; Noise; Intention; 25.10.2023 14:36:21; 788.9913; 0.7699876; 106.7979; After ; 0.1652227; null
25; Bicycle; Noise; Intention; 25.10.2023 14:36:21; 788.8259; 0.7699864; 106.7956; After ; 0.1933186; null
25; Bicycle; Noise; Intention; 25.10.2023 14:36:21; 788.7513; 0.7699863; 106.7945; After ; 0.2077418; null
25; Bicycle; Noise; Intention; 25.10.2023 14:36:21; 788.6568; 0.7699864; 106.7931; After ; 0.2210219; null
25; Bicycle; Noise; Intention; 25.10.2023 14:36:21; 788.5662; 0.7699864; 106.7918; After ; 0.237893; null
25; Bicycle; Noise; Intention; 25.10.2023 14:36:21; 788.4088; 0.7699869; 106.7894; After ; 0.2666528; null
25; Bicycle; Noise; Intention; 25.10.2023 14:36:21; 788.2693; 0.7699869; 106.7872; After ; 0.2950469; null
25; Bicycle; Noise; Intention; 25.10.2023 14:36:21; 788.1901; 0.769987; 106.786; After ; 0.307758; null
25; Bicycle; Noise; Intention; 25.10.2023 14:36:21; 788.0958; 0.7699875; 106.7845; After ; 0.3221687; null
25; Bicycle; Noise; Intention; 25.10.2023 14:36:21; 788.0113; 0.7699876; 106.7831; After ; 0.3394056; null
25; Bicycle; Noise; Intention; 25.10.2023 14:36:21; 787.8503; 0.7699873; 106.7804; After ; 0.3684702; null
25; Bicycle; Noise; Intention; 25.10.2023 14:36:21; 787.7073; 0.7699871; 106.778; After ; 0.3986096; null
25; Bicycle; Noise; Intention; 25.10.2023 14:36:22; 787.6411; 0.7699878; 106.7769; After ; 0.4110586; null
25; Bicycle; Noise; Intention; 25.10.2023 14:36:22; 787.5689; 0.7699878; 106.7757; After ; 0.4233972; null
25; Bicycle; Noise; Intention; 25.10.2023 14:36:22; 787.4764; 0.7699872; 106.7741; After ; 0.4368707; null
25; Bicycle; Noise; Intention; 25.10.2023 14:36:22; 787.3245; 0.7699867; 106.7714; After ; 0.468928; null
25; Bicycle; Noise; Intention; 25.10.2023 14:36:22; 787.1832; 0.7699869; 106.7689; After ; 0.4957378; null
25; Bicycle; Noise; Intention; 25.10.2023 14:36:22; 787.113; 0.7699884; 106.7676; After ; 0.509549; null
25; Bicycle; Noise; Intention; 25.10.2023 14:36:22; 787.0371; 0.7699885; 106.7663; After ; 0.5228891; null
25; Bicycle; Noise; Intention; 25.10.2023 14:36:22; 786.8885; 0.7699873; 106.7635; After ; 0.5521569; null
25; Bicycle; Noise; Intention; 25.10.2023 14:36:22; 786.8176; 0.7699871; 106.7623; After ; 0.5658386; null
25; Bicycle; Noise; Intention; 25.10.2023 14:36:22; 786.6678; 0.7699865; 106.7595; After ; 0.596022; null
25; Bicycle; Noise; Intention; 25.10.2023 14:36:22; 786.5933; 0.7699866; 106.7581; After ; 0.6084242; null
25; Bicycle; Noise; Intention; 25.10.2023 14:36:22; 786.5215; 0.7699871; 106.7568; After ; 0.6228953; null
25; Bicycle; Noise; Intention; 25.10.2023 14:36:22; 786.3807; 0.7699873; 106.7542; After ; 0.6497504; null
25; Bicycle; Noise; Intention; 25.10.2023 14:36:22; 786.3176; 0.7699876; 106.753; After ; 0.6643879; null
25; Bicycle; Noise; Intention; 25.10.2023 14:36:22; 786.1829; 0.7699882; 106.7504; After ; 0.6889291; null
25; Bicycle; Noise; Intention; 25.10.2023 14:36:22; 786.0513; 0.7699882; 106.7479; After ; 0.7162173; null
25; Bicycle; Noise; Intention; 25.10.2023 14:36:22; 785.9871; 0.7699881; 106.7467; After ; 0.7293119; null
25; Bicycle; Noise; Intention; 25.10.2023 14:36:22; 785.925; 0.7699881; 106.7455; After ; 0.7420417; null
25; Bicycle; Noise; Intention; 25.10.2023 14:36:22; 785.7881; 0.7699878; 106.7429; After ; 0.76678; null
25; Bicycle; Noise; Intention; 25.10.2023 14:36:22; 785.7202; 0.7699876; 106.7416; After ; 0.7816421; null
25; Bicycle; Noise; Intention; 25.10.2023 14:36:22; 785.5593; 0.7697997; 106.7384; After ; 0.812448; null
25; Bicycle; Noise; Intention; 25.10.2023 14:36:22; 785.4852; 0.7697237; 106.737; After ; 0.8275067; null
25; Bicycle; Noise; Intention; 25.10.2023 14:36:22; 785.4082; 0.7696633; 106.7354; After ; 0.8424163; null
25; Bicycle; Noise; Intention; 25.10.2023 14:36:22; 785.2645; 0.7695878; 106.7326; After ; 0.8725823; null
25; Bicycle; Noise; Intention; 25.10.2023 14:36:22; 785.2011; 0.7695673; 106.7313; After ; 0.8870403; null
25; Bicycle; Noise; Intention; 25.10.2023 14:36:22; 785.0638; 0.7695458; 106.7285; After ; 0.9121246; null
25; Bicycle; Noise; Intention; 25.10.2023 14:36:22; 784.9983; 0.7695427; 106.7272; After ; 0.9278865; null
25; Bicycle; Noise; Intention; 25.10.2023 14:36:22; 784.8805; 0.7695462; 106.7248; After ; 0.9529234; null
25; Bicycle; Noise; Intention; 25.10.2023 14:36:22; 784.8047; 0.7695539; 106.7232; After ; 0.9654217; null
25; Bicycle; Noise; Intention; 25.10.2023 14:36:22; 784.6741; 0.7695723; 106.7205; After ; 0.9950646; null
25; Bicycle; Noise; Intention; 25.10.2023 14:36:22; 784.5579; 0.7695918; 106.7181; After ; 1.020377; null
25; Bicycle; Noise; Intention; 25.10.2023 14:36:22; 784.5579; 0.7695918; 106.7181; After ; 1.020377; null
25; Bicycle; Noise; Intention; 25.10.2023 14:36:22; 784.4138; 0.7696195; 106.715; After ; 1.045438; null
25; Bicycle; Noise; Intention; 25.10.2023 14:36:22; 784.3503; 0.7696309; 106.7137; After ; 1.061903; null
25; Bicycle; Noise; Intention; 25.10.2023 14:36:22; 784.2066; 0.7696564; 106.7106; After ; 1.09135; null
25; Bicycle; Noise; Intention; 25.10.2023 14:36:22; 784.0864; 0.7696757; 106.708; After ; 1.118336; null
25; Bicycle; Noise; Intention; 25.10.2023 14:36:22; 784.0248; 0.7696844; 106.7067; After ; 1.130362; null
25; Bicycle; Noise; Intention; 25.10.2023 14:36:22; 783.9656; 0.7696933; 106.7054; After ; 1.143286; null
25; Bicycle; Noise; Intention; 25.10.2023 14:36:22; 783.8226; 0.7697105; 106.7023; After ; 1.170952; null
25; Bicycle; Noise; Intention; 25.10.2023 14:36:22; 783.7551; 0.7697186; 106.7009; After ; 1.185974; null
25; Bicycle; Noise; Intention; 25.10.2023 14:36:22; 783.6223; 0.7697301; 106.698; After ; 1.21317; null
25; Bicycle; Noise; Intention; 25.10.2023 14:36:22; 783.5613; 0.7697349; 106.6966; After ; 1.228491; null
25; Bicycle; Noise; Intention; 25.10.2023 14:36:22; 783.4474; 0.7697426; 106.6941; After ; 1.25296; null
25; Bicycle; Noise; Intention; 25.10.2023 14:36:22; 783.3799; 0.7697468; 106.6926; After ; 1.265806; null
25; Bicycle; Noise; Intention; 25.10.2023 14:36:22; 783.24; 0.769753; 106.6896; After ; 1.295033; null
25; Bicycle; Noise; Intention; 25.10.2023 14:36:22; 783.1802; 0.769756; 106.6882; After ; 1.310295; null
25; Bicycle; Noise; Intention; 25.10.2023 14:36:22; 783.1171; 0.7697575; 106.6868; After ; 1.323168; null
25; Bicycle; Noise; Intention; 25.10.2023 14:36:22; 782.9871; 0.7697599; 106.6839; After ; 1.350346; null
25; Bicycle; Noise; Intention; 25.10.2023 14:36:22; 782.9255; 0.7697618; 106.6826; After ; 1.364901; null
25; Bicycle; Noise; Intention; 25.10.2023 14:36:22; 782.7997; 0.7697632; 106.6797; After ; 1.39248; null
25; Bicycle; Noise; Intention; 25.10.2023 14:36:23; 782.737; 0.7697639; 106.6784; After ; 1.405569; null
25; Bicycle; Noise; Intention; 25.10.2023 14:36:23; 782.6672; 0.7697654; 106.6768; After ; 1.419227; null
25; Bicycle; Noise; Intention; 25.10.2023 14:36:23; 782.5268; 0.7697651; 106.6737; After ; 1.450078; null
25; Bicycle; Noise; Intention; 25.10.2023 14:36:23; 782.469; 0.7697659; 106.6724; After ; 1.465185; null
25; Bicycle; Noise; Intention; 25.10.2023 14:36:23; 782.3228; 0.7697644; 106.6692; After ; 1.49358; null
25; Bicycle; Noise; Intention; 25.10.2023 14:36:23; 782.2621; 0.7697656; 106.6679; After ; 1.51001; null
25; Bicycle; Noise; Intention; 25.10.2023 14:36:23; 782.1931; 0.7697647; 106.6663; After ; 1.523387; null
25; Bicycle; Noise; Intention; 25.10.2023 14:36:23; 782.1277; 0.7697642; 106.6649; After ; 1.538667; null
25; Bicycle; Noise; Intention; 25.10.2023 14:36:23; 781.9782; 0.7697637; 106.6616; After ; 1.566983; null
25; Bicycle; Noise; Intention; 25.10.2023 14:36:23; 781.9144; 0.7697643; 106.6602; After ; 1.586311; null
25; Bicycle; Noise; Intention; 25.10.2023 14:36:23; 781.782; 0.7697635; 106.6574; After ; 1.615922; null
25; Bicycle; Noise; Intention; 25.10.2023 14:36:23; 781.7225; 0.769763; 106.6561; After ; 1.630043; null
25; Bicycle; Noise; Intention; 25.10.2023 14:36:23; 781.6679; 0.7697634; 106.6549; After ; 1.643332; null
25; Bicycle; Noise; Intention; 25.10.2023 14:36:23; 781.5432; 0.7697623; 106.6522; After ; 1.670599; null
25; Bicycle; Noise; Intention; 25.10.2023 14:36:23; 781.4804; 0.7697622; 106.6508; After ; 1.683566; null
25; Bicycle; Noise; Intention; 25.10.2023 14:36:23; 781.3577; 0.7697622; 106.6481; After ; 1.711349; null
25; Bicycle; Noise; Intention; 25.10.2023 14:36:23; 781.2849; 0.7697614; 106.6466; After ; 1.725338; null
25; Bicycle; Noise; Intention; 25.10.2023 14:36:23; 781.2244; 0.7697616; 106.6453; After ; 1.741813; null
25; Bicycle; Noise; Intention; 25.10.2023 14:36:23; 781.1029; 0.7697618; 106.6426; After ; 1.769157; null
25; Bicycle; Noise; Intention; 25.10.2023 14:36:23; 780.9835; 0.7697612; 106.6401; After ; 1.796633; null
25; Bicycle; Noise; Intention; 25.10.2023 14:36:23; 780.9202; 0.7697611; 106.6387; After ; 1.810225; null
25; Bicycle; Noise; Intention; 25.10.2023 14:36:23; 780.8521; 0.769761; 106.6373; After ; 1.824674; null
25; Bicycle; Noise; Intention; 25.10.2023 14:36:23; 780.7419; 0.7697607; 106.6349; After ; 1.852265; null
25; Bicycle; Noise; Intention; 25.10.2023 14:36:23; 780.6872; 0.7697613; 106.6337; After ; 1.865431; null
25; Bicycle; Noise; Intention; 25.10.2023 14:36:23; 780.5532; 0.7697606; 106.6309; After ; 1.892207; null
25; Bicycle; Noise; Intention; 25.10.2023 14:36:23; 780.4948; 0.7697613; 106.6296; After ; 1.908774; null
25; Bicycle; Noise; Intention; 25.10.2023 14:36:23; 780.4395; 0.7697613; 106.6284; After ; 1.922221; null
25; Bicycle; Noise; Intention; 25.10.2023 14:36:23; 780.3246; 0.7697616; 106.626; After ; 1.946894; null
25; Bicycle; Noise; Intention; 25.10.2023 14:36:23; 780.2653; 0.7697616; 106.6248; After ; 1.961495; null
25; Bicycle; Noise; Intention; 25.10.2023 14:36:23; 780.1381; 0.7697622; 106.6221; After ; 1.988865; null
25; Bicycle; Noise; Intention; 25.10.2023 14:36:23; 780.0283; 0.7697624; 106.6197; After ; 2.017738; null
25; Bicycle; Noise; Intention; 25.10.2023 14:36:23; 779.9732; 0.7697625; 106.6186; After ; 2.03027; null
25; Bicycle; Noise; Intention; 25.10.2023 14:36:23; 779.9074; 0.7697628; 106.6172; After ; 2.04311; null
25; Bicycle; Noise; Intention; 25.10.2023 14:36:23; 779.7877; 0.7697623; 106.6147; After ; 2.074044; null
25; Bicycle; Noise; Intention; 25.10.2023 14:36:23; 779.6841; 0.7697613; 106.6125; After ; 2.098889; null
25; Bicycle; Noise; Intention; 25.10.2023 14:36:23; 779.6252; 0.7697616; 106.6113; After ; 2.110719; null
25; Bicycle; Noise; Intention; 25.10.2023 14:36:23; 779.5632; 0.7697613; 106.61; After ; 2.124588; null
25; Bicycle; Noise; Intention; 25.10.2023 14:36:23; 779.4541; 0.7697617; 106.6077; After ; 2.15186; null
25; Bicycle; Noise; Intention; 25.10.2023 14:36:23; 779.3933; 0.7697623; 106.6064; After ; 2.164854; null
25; Bicycle; Noise; Intention; 25.10.2023 14:36:23; 779.2716; 0.769762; 106.6039; After ; 2.19422; null
25; Bicycle; Noise; Intention; 25.10.2023 14:36:23; 779.2167; 0.7697612; 106.6028; After ; 2.207954; null
25; Bicycle; Noise; Intention; 25.10.2023 14:36:23; 779.1639; 0.7697613; 106.6017; After ; 2.220967; null
25; Bicycle; Noise; Intention; 25.10.2023 14:36:23; 779.0361; 0.7697618; 106.599; After ; 2.250406; null
25; Bicycle; Noise; Intention; 25.10.2023 14:36:23; 778.9815; 0.7697623; 106.5979; After ; 2.263844; null
25; Bicycle; Noise; Intention; 25.10.2023 14:36:23; 778.8668; 0.7697622; 106.5955; After ; 2.28896; null
25; Bicycle; Noise; Intention; 25.10.2023 14:36:23; 778.7548; 0.7697618; 106.5932; After ; 2.316789; null
25; Bicycle; Noise; Intention; 25.10.2023 14:36:23; 778.7548; 0.7697618; 106.5932; After ; 2.316789; null
25; Bicycle; Noise; Intention; 25.10.2023 14:36:23; 778.627; 0.7697622; 106.5905; After ; 2.346162; null
25; Bicycle; Noise; Intention; 25.10.2023 14:36:23; 778.568; 0.7697613; 106.5893; After ; 2.361567; null
25; Bicycle; Noise; Intention; 25.10.2023 14:36:23; 778.4417; 0.7697618; 106.5866; After ; 2.390022; null
25; Bicycle; Noise; Intention; 25.10.2023 14:36:24; 778.3312; 0.769762; 106.5843; After ; 2.419294; null
25; Bicycle; Noise; Intention; 25.10.2023 14:36:24; 778.3312; 0.769762; 106.5843; After ; 2.419294; null
25; Bicycle; Noise; Intention; 25.10.2023 14:36:24; 778.2017; 0.7697616; 106.5816; After ; 2.447792; null
25; Bicycle; Noise; Intention; 25.10.2023 14:36:24; 778.1519; 0.7697618; 106.5806; After ; 2.464023; null
25; Bicycle; Noise; Intention; 25.10.2023 14:36:24; 778.0337; 0.7697613; 106.5781; After ; 2.489507; null
25; Bicycle; Noise; Intention; 25.10.2023 14:36:24; 777.9199; 0.76976; 106.5757; After ; 2.520239; null
25; Bicycle; Noise; Intention; 25.10.2023 14:36:24; 777.9199; 0.76976; 106.5757; After ; 2.520239; null
25; Bicycle; Noise; Intention; 25.10.2023 14:36:24; 777.803; 0.7697612; 106.5732; After ; 2.545686; null
25; Bicycle; Noise; Intention; 25.10.2023 14:36:24; 777.6908; 0.7697618; 106.5709; After ; 2.573198; null
25; Bicycle; Noise; Intention; 25.10.2023 14:36:24; 777.6388; 0.769762; 106.5698; After ; 2.588173; null
25; Bicycle; Noise; Intention; 25.10.2023 14:36:24; 777.5225; 0.7697625; 106.5674; After ; 2.615252; null
25; Bicycle; Noise; Intention; 25.10.2023 14:36:24; 777.4669; 0.7697623; 106.5662; After ; 2.629357; null
25; Bicycle; Noise; Intention; 25.10.2023 14:36:24; 777.4152; 0.7697623; 106.5651; After ; 2.642961; null
25; Bicycle; Noise; Intention; 25.10.2023 14:36:24; 777.2976; 0.769762; 106.5627; After ; 2.671537; null
25; Bicycle; Noise; Intention; 25.10.2023 14:36:24; 777.1868; 0.7697616; 106.5603; After ; 2.696458; null
25; Bicycle; Noise; Intention; 25.10.2023 14:36:24; 777.1281; 0.7697617; 106.5591; After ; 2.710359; null
25; Bicycle; Noise; Intention; 25.10.2023 14:36:24; 777.0591; 0.7697606; 106.5576; After ; 2.724174; null
25; Bicycle; Noise; Intention; 25.10.2023 14:36:24; 776.9996; 0.7697604; 106.5564; Goal ; Total Time: 28.51583; null
25; Bicycle; Noise; Intention; 25.10.2023 14:36:24; 776.8641; 0.7697614; 106.5536; Goal ; Total Time: 28.54269; null
25; Bicycle; Noise; Intention; 25.10.2023 14:36:24; 776.7961; 0.7697618; 106.5522; Goal ; Total Time: 28.56042; null
25; Bicycle; Noise; Intention; 25.10.2023 14:36:24; 776.6718; 0.7697608; 106.5497; Goal ; Total Time: 28.58998; null
25; Bicycle; Noise; Intention; 25.10.2023 14:36:24; 776.6067; 0.7697605; 106.5484; Goal ; Total Time: 28.60329; null
25; Bicycle; Noise; Intention; 25.10.2023 14:36:24; 776.5488; 0.7697604; 106.5472; Goal ; Total Time: 28.61757; null
25; Bicycle; Noise; Intention; 25.10.2023 14:36:24; 776.4064; 0.7697601; 106.5444; Goal ; Total Time: 28.64548; null
25; Bicycle; Noise; Intention; 25.10.2023 14:36:24; 776.2856; 0.76976; 106.5421; Goal ; Total Time: 28.67348; null
25; Bicycle; Noise; Intention; 25.10.2023 14:36:24; 776.2047; 0.7697605; 106.5406; Goal ; Total Time: 28.68642; null
25; Bicycle; Noise; Intention; 25.10.2023 14:36:24; 776.1364; 0.7697605; 106.5393; Goal ; Total Time: 28.70337; null
25; Bicycle; Noise; Intention; 25.10.2023 14:36:24; 776.0585; 0.7697607; 106.5379; Goal ; Total Time: 28.71759; null
25; Bicycle; Noise; Intention; 25.10.2023 14:36:24; 775.9141; 0.7697601; 106.5353; Goal ; Total Time: 28.74965; null
25; Bicycle; Noise; Intention; 25.10.2023 14:36:24; 775.8461; 0.7697608; 106.5341; Goal ; Total Time: 28.76312; null
25; Bicycle; Noise; Intention; 25.10.2023 14:36:24; 775.6982; 0.7698371; 106.5315; Goal ; Total Time: 28.79391; null
25; Bicycle; Noise; Intention; 25.10.2023 14:36:24; 775.6317; 0.7699385; 106.5304; Goal ; Total Time: 28.80641; null
25; Bicycle; Noise; Intention; 25.10.2023 14:36:24; 775.5655; 0.7700186; 106.5293; Goal ; Total Time: 28.81957; null
