user_id; scenario; distraction; ehmi; timestamp; userPositionX; userPositionY; userPositionZ; playerPositon; time; focused object
15; Pedestrian; Interference; Intention; 17.10.2023 17:31:29; 805.1; -0.34; 241; HI; null
15; Pedestrian; Interference; Intention; 17.10.2023 17:31:29; 805.2721; -0.09819984; 241; Sidewalk; 0.02; null
15; Pedestrian; Interference; Intention; 17.10.2023 17:31:30; 805.2721; -0.09819984; 241; Sidewalk; 0.02; null
15; Pedestrian; Interference; Intention; 17.10.2023 17:31:30; 805.2721; -0.09819984; 241; Sidewalk; 0.02; null
15; Pedestrian; Interference; Intention; 17.10.2023 17:31:30; 805.2721; -0.09819984; 241; Sidewalk; 0.02; null
15; Pedestrian; Interference; Intention; 17.10.2023 17:31:30; 805.2721; -0.09819984; 241; Sidewalk; 0.02; null
15; Pedestrian; Interference; Intention; 17.10.2023 17:31:30; 805.2721; -0.09819984; 241; Sidewalk; 0.02; null
15; Pedestrian; Interference; Intention; 17.10.2023 17:31:30; 805.2721; -0.09819984; 241; Sidewalk; 0.02; null
15; Pedestrian; Interference; Intention; 17.10.2023 17:31:30; 805.2721; -0.09819984; 241; Sidewalk; 0.02; null
15; Pedestrian; Interference; Intention; 17.10.2023 17:31:30; 805.2721; -0.09819984; 241; Sidewalk; 0.02; null
15; Pedestrian; Interference; Intention; 17.10.2023 17:31:30; 805.2721; -0.09819984; 241; Sidewalk; 0.02; null
15; Pedestrian; Interference; Intention; 17.10.2023 17:31:30; 805.2721; -0.09819984; 241; Sidewalk; 0.02; null
15; Pedestrian; Interference; Intention; 17.10.2023 17:31:30; 805.2721; -0.09819984; 241; Sidewalk; 0.02; null
15; Pedestrian; Interference; Intention; 17.10.2023 17:31:30; 805.2721; -0.09819984; 241; Sidewalk; 0.02; null
15; Pedestrian; Interference; Intention; 17.10.2023 17:31:30; 805.2721; -0.09819984; 241; Sidewalk; 0.02; null
15; Pedestrian; Interference; Intention; 17.10.2023 17:31:30; 805.2721; -0.09819984; 241; Sidewalk; 0.02; null
15; Pedestrian; Interference; Intention; 17.10.2023 17:31:30; 805.2721; -0.09819984; 241; Sidewalk; 0.02; null
15; Pedestrian; Interference; Intention; 17.10.2023 17:31:30; 805.2721; -0.09819984; 241; Sidewalk; 0.02; null
15; Pedestrian; Interference; Intention; 17.10.2023 17:31:30; 805.2307; -0.09819984; 240.9202; Sidewalk; 0.04; null
15; Pedestrian; Interference; Intention; 17.10.2023 17:31:30; 805.2307; -0.09819984; 240.9202; Sidewalk; 0.04; null
15; Pedestrian; Interference; Intention; 17.10.2023 17:31:30; 805.2307; -0.09819984; 240.9202; Sidewalk; 0.04; null
15; Pedestrian; Interference; Intention; 17.10.2023 17:31:30; 805.2307; -0.09819984; 240.9202; Sidewalk; 0.04; null
15; Pedestrian; Interference; Intention; 17.10.2023 17:31:30; 805.2203; -0.09819996; 240.9195; Sidewalk; 0.3733333; null
15; Pedestrian; Interference; Intention; 17.10.2023 17:31:30; 805.2191; -0.09819996; 240.9194; Sidewalk; 0.4718807; null
15; Pedestrian; Interference; Intention; 17.10.2023 17:31:30; 805.219; -0.09819996; 240.9194; Sidewalk; 0.4930335; null
15; Pedestrian; Interference; Intention; 17.10.2023 17:31:30; 805.219; -0.09819996; 240.9194; Sidewalk; 0.501541; null
15; Pedestrian; Interference; Intention; 17.10.2023 17:31:30; 805.219; -0.09819996; 240.9193; Sidewalk; 0.5218945; null
15; Pedestrian; Interference; Intention; 17.10.2023 17:31:30; 805.2188; -0.09819996; 240.9192; Sidewalk; 0.5442279; null
15; Pedestrian; Interference; Intention; 17.10.2023 17:31:30; 805.2188; -0.09819996; 240.9192; Sidewalk; 0.5667147; null
15; Pedestrian; Interference; Intention; 17.10.2023 17:31:30; 805.2189; -0.09819996; 240.9191; Sidewalk; 0.5886371; null
15; Pedestrian; Interference; Intention; 17.10.2023 17:31:30; 805.2189; -0.09819996; 240.9191; Sidewalk; 0.6002064; null
15; Pedestrian; Interference; Intention; 17.10.2023 17:31:30; 805.2192; -0.09819996; 240.919; Sidewalk; 0.622007; null
15; Pedestrian; Interference; Intention; 17.10.2023 17:31:30; 805.2194; -0.09819996; 240.9189; Sidewalk; 0.6435228; null
15; Pedestrian; Interference; Intention; 17.10.2023 17:31:30; 805.2195; -0.09819996; 240.9189; Sidewalk; 0.6661803; null
15; Pedestrian; Interference; Intention; 17.10.2023 17:31:30; 805.2198; -0.09819996; 240.9187; Sidewalk; 0.6882938; null
15; Pedestrian; Interference; Intention; 17.10.2023 17:31:30; 805.2199; -0.09819996; 240.9187; Sidewalk; 0.699748; null
15; Pedestrian; Interference; Intention; 17.10.2023 17:31:30; 805.22; -0.09819996; 240.9186; Sidewalk; 0.7217128; null
15; Pedestrian; Interference; Intention; 17.10.2023 17:31:30; 805.2202; -0.09819996; 240.9185; Sidewalk; 0.7436525; null
15; Pedestrian; Interference; Intention; 17.10.2023 17:31:30; 805.2204; -0.09819996; 240.9185; Sidewalk; 0.7663755; null
15; Pedestrian; Interference; Intention; 17.10.2023 17:31:30; 805.2204; -0.09819996; 240.9183; Sidewalk; 0.7884077; null
15; Pedestrian; Interference; Intention; 17.10.2023 17:31:30; 805.2205; -0.09819996; 240.9183; Sidewalk; 0.8001793; null
15; Pedestrian; Interference; Intention; 17.10.2023 17:31:30; 805.2206; -0.09819996; 240.918; Sidewalk; 0.8221813; null
15; Pedestrian; Interference; Intention; 17.10.2023 17:31:30; 805.2208; -0.09819996; 240.9178; Sidewalk; 0.8445011; null
15; Pedestrian; Interference; Intention; 17.10.2023 17:31:30; 805.2209; -0.09819996; 240.9175; Sidewalk; 0.8666905; null
15; Pedestrian; Interference; Intention; 17.10.2023 17:31:30; 805.2213; -0.09819996; 240.9171; Sidewalk; 0.8881507; null
15; Pedestrian; Interference; Intention; 17.10.2023 17:31:30; 805.2216; -0.09819996; 240.9168; Sidewalk; 0.899389; null
15; Pedestrian; Interference; Intention; 17.10.2023 17:31:30; 805.2219; -0.09819996; 240.916; Sidewalk; 0.9219286; null
15; Pedestrian; Interference; Intention; 17.10.2023 17:31:31; 805.2226; -0.09819996; 240.9149; Sidewalk; 0.9436363; null
15; Pedestrian; Interference; Intention; 17.10.2023 17:31:31; 805.2233; -0.09819996; 240.9134; Sidewalk; 0.9660676; null
15; Pedestrian; Interference; Intention; 17.10.2023 17:31:31; 805.2238; -0.09819996; 240.9115; Sidewalk; 0.9882801; null
15; Pedestrian; Interference; Intention; 17.10.2023 17:31:31; 805.2242; -0.09819996; 240.9104; Sidewalk; 0.9993936; null
15; Pedestrian; Interference; Intention; 17.10.2023 17:31:31; 805.2247; -0.09819996; 240.9079; Sidewalk; 1.021797; null
15; Pedestrian; Interference; Intention; 17.10.2023 17:31:31; 805.2255; -0.09819996; 240.9051; Sidewalk; 1.043518; null
15; Pedestrian; Interference; Intention; 17.10.2023 17:31:31; 805.2264; -0.09819996; 240.9018; Sidewalk; 1.06609; null
15; Pedestrian; Interference; Intention; 17.10.2023 17:31:31; 805.228; -0.09819996; 240.8979; Sidewalk; 1.088558; null
15; Pedestrian; Interference; Intention; 17.10.2023 17:31:31; 805.2291; -0.09819996; 240.8957; Sidewalk; 1.099731; null
15; Pedestrian; Interference; Intention; 17.10.2023 17:31:31; 805.2314; -0.09819996; 240.8911; Sidewalk; 1.124395; null
15; Pedestrian; Interference; Intention; 17.10.2023 17:31:31; 805.2343; -0.09819996; 240.8861; Sidewalk; 1.146311; null
15; Pedestrian; Interference; Intention; 17.10.2023 17:31:31; 805.2379; -0.09819996; 240.8807; Sidewalk; 1.168776; null
15; Pedestrian; Interference; Intention; 17.10.2023 17:31:31; 805.2399; -0.09819996; 240.878; Sidewalk; 1.179677; null
15; Pedestrian; Interference; Intention; 17.10.2023 17:31:31; 805.2399; -0.09819996; 240.878; Sidewalk; 1.179677; null
15; Pedestrian; Interference; Intention; 17.10.2023 17:31:31; 805.2399; -0.09819996; 240.878; Sidewalk; 1.179677; null
15; Pedestrian; Interference; Intention; 17.10.2023 17:31:31; 805.2531; -0.09819996; 240.8635; Sidewalk; 1.190909; null
15; Pedestrian; Interference; Intention; 17.10.2023 17:31:31; 805.2632; -0.09819996; 240.8547; Sidewalk; 1.266736; null
15; Pedestrian; Interference; Intention; 17.10.2023 17:31:31; 805.2713; -0.09819996; 240.849; Sidewalk; 1.292171; null
15; Pedestrian; Interference; Intention; 17.10.2023 17:31:31; 805.2755; -0.09819996; 240.846; Sidewalk; 1.302782; null
15; Pedestrian; Interference; Intention; 17.10.2023 17:31:31; 805.2845; -0.09819996; 240.8403; Sidewalk; 1.325361; null
15; Pedestrian; Interference; Intention; 17.10.2023 17:31:31; 805.2943; -0.09819996; 240.8348; Sidewalk; 1.347394; null
15; Pedestrian; Interference; Intention; 17.10.2023 17:31:31; 805.3048; -0.09819996; 240.8295; Sidewalk; 1.369045; null
15; Pedestrian; Interference; Intention; 17.10.2023 17:31:31; 805.316; -0.09819996; 240.8245; Sidewalk; 1.391492; null
15; Pedestrian; Interference; Intention; 17.10.2023 17:31:31; 805.3215; -0.09819996; 240.8222; Sidewalk; 1.402602; null
15; Pedestrian; Interference; Intention; 17.10.2023 17:31:31; 805.3325; -0.09819996; 240.8177; Sidewalk; 1.425891; null
15; Pedestrian; Interference; Intention; 17.10.2023 17:31:31; 805.3425; -0.09819996; 240.8138; Sidewalk; 1.445623; null
15; Pedestrian; Interference; Intention; 17.10.2023 17:31:31; 805.3522; -0.09819996; 240.8105; Sidewalk; 1.469047; null
15; Pedestrian; Interference; Intention; 17.10.2023 17:31:31; 805.361; -0.09819996; 240.8077; Sidewalk; 1.49053; null
15; Pedestrian; Interference; Intention; 17.10.2023 17:31:31; 805.3651; -0.09819996; 240.8063; Sidewalk; 1.501867; null
15; Pedestrian; Interference; Intention; 17.10.2023 17:31:31; 805.3724; -0.09819996; 240.8039; Sidewalk; 1.523582; BicycleInterference
15; Pedestrian; Interference; Intention; 17.10.2023 17:31:31; 805.3785; -0.09819996; 240.8021; Sidewalk; 1.546109; BicycleInterference
15; Pedestrian; Interference; Intention; 17.10.2023 17:31:31; 805.3835; -0.09819996; 240.8008; Sidewalk; 1.568547; BicycleInterference
15; Pedestrian; Interference; Intention; 17.10.2023 17:31:31; 805.3876; -0.09819996; 240.7996; Sidewalk; 1.590407; BicycleInterference
15; Pedestrian; Interference; Intention; 17.10.2023 17:31:31; 805.3892; -0.09819996; 240.799; Sidewalk; 1.602032; BicycleInterference
15; Pedestrian; Interference; Intention; 17.10.2023 17:31:31; 805.3918; -0.09819996; 240.7982; Sidewalk; 1.623572; BicycleInterference
15; Pedestrian; Interference; Intention; 17.10.2023 17:31:31; 805.3937; -0.09819996; 240.7975; Sidewalk; 1.64602; BicycleInterference
15; Pedestrian; Interference; Intention; 17.10.2023 17:31:31; 805.3954; -0.09819996; 240.797; Sidewalk; 1.668426; BicycleInterference
15; Pedestrian; Interference; Intention; 17.10.2023 17:31:31; 805.3965; -0.09819996; 240.7966; Sidewalk; 1.690406; BicycleInterference
15; Pedestrian; Interference; Intention; 17.10.2023 17:31:31; 805.3969; -0.09819996; 240.7966; Sidewalk; 1.702369; BicycleInterference
15; Pedestrian; Interference; Intention; 17.10.2023 17:31:31; 805.3978; -0.09819996; 240.7961; Sidewalk; 1.723597; BicycleInterference
15; Pedestrian; Interference; Intention; 17.10.2023 17:31:31; 805.3985; -0.09819996; 240.7959; Sidewalk; 1.74592; BicycleInterference
15; Pedestrian; Interference; Intention; 17.10.2023 17:31:31; 805.3987; -0.09819996; 240.7958; Sidewalk; 1.768773; BicycleInterference
15; Pedestrian; Interference; Intention; 17.10.2023 17:31:31; 805.3989; -0.09819996; 240.7959; Sidewalk; 1.790092; BicycleInterference
15; Pedestrian; Interference; Intention; 17.10.2023 17:31:31; 805.3987; -0.09819996; 240.796; Sidewalk; 1.802174; BicycleInterference
15; Pedestrian; Interference; Intention; 17.10.2023 17:31:31; 805.3986; -0.09819996; 240.7961; Sidewalk; 1.823744; BicycleInterference
15; Pedestrian; Interference; Intention; 17.10.2023 17:31:31; 805.3982; -0.09819996; 240.7964; Sidewalk; 1.846053; BicycleInterference
15; Pedestrian; Interference; Intention; 17.10.2023 17:31:31; 805.3975; -0.09819996; 240.7967; Sidewalk; 1.868616; BicycleInterference
15; Pedestrian; Interference; Intention; 17.10.2023 17:31:31; 805.3969; -0.09819996; 240.797; Sidewalk; 1.890358; BicycleInterference
15; Pedestrian; Interference; Intention; 17.10.2023 17:31:31; 805.3968; -0.09819996; 240.797; Sidewalk; 1.902006; BicycleInterference
15; Pedestrian; Interference; Intention; 17.10.2023 17:31:31; 805.3962; -0.09819996; 240.7973; Sidewalk; 1.923764; BicycleInterference
15; Pedestrian; Interference; Intention; 17.10.2023 17:31:32; 805.3956; -0.09819996; 240.7975; Sidewalk; 1.945735; BicycleInterference
15; Pedestrian; Interference; Intention; 17.10.2023 17:31:32; 805.3951; -0.09819996; 240.7977; Sidewalk; 1.968465; BicycleInterference
15; Pedestrian; Interference; Intention; 17.10.2023 17:31:32; 805.3945; -0.09819996; 240.7979; Sidewalk; 1.990358; BicycleInterference
15; Pedestrian; Interference; Intention; 17.10.2023 17:31:32; 805.3942; -0.09819996; 240.7979; Sidewalk; 2.002039; BicycleInterference
15; Pedestrian; Interference; Intention; 17.10.2023 17:31:32; 805.394; -0.09819996; 240.798; Sidewalk; 2.02378; BicycleInterference
15; Pedestrian; Interference; Intention; 17.10.2023 17:31:32; 805.3939; -0.09819996; 240.7979; Sidewalk; 2.046074; BicycleInterference
15; Pedestrian; Interference; Intention; 17.10.2023 17:31:32; 805.394; -0.09819996; 240.7978; Sidewalk; 2.068227; BicycleInterference
15; Pedestrian; Interference; Intention; 17.10.2023 17:31:32; 805.3941; -0.09819996; 240.7977; Sidewalk; 2.091157; BicycleInterference
15; Pedestrian; Interference; Intention; 17.10.2023 17:31:32; 805.3944; -0.09819996; 240.7977; Sidewalk; 2.101942; BicycleInterference
15; Pedestrian; Interference; Intention; 17.10.2023 17:31:32; 805.3945; -0.09819996; 240.7976; Sidewalk; 2.123974; BicycleInterference
15; Pedestrian; Interference; Intention; 17.10.2023 17:31:32; 805.3945; -0.09819996; 240.7974; Sidewalk; 2.146611; BicycleInterference
15; Pedestrian; Interference; Intention; 17.10.2023 17:31:32; 805.3947; -0.09819996; 240.7973; Sidewalk; 2.168965; BicycleInterference
15; Pedestrian; Interference; Intention; 17.10.2023 17:31:32; 805.3949; -0.09819996; 240.797; Sidewalk; 2.192454; null
15; Pedestrian; Interference; Intention; 17.10.2023 17:31:32; 805.395; -0.09819996; 240.7968; Sidewalk; 2.202056; null
15; Pedestrian; Interference; Intention; 17.10.2023 17:31:32; 805.3958; -0.09819996; 240.7964; Sidewalk; 2.223391; Checking Box AICar
15; Pedestrian; Interference; Intention; 17.10.2023 17:31:32; 805.3965; -0.09819996; 240.7961; Sidewalk; 2.245422; Checking Box AICar
15; Pedestrian; Interference; Intention; 17.10.2023 17:31:32; 805.3969; -0.09819996; 240.7957; Sidewalk; 2.267889; Checking Box AICar
15; Pedestrian; Interference; Intention; 17.10.2023 17:31:32; 805.3975; -0.09819996; 240.7952; Sidewalk; 2.290099; Checking Box AICar
15; Pedestrian; Interference; Intention; 17.10.2023 17:31:32; 805.3973; -0.09819996; 240.795; Sidewalk; 2.301365; Checking Box AICar
15; Pedestrian; Interference; Intention; 17.10.2023 17:31:32; 805.3984; -0.09819996; 240.7946; Sidewalk; 2.323152; Checking Box AICar
15; Pedestrian; Interference; Intention; 17.10.2023 17:31:32; 805.399; -0.09819996; 240.7941; Sidewalk; 2.345328; Checking Box AICar
15; Pedestrian; Interference; Intention; 17.10.2023 17:31:32; 805.3996; -0.09819996; 240.7937; Sidewalk; 2.368043; Checking Box AICar
15; Pedestrian; Interference; Intention; 17.10.2023 17:31:32; 805.3998; -0.09819996; 240.7932; Sidewalk; 2.39098; Checking Box AICar
15; Pedestrian; Interference; Intention; 17.10.2023 17:31:32; 805.3999; -0.09819996; 240.793; Sidewalk; 2.401613; Checking Box AICar
15; Pedestrian; Interference; Intention; 17.10.2023 17:31:32; 805.4002; -0.09819996; 240.7926; Sidewalk; 2.423118; Checking Box AICar
15; Pedestrian; Interference; Intention; 17.10.2023 17:31:32; 805.4012; -0.09819996; 240.7922; Sidewalk; 2.446212; Checking Box AICar
15; Pedestrian; Interference; Intention; 17.10.2023 17:31:32; 805.4023; -0.09819996; 240.7919; Sidewalk; 2.467636; Checking Box AICar
15; Pedestrian; Interference; Intention; 17.10.2023 17:31:32; 805.4031; -0.09819996; 240.7915; Sidewalk; 2.489877; Checking Box AICar
15; Pedestrian; Interference; Intention; 17.10.2023 17:31:32; 805.4026; -0.09819996; 240.7914; Sidewalk; 2.501162; Checking Box AICar
15; Pedestrian; Interference; Intention; 17.10.2023 17:31:32; 805.4039; -0.09819996; 240.7911; Sidewalk; 2.523292; Checking Box AICar
15; Pedestrian; Interference; Intention; 17.10.2023 17:31:32; 805.4044; -0.09819996; 240.7908; Sidewalk; 2.545573; Checking Box AICar
15; Pedestrian; Interference; Intention; 17.10.2023 17:31:32; 805.4055; -0.09819996; 240.7906; Sidewalk; 2.568453; Checking Box AICar
15; Pedestrian; Interference; Intention; 17.10.2023 17:31:32; 805.4055; -0.09819996; 240.7904; Sidewalk; 2.590797; Checking Box AICar
15; Pedestrian; Interference; Intention; 17.10.2023 17:31:32; 805.4049; -0.09819996; 240.7903; Sidewalk; 2.601912; Checking Box AICar
15; Pedestrian; Interference; Intention; 17.10.2023 17:31:32; 805.405; -0.09819996; 240.7901; Sidewalk; 2.624902; Checking Box AICar
15; Pedestrian; Interference; Intention; 17.10.2023 17:31:32; 805.4263; -0.09819996; 240.7924; Sidewalk; 2.645877; Checking Box AICar
15; Pedestrian; Interference; Intention; 17.10.2023 17:31:32; 805.4263; -0.09819996; 240.7925; Sidewalk; 2.668925; Checking Box AICar
15; Pedestrian; Interference; Intention; 17.10.2023 17:31:32; 805.4267; -0.09819996; 240.7924; Sidewalk; 2.692723; Checking Box AICar
15; Pedestrian; Interference; Intention; 17.10.2023 17:31:32; 805.4268; -0.09819996; 240.7923; Sidewalk; 2.702065; Checking Box AICar
15; Pedestrian; Interference; Intention; 17.10.2023 17:31:32; 805.4268; -0.09819996; 240.7924; Sidewalk; 2.72237; Checking Box AICar
15; Pedestrian; Interference; Intention; 17.10.2023 17:31:32; 805.4269; -0.09819996; 240.7924; Sidewalk; 2.745309; null
15; Pedestrian; Interference; Intention; 17.10.2023 17:31:32; 805.4263; -0.09819996; 240.7925; Sidewalk; 2.766652; null
15; Pedestrian; Interference; Intention; 17.10.2023 17:31:32; 805.4261; -0.09819996; 240.7925; Sidewalk; 2.788869; null
15; Pedestrian; Interference; Intention; 17.10.2023 17:31:32; 805.4261; -0.09819996; 240.7925; Sidewalk; 2.8002; null
15; Pedestrian; Interference; Intention; 17.10.2023 17:31:32; 805.4256; -0.09819996; 240.7925; Sidewalk; 2.822278; null
15; Pedestrian; Interference; Intention; 17.10.2023 17:31:32; 805.4255; -0.09819996; 240.7926; Sidewalk; 2.844291; null
15; Pedestrian; Interference; Intention; 17.10.2023 17:31:32; 805.4252; -0.09819996; 240.7926; Sidewalk; 2.867267; null
15; Pedestrian; Interference; Intention; 17.10.2023 17:31:32; 805.425; -0.09819996; 240.7926; Sidewalk; 2.889022; null
15; Pedestrian; Interference; Intention; 17.10.2023 17:31:32; 805.4249; -0.09819996; 240.7925; Sidewalk; 2.901292; null
15; Pedestrian; Interference; Intention; 17.10.2023 17:31:32; 805.4247; -0.09819996; 240.7925; Sidewalk; 2.922206; null
15; Pedestrian; Interference; Intention; 17.10.2023 17:31:33; 805.4242; -0.09819996; 240.7925; Sidewalk; 2.944181; null
15; Pedestrian; Interference; Intention; 17.10.2023 17:31:33; 805.4238; -0.09819996; 240.7924; Sidewalk; 2.966866; null
15; Pedestrian; Interference; Intention; 17.10.2023 17:31:33; 805.4233; -0.09819996; 240.7923; Sidewalk; 2.98867; null
15; Pedestrian; Interference; Intention; 17.10.2023 17:31:33; 805.4229; -0.09819996; 240.7923; Sidewalk; 2.99992; null
15; Pedestrian; Interference; Intention; 17.10.2023 17:31:33; 805.4225; -0.09819996; 240.7923; Sidewalk; 3.022294; null
15; Pedestrian; Interference; Intention; 17.10.2023 17:31:33; 805.4219; -0.09819996; 240.7923; Sidewalk; 3.044189; null
15; Pedestrian; Interference; Intention; 17.10.2023 17:31:33; 805.4212; -0.09819996; 240.7923; Sidewalk; 3.067868; null
15; Pedestrian; Interference; Intention; 17.10.2023 17:31:33; 805.4205; -0.09819996; 240.7923; Sidewalk; 3.089836; null
15; Pedestrian; Interference; Intention; 17.10.2023 17:31:33; 805.4191; -0.09819996; 240.7923; Sidewalk; 3.101126; null
15; Pedestrian; Interference; Intention; 17.10.2023 17:31:33; 805.4183; -0.09819996; 240.7922; Sidewalk; 3.123229; null
15; Pedestrian; Interference; Intention; 17.10.2023 17:31:33; 805.4175; -0.09819996; 240.7922; Sidewalk; 3.145578; null
15; Pedestrian; Interference; Intention; 17.10.2023 17:31:33; 805.4167; -0.09819996; 240.7922; Sidewalk; 3.167901; null
15; Pedestrian; Interference; Intention; 17.10.2023 17:31:33; 805.416; -0.09819996; 240.7921; Sidewalk; 3.189864; null
15; Pedestrian; Interference; Intention; 17.10.2023 17:31:33; 805.4157; -0.09819996; 240.7922; Sidewalk; 3.201727; null
15; Pedestrian; Interference; Intention; 17.10.2023 17:31:33; 805.415; -0.09819996; 240.7921; Sidewalk; 3.223297; null
15; Pedestrian; Interference; Intention; 17.10.2023 17:31:33; 805.4141; -0.09819996; 240.7921; Sidewalk; 3.245557; null
15; Pedestrian; Interference; Intention; 17.10.2023 17:31:33; 805.4131; -0.09819996; 240.792; Sidewalk; 3.268499; null
15; Pedestrian; Interference; Intention; 17.10.2023 17:31:33; 805.4126; -0.09819996; 240.7921; Sidewalk; 3.289834; null
15; Pedestrian; Interference; Intention; 17.10.2023 17:31:33; 805.4122; -0.09819996; 240.7921; Sidewalk; 3.301324; null
15; Pedestrian; Interference; Intention; 17.10.2023 17:31:33; 805.4112; -0.09819996; 240.7921; Sidewalk; 3.323696; null
15; Pedestrian; Interference; Intention; 17.10.2023 17:31:33; 805.4103; -0.09819996; 240.7921; Sidewalk; 3.345445; null
15; Pedestrian; Interference; Intention; 17.10.2023 17:31:33; 805.4094; -0.09819996; 240.7921; Sidewalk; 3.368971; null
15; Pedestrian; Interference; Intention; 17.10.2023 17:31:33; 805.4085; -0.09819996; 240.7921; Sidewalk; 3.390781; null
15; Pedestrian; Interference; Intention; 17.10.2023 17:31:33; 805.4081; -0.09819996; 240.7921; Sidewalk; 3.401878; null
15; Pedestrian; Interference; Intention; 17.10.2023 17:31:33; 805.4072; -0.09819996; 240.7921; Sidewalk; 3.423815; null
15; Pedestrian; Interference; Intention; 17.10.2023 17:31:33; 805.4064; -0.09819996; 240.7921; Sidewalk; 3.445674; null
15; Pedestrian; Interference; Intention; 17.10.2023 17:31:33; 805.4053; -0.09819996; 240.792; Sidewalk; 3.470271; null
15; Pedestrian; Interference; Intention; 17.10.2023 17:31:33; 805.4043; -0.09819996; 240.792; Sidewalk; 3.489997; null
15; Pedestrian; Interference; Intention; 17.10.2023 17:31:33; 805.4039; -0.09819996; 240.792; Sidewalk; 3.499883; null
15; Pedestrian; Interference; Intention; 17.10.2023 17:31:33; 805.403; -0.09819996; 240.7919; Sidewalk; 3.522885; null
15; Pedestrian; Interference; Intention; 17.10.2023 17:31:33; 805.4022; -0.09819996; 240.7918; Sidewalk; 3.543998; null
15; Pedestrian; Interference; Intention; 17.10.2023 17:31:33; 805.4013; -0.09819996; 240.7918; Sidewalk; 3.566447; null
15; Pedestrian; Interference; Intention; 17.10.2023 17:31:33; 805.4003; -0.09819996; 240.7919; Sidewalk; 3.588594; null
15; Pedestrian; Interference; Intention; 17.10.2023 17:31:33; 805.4; -0.09819996; 240.7919; Sidewalk; 3.599693; null
15; Pedestrian; Interference; Intention; 17.10.2023 17:31:33; 805.3993; -0.09819996; 240.7918; Sidewalk; 3.621974; null
15; Pedestrian; Interference; Intention; 17.10.2023 17:31:33; 805.3986; -0.09819996; 240.7918; Sidewalk; 3.643834; null
15; Pedestrian; Interference; Intention; 17.10.2023 17:31:33; 805.3979; -0.09819996; 240.7918; Sidewalk; 3.666695; null
15; Pedestrian; Interference; Intention; 17.10.2023 17:31:33; 805.3973; -0.09819996; 240.7917; Sidewalk; 3.68842; null
15; Pedestrian; Interference; Intention; 17.10.2023 17:31:33; 805.397; -0.09819996; 240.7917; Sidewalk; 3.699697; null
15; Pedestrian; Interference; Intention; 17.10.2023 17:31:33; 805.3966; -0.09819996; 240.7917; Sidewalk; 3.722583; null
15; Pedestrian; Interference; Intention; 17.10.2023 17:31:33; 805.3962; -0.09819996; 240.7917; Sidewalk; 3.744906; null
15; Pedestrian; Interference; Intention; 17.10.2023 17:31:33; 805.3959; -0.09819996; 240.7917; Sidewalk; 3.766285; null
15; Pedestrian; Interference; Intention; 17.10.2023 17:31:33; 805.3957; -0.09819996; 240.7917; Sidewalk; 3.789447; null
15; Pedestrian; Interference; Intention; 17.10.2023 17:31:33; 805.3957; -0.09819996; 240.7917; Sidewalk; 3.800042; null
15; Pedestrian; Interference; Intention; 17.10.2023 17:31:33; 805.3957; -0.09819996; 240.7915; Sidewalk; 3.821698; null
15; Pedestrian; Interference; Intention; 17.10.2023 17:31:33; 805.3958; -0.09819996; 240.7915; Sidewalk; 3.844291; null
15; Pedestrian; Interference; Intention; 17.10.2023 17:31:33; 805.3961; -0.09819996; 240.7915; Sidewalk; 3.866858; null
15; Pedestrian; Interference; Intention; 17.10.2023 17:31:33; 805.3963; -0.09819996; 240.7914; Sidewalk; 3.889603; null
15; Pedestrian; Interference; Intention; 17.10.2023 17:31:33; 805.3964; -0.09819996; 240.7913; Sidewalk; 3.901335; Checking Box AICar
15; Pedestrian; Interference; Intention; 17.10.2023 17:31:33; 805.3965; -0.09819996; 240.7912; Sidewalk; 3.922331; Checking Box AICar
15; Pedestrian; Interference; Intention; 17.10.2023 17:31:34; 805.3968; -0.09819996; 240.7912; Sidewalk; 3.944559; Checking Box AICar
15; Pedestrian; Interference; Intention; 17.10.2023 17:31:34; 805.3971; -0.09819996; 240.7912; Sidewalk; 3.967372; Checking Box AICar
15; Pedestrian; Interference; Intention; 17.10.2023 17:31:34; 805.3972; -0.09819996; 240.7911; Sidewalk; 3.989279; Checking Box AICar
15; Pedestrian; Interference; Intention; 17.10.2023 17:31:34; 805.3973; -0.09819996; 240.7911; Sidewalk; 4.001068; Checking Box AICar
15; Pedestrian; Interference; Intention; 17.10.2023 17:31:34; 805.3976; -0.09819996; 240.791; Sidewalk; 4.022476; Checking Box AICar
15; Pedestrian; Interference; Intention; 17.10.2023 17:31:34; 805.3978; -0.09819996; 240.791; Sidewalk; 4.04548; Checking Box AICar
15; Pedestrian; Interference; Intention; 17.10.2023 17:31:34; 805.3984; -0.09819996; 240.7909; Sidewalk; 4.07052; Checking Box AICar
15; Pedestrian; Interference; Intention; 17.10.2023 17:31:34; 805.3989; -0.09819996; 240.7908; Sidewalk; 4.088189; Checking Box AICar
15; Pedestrian; Interference; Intention; 17.10.2023 17:31:34; 805.3992; -0.09819996; 240.7908; Sidewalk; 4.098711; Checking Box AICar
15; Pedestrian; Interference; Intention; 17.10.2023 17:31:34; 805.3978; -0.09819996; 240.7905; Sidewalk; 4.121982; Checking Box AICar
15; Pedestrian; Interference; Intention; 17.10.2023 17:31:34; 805.398; -0.09819996; 240.7905; Sidewalk; 4.142717; Checking Box AICar
15; Pedestrian; Interference; Intention; 17.10.2023 17:31:34; 805.3984; -0.09819996; 240.7904; Sidewalk; 4.165017; Checking Box AICar
15; Pedestrian; Interference; Intention; 17.10.2023 17:31:34; 805.3986; -0.09819996; 240.7904; Sidewalk; 4.187792; Checking Box AICar
15; Pedestrian; Interference; Intention; 17.10.2023 17:31:34; 805.3987; -0.09819996; 240.7904; Sidewalk; 4.198694; Checking Box AICar
15; Pedestrian; Interference; Intention; 17.10.2023 17:31:34; 805.3991; -0.09819996; 240.7905; Sidewalk; 4.221139; Checking Box AICar
15; Pedestrian; Interference; Intention; 17.10.2023 17:31:34; 805.3992; -0.09819996; 240.7905; Sidewalk; 4.243329; Checking Box AICar
15; Pedestrian; Interference; Intention; 17.10.2023 17:31:34; 805.3994; -0.09819996; 240.7905; Sidewalk; 4.264783; Checking Box AICar
15; Pedestrian; Interference; Intention; 17.10.2023 17:31:34; 805.3995; -0.09819996; 240.7905; Sidewalk; 4.28798; Checking Box AICar
15; Pedestrian; Interference; Intention; 17.10.2023 17:31:34; 805.3996; -0.09819996; 240.7904; Sidewalk; 4.298671; Checking Box AICar
15; Pedestrian; Interference; Intention; 17.10.2023 17:31:34; 805.3997; -0.09819996; 240.7904; Sidewalk; 4.321476; Checking Box AICar
15; Pedestrian; Interference; Intention; 17.10.2023 17:31:34; 805.3998; -0.09819996; 240.7903; Sidewalk; 4.342457; Checking Box AICar
15; Pedestrian; Interference; Intention; 17.10.2023 17:31:34; 805.3998; -0.09819996; 240.7902; Sidewalk; 4.364799; Checking Box AICar
15; Pedestrian; Interference; Intention; 17.10.2023 17:31:34; 805.4001; -0.09819996; 240.7902; Sidewalk; 4.387742; Checking Box AICar
15; Pedestrian; Interference; Intention; 17.10.2023 17:31:34; 805.4001; -0.09819996; 240.7901; Sidewalk; 4.398652; Checking Box AICar
15; Pedestrian; Interference; Intention; 17.10.2023 17:31:34; 805.4002; -0.09819996; 240.79; Sidewalk; 4.420955; Checking Box AICar
15; Pedestrian; Interference; Intention; 17.10.2023 17:31:34; 805.4003; -0.09819996; 240.7899; Sidewalk; 4.443456; Checking Box AICar
15; Pedestrian; Interference; Intention; 17.10.2023 17:31:34; 805.4003; -0.09819996; 240.7899; Sidewalk; 4.466717; Checking Box AICar
15; Pedestrian; Interference; Intention; 17.10.2023 17:31:34; 805.4005; -0.09819996; 240.7899; Sidewalk; 4.488823; Checking Box AICar
15; Pedestrian; Interference; Intention; 17.10.2023 17:31:34; 805.4006; -0.09819996; 240.7899; Sidewalk; 4.500358; Checking Box AICar
15; Pedestrian; Interference; Intention; 17.10.2023 17:31:34; 805.4006; -0.09819996; 240.7898; Sidewalk; 4.522973; Checking Box AICar
15; Pedestrian; Interference; Intention; 17.10.2023 17:31:34; 805.4006; -0.09819996; 240.7899; Sidewalk; 4.544785; Checking Box AICar
15; Pedestrian; Interference; Intention; 17.10.2023 17:31:34; 805.4007; -0.09819996; 240.7898; Sidewalk; 4.56715; Checking Box AICar
15; Pedestrian; Interference; Intention; 17.10.2023 17:31:34; 805.4007; -0.09819996; 240.7897; Sidewalk; 4.589161; Checking Box AICar
15; Pedestrian; Interference; Intention; 17.10.2023 17:31:34; 805.4008; -0.09819996; 240.7897; Sidewalk; 4.600486; Checking Box AICar
15; Pedestrian; Interference; Intention; 17.10.2023 17:31:34; 805.4009; -0.09819996; 240.7895; Sidewalk; 4.622525; Checking Box AICar
15; Pedestrian; Interference; Intention; 17.10.2023 17:31:34; 805.4011; -0.09819996; 240.7894; Sidewalk; 4.644575; null
15; Pedestrian; Interference; Intention; 17.10.2023 17:31:34; 805.4013; -0.09819996; 240.7892; Sidewalk; 4.667135; null
15; Pedestrian; Interference; Intention; 17.10.2023 17:31:34; 805.4025; -0.09819996; 240.7892; Sidewalk; 4.689625; null
15; Pedestrian; Interference; Intention; 17.10.2023 17:31:34; 805.4028; -0.09819996; 240.7891; Sidewalk; 4.700946; null
15; Pedestrian; Interference; Intention; 17.10.2023 17:31:34; 805.4031; -0.09819996; 240.7889; Sidewalk; 4.723333; null
15; Pedestrian; Interference; Intention; 17.10.2023 17:31:34; 805.4041; -0.09819996; 240.7888; Sidewalk; 4.744663; null
15; Pedestrian; Interference; Intention; 17.10.2023 17:31:34; 805.4042; -0.09819996; 240.7887; Sidewalk; 4.766815; null
15; Pedestrian; Interference; Intention; 17.10.2023 17:31:34; 805.4044; -0.09819996; 240.7886; Sidewalk; 4.789402; null
15; Pedestrian; Interference; Intention; 17.10.2023 17:31:34; 805.4047; -0.09819996; 240.7885; Sidewalk; 4.800367; null
15; Pedestrian; Interference; Intention; 17.10.2023 17:31:34; 805.4048; -0.09819996; 240.7884; Sidewalk; 4.822874; null
15; Pedestrian; Interference; Intention; 17.10.2023 17:31:34; 805.4048; -0.09819996; 240.7883; Sidewalk; 4.845243; null
15; Pedestrian; Interference; Intention; 17.10.2023 17:31:34; 805.4047; -0.09819996; 240.7882; Sidewalk; 4.866637; null
15; Pedestrian; Interference; Intention; 17.10.2023 17:31:34; 805.4047; -0.09819996; 240.7881; Sidewalk; 4.889141; null
15; Pedestrian; Interference; Intention; 17.10.2023 17:31:34; 805.4046; -0.09819996; 240.7881; Sidewalk; 4.900364; null
15; Pedestrian; Interference; Intention; 17.10.2023 17:31:34; 805.4046; -0.09819996; 240.7881; Sidewalk; 4.922908; null
15; Pedestrian; Interference; Intention; 17.10.2023 17:31:35; 805.4045; -0.09819996; 240.7879; Sidewalk; 4.944954; null
15; Pedestrian; Interference; Intention; 17.10.2023 17:31:35; 805.4045; -0.09819996; 240.7879; Sidewalk; 4.966983; null
15; Pedestrian; Interference; Intention; 17.10.2023 17:31:35; 805.4045; -0.09819996; 240.7879; Sidewalk; 4.99102; null
15; Pedestrian; Interference; Intention; 17.10.2023 17:31:35; 805.4045; -0.09819996; 240.7878; Sidewalk; 5.001078; null
15; Pedestrian; Interference; Intention; 17.10.2023 17:31:35; 805.4045; -0.09819996; 240.7878; Sidewalk; 5.023112; null
15; Pedestrian; Interference; Intention; 17.10.2023 17:31:35; 805.4033; -0.09819996; 240.7878; Sidewalk; 5.044071; null
15; Pedestrian; Interference; Intention; 17.10.2023 17:31:35; 805.4032; -0.09819996; 240.7877; Sidewalk; 5.067543; null
15; Pedestrian; Interference; Intention; 17.10.2023 17:31:35; 805.4031; -0.09819996; 240.7878; Sidewalk; 5.089096; null
15; Pedestrian; Interference; Intention; 17.10.2023 17:31:35; 805.403; -0.09819996; 240.7877; Sidewalk; 5.099834; null
15; Pedestrian; Interference; Intention; 17.10.2023 17:31:35; 805.4026; -0.09819996; 240.7877; Sidewalk; 5.122637; null
15; Pedestrian; Interference; Intention; 17.10.2023 17:31:35; 805.4024; -0.09819996; 240.7878; Sidewalk; 5.144259; null
15; Pedestrian; Interference; Intention; 17.10.2023 17:31:35; 805.402; -0.09819996; 240.7878; Sidewalk; 5.166388; null
15; Pedestrian; Interference; Intention; 17.10.2023 17:31:35; 805.4014; -0.09819996; 240.7878; Sidewalk; 5.189034; null
15; Pedestrian; Interference; Intention; 17.10.2023 17:31:35; 805.4012; -0.09819996; 240.788; Sidewalk; 5.200468; null
15; Pedestrian; Interference; Intention; 17.10.2023 17:31:35; 805.4004; -0.09819996; 240.7881; Sidewalk; 5.223141; null
15; Pedestrian; Interference; Intention; 17.10.2023 17:31:35; 805.3995; -0.09819996; 240.7881; Sidewalk; 5.244172; null
15; Pedestrian; Interference; Intention; 17.10.2023 17:31:35; 805.3989; -0.09819996; 240.7882; Sidewalk; 5.266562; null
15; Pedestrian; Interference; Intention; 17.10.2023 17:31:35; 805.3986; -0.09819996; 240.7882; Sidewalk; 5.288864; null
15; Pedestrian; Interference; Intention; 17.10.2023 17:31:35; 805.3985; -0.09819996; 240.7882; Sidewalk; 5.299685; null
15; Pedestrian; Interference; Intention; 17.10.2023 17:31:35; 805.3986; -0.09819996; 240.7881; Sidewalk; 5.322196; null
15; Pedestrian; Interference; Intention; 17.10.2023 17:31:35; 805.399; -0.09819996; 240.788; Sidewalk; 5.344809; null
15; Pedestrian; Interference; Intention; 17.10.2023 17:31:35; 805.3997; -0.09819996; 240.7878; Sidewalk; 5.36669; null
15; Pedestrian; Interference; Intention; 17.10.2023 17:31:35; 805.4003; -0.09819996; 240.7877; Sidewalk; 5.388955; null
15; Pedestrian; Interference; Intention; 17.10.2023 17:31:35; 805.4006; -0.09819996; 240.7876; Sidewalk; 5.400484; null
15; Pedestrian; Interference; Intention; 17.10.2023 17:31:35; 805.4013; -0.09819996; 240.7874; Sidewalk; 5.422386; null
15; Pedestrian; Interference; Intention; 17.10.2023 17:31:35; 805.402; -0.09819996; 240.7871; Sidewalk; 5.445004; null
15; Pedestrian; Interference; Intention; 17.10.2023 17:31:35; 805.4025; -0.09819996; 240.787; Sidewalk; 5.466738; null
15; Pedestrian; Interference; Intention; 17.10.2023 17:31:35; 805.4029; -0.09819996; 240.7869; Sidewalk; 5.489246; null
15; Pedestrian; Interference; Intention; 17.10.2023 17:31:35; 805.4033; -0.09819996; 240.7869; Sidewalk; 5.500219; null
15; Pedestrian; Interference; Intention; 17.10.2023 17:31:35; 805.4037; -0.09819996; 240.7867; Sidewalk; 5.523007; null
15; Pedestrian; Interference; Intention; 17.10.2023 17:31:35; 805.404; -0.09819996; 240.7865; Sidewalk; 5.544248; null
15; Pedestrian; Interference; Intention; 17.10.2023 17:31:35; 805.4042; -0.09819996; 240.7864; Sidewalk; 5.566505; null
15; Pedestrian; Interference; Intention; 17.10.2023 17:31:35; 805.4045; -0.09819996; 240.7863; Sidewalk; 5.589385; null
15; Pedestrian; Interference; Intention; 17.10.2023 17:31:35; 805.4046; -0.09819996; 240.7863; Sidewalk; 5.600316; null
15; Pedestrian; Interference; Intention; 17.10.2023 17:31:35; 805.4047; -0.09819996; 240.7863; Sidewalk; 5.622759; null
15; Pedestrian; Interference; Intention; 17.10.2023 17:31:35; 805.4047; -0.09819996; 240.7864; Sidewalk; 5.645664; null
15; Pedestrian; Interference; Intention; 17.10.2023 17:31:35; 805.4047; -0.09819996; 240.7864; Sidewalk; 5.676966; null
15; Pedestrian; Interference; Intention; 17.10.2023 17:31:35; 805.4045; -0.09819996; 240.7863; Sidewalk; 5.695174; null
15; Pedestrian; Interference; Intention; 17.10.2023 17:31:35; 805.4044; -0.09819996; 240.7863; Sidewalk; 5.703488; null
15; Pedestrian; Interference; Intention; 17.10.2023 17:31:35; 805.4042; -0.09819996; 240.7864; Sidewalk; 5.722355; null
15; Pedestrian; Interference; Intention; 17.10.2023 17:31:35; 805.4041; -0.09819996; 240.7865; Sidewalk; 5.754365; null
15; Pedestrian; Interference; Intention; 17.10.2023 17:31:35; 805.4044; -0.09819996; 240.7865; Sidewalk; 5.776138; null
15; Pedestrian; Interference; Intention; 17.10.2023 17:31:35; 805.4046; -0.09819996; 240.7865; Sidewalk; 5.79787; null
15; Pedestrian; Interference; Intention; 17.10.2023 17:31:35; 805.4046; -0.09819996; 240.7865; Sidewalk; 5.79787; null
15; Pedestrian; Interference; Intention; 17.10.2023 17:31:35; 805.405; -0.09819996; 240.7864; Sidewalk; 5.830915; null
15; Pedestrian; Interference; Intention; 17.10.2023 17:31:35; 805.405; -0.09819996; 240.7865; Sidewalk; 5.84195; null
15; Pedestrian; Interference; Intention; 17.10.2023 17:31:35; 805.4053; -0.09819996; 240.7865; Sidewalk; 5.865067; null
15; Pedestrian; Interference; Intention; 17.10.2023 17:31:35; 805.4054; -0.09819996; 240.7866; Sidewalk; 5.886786; null
15; Pedestrian; Interference; Intention; 17.10.2023 17:31:35; 805.4054; -0.09819996; 240.7866; Sidewalk; 5.897984; null
15; Pedestrian; Interference; Intention; 17.10.2023 17:31:35; 805.4053; -0.09819996; 240.7868; Sidewalk; 5.923678; null
15; Pedestrian; Interference; Intention; 17.10.2023 17:31:36; 805.4049; -0.09819996; 240.787; Sidewalk; 5.954398; null
15; Pedestrian; Interference; Intention; 17.10.2023 17:31:36; 805.4047; -0.09819996; 240.7872; Sidewalk; 5.976239; null
15; Pedestrian; Interference; Intention; 17.10.2023 17:31:36; 805.4044; -0.09819996; 240.7873; Sidewalk; 5.997756; null
15; Pedestrian; Interference; Intention; 17.10.2023 17:31:36; 805.4044; -0.09819996; 240.7873; Sidewalk; 5.997756; null
15; Pedestrian; Interference; Intention; 17.10.2023 17:31:36; 805.4039; -0.09819996; 240.7874; Sidewalk; 6.031135; null
15; Pedestrian; Interference; Intention; 17.10.2023 17:31:36; 805.4034; -0.09819996; 240.7875; Sidewalk; 6.053242; null
15; Pedestrian; Interference; Intention; 17.10.2023 17:31:36; 805.4034; -0.09819996; 240.7875; Sidewalk; 6.064193; null
15; Pedestrian; Interference; Intention; 17.10.2023 17:31:36; 805.4034; -0.09819996; 240.7876; Sidewalk; 6.086836; null
15; Pedestrian; Interference; Intention; 17.10.2023 17:31:36; 805.4036; -0.09819996; 240.7876; Sidewalk; 6.097658; null
15; Pedestrian; Interference; Intention; 17.10.2023 17:31:36; 805.4038; -0.09819996; 240.7877; Sidewalk; 6.131023; null
15; Pedestrian; Interference; Intention; 17.10.2023 17:31:36; 805.4038; -0.09819996; 240.7877; Sidewalk; 6.153799; null
15; Pedestrian; Interference; Intention; 17.10.2023 17:31:36; 805.4039; -0.09819996; 240.7876; Sidewalk; 6.175441; null
15; Pedestrian; Interference; Intention; 17.10.2023 17:31:36; 805.4039; -0.09819996; 240.7876; Sidewalk; 6.197688; null
15; Pedestrian; Interference; Intention; 17.10.2023 17:31:36; 805.4039; -0.09819996; 240.7876; Sidewalk; 6.197688; null
15; Pedestrian; Interference; Intention; 17.10.2023 17:31:36; 805.4043; -0.09819996; 240.7875; Sidewalk; 6.23164; null
15; Pedestrian; Interference; Intention; 17.10.2023 17:31:36; 805.4044; -0.09819996; 240.7876; Sidewalk; 6.253123; null
15; Pedestrian; Interference; Intention; 17.10.2023 17:31:36; 805.4045; -0.09819996; 240.7876; Sidewalk; 6.264124; null
15; Pedestrian; Interference; Intention; 17.10.2023 17:31:36; 805.4048; -0.09819996; 240.7876; Sidewalk; 6.297809; null
15; Pedestrian; Interference; Intention; 17.10.2023 17:31:36; 805.4049; -0.09819996; 240.7876; Sidewalk; 6.308818; null
15; Pedestrian; Interference; Intention; 17.10.2023 17:31:36; 805.4049; -0.09819996; 240.7876; Sidewalk; 6.330667; null
15; Pedestrian; Interference; Intention; 17.10.2023 17:31:36; 805.4049; -0.09819996; 240.7877; Sidewalk; 6.342129; null
15; Pedestrian; Interference; Intention; 17.10.2023 17:31:36; 805.4048; -0.09819996; 240.7878; Sidewalk; 6.36578; null
15; Pedestrian; Interference; Intention; 17.10.2023 17:31:36; 805.4045; -0.09819996; 240.7879; Sidewalk; 6.387469; null
15; Pedestrian; Interference; Intention; 17.10.2023 17:31:36; 805.4047; -0.09819996; 240.7878; Sidewalk; 6.399654; null
15; Pedestrian; Interference; Intention; 17.10.2023 17:31:36; 805.4047; -0.09819996; 240.7878; Sidewalk; 6.422116; null
15; Pedestrian; Interference; Intention; 17.10.2023 17:31:36; 805.4047; -0.09819996; 240.7877; Sidewalk; 6.445649; null
15; Pedestrian; Interference; Intention; 17.10.2023 17:31:36; 805.4048; -0.09819996; 240.7877; Sidewalk; 6.466031; null
15; Pedestrian; Interference; Intention; 17.10.2023 17:31:36; 805.4049; -0.09819996; 240.7877; Sidewalk; 6.488478; null
15; Pedestrian; Interference; Intention; 17.10.2023 17:31:36; 805.405; -0.09819996; 240.7878; Sidewalk; 6.499692; null
15; Pedestrian; Interference; Intention; 17.10.2023 17:31:36; 805.4052; -0.09819996; 240.7878; Sidewalk; 6.522081; null
15; Pedestrian; Interference; Intention; 17.10.2023 17:31:36; 805.4056; -0.09819996; 240.7879; Sidewalk; 6.543728; null
15; Pedestrian; Interference; Intention; 17.10.2023 17:31:36; 805.4057; -0.09819996; 240.788; Sidewalk; 6.566133; null
15; Pedestrian; Interference; Intention; 17.10.2023 17:31:36; 805.4056; -0.09819996; 240.7881; Sidewalk; 6.588794; null
15; Pedestrian; Interference; Intention; 17.10.2023 17:31:36; 805.406; -0.09819996; 240.7881; Sidewalk; 6.599821; null
15; Pedestrian; Interference; Intention; 17.10.2023 17:31:36; 805.4059; -0.09819996; 240.7882; Sidewalk; 6.622011; null
15; Pedestrian; Interference; Intention; 17.10.2023 17:31:36; 805.406; -0.09819996; 240.7882; Sidewalk; 6.643888; null
15; Pedestrian; Interference; Intention; 17.10.2023 17:31:36; 805.4058; -0.09819996; 240.7883; Sidewalk; 6.66585; null
15; Pedestrian; Interference; Intention; 17.10.2023 17:31:36; 805.4059; -0.09819996; 240.7883; Sidewalk; 6.689165; null
15; Pedestrian; Interference; Intention; 17.10.2023 17:31:36; 805.4059; -0.09819996; 240.7883; Sidewalk; 6.699269; null
15; Pedestrian; Interference; Intention; 17.10.2023 17:31:36; 805.406; -0.09819996; 240.7884; Sidewalk; 6.72199; null
15; Pedestrian; Interference; Intention; 17.10.2023 17:31:36; 805.4061; -0.09819996; 240.7884; Sidewalk; 6.743909; null
15; Pedestrian; Interference; Intention; 17.10.2023 17:31:36; 805.4064; -0.09819996; 240.7884; Sidewalk; 6.766815; null
15; Pedestrian; Interference; Intention; 17.10.2023 17:31:36; 805.407; -0.09819996; 240.7885; Sidewalk; 6.788334; null
15; Pedestrian; Interference; Intention; 17.10.2023 17:31:36; 805.4073; -0.09819996; 240.7885; Sidewalk; 6.799405; null
15; Pedestrian; Interference; Intention; 17.10.2023 17:31:36; 805.4075; -0.09819996; 240.7885; Sidewalk; 6.82246; null
15; Pedestrian; Interference; Intention; 17.10.2023 17:31:36; 805.4077; -0.09819996; 240.7885; Sidewalk; 6.844518; null
15; Pedestrian; Interference; Intention; 17.10.2023 17:31:36; 805.4078; -0.09819996; 240.7885; Sidewalk; 6.86744; null
15; Pedestrian; Interference; Intention; 17.10.2023 17:31:36; 805.4081; -0.09819996; 240.7886; Sidewalk; 6.888595; null
15; Pedestrian; Interference; Intention; 17.10.2023 17:31:36; 805.4081; -0.09819996; 240.7886; Sidewalk; 6.899486; null
15; Pedestrian; Interference; Intention; 17.10.2023 17:31:36; 805.4083; -0.09819996; 240.7886; Sidewalk; 6.922651; null
15; Pedestrian; Interference; Intention; 17.10.2023 17:31:37; 805.4084; -0.09819996; 240.7887; Sidewalk; 6.943662; null
15; Pedestrian; Interference; Intention; 17.10.2023 17:31:37; 805.4089; -0.09819996; 240.7887; Sidewalk; 6.965618; null
15; Pedestrian; Interference; Intention; 17.10.2023 17:31:37; 805.4093; -0.09819996; 240.7888; Sidewalk; 6.988214; null
15; Pedestrian; Interference; Intention; 17.10.2023 17:31:37; 805.4096; -0.09819996; 240.7888; Sidewalk; 6.999527; null
15; Pedestrian; Interference; Intention; 17.10.2023 17:31:37; 805.41; -0.09819996; 240.7888; Sidewalk; 7.022699; null
15; Pedestrian; Interference; Intention; 17.10.2023 17:31:37; 805.4105; -0.09819996; 240.7888; Sidewalk; 7.043599; null
15; Pedestrian; Interference; Intention; 17.10.2023 17:31:37; 805.4107; -0.09819996; 240.7888; Sidewalk; 7.065682; null
15; Pedestrian; Interference; Intention; 17.10.2023 17:31:37; 805.4109; -0.09819996; 240.7888; Sidewalk; 7.089278; null
15; Pedestrian; Interference; Intention; 17.10.2023 17:31:37; 805.4111; -0.09819996; 240.7888; Sidewalk; 7.099072; null
15; Pedestrian; Interference; Intention; 17.10.2023 17:31:37; 805.4109; -0.09819996; 240.789; Sidewalk; 7.122085; null
15; Pedestrian; Interference; Intention; 17.10.2023 17:31:37; 805.4111; -0.09819996; 240.7889; Sidewalk; 7.143778; null
15; Pedestrian; Interference; Intention; 17.10.2023 17:31:37; 805.4113; -0.09819996; 240.7889; Sidewalk; 7.166346; null
15; Pedestrian; Interference; Intention; 17.10.2023 17:31:37; 805.4116; -0.09819996; 240.7889; Sidewalk; 7.188308; null
15; Pedestrian; Interference; Intention; 17.10.2023 17:31:37; 805.4117; -0.09819996; 240.789; Sidewalk; 7.200908; null
15; Pedestrian; Interference; Intention; 17.10.2023 17:31:37; 805.4119; -0.09819996; 240.789; Sidewalk; 7.222188; null
15; Pedestrian; Interference; Intention; 17.10.2023 17:31:37; 805.4124; -0.09819996; 240.7892; Sidewalk; 7.244268; null
15; Pedestrian; Interference; Intention; 17.10.2023 17:31:37; 805.4125; -0.09819996; 240.7893; Sidewalk; 7.265474; null
15; Pedestrian; Interference; Intention; 17.10.2023 17:31:37; 805.4127; -0.09819996; 240.7894; Sidewalk; 7.288351; null
15; Pedestrian; Interference; Intention; 17.10.2023 17:31:37; 805.4127; -0.09819996; 240.7894; Sidewalk; 7.29928; null
15; Pedestrian; Interference; Intention; 17.10.2023 17:31:37; 805.4134; -0.09819996; 240.7895; Sidewalk; 7.321969; null
15; Pedestrian; Interference; Intention; 17.10.2023 17:31:37; 805.4135; -0.09819996; 240.7896; Sidewalk; 7.344149; null
15; Pedestrian; Interference; Intention; 17.10.2023 17:31:37; 805.4138; -0.09819996; 240.7897; Sidewalk; 7.365647; null
15; Pedestrian; Interference; Intention; 17.10.2023 17:31:37; 805.414; -0.09819996; 240.7899; Sidewalk; 7.387746; null
15; Pedestrian; Interference; Intention; 17.10.2023 17:31:37; 805.414; -0.09819996; 240.7899; Sidewalk; 7.399057; null
15; Pedestrian; Interference; Intention; 17.10.2023 17:31:37; 805.4141; -0.09819996; 240.7899; Sidewalk; 7.421797; null
15; Pedestrian; Interference; Intention; 17.10.2023 17:31:37; 805.4144; -0.09819996; 240.7899; Sidewalk; 7.444018; null
15; Pedestrian; Interference; Intention; 17.10.2023 17:31:37; 805.4146; -0.09819996; 240.7899; Sidewalk; 7.466585; null
15; Pedestrian; Interference; Intention; 17.10.2023 17:31:37; 805.4147; -0.09819996; 240.7899; Sidewalk; 7.486811; null
15; Pedestrian; Interference; Intention; 17.10.2023 17:31:37; 805.4147; -0.09819996; 240.7899; Sidewalk; 7.498109; null
15; Pedestrian; Interference; Intention; 17.10.2023 17:31:37; 805.4149; -0.09819996; 240.7898; Sidewalk; 7.520703; null
15; Pedestrian; Interference; Intention; 17.10.2023 17:31:37; 805.415; -0.09819996; 240.7898; Sidewalk; 7.542578; null
15; Pedestrian; Interference; Intention; 17.10.2023 17:31:37; 805.4155; -0.09819996; 240.79; Sidewalk; 7.565495; null
15; Pedestrian; Interference; Intention; 17.10.2023 17:31:37; 805.4156; -0.09819996; 240.79; Sidewalk; 7.588725; Checking Box AICar
15; Pedestrian; Interference; Intention; 17.10.2023 17:31:37; 805.4156; -0.09819996; 240.79; Sidewalk; 7.598906; Checking Box AICar
15; Pedestrian; Interference; Intention; 17.10.2023 17:31:37; 805.4156; -0.09819996; 240.79; Sidewalk; 7.621027; Checking Box AICar
15; Pedestrian; Interference; Intention; 17.10.2023 17:31:37; 805.4158; -0.09819996; 240.79; Sidewalk; 7.643313; Checking Box AICar
15; Pedestrian; Interference; Intention; 17.10.2023 17:31:37; 805.4158; -0.09819996; 240.7899; Sidewalk; 7.665066; Checking Box AICar
15; Pedestrian; Interference; Intention; 17.10.2023 17:31:37; 805.4158; -0.09819996; 240.7899; Sidewalk; 7.686899; Checking Box AICar
15; Pedestrian; Interference; Intention; 17.10.2023 17:31:37; 805.4156; -0.09819996; 240.7899; Sidewalk; 7.697954; Checking Box AICar
15; Pedestrian; Interference; Intention; 17.10.2023 17:31:37; 805.4156; -0.09819996; 240.7899; Sidewalk; 7.720391; Checking Box AICar
15; Pedestrian; Interference; Intention; 17.10.2023 17:31:37; 805.4158; -0.09819996; 240.7899; Sidewalk; 7.742422; Checking Box AICar
15; Pedestrian; Interference; Intention; 17.10.2023 17:31:37; 805.4158; -0.09819996; 240.7899; Sidewalk; 7.765322; Checking Box AICar
15; Pedestrian; Interference; Intention; 17.10.2023 17:31:37; 805.4156; -0.09819996; 240.7898; Sidewalk; 7.786788; Checking Box AICar
15; Pedestrian; Interference; Intention; 17.10.2023 17:31:37; 805.4156; -0.09819996; 240.7897; Sidewalk; 7.798358; Checking Box AICar
15; Pedestrian; Interference; Intention; 17.10.2023 17:31:37; 805.4155; -0.09819996; 240.7898; Sidewalk; 7.820302; Checking Box AICar
15; Pedestrian; Interference; Intention; 17.10.2023 17:31:37; 805.415; -0.09819996; 240.7899; Sidewalk; 7.842955; Checking Box AICar
15; Pedestrian; Interference; Intention; 17.10.2023 17:31:37; 805.4149; -0.09819996; 240.7899; Sidewalk; 7.865574; Checking Box AICar
15; Pedestrian; Interference; Intention; 17.10.2023 17:31:37; 805.4147; -0.09819996; 240.79; Sidewalk; 7.887553; Checking Box AICar
15; Pedestrian; Interference; Intention; 17.10.2023 17:31:37; 805.4146; -0.09819996; 240.79; Sidewalk; 7.898924; Checking Box AICar
15; Pedestrian; Interference; Intention; 17.10.2023 17:31:37; 805.4144; -0.09819996; 240.79; Sidewalk; 7.92112; Checking Box AICar
15; Pedestrian; Interference; Intention; 17.10.2023 17:31:38; 805.4141; -0.09819996; 240.7902; Sidewalk; 7.942873; Checking Box AICar
15; Pedestrian; Interference; Intention; 17.10.2023 17:31:38; 805.4139; -0.09819996; 240.7902; Sidewalk; 7.966423; Checking Box AICar
15; Pedestrian; Interference; Intention; 17.10.2023 17:31:38; 805.4136; -0.09819996; 240.7902; Sidewalk; 7.989326; Checking Box AICar
15; Pedestrian; Interference; Intention; 17.10.2023 17:31:38; 805.4133; -0.09819996; 240.7902; Sidewalk; 7.998463; Checking Box AICar
15; Pedestrian; Interference; Intention; 17.10.2023 17:31:38; 805.4129; -0.09819996; 240.7902; Sidewalk; 8.021276; Checking Box AICar
15; Pedestrian; Interference; Intention; 17.10.2023 17:31:38; 805.4129; -0.09819996; 240.7903; Sidewalk; 8.042533; Checking Box AICar
15; Pedestrian; Interference; Intention; 17.10.2023 17:31:38; 805.4125; -0.09819996; 240.7903; Sidewalk; 8.065035; Checking Box AICar
15; Pedestrian; Interference; Intention; 17.10.2023 17:31:38; 805.412; -0.09819996; 240.7903; Sidewalk; 8.08799; Checking Box AICar
15; Pedestrian; Interference; Intention; 17.10.2023 17:31:38; 805.4119; -0.09819996; 240.7903; Sidewalk; 8.098214; Checking Box AICar
15; Pedestrian; Interference; Intention; 17.10.2023 17:31:38; 805.4115; -0.09819996; 240.7902; Sidewalk; 8.12133; Checking Box AICar
15; Pedestrian; Interference; Intention; 17.10.2023 17:31:38; 805.4113; -0.09819996; 240.7903; Sidewalk; 8.142786; Checking Box AICar
15; Pedestrian; Interference; Intention; 17.10.2023 17:31:38; 805.411; -0.09819996; 240.7902; Sidewalk; 8.164788; Checking Box AICar
15; Pedestrian; Interference; Intention; 17.10.2023 17:31:38; 805.4109; -0.09819996; 240.7904; Sidewalk; 8.188272; Checking Box AICar
15; Pedestrian; Interference; Intention; 17.10.2023 17:31:38; 805.4106; -0.09819996; 240.7903; Sidewalk; 8.198169; Checking Box AICar
15; Pedestrian; Interference; Intention; 17.10.2023 17:31:38; 805.4103; -0.09819996; 240.7904; Sidewalk; 8.220816; Checking Box AICar
15; Pedestrian; Interference; Intention; 17.10.2023 17:31:38; 805.4097; -0.09819996; 240.7903; Sidewalk; 8.242838; Checking Box AICar
15; Pedestrian; Interference; Intention; 17.10.2023 17:31:38; 805.4091; -0.09819996; 240.7902; Sidewalk; 8.264521; Checking Box AICar
15; Pedestrian; Interference; Intention; 17.10.2023 17:31:38; 805.4087; -0.09819996; 240.7902; Sidewalk; 8.287072; Checking Box AICar
15; Pedestrian; Interference; Intention; 17.10.2023 17:31:38; 805.4084; -0.09819996; 240.7902; Sidewalk; 8.298198; Checking Box AICar
15; Pedestrian; Interference; Intention; 17.10.2023 17:31:38; 805.408; -0.09819996; 240.7902; Sidewalk; 8.320248; Checking Box AICar
15; Pedestrian; Interference; Intention; 17.10.2023 17:31:38; 805.4075; -0.09819996; 240.7902; Sidewalk; 8.34246; Checking Box AICar
15; Pedestrian; Interference; Intention; 17.10.2023 17:31:38; 805.4071; -0.09819996; 240.7902; Sidewalk; 8.365173; Checking Box AICar
15; Pedestrian; Interference; Intention; 17.10.2023 17:31:38; 805.4067; -0.09819996; 240.7902; Sidewalk; 8.388308; Checking Box AICar
15; Pedestrian; Interference; Intention; 17.10.2023 17:31:38; 805.4064; -0.09819996; 240.7901; Sidewalk; 8.399463; Checking Box AICar
15; Pedestrian; Interference; Intention; 17.10.2023 17:31:38; 805.4059; -0.09819996; 240.7902; Sidewalk; 8.423101; Checking Box AICar
15; Pedestrian; Interference; Intention; 17.10.2023 17:31:38; 805.4065; -0.09819996; 240.7902; Sidewalk; 8.442926; Checking Box AICar
15; Pedestrian; Interference; Intention; 17.10.2023 17:31:38; 805.4064; -0.09819996; 240.7903; Sidewalk; 8.464918; Checking Box AICar
15; Pedestrian; Interference; Intention; 17.10.2023 17:31:38; 805.4061; -0.09819996; 240.7904; Sidewalk; 8.487771; Checking Box AICar
15; Pedestrian; Interference; Intention; 17.10.2023 17:31:38; 805.406; -0.09819996; 240.7904; Sidewalk; 8.498372; Checking Box AICar
15; Pedestrian; Interference; Intention; 17.10.2023 17:31:38; 805.4056; -0.09819996; 240.7905; Sidewalk; 8.521011; Checking Box AICar
15; Pedestrian; Interference; Intention; 17.10.2023 17:31:38; 805.4055; -0.09819996; 240.7905; Sidewalk; 8.542544; Checking Box AICar
15; Pedestrian; Interference; Intention; 17.10.2023 17:31:38; 805.405; -0.09819996; 240.7906; Sidewalk; 8.564949; Checking Box AICar
15; Pedestrian; Interference; Intention; 17.10.2023 17:31:38; 805.4048; -0.09819996; 240.7907; Sidewalk; 8.587991; Checking Box AICar
15; Pedestrian; Interference; Intention; 17.10.2023 17:31:38; 805.4048; -0.09819996; 240.7907; Sidewalk; 8.598047; Checking Box AICar
15; Pedestrian; Interference; Intention; 17.10.2023 17:31:38; 805.4042; -0.09819996; 240.7908; Sidewalk; 8.62055; Checking Box AICar
15; Pedestrian; Interference; Intention; 17.10.2023 17:31:38; 805.4038; -0.09819996; 240.7909; Sidewalk; 8.642376; Checking Box AICar
15; Pedestrian; Interference; Intention; 17.10.2023 17:31:38; 805.4034; -0.09819996; 240.7909; Sidewalk; 8.664705; Checking Box AICar
15; Pedestrian; Interference; Intention; 17.10.2023 17:31:38; 805.4028; -0.09819996; 240.7909; Sidewalk; 8.687159; Checking Box AICar
15; Pedestrian; Interference; Intention; 17.10.2023 17:31:38; 805.4025; -0.09819996; 240.7909; Sidewalk; 8.698432; Checking Box AICar
15; Pedestrian; Interference; Intention; 17.10.2023 17:31:38; 805.402; -0.09819996; 240.7909; Sidewalk; 8.720561; Checking Box AICar
15; Pedestrian; Interference; Intention; 17.10.2023 17:31:38; 805.4016; -0.09819996; 240.7909; Sidewalk; 8.743771; null
15; Pedestrian; Interference; Intention; 17.10.2023 17:31:38; 805.4012; -0.09819996; 240.7908; Sidewalk; 8.764831; null
15; Pedestrian; Interference; Intention; 17.10.2023 17:31:38; 805.4002; -0.09819996; 240.7908; Sidewalk; 8.787308; null
15; Pedestrian; Interference; Intention; 17.10.2023 17:31:38; 805.3999; -0.09819996; 240.7908; Sidewalk; 8.797999; null
15; Pedestrian; Interference; Intention; 17.10.2023 17:31:38; 805.3994; -0.09819996; 240.7908; Sidewalk; 8.820269; null
15; Pedestrian; Interference; Intention; 17.10.2023 17:31:38; 805.3989; -0.09819996; 240.7908; Sidewalk; 8.842268; null
15; Pedestrian; Interference; Intention; 17.10.2023 17:31:38; 805.3985; -0.09819996; 240.7908; Sidewalk; 8.864733; null
15; Pedestrian; Interference; Intention; 17.10.2023 17:31:38; 805.3981; -0.09819996; 240.7908; Sidewalk; 8.886703; null
15; Pedestrian; Interference; Intention; 17.10.2023 17:31:38; 805.3978; -0.09819996; 240.7908; Sidewalk; 8.898047; null
15; Pedestrian; Interference; Intention; 17.10.2023 17:31:38; 805.3973; -0.09819996; 240.7908; Sidewalk; 8.920494; null
15; Pedestrian; Interference; Intention; 17.10.2023 17:31:39; 805.3966; -0.09819996; 240.7908; Sidewalk; 8.953352; null
15; Pedestrian; Interference; Intention; 17.10.2023 17:31:39; 805.3965; -0.09819996; 240.7907; Sidewalk; 8.96414; null
15; Pedestrian; Interference; Intention; 17.10.2023 17:31:39; 805.3959; -0.09819996; 240.7908; Sidewalk; 8.987181; null
15; Pedestrian; Interference; Intention; 17.10.2023 17:31:39; 805.3958; -0.09819996; 240.7908; Sidewalk; 8.99789; null
15; Pedestrian; Interference; Intention; 17.10.2023 17:31:39; 805.3951; -0.09819996; 240.7908; Sidewalk; 9.020941; null
15; Pedestrian; Interference; Intention; 17.10.2023 17:31:39; 805.3949; -0.09819996; 240.7908; Sidewalk; 9.04281; null
15; Pedestrian; Interference; Intention; 17.10.2023 17:31:39; 805.3945; -0.09819996; 240.7908; Sidewalk; 9.064492; null
15; Pedestrian; Interference; Intention; 17.10.2023 17:31:39; 805.3943; -0.09819996; 240.7907; Sidewalk; 9.086924; null
15; Pedestrian; Interference; Intention; 17.10.2023 17:31:39; 805.3942; -0.09819996; 240.7907; Sidewalk; 9.097937; null
15; Pedestrian; Interference; Intention; 17.10.2023 17:31:39; 805.3942; -0.09819996; 240.7906; Sidewalk; 9.120205; null
15; Pedestrian; Interference; Intention; 17.10.2023 17:31:39; 805.3941; -0.09819996; 240.7906; Sidewalk; 9.143368; null
15; Pedestrian; Interference; Intention; 17.10.2023 17:31:39; 805.3942; -0.09819996; 240.7906; Sidewalk; 9.16496; null
15; Pedestrian; Interference; Intention; 17.10.2023 17:31:39; 805.3943; -0.09819996; 240.7905; Sidewalk; 9.187568; null
15; Pedestrian; Interference; Intention; 17.10.2023 17:31:39; 805.3945; -0.09819996; 240.7904; Sidewalk; 9.198823; null
15; Pedestrian; Interference; Intention; 17.10.2023 17:31:39; 805.3949; -0.09819996; 240.7904; Sidewalk; 9.221271; null
15; Pedestrian; Interference; Intention; 17.10.2023 17:31:39; 805.3955; -0.09819996; 240.7903; Sidewalk; 9.244092; null
15; Pedestrian; Interference; Intention; 17.10.2023 17:31:39; 805.3964; -0.09819996; 240.7903; Sidewalk; 9.265329; null
15; Pedestrian; Interference; Intention; 17.10.2023 17:31:39; 805.3967; -0.09819996; 240.7902; Sidewalk; 9.288426; null
15; Pedestrian; Interference; Intention; 17.10.2023 17:31:39; 805.3972; -0.09819996; 240.7901; Sidewalk; 9.298759; null
15; Pedestrian; Interference; Intention; 17.10.2023 17:31:39; 805.3984; -0.09819996; 240.7899; Sidewalk; 9.320982; null
15; Pedestrian; Interference; Intention; 17.10.2023 17:31:39; 805.3998; -0.09819996; 240.7898; Sidewalk; 9.343878; null
15; Pedestrian; Interference; Intention; 17.10.2023 17:31:39; 805.4015; -0.09819996; 240.7896; Sidewalk; 9.365487; null
15; Pedestrian; Interference; Intention; 17.10.2023 17:31:39; 805.4032; -0.09819996; 240.7893; Sidewalk; 9.387947; null
15; Pedestrian; Interference; Intention; 17.10.2023 17:31:39; 805.4041; -0.09819996; 240.7892; Sidewalk; 9.398796; null
15; Pedestrian; Interference; Intention; 17.10.2023 17:31:39; 805.4058; -0.09819996; 240.7891; Sidewalk; 9.421228; null
15; Pedestrian; Interference; Intention; 17.10.2023 17:31:39; 805.4075; -0.09819996; 240.789; Sidewalk; 9.443268; null
15; Pedestrian; Interference; Intention; 17.10.2023 17:31:39; 805.4091; -0.09819996; 240.7889; Sidewalk; 9.465429; null
15; Pedestrian; Interference; Intention; 17.10.2023 17:31:39; 805.4106; -0.09819996; 240.7888; Sidewalk; 9.488336; null
15; Pedestrian; Interference; Intention; 17.10.2023 17:31:39; 805.4115; -0.09819996; 240.7887; Sidewalk; 9.498987; null
15; Pedestrian; Interference; Intention; 17.10.2023 17:31:39; 805.4127; -0.09819996; 240.7884; Sidewalk; 9.521415; null
15; Pedestrian; Interference; Intention; 17.10.2023 17:31:39; 805.4139; -0.09819996; 240.7882; Sidewalk; 9.544066; null
15; Pedestrian; Interference; Intention; 17.10.2023 17:31:39; 805.4139; -0.09819996; 240.7882; Sidewalk; 9.544066; null
15; Pedestrian; Interference; Intention; 17.10.2023 17:31:39; 805.4163; -0.09819996; 240.7879; Sidewalk; 9.590916; null
15; Pedestrian; Interference; Intention; 17.10.2023 17:31:39; 805.4169; -0.09819996; 240.7879; Sidewalk; 9.601524; null
15; Pedestrian; Interference; Intention; 17.10.2023 17:31:39; 805.418; -0.09819996; 240.7877; Sidewalk; 9.629781; null
15; Pedestrian; Interference; Intention; 17.10.2023 17:31:39; 805.4186; -0.09819996; 240.7876; Sidewalk; 9.652211; null
15; Pedestrian; Interference; Intention; 17.10.2023 17:31:39; 805.4193; -0.09819996; 240.7875; Sidewalk; 9.674201; null
15; Pedestrian; Interference; Intention; 17.10.2023 17:31:39; 805.4195; -0.09819996; 240.7875; Sidewalk; 9.69625; null
15; Pedestrian; Interference; Intention; 17.10.2023 17:31:39; 805.4196; -0.09819996; 240.7875; Sidewalk; 9.707345; null
15; Pedestrian; Interference; Intention; 17.10.2023 17:31:39; 805.4219; -0.09819996; 240.7875; Sidewalk; 9.730086; null
15; Pedestrian; Interference; Intention; 17.10.2023 17:31:39; 805.4223; -0.09819996; 240.7875; Sidewalk; 9.751582; null
15; Pedestrian; Interference; Intention; 17.10.2023 17:31:39; 805.4229; -0.09819996; 240.7874; Sidewalk; 9.775741; null
15; Pedestrian; Interference; Intention; 17.10.2023 17:31:39; 805.4235; -0.09819996; 240.7874; Sidewalk; 9.79724; null
15; Pedestrian; Interference; Intention; 17.10.2023 17:31:39; 805.4235; -0.09819996; 240.7874; Sidewalk; 9.79724; null
15; Pedestrian; Interference; Intention; 17.10.2023 17:31:39; 805.4247; -0.09819996; 240.7872; Sidewalk; 9.829975; null
15; Pedestrian; Interference; Intention; 17.10.2023 17:31:39; 805.4254; -0.09819996; 240.7872; Sidewalk; 9.851863; null
15; Pedestrian; Interference; Intention; 17.10.2023 17:31:39; 805.4263; -0.09819996; 240.7873; Sidewalk; 9.874612; null
15; Pedestrian; Interference; Intention; 17.10.2023 17:31:39; 805.427; -0.09819996; 240.7873; Sidewalk; 9.896791; null
15; Pedestrian; Interference; Intention; 17.10.2023 17:31:39; 805.4273; -0.09819996; 240.7872; Sidewalk; 9.90696; null
15; Pedestrian; Interference; Intention; 17.10.2023 17:31:39; 805.428; -0.09819996; 240.7872; Sidewalk; 9.929135; null
15; Pedestrian; Interference; Intention; 17.10.2023 17:31:40; 805.4286; -0.09819996; 240.7872; Sidewalk; 9.951963; null
15; Pedestrian; Interference; Intention; 17.10.2023 17:31:40; 805.4293; -0.09819996; 240.7873; Sidewalk; 9.974389; null
15; Pedestrian; Interference; Intention; 17.10.2023 17:31:40; 805.4299; -0.09819996; 240.7873; Sidewalk; 9.997211; null
15; Pedestrian; Interference; Intention; 17.10.2023 17:31:40; 805.4302; -0.09819996; 240.7873; Sidewalk; 10.00774; null
15; Pedestrian; Interference; Intention; 17.10.2023 17:31:40; 805.4305; -0.09819996; 240.7874; Sidewalk; 10.01974; null
15; Pedestrian; Interference; Intention; 17.10.2023 17:31:40; 805.4312; -0.09819996; 240.7874; Sidewalk; 10.04301; null
15; Pedestrian; Interference; Intention; 17.10.2023 17:31:40; 805.4319; -0.09819996; 240.7874; Sidewalk; 10.0754; null
15; Pedestrian; Interference; Intention; 17.10.2023 17:31:40; 805.4322; -0.09819996; 240.7874; Sidewalk; 10.08633; null
15; Pedestrian; Interference; Intention; 17.10.2023 17:31:40; 805.4325; -0.09819996; 240.7874; Sidewalk; 10.09743; null
15; Pedestrian; Interference; Intention; 17.10.2023 17:31:40; 805.4329; -0.09819996; 240.7875; Sidewalk; 10.12213; null
15; Pedestrian; Interference; Intention; 17.10.2023 17:31:40; 805.4337; -0.09819996; 240.7876; Sidewalk; 10.15296; null
15; Pedestrian; Interference; Intention; 17.10.2023 17:31:40; 805.4339; -0.09819996; 240.7878; Sidewalk; 10.17402; null
15; Pedestrian; Interference; Intention; 17.10.2023 17:31:40; 805.434; -0.09819996; 240.7879; Sidewalk; 10.19613; null
15; Pedestrian; Interference; Intention; 17.10.2023 17:31:40; 805.434; -0.09819996; 240.788; Sidewalk; 10.20676; null
15; Pedestrian; Interference; Intention; 17.10.2023 17:31:40; 805.4341; -0.09819996; 240.7881; Sidewalk; 10.22999; null
15; Pedestrian; Interference; Intention; 17.10.2023 17:31:40; 805.4341; -0.09819996; 240.7883; Sidewalk; 10.25352; null
15; Pedestrian; Interference; Intention; 17.10.2023 17:31:40; 805.434; -0.09819996; 240.7883; Sidewalk; 10.27498; null
15; Pedestrian; Interference; Intention; 17.10.2023 17:31:40; 805.4339; -0.09819996; 240.7885; Sidewalk; 10.29664; null
15; Pedestrian; Interference; Intention; 17.10.2023 17:31:40; 805.4339; -0.09819996; 240.7886; Sidewalk; 10.30729; null
15; Pedestrian; Interference; Intention; 17.10.2023 17:31:40; 805.4339; -0.09819996; 240.7887; Sidewalk; 10.32897; null
15; Pedestrian; Interference; Intention; 17.10.2023 17:31:40; 805.434; -0.09819996; 240.7889; Sidewalk; 10.35222; null
15; Pedestrian; Interference; Intention; 17.10.2023 17:31:40; 805.4339; -0.09819996; 240.789; Sidewalk; 10.37392; null
15; Pedestrian; Interference; Intention; 17.10.2023 17:31:40; 805.4336; -0.09819996; 240.7891; Sidewalk; 10.39567; Checking Box Human Car
15; Pedestrian; Interference; Intention; 17.10.2023 17:31:40; 805.4335; -0.09819996; 240.7891; Sidewalk; 10.4066; Checking Box Human Car
15; Pedestrian; Interference; Intention; 17.10.2023 17:31:40; 805.4332; -0.09819996; 240.7892; Sidewalk; 10.42962; Checking Box Human Car
15; Pedestrian; Interference; Intention; 17.10.2023 17:31:40; 805.4327; -0.09819996; 240.7893; Sidewalk; 10.45113; Checking Box Human Car
15; Pedestrian; Interference; Intention; 17.10.2023 17:31:40; 805.4321; -0.09819996; 240.7894; Sidewalk; 10.47441; Checking Box Human Car
15; Pedestrian; Interference; Intention; 17.10.2023 17:31:40; 805.4312; -0.09819996; 240.7895; Sidewalk; 10.49598; Checking Box Human Car
15; Pedestrian; Interference; Intention; 17.10.2023 17:31:40; 805.4307; -0.09819996; 240.7896; Sidewalk; 10.50687; Checking Box Human Car
15; Pedestrian; Interference; Intention; 17.10.2023 17:31:40; 805.4293; -0.09819996; 240.7897; Sidewalk; 10.52966; Checking Box Human Car
15; Pedestrian; Interference; Intention; 17.10.2023 17:31:40; 805.4283; -0.09819996; 240.7898; Sidewalk; 10.55219; Checking Box Human Car
15; Pedestrian; Interference; Intention; 17.10.2023 17:31:40; 805.4271; -0.09819996; 240.79; Sidewalk; 10.57522; Checking Box Human Car
15; Pedestrian; Interference; Intention; 17.10.2023 17:31:40; 805.426; -0.09819996; 240.7901; Sidewalk; 10.59734; Checking Box Human Car
15; Pedestrian; Interference; Intention; 17.10.2023 17:31:40; 805.4254; -0.09819996; 240.7902; Sidewalk; 10.60857; Checking Box Human Car
15; Pedestrian; Interference; Intention; 17.10.2023 17:31:40; 805.4248; -0.09819996; 240.7903; Sidewalk; 10.61958; Checking Box Human Car
15; Pedestrian; Interference; Intention; 17.10.2023 17:31:40; 805.4229; -0.09819996; 240.7903; Sidewalk; 10.64254; Checking Box Human Car
15; Pedestrian; Interference; Intention; 17.10.2023 17:31:40; 805.4203; -0.09819996; 240.7906; Sidewalk; 10.67617; Checking Box Human Car
15; Pedestrian; Interference; Intention; 17.10.2023 17:31:40; 805.4191; -0.09819996; 240.7907; Sidewalk; 10.69772; Checking Box Human Car
15; Pedestrian; Interference; Intention; 17.10.2023 17:31:40; 805.4191; -0.09819996; 240.7907; Sidewalk; 10.69772; Checking Box Human Car
15; Pedestrian; Interference; Intention; 17.10.2023 17:31:40; 805.4172; -0.09819996; 240.7908; Sidewalk; 10.73118; Checking Box Human Car
15; Pedestrian; Interference; Intention; 17.10.2023 17:31:40; 805.4156; -0.09819996; 240.7908; Sidewalk; 10.75319; Checking Box Human Car
15; Pedestrian; Interference; Intention; 17.10.2023 17:31:40; 805.4141; -0.09819996; 240.7909; Sidewalk; 10.77578; Checking Box Human Car
15; Pedestrian; Interference; Intention; 17.10.2023 17:31:40; 805.4135; -0.09819996; 240.7909; Sidewalk; 10.78641; Checking Box Human Car
15; Pedestrian; Interference; Intention; 17.10.2023 17:31:40; 805.4124; -0.09819996; 240.7909; Sidewalk; 10.79823; Checking Box Human Car
15; Pedestrian; Interference; Intention; 17.10.2023 17:31:40; 805.4109; -0.09819996; 240.7909; Sidewalk; 10.82051; Checking Box Human Car
15; Pedestrian; Interference; Intention; 17.10.2023 17:31:40; 805.4095; -0.09819996; 240.7909; Sidewalk; 10.84254; Checking Box Human Car
15; Pedestrian; Interference; Intention; 17.10.2023 17:31:40; 805.4077; -0.09819996; 240.7909; Sidewalk; 10.87695; Checking Box Human Car
15; Pedestrian; Interference; Intention; 17.10.2023 17:31:40; 805.4073; -0.09819996; 240.7909; Sidewalk; 10.88664; Checking Box Human Car
15; Pedestrian; Interference; Intention; 17.10.2023 17:31:40; 805.4066; -0.09819996; 240.7909; Sidewalk; 10.89816; Checking Box Human Car
15; Pedestrian; Interference; Intention; 17.10.2023 17:31:40; 805.4057; -0.09819996; 240.7909; Sidewalk; 10.93169; Checking Box Human Car
15; Pedestrian; Interference; Intention; 17.10.2023 17:31:41; 805.4048; -0.09819996; 240.7909; Sidewalk; 10.95331; Checking Box Human Car
15; Pedestrian; Interference; Intention; 17.10.2023 17:31:41; 805.4043; -0.09819996; 240.7908; Sidewalk; 10.97616; Checking Box Human Car
15; Pedestrian; Interference; Intention; 17.10.2023 17:31:41; 805.4042; -0.09819996; 240.7908; Sidewalk; 10.9864; Checking Box Human Car
15; Pedestrian; Interference; Intention; 17.10.2023 17:31:41; 805.4043; -0.09819996; 240.7909; Sidewalk; 10.99799; Checking Box Human Car
15; Pedestrian; Interference; Intention; 17.10.2023 17:31:41; 805.4036; -0.09819996; 240.7908; Sidewalk; 11.02126; Checking Box Human Car
15; Pedestrian; Interference; Intention; 17.10.2023 17:31:41; 805.4022; -0.09819996; 240.7908; Sidewalk; 11.05416; Checking Box Human Car
15; Pedestrian; Interference; Intention; 17.10.2023 17:31:41; 805.4021; -0.09819996; 240.7908; Sidewalk; 11.064; Checking Box Human Car
15; Pedestrian; Interference; Intention; 17.10.2023 17:31:41; 805.4016; -0.09819996; 240.7907; Sidewalk; 11.08707; Checking Box Human Car
15; Pedestrian; Interference; Intention; 17.10.2023 17:31:41; 805.4016; -0.09819996; 240.7907; Sidewalk; 11.0979; Checking Box Human Car
15; Pedestrian; Interference; Intention; 17.10.2023 17:31:41; 805.4008; -0.09819996; 240.7907; Sidewalk; 11.12062; Checking Box Human Car
15; Pedestrian; Interference; Intention; 17.10.2023 17:31:41; 805.399; -0.09819996; 240.7905; Sidewalk; 11.15295; Checking Box Human Car
15; Pedestrian; Interference; Intention; 17.10.2023 17:31:41; 805.3987; -0.09819996; 240.7906; Sidewalk; 11.17618; Checking Box Human Car
15; Pedestrian; Interference; Intention; 17.10.2023 17:31:41; 805.3981; -0.09819996; 240.7905; Sidewalk; 11.19767; Checking Box Human Car
15; Pedestrian; Interference; Intention; 17.10.2023 17:31:41; 805.3981; -0.09819996; 240.7905; Sidewalk; 11.19767; Checking Box Human Car
15; Pedestrian; Interference; Intention; 17.10.2023 17:31:41; 805.3992; -0.09819996; 240.7907; Sidewalk; 11.22013; Checking Box Human Car
15; Pedestrian; Interference; Intention; 17.10.2023 17:31:41; 805.3981; -0.09819996; 240.7906; Sidewalk; 11.24242; Checking Box Human Car
15; Pedestrian; Interference; Intention; 17.10.2023 17:31:41; 805.3953; -0.09819996; 240.7903; Sidewalk; 11.27617; Checking Box Human Car
15; Pedestrian; Interference; Intention; 17.10.2023 17:31:41; 805.3952; -0.09819996; 240.7903; Sidewalk; 11.28634; Checking Box Human Car
15; Pedestrian; Interference; Intention; 17.10.2023 17:31:41; 805.3955; -0.09819996; 240.7903; Sidewalk; 11.29816; Checking Box Human Car
15; Pedestrian; Interference; Intention; 17.10.2023 17:31:41; 805.393; -0.09819996; 240.7899; Sidewalk; 11.32008; Checking Box Human Car
15; Pedestrian; Interference; Intention; 17.10.2023 17:31:41; 805.3923; -0.09819996; 240.7897; Sidewalk; 11.35328; Checking Box Human Car
15; Pedestrian; Interference; Intention; 17.10.2023 17:31:41; 805.3913; -0.09819996; 240.7895; Sidewalk; 11.376; Checking Box Human Car
15; Pedestrian; Interference; Intention; 17.10.2023 17:31:41; 805.3912; -0.09819996; 240.7894; Sidewalk; 11.38645; Checking Box Human Car
15; Pedestrian; Interference; Intention; 17.10.2023 17:31:41; 805.3911; -0.09819996; 240.7893; Sidewalk; 11.39783; Checking Box Human Car
15; Pedestrian; Interference; Intention; 17.10.2023 17:31:41; 805.3905; -0.09819996; 240.7891; Sidewalk; 11.42009; Checking Box Human Car
15; Pedestrian; Interference; Intention; 17.10.2023 17:31:41; 805.3874; -0.09819996; 240.7888; Sidewalk; 11.44255; Checking Box Human Car
15; Pedestrian; Interference; Intention; 17.10.2023 17:31:41; 805.387; -0.09819996; 240.7887; Sidewalk; 11.46469; Checking Box Human Car
15; Pedestrian; Interference; Intention; 17.10.2023 17:31:41; 805.3836; -0.09819996; 240.7884; Sidewalk; 11.48669; Checking Box Human Car
15; Pedestrian; Interference; Intention; 17.10.2023 17:31:41; 805.3815; -0.09819996; 240.7881; Sidewalk; 11.49841; Checking Box Human Car
15; Pedestrian; Interference; Intention; 17.10.2023 17:31:41; 805.3804; -0.09819996; 240.7879; Sidewalk; 11.5203; Checking Box Human Car
15; Pedestrian; Interference; Intention; 17.10.2023 17:31:41; 805.377; -0.09819996; 240.7875; Sidewalk; 11.55326; Checking Box Human Car
15; Pedestrian; Interference; Intention; 17.10.2023 17:31:41; 805.3777; -0.09819996; 240.7876; Sidewalk; 11.57739; Checking Box Human Car
15; Pedestrian; Interference; Intention; 17.10.2023 17:31:41; 805.3779; -0.09819996; 240.7876; Sidewalk; 11.59772; Checking Box Human Car
15; Pedestrian; Interference; Intention; 17.10.2023 17:31:41; 805.3774; -0.09819996; 240.7875; Sidewalk; 11.608; Checking Box Human Car
15; Pedestrian; Interference; Intention; 17.10.2023 17:31:41; 805.3765; -0.09819996; 240.7875; Sidewalk; 11.63008; Checking Box Human Car
15; Pedestrian; Interference; Intention; 17.10.2023 17:31:41; 805.3779; -0.09819996; 240.7877; Sidewalk; 11.65266; Checking Box Human Car
15; Pedestrian; Interference; Intention; 17.10.2023 17:31:41; 805.3752; -0.09819996; 240.7874; Sidewalk; 11.67507; Checking Box Human Car
15; Pedestrian; Interference; Intention; 17.10.2023 17:31:41; 805.3734; -0.09819996; 240.7872; Sidewalk; 11.69678; Checking Box Human Car
15; Pedestrian; Interference; Intention; 17.10.2023 17:31:41; 805.3734; -0.09819996; 240.7872; Sidewalk; 11.69678; Checking Box Human Car
15; Pedestrian; Interference; Intention; 17.10.2023 17:31:41; 805.3741; -0.09819996; 240.7873; Sidewalk; 11.7308; Checking Box Human Car
15; Pedestrian; Interference; Intention; 17.10.2023 17:31:41; 805.3746; -0.09819996; 240.7873; Sidewalk; 11.74117; Checking Box Human Car
15; Pedestrian; Interference; Intention; 17.10.2023 17:31:41; 805.3736; -0.09819996; 240.7872; Sidewalk; 11.77605; Checking Box Human Car
15; Pedestrian; Interference; Intention; 17.10.2023 17:31:41; 805.3736; -0.09819996; 240.7872; Sidewalk; 11.79681; Checking Box Human Car
15; Pedestrian; Interference; Intention; 17.10.2023 17:31:41; 805.373; -0.09819996; 240.7872; Sidewalk; 11.80768; Checking Box Human Car
15; Pedestrian; Interference; Intention; 17.10.2023 17:31:41; 805.3691; -0.09819996; 240.787; Sidewalk; 11.82977; Checking Box Human Car
15; Pedestrian; Interference; Intention; 17.10.2023 17:31:41; 805.368; -0.09819996; 240.7869; Sidewalk; 11.85248; Checking Box Human Car
15; Pedestrian; Interference; Intention; 17.10.2023 17:31:41; 805.3662; -0.09819996; 240.7868; Sidewalk; 11.87599; null
15; Pedestrian; Interference; Intention; 17.10.2023 17:31:41; 805.3629; -0.09819996; 240.7865; Sidewalk; 11.89666; null
15; Pedestrian; Interference; Intention; 17.10.2023 17:31:41; 805.3622; -0.09819996; 240.7864; Sidewalk; 11.9077; null
15; Pedestrian; Interference; Intention; 17.10.2023 17:31:41; 805.3591; -0.09819996; 240.7861; Sidewalk; 11.93005; null
15; Pedestrian; Interference; Intention; 17.10.2023 17:31:42; 805.3624; -0.09819996; 240.7863; Sidewalk; 11.95237; null
15; Pedestrian; Interference; Intention; 17.10.2023 17:31:42; 805.3622; -0.09819996; 240.7862; Sidewalk; 11.97529; null
15; Pedestrian; Interference; Intention; 17.10.2023 17:31:42; 805.3641; -0.09819996; 240.7863; Sidewalk; 11.99683; null
15; Pedestrian; Interference; Intention; 17.10.2023 17:31:42; 805.3634; -0.09819996; 240.7862; Sidewalk; 12.00806; null
15; Pedestrian; Interference; Intention; 17.10.2023 17:31:42; 805.3638; -0.09819996; 240.7863; Sidewalk; 12.02974; null
15; Pedestrian; Interference; Intention; 17.10.2023 17:31:42; 805.3645; -0.09819996; 240.7862; Sidewalk; 12.05216; null
15; Pedestrian; Interference; Intention; 17.10.2023 17:31:42; 805.3637; -0.09819996; 240.7861; Sidewalk; 12.0746; null
15; Pedestrian; Interference; Intention; 17.10.2023 17:31:42; 805.3626; -0.09819996; 240.786; Sidewalk; 12.09716; null
15; Pedestrian; Interference; Intention; 17.10.2023 17:31:42; 805.3619; -0.09819996; 240.7859; Sidewalk; 12.10796; null
15; Pedestrian; Interference; Intention; 17.10.2023 17:31:42; 805.3626; -0.09819996; 240.786; Sidewalk; 12.11997; null
15; Pedestrian; Interference; Intention; 17.10.2023 17:31:42; 805.3651; -0.09819996; 240.7862; Sidewalk; 12.14281; null
15; Pedestrian; Interference; Intention; 17.10.2023 17:31:42; 805.3669; -0.09819996; 240.7863; Sidewalk; 12.17459; null
15; Pedestrian; Interference; Intention; 17.10.2023 17:31:42; 805.3647; -0.09819996; 240.786; Sidewalk; 12.19554; null
15; Pedestrian; Interference; Intention; 17.10.2023 17:31:42; 805.3643; -0.09819996; 240.7859; Sidewalk; 12.20636; null
15; Pedestrian; Interference; Intention; 17.10.2023 17:31:42; 805.3626; -0.09819996; 240.7857; Sidewalk; 12.22854; null
15; Pedestrian; Interference; Intention; 17.10.2023 17:31:42; 805.3614; -0.09819996; 240.7854; Sidewalk; 12.25042; null
15; Pedestrian; Interference; Intention; 17.10.2023 17:31:42; 805.361; -0.09819996; 240.7853; Sidewalk; 12.26226; null
15; Pedestrian; Interference; Intention; 17.10.2023 17:31:42; 805.361; -0.09819996; 240.7853; Sidewalk; 12.26226; null
15; Pedestrian; Interference; Intention; 17.10.2023 17:31:42; 805.3587; -0.09819996; 240.785; Sidewalk; 12.27277; null
15; Pedestrian; Interference; Intention; 17.10.2023 17:31:42; 805.3549; -0.09819996; 240.7846; Sidewalk; 12.32758; null
15; Pedestrian; Interference; Intention; 17.10.2023 17:31:42; 805.355; -0.09819996; 240.7846; Sidewalk; 12.3486; null
15; Pedestrian; Interference; Intention; 17.10.2023 17:31:42; 805.3539; -0.09819996; 240.7845; Sidewalk; 12.3757; null
15; Pedestrian; Interference; Intention; 17.10.2023 17:31:42; 805.3516; -0.09819996; 240.7842; Sidewalk; 12.39606; null
15; Pedestrian; Interference; Intention; 17.10.2023 17:31:42; 805.3509; -0.09819996; 240.7841; Sidewalk; 12.40643; null
15; Pedestrian; Interference; Intention; 17.10.2023 17:31:42; 805.3529; -0.09819996; 240.7842; Sidewalk; 12.4296; null
15; Pedestrian; Interference; Intention; 17.10.2023 17:31:42; 805.3519; -0.09819996; 240.7841; Sidewalk; 12.45096; null
15; Pedestrian; Interference; Intention; 17.10.2023 17:31:42; 805.3514; -0.09819996; 240.784; Sidewalk; 12.46222; null
15; Pedestrian; Interference; Intention; 17.10.2023 17:31:42; 805.3493; -0.09819996; 240.7837; Sidewalk; 12.49722; null
15; Pedestrian; Interference; Intention; 17.10.2023 17:31:42; 805.3486; -0.09819996; 240.7836; Sidewalk; 12.50632; null
15; Pedestrian; Interference; Intention; 17.10.2023 17:31:42; 805.35; -0.09819996; 240.7835; Sidewalk; 12.5286; null
15; Pedestrian; Interference; Intention; 17.10.2023 17:31:42; 805.3464; -0.09819996; 240.7832; Sidewalk; 12.55083; null
15; Pedestrian; Interference; Intention; 17.10.2023 17:31:42; 805.3469; -0.09819996; 240.7831; Sidewalk; 12.57401; null
15; Pedestrian; Interference; Intention; 17.10.2023 17:31:42; 805.345; -0.09819996; 240.7828; Sidewalk; 12.59597; null
15; Pedestrian; Interference; Intention; 17.10.2023 17:31:42; 805.3444; -0.09819996; 240.7826; Sidewalk; 12.60607; null
15; Pedestrian; Interference; Intention; 17.10.2023 17:31:42; 805.3451; -0.09819996; 240.7826; Sidewalk; 12.62822; null
15; Pedestrian; Interference; Intention; 17.10.2023 17:31:42; 805.3463; -0.09819996; 240.7825; Sidewalk; 12.65078; null
15; Pedestrian; Interference; Intention; 17.10.2023 17:31:42; 805.345; -0.09819996; 240.7823; Sidewalk; 12.67347; null
15; Pedestrian; Interference; Intention; 17.10.2023 17:31:42; 805.3467; -0.09819996; 240.7823; Sidewalk; 12.69551; null
15; Pedestrian; Interference; Intention; 17.10.2023 17:31:42; 805.3463; -0.09819996; 240.7822; Sidewalk; 12.70594; null
15; Pedestrian; Interference; Intention; 17.10.2023 17:31:42; 805.3472; -0.09819996; 240.7822; Sidewalk; 12.72851; null
15; Pedestrian; Interference; Intention; 17.10.2023 17:31:42; 805.3455; -0.09819996; 240.782; Sidewalk; 12.75084; null
15; Pedestrian; Interference; Intention; 17.10.2023 17:31:42; 805.3448; -0.09819996; 240.7819; Sidewalk; 12.77309; null
15; Pedestrian; Interference; Intention; 17.10.2023 17:31:42; 805.3452; -0.09819996; 240.7818; Sidewalk; 12.79536; null
15; Pedestrian; Interference; Intention; 17.10.2023 17:31:42; 805.3447; -0.09819996; 240.7817; Sidewalk; 12.80624; null
15; Pedestrian; Interference; Intention; 17.10.2023 17:31:42; 805.3463; -0.09819996; 240.7818; Sidewalk; 12.82783; null
15; Pedestrian; Interference; Intention; 17.10.2023 17:31:42; 805.3439; -0.09819996; 240.7816; Sidewalk; 12.84999; null
15; Pedestrian; Interference; Intention; 17.10.2023 17:31:42; 805.3457; -0.09819996; 240.7817; Sidewalk; 12.87253; null
15; Pedestrian; Interference; Intention; 17.10.2023 17:31:42; 805.3484; -0.09819996; 240.7819; Sidewalk; 12.89594; BicycleInterference
15; Pedestrian; Interference; Intention; 17.10.2023 17:31:42; 805.348; -0.09819996; 240.7818; Sidewalk; 12.90646; BicycleInterference
15; Pedestrian; Interference; Intention; 17.10.2023 17:31:42; 805.3471; -0.09819996; 240.7816; Sidewalk; 12.92968; BicycleInterference
15; Pedestrian; Interference; Intention; 17.10.2023 17:31:43; 805.3467; -0.09819996; 240.7816; Sidewalk; 12.95326; BicycleInterference
15; Pedestrian; Interference; Intention; 17.10.2023 17:31:43; 805.3445; -0.09819996; 240.7814; Sidewalk; 12.97547; BicycleInterference
15; Pedestrian; Interference; Intention; 17.10.2023 17:31:43; 805.3448; -0.09819996; 240.7814; Sidewalk; 12.99782; BicycleInterference
15; Pedestrian; Interference; Intention; 17.10.2023 17:31:43; 805.3448; -0.09819996; 240.7814; Sidewalk; 12.99782; BicycleInterference
15; Pedestrian; Interference; Intention; 17.10.2023 17:31:43; 805.3438; -0.09819996; 240.7813; Sidewalk; 13.02; BicycleInterference
15; Pedestrian; Interference; Intention; 17.10.2023 17:31:43; 805.3464; -0.09819996; 240.7814; Sidewalk; 13.05298; BicycleInterference
15; Pedestrian; Interference; Intention; 17.10.2023 17:31:43; 805.3459; -0.09819996; 240.7813; Sidewalk; 13.06359; BicycleInterference
15; Pedestrian; Interference; Intention; 17.10.2023 17:31:43; 805.3464; -0.09819996; 240.7813; Sidewalk; 13.08717; BicycleInterference
15; Pedestrian; Interference; Intention; 17.10.2023 17:31:43; 805.3472; -0.09819996; 240.7813; Sidewalk; 13.10161; BicycleInterference
15; Pedestrian; Interference; Intention; 17.10.2023 17:31:43; 805.3455; -0.09819996; 240.7811; Sidewalk; 13.13183; BicycleInterference
15; Pedestrian; Interference; Intention; 17.10.2023 17:31:43; 805.3448; -0.09819996; 240.781; Sidewalk; 13.1501; BicycleInterference
15; Pedestrian; Interference; Intention; 17.10.2023 17:31:43; 805.3447; -0.09819996; 240.7809; Sidewalk; 13.17362; BicycleInterference
15; Pedestrian; Interference; Intention; 17.10.2023 17:31:43; 805.3452; -0.09819996; 240.7808; Sidewalk; 13.19499; BicycleInterference
15; Pedestrian; Interference; Intention; 17.10.2023 17:31:43; 805.3448; -0.09819996; 240.7807; Sidewalk; 13.20552; BicycleInterference
15; Pedestrian; Interference; Intention; 17.10.2023 17:31:43; 805.3421; -0.09819996; 240.7803; Sidewalk; 13.22817; BicycleInterference
15; Pedestrian; Interference; Intention; 17.10.2023 17:31:43; 805.3417; -0.09819996; 240.7803; Sidewalk; 13.24988; BicycleInterference
15; Pedestrian; Interference; Intention; 17.10.2023 17:31:43; 805.343; -0.09819996; 240.7803; Sidewalk; 13.2725; BicycleInterference
15; Pedestrian; Interference; Intention; 17.10.2023 17:31:43; 805.3392; -0.09819996; 240.7799; Sidewalk; 13.29521; BicycleInterference
15; Pedestrian; Interference; Intention; 17.10.2023 17:31:43; 805.3387; -0.09819996; 240.7798; Sidewalk; 13.30569; BicycleInterference
15; Pedestrian; Interference; Intention; 17.10.2023 17:31:43; 805.3436; -0.09819996; 240.7801; Sidewalk; 13.32803; BicycleInterference
15; Pedestrian; Interference; Intention; 17.10.2023 17:31:43; 805.3453; -0.09819996; 240.7802; Sidewalk; 13.34994; BicycleInterference
15; Pedestrian; Interference; Intention; 17.10.2023 17:31:43; 805.3474; -0.09819996; 240.7803; Sidewalk; 13.3724; BicycleInterference
15; Pedestrian; Interference; Intention; 17.10.2023 17:31:43; 805.3474; -0.09819996; 240.7803; Sidewalk; 13.39494; BicycleInterference
15; Pedestrian; Interference; Intention; 17.10.2023 17:31:43; 805.3469; -0.09819996; 240.7803; Sidewalk; 13.40546; BicycleInterference
15; Pedestrian; Interference; Intention; 17.10.2023 17:31:43; 805.3461; -0.09819996; 240.7803; Sidewalk; 13.42771; BicycleInterference
15; Pedestrian; Interference; Intention; 17.10.2023 17:31:43; 805.3489; -0.09819996; 240.7806; Sidewalk; 13.44991; BicycleInterference
15; Pedestrian; Interference; Intention; 17.10.2023 17:31:43; 805.3486; -0.09819996; 240.7806; Sidewalk; 13.47269; BicycleInterference
15; Pedestrian; Interference; Intention; 17.10.2023 17:31:43; 805.3527; -0.09819996; 240.7809; Sidewalk; 13.4953; BicycleInterference
15; Pedestrian; Interference; Intention; 17.10.2023 17:31:43; 805.3522; -0.09819996; 240.7809; Sidewalk; 13.5054; BicycleInterference
15; Pedestrian; Interference; Intention; 17.10.2023 17:31:43; 805.3519; -0.09819996; 240.7808; Sidewalk; 13.52758; BicycleInterference
15; Pedestrian; Interference; Intention; 17.10.2023 17:31:43; 805.3556; -0.09819996; 240.7812; Sidewalk; 13.55006; BicycleInterference
15; Pedestrian; Interference; Intention; 17.10.2023 17:31:43; 805.3511; -0.09819996; 240.7807; Sidewalk; 13.57263; BicycleInterference
15; Pedestrian; Interference; Intention; 17.10.2023 17:31:43; 805.351; -0.09819996; 240.7807; Sidewalk; 13.59607; BicycleInterference
15; Pedestrian; Interference; Intention; 17.10.2023 17:31:43; 805.3506; -0.09819996; 240.7807; Sidewalk; 13.60645; BicycleInterference
15; Pedestrian; Interference; Intention; 17.10.2023 17:31:43; 805.3503; -0.09819996; 240.7808; Sidewalk; 13.62986; BicycleInterference
15; Pedestrian; Interference; Intention; 17.10.2023 17:31:43; 805.3509; -0.09819996; 240.7809; Sidewalk; 13.65243; BicycleInterference
15; Pedestrian; Interference; Intention; 17.10.2023 17:31:43; 805.3492; -0.09819996; 240.7808; Sidewalk; 13.67623; BicycleInterference
15; Pedestrian; Interference; Intention; 17.10.2023 17:31:43; 805.3525; -0.09819996; 240.7811; Sidewalk; 13.69713; BicycleInterference
15; Pedestrian; Interference; Intention; 17.10.2023 17:31:43; 805.3522; -0.09819996; 240.7811; Sidewalk; 13.70734; BicycleInterference
15; Pedestrian; Interference; Intention; 17.10.2023 17:31:43; 805.3539; -0.09819996; 240.7812; Sidewalk; 13.73007; BicycleInterference
15; Pedestrian; Interference; Intention; 17.10.2023 17:31:43; 805.3536; -0.09819996; 240.7811; Sidewalk; 13.75305; BicycleInterference
15; Pedestrian; Interference; Intention; 17.10.2023 17:31:43; 805.3534; -0.09819996; 240.781; Sidewalk; 13.77457; BicycleInterference
15; Pedestrian; Interference; Intention; 17.10.2023 17:31:43; 805.3544; -0.09819996; 240.7811; Sidewalk; 13.79766; BicycleInterference
15; Pedestrian; Interference; Intention; 17.10.2023 17:31:43; 805.3541; -0.09819996; 240.7811; Sidewalk; 13.8073; BicycleInterference
15; Pedestrian; Interference; Intention; 17.10.2023 17:31:43; 805.3517; -0.09819996; 240.7808; Sidewalk; 13.83012; BicycleInterference
15; Pedestrian; Interference; Intention; 17.10.2023 17:31:43; 805.3479; -0.09819996; 240.7805; Sidewalk; 13.85224; BicycleInterference
15; Pedestrian; Interference; Intention; 17.10.2023 17:31:43; 805.3424; -0.09819996; 240.7801; Sidewalk; 13.87466; BicycleInterference
15; Pedestrian; Interference; Intention; 17.10.2023 17:31:43; 805.3428; -0.09819996; 240.7801; Sidewalk; 13.89707; BicycleInterference
15; Pedestrian; Interference; Intention; 17.10.2023 17:31:43; 805.3428; -0.09819996; 240.7801; Sidewalk; 13.89707; BicycleInterference
15; Pedestrian; Interference; Intention; 17.10.2023 17:31:43; 805.3378; -0.09819996; 240.7797; Sidewalk; 13.92757; BicycleInterference
15; Pedestrian; Interference; Intention; 17.10.2023 17:31:44; 805.3402; -0.09819996; 240.78; Sidewalk; 13.95529; BicycleInterference
15; Pedestrian; Interference; Intention; 17.10.2023 17:31:44; 805.3388; -0.09819996; 240.78; Sidewalk; 13.97196; BicycleInterference
15; Pedestrian; Interference; Intention; 17.10.2023 17:31:44; 805.3394; -0.09819996; 240.78; Sidewalk; 13.99475; BicycleInterference
15; Pedestrian; Interference; Intention; 17.10.2023 17:31:44; 805.3389; -0.09819996; 240.78; Sidewalk; 14.00519; BicycleInterference
15; Pedestrian; Interference; Intention; 17.10.2023 17:31:44; 805.342; -0.09819996; 240.7803; Sidewalk; 14.0281; Checking Box Human Car
15; Pedestrian; Interference; Intention; 17.10.2023 17:31:44; 805.3445; -0.09819996; 240.7806; Sidewalk; 14.05101; Checking Box Human Car
15; Pedestrian; Interference; Intention; 17.10.2023 17:31:44; 805.3463; -0.09819996; 240.7808; Sidewalk; 14.07222; Checking Box Human Car
15; Pedestrian; Interference; Intention; 17.10.2023 17:31:44; 805.3458; -0.09819996; 240.7807; Sidewalk; 14.09488; Checking Box Human Car
15; Pedestrian; Interference; Intention; 17.10.2023 17:31:44; 805.3455; -0.09819996; 240.7807; Sidewalk; 14.10516; Checking Box Human Car
15; Pedestrian; Interference; Intention; 17.10.2023 17:31:44; 805.3408; -0.09819996; 240.7803; Sidewalk; 14.12759; Checking Box Human Car
15; Pedestrian; Interference; Intention; 17.10.2023 17:31:44; 805.3395; -0.09819996; 240.7802; Sidewalk; 14.15048; Checking Box Human Car
15; Pedestrian; Interference; Intention; 17.10.2023 17:31:44; 805.3431; -0.09819996; 240.7805; Sidewalk; 14.17223; Checking Box Human Car
15; Pedestrian; Interference; Intention; 17.10.2023 17:31:44; 805.343; -0.09819996; 240.7805; Sidewalk; 14.19524; Checking Box Human Car
15; Pedestrian; Interference; Intention; 17.10.2023 17:31:44; 805.3425; -0.09819996; 240.7805; Sidewalk; 14.2051; Checking Box Human Car
15; Pedestrian; Interference; Intention; 17.10.2023 17:31:44; 805.3386; -0.09819996; 240.7802; Sidewalk; 14.22714; Checking Box Human Car
15; Pedestrian; Interference; Intention; 17.10.2023 17:31:44; 805.3412; -0.09819996; 240.7804; Sidewalk; 14.24982; Checking Box Human Car
15; Pedestrian; Interference; Intention; 17.10.2023 17:31:44; 805.3373; -0.09819996; 240.78; Sidewalk; 14.2725; Checking Box Human Car
15; Pedestrian; Interference; Intention; 17.10.2023 17:31:44; 805.3345; -0.09819996; 240.7798; Sidewalk; 14.29501; Checking Box Human Car
15; Pedestrian; Interference; Intention; 17.10.2023 17:31:44; 805.3341; -0.09819996; 240.7797; Sidewalk; 14.30538; Checking Box Human Car
15; Pedestrian; Interference; Intention; 17.10.2023 17:31:44; 805.34; -0.09819996; 240.7802; Sidewalk; 14.32716; Checking Box Human Car
15; Pedestrian; Interference; Intention; 17.10.2023 17:31:44; 805.3403; -0.09819996; 240.7803; Sidewalk; 14.34969; Checking Box Human Car
15; Pedestrian; Interference; Intention; 17.10.2023 17:31:44; 805.3403; -0.09819996; 240.7802; Sidewalk; 14.37182; Checking Box Human Car
15; Pedestrian; Interference; Intention; 17.10.2023 17:31:44; 805.3425; -0.09819996; 240.7803; Sidewalk; 14.39463; Checking Box Human Car
15; Pedestrian; Interference; Intention; 17.10.2023 17:31:44; 805.3421; -0.09819996; 240.7802; Sidewalk; 14.40496; Checking Box Human Car
15; Pedestrian; Interference; Intention; 17.10.2023 17:31:44; 805.3442; -0.09819996; 240.7803; Sidewalk; 14.42816; Checking Box Human Car
15; Pedestrian; Interference; Intention; 17.10.2023 17:31:44; 805.3444; -0.09819996; 240.7802; Sidewalk; 14.45072; Checking Box Human Car
15; Pedestrian; Interference; Intention; 17.10.2023 17:31:44; 805.3436; -0.09819996; 240.7801; Sidewalk; 14.47375; Checking Box Human Car
15; Pedestrian; Interference; Intention; 17.10.2023 17:31:44; 805.3452; -0.09819996; 240.7802; Sidewalk; 14.49686; null
15; Pedestrian; Interference; Intention; 17.10.2023 17:31:44; 805.3443; -0.09819996; 240.7801; Sidewalk; 14.50724; null
15; Pedestrian; Interference; Intention; 17.10.2023 17:31:44; 805.3513; -0.09819996; 240.7808; Sidewalk; 14.52998; null
15; Pedestrian; Interference; Intention; 17.10.2023 17:31:44; 805.3523; -0.09819996; 240.7808; Sidewalk; 14.55259; null
15; Pedestrian; Interference; Intention; 17.10.2023 17:31:44; 805.3521; -0.09819996; 240.7808; Sidewalk; 14.57406; null
15; Pedestrian; Interference; Intention; 17.10.2023 17:31:44; 805.3538; -0.09819996; 240.7809; Sidewalk; 14.59657; null
15; Pedestrian; Interference; Intention; 17.10.2023 17:31:44; 805.3539; -0.09819996; 240.7809; Sidewalk; 14.60791; null
15; Pedestrian; Interference; Intention; 17.10.2023 17:31:44; 805.3588; -0.09819996; 240.7813; Sidewalk; 14.62948; null
15; Pedestrian; Interference; Intention; 17.10.2023 17:31:44; 805.3584; -0.09819996; 240.7813; Sidewalk; 14.65195; null
15; Pedestrian; Interference; Intention; 17.10.2023 17:31:44; 805.3604; -0.09819996; 240.7813; Sidewalk; 14.67422; null
15; Pedestrian; Interference; Intention; 17.10.2023 17:31:44; 805.3635; -0.09819996; 240.7815; Sidewalk; 14.69783; null
15; Pedestrian; Interference; Intention; 17.10.2023 17:31:44; 805.3629; -0.09819996; 240.7815; Sidewalk; 14.70724; null
15; Pedestrian; Interference; Intention; 17.10.2023 17:31:44; 805.3667; -0.09819996; 240.7817; Sidewalk; 14.72943; null
15; Pedestrian; Interference; Intention; 17.10.2023 17:31:44; 805.3695; -0.09819996; 240.7819; Sidewalk; 14.75159; null
15; Pedestrian; Interference; Intention; 17.10.2023 17:31:44; 805.3708; -0.09819996; 240.7819; Sidewalk; 14.77391; null
15; Pedestrian; Interference; Intention; 17.10.2023 17:31:44; 805.3739; -0.09819996; 240.7822; Sidewalk; 14.79652; null
15; Pedestrian; Interference; Intention; 17.10.2023 17:31:44; 805.3762; -0.09819996; 240.7825; Sidewalk; 14.80673; null
15; Pedestrian; Interference; Intention; 17.10.2023 17:31:44; 805.3767; -0.09819996; 240.7825; Sidewalk; 14.82942; null
15; Pedestrian; Interference; Intention; 17.10.2023 17:31:44; 805.378; -0.09819996; 240.7826; Sidewalk; 14.85211; null
15; Pedestrian; Interference; Intention; 17.10.2023 17:31:44; 805.381; -0.09819996; 240.7828; Sidewalk; 14.87352; null
15; Pedestrian; Interference; Intention; 17.10.2023 17:31:44; 805.3818; -0.09819996; 240.7829; Sidewalk; 14.89747; null
15; Pedestrian; Interference; Intention; 17.10.2023 17:31:44; 805.3827; -0.09819996; 240.7829; Sidewalk; 14.90661; null
15; Pedestrian; Interference; Intention; 17.10.2023 17:31:44; 805.3875; -0.09819996; 240.7832; Sidewalk; 14.92886; null
15; Pedestrian; Interference; Intention; 17.10.2023 17:31:45; 805.3897; -0.09819996; 240.7834; Sidewalk; 14.95109; null
15; Pedestrian; Interference; Intention; 17.10.2023 17:31:45; 805.3884; -0.09819996; 240.7832; Sidewalk; 14.97428; null
15; Pedestrian; Interference; Intention; 17.10.2023 17:31:45; 805.3912; -0.09819996; 240.7835; Sidewalk; 14.99617; null
15; Pedestrian; Interference; Intention; 17.10.2023 17:31:45; 805.3935; -0.09819996; 240.7836; Sidewalk; 15.00648; null
15; Pedestrian; Interference; Intention; 17.10.2023 17:31:45; 805.3928; -0.09819996; 240.7836; Sidewalk; 15.0288; null
15; Pedestrian; Interference; Intention; 17.10.2023 17:31:45; 805.3932; -0.09819996; 240.7836; Sidewalk; 15.05142; null
15; Pedestrian; Interference; Intention; 17.10.2023 17:31:45; 805.3962; -0.09819996; 240.7839; Sidewalk; 15.07341; null
15; Pedestrian; Interference; Intention; 17.10.2023 17:31:45; 805.3969; -0.09819996; 240.784; Sidewalk; 15.09602; null
15; Pedestrian; Interference; Intention; 17.10.2023 17:31:45; 805.3995; -0.09819996; 240.7843; Sidewalk; 15.10674; null
15; Pedestrian; Interference; Intention; 17.10.2023 17:31:45; 805.3995; -0.09819996; 240.7843; Sidewalk; 15.11996; null
15; Pedestrian; Interference; Intention; 17.10.2023 17:31:45; 805.4008; -0.09819996; 240.7845; Sidewalk; 15.15211; null
15; Pedestrian; Interference; Intention; 17.10.2023 17:31:45; 805.3989; -0.09819996; 240.7843; Sidewalk; 15.17161; null
15; Pedestrian; Interference; Intention; 17.10.2023 17:31:45; 805.4022; -0.09819996; 240.7846; Sidewalk; 15.19396; null
15; Pedestrian; Interference; Intention; 17.10.2023 17:31:45; 805.4022; -0.09819996; 240.7846; Sidewalk; 15.20467; null
15; Pedestrian; Interference; Intention; 17.10.2023 17:31:45; 805.4034; -0.09819996; 240.7847; Sidewalk; 15.22705; null
15; Pedestrian; Interference; Intention; 17.10.2023 17:31:45; 805.4067; -0.09819996; 240.785; Sidewalk; 15.24916; null
15; Pedestrian; Interference; Intention; 17.10.2023 17:31:45; 805.4071; -0.09819996; 240.7851; Sidewalk; 15.27194; null
15; Pedestrian; Interference; Intention; 17.10.2023 17:31:45; 805.4088; -0.09819996; 240.7851; Sidewalk; 15.29445; null
15; Pedestrian; Interference; Intention; 17.10.2023 17:31:45; 805.4088; -0.09819996; 240.7851; Sidewalk; 15.3057; null
15; Pedestrian; Interference; Intention; 17.10.2023 17:31:45; 805.4116; -0.09819996; 240.7853; Sidewalk; 15.32667; null
15; Pedestrian; Interference; Intention; 17.10.2023 17:31:45; 805.4114; -0.09819996; 240.7853; Sidewalk; 15.34961; null
15; Pedestrian; Interference; Intention; 17.10.2023 17:31:45; 805.412; -0.09819996; 240.7854; Sidewalk; 15.37212; Checking Box AICar
15; Pedestrian; Interference; Intention; 17.10.2023 17:31:45; 805.4131; -0.09819996; 240.7855; Sidewalk; 15.39402; Checking Box AICar
15; Pedestrian; Interference; Intention; 17.10.2023 17:31:45; 805.4132; -0.09819996; 240.7855; Sidewalk; 15.40448; Checking Box AICar
15; Pedestrian; Interference; Intention; 17.10.2023 17:31:45; 805.4147; -0.09819996; 240.7856; Sidewalk; 15.42679; Checking Box AICar
15; Pedestrian; Interference; Intention; 17.10.2023 17:31:45; 805.4163; -0.09819996; 240.7858; Sidewalk; 15.44902; Checking Box AICar
15; Pedestrian; Interference; Intention; 17.10.2023 17:31:45; 805.4163; -0.09819996; 240.7858; Sidewalk; 15.47147; Checking Box AICar
15; Pedestrian; Interference; Intention; 17.10.2023 17:31:45; 805.4169; -0.09819996; 240.7858; Sidewalk; 15.49431; Checking Box AICar
15; Pedestrian; Interference; Intention; 17.10.2023 17:31:45; 805.4171; -0.09819996; 240.7858; Sidewalk; 15.50498; Checking Box AICar
15; Pedestrian; Interference; Intention; 17.10.2023 17:31:45; 805.4142; -0.09819996; 240.7856; Sidewalk; 15.52771; Checking Box AICar
15; Pedestrian; Interference; Intention; 17.10.2023 17:31:45; 805.4156; -0.09819996; 240.7857; Sidewalk; 15.54977; Checking Box AICar
15; Pedestrian; Interference; Intention; 17.10.2023 17:31:45; 805.4165; -0.09819996; 240.7859; Sidewalk; 15.57267; Checking Box AICar
15; Pedestrian; Interference; Intention; 17.10.2023 17:31:45; 805.4163; -0.09819996; 240.7859; Sidewalk; 15.59614; Checking Box AICar
15; Pedestrian; Interference; Intention; 17.10.2023 17:31:45; 805.4145; -0.09819996; 240.7858; Sidewalk; 15.60641; Checking Box AICar
15; Pedestrian; Interference; Intention; 17.10.2023 17:31:45; 805.4139; -0.09819996; 240.7858; Sidewalk; 15.62946; Checking Box AICar
15; Pedestrian; Interference; Intention; 17.10.2023 17:31:45; 805.4139; -0.09819996; 240.7858; Sidewalk; 15.65202; Checking Box AICar
15; Pedestrian; Interference; Intention; 17.10.2023 17:31:45; 805.4163; -0.09819996; 240.7861; Sidewalk; 15.67475; Checking Box AICar
15; Pedestrian; Interference; Intention; 17.10.2023 17:31:45; 805.4166; -0.09819996; 240.7861; Sidewalk; 15.69661; Checking Box AICar
15; Pedestrian; Interference; Intention; 17.10.2023 17:31:45; 805.417; -0.09819996; 240.7862; Sidewalk; 15.70704; Checking Box AICar
15; Pedestrian; Interference; Intention; 17.10.2023 17:31:45; 805.4171; -0.09819996; 240.7862; Sidewalk; 15.7293; Checking Box AICar
15; Pedestrian; Interference; Intention; 17.10.2023 17:31:45; 805.4174; -0.09819996; 240.7862; Sidewalk; 15.75147; Checking Box AICar
15; Pedestrian; Interference; Intention; 17.10.2023 17:31:45; 805.4164; -0.09819996; 240.7862; Sidewalk; 15.77375; Checking Box AICar
15; Pedestrian; Interference; Intention; 17.10.2023 17:31:45; 805.4203; -0.09819996; 240.7866; Sidewalk; 15.79665; Checking Box AICar
15; Pedestrian; Interference; Intention; 17.10.2023 17:31:45; 805.4203; -0.09819996; 240.7865; Sidewalk; 15.80678; Checking Box AICar
15; Pedestrian; Interference; Intention; 17.10.2023 17:31:45; 805.4188; -0.09819996; 240.7864; Sidewalk; 15.82903; Checking Box AICar
15; Pedestrian; Interference; Intention; 17.10.2023 17:31:45; 805.4175; -0.09819996; 240.7864; Sidewalk; 15.85133; Checking Box AICar
15; Pedestrian; Interference; Intention; 17.10.2023 17:31:45; 805.4181; -0.09819996; 240.7865; Sidewalk; 15.87407; Checking Box AICar
15; Pedestrian; Interference; Intention; 17.10.2023 17:31:45; 805.4207; -0.09819996; 240.7868; Sidewalk; 15.8968; Checking Box AICar
15; Pedestrian; Interference; Intention; 17.10.2023 17:31:45; 805.4214; -0.09819996; 240.7869; Sidewalk; 15.9064; Checking Box AICar
15; Pedestrian; Interference; Intention; 17.10.2023 17:31:45; 805.4212; -0.09819996; 240.787; Sidewalk; 15.92929; Checking Box AICar
15; Pedestrian; Interference; Intention; 17.10.2023 17:31:46; 805.4218; -0.09819996; 240.7871; Sidewalk; 15.95232; Checking Box AICar
15; Pedestrian; Interference; Intention; 17.10.2023 17:31:46; 805.4238; -0.09819996; 240.7873; Sidewalk; 15.9736; Checking Box AICar
15; Pedestrian; Interference; Intention; 17.10.2023 17:31:46; 805.4243; -0.09819996; 240.7873; Sidewalk; 15.99647; Checking Box AICar
15; Pedestrian; Interference; Intention; 17.10.2023 17:31:46; 805.4219; -0.09819996; 240.787; Sidewalk; 16.00654; Checking Box AICar
15; Pedestrian; Interference; Intention; 17.10.2023 17:31:46; 805.4225; -0.09819996; 240.787; Sidewalk; 16.0291; Checking Box AICar
15; Pedestrian; Interference; Intention; 17.10.2023 17:31:46; 805.4233; -0.09819996; 240.787; Sidewalk; 16.0519; Checking Box AICar
15; Pedestrian; Interference; Intention; 17.10.2023 17:31:46; 805.4247; -0.09819996; 240.7872; Sidewalk; 16.07342; Checking Box AICar
15; Pedestrian; Interference; Intention; 17.10.2023 17:31:46; 805.4252; -0.09819996; 240.7873; Sidewalk; 16.09661; Checking Box AICar
15; Pedestrian; Interference; Intention; 17.10.2023 17:31:46; 805.4263; -0.09819996; 240.7875; Sidewalk; 16.1067; Checking Box AICar
15; Pedestrian; Interference; Intention; 17.10.2023 17:31:46; 805.4269; -0.09819996; 240.7875; Sidewalk; 16.12903; Checking Box AICar
15; Pedestrian; Interference; Intention; 17.10.2023 17:31:46; 805.4273; -0.09819996; 240.7876; Sidewalk; 16.15154; Checking Box AICar
15; Pedestrian; Interference; Intention; 17.10.2023 17:31:46; 805.4275; -0.09819996; 240.7876; Sidewalk; 16.17369; Checking Box AICar
15; Pedestrian; Interference; Intention; 17.10.2023 17:31:46; 805.4297; -0.09819996; 240.7877; Sidewalk; 16.19713; Checking Box AICar
15; Pedestrian; Interference; Intention; 17.10.2023 17:31:46; 805.428; -0.09819996; 240.7875; Sidewalk; 16.20657; Checking Box AICar
15; Pedestrian; Interference; Intention; 17.10.2023 17:31:46; 805.4283; -0.09819996; 240.7875; Sidewalk; 16.22828; Checking Box AICar
15; Pedestrian; Interference; Intention; 17.10.2023 17:31:46; 805.428; -0.09819996; 240.7874; Sidewalk; 16.25087; Checking Box AICar
15; Pedestrian; Interference; Intention; 17.10.2023 17:31:46; 805.428; -0.09819996; 240.7874; Sidewalk; 16.27309; Checking Box AICar
15; Pedestrian; Interference; Intention; 17.10.2023 17:31:46; 805.4291; -0.09819996; 240.7875; Sidewalk; 16.29633; Checking Box AICar
15; Pedestrian; Interference; Intention; 17.10.2023 17:31:46; 805.4301; -0.09819996; 240.7876; Sidewalk; 16.30652; Checking Box AICar
15; Pedestrian; Interference; Intention; 17.10.2023 17:31:46; 805.4304; -0.09819996; 240.7876; Sidewalk; 16.32889; Checking Box AICar
15; Pedestrian; Interference; Intention; 17.10.2023 17:31:46; 805.4321; -0.09819996; 240.7878; Sidewalk; 16.35078; Checking Box AICar
15; Pedestrian; Interference; Intention; 17.10.2023 17:31:46; 805.4344; -0.09819996; 240.7879; Sidewalk; 16.37349; Checking Box AICar
15; Pedestrian; Interference; Intention; 17.10.2023 17:31:46; 805.4351; -0.09819996; 240.7879; Sidewalk; 16.3967; Checking Box AICar
15; Pedestrian; Interference; Intention; 17.10.2023 17:31:46; 805.434; -0.09819996; 240.7879; Sidewalk; 16.40602; Checking Box AICar
15; Pedestrian; Interference; Intention; 17.10.2023 17:31:46; 805.4344; -0.09819996; 240.7879; Sidewalk; 16.4287; Checking Box AICar
15; Pedestrian; Interference; Intention; 17.10.2023 17:31:46; 805.4346; -0.09819996; 240.7879; Sidewalk; 16.45038; Checking Box AICar
15; Pedestrian; Interference; Intention; 17.10.2023 17:31:46; 805.4356; -0.09819996; 240.788; Sidewalk; 16.47324; Checking Box AICar
15; Pedestrian; Interference; Intention; 17.10.2023 17:31:46; 805.4348; -0.09819996; 240.7879; Sidewalk; 16.49595; Checking Box AICar
15; Pedestrian; Interference; Intention; 17.10.2023 17:31:46; 805.4344; -0.09819996; 240.7879; Sidewalk; 16.50628; Checking Box AICar
15; Pedestrian; Interference; Intention; 17.10.2023 17:31:46; 805.4339; -0.09819996; 240.7878; Sidewalk; 16.52844; Checking Box AICar
15; Pedestrian; Interference; Intention; 17.10.2023 17:31:46; 805.4341; -0.09819996; 240.7878; Sidewalk; 16.55034; Checking Box AICar
15; Pedestrian; Interference; Intention; 17.10.2023 17:31:46; 805.4351; -0.09819996; 240.7878; Sidewalk; 16.57322; Checking Box AICar
15; Pedestrian; Interference; Intention; 17.10.2023 17:31:46; 805.4359; -0.09819996; 240.7879; Sidewalk; 16.59569; Checking Box AICar
15; Pedestrian; Interference; Intention; 17.10.2023 17:31:46; 805.4356; -0.09819996; 240.7878; Sidewalk; 16.60613; Checking Box AICar
15; Pedestrian; Interference; Intention; 17.10.2023 17:31:46; 805.4355; -0.09819996; 240.7877; Sidewalk; 16.62899; Checking Box AICar
15; Pedestrian; Interference; Intention; 17.10.2023 17:31:46; 805.436; -0.09819996; 240.7877; Sidewalk; 16.65053; Checking Box AICar
15; Pedestrian; Interference; Intention; 17.10.2023 17:31:46; 805.4355; -0.09819996; 240.7877; Sidewalk; 16.67284; Checking Box AICar
15; Pedestrian; Interference; Intention; 17.10.2023 17:31:46; 805.4354; -0.09819996; 240.7876; Sidewalk; 16.69595; Checking Box AICar
15; Pedestrian; Interference; Intention; 17.10.2023 17:31:46; 805.436; -0.09819996; 240.7877; Sidewalk; 16.70598; Checking Box AICar
15; Pedestrian; Interference; Intention; 17.10.2023 17:31:46; 805.437; -0.09819996; 240.7877; Sidewalk; 16.72809; Checking Box AICar
15; Pedestrian; Interference; Intention; 17.10.2023 17:31:46; 805.4355; -0.09819996; 240.7876; Sidewalk; 16.75042; Checking Box AICar
15; Pedestrian; Interference; Intention; 17.10.2023 17:31:46; 805.4352; -0.09819996; 240.7875; Sidewalk; 16.77351; Checking Box AICar
15; Pedestrian; Interference; Intention; 17.10.2023 17:31:46; 805.4349; -0.09819996; 240.7874; Sidewalk; 16.7965; Checking Box AICar
15; Pedestrian; Interference; Intention; 17.10.2023 17:31:46; 805.4348; -0.09819996; 240.7874; Sidewalk; 16.80678; Checking Box AICar
15; Pedestrian; Interference; Intention; 17.10.2023 17:31:46; 805.437; -0.09819996; 240.7876; Sidewalk; 16.82894; Checking Box AICar
15; Pedestrian; Interference; Intention; 17.10.2023 17:31:46; 805.4368; -0.09819996; 240.7875; Sidewalk; 16.8519; Checking Box AICar
15; Pedestrian; Interference; Intention; 17.10.2023 17:31:46; 805.436; -0.09819996; 240.7874; Sidewalk; 16.87368; Checking Box AICar
15; Pedestrian; Interference; Intention; 17.10.2023 17:31:46; 805.4337; -0.09819996; 240.7872; Sidewalk; 16.8963; Checking Box AICar
15; Pedestrian; Interference; Intention; 17.10.2023 17:31:46; 805.433; -0.09819996; 240.7872; Sidewalk; 16.90692; Checking Box AICar
15; Pedestrian; Interference; Intention; 17.10.2023 17:31:46; 805.4332; -0.09819996; 240.7871; Sidewalk; 16.9289; Checking Box AICar
15; Pedestrian; Interference; Intention; 17.10.2023 17:31:47; 805.4316; -0.09819996; 240.787; Sidewalk; 16.95104; Checking Box AICar
15; Pedestrian; Interference; Intention; 17.10.2023 17:31:47; 805.4311; -0.09819996; 240.787; Sidewalk; 16.9734; Checking Box AICar
15; Pedestrian; Interference; Intention; 17.10.2023 17:31:47; 805.4293; -0.09819996; 240.7869; Sidewalk; 16.99564; Checking Box AICar
15; Pedestrian; Interference; Intention; 17.10.2023 17:31:47; 805.4284; -0.09819996; 240.7869; Sidewalk; 17.00614; Checking Box AICar
15; Pedestrian; Interference; Intention; 17.10.2023 17:31:47; 805.4284; -0.09819996; 240.7869; Sidewalk; 17.02876; Checking Box AICar
15; Pedestrian; Interference; Intention; 17.10.2023 17:31:47; 805.4285; -0.09819996; 240.7869; Sidewalk; 17.05097; Checking Box AICar
15; Pedestrian; Interference; Intention; 17.10.2023 17:31:47; 805.426; -0.09819996; 240.7868; Sidewalk; 17.07316; Checking Box AICar
15; Pedestrian; Interference; Intention; 17.10.2023 17:31:47; 805.4241; -0.09819996; 240.7867; Sidewalk; 17.09615; Checking Box AICar
15; Pedestrian; Interference; Intention; 17.10.2023 17:31:47; 805.4213; -0.09819996; 240.7864; Sidewalk; 17.10609; Checking Box AICar
15; Pedestrian; Interference; Intention; 17.10.2023 17:31:47; 805.4186; -0.09819996; 240.7861; Sidewalk; 17.1288; Checking Box AICar
15; Pedestrian; Interference; Intention; 17.10.2023 17:31:47; 805.4146; -0.09819996; 240.7858; Sidewalk; 17.15043; Checking Box AICar
15; Pedestrian; Interference; Intention; 17.10.2023 17:31:47; 805.4144; -0.09819996; 240.7859; Sidewalk; 17.17311; Checking Box AICar
15; Pedestrian; Interference; Intention; 17.10.2023 17:31:47; 805.4122; -0.09819996; 240.7857; Sidewalk; 17.19579; Checking Box AICar
15; Pedestrian; Interference; Intention; 17.10.2023 17:31:47; 805.4083; -0.09819996; 240.7854; Sidewalk; 17.20648; Checking Box AICar
15; Pedestrian; Interference; Intention; 17.10.2023 17:31:47; 805.4086; -0.09819996; 240.7854; Sidewalk; 17.22856; Checking Box AICar
15; Pedestrian; Interference; Intention; 17.10.2023 17:31:47; 805.41; -0.09819996; 240.7856; Sidewalk; 17.2515; Checking Box AICar
15; Pedestrian; Interference; Intention; 17.10.2023 17:31:47; 805.4076; -0.09819996; 240.7854; Sidewalk; 17.27376; Checking Box AICar
15; Pedestrian; Interference; Intention; 17.10.2023 17:31:47; 805.4081; -0.09819996; 240.7855; Sidewalk; 17.29611; Checking Box AICar
15; Pedestrian; Interference; Intention; 17.10.2023 17:31:47; 805.4086; -0.09819996; 240.7855; Sidewalk; 17.30699; Checking Box AICar
15; Pedestrian; Interference; Intention; 17.10.2023 17:31:47; 805.4073; -0.09819996; 240.7855; Sidewalk; 17.32937; Checking Box AICar
15; Pedestrian; Interference; Intention; 17.10.2023 17:31:47; 805.4034; -0.09819996; 240.7852; Sidewalk; 17.35097; Checking Box AICar
15; Pedestrian; Interference; Intention; 17.10.2023 17:31:47; 805.4016; -0.09819996; 240.7851; Sidewalk; 17.37359; Checking Box AICar
15; Pedestrian; Interference; Intention; 17.10.2023 17:31:47; 805.4008; -0.09819996; 240.785; Sidewalk; 17.39647; Checking Box AICar
15; Pedestrian; Interference; Intention; 17.10.2023 17:31:47; 805.4004; -0.09819996; 240.7849; Sidewalk; 17.40615; Checking Box AICar
15; Pedestrian; Interference; Intention; 17.10.2023 17:31:47; 805.4; -0.09819996; 240.7849; Sidewalk; 17.42869; Checking Box AICar
15; Pedestrian; Interference; Intention; 17.10.2023 17:31:47; 805.3989; -0.09819996; 240.7848; Sidewalk; 17.45056; Checking Box AICar
15; Pedestrian; Interference; Intention; 17.10.2023 17:31:47; 805.3997; -0.09819996; 240.7849; Sidewalk; 17.47361; Checking Box AICar
15; Pedestrian; Interference; Intention; 17.10.2023 17:31:47; 805.3989; -0.09819996; 240.7849; Sidewalk; 17.49693; Checking Box AICar
15; Pedestrian; Interference; Intention; 17.10.2023 17:31:47; 805.3988; -0.09819996; 240.7849; Sidewalk; 17.5068; Checking Box AICar
15; Pedestrian; Interference; Intention; 17.10.2023 17:31:47; 805.4027; -0.09819996; 240.7852; Sidewalk; 17.52738; Checking Box AICar
15; Pedestrian; Interference; Intention; 17.10.2023 17:31:47; 805.4033; -0.09819996; 240.7853; Sidewalk; 17.54995; Checking Box AICar
15; Pedestrian; Interference; Intention; 17.10.2023 17:31:47; 805.4001; -0.09819996; 240.785; Sidewalk; 17.57311; Checking Box AICar
15; Pedestrian; Interference; Intention; 17.10.2023 17:31:47; 805.3998; -0.09819996; 240.785; Sidewalk; 17.59561; Checking Box AICar
15; Pedestrian; Interference; Intention; 17.10.2023 17:31:47; 805.3961; -0.09819996; 240.7847; Sidewalk; 17.60635; Checking Box AICar
15; Pedestrian; Interference; Intention; 17.10.2023 17:31:47; 805.3975; -0.09819996; 240.7849; Sidewalk; 17.62718; BicycleInterference
15; Pedestrian; Interference; Intention; 17.10.2023 17:31:47; 805.3967; -0.09819996; 240.7848; Sidewalk; 17.64926; BicycleInterference
15; Pedestrian; Interference; Intention; 17.10.2023 17:31:47; 805.3962; -0.09819996; 240.7848; Sidewalk; 17.67177; BicycleInterference
15; Pedestrian; Interference; Intention; 17.10.2023 17:31:47; 805.397; -0.09819996; 240.7848; Sidewalk; 17.69338; BicycleInterference
15; Pedestrian; Interference; Intention; 17.10.2023 17:31:47; 805.3969; -0.09819996; 240.7848; Sidewalk; 17.70402; BicycleInterference
15; Pedestrian; Interference; Intention; 17.10.2023 17:31:47; 805.4027; -0.09819996; 240.7852; Sidewalk; 17.72593; BicycleInterference
15; Pedestrian; Interference; Intention; 17.10.2023 17:31:47; 805.4051; -0.09819996; 240.7854; Sidewalk; 17.74851; BicycleInterference
15; Pedestrian; Interference; Intention; 17.10.2023 17:31:47; 805.4089; -0.09819996; 240.7856; Sidewalk; 17.77074; BicycleInterference
15; Pedestrian; Interference; Intention; 17.10.2023 17:31:47; 805.4064; -0.09819996; 240.7854; Sidewalk; 17.79311; BicycleInterference
15; Pedestrian; Interference; Intention; 17.10.2023 17:31:47; 805.4051; -0.09819996; 240.7852; Sidewalk; 17.80397; BicycleInterference
15; Pedestrian; Interference; Intention; 17.10.2023 17:31:47; 805.4066; -0.09819996; 240.7853; Sidewalk; 17.82616; BicycleInterference
15; Pedestrian; Interference; Intention; 17.10.2023 17:31:47; 805.4056; -0.09819996; 240.7851; Sidewalk; 17.84874; BicycleInterference
15; Pedestrian; Interference; Intention; 17.10.2023 17:31:47; 805.4067; -0.09819996; 240.7852; Sidewalk; 17.87063; BicycleInterference
15; Pedestrian; Interference; Intention; 17.10.2023 17:31:47; 805.4066; -0.09819996; 240.7851; Sidewalk; 17.89322; BicycleInterference
15; Pedestrian; Interference; Intention; 17.10.2023 17:31:47; 805.4081; -0.09819996; 240.7853; Sidewalk; 17.90417; BicycleInterference
15; Pedestrian; Interference; Intention; 17.10.2023 17:31:47; 805.4074; -0.09819996; 240.7852; Sidewalk; 17.92965; BicycleInterference
15; Pedestrian; Interference; Intention; 17.10.2023 17:31:48; 805.4112; -0.09819996; 240.7854; Sidewalk; 17.94836; BicycleInterference
15; Pedestrian; Interference; Intention; 17.10.2023 17:31:48; 805.4102; -0.09819996; 240.7852; Sidewalk; 17.97063; BicycleInterference
15; Pedestrian; Interference; Intention; 17.10.2023 17:31:48; 805.4135; -0.09819996; 240.7854; Sidewalk; 17.9935; BicycleInterference
15; Pedestrian; Interference; Intention; 17.10.2023 17:31:48; 805.4149; -0.09819996; 240.7855; Sidewalk; 18.00382; BicycleInterference
15; Pedestrian; Interference; Intention; 17.10.2023 17:31:48; 805.4169; -0.09819996; 240.7855; Sidewalk; 18.02623; BicycleInterference
15; Pedestrian; Interference; Intention; 17.10.2023 17:31:48; 805.4139; -0.09819996; 240.7853; Sidewalk; 18.04858; BicycleInterference
15; Pedestrian; Interference; Intention; 17.10.2023 17:31:48; 805.4127; -0.09819996; 240.7851; Sidewalk; 18.07346; BicycleInterference
15; Pedestrian; Interference; Intention; 17.10.2023 17:31:48; 805.4144; -0.09819996; 240.7853; Sidewalk; 18.09619; BicycleInterference
15; Pedestrian; Interference; Intention; 17.10.2023 17:31:48; 805.4138; -0.09819996; 240.7852; Sidewalk; 18.10451; BicycleInterference
15; Pedestrian; Interference; Intention; 17.10.2023 17:31:48; 805.4132; -0.09819996; 240.7851; Sidewalk; 18.12584; BicycleInterference
15; Pedestrian; Interference; Intention; 17.10.2023 17:31:48; 805.4157; -0.09819996; 240.7852; Sidewalk; 18.1484; BicycleInterference
15; Pedestrian; Interference; Intention; 17.10.2023 17:31:48; 805.4147; -0.09819996; 240.7852; Sidewalk; 18.17014; BicycleInterference
15; Pedestrian; Interference; Intention; 17.10.2023 17:31:48; 805.4138; -0.09819996; 240.7852; Sidewalk; 18.19257; BicycleInterference
15; Pedestrian; Interference; Intention; 17.10.2023 17:31:48; 805.4164; -0.09819996; 240.7856; Sidewalk; 18.2036; BicycleInterference
15; Pedestrian; Interference; Intention; 17.10.2023 17:31:48; 805.4167; -0.09819996; 240.7857; Sidewalk; 18.22638; BicycleInterference
15; Pedestrian; Interference; Intention; 17.10.2023 17:31:48; 805.4171; -0.09819996; 240.7859; Sidewalk; 18.24796; BicycleInterference
15; Pedestrian; Interference; Intention; 17.10.2023 17:31:48; 805.4149; -0.09819996; 240.7859; Sidewalk; 18.27125; BicycleInterference
15; Pedestrian; Interference; Intention; 17.10.2023 17:31:48; 805.4154; -0.09819996; 240.786; Sidewalk; 18.29264; BicycleInterference
15; Pedestrian; Interference; Intention; 17.10.2023 17:31:48; 805.4136; -0.09819996; 240.7859; Sidewalk; 18.30386; BicycleInterference
15; Pedestrian; Interference; Intention; 17.10.2023 17:31:48; 805.4144; -0.09819996; 240.786; Sidewalk; 18.32544; BicycleInterference
15; Pedestrian; Interference; Intention; 17.10.2023 17:31:48; 805.4092; -0.09819996; 240.7857; Sidewalk; 18.34801; BicycleInterference
15; Pedestrian; Interference; Intention; 17.10.2023 17:31:48; 805.4047; -0.09819996; 240.7854; Sidewalk; 18.37006; BicycleInterference
15; Pedestrian; Interference; Intention; 17.10.2023 17:31:48; 805.4056; -0.09819996; 240.7854; Sidewalk; 18.39382; BicycleInterference
15; Pedestrian; Interference; Intention; 17.10.2023 17:31:48; 805.4028; -0.09819996; 240.7851; Sidewalk; 18.40314; BicycleInterference
15; Pedestrian; Interference; Intention; 17.10.2023 17:31:48; 805.3966; -0.09819996; 240.7846; Sidewalk; 18.42567; BicycleInterference
15; Pedestrian; Interference; Intention; 17.10.2023 17:31:48; 805.3967; -0.09819996; 240.7846; Sidewalk; 18.44783; BicycleInterference
15; Pedestrian; Interference; Intention; 17.10.2023 17:31:48; 805.3961; -0.09819996; 240.7847; Sidewalk; 18.47014; null
15; Pedestrian; Interference; Intention; 17.10.2023 17:31:48; 805.3981; -0.09819996; 240.7848; Sidewalk; 18.49271; null
15; Pedestrian; Interference; Intention; 17.10.2023 17:31:48; 805.3979; -0.09819996; 240.7848; Sidewalk; 18.50381; null
15; Pedestrian; Interference; Intention; 17.10.2023 17:31:48; 805.3925; -0.09819996; 240.7843; Sidewalk; 18.52697; null
15; Pedestrian; Interference; Intention; 17.10.2023 17:31:48; 805.3887; -0.09819996; 240.7839; Sidewalk; 18.54906; null
15; Pedestrian; Interference; Intention; 17.10.2023 17:31:48; 805.3884; -0.09819996; 240.7838; Sidewalk; 18.57222; Checking Box AICar
15; Pedestrian; Interference; Intention; 17.10.2023 17:31:48; 805.3869; -0.09819996; 240.7836; Sidewalk; 18.59493; Checking Box AICar
15; Pedestrian; Interference; Intention; 17.10.2023 17:31:48; 805.3879; -0.09819996; 240.7836; Sidewalk; 18.60533; Checking Box AICar
15; Pedestrian; Interference; Intention; 17.10.2023 17:31:48; 805.3882; -0.09819996; 240.7834; Sidewalk; 18.62747; Checking Box AICar
15; Pedestrian; Interference; Intention; 17.10.2023 17:31:48; 805.3843; -0.09819996; 240.783; Sidewalk; 18.65005; Checking Box AICar
15; Pedestrian; Interference; Intention; 17.10.2023 17:31:48; 805.3831; -0.09819996; 240.7826; Sidewalk; 18.6725; Checking Box AICar
15; Pedestrian; Interference; Intention; 17.10.2023 17:31:48; 805.379; -0.09819996; 240.7822; Sidewalk; 18.69448; Checking Box AICar
15; Pedestrian; Interference; Intention; 17.10.2023 17:31:48; 805.3794; -0.09819996; 240.782; Sidewalk; 18.70508; Checking Box AICar
15; Pedestrian; Interference; Intention; 17.10.2023 17:31:48; 805.3773; -0.09819996; 240.7816; Sidewalk; 18.72727; Checking Box AICar
15; Pedestrian; Interference; Intention; 17.10.2023 17:31:48; 805.3778; -0.09819996; 240.7814; Sidewalk; 18.74954; Checking Box AICar
15; Pedestrian; Interference; Intention; 17.10.2023 17:31:48; 805.3744; -0.09819996; 240.781; Sidewalk; 18.77246; Checking Box AICar
15; Pedestrian; Interference; Intention; 17.10.2023 17:31:48; 805.3749; -0.09819996; 240.781; Sidewalk; 18.79433; Checking Box AICar
15; Pedestrian; Interference; Intention; 17.10.2023 17:31:48; 805.3721; -0.09819996; 240.7808; Sidewalk; 18.80506; Checking Box AICar
15; Pedestrian; Interference; Intention; 17.10.2023 17:31:48; 805.3693; -0.09819996; 240.7805; Sidewalk; 18.82719; Checking Box AICar
15; Pedestrian; Interference; Intention; 17.10.2023 17:31:48; 805.3694; -0.09819996; 240.7804; Sidewalk; 18.84956; Checking Box AICar
15; Pedestrian; Interference; Intention; 17.10.2023 17:31:48; 805.368; -0.09819996; 240.7803; Sidewalk; 18.87234; Checking Box AICar
15; Pedestrian; Interference; Intention; 17.10.2023 17:31:48; 805.3672; -0.09819996; 240.7802; Sidewalk; 18.89419; Checking Box AICar
15; Pedestrian; Interference; Intention; 17.10.2023 17:31:48; 805.3644; -0.09819996; 240.7799; Sidewalk; 18.90492; Checking Box AICar
15; Pedestrian; Interference; Intention; 17.10.2023 17:31:49; 805.3641; -0.09819996; 240.7798; Sidewalk; 18.92708; Checking Box AICar
15; Pedestrian; Interference; Intention; 17.10.2023 17:31:49; 805.3643; -0.09819996; 240.7798; Sidewalk; 18.95026; Checking Box AICar
15; Pedestrian; Interference; Intention; 17.10.2023 17:31:49; 805.3658; -0.09819996; 240.7799; Sidewalk; 18.97193; Checking Box AICar
15; Pedestrian; Interference; Intention; 17.10.2023 17:31:49; 805.3654; -0.09819996; 240.7799; Sidewalk; 18.99443; Checking Box AICar
15; Pedestrian; Interference; Intention; 17.10.2023 17:31:49; 805.3646; -0.09819996; 240.7799; Sidewalk; 19.0052; Checking Box AICar
15; Pedestrian; Interference; Intention; 17.10.2023 17:31:49; 805.3647; -0.09819996; 240.7799; Sidewalk; 19.02756; Checking Box AICar
15; Pedestrian; Interference; Intention; 17.10.2023 17:31:49; 805.3655; -0.09819996; 240.7798; Sidewalk; 19.04947; Checking Box AICar
15; Pedestrian; Interference; Intention; 17.10.2023 17:31:49; 805.3643; -0.09819996; 240.7797; Sidewalk; 19.07231; Checking Box AICar
15; Pedestrian; Interference; Intention; 17.10.2023 17:31:49; 805.3664; -0.09819996; 240.7798; Sidewalk; 19.09426; Checking Box AICar
15; Pedestrian; Interference; Intention; 17.10.2023 17:31:49; 805.365; -0.09819996; 240.7796; Sidewalk; 19.10489; Checking Box AICar
15; Pedestrian; Interference; Intention; 17.10.2023 17:31:49; 805.366; -0.09819996; 240.7796; Sidewalk; 19.12694; Checking Box AICar
15; Pedestrian; Interference; Intention; 17.10.2023 17:31:49; 805.3648; -0.09819996; 240.7794; Sidewalk; 19.15; Checking Box AICar
15; Pedestrian; Interference; Intention; 17.10.2023 17:31:49; 805.3632; -0.09819996; 240.7792; Sidewalk; 19.17635; Checking Box AICar
15; Pedestrian; Interference; Intention; 17.10.2023 17:31:49; 805.3665; -0.09819996; 240.7794; Sidewalk; 19.19336; Checking Box AICar
15; Pedestrian; Interference; Intention; 17.10.2023 17:31:49; 805.3665; -0.09819996; 240.7793; Sidewalk; 19.20307; Checking Box AICar
15; Pedestrian; Interference; Intention; 17.10.2023 17:31:49; 805.3672; -0.09819996; 240.7793; Sidewalk; 19.22494; Checking Box AICar
15; Pedestrian; Interference; Intention; 17.10.2023 17:31:49; 805.3662; -0.09819996; 240.7791; Sidewalk; 19.24745; Checking Box AICar
15; Pedestrian; Interference; Intention; 17.10.2023 17:31:49; 805.369; -0.09819996; 240.7793; Sidewalk; 19.26978; Checking Box AICar
15; Pedestrian; Interference; Intention; 17.10.2023 17:31:49; 805.3703; -0.09819996; 240.7793; Sidewalk; 19.29229; Checking Box AICar
15; Pedestrian; Interference; Intention; 17.10.2023 17:31:49; 805.3655; -0.09819996; 240.7789; Sidewalk; 19.30306; Checking Box AICar
15; Pedestrian; Interference; Intention; 17.10.2023 17:31:49; 805.3668; -0.09819996; 240.7789; Sidewalk; 19.325; Checking Box AICar
15; Pedestrian; Interference; Intention; 17.10.2023 17:31:49; 805.366; -0.09819996; 240.7787; Sidewalk; 19.34759; Checking Box AICar
15; Pedestrian; Interference; Intention; 17.10.2023 17:31:49; 805.3642; -0.09819996; 240.7784; Sidewalk; 19.37029; Checking Box AICar
15; Pedestrian; Interference; Intention; 17.10.2023 17:31:49; 805.3607; -0.09819996; 240.7779; Sidewalk; 19.39286; Checking Box AICar
15; Pedestrian; Interference; Intention; 17.10.2023 17:31:49; 805.3584; -0.09819996; 240.7776; Sidewalk; 19.4029; Checking Box AICar
15; Pedestrian; Interference; Intention; 17.10.2023 17:31:49; 805.358; -0.09819996; 240.7775; Sidewalk; 19.42584; Checking Box AICar
15; Pedestrian; Interference; Intention; 17.10.2023 17:31:49; 805.3604; -0.09819996; 240.7775; Sidewalk; 19.44735; Checking Box AICar
15; Pedestrian; Interference; Intention; 17.10.2023 17:31:49; 805.3632; -0.09819996; 240.7776; Sidewalk; 19.4696; Checking Box AICar
15; Pedestrian; Interference; Intention; 17.10.2023 17:31:49; 805.3633; -0.09819996; 240.7775; Sidewalk; 19.49204; Checking Box AICar
15; Pedestrian; Interference; Intention; 17.10.2023 17:31:49; 805.3653; -0.09819996; 240.7775; Sidewalk; 19.50278; Checking Box AICar
15; Pedestrian; Interference; Intention; 17.10.2023 17:31:49; 805.3681; -0.09819996; 240.7776; Sidewalk; 19.52496; Checking Box AICar
15; Pedestrian; Interference; Intention; 17.10.2023 17:31:49; 805.3697; -0.09819996; 240.7777; Sidewalk; 19.54702; Checking Box AICar
15; Pedestrian; Interference; Intention; 17.10.2023 17:31:49; 805.3707; -0.09819996; 240.7777; Sidewalk; 19.5694; Checking Box AICar
15; Pedestrian; Interference; Intention; 17.10.2023 17:31:49; 805.3728; -0.09819996; 240.7778; Sidewalk; 19.59247; Checking Box AICar
15; Pedestrian; Interference; Intention; 17.10.2023 17:31:49; 805.3715; -0.09819996; 240.7777; Sidewalk; 19.60326; Checking Box AICar
15; Pedestrian; Interference; Intention; 17.10.2023 17:31:49; 805.3756; -0.09819996; 240.778; Sidewalk; 19.62583; Checking Box AICar
15; Pedestrian; Interference; Intention; 17.10.2023 17:31:49; 805.3794; -0.09819996; 240.7783; Sidewalk; 19.64885; Checking Box AICar
15; Pedestrian; Interference; Intention; 17.10.2023 17:31:49; 805.3776; -0.09819996; 240.7781; Sidewalk; 19.67193; Checking Box AICar
15; Pedestrian; Interference; Intention; 17.10.2023 17:31:49; 805.3798; -0.09819996; 240.7783; Sidewalk; 19.69394; Checking Box AICar
15; Pedestrian; Interference; Intention; 17.10.2023 17:31:49; 805.3802; -0.09819996; 240.7783; Sidewalk; 19.70485; Checking Box AICar
15; Pedestrian; Interference; Intention; 17.10.2023 17:31:49; 805.3821; -0.09819996; 240.7784; Sidewalk; 19.72757; Checking Box AICar
15; Pedestrian; Interference; Intention; 17.10.2023 17:31:49; 805.3818; -0.09819996; 240.7783; Sidewalk; 19.74929; Checking Box AICar
15; Pedestrian; Interference; Intention; 17.10.2023 17:31:49; 805.3837; -0.09819996; 240.7785; Sidewalk; 19.77224; Checking Box AICar
15; Pedestrian; Interference; Intention; 17.10.2023 17:31:49; 805.3832; -0.09819996; 240.7785; Sidewalk; 19.79374; Checking Box AICar
15; Pedestrian; Interference; Intention; 17.10.2023 17:31:49; 805.3842; -0.09819996; 240.7786; Sidewalk; 19.80475; Checking Box AICar
15; Pedestrian; Interference; Intention; 17.10.2023 17:31:49; 805.3845; -0.09819996; 240.7786; Sidewalk; 19.82683; Checking Box AICar
15; Pedestrian; Interference; Intention; 17.10.2023 17:31:49; 805.3806; -0.09819996; 240.7783; Sidewalk; 19.85016; Checking Box AICar
15; Pedestrian; Interference; Intention; 17.10.2023 17:31:49; 805.3789; -0.09819996; 240.7781; Sidewalk; 19.87241; Checking Box AICar
15; Pedestrian; Interference; Intention; 17.10.2023 17:31:49; 805.3763; -0.09819996; 240.7779; Sidewalk; 19.89413; Checking Box AICar
15; Pedestrian; Interference; Intention; 17.10.2023 17:31:49; 805.3759; -0.09819996; 240.7779; Sidewalk; 19.90586; Checking Box AICar
15; Pedestrian; Interference; Intention; 17.10.2023 17:31:50; 805.375; -0.09819996; 240.7778; Sidewalk; 19.9274; Checking Box AICar
15; Pedestrian; Interference; Intention; 17.10.2023 17:31:50; 805.374; -0.09819996; 240.7777; Sidewalk; 19.95002; Checking Box AICar
15; Pedestrian; Interference; Intention; 17.10.2023 17:31:50; 805.3752; -0.09819996; 240.7776; Sidewalk; 19.97175; Checking Box AICar
15; Pedestrian; Interference; Intention; 17.10.2023 17:31:50; 805.3737; -0.09819996; 240.7775; Sidewalk; 19.99402; Checking Box AICar
15; Pedestrian; Interference; Intention; 17.10.2023 17:31:50; 805.3756; -0.09819996; 240.7776; Sidewalk; 20.00492; Checking Box AICar
15; Pedestrian; Interference; Intention; 17.10.2023 17:31:50; 805.3766; -0.09819996; 240.7777; Sidewalk; 20.02682; Checking Box AICar
15; Pedestrian; Interference; Intention; 17.10.2023 17:31:50; 805.3777; -0.09819996; 240.7777; Sidewalk; 20.04984; null
15; Pedestrian; Interference; Intention; 17.10.2023 17:31:50; 805.374; -0.09819996; 240.7774; Sidewalk; 20.07166; null
15; Pedestrian; Interference; Intention; 17.10.2023 17:31:50; 805.3743; -0.09819996; 240.7774; Sidewalk; 20.08323; null
15; Pedestrian; Interference; Intention; 17.10.2023 17:31:50; 805.3743; -0.09819996; 240.7774; Sidewalk; 20.08323; null
15; Pedestrian; Interference; Intention; 17.10.2023 17:31:50; 805.3726; -0.09819996; 240.7772; Sidewalk; 20.13344; Checking Box Human Car
15; Pedestrian; Interference; Intention; 17.10.2023 17:31:50; 805.3741; -0.09819996; 240.7773; Sidewalk; 20.15087; Checking Box Human Car
15; Pedestrian; Interference; Intention; 17.10.2023 17:31:50; 805.3741; -0.09819996; 240.7774; Sidewalk; 20.16922; null
15; Pedestrian; Interference; Intention; 17.10.2023 17:31:50; 805.3754; -0.09819996; 240.7774; Sidewalk; 20.1925; null
15; Pedestrian; Interference; Intention; 17.10.2023 17:31:50; 805.3773; -0.09819996; 240.7776; Sidewalk; 20.20241; null
15; Pedestrian; Interference; Intention; 17.10.2023 17:31:50; 805.3751; -0.09819996; 240.7775; Sidewalk; 20.22488; null
15; Pedestrian; Interference; Intention; 17.10.2023 17:31:50; 805.3766; -0.09819996; 240.7777; Sidewalk; 20.24903; null
15; Pedestrian; Interference; Intention; 17.10.2023 17:31:50; 805.3773; -0.09819996; 240.7778; Sidewalk; 20.27227; null
15; Pedestrian; Interference; Intention; 17.10.2023 17:31:50; 805.3788; -0.09819996; 240.7779; Sidewalk; 20.29217; null
15; Pedestrian; Interference; Intention; 17.10.2023 17:31:50; 805.3782; -0.09819996; 240.7778; Sidewalk; 20.30359; null
15; Pedestrian; Interference; Intention; 17.10.2023 17:31:50; 805.3755; -0.09819996; 240.7777; Sidewalk; 20.32471; null
15; Pedestrian; Interference; Intention; 17.10.2023 17:31:50; 805.3718; -0.09819996; 240.7775; Sidewalk; 20.34705; Checking Box Human Car
15; Pedestrian; Interference; Intention; 17.10.2023 17:31:50; 805.3698; -0.09819996; 240.7775; Sidewalk; 20.36937; Checking Box Human Car
15; Pedestrian; Interference; Intention; 17.10.2023 17:31:50; 805.3676; -0.09819996; 240.7774; Sidewalk; 20.39199; Checking Box Human Car
15; Pedestrian; Interference; Intention; 17.10.2023 17:31:50; 805.3665; -0.09819996; 240.7774; Sidewalk; 20.40387; Checking Box Human Car
15; Pedestrian; Interference; Intention; 17.10.2023 17:31:50; 805.3646; -0.09819996; 240.7773; Sidewalk; 20.42593; Checking Box Human Car
15; Pedestrian; Interference; Intention; 17.10.2023 17:31:50; 805.3611; -0.09819996; 240.7771; Sidewalk; 20.44791; Checking Box Human Car
15; Pedestrian; Interference; Intention; 17.10.2023 17:31:50; 805.3608; -0.09819996; 240.7771; Sidewalk; 20.46934; Checking Box Human Car
15; Pedestrian; Interference; Intention; 17.10.2023 17:31:50; 805.3552; -0.09819996; 240.7769; Sidewalk; 20.49214; Checking Box Human Car
15; Pedestrian; Interference; Intention; 17.10.2023 17:31:50; 805.3571; -0.09819996; 240.7772; Sidewalk; 20.5026; Checking Box AICar
15; Pedestrian; Interference; Intention; 17.10.2023 17:31:50; 805.3529; -0.09819996; 240.7776; Sidewalk; 20.52449; Checking Box AICar
15; Pedestrian; Interference; Intention; 17.10.2023 17:31:50; 805.3465; -0.09819996; 240.7781; Sidewalk; 20.5471; Checking Box AICar
15; Pedestrian; Interference; Intention; 17.10.2023 17:31:50; 805.3408; -0.09819996; 240.779; Sidewalk; 20.57171; Checking Box AICar
15; Pedestrian; Interference; Intention; 17.10.2023 17:31:50; 805.3321; -0.09819996; 240.78; Sidewalk; 20.59214; Checking Box AICar
15; Pedestrian; Interference; Intention; 17.10.2023 17:31:50; 805.3282; -0.09819996; 240.7808; Sidewalk; 20.60253; Checking Box AICar
15; Pedestrian; Interference; Intention; 17.10.2023 17:31:50; 805.3205; -0.09819996; 240.7823; Sidewalk; 20.62436; Checking Box AICar
15; Pedestrian; Interference; Intention; 17.10.2023 17:31:50; 805.3153; -0.09819996; 240.7844; Sidewalk; 20.64722; Checking Box AICar
15; Pedestrian; Interference; Intention; 17.10.2023 17:31:50; 805.3076; -0.09819996; 240.7863; Sidewalk; 20.66956; Checking Box AICar
15; Pedestrian; Interference; Intention; 17.10.2023 17:31:50; 805.3027; -0.09819996; 240.7884; Sidewalk; 20.69194; Checking Box AICar
15; Pedestrian; Interference; Intention; 17.10.2023 17:31:50; 805.3021; -0.09819996; 240.7897; Sidewalk; 20.70313; Checking Box AICar
15; Pedestrian; Interference; Intention; 17.10.2023 17:31:50; 805.2918; -0.09819996; 240.7913; Sidewalk; 20.72919; Checking Box AICar
15; Pedestrian; Interference; Intention; 17.10.2023 17:31:50; 805.285; -0.09819996; 240.7932; Sidewalk; 20.7477; Checking Box AICar
15; Pedestrian; Interference; Intention; 17.10.2023 17:31:50; 805.2775; -0.09819996; 240.7949; Sidewalk; 20.76897; Checking Box AICar
15; Pedestrian; Interference; Intention; 17.10.2023 17:31:50; 805.2739; -0.09819996; 240.7965; Sidewalk; 20.79116; Checking Box AICar
15; Pedestrian; Interference; Intention; 17.10.2023 17:31:50; 805.2725; -0.09819996; 240.7971; Sidewalk; 20.8023; Checking Box AICar
15; Pedestrian; Interference; Intention; 17.10.2023 17:31:50; 805.2695; -0.09819996; 240.7984; Sidewalk; 20.82429; Checking Box AICar
15; Pedestrian; Interference; Intention; 17.10.2023 17:31:50; 805.2697; -0.09819996; 240.7998; Sidewalk; 20.84663; Checking Box AICar
15; Pedestrian; Interference; Intention; 17.10.2023 17:31:50; 805.2693; -0.09819996; 240.8007; Sidewalk; 20.87018; Checking Box AICar
15; Pedestrian; Interference; Intention; 17.10.2023 17:31:50; 805.2688; -0.09819996; 240.8012; Sidewalk; 20.8925; Checking Box AICar
15; Pedestrian; Interference; Intention; 17.10.2023 17:31:50; 805.2709; -0.09819996; 240.8016; Sidewalk; 20.90217; Checking Box AICar
15; Pedestrian; Interference; Intention; 17.10.2023 17:31:50; 805.2698; -0.09819996; 240.8017; Sidewalk; 20.92421; Checking Box AICar
15; Pedestrian; Interference; Intention; 17.10.2023 17:31:51; 805.2706; -0.09819996; 240.802; Sidewalk; 20.94673; Checking Box AICar
15; Pedestrian; Interference; Intention; 17.10.2023 17:31:51; 805.2697; -0.09819996; 240.8017; Sidewalk; 20.96887; Checking Box AICar
15; Pedestrian; Interference; Intention; 17.10.2023 17:31:51; 805.2716; -0.09819996; 240.8016; Sidewalk; 20.99128; Checking Box AICar
15; Pedestrian; Interference; Intention; 17.10.2023 17:31:51; 805.2743; -0.09819996; 240.8017; Sidewalk; 21.00231; Checking Box AICar
15; Pedestrian; Interference; Intention; 17.10.2023 17:31:51; 805.2757; -0.09819996; 240.8014; Sidewalk; 21.02514; Checking Box AICar
15; Pedestrian; Interference; Intention; 17.10.2023 17:31:51; 805.2774; -0.09819996; 240.8009; Sidewalk; 21.04656; Checking Box AICar
15; Pedestrian; Interference; Intention; 17.10.2023 17:31:51; 805.2816; -0.09819996; 240.8005; Sidewalk; 21.06923; Checking Box AICar
15; Pedestrian; Interference; Intention; 17.10.2023 17:31:51; 805.2847; -0.09819996; 240.7998; Sidewalk; 21.09159; Checking Box AICar
15; Pedestrian; Interference; Intention; 17.10.2023 17:31:51; 805.2868; -0.09819996; 240.7995; Sidewalk; 21.10238; Checking Box AICar
15; Pedestrian; Interference; Intention; 17.10.2023 17:31:51; 805.289; -0.09819996; 240.7983; Sidewalk; 21.12477; Checking Box AICar
15; Pedestrian; Interference; Intention; 17.10.2023 17:31:51; 805.2927; -0.09819996; 240.7971; Sidewalk; 21.14726; Checking Box AICar
15; Pedestrian; Interference; Intention; 17.10.2023 17:31:51; 805.2982; -0.09819996; 240.7958; Sidewalk; 21.17019; Checking Box AICar
15; Pedestrian; Interference; Intention; 17.10.2023 17:31:51; 805.3032; -0.09819996; 240.7943; Sidewalk; 21.19797; Checking Box AICar
15; Pedestrian; Interference; Intention; 17.10.2023 17:31:51; 805.3077; -0.09819996; 240.7937; Sidewalk; 21.20722; Checking Box AICar
15; Pedestrian; Interference; Intention; 17.10.2023 17:31:51; 805.3152; -0.09819996; 240.7921; Sidewalk; 21.22439; Checking Box AICar
15; Pedestrian; Interference; Intention; 17.10.2023 17:31:51; 805.3217; -0.09819996; 240.7901; Sidewalk; 21.24641; Checking Box AICar
15; Pedestrian; Interference; Intention; 17.10.2023 17:31:51; 805.329; -0.09819996; 240.788; Sidewalk; 21.26989; Checking Box AICar
15; Pedestrian; Interference; Intention; 17.10.2023 17:31:51; 805.3342; -0.09819996; 240.7854; Sidewalk; 21.29154; Checking Box AICar
15; Pedestrian; Interference; Intention; 17.10.2023 17:31:51; 805.3399; -0.09819996; 240.7844; Sidewalk; 21.30214; Checking Box AICar
15; Pedestrian; Interference; Intention; 17.10.2023 17:31:51; 805.3499; -0.09819996; 240.7818; Sidewalk; 21.32446; Checking Box AICar
15; Pedestrian; Interference; Intention; 17.10.2023 17:31:51; 805.3566; -0.09819996; 240.779; Sidewalk; 21.3507; Checking Box AICar
15; Pedestrian; Interference; Intention; 17.10.2023 17:31:51; 805.3636; -0.09819996; 240.7766; Sidewalk; 21.37; null
15; Pedestrian; Interference; Intention; 17.10.2023 17:31:51; 805.3692; -0.09819996; 240.7745; Sidewalk; 21.39204; null
15; Pedestrian; Interference; Intention; 17.10.2023 17:31:51; 805.373; -0.09819996; 240.7735; Sidewalk; 21.40388; null
15; Pedestrian; Interference; Intention; 17.10.2023 17:31:51; 805.3792; -0.09819996; 240.7719; Sidewalk; 21.4252; null
15; Pedestrian; Interference; Intention; 17.10.2023 17:31:51; 805.3803; -0.09819996; 240.7703; Sidewalk; 21.44641; null
15; Pedestrian; Interference; Intention; 17.10.2023 17:31:51; 805.3832; -0.09819996; 240.7691; Sidewalk; 21.46883; null
15; Pedestrian; Interference; Intention; 17.10.2023 17:31:51; 805.3846; -0.09819996; 240.7681; Sidewalk; 21.49253; null
15; Pedestrian; Interference; Intention; 17.10.2023 17:31:51; 805.3867; -0.09819996; 240.7677; Sidewalk; 21.504; null
15; Pedestrian; Interference; Intention; 17.10.2023 17:31:51; 805.3896; -0.09819996; 240.7669; Sidewalk; 21.52394; null
15; Pedestrian; Interference; Intention; 17.10.2023 17:31:51; 805.387; -0.09819996; 240.7657; Sidewalk; 21.54642; null
15; Pedestrian; Interference; Intention; 17.10.2023 17:31:51; 805.3863; -0.09819996; 240.7648; Sidewalk; 21.5689; null
15; Pedestrian; Interference; Intention; 17.10.2023 17:31:51; 805.3839; -0.09819996; 240.7637; Sidewalk; 21.59077; null
15; Pedestrian; Interference; Intention; 17.10.2023 17:31:51; 805.3796; -0.09819996; 240.7631; Sidewalk; 21.6028; null
15; Pedestrian; Interference; Intention; 17.10.2023 17:31:51; 805.3785; -0.09819996; 240.7621; Sidewalk; 21.62388; null
15; Pedestrian; Interference; Intention; 17.10.2023 17:31:51; 805.3727; -0.09819996; 240.7607; Sidewalk; 21.6489; null
15; Pedestrian; Interference; Intention; 17.10.2023 17:31:51; 805.371; -0.09819996; 240.7596; Sidewalk; 21.6707; null
15; Pedestrian; Interference; Intention; 17.10.2023 17:31:51; 805.3689; -0.09819996; 240.7585; Sidewalk; 21.69162; null
15; Pedestrian; Interference; Intention; 17.10.2023 17:31:51; 805.3634; -0.09819996; 240.7576; Sidewalk; 21.70209; null
15; Pedestrian; Interference; Intention; 17.10.2023 17:31:51; 805.3575; -0.09819996; 240.7562; Sidewalk; 21.72416; null
15; Pedestrian; Interference; Intention; 17.10.2023 17:31:51; 805.3506; -0.09819996; 240.7547; Sidewalk; 21.74642; null
15; Pedestrian; Interference; Intention; 17.10.2023 17:31:51; 805.3433; -0.09819996; 240.7531; Sidewalk; 21.76888; null
15; Pedestrian; Interference; Intention; 17.10.2023 17:31:51; 805.3368; -0.09819996; 240.7516; Sidewalk; 21.79187; null
15; Pedestrian; Interference; Intention; 17.10.2023 17:31:51; 805.3289; -0.09819996; 240.7504; Sidewalk; 21.80481; null
15; Pedestrian; Interference; Intention; 17.10.2023 17:31:51; 805.3249; -0.09819996; 240.7491; Sidewalk; 21.8264; null
15; Pedestrian; Interference; Intention; 17.10.2023 17:31:51; 805.3159; -0.09819996; 240.7476; Sidewalk; 21.84615; null
15; Pedestrian; Interference; Intention; 17.10.2023 17:31:51; 805.3061; -0.09819996; 240.7463; Sidewalk; 21.8691; Checking Box Human Car
15; Pedestrian; Interference; Intention; 17.10.2023 17:31:51; 805.2993; -0.09819996; 240.7452; Sidewalk; 21.89113; Checking Box Human Car
15; Pedestrian; Interference; Intention; 17.10.2023 17:31:51; 805.2938; -0.09819996; 240.7446; Sidewalk; 21.90212; Checking Box Human Car
15; Pedestrian; Interference; Intention; 17.10.2023 17:31:51; 805.2844; -0.09819996; 240.7437; Sidewalk; 21.92427; Checking Box AICar
15; Pedestrian; Interference; Intention; 17.10.2023 17:31:52; 805.2767; -0.09819996; 240.7432; Sidewalk; 21.94714; Checking Box AICar
15; Pedestrian; Interference; Intention; 17.10.2023 17:31:52; 805.2675; -0.09819996; 240.7427; Sidewalk; 21.97073; Checking Box AICar
15; Pedestrian; Interference; Intention; 17.10.2023 17:31:52; 805.2572; -0.09819996; 240.7423; Sidewalk; 21.99114; Checking Box AICar
15; Pedestrian; Interference; Intention; 17.10.2023 17:31:52; 805.2531; -0.09819996; 240.7423; Sidewalk; 22.00176; Checking Box AICar
15; Pedestrian; Interference; Intention; 17.10.2023 17:31:52; 805.2413; -0.09819996; 240.7422; Sidewalk; 22.02419; Checking Box AICar
15; Pedestrian; Interference; Intention; 17.10.2023 17:31:52; 805.2252; -0.09819996; 240.7422; Sidewalk; 22.04591; Checking Box AICar
15; Pedestrian; Interference; Intention; 17.10.2023 17:31:52; 805.2026; -0.09819996; 240.7422; Sidewalk; 22.06884; Checking Box AICar
15; Pedestrian; Interference; Intention; 17.10.2023 17:31:52; 805.1857; -0.09819996; 240.7433; Sidewalk; 22.09106; Checking Box AICar
15; Pedestrian; Interference; Intention; 17.10.2023 17:31:52; 805.1763; -0.09819996; 240.7439; Sidewalk; 22.10218; Checking Box AICar
15; Pedestrian; Interference; Intention; 17.10.2023 17:31:52; 805.1549; -0.09819996; 240.7455; Sidewalk; 22.12561; Checking Box AICar
15; Pedestrian; Interference; Intention; 17.10.2023 17:31:52; 805.136; -0.09819996; 240.7477; Sidewalk; 22.14615; Checking Box AICar
15; Pedestrian; Interference; Intention; 17.10.2023 17:31:52; 805.1234; -0.09819996; 240.7509; Sidewalk; 22.16829; Checking Box AICar
15; Pedestrian; Interference; Intention; 17.10.2023 17:31:52; 805.1082; -0.09819996; 240.754; Sidewalk; 22.19132; Checking Box AICar
15; Pedestrian; Interference; Intention; 17.10.2023 17:31:52; 805.0995; -0.09819996; 240.7556; Sidewalk; 22.20242; Checking Box AICar
15; Pedestrian; Interference; Intention; 17.10.2023 17:31:52; 805.085; -0.09819996; 240.7594; Sidewalk; 22.22446; Checking Box AICar
15; Pedestrian; Interference; Intention; 17.10.2023 17:31:52; 805.0672; -0.09819996; 240.7633; Sidewalk; 22.24688; Checking Box AICar
15; Pedestrian; Interference; Intention; 17.10.2023 17:31:52; 805.0497; -0.09819996; 240.7678; Sidewalk; 22.27066; Checking Box AICar
15; Pedestrian; Interference; Intention; 17.10.2023 17:31:52; 805.0376; -0.09819996; 240.7733; Sidewalk; 22.29192; Checking Box AICar
15; Pedestrian; Interference; Intention; 17.10.2023 17:31:52; 805.0351; -0.09819996; 240.7764; Sidewalk; 22.30315; null
15; Pedestrian; Interference; Intention; 17.10.2023 17:31:52; 805.02; -0.09819996; 240.7818; Sidewalk; 22.32488; null
15; Pedestrian; Interference; Intention; 17.10.2023 17:31:52; 805.0089; -0.09819996; 240.7874; Sidewalk; 22.34709; null
15; Pedestrian; Interference; Intention; 17.10.2023 17:31:52; 804.9961; -0.09819996; 240.7933; Sidewalk; 22.37046; null
15; Pedestrian; Interference; Intention; 17.10.2023 17:31:52; 804.9828; -0.09819996; 240.7993; Sidewalk; 22.392; null
15; Pedestrian; Interference; Intention; 17.10.2023 17:31:52; 804.9769; -0.09819996; 240.8024; Sidewalk; 22.40303; null
15; Pedestrian; Interference; Intention; 17.10.2023 17:31:52; 804.9637; -0.09819996; 240.8081; Sidewalk; 22.4259; null
15; Pedestrian; Interference; Intention; 17.10.2023 17:31:52; 804.9515; -0.09819996; 240.8137; Sidewalk; 22.44695; null
15; Pedestrian; Interference; Intention; 17.10.2023 17:31:52; 804.942; -0.09819996; 240.8196; Sidewalk; 22.46979; null
15; Pedestrian; Interference; Intention; 17.10.2023 17:31:52; 804.9306; -0.09819996; 240.825; Sidewalk; 22.49192; null
15; Pedestrian; Interference; Intention; 17.10.2023 17:31:52; 804.9255; -0.09819996; 240.8275; Sidewalk; 22.50291; null
15; Pedestrian; Interference; Intention; 17.10.2023 17:31:52; 804.9135; -0.09819996; 240.832; Sidewalk; 22.52484; null
15; Pedestrian; Interference; Intention; 17.10.2023 17:31:52; 804.8998; -0.09819996; 240.8365; Sidewalk; 22.54704; null
15; Pedestrian; Interference; Intention; 17.10.2023 17:31:52; 804.8851; -0.09819996; 240.841; Sidewalk; 22.56982; null
15; Pedestrian; Interference; Intention; 17.10.2023 17:31:52; 804.8683; -0.09819996; 240.8454; Sidewalk; 22.59513; null
15; Pedestrian; Interference; Intention; 17.10.2023 17:31:52; 804.8597; -0.09819996; 240.8477; Sidewalk; 22.60345; null
15; Pedestrian; Interference; Intention; 17.10.2023 17:31:52; 804.8415; -0.09819996; 240.8525; Sidewalk; 22.62458; null
15; Pedestrian; Interference; Intention; 17.10.2023 17:31:52; 804.8215; -0.09819996; 240.8577; Sidewalk; 22.6469; null
15; Pedestrian; Interference; Intention; 17.10.2023 17:31:52; 804.8015; -0.09819996; 240.8637; Sidewalk; 22.6699; null
15; Pedestrian; Interference; Intention; 17.10.2023 17:31:52; 804.7796; -0.09819996; 240.8697; Sidewalk; 22.692; null
15; Pedestrian; Interference; Intention; 17.10.2023 17:31:52; 804.7675; -0.09819996; 240.8727; Sidewalk; 22.70306; null
15; Pedestrian; Interference; Intention; 17.10.2023 17:31:52; 804.7443; -0.09819996; 240.879; Sidewalk; 22.71467; null
15; Pedestrian; Interference; Intention; 17.10.2023 17:31:52; 804.7214; -0.09819996; 240.8853; Road; 0.0116619; null
15; Pedestrian; Interference; Intention; 17.10.2023 17:31:52; 804.7002; -0.09819996; 240.8917; Road; 0.0330259; null
15; Pedestrian; Interference; Intention; 17.10.2023 17:31:52; 804.679; -0.09819996; 240.8981; Road; 0.0549481; null
15; Pedestrian; Interference; Intention; 17.10.2023 17:31:52; 804.6672; -0.09819996; 240.9013; Road; 0.0664024; null
15; Pedestrian; Interference; Intention; 17.10.2023 17:31:52; 804.6461; -0.09819996; 240.908; Road; 0.0880415; null
15; Pedestrian; Interference; Intention; 17.10.2023 17:31:52; 804.6252; -0.09819996; 240.9145; Road; 0.1104271; null
15; Pedestrian; Interference; Intention; 17.10.2023 17:31:52; 804.6031; -0.09819996; 240.9208; Road; 0.1331847; null
15; Pedestrian; Interference; Intention; 17.10.2023 17:31:52; 804.5859; -0.09819996; 240.9273; Road; 0.1558091; null
15; Pedestrian; Interference; Intention; 17.10.2023 17:31:52; 804.577; -0.09819996; 240.9303; Road; 0.1667476; null
15; Pedestrian; Interference; Intention; 17.10.2023 17:31:52; 804.5588; -0.09819996; 240.9365; Road; 0.1879618; null
15; Pedestrian; Interference; Intention; 17.10.2023 17:31:53; 804.5402; -0.09819996; 240.9423; Road; 0.2100018; null
15; Pedestrian; Interference; Intention; 17.10.2023 17:31:53; 804.5204; -0.09819996; 240.9475; Road; 0.2330548; null
15; Pedestrian; Interference; Intention; 17.10.2023 17:31:53; 804.5106; -0.09819996; 240.95; Road; 0.2440386; null
15; Pedestrian; Interference; Intention; 17.10.2023 17:31:53; 804.4916; -0.09819996; 240.9547; Road; 0.2728817; null
15; Pedestrian; Interference; Intention; 17.10.2023 17:31:53; 804.4724; -0.09819996; 240.9589; Road; 0.2890507; null
15; Pedestrian; Interference; Intention; 17.10.2023 17:31:53; 804.4529; -0.09819996; 240.9622; Road; 0.3081644; null
15; Pedestrian; Interference; Intention; 17.10.2023 17:31:53; 804.4323; -0.09819996; 240.9647; Road; 0.3301013; null
15; Pedestrian; Interference; Intention; 17.10.2023 17:31:53; 804.4099; -0.09819996; 240.9665; Road; 0.3527075; null
15; Pedestrian; Interference; Intention; 17.10.2023 17:31:53; 804.3984; -0.09819996; 240.9673; Road; 0.3639542; null
15; Pedestrian; Interference; Intention; 17.10.2023 17:31:53; 804.3745; -0.09819996; 240.9688; Road; 0.386342; null
15; Pedestrian; Interference; Intention; 17.10.2023 17:31:53; 804.3489; -0.09819996; 240.9697; Road; 0.4077252; null
15; Pedestrian; Interference; Intention; 17.10.2023 17:31:53; 804.3227; -0.09819996; 240.9705; Road; 0.4302347; null
15; Pedestrian; Interference; Intention; 17.10.2023 17:31:53; 804.2959; -0.09819996; 240.9713; Road; 0.4527683; null
15; Pedestrian; Interference; Intention; 17.10.2023 17:31:53; 804.2826; -0.09819996; 240.9718; Road; 0.4635944; null
15; Pedestrian; Interference; Intention; 17.10.2023 17:31:53; 804.2552; -0.09819996; 240.9725; Road; 0.4858961; null
15; Pedestrian; Interference; Intention; 17.10.2023 17:31:53; 804.2281; -0.09819996; 240.973; Road; 0.50815; null
15; Pedestrian; Interference; Intention; 17.10.2023 17:31:53; 804.2012; -0.09819996; 240.9736; Road; 0.5302318; null
15; Pedestrian; Interference; Intention; 17.10.2023 17:31:53; 804.1751; -0.09819996; 240.9744; Road; 0.5523686; null
15; Pedestrian; Interference; Intention; 17.10.2023 17:31:53; 804.1618; -0.09819996; 240.9749; Road; 0.5639735; null
15; Pedestrian; Interference; Intention; 17.10.2023 17:31:53; 804.1356; -0.09819996; 240.9756; Road; 0.5857552; null
15; Pedestrian; Interference; Intention; 17.10.2023 17:31:53; 804.1149; -0.09819996; 240.9769; Road; 0.608654; null
15; Pedestrian; Interference; Intention; 17.10.2023 17:31:53; 804.092; -0.09819996; 240.978; Road; 0.630947; null
15; Pedestrian; Interference; Intention; 17.10.2023 17:31:53; 804.0704; -0.09819996; 240.9792; Road; 0.6528256; null
15; Pedestrian; Interference; Intention; 17.10.2023 17:31:53; 804.0595; -0.09819996; 240.9798; Road; 0.6641948; null
15; Pedestrian; Interference; Intention; 17.10.2023 17:31:53; 804.0389; -0.09819996; 240.9811; Road; 0.6869953; null
15; Pedestrian; Interference; Intention; 17.10.2023 17:31:53; 804.0179; -0.09819996; 240.9821; Road; 0.7095318; null
15; Pedestrian; Interference; Intention; 17.10.2023 17:31:53; 804.0179; -0.09819996; 240.9821; Road; 0.7095318; null
15; Pedestrian; Interference; Intention; 17.10.2023 17:31:53; 803.9771; -0.09819996; 240.9833; Road; 0.7545903; null
15; Pedestrian; Interference; Intention; 17.10.2023 17:31:53; 803.9666; -0.09819996; 240.9832; Road; 0.76508; null
15; Pedestrian; Interference; Intention; 17.10.2023 17:31:53; 803.9436; -0.09819996; 240.9824; Road; 0.7879739; null
15; Pedestrian; Interference; Intention; 17.10.2023 17:31:53; 803.9199; -0.09819996; 240.9811; Road; 0.8080424; null
15; Pedestrian; Interference; Intention; 17.10.2023 17:31:53; 803.8956; -0.09819996; 240.9793; Road; 0.8302264; null
15; Pedestrian; Interference; Intention; 17.10.2023 17:31:53; 803.8702; -0.09819996; 240.9769; Road; 0.8523686; null
15; Pedestrian; Interference; Intention; 17.10.2023 17:31:53; 803.8555; -0.09819996; 240.9753; Road; 0.8639263; null
15; Pedestrian; Interference; Intention; 17.10.2023 17:31:53; 803.8301; -0.09819996; 240.9725; Road; 0.8855213; null
15; Pedestrian; Interference; Intention; 17.10.2023 17:31:53; 803.8032; -0.09819996; 240.9697; Road; 0.9076898; null
15; Pedestrian; Interference; Intention; 17.10.2023 17:31:53; 803.7767; -0.09819996; 240.9673; Road; 0.9301902; null
15; Pedestrian; Interference; Intention; 17.10.2023 17:31:53; 803.7479; -0.09819996; 240.965; Road; 0.952642; null
15; Pedestrian; Interference; Intention; 17.10.2023 17:31:53; 803.7332; -0.09819996; 240.964; Road; 0.9638028; null
15; Pedestrian; Interference; Intention; 17.10.2023 17:31:53; 803.7042; -0.09819996; 240.9621; Road; 0.9856905; null
15; Pedestrian; Interference; Intention; 17.10.2023 17:31:53; 803.6769; -0.09819996; 240.9609; Road; 1.008227; null
15; Pedestrian; Interference; Intention; 17.10.2023 17:31:53; 803.6482; -0.09819996; 240.9592; Road; 1.030076; null
15; Pedestrian; Interference; Intention; 17.10.2023 17:31:53; 803.6204; -0.09819996; 240.9578; Road; 1.053066; null
15; Pedestrian; Interference; Intention; 17.10.2023 17:31:53; 803.5997; -0.09819996; 240.9563; Road; 1.063359; null
15; Pedestrian; Interference; Intention; 17.10.2023 17:31:53; 803.5709; -0.09819996; 240.9551; Road; 1.085928; null
15; Pedestrian; Interference; Intention; 17.10.2023 17:31:53; 803.5419; -0.09819996; 240.954; Road; 1.107895; null
15; Pedestrian; Interference; Intention; 17.10.2023 17:31:53; 803.5126; -0.09819996; 240.953; Road; 1.130284; null
15; Pedestrian; Interference; Intention; 17.10.2023 17:31:53; 803.4806; -0.09819996; 240.9518; Road; 1.152378; null
15; Pedestrian; Interference; Intention; 17.10.2023 17:31:53; 803.4651; -0.09819996; 240.9513; Road; 1.163599; null
15; Pedestrian; Interference; Intention; 17.10.2023 17:31:53; 803.4283; -0.09819996; 240.9499; Road; 1.185672; null
15; Pedestrian; Interference; Intention; 17.10.2023 17:31:54; 803.3934; -0.09819996; 240.9489; Road; 1.208121; null
15; Pedestrian; Interference; Intention; 17.10.2023 17:31:54; 803.3613; -0.09819996; 240.9486; Road; 1.230048; null
15; Pedestrian; Interference; Intention; 17.10.2023 17:31:54; 803.3259; -0.09819996; 240.9481; Road; 1.252421; null
15; Pedestrian; Interference; Intention; 17.10.2023 17:31:54; 803.3064; -0.09819996; 240.9478; Road; 1.263431; null
15; Pedestrian; Interference; Intention; 17.10.2023 17:31:54; 803.2656; -0.09819996; 240.9472; Road; 1.286328; null
15; Pedestrian; Interference; Intention; 17.10.2023 17:31:54; 803.2247; -0.09819996; 240.9468; Road; 1.309098; null
15; Pedestrian; Interference; Intention; 17.10.2023 17:31:54; 803.1862; -0.09819996; 240.9465; Road; 1.333073; null
15; Pedestrian; Interference; Intention; 17.10.2023 17:31:54; 803.1428; -0.09819996; 240.9458; Road; 1.355521; null
15; Pedestrian; Interference; Intention; 17.10.2023 17:31:54; 803.1158; -0.09819996; 240.9448; Road; 1.366766; null
15; Pedestrian; Interference; Intention; 17.10.2023 17:31:54; 803.0722; -0.09819996; 240.9439; Road; 1.389357; null
15; Pedestrian; Interference; Intention; 17.10.2023 17:31:54; 803.0301; -0.09819996; 240.943; Road; 1.413367; null
15; Pedestrian; Interference; Intention; 17.10.2023 17:31:54; 802.9877; -0.09819996; 240.942; Road; 1.432671; null
15; Pedestrian; Interference; Intention; 17.10.2023 17:31:54; 802.9437; -0.09819996; 240.941; Road; 1.454386; null
15; Pedestrian; Interference; Intention; 17.10.2023 17:31:54; 802.9221; -0.09819996; 240.9405; Road; 1.465782; null
15; Pedestrian; Interference; Intention; 17.10.2023 17:31:54; 802.8776; -0.09819996; 240.9391; Road; 1.48838; null
15; Pedestrian; Interference; Intention; 17.10.2023 17:31:54; 802.8321; -0.09819996; 240.9375; Road; 1.509613; null
15; Pedestrian; Interference; Intention; 17.10.2023 17:31:54; 802.7904; -0.09819996; 240.9368; Road; 1.532106; null
15; Pedestrian; Interference; Intention; 17.10.2023 17:31:54; 802.7465; -0.09819996; 240.9359; Road; 1.556457; null
15; Pedestrian; Interference; Intention; 17.10.2023 17:31:54; 802.7201; -0.09819996; 240.9349; Road; 1.568205; null
15; Pedestrian; Interference; Intention; 17.10.2023 17:31:54; 802.6742; -0.09819996; 240.9336; Road; 1.587212; null
15; Pedestrian; Interference; Intention; 17.10.2023 17:31:54; 802.6315; -0.09819996; 240.9325; Road; 1.609173; null
15; Pedestrian; Interference; Intention; 17.10.2023 17:31:54; 802.5906; -0.09819996; 240.9314; Road; 1.631579; null
15; Pedestrian; Interference; Intention; 17.10.2023 17:31:54; 802.5551; -0.09819996; 240.9308; Road; 1.653726; null
15; Pedestrian; Interference; Intention; 17.10.2023 17:31:54; 802.5349; -0.09819996; 240.9301; Road; 1.664714; null
15; Pedestrian; Interference; Intention; 17.10.2023 17:31:54; 802.4949; -0.09819996; 240.9287; Road; 1.687303; null
15; Pedestrian; Interference; Intention; 17.10.2023 17:31:54; 802.457; -0.09819996; 240.9274; Road; 1.70997; null
15; Pedestrian; Interference; Intention; 17.10.2023 17:31:54; 802.4205; -0.09819996; 240.9259; Road; 1.732149; null
15; Pedestrian; Interference; Intention; 17.10.2023 17:31:54; 802.3848; -0.09819996; 240.9244; Road; 1.753708; null
15; Pedestrian; Interference; Intention; 17.10.2023 17:31:54; 802.3666; -0.09819996; 240.9235; Road; 1.765187; null
15; Pedestrian; Interference; Intention; 17.10.2023 17:31:54; 802.3348; -0.09819996; 240.9221; Road; 1.787143; null
15; Pedestrian; Interference; Intention; 17.10.2023 17:31:54; 802.3013; -0.09819996; 240.9203; Road; 1.809659; null
15; Pedestrian; Interference; Intention; 17.10.2023 17:31:54; 802.2701; -0.09819996; 240.9187; Road; 1.831952; null
15; Pedestrian; Interference; Intention; 17.10.2023 17:31:54; 802.2377; -0.09819996; 240.917; Road; 1.853999; null
15; Pedestrian; Interference; Intention; 17.10.2023 17:31:54; 802.2217; -0.09819996; 240.916; Road; 1.865522; null
15; Pedestrian; Interference; Intention; 17.10.2023 17:31:54; 802.1896; -0.09819996; 240.9138; Road; 1.887112; null
15; Pedestrian; Interference; Intention; 17.10.2023 17:31:54; 802.1591; -0.09819996; 240.9117; Road; 1.90959; null
15; Pedestrian; Interference; Intention; 17.10.2023 17:31:54; 802.1271; -0.09819996; 240.9096; Road; 1.93163; null
15; Pedestrian; Interference; Intention; 17.10.2023 17:31:54; 802.0929; -0.09819996; 240.9071; Road; 1.954658; null
15; Pedestrian; Interference; Intention; 17.10.2023 17:31:54; 802.0745; -0.09819996; 240.9055; Road; 1.965986; null
15; Pedestrian; Interference; Intention; 17.10.2023 17:31:54; 802.0441; -0.09819996; 240.9029; Road; 1.987694; null
15; Pedestrian; Interference; Intention; 17.10.2023 17:31:54; 802.0132; -0.09819996; 240.9001; Road; 2.010031; null
15; Pedestrian; Interference; Intention; 17.10.2023 17:31:54; 801.9818; -0.09819996; 240.897; Road; 2.034636; null
15; Pedestrian; Interference; Intention; 17.10.2023 17:31:54; 801.9513; -0.09819996; 240.8939; Road; 2.053702; null
15; Pedestrian; Interference; Intention; 17.10.2023 17:31:54; 801.9354; -0.09819996; 240.8921; Road; 2.064034; null
15; Pedestrian; Interference; Intention; 17.10.2023 17:31:54; 801.9072; -0.09819996; 240.8887; Road; 2.087355; null
15; Pedestrian; Interference; Intention; 17.10.2023 17:31:54; 801.8785; -0.09819996; 240.8852; Road; 2.108606; null
15; Pedestrian; Interference; Intention; 17.10.2023 17:31:54; 801.8497; -0.09819996; 240.8817; Road; 2.130804; null
15; Pedestrian; Interference; Intention; 17.10.2023 17:31:54; 801.822; -0.09819996; 240.878; Road; 2.152818; null
15; Pedestrian; Interference; Intention; 17.10.2023 17:31:54; 801.8076; -0.09819996; 240.8761; Road; 2.164415; null
15; Pedestrian; Interference; Intention; 17.10.2023 17:31:54; 801.7792; -0.09819996; 240.8722; Road; 2.186685; null
15; Pedestrian; Interference; Intention; 17.10.2023 17:31:55; 801.7504; -0.09819996; 240.8684; Road; 2.208379; null
15; Pedestrian; Interference; Intention; 17.10.2023 17:31:55; 801.7197; -0.09819996; 240.8643; Road; 2.231617; null
15; Pedestrian; Interference; Intention; 17.10.2023 17:31:55; 801.6896; -0.09819996; 240.86; Road; 2.253088; null
15; Pedestrian; Interference; Intention; 17.10.2023 17:31:55; 801.6752; -0.09819996; 240.8579; Road; 2.264392; null
15; Pedestrian; Interference; Intention; 17.10.2023 17:31:55; 801.6447; -0.09819996; 240.8539; Road; 2.286481; null
15; Pedestrian; Interference; Intention; 17.10.2023 17:31:55; 801.6141; -0.09819996; 240.85; Road; 2.308551; null
15; Pedestrian; Interference; Intention; 17.10.2023 17:31:55; 801.5829; -0.09819996; 240.8463; Road; 2.330631; null
15; Pedestrian; Interference; Intention; 17.10.2023 17:31:55; 801.5514; -0.09819996; 240.8427; Road; 2.35315; null
15; Pedestrian; Interference; Intention; 17.10.2023 17:31:55; 801.5368; -0.09819996; 240.8412; Road; 2.364448; null
15; Pedestrian; Interference; Intention; 17.10.2023 17:31:55; 801.506; -0.09819996; 240.8385; Road; 2.386313; null
15; Pedestrian; Interference; Intention; 17.10.2023 17:31:55; 801.4743; -0.09819996; 240.8363; Road; 2.409249; null
15; Pedestrian; Interference; Intention; 17.10.2023 17:31:55; 801.4427; -0.09819996; 240.8346; Road; 2.431607; null
15; Pedestrian; Interference; Intention; 17.10.2023 17:31:55; 801.4111; -0.09819996; 240.8331; Road; 2.454158; null
15; Pedestrian; Interference; Intention; 17.10.2023 17:31:55; 801.3958; -0.09819996; 240.8326; Road; 2.465564; null
15; Pedestrian; Interference; Intention; 17.10.2023 17:31:55; 801.3209; -0.09819996; 240.8226; Road; 2.489521; null
15; Pedestrian; Interference; Intention; 17.10.2023 17:31:55; 801.2937; -0.09819996; 240.8226; Road; 2.509966; null
15; Pedestrian; Interference; Intention; 17.10.2023 17:31:55; 801.2637; -0.09819996; 240.8225; Road; 2.530684; null
15; Pedestrian; Interference; Intention; 17.10.2023 17:31:55; 801.2343; -0.09819996; 240.8226; Road; 2.552635; null
15; Pedestrian; Interference; Intention; 17.10.2023 17:31:55; 801.2211; -0.09819996; 240.823; Road; 2.564566; null
15; Pedestrian; Interference; Intention; 17.10.2023 17:31:55; 801.1911; -0.09819996; 240.8233; Road; 2.586458; null
15; Pedestrian; Interference; Intention; 17.10.2023 17:31:55; 801.1604; -0.09819996; 240.8236; Road; 2.608552; null
15; Pedestrian; Interference; Intention; 17.10.2023 17:31:55; 801.1304; -0.09819996; 240.8241; Road; 2.630829; null
15; Pedestrian; Interference; Intention; 17.10.2023 17:31:55; 801.0994; -0.09819996; 240.8248; Road; 2.654662; null
15; Pedestrian; Interference; Intention; 17.10.2023 17:31:55; 801.0844; -0.09819996; 240.8253; Road; 2.664291; null
15; Pedestrian; Interference; Intention; 17.10.2023 17:31:55; 801.053; -0.09819996; 240.8265; Road; 2.686631; null
15; Pedestrian; Interference; Intention; 17.10.2023 17:31:55; 801.0209; -0.09819996; 240.8278; Road; 2.708548; null
15; Pedestrian; Interference; Intention; 17.10.2023 17:31:55; 800.9888; -0.09819996; 240.8295; Road; 2.730811; null
15; Pedestrian; Interference; Intention; 17.10.2023 17:31:55; 800.9553; -0.09819996; 240.8313; Road; 2.753165; null
15; Pedestrian; Interference; Intention; 17.10.2023 17:31:55; 800.9392; -0.09819996; 240.8324; Road; 2.764173; null
15; Pedestrian; Interference; Intention; 17.10.2023 17:31:55; 800.9064; -0.09819996; 240.8346; Road; 2.78732; null
15; Pedestrian; Interference; Intention; 17.10.2023 17:31:55; 800.8732; -0.09819996; 240.8372; Road; 2.811514; null
15; Pedestrian; Interference; Intention; 17.10.2023 17:31:55; 800.8393; -0.09819996; 240.84; Road; 2.830355; null
15; Pedestrian; Interference; Intention; 17.10.2023 17:31:55; 800.8035; -0.09819996; 240.843; Road; 2.85331; null
15; Pedestrian; Interference; Intention; 17.10.2023 17:31:55; 800.7861; -0.09819996; 240.8446; Road; 2.863951; null
15; Pedestrian; Interference; Intention; 17.10.2023 17:31:55; 800.7499; -0.09819996; 240.8481; Road; 2.886968; null
15; Pedestrian; Interference; Intention; 17.10.2023 17:31:55; 800.7139; -0.09819996; 240.852; Road; 2.90886; null
15; Pedestrian; Interference; Intention; 17.10.2023 17:31:55; 800.6779; -0.09819996; 240.8561; Road; 2.930576; null
15; Pedestrian; Interference; Intention; 17.10.2023 17:31:55; 800.6413; -0.09819996; 240.8603; Road; 2.95539; null
15; Pedestrian; Interference; Intention; 17.10.2023 17:31:55; 800.6224; -0.09819996; 240.8625; Road; 2.969961; null
15; Pedestrian; Interference; Intention; 17.10.2023 17:31:55; 800.5844; -0.09819996; 240.8671; Road; 2.987648; null
15; Pedestrian; Interference; Intention; 17.10.2023 17:31:55; 800.5468; -0.09819996; 240.8713; Road; 3.007416; null
15; Pedestrian; Interference; Intention; 17.10.2023 17:31:55; 800.5099; -0.09819996; 240.8756; Road; 3.02921; null
15; Pedestrian; Interference; Intention; 17.10.2023 17:31:55; 800.4716; -0.09819996; 240.8797; Road; 3.052125; null
15; Pedestrian; Interference; Intention; 17.10.2023 17:31:55; 800.4525; -0.09819996; 240.8815; Road; 3.062915; null
15; Pedestrian; Interference; Intention; 17.10.2023 17:31:55; 800.4159; -0.09819996; 240.885; Road; 3.085262; null
15; Pedestrian; Interference; Intention; 17.10.2023 17:31:55; 800.3794; -0.09819996; 240.8878; Road; 3.107207; null
15; Pedestrian; Interference; Intention; 17.10.2023 17:31:55; 800.3434; -0.09819996; 240.8904; Road; 3.129374; null
15; Pedestrian; Interference; Intention; 17.10.2023 17:31:55; 800.3078; -0.09819996; 240.8928; Road; 3.151592; null
15; Pedestrian; Interference; Intention; 17.10.2023 17:31:55; 800.29; -0.09819996; 240.8939; Road; 3.162389; null
15; Pedestrian; Interference; Intention; 17.10.2023 17:31:55; 800.2539; -0.09819996; 240.8958; Road; 3.185482; null
15; Pedestrian; Interference; Intention; 17.10.2023 17:31:56; 800.2178; -0.09819996; 240.8976; Road; 3.206727; null
15; Pedestrian; Interference; Intention; 17.10.2023 17:31:56; 800.183; -0.09819996; 240.8994; Road; 3.229052; null
15; Pedestrian; Interference; Intention; 17.10.2023 17:31:56; 800.1476; -0.09819996; 240.901; Road; 3.252414; null
15; Pedestrian; Interference; Intention; 17.10.2023 17:31:56; 800.1307; -0.09819996; 240.9018; Road; 3.263417; null
15; Pedestrian; Interference; Intention; 17.10.2023 17:31:56; 800.0956; -0.09819996; 240.9031; Road; 3.285087; null
15; Pedestrian; Interference; Intention; 17.10.2023 17:31:56; 800.0612; -0.09819996; 240.9043; Road; 3.306906; null
15; Pedestrian; Interference; Intention; 17.10.2023 17:31:56; 800.0271; -0.09819996; 240.9054; Road; 3.329038; null
15; Pedestrian; Interference; Intention; 17.10.2023 17:31:56; 799.9932; -0.09819996; 240.9064; Road; 3.352059; null
15; Pedestrian; Interference; Intention; 17.10.2023 17:31:56; 799.976; -0.09819996; 240.9068; Road; 3.362715; null
15; Pedestrian; Interference; Intention; 17.10.2023 17:31:56; 799.9413; -0.09819996; 240.9076; Road; 3.385683; null
15; Pedestrian; Interference; Intention; 17.10.2023 17:31:56; 799.9067; -0.09819996; 240.9084; Road; 3.407774; null
15; Pedestrian; Interference; Intention; 17.10.2023 17:31:56; 799.8716; -0.09819996; 240.909; Road; 3.430629; null
15; Pedestrian; Interference; Intention; 17.10.2023 17:31:56; 799.8716; -0.09819996; 240.909; Road; 3.430629; null
15; Pedestrian; Interference; Intention; 17.10.2023 17:31:56; 799.8187; -0.09819996; 240.9096; Road; 3.442029; null
15; Pedestrian; Interference; Intention; 17.10.2023 17:31:56; 799.7839; -0.09819996; 240.9099; Road; 3.487613; null
15; Pedestrian; Interference; Intention; 17.10.2023 17:31:56; 799.7487; -0.09819996; 240.9097; Road; 3.509415; null
15; Pedestrian; Interference; Intention; 17.10.2023 17:31:56; 799.7133; -0.09819996; 240.9094; Road; 3.531698; null
15; Pedestrian; Interference; Intention; 17.10.2023 17:31:56; 799.6782; -0.09819996; 240.909; Road; 3.554039; null
15; Pedestrian; Interference; Intention; 17.10.2023 17:31:56; 799.6609; -0.09819996; 240.9087; Road; 3.566211; null
15; Pedestrian; Interference; Intention; 17.10.2023 17:31:56; 799.6252; -0.09819996; 240.9078; Road; 3.591608; null
15; Pedestrian; Interference; Intention; 17.10.2023 17:31:56; 799.5895; -0.09819996; 240.9065; Road; 3.608721; null
15; Pedestrian; Interference; Intention; 17.10.2023 17:31:56; 799.5538; -0.09819996; 240.9049; Road; 3.628905; null
15; Pedestrian; Interference; Intention; 17.10.2023 17:31:56; 799.5172; -0.09819996; 240.9029; Road; 3.65158; null
15; Pedestrian; Interference; Intention; 17.10.2023 17:31:56; 799.4988; -0.09819996; 240.9018; Road; 3.662688; null
15; Pedestrian; Interference; Intention; 17.10.2023 17:31:56; 799.4622; -0.09819996; 240.8993; Road; 3.685115; null
15; Pedestrian; Interference; Intention; 17.10.2023 17:31:56; 799.4248; -0.09819996; 240.8967; Road; 3.707037; null
15; Pedestrian; Interference; Intention; 17.10.2023 17:31:56; 799.3886; -0.09819996; 240.8937; Road; 3.729059; null
15; Pedestrian; Interference; Intention; 17.10.2023 17:31:56; 799.3524; -0.09819996; 240.8906; Road; 3.751447; null
15; Pedestrian; Interference; Intention; 17.10.2023 17:31:56; 799.3348; -0.09819996; 240.8891; Road; 3.762454; null
15; Pedestrian; Interference; Intention; 17.10.2023 17:31:56; 799.2982; -0.09819996; 240.8861; Road; 3.784913; null
15; Pedestrian; Interference; Intention; 17.10.2023 17:31:56; 799.2623; -0.09819996; 240.8832; Road; 3.806571; null
15; Pedestrian; Interference; Intention; 17.10.2023 17:31:56; 799.2292; -0.09819996; 240.8803; Road; 3.828862; null
15; Pedestrian; Interference; Intention; 17.10.2023 17:31:56; 799.197; -0.09819996; 240.8775; Road; 3.851254; null
15; Pedestrian; Interference; Intention; 17.10.2023 17:31:56; 799.1807; -0.09819996; 240.8763; Road; 3.862808; null
15; Pedestrian; Interference; Intention; 17.10.2023 17:31:56; 799.1486; -0.09819996; 240.8741; Road; 3.884655; null
15; Pedestrian; Interference; Intention; 17.10.2023 17:31:56; 799.1168; -0.09819996; 240.8723; Road; 3.906638; null
15; Pedestrian; Interference; Intention; 17.10.2023 17:31:56; 799.0856; -0.09819996; 240.8709; Road; 3.92895; null
15; Pedestrian; Interference; Intention; 17.10.2023 17:31:56; 799.055; -0.09819996; 240.8699; Road; 3.951082; null
15; Pedestrian; Interference; Intention; 17.10.2023 17:31:56; 799.0403; -0.09819996; 240.8695; Road; 3.962423; null
15; Pedestrian; Interference; Intention; 17.10.2023 17:31:56; 799.0096; -0.09819996; 240.8689; Road; 3.985738; null
15; Pedestrian; Interference; Intention; 17.10.2023 17:31:56; 798.9789; -0.09819996; 240.8683; Road; 4.007541; null
15; Pedestrian; Interference; Intention; 17.10.2023 17:31:56; 798.9479; -0.09819996; 240.8678; Road; 4.030522; null
15; Pedestrian; Interference; Intention; 17.10.2023 17:31:56; 798.9166; -0.09819996; 240.8674; Road; 4.053868; null
15; Pedestrian; Interference; Intention; 17.10.2023 17:31:56; 798.9005; -0.09819996; 240.8672; Road; 4.06415; null
15; Pedestrian; Interference; Intention; 17.10.2023 17:31:56; 798.8692; -0.09819996; 240.867; Road; 4.087132; null
15; Pedestrian; Interference; Intention; 17.10.2023 17:31:56; 798.8369; -0.09819996; 240.8668; Road; 4.109766; null
15; Pedestrian; Interference; Intention; 17.10.2023 17:31:56; 798.8045; -0.09819996; 240.8669; Road; 4.132453; null
15; Pedestrian; Interference; Intention; 17.10.2023 17:31:56; 798.772; -0.09819996; 240.8672; Road; 4.155077; null
15; Pedestrian; Interference; Intention; 17.10.2023 17:31:56; 798.7557; -0.09819996; 240.8674; Road; 4.165537; null
15; Pedestrian; Interference; Intention; 17.10.2023 17:31:56; 798.7235; -0.09819996; 240.868; Road; 4.188455; null
15; Pedestrian; Interference; Intention; 17.10.2023 17:31:57; 798.6912; -0.09819996; 240.8689; Road; 4.212998; null
15; Pedestrian; Interference; Intention; 17.10.2023 17:31:57; 798.6587; -0.09819996; 240.8699; Road; 4.229993; null
15; Pedestrian; Interference; Intention; 17.10.2023 17:31:57; 798.626; -0.09819996; 240.8712; Road; 4.25252; null
15; Pedestrian; Interference; Intention; 17.10.2023 17:31:57; 798.6095; -0.09819996; 240.8719; Road; 4.263615; null
15; Pedestrian; Interference; Intention; 17.10.2023 17:31:57; 798.5764; -0.09819996; 240.8736; Road; 4.286233; null
15; Pedestrian; Interference; Intention; 17.10.2023 17:31:57; 798.5427; -0.09819996; 240.8756; Road; 4.307911; null
15; Pedestrian; Interference; Intention; 17.10.2023 17:31:57; 798.509; -0.09819996; 240.878; Road; 4.330404; null
15; Pedestrian; Interference; Intention; 17.10.2023 17:31:57; 798.4745; -0.09819996; 240.8807; Road; 4.352519; null
15; Pedestrian; Interference; Intention; 17.10.2023 17:31:57; 798.4571; -0.09819996; 240.8822; Road; 4.363482; null
15; Pedestrian; Interference; Intention; 17.10.2023 17:31:57; 798.4212; -0.09819996; 240.8853; Road; 4.386502; null
15; Pedestrian; Interference; Intention; 17.10.2023 17:31:57; 798.3853; -0.09819996; 240.8886; Road; 4.408008; null
15; Pedestrian; Interference; Intention; 17.10.2023 17:31:57; 798.3495; -0.09819996; 240.8924; Road; 4.429941; null
15; Pedestrian; Interference; Intention; 17.10.2023 17:31:57; 798.3119; -0.09819996; 240.8962; Road; 4.452529; null
15; Pedestrian; Interference; Intention; 17.10.2023 17:31:57; 798.2938; -0.09819996; 240.8983; Road; 4.463619; null
15; Pedestrian; Interference; Intention; 17.10.2023 17:31:57; 798.258; -0.09819996; 240.9023; Road; 4.486614; null
15; Pedestrian; Interference; Intention; 17.10.2023 17:31:57; 798.2228; -0.09819996; 240.9067; Road; 4.507888; null
15; Pedestrian; Interference; Intention; 17.10.2023 17:31:57; 798.1868; -0.09819996; 240.9108; Road; 4.529849; null
15; Pedestrian; Interference; Intention; 17.10.2023 17:31:57; 798.152; -0.09819996; 240.9148; Road; 4.552369; null
15; Pedestrian; Interference; Intention; 17.10.2023 17:31:57; 798.1351; -0.09819996; 240.9166; Road; 4.563541; null
15; Pedestrian; Interference; Intention; 17.10.2023 17:31:57; 798.1015; -0.09819996; 240.9198; Road; 4.586484; null
15; Pedestrian; Interference; Intention; 17.10.2023 17:31:57; 798.0691; -0.09819996; 240.9228; Road; 4.608731; null
15; Pedestrian; Interference; Intention; 17.10.2023 17:31:57; 798.038; -0.09819996; 240.9252; Road; 4.631217; null
15; Pedestrian; Interference; Intention; 17.10.2023 17:31:57; 798.0079; -0.09819996; 240.9273; Road; 4.654222; null
15; Pedestrian; Interference; Intention; 17.10.2023 17:31:57; 797.9935; -0.09819996; 240.9283; Road; 4.665559; null
15; Pedestrian; Interference; Intention; 17.10.2023 17:31:57; 797.9645; -0.09819996; 240.9299; Road; 4.687658; null
15; Pedestrian; Interference; Intention; 17.10.2023 17:31:57; 797.9366; -0.09819996; 240.9312; Road; 4.708112; null
15; Pedestrian; Interference; Intention; 17.10.2023 17:31:57; 797.9084; -0.09819996; 240.9322; Road; 4.730019; null
15; Pedestrian; Interference; Intention; 17.10.2023 17:31:57; 797.882; -0.09819996; 240.933; Road; 4.752328; null
15; Pedestrian; Interference; Intention; 17.10.2023 17:31:57; 797.8692; -0.09819996; 240.9334; Road; 4.763605; null
15; Pedestrian; Interference; Intention; 17.10.2023 17:31:57; 797.8431; -0.09819996; 240.934; Road; 4.785773; null
15; Pedestrian; Interference; Intention; 17.10.2023 17:31:57; 797.8168; -0.09819996; 240.9346; Road; 4.807992; null
15; Pedestrian; Interference; Intention; 17.10.2023 17:31:57; 797.791; -0.09819996; 240.9351; Road; 4.829971; null
15; Pedestrian; Interference; Intention; 17.10.2023 17:31:57; 797.7657; -0.09819996; 240.9355; Road; 4.852744; null
15; Pedestrian; Interference; Intention; 17.10.2023 17:31:57; 797.7534; -0.09819996; 240.9357; Road; 4.86323; null
15; Pedestrian; Interference; Intention; 17.10.2023 17:31:57; 797.729; -0.09819996; 240.9361; Road; 4.886808; null
15; Pedestrian; Interference; Intention; 17.10.2023 17:31:57; 797.7047; -0.09819996; 240.9364; Road; 4.907873; null
15; Pedestrian; Interference; Intention; 17.10.2023 17:31:57; 797.6804; -0.09819996; 240.9365; Road; 4.929923; null
15; Pedestrian; Interference; Intention; 17.10.2023 17:31:57; 797.657; -0.09819996; 240.9367; Road; 4.952374; null
15; Pedestrian; Interference; Intention; 17.10.2023 17:31:57; 797.6451; -0.09819996; 240.9367; Road; 4.963995; null
15; Pedestrian; Interference; Intention; 17.10.2023 17:31:57; 797.6221; -0.09819996; 240.9368; Road; 4.988988; null
15; Pedestrian; Interference; Intention; 17.10.2023 17:31:57; 797.5992; -0.09819996; 240.9367; Road; 5.006581; null
15; Pedestrian; Interference; Intention; 17.10.2023 17:31:57; 797.5773; -0.09819996; 240.9365; Road; 5.028815; null
15; Pedestrian; Interference; Intention; 17.10.2023 17:31:57; 797.555; -0.09819996; 240.9362; Road; 5.051363; null
15; Pedestrian; Interference; Intention; 17.10.2023 17:31:57; 797.5439; -0.09819996; 240.9358; Road; 5.062236; null
15; Pedestrian; Interference; Intention; 17.10.2023 17:31:57; 797.5223; -0.09819996; 240.9353; Road; 5.085203; null
15; Pedestrian; Interference; Intention; 17.10.2023 17:31:57; 797.5005; -0.09819996; 240.9346; Road; 5.106986; null
15; Pedestrian; Interference; Intention; 17.10.2023 17:31:57; 797.4776; -0.09819996; 240.9336; Road; 5.128831; null
15; Pedestrian; Interference; Intention; 17.10.2023 17:31:57; 797.4542; -0.09819996; 240.9323; Road; 5.151201; null
15; Pedestrian; Interference; Intention; 17.10.2023 17:31:57; 797.4426; -0.09819996; 240.9316; Road; 5.162387; null
15; Pedestrian; Interference; Intention; 17.10.2023 17:31:57; 797.4191; -0.09819996; 240.93; Road; 5.184965; null
15; Pedestrian; Interference; Intention; 17.10.2023 17:31:58; 797.3945; -0.09819996; 240.9282; Road; 5.206794; null
15; Pedestrian; Interference; Intention; 17.10.2023 17:31:58; 797.3697; -0.09819996; 240.9264; Road; 5.228834; null
15; Pedestrian; Interference; Intention; 17.10.2023 17:31:58; 797.3442; -0.09819996; 240.9244; Road; 5.250982; null
15; Pedestrian; Interference; Intention; 17.10.2023 17:31:58; 797.3318; -0.09819996; 240.9234; Road; 5.262291; null
15; Pedestrian; Interference; Intention; 17.10.2023 17:31:58; 797.306; -0.09819996; 240.9212; Road; 5.285229; null
15; Pedestrian; Interference; Intention; 17.10.2023 17:31:58; 797.2792; -0.09819996; 240.9191; Road; 5.306553; null
15; Pedestrian; Interference; Intention; 17.10.2023 17:31:58; 797.2523; -0.09819996; 240.917; Road; 5.328685; null
15; Pedestrian; Interference; Intention; 17.10.2023 17:31:58; 797.2264; -0.09819996; 240.9148; Road; 5.351886; null
15; Pedestrian; Interference; Intention; 17.10.2023 17:31:58; 797.2137; -0.09819996; 240.9137; Road; 5.362996; null
15; Pedestrian; Interference; Intention; 17.10.2023 17:31:58; 797.188; -0.09819996; 240.9115; Road; 5.386571; null
15; Pedestrian; Interference; Intention; 17.10.2023 17:31:58; 797.1621; -0.09819996; 240.9093; Road; 5.408655; null
15; Pedestrian; Interference; Intention; 17.10.2023 17:31:58; 797.1368; -0.09819996; 240.9071; Road; 5.43067; null
15; Pedestrian; Interference; Intention; 17.10.2023 17:31:58; 797.1127; -0.09819996; 240.905; Road; 5.455117; null
15; Pedestrian; Interference; Intention; 17.10.2023 17:31:58; 797.1006; -0.09819996; 240.9039; Road; 5.463728; null
15; Pedestrian; Interference; Intention; 17.10.2023 17:31:58; 797.0771; -0.09819996; 240.9019; Road; 5.486331; null
15; Pedestrian; Interference; Intention; 17.10.2023 17:31:58; 797.0536; -0.09819996; 240.9001; Road; 5.508014; null
15; Pedestrian; Interference; Intention; 17.10.2023 17:31:58; 797.0305; -0.09819996; 240.8983; Road; 5.53016; null
15; Pedestrian; Interference; Intention; 17.10.2023 17:31:58; 797.0079; -0.09819996; 240.8967; Road; 5.552801; null
15; Pedestrian; Interference; Intention; 17.10.2023 17:31:58; 796.9963; -0.09819996; 240.896; Road; 5.563727; null
15; Pedestrian; Interference; Intention; 17.10.2023 17:31:58; 796.9742; -0.09819996; 240.895; Road; 5.586223; null
15; Pedestrian; Interference; Intention; 17.10.2023 17:31:58; 796.9518; -0.09819996; 240.8942; Road; 5.609256; null
15; Pedestrian; Interference; Intention; 17.10.2023 17:31:58; 796.9305; -0.09819996; 240.8936; Road; 5.63022; null
15; Pedestrian; Interference; Intention; 17.10.2023 17:31:58; 796.9094; -0.09819996; 240.893; Road; 5.652907; null
15; Pedestrian; Interference; Intention; 17.10.2023 17:31:58; 796.8992; -0.09819996; 240.8929;  After Road; 0; null
15; Pedestrian; Interference; Intention; 17.10.2023 17:31:58; 796.8794; -0.09819996; 240.8929;  After Road; 0.0223235; null
