user_id; scenario; distraction; ehmi; timestamp; userPositionX; userPositionY; userPositionZ; playerPositon; time; focused object
30; Driver; Interference; None; 11.11.2023 13:53:37; 850; 0.0960815; 203; HI; null
30; Driver; Interference; None; 11.11.2023 13:53:37; 850; 0.09269609; 203; Before; 0.02; null
30; Driver; Interference; None; 11.11.2023 13:53:38; 850; 0.07529796; 203; Before; 0.02; null
30; Driver; Interference; None; 11.11.2023 13:53:38; 850; 0.05768705; 203; Before; 0.02; null
30; Driver; Interference; None; 11.11.2023 13:53:38; 850; 0.03527888; 203; Before; 0.02; null
30; Driver; Interference; None; 11.11.2023 13:53:38; 850; 0.02227915; 203; Before; 0.02; null
30; Driver; Interference; None; 11.11.2023 13:53:38; 850; -0.005056463; 203; Before; 0.02; null
30; Driver; Interference; None; 11.11.2023 13:53:38; 850; -0.02595098; 203; Before; 0.02; null
30; Driver; Interference; None; 11.11.2023 13:53:38; 850; -0.03948666; 203; Before; 0.02; null
30; Driver; Interference; None; 11.11.2023 13:53:38; 850; -0.04622336; 203; Before; 0.02; null
30; Driver; Interference; None; 11.11.2023 13:53:38; 850; -0.04738848; 203; Before; 0.02; null
30; Driver; Interference; None; 11.11.2023 13:53:38; 850; -0.04619898; 203; Before; 0.02; null
30; Driver; Interference; None; 11.11.2023 13:53:38; 850; -0.04158631; 203; Before; 0.02; null
30; Driver; Interference; None; 11.11.2023 13:53:38; 850; -0.03501777; 203; Before; 0.02; null
30; Driver; Interference; None; 11.11.2023 13:53:38; 850; -0.02776622; 203; Before; 0.02; null
30; Driver; Interference; None; 11.11.2023 13:53:38; 850; -0.02420648; 203; Before; 0.02; null
30; Driver; Interference; None; 11.11.2023 13:53:38; 850; -0.017693; 203; Before; 0.02; null
30; Driver; Interference; None; 11.11.2023 13:53:38; 850; -0.01239446; 203; Before; 0.02; null
30; Driver; Interference; None; 11.11.2023 13:53:38; 850; -0.008560622; 203; Before; 0.04; Checking Box Human Car
30; Driver; Interference; None; 11.11.2023 13:53:38; 850; -0.00620007; 203; Before; 0.04; Checking Box Human Car
30; Driver; Interference; None; 11.11.2023 13:53:38; 850; -0.005529827; 203; Before; 0.04; Checking Box Human Car
30; Driver; Interference; None; 11.11.2023 13:53:38; 850; -0.005060985; 203; Before; 0.04; Checking Box Human Car
30; Driver; Interference; None; 11.11.2023 13:53:38; 850; -0.00519039; 203; Before; 0.3733333; Checking Box AICar
30; Driver; Interference; None; 11.11.2023 13:53:38; 850; -0.006574629; 203; Before; 0.3733333; Checking Box AICar
30; Driver; Interference; None; 11.11.2023 13:53:38; 850; -0.007963514; 203; Before; 0.4615473; Checking Box AICar
30; Driver; Interference; None; 11.11.2023 13:53:38; 850; -0.008701992; 203; Before; 0.4962752; Checking Box AICar
30; Driver; Interference; None; 11.11.2023 13:53:38; 850; -0.01014079; 203; Before; 0.5166848; null
30; Driver; Interference; None; 11.11.2023 13:53:38; 850; -0.01140891; 203; Before; 0.532766; null
30; Driver; Interference; None; 11.11.2023 13:53:38; 850; -0.01194794; 203; Before; 0.568828; null
30; Driver; Interference; None; 11.11.2023 13:53:39; 850; -0.01280477; 203; Before; 0.585125; null
30; Driver; Interference; None; 11.11.2023 13:53:39; 850; -0.0133599; 203; Before; 0.6011881; null
30; Driver; Interference; None; 11.11.2023 13:53:39; 850; -0.01363593; 203; Before; 0.6162047; null
30; Driver; Interference; None; 11.11.2023 13:53:39; 850; -0.01368042; 203; Before; 0.6374587; Checking Box AICar
30; Driver; Interference; None; 11.11.2023 13:53:39; 850; -0.01355277; 203; Before; 0.6523681; Checking Box AICar
30; Driver; Interference; None; 11.11.2023 13:53:39; 850; -0.01331501; 203; Before; 0.6523681; Checking Box AICar
30; Driver; Interference; None; 11.11.2023 13:53:39; 850; -0.01317294; 203; Before; 0.6523681; Checking Box AICar
30; Driver; Interference; None; 11.11.2023 13:53:39; 850; -0.01287344; 203; Before; 0.6523681; Checking Box AICar
30; Driver; Interference; None; 11.11.2023 13:53:39; 850; -0.01258614; 203; Before; 0.6523681; Checking Box AICar
30; Driver; Interference; None; 11.11.2023 13:53:39; 850; -0.01245633; 203; Before; 0.666676; Checking Box AICar
30; Driver; Interference; None; 11.11.2023 13:53:39; 850; -0.0121484; 203; Before; 0.666676; Checking Box AICar
30; Driver; Interference; None; 11.11.2023 13:53:39; 850; -0.01207596; 203; Before; 0.666676; Checking Box AICar
30; Driver; Interference; None; 11.11.2023 13:53:39; 850; -0.0119764; 203; Before; 0.7858117; Checking Box AICar
30; Driver; Interference; None; 11.11.2023 13:53:39; 850; -0.01194769; 203; Before; 0.8441917; Checking Box AICar
30; Driver; Interference; None; 11.11.2023 13:53:39; 850; -0.01193086; 203; Before; 0.8612139; null
30; Driver; Interference; None; 11.11.2023 13:53:39; 850; -0.01194332; 203; Before; 0.8904005; null
30; Driver; Interference; None; 11.11.2023 13:53:39; 850; -0.01198599; 203; Before; 0.9044571; null
30; Driver; Interference; None; 11.11.2023 13:53:39; 850; -0.01204261; 203; Before; 0.9191279; null
30; Driver; Interference; None; 11.11.2023 13:53:39; 850; -0.01210312; 203; Before; 0.932357; null
30; Driver; Interference; None; 11.11.2023 13:53:39; 850; -0.01215983; 203; Before; 0.9475945; null
30; Driver; Interference; None; 11.11.2023 13:53:39; 850; -0.01218508; 203; Before; 0.9895074; null
30; Driver; Interference; None; 11.11.2023 13:53:39; 850; -0.01222733; 203; Before; 1.00461; null
30; Driver; Interference; None; 11.11.2023 13:53:39; 850; -0.01225735; 203; Before; 1.018871; null
30; Driver; Interference; None; 11.11.2023 13:53:39; 850; -0.01226776; 203; Before; 1.046995; null
30; Driver; Interference; None; 11.11.2023 13:53:39; 850; -0.01228009; 203; Before; 1.064423; null
30; Driver; Interference; None; 11.11.2023 13:53:39; 850; -0.01228277; 203; Before; 1.096262; null
30; Driver; Interference; None; 11.11.2023 13:53:39; 850; -0.01227815; 203; Before; 1.096262; null
30; Driver; Interference; None; 11.11.2023 13:53:39; 850; -0.01226879; 203; Before; 1.123162; null
30; Driver; Interference; None; 11.11.2023 13:53:39; 850; -0.01225702; 203; Before; 1.138978; null
30; Driver; Interference; None; 11.11.2023 13:53:39; 850; -0.01225086; 203; Before; 1.167541; null
30; Driver; Interference; None; 11.11.2023 13:53:39; 850; -0.01223356; 203; Before; 1.182285; null
30; Driver; Interference; None; 11.11.2023 13:53:39; 850; -0.01222862; 203; Before; 1.197228; null
30; Driver; Interference; None; 11.11.2023 13:53:39; 850; -0.01222047; 203; Before; 1.225511; null
30; Driver; Interference; None; 11.11.2023 13:53:39; 850; -0.0122148; 203; Before; 1.239884; null
30; Driver; Interference; None; 11.11.2023 13:53:39; 850; -0.01221289; 203; Before; 1.267136; null
30; Driver; Interference; None; 11.11.2023 13:53:39; 850; -0.01221072; 203; Before; 1.295807; null
30; Driver; Interference; None; 11.11.2023 13:53:39; 850; -0.01221041; 203; Before; 1.295807; null
30; Driver; Interference; None; 11.11.2023 13:53:39; 850; -0.01221149; 203; Before; 1.323008; null
30; Driver; Interference; None; 11.11.2023 13:53:39; 850; -0.01221345; 203; Before; 1.337632; null
30; Driver; Interference; None; 11.11.2023 13:53:39; 850; -0.01221583; 203; Before; 1.364952; null
30; Driver; Interference; None; 11.11.2023 13:53:39; 850; -0.01221707; 203; Before; 1.392224; null
30; Driver; Interference; None; 11.11.2023 13:53:39; 850; -0.01221942; 203; Before; 1.392224; null
30; Driver; Interference; None; 11.11.2023 13:53:39; 850; -0.01222145; 203; Before; 1.420335; null
30; Driver; Interference; None; 11.11.2023 13:53:39; 850; -0.0122223; 203; Before; 1.44926; null
30; Driver; Interference; None; 11.11.2023 13:53:39; 850; -0.01222409; 203; Before; 1.463463; null
30; Driver; Interference; None; 11.11.2023 13:53:39; 850; -0.01222445; 203; Before; 1.490243; null
30; Driver; Interference; None; 11.11.2023 13:53:39; 850; -0.01222484; 203; Before; 1.504768; null
30; Driver; Interference; None; 11.11.2023 13:53:39; 850; -0.01222485; 203; Before; 1.519528; null
30; Driver; Interference; None; 11.11.2023 13:53:39; 850; -0.01222459; 203; Before; 1.533314; null
30; Driver; Interference; None; 11.11.2023 13:53:39; 850; -0.0122244; 203; Before; 1.568115; null
30; Driver; Interference; None; 11.11.2023 13:53:40; 850; -0.01222394; 203; Before; 1.583281; null
30; Driver; Interference; None; 11.11.2023 13:53:40; 850; -0.01222344; 203; Before; 1.60058; null
30; Driver; Interference; None; 11.11.2023 13:53:40; 850; -0.01222297; 203; Before; 1.618026; null
30; Driver; Interference; None; 11.11.2023 13:53:40; 850; -0.01222277; 203; Before; 1.646427; null
30; Driver; Interference; None; 11.11.2023 13:53:40; 850; -0.01222226; 203; Before; 1.660612; null
30; Driver; Interference; None; 11.11.2023 13:53:40; 850; -0.01222215; 203; Before; 1.688089; null
30; Driver; Interference; None; 11.11.2023 13:53:40; 850; -0.01222202; 203; Before; 1.703365; null
30; Driver; Interference; None; 11.11.2023 13:53:40; 850; -0.01222197; 203; Before; 1.717728; null
30; Driver; Interference; None; 11.11.2023 13:53:40; 850; -0.01222198; 203; Before; 1.748282; null
30; Driver; Interference; None; 11.11.2023 13:53:40; 850; -0.01222207; 203; Before; 1.762644; null
30; Driver; Interference; None; 11.11.2023 13:53:40; 850; -0.01222211; 203; Before; 1.791286; null
30; Driver; Interference; None; 11.11.2023 13:53:40; 850; -0.01222221; 203; Before; 1.791286; null
30; Driver; Interference; None; 11.11.2023 13:53:40; 850; -0.01222231; 203; Before; 1.82087; null
30; Driver; Interference; None; 11.11.2023 13:53:40; 850; -0.0122224; 203; Before; 1.836798; null
30; Driver; Interference; None; 11.11.2023 13:53:40; 850; -0.01222247; 203; Before; 1.865265; null
30; Driver; Interference; None; 11.11.2023 13:53:40; 850; -0.0122225; 203; Before; 1.892218; null
30; Driver; Interference; None; 11.11.2023 13:53:40; 850; -0.01222255; 203; Before; 1.892218; null
30; Driver; Interference; None; 11.11.2023 13:53:40; 850; -0.01222258; 203; Before; 1.920776; null
30; Driver; Interference; None; 11.11.2023 13:53:40; 850; -0.01222259; 203; Before; 1.948482; null
30; Driver; Interference; None; 11.11.2023 13:53:40; 850; -0.01222259; 203; Before; 1.962738; null
30; Driver; Interference; None; 11.11.2023 13:53:40; 850; -0.01222258; 203; Before; 1.990881; null
30; Driver; Interference; None; 11.11.2023 13:53:40; 850; -0.01222256; 203; Before; 1.990881; null
30; Driver; Interference; None; 11.11.2023 13:53:40; 850; -0.01222253; 203; Before; 2.020165; null
30; Driver; Interference; None; 11.11.2023 13:53:40; 850; -0.0122225; 203; Before; 2.035797; null
30; Driver; Interference; None; 11.11.2023 13:53:40; 850; -0.01222249; 203; Before; 2.064574; null
30; Driver; Interference; None; 11.11.2023 13:53:40; 850; -0.01222248; 203; Before; 2.092361; null
30; Driver; Interference; None; 11.11.2023 13:53:40; 850; -0.01222247; 203; Before; 2.092361; null
30; Driver; Interference; None; 11.11.2023 13:53:40; 850; -0.01222247; 203; Before; 2.122479; null
30; Driver; Interference; None; 11.11.2023 13:53:40; 850; -0.01222247; 203; Before; 2.137329; null
30; Driver; Interference; None; 11.11.2023 13:53:40; 850; -0.01222247; 203; Before; 2.16542; null
30; Driver; Interference; None; 11.11.2023 13:53:40; 850; -0.01222247; 203; Before; 2.181061; null
30; Driver; Interference; None; 11.11.2023 13:53:40; 850; -0.01222247; 203; Before; 2.195977; null
30; Driver; Interference; None; 11.11.2023 13:53:40; 850; -0.01222248; 203; Before; 2.223525; null
30; Driver; Interference; None; 11.11.2023 13:53:40; 850; -0.01222248; 203; Before; 2.241479; null
30; Driver; Interference; None; 11.11.2023 13:53:40; 850; -0.01222248; 203; Before; 2.272399; null
30; Driver; Interference; None; 11.11.2023 13:53:40; 850; -0.01222249; 203; Before; 2.286209; null
30; Driver; Interference; None; 11.11.2023 13:53:40; 850; -0.0122225; 203; Before; 2.300757; null
30; Driver; Interference; None; 11.11.2023 13:53:40; 850; -0.0122225; 203; Before; 2.315329; Checking Box AICar
30; Driver; Interference; None; 11.11.2023 13:53:40; 850.0002; -0.01222282; 203; Before; 2.343707; Checking Box AICar
30; Driver; Interference; None; 11.11.2023 13:53:40; 850.0002; -0.01222326; 203; Before; 2.358795; Checking Box AICar
30; Driver; Interference; None; 11.11.2023 13:53:40; 850.0001; -0.01222344; 203; Before; 2.374694; Checking Box AICar
30; Driver; Interference; None; 11.11.2023 13:53:40; 850; -0.01222348; 203; Before; 2.399774; Checking Box Human Car
30; Driver; Interference; None; 11.11.2023 13:53:40; 849.9999; -0.01222338; 203; Before; 2.419797; Checking Box Human Car
30; Driver; Interference; None; 11.11.2023 13:53:40; 849.9998; -0.01222323; 203; Before; 2.435321; Checking Box Human Car
30; Driver; Interference; None; 11.11.2023 13:53:40; 849.9996; -0.01222318; 203; Before; 2.467524; Checking Box Human Car
30; Driver; Interference; None; 11.11.2023 13:53:40; 849.9988; -0.01222322; 203; Before; 2.482872; Checking Box Human Car
30; Driver; Interference; None; 11.11.2023 13:53:40; 849.9985; -0.01222331; 203; Before; 2.497388; Checking Box Human Car
30; Driver; Interference; None; 11.11.2023 13:53:40; 849.9977; -0.01222337; 203; Before; 2.510918; Checking Box Human Car
30; Driver; Interference; None; 11.11.2023 13:53:40; 849.9965; -0.01222307; 203; Before; 2.52792; Checking Box Human Car
30; Driver; Interference; None; 11.11.2023 13:53:40; 849.9949; -0.01222345; 203; Before; 2.557046; null
30; Driver; Interference; None; 11.11.2023 13:53:41; 849.994; -0.01222404; 203; Before; 2.592532; null
30; Driver; Interference; None; 11.11.2023 13:53:41; 849.9916; -0.01222519; 203; Before; 2.592532; null
30; Driver; Interference; None; 11.11.2023 13:53:41; 849.9885; -0.01222787; 203; Before; 2.621954; null
30; Driver; Interference; None; 11.11.2023 13:53:41; 849.9849; -0.01223106; 203; Before; 2.636797; null
30; Driver; Interference; None; 11.11.2023 13:53:41; 849.9828; -0.0122331; 203; Before; 2.664895; null
30; Driver; Interference; None; 11.11.2023 13:53:41; 849.978; -0.01223716; 203; Before; 2.68004; null
30; Driver; Interference; None; 11.11.2023 13:53:41; 849.9724; -0.01224048; 203; Before; 2.68004; null
30; Driver; Interference; None; 11.11.2023 13:53:41; 849.966; -0.01224681; 203; Before; 2.721164; null
30; Driver; Interference; None; 11.11.2023 13:53:41; 849.9588; -0.01225393; 203; Before; 2.736846; null
30; Driver; Interference; None; 11.11.2023 13:53:41; 849.9507; -0.01226375; 203; Before; 2.765234; null
30; Driver; Interference; None; 11.11.2023 13:53:41; 849.9465; -0.01227055; 203; Before; 2.79319; null
30; Driver; Interference; None; 11.11.2023 13:53:41; 849.9373; -0.01228202; 203.0001; Before; 2.79319; null
30; Driver; Interference; None; 11.11.2023 13:53:41; 849.9274; -0.0122948; 203.0001; Before; 2.822199; null
30; Driver; Interference; None; 11.11.2023 13:53:41; 849.9166; -0.01230221; 203.0001; Before; 2.837406; null
30; Driver; Interference; None; 11.11.2023 13:53:41; 849.905; -0.01231033; 203.0002; Before; 2.854367; null
30; Driver; Interference; None; 11.11.2023 13:53:41; 849.899; -0.01231489; 203.0002; Before; 2.889042; null
30; Driver; Interference; None; 11.11.2023 13:53:41; 849.8862; -0.0123222; 203.0002; Before; 2.889042; null
30; Driver; Interference; None; 11.11.2023 13:53:41; 849.8725; -0.0123255; 203.0002; Before; 2.906864; null
30; Driver; Interference; None; 11.11.2023 13:53:41; 849.8653; -0.01232852; 203.0002; Before; 2.942663; null
30; Driver; Interference; None; 11.11.2023 13:53:41; 849.8423; -0.01234373; 203.0003; Before; 2.960191; null
30; Driver; Interference; None; 11.11.2023 13:53:41; 849.834; -0.0123493; 203.0003; Before; 2.98786; null
30; Driver; Interference; None; 11.11.2023 13:53:41; 849.8168; -0.01235841; 203.0003; Before; 2.98786; null
30; Driver; Interference; None; 11.11.2023 13:53:41; 849.7985; -0.0123723; 203.0004; Before; 3.02236; null
30; Driver; Interference; None; 11.11.2023 13:53:41; 849.7791; -0.01238524; 203.0004; Before; 3.037528; null
30; Driver; Interference; None; 11.11.2023 13:53:41; 849.7689; -0.01239213; 203.0004; Before; 3.066199; null
30; Driver; Interference; None; 11.11.2023 13:53:41; 849.7477; -0.01241391; 203.0005; Before; 3.095006; null
30; Driver; Interference; None; 11.11.2023 13:53:41; 849.7254; -0.01243117; 203.0005; Before; 3.095006; null
30; Driver; Interference; None; 11.11.2023 13:53:41; 849.7019; -0.01244974; 203.0006; Before; 3.121898; null
30; Driver; Interference; None; 11.11.2023 13:53:41; 849.6772; -0.01246349; 203.0006; Before; 3.136755; null
30; Driver; Interference; None; 11.11.2023 13:53:41; 849.6514; -0.01247933; 203.0007; Before; 3.164625; null
30; Driver; Interference; None; 11.11.2023 13:53:41; 849.638; -0.01249141; 203.0007; Before; 3.191953; null
30; Driver; Interference; None; 11.11.2023 13:53:41; 849.6104; -0.01250634; 203.0008; Before; 3.191953; null
30; Driver; Interference; None; 11.11.2023 13:53:41; 849.5815; -0.01252264; 203.0009; Before; 3.220926; null
30; Driver; Interference; None; 11.11.2023 13:53:41; 849.5513; -0.01253337; 203.0009; Before; 3.237382; null
30; Driver; Interference; None; 11.11.2023 13:53:41; 849.5198; -0.01254719; 203.001; Before; 3.264527; null
30; Driver; Interference; None; 11.11.2023 13:53:41; 849.5037; -0.01255941; 203.0011; Before; 3.2923; null
30; Driver; Interference; None; 11.11.2023 13:53:41; 849.4704; -0.01257335; 203.0011; Before; 3.2923; null
30; Driver; Interference; None; 11.11.2023 13:53:41; 849.4359; -0.01258952; 203.0012; Before; 3.321593; null
30; Driver; Interference; None; 11.11.2023 13:53:41; 849.4182; -0.01260302; 203.0013; Before; 3.350205; null
30; Driver; Interference; None; 11.11.2023 13:53:41; 849.3633; -0.01262388; 203.0014; Before; 3.364387; null
30; Driver; Interference; None; 11.11.2023 13:53:41; 849.3444; -0.01263413; 203.0015; Before; 3.391148; null
30; Driver; Interference; None; 11.11.2023 13:53:41; 849.3058; -0.01264328; 203.0016; Before; 3.391148; null
30; Driver; Interference; None; 11.11.2023 13:53:41; 849.2662; -0.01265616; 203.0017; Before; 3.422281; null
30; Driver; Interference; None; 11.11.2023 13:53:41; 849.2255; -0.01266336; 203.0018; Before; 3.437161; null
30; Driver; Interference; None; 11.11.2023 13:53:41; 849.2047; -0.01266687; 203.0019; Before; 3.465358; null
30; Driver; Interference; None; 11.11.2023 13:53:41; 849.1624; -0.01268956; 203.002; Before; 3.495865; null
30; Driver; Interference; None; 11.11.2023 13:53:41; 849.1191; -0.01270358; 203.0021; Before; 3.495865; null
30; Driver; Interference; None; 11.11.2023 13:53:41; 849.0746; -0.01272048; 203.0023; Before; 3.522786; null
30; Driver; Interference; None; 11.11.2023 13:53:41; 849.0291; -0.01272956; 203.0024; Before; 3.53811; null
30; Driver; Interference; None; 11.11.2023 13:53:41; 849.006; -0.01273342; 203.0025; Before; 3.567355; null
30; Driver; Interference; None; 11.11.2023 13:53:42; 848.9349; -0.01273187; 203.0027; Before; 3.583308; null
30; Driver; Interference; None; 11.11.2023 13:53:42; 848.9106; -0.0127393; 203.0028; Before; 3.598154; null
30; Driver; Interference; None; 11.11.2023 13:53:42; 848.8861; -0.01275282; 203.0029; Before; 3.625503; null
30; Driver; Interference; None; 11.11.2023 13:53:42; 848.8109; -0.01277256; 203.0032; Before; 3.640202; null
30; Driver; Interference; None; 11.11.2023 13:53:42; 848.7853; -0.01278507; 203.0033; Before; 3.668665; null
30; Driver; Interference; None; 11.11.2023 13:53:42; 848.7067; -0.01282084; 203.0036; Before; 3.682611; null
30; Driver; Interference; None; 11.11.2023 13:53:42; 848.68; -0.0128278; 203.0036; Before; 3.696431; null
30; Driver; Interference; None; 11.11.2023 13:53:42; 848.6256; -0.01285836; 203.0038; Before; 3.724811; null
30; Driver; Interference; None; 11.11.2023 13:53:42; 848.5701; -0.01285292; 203.004; Before; 3.739341; null
30; Driver; Interference; None; 11.11.2023 13:53:42; 848.5135; -0.01284747; 203.0042; Before; 3.753761; null
30; Driver; Interference; None; 11.11.2023 13:53:42; 848.4557; -0.0128212; 203.0044; Before; 3.7688; null
30; Driver; Interference; None; 11.11.2023 13:53:42; 848.4264; -0.01281325; 203.0045; Before; 3.790724; null
30; Driver; Interference; None; 11.11.2023 13:53:42; 848.3669; -0.0127962; 203.0046; Before; 3.811438; null
30; Driver; Interference; None; 11.11.2023 13:53:42; 848.3065; -0.01280323; 203.0048; Before; 3.842714; null
30; Driver; Interference; None; 11.11.2023 13:53:42; 848.2758; -0.01282238; 203.0049; Before; 3.871403; null
30; Driver; Interference; None; 11.11.2023 13:53:42; 848.2138; -0.01284875; 203.005; Before; 3.885903; null
30; Driver; Interference; None; 11.11.2023 13:53:42; 848.1508; -0.01288513; 203.0052; Before; 3.900579; null
30; Driver; Interference; None; 11.11.2023 13:53:42; 848.0869; -0.01291293; 203.0053; Before; 3.916329; null
30; Driver; Interference; None; 11.11.2023 13:53:42; 848.0546; -0.01292577; 203.0054; Before; 3.944189; null
30; Driver; Interference; None; 11.11.2023 13:53:42; 847.9562; -0.01294253; 203.0056; Before; 3.960139; null
30; Driver; Interference; None; 11.11.2023 13:53:42; 847.923; -0.01295729; 203.0057; Before; 3.992327; null
30; Driver; Interference; None; 11.11.2023 13:53:42; 847.8558; -0.01297012; 203.0059; Before; 3.992327; null
30; Driver; Interference; None; 11.11.2023 13:53:42; 847.7877; -0.01299117; 203.006; Before; 4.022986; null
30; Driver; Interference; None; 11.11.2023 13:53:42; 847.7187; -0.01300284; 203.0062; Before; 4.038371; null
30; Driver; Interference; None; 11.11.2023 13:53:42; 847.6838; -0.01300805; 203.0062; Before; 4.06804; null
30; Driver; Interference; None; 11.11.2023 13:53:42; 847.578; -0.0130042; 203.0065; Before; 4.083625; null
30; Driver; Interference; None; 11.11.2023 13:53:42; 847.5422; -0.01301438; 203.0065; Before; 4.098026; null
30; Driver; Interference; None; 11.11.2023 13:53:42; 847.5063; -0.0130333; 203.0066; Before; 4.125432; null
30; Driver; Interference; None; 11.11.2023 13:53:42; 847.397; -0.01305765; 203.0069; Before; 4.140038; null
30; Driver; Interference; None; 11.11.2023 13:53:42; 847.3601; -0.01307356; 203.007; Before; 4.169111; null
30; Driver; Interference; None; 11.11.2023 13:53:42; 847.248; -0.0130881; 203.0072; Before; 4.184171; null
30; Driver; Interference; None; 11.11.2023 13:53:42; 847.2103; -0.01310127; 203.0073; Before; 4.198535; null
30; Driver; Interference; None; 11.11.2023 13:53:42; 847.134; -0.01310673; 203.0075; Before; 4.214496; null
30; Driver; Interference; None; 11.11.2023 13:53:42; 847.0567; -0.01312029; 203.0078; Before; 4.242665; null
30; Driver; Interference; None; 11.11.2023 13:53:42; 846.9785; -0.01312334; 203.008; Before; 4.257786; null
30; Driver; Interference; None; 11.11.2023 13:53:42; 846.9391; -0.0131245; 203.0081; Before; 4.286831; null
30; Driver; Interference; None; 11.11.2023 13:53:42; 846.8595; -0.0131561; 203.0083; Before; 4.302198; null
30; Driver; Interference; None; 11.11.2023 13:53:42; 846.779; -0.01317104; 203.0086; Before; 4.317454; null
30; Driver; Interference; None; 11.11.2023 13:53:42; 846.6976; -0.0131903; 203.0088; Before; 4.344861; null
30; Driver; Interference; None; 11.11.2023 13:53:42; 846.6152; -0.01319483; 203.0091; Before; 4.359695; null
30; Driver; Interference; None; 11.11.2023 13:53:42; 846.5737; -0.01319561; 203.0092; Before; 4.386787; null
30; Driver; Interference; None; 11.11.2023 13:53:42; 846.4899; -0.01322636; 203.0095; Before; 4.401657; null
30; Driver; Interference; None; 11.11.2023 13:53:42; 846.4053; -0.01320573; 203.0098; Before; 4.416838; null
30; Driver; Interference; None; 11.11.2023 13:53:42; 846.3627; -0.01321615; 203.0099; Before; 4.446636; null
30; Driver; Interference; None; 11.11.2023 13:53:42; 846.2336; -0.01324849; 203.0104; Before; 4.461044; null
30; Driver; Interference; None; 11.11.2023 13:53:42; 846.1902; -0.01325222; 203.0105; Before; 4.489433; null
30; Driver; Interference; None; 11.11.2023 13:53:42; 846.103; -0.01323975; 203.0108; Before; 4.489433; null
30; Driver; Interference; None; 11.11.2023 13:53:42; 846.0151; -0.01324192; 203.0111; Before; 4.52033; null
30; Driver; Interference; None; 11.11.2023 13:53:42; 845.9263; -0.01323723; 203.0115; Before; 4.535722; null
30; Driver; Interference; None; 11.11.2023 13:53:42; 845.8817; -0.01323607; 203.0116; Before; 4.565477; null
30; Driver; Interference; None; 11.11.2023 13:53:43; 845.7917; -0.01326949; 203.012; Before; 4.595151; null
30; Driver; Interference; None; 11.11.2023 13:53:43; 845.701; -0.01328658; 203.0123; Before; 4.595151; null
30; Driver; Interference; None; 11.11.2023 13:53:43; 845.6094; -0.01330982; 203.0127; Before; 4.623498; null
30; Driver; Interference; None; 11.11.2023 13:53:43; 845.517; -0.01331696; 203.013; Before; 4.637986; null
30; Driver; Interference; None; 11.11.2023 13:53:43; 845.4705; -0.01331874; 203.0132; Before; 4.666439; null
30; Driver; Interference; None; 11.11.2023 13:53:43; 845.3298; -0.01333246; 203.0138; Before; 4.681376; null
30; Driver; Interference; None; 11.11.2023 13:53:43; 845.2824; -0.01333177; 203.014; Before; 4.695857; null
30; Driver; Interference; None; 11.11.2023 13:53:43; 845.2349; -0.01334319; 203.0142; Before; 4.724739; null
30; Driver; Interference; None; 11.11.2023 13:53:43; 845.091; -0.01334029; 203.0148; Before; 4.740946; null
30; Driver; Interference; None; 11.11.2023 13:53:43; 844.994; -0.01332043; 203.0152; Before; 4.756941; null
30; Driver; Interference; None; 11.11.2023 13:53:43; 844.9452; -0.01331367; 203.0154; Before; 4.787007; null
30; Driver; Interference; None; 11.11.2023 13:53:43; 844.8469; -0.01334286; 203.0158; Before; 4.802774; null
30; Driver; Interference; None; 11.11.2023 13:53:43; 844.7478; -0.01335864; 203.0162; Before; 4.817678; null
30; Driver; Interference; None; 11.11.2023 13:53:43; 844.6979; -0.01336542; 203.0164; Before; 4.845298; null
30; Driver; Interference; None; 11.11.2023 13:53:43; 844.5471; -0.0133956; 203.0171; Before; 4.860161; null
30; Driver; Interference; None; 11.11.2023 13:53:43; 844.4963; -0.01339973; 203.0173; Before; 4.88804; null
30; Driver; Interference; None; 11.11.2023 13:53:43; 844.3943; -0.01344371; 203.0178; Before; 4.903549; null
30; Driver; Interference; None; 11.11.2023 13:53:43; 844.2914; -0.01342422; 203.0183; Before; 4.918594; null
30; Driver; Interference; None; 11.11.2023 13:53:43; 844.2396; -0.01343912; 203.0185; Before; 4.947084; null
30; Driver; Interference; None; 11.11.2023 13:53:43; 844.083; -0.01348229; 203.0193; Before; 4.96139; null
30; Driver; Interference; None; 11.11.2023 13:53:43; 844.0304; -0.01348714; 203.0195; Before; 4.989358; null
30; Driver; Interference; None; 11.11.2023 13:53:43; 843.9246; -0.01353001; 203.0201; Before; 5.005373; null
30; Driver; Interference; None; 11.11.2023 13:53:43; 843.8179; -0.01350338; 203.0206; Before; 5.019644; null
30; Driver; Interference; None; 11.11.2023 13:53:43; 843.7642; -0.01351481; 203.0208; Before; 5.048743; null
30; Driver; Interference; None; 11.11.2023 13:53:43; 843.6019; -0.01350463; 203.0217; Before; 5.063861; null
30; Driver; Interference; None; 11.11.2023 13:53:43; 843.4926; -0.01347661; 203.0222; Before; 5.079651; null
30; Driver; Interference; None; 11.11.2023 13:53:43; 843.4376; -0.01346613; 203.0225; Before; 5.094955; null
30; Driver; Interference; None; 11.11.2023 13:53:43; 843.327; -0.01349356; 203.0231; Before; 5.12402; null
30; Driver; Interference; None; 11.11.2023 13:53:43; 843.2154; -0.01336679; 203.0237; Before; 5.139246; null
30; Driver; Interference; None; 11.11.2023 13:53:43; 843.103; -0.01319429; 203.0243; Before; 5.154218; null
30; Driver; Interference; None; 11.11.2023 13:53:43; 843.0465; -0.01312713; 203.0246; Before; 5.187883; null
30; Driver; Interference; None; 11.11.2023 13:53:43; 842.9328; -0.01308917; 203.0252; Before; 5.203762; null
30; Driver; Interference; None; 11.11.2023 13:53:43; 842.8182; -0.01303793; 203.0258; Before; 5.218905; null
30; Driver; Interference; None; 11.11.2023 13:53:43; 842.7607; -0.01305711; 203.0262; Before; 5.246234; null
30; Driver; Interference; None; 11.11.2023 13:53:43; 842.5867; -0.01317153; 203.0272; Before; 5.260312; null
30; Driver; Interference; None; 11.11.2023 13:53:43; 842.5283; -0.01320369; 203.0275; Before; 5.288502; null
30; Driver; Interference; None; 11.11.2023 13:53:43; 842.4108; -0.01331579; 203.0282; Before; 5.303809; null
30; Driver; Interference; None; 11.11.2023 13:53:43; 842.2925; -0.01334673; 203.0289; Before; 5.319515; null
30; Driver; Interference; None; 11.11.2023 13:53:43; 842.2331; -0.01338571; 203.0292; Before; 5.349114; null
30; Driver; Interference; None; 11.11.2023 13:53:43; 842.0535; -0.0134371; 203.0303; Before; 5.363481; null
30; Driver; Interference; None; 11.11.2023 13:53:43; 841.9933; -0.0134612; 203.0307; Before; 5.391097; null
30; Driver; Interference; None; 11.11.2023 13:53:43; 841.8721; -0.01347486; 203.0314; Before; 5.391097; null
30; Driver; Interference; None; 11.11.2023 13:53:43; 841.7502; -0.01348483; 203.0322; Before; 5.421094; null
30; Driver; Interference; None; 11.11.2023 13:53:43; 841.689; -0.0135116; 203.0325; Before; 5.449979; null
30; Driver; Interference; None; 11.11.2023 13:53:43; 841.504; -0.01352228; 203.0337; Before; 5.463288; null
30; Driver; Interference; None; 11.11.2023 13:53:43; 841.3797; -0.01349003; 203.0345; Before; 5.477703; null
30; Driver; Interference; None; 11.11.2023 13:53:43; 841.3172; -0.01346976; 203.0349; Before; 5.493665; null
30; Driver; Interference; None; 11.11.2023 13:53:43; 841.2545; -0.0134704; 203.0353; Before; 5.526956; null
30; Driver; Interference; None; 11.11.2023 13:53:43; 841.0652; -0.01344018; 203.0365; Before; 5.541708; null
30; Driver; Interference; None; 11.11.2023 13:53:43; 841.0018; -0.01344971; 203.037; Before; 5.571189; null
30; Driver; Interference; None; 11.11.2023 13:53:43; 840.8741; -0.0134486; 203.0378; Before; 5.586196; null
30; Driver; Interference; None; 11.11.2023 13:53:44; 840.7457; -0.01346128; 203.0387; Before; 5.600677; null
30; Driver; Interference; None; 11.11.2023 13:53:44; 840.6165; -0.01347182; 203.0396; Before; 5.61538; null
30; Driver; Interference; None; 11.11.2023 13:53:44; 840.4865; -0.01349238; 203.0405; Before; 5.642689; null
30; Driver; Interference; None; 11.11.2023 13:53:44; 840.4212; -0.01352945; 203.041; Before; 5.67103; null
30; Driver; Interference; None; 11.11.2023 13:53:44; 840.2241; -0.01357312; 203.0424; Before; 5.685008; null
30; Driver; Interference; None; 11.11.2023 13:53:44; 840.158; -0.01359683; 203.0429; Before; 5.699695; null
30; Driver; Interference; None; 11.11.2023 13:53:44; 840.0251; -0.01360841; 203.0439; Before; 5.713303; null
30; Driver; Interference; None; 11.11.2023 13:53:44; 839.8915; -0.0136182; 203.0449; Before; 5.743294; null
30; Driver; Interference; None; 11.11.2023 13:53:44; 839.8245; -0.01364763; 203.0454; Before; 5.771679; null
30; Driver; Interference; None; 11.11.2023 13:53:44; 839.6897; -0.01366505; 203.0464; Before; 5.786037; null
30; Driver; Interference; None; 11.11.2023 13:53:44; 839.5541; -0.01367496; 203.0474; Before; 5.800325; null
30; Driver; Interference; None; 11.11.2023 13:53:44; 839.4178; -0.01366731; 203.0485; Before; 5.814716; null
30; Driver; Interference; None; 11.11.2023 13:53:44; 839.2808; -0.01366155; 203.0496; Before; 5.842714; null
30; Driver; Interference; None; 11.11.2023 13:53:44; 839.212; -0.01368553; 203.0501; Before; 5.872435; null
30; Driver; Interference; None; 11.11.2023 13:53:44; 839.0737; -0.01369446; 203.0512; Before; 5.886271; null
30; Driver; Interference; None; 11.11.2023 13:53:44; 838.9348; -0.01370004; 203.0524; Before; 5.900564; null
30; Driver; Interference; None; 11.11.2023 13:53:44; 838.7952; -0.01369121; 203.0535; Before; 5.914861; null
30; Driver; Interference; None; 11.11.2023 13:53:44; 838.6549; -0.01368686; 203.0547; Before; 5.943689; null
30; Driver; Interference; None; 11.11.2023 13:53:44; 838.5845; -0.01371285; 203.0553; Before; 5.972073; null
30; Driver; Interference; None; 11.11.2023 13:53:44; 838.4431; -0.01372556; 203.0565; Before; 5.986183; null
30; Driver; Interference; None; 11.11.2023 13:53:44; 838.3011; -0.013735; 203.0577; Before; 6.000666; null
30; Driver; Interference; None; 11.11.2023 13:53:44; 838.1585; -0.0137293; 203.0589; Before; 6.015312; null
30; Driver; Interference; None; 11.11.2023 13:53:44; 838.087; -0.01371768; 203.0595; Before; 6.045825; null
30; Driver; Interference; None; 11.11.2023 13:53:44; 837.8714; -0.01371636; 203.0614; Before; 6.060657; null
30; Driver; Interference; None; 11.11.2023 13:53:44; 837.7993; -0.01370408; 203.0621; Before; 6.089169; null
30; Driver; Interference; None; 11.11.2023 13:53:44; 837.6544; -0.01374329; 203.0634; Before; 6.104653; null
30; Driver; Interference; None; 11.11.2023 13:53:44; 837.509; -0.01369711; 203.0647; Before; 6.119393; null
30; Driver; Interference; None; 11.11.2023 13:53:44; 837.436; -0.01371038; 203.0654; Before; 6.148483; null
30; Driver; Interference; None; 11.11.2023 13:53:44; 837.2897; -0.01370922; 203.0668; Before; 6.163181; null
30; Driver; Interference; None; 11.11.2023 13:53:44; 837.1428; -0.01363734; 203.0681; Before; 6.180982; null
30; Driver; Interference; None; 11.11.2023 13:53:44; 836.9952; -0.01352476; 203.0695; Before; 6.180982; null
30; Driver; Interference; None; 11.11.2023 13:53:44; 836.8471; -0.01348015; 203.071; Before; 6.220454; null
30; Driver; Interference; None; 11.11.2023 13:53:44; 836.6984; -0.01347721; 203.0724; Before; 6.236664; null
30; Driver; Interference; None; 11.11.2023 13:53:44; 836.6238; -0.01348282; 203.0731; Before; 6.265879; null
30; Driver; Interference; None; 11.11.2023 13:53:44; 836.3991; -0.01357337; 203.0753; Before; 6.280631; null
30; Driver; Interference; None; 11.11.2023 13:53:44; 836.324; -0.01359754; 203.0761; Before; 6.295794; null
30; Driver; Interference; None; 11.11.2023 13:53:44; 836.1732; -0.01371194; 203.0776; Before; 6.324494; null
30; Driver; Interference; None; 11.11.2023 13:53:44; 836.022; -0.01372929; 203.0791; Before; 6.339932; null
30; Driver; Interference; None; 11.11.2023 13:53:44; 835.8702; -0.01374384; 203.0807; Before; 6.356616; null
30; Driver; Interference; None; 11.11.2023 13:53:44; 835.7942; -0.01374463; 203.0815; Before; 6.38958; null
30; Driver; Interference; None; 11.11.2023 13:53:44; 835.6417; -0.01372761; 203.0831; Before; 6.38958; null
30; Driver; Interference; None; 11.11.2023 13:53:44; 835.4886; -0.01373349; 203.0847; Before; 6.4203; null
30; Driver; Interference; None; 11.11.2023 13:53:44; 835.335; -0.0137422; 203.0863; Before; 6.436616; null
30; Driver; Interference; None; 11.11.2023 13:53:44; 835.2581; -0.01374181; 203.0872; Before; 6.465097; null
30; Driver; Interference; None; 11.11.2023 13:53:44; 835.0267; -0.01378507; 203.0897; Before; 6.480733; null
30; Driver; Interference; None; 11.11.2023 13:53:44; 834.9493; -0.01378706; 203.0905; Before; 6.49564; null
30; Driver; Interference; None; 11.11.2023 13:53:44; 834.8719; -0.01381234; 203.0914; Before; 6.525548; null
30; Driver; Interference; None; 11.11.2023 13:53:44; 834.6394; -0.01382857; 203.0939; Before; 6.540589; null
30; Driver; Interference; None; 11.11.2023 13:53:44; 834.5619; -0.01385063; 203.0948; Before; 6.571047; null
30; Driver; Interference; None; 11.11.2023 13:53:45; 834.407; -0.0138597; 203.0965; Before; 6.585825; null
30; Driver; Interference; None; 11.11.2023 13:53:45; 834.2525; -0.01387248; 203.0983; Before; 6.600683; null
30; Driver; Interference; None; 11.11.2023 13:53:45; 834.0983; -0.01387325; 203.1001; Before; 6.615609; null
30; Driver; Interference; None; 11.11.2023 13:53:45; 833.9445; -0.01387857; 203.1019; Before; 6.643534; null
30; Driver; Interference; None; 11.11.2023 13:53:45; 833.7911; -0.0138731; 203.1037; Before; 6.658383; null
30; Driver; Interference; None; 11.11.2023 13:53:45; 833.7145; -0.01386181; 203.1046; Before; 6.68685; null
30; Driver; Interference; None; 11.11.2023 13:53:45; 833.5616; -0.01390382; 203.1064; Before; 6.702251; null
30; Driver; Interference; None; 11.11.2023 13:53:45; 833.409; -0.01392011; 203.1082; Before; 6.717026; null
30; Driver; Interference; None; 11.11.2023 13:53:45; 833.2568; -0.01392844; 203.1101; Before; 6.744527; null
30; Driver; Interference; None; 11.11.2023 13:53:45; 833.1049; -0.01391629; 203.1119; Before; 6.759995; null
30; Driver; Interference; None; 11.11.2023 13:53:45; 833.0291; -0.01389912; 203.1129; Before; 6.789361; null
30; Driver; Interference; None; 11.11.2023 13:53:45; 832.8777; -0.01384154; 203.1147; Before; 6.789361; null
30; Driver; Interference; None; 11.11.2023 13:53:45; 832.7267; -0.01380468; 203.1166; Before; 6.820381; null
30; Driver; Interference; None; 11.11.2023 13:53:45; 832.5761; -0.01377359; 203.1185; Before; 6.836296; null
30; Driver; Interference; None; 11.11.2023 13:53:45; 832.5009; -0.01375529; 203.1195; Before; 6.865801; null
30; Driver; Interference; None; 11.11.2023 13:53:45; 832.2758; -0.01375442; 203.1223; Before; 6.880844; null
30; Driver; Interference; None; 11.11.2023 13:53:45; 832.201; -0.0137456; 203.1233; Before; 6.896307; null
30; Driver; Interference; None; 11.11.2023 13:53:45; 832.1262; -0.01376107; 203.1243; Before; 6.926892; null
30; Driver; Interference; None; 11.11.2023 13:53:45; 831.9024; -0.01375913; 203.1272; Before; 6.941661; null
30; Driver; Interference; None; 11.11.2023 13:53:45; 831.7537; -0.01373066; 203.1292; Before; 6.959236; null
30; Driver; Interference; None; 11.11.2023 13:53:45; 831.6794; -0.01371453; 203.1301; Before; 6.990966; null
30; Driver; Interference; None; 11.11.2023 13:53:45; 831.5311; -0.0136731; 203.1321; Before; 6.990966; null
30; Driver; Interference; None; 11.11.2023 13:53:45; 831.3832; -0.01366403; 203.1341; Before; 7.020789; null
30; Driver; Interference; None; 11.11.2023 13:53:45; 831.2357; -0.01366594; 203.1361; Before; 7.037069; null
30; Driver; Interference; None; 11.11.2023 13:53:45; 831.162; -0.01366442; 203.1371; Before; 7.067935; null
30; Driver; Interference; None; 11.11.2023 13:53:45; 831.0149; -0.01364901; 203.1391; Before; 7.084643; null
30; Driver; Interference; None; 11.11.2023 13:53:45; 830.8682; -0.01365966; 203.1411; Before; 7.100065; null
30; Driver; Interference; None; 11.11.2023 13:53:45; 830.7217; -0.01367445; 203.1432; Before; 7.115367; null
30; Driver; Interference; None; 11.11.2023 13:53:45; 830.5757; -0.01362124; 203.1452; Before; 7.129808; null
30; Driver; Interference; None; 11.11.2023 13:53:45; 830.5028; -0.01359946; 203.1462; Before; 7.167481; null
30; Driver; Interference; None; 11.11.2023 13:53:45; 830.3572; -0.0135579; 203.1483; Before; 7.185277; null
30; Driver; Interference; None; 11.11.2023 13:53:45; 830.212; -0.01355906; 203.1504; Before; 7.200635; null
30; Driver; Interference; None; 11.11.2023 13:53:45; 830.0671; -0.01357748; 203.1525; Before; 7.216552; null
30; Driver; Interference; None; 11.11.2023 13:53:45; 829.9948; -0.01358541; 203.1535; Before; 7.245488; null
30; Driver; Interference; None; 11.11.2023 13:53:45; 829.7783; -0.01359071; 203.1567; Before; 7.260892; null
30; Driver; Interference; None; 11.11.2023 13:53:45; 829.6344; -0.01358362; 203.1588; Before; 7.2766; null
30; Driver; Interference; None; 11.11.2023 13:53:45; 829.5626; -0.01358066; 203.1598; Before; 7.291111; null
30; Driver; Interference; None; 11.11.2023 13:53:45; 829.4192; -0.01356743; 203.162; Before; 7.309617; null
30; Driver; Interference; None; 11.11.2023 13:53:45; 829.3476; -0.0135626; 203.163; Before; 7.343901; null
30; Driver; Interference; None; 11.11.2023 13:53:45; 829.1334; -0.01360736; 203.1662; Before; 7.360197; null
30; Driver; Interference; None; 11.11.2023 13:53:45; 829.0621; -0.01361449; 203.1673; Before; 7.389256; null
30; Driver; Interference; None; 11.11.2023 13:53:45; 828.9199; -0.01361222; 203.1695; Before; 7.389256; null
30; Driver; Interference; None; 11.11.2023 13:53:45; 828.778; -0.01362936; 203.1717; Before; 7.420504; null
30; Driver; Interference; None; 11.11.2023 13:53:45; 828.6364; -0.01364549; 203.1738; Before; 7.436216; null
30; Driver; Interference; None; 11.11.2023 13:53:45; 828.5657; -0.01364727; 203.1749; Before; 7.465386; null
30; Driver; Interference; None; 11.11.2023 13:53:45; 828.3541; -0.01368608; 203.1782; Before; 7.480444; null
30; Driver; Interference; None; 11.11.2023 13:53:45; 828.2838; -0.01368526; 203.1793; Before; 7.495669; null
30; Driver; Interference; None; 11.11.2023 13:53:45; 828.2135; -0.01370462; 203.1804; Before; 7.52631; null
30; Driver; Interference; None; 11.11.2023 13:53:45; 828.0032; -0.01370408; 203.1838; Before; 7.541985; null
30; Driver; Interference; None; 11.11.2023 13:53:45; 827.8633; -0.01367025; 203.186; Before; 7.558108; null
30; Driver; Interference; None; 11.11.2023 13:53:46; 827.7935; -0.01365017; 203.1871; Before; 7.587667; null
30; Driver; Interference; None; 11.11.2023 13:53:46; 827.6542; -0.01367741; 203.1894; Before; 7.604279; null
30; Driver; Interference; None; 11.11.2023 13:53:46; 827.5151; -0.01362822; 203.1917; Before; 7.618796; null
30; Driver; Interference; None; 11.11.2023 13:53:46; 827.4457; -0.01363977; 203.1928; Before; 7.649187; null
30; Driver; Interference; None; 11.11.2023 13:53:46; 827.238; -0.01363155; 203.1962; Before; 7.663979; null
30; Driver; Interference; None; 11.11.2023 13:53:46; 827.1; -0.01360256; 203.1985; Before; 7.678838; null
30; Driver; Interference; None; 11.11.2023 13:53:46; 827.0311; -0.01358681; 203.1997; Before; 7.693639; null
30; Driver; Interference; None; 11.11.2023 13:53:46; 826.8934; -0.01354765; 203.202; Before; 7.711617; null
30; Driver; Interference; None; 11.11.2023 13:53:46; 826.8248; -0.0135304; 203.2032; Before; 7.744481; null
30; Driver; Interference; None; 11.11.2023 13:53:46; 826.6192; -0.0135419; 203.2066; Before; 7.760398; null
30; Driver; Interference; None; 11.11.2023 13:53:46; 826.5508; -0.01354098; 203.2078; Before; 7.789797; null
30; Driver; Interference; None; 11.11.2023 13:53:46; 826.4143; -0.01352775; 203.2102; Before; 7.789797; null
30; Driver; Interference; None; 11.11.2023 13:53:46; 826.2781; -0.01353873; 203.2125; Before; 7.821164; null
30; Driver; Interference; None; 11.11.2023 13:53:46; 826.1423; -0.01355338; 203.2149; Before; 7.837437; null
30; Driver; Interference; None; 11.11.2023 13:53:46; 826.0745; -0.01355606; 203.2161; Before; 7.867082; null
30; Driver; Interference; None; 11.11.2023 13:53:46; 825.8715; -0.01359972; 203.2197; Before; 7.882518; null
30; Driver; Interference; None; 11.11.2023 13:53:46; 825.804; -0.0136017; 203.2208; Before; 7.897508; null
30; Driver; Interference; None; 11.11.2023 13:53:46; 825.7365; -0.01362314; 203.222; Before; 7.926976; null
30; Driver; Interference; None; 11.11.2023 13:53:46; 825.5347; -0.01363074; 203.2257; Before; 7.941835; null
30; Driver; Interference; None; 11.11.2023 13:53:46; 825.4005; -0.01360261; 203.2281; Before; 7.956656; null
30; Driver; Interference; None; 11.11.2023 13:53:46; 825.3336; -0.01358504; 203.2293; Before; 7.987465; null
30; Driver; Interference; None; 11.11.2023 13:53:46; 825.2012; -0.01361349; 203.2317; Before; 8.003151; null
30; Driver; Interference; None; 11.11.2023 13:53:46; 825.071; -0.01356796; 203.2341; Before; 8.018907; null
30; Driver; Interference; None; 11.11.2023 13:53:46; 824.9424; -0.01353403; 203.2364; Before; 8.033376; null
30; Driver; Interference; None; 11.11.2023 13:53:46; 824.8155; -0.01345095; 203.2388; Before; 8.049413; null
30; Driver; Interference; None; 11.11.2023 13:53:46; 824.7526; -0.01341764; 203.2399; Before; 8.086824; null
30; Driver; Interference; None; 11.11.2023 13:53:46; 824.6281; -0.01336069; 203.2422; Before; 8.086824; null
30; Driver; Interference; None; 11.11.2023 13:53:46; 824.5052; -0.01334842; 203.2445; Before; 8.122422; null
30; Driver; Interference; None; 11.11.2023 13:53:46; 824.3839; -0.01330152; 203.2468; Before; 8.138493; null
30; Driver; Interference; None; 11.11.2023 13:53:46; 824.2642; -0.01328865; 203.2491; Before; 8.15341; null
30; Driver; Interference; None; 11.11.2023 13:53:46; 824.1461; -0.01312283; 203.2513; Before; 8.15341; null
30; Driver; Interference; None; 11.11.2023 13:53:46; 824.0876; -0.01300297; 203.2524; Before; 8.15341; null
30; Driver; Interference; None; 11.11.2023 13:53:46; 823.9719; -0.01279118; 203.2546; Before; 8.170189; null
30; Driver; Interference; None; 11.11.2023 13:53:46; 823.9147; -0.01269981; 203.2557; Before; 8.237711; null
30; Driver; Interference; None; 11.11.2023 13:53:46; 823.8013; -0.01261098; 203.2579; Before; 8.261475; null
30; Driver; Interference; None; 11.11.2023 13:53:46; 823.6342; -0.01261324; 203.2611; Before; 8.281386; null
30; Driver; Interference; None; 11.11.2023 13:53:46; 823.5792; -0.01275334; 203.2622; Before; 8.298268; null
30; Driver; Interference; None; 11.11.2023 13:53:46; 823.4705; -0.01297436; 203.2643; Before; 8.313745; null
30; Driver; Interference; None; 11.11.2023 13:53:46; 823.4167; -0.01311122; 203.2654; Before; 8.348903; null
30; Driver; Interference; None; 11.11.2023 13:53:46; 823.2579; -0.01343549; 203.2685; Before; 8.364283; null
30; Driver; Interference; None; 11.11.2023 13:53:46; 823.1539; -0.01357209; 203.2705; Before; 8.379825; null
30; Driver; Interference; None; 11.11.2023 13:53:46; 823.1025; -0.01362223; 203.2715; Before; 8.395885; null
30; Driver; Interference; None; 11.11.2023 13:53:46; 823.001; -0.01362783; 203.2736; Before; 8.414618; null
30; Driver; Interference; None; 11.11.2023 13:53:46; 822.901; -0.01361167; 203.2755; Before; 8.433632; null
30; Driver; Interference; None; 11.11.2023 13:53:46; 822.8516; -0.0135976; 203.2765; Before; 8.464573; null
30; Driver; Interference; None; 11.11.2023 13:53:46; 822.7057; -0.01351612; 203.2795; Before; 8.48288; null
30; Driver; Interference; None; 11.11.2023 13:53:46; 822.6579; -0.01350219; 203.2804; Before; 8.499353; null
30; Driver; Interference; None; 11.11.2023 13:53:46; 822.5634; -0.01345378; 203.2823; Before; 8.515687; null
30; Driver; Interference; None; 11.11.2023 13:53:46; 822.5167; -0.01343107; 203.2833; Before; 8.547766; null
30; Driver; Interference; None; 11.11.2023 13:53:46; 822.3789; -0.01334909; 203.2861; Before; 8.564339; null
30; Driver; Interference; None; 11.11.2023 13:53:47; 822.289; -0.01329404; 203.2879; Before; 8.579223; null
30; Driver; Interference; None; 11.11.2023 13:53:47; 822.2446; -0.0132733; 203.2888; Before; 8.594386; null
30; Driver; Interference; None; 11.11.2023 13:53:47; 822.2006; -0.01326845; 203.2897; Before; 8.625285; null
30; Driver; Interference; None; 11.11.2023 13:53:47; 822.0709; -0.01324059; 203.2924; Before; 8.640689; null
30; Driver; Interference; None; 11.11.2023 13:53:47; 822.0284; -0.01324701; 203.2933; Before; 8.671356; null
30; Driver; Interference; None; 11.11.2023 13:53:47; 821.9446; -0.01324269; 203.295; Before; 8.686047; null
30; Driver; Interference; None; 11.11.2023 13:53:47; 821.8624; -0.01325042; 203.2967; Before; 8.701393; null
30; Driver; Interference; None; 11.11.2023 13:53:47; 821.7816; -0.01321555; 203.2984; Before; 8.717872; null
30; Driver; Interference; None; 11.11.2023 13:53:47; 821.7418; -0.01321965; 203.2992; Before; 8.748204; null
30; Driver; Interference; None; 11.11.2023 13:53:47; 821.6246; -0.01320457; 203.3016; Before; 8.762709; null
30; Driver; Interference; None; 11.11.2023 13:53:47; 821.5483; -0.01317979; 203.3032; Before; 8.779676; null
30; Driver; Interference; None; 11.11.2023 13:53:47; 821.5107; -0.01316891; 203.304; Before; 8.795412; null
30; Driver; Interference; None; 11.11.2023 13:53:47; 821.4368; -0.01306556; 203.3056; Before; 8.795412; null
30; Driver; Interference; None; 11.11.2023 13:53:47; 821.3644; -0.0129422; 203.3071; Before; 8.810609; null
30; Driver; Interference; None; 11.11.2023 13:53:47; 821.293; -0.01287119; 203.3086; Before; 8.855404; null
30; Driver; Interference; None; 11.11.2023 13:53:47; 821.2219; -0.01281427; 203.3101; Before; 8.873958; null
30; Driver; Interference; None; 11.11.2023 13:53:47; 821.1864; -0.01280351; 203.3109; Before; 8.893067; null
30; Driver; Interference; None; 11.11.2023 13:53:47; 821.1155; -0.01276902; 203.3124; Before; 8.912931; null
30; Driver; Interference; None; 11.11.2023 13:53:47; 821.0801; -0.01278431; 203.3132; Before; 8.947916; null
30; Driver; Interference; None; 11.11.2023 13:53:47; 820.9742; -0.01284189; 203.3155; Before; 8.9632; null
30; Driver; Interference; None; 11.11.2023 13:53:47; 820.9039; -0.01288316; 203.317; Before; 8.978578; null
30; Driver; Interference; None; 11.11.2023 13:53:47; 820.8687; -0.01290666; 203.3178; Before; 8.993978; null
30; Driver; Interference; None; 11.11.2023 13:53:47; 820.7986; -0.0129417; 203.3193; Before; 9.009252; null
30; Driver; Interference; None; 11.11.2023 13:53:47; 820.7286; -0.01294841; 203.3208; Before; 9.026347; null
30; Driver; Interference; None; 11.11.2023 13:53:47; 820.6937; -0.01295521; 203.3216; Before; 9.065568; null
30; Driver; Interference; None; 11.11.2023 13:53:47; 820.5891; -0.01296596; 203.3239; Before; 9.08168; null
30; Driver; Interference; None; 11.11.2023 13:53:47; 820.5543; -0.01298226; 203.3246; Before; 9.097837; null
30; Driver; Interference; None; 11.11.2023 13:53:47; 820.4848; -0.01299985; 203.3262; Before; 9.113356; null
30; Driver; Interference; None; 11.11.2023 13:53:47; 820.4501; -0.01300873; 203.3269; Before; 9.145686; null
30; Driver; Interference; None; 11.11.2023 13:53:47; 820.3464; -0.01301555; 203.3292; Before; 9.161942; null
30; Driver; Interference; None; 11.11.2023 13:53:47; 820.2774; -0.01300962; 203.3307; Before; 9.17836; null
30; Driver; Interference; None; 11.11.2023 13:53:47; 820.243; -0.01300867; 203.3315; Before; 9.196768; null
30; Driver; Interference; None; 11.11.2023 13:53:47; 820.1743; -0.01297048; 203.333; Before; 9.217967; null
30; Driver; Interference; None; 11.11.2023 13:53:47; 820.1057; -0.01292273; 203.3345; Before; 9.236443; null
30; Driver; Interference; None; 11.11.2023 13:53:47; 820.0715; -0.01292424; 203.3353; Before; 9.27038; null
30; Driver; Interference; None; 11.11.2023 13:53:47; 820.0032; -0.01292343; 203.3368; Before; 9.2857; null
30; Driver; Interference; None; 11.11.2023 13:53:47; 819.935; -0.01294396; 203.3384; Before; 9.301568; null
30; Driver; Interference; None; 11.11.2023 13:53:47; 819.8669; -0.01293699; 203.3399; Before; 9.317063; null
30; Driver; Interference; None; 11.11.2023 13:53:47; 819.7991; -0.01294105; 203.3414; Before; 9.332072; null
30; Driver; Interference; None; 11.11.2023 13:53:47; 819.7652; -0.01294643; 203.3422; Before; 9.369641; null
30; Driver; Interference; None; 11.11.2023 13:53:47; 819.6976; -0.01294898; 203.3437; Before; 9.386509; null
30; Driver; Interference; None; 11.11.2023 13:53:47; 819.6301; -0.01296788; 203.3452; Before; 9.40172; null
30; Driver; Interference; None; 11.11.2023 13:53:47; 819.5628; -0.01295632; 203.3468; Before; 9.41775; null
30; Driver; Interference; None; 11.11.2023 13:53:47; 819.4956; -0.01295391; 203.3483; Before; 9.433166; null
30; Driver; Interference; None; 11.11.2023 13:53:47; 819.4621; -0.01295577; 203.349; Before; 9.465087; null
30; Driver; Interference; None; 11.11.2023 13:53:47; 819.3618; -0.01297866; 203.3513; Before; 9.481401; null
30; Driver; Interference; None; 11.11.2023 13:53:47; 819.3284; -0.01298444; 203.3521; Before; 9.497291; null
30; Driver; Interference; None; 11.11.2023 13:53:47; 819.2617; -0.01295754; 203.3536; Before; 9.515242; null
30; Driver; Interference; None; 11.11.2023 13:53:47; 819.1953; -0.0129431; 203.3551; Before; 9.533731; null
30; Driver; Interference; None; 11.11.2023 13:53:47; 819.162; -0.01294031; 203.3559; Before; 9.565876; null
30; Driver; Interference; None; 11.11.2023 13:53:48; 819.0627; -0.01292886; 203.3582; Before; 9.58282; null
30; Driver; Interference; None; 11.11.2023 13:53:48; 819.0297; -0.01293922; 203.359; Before; 9.598518; null
30; Driver; Interference; None; 11.11.2023 13:53:48; 818.9637; -0.01294871; 203.3605; Before; 9.613662; null
30; Driver; Interference; None; 11.11.2023 13:53:48; 818.9308; -0.01295489; 203.3613; Before; 9.64489; null
30; Driver; Interference; None; 11.11.2023 13:53:48; 818.8651; -0.01295638; 203.3628; Before; 9.66125; null
30; Driver; Interference; None; 11.11.2023 13:53:48; 818.7996; -0.01293458; 203.3643; Before; 9.681039; null
30; Driver; Interference; None; 11.11.2023 13:53:48; 818.7341; -0.01293461; 203.3658; Before; 9.700405; null
30; Driver; Interference; None; 11.11.2023 13:53:48; 818.6689; -0.01291144; 203.3674; Before; 9.716664; null
30; Driver; Interference; None; 11.11.2023 13:53:48; 818.6363; -0.01292061; 203.3681; Before; 9.747727; null
30; Driver; Interference; None; 11.11.2023 13:53:48; 818.5388; -0.01293526; 203.3704; Before; 9.762853; null
30; Driver; Interference; None; 11.11.2023 13:53:48; 818.4739; -0.01293768; 203.3719; Before; 9.778712; null
30; Driver; Interference; None; 11.11.2023 13:53:48; 818.4416; -0.01294095; 203.3727; Before; 9.793906; null
30; Driver; Interference; None; 11.11.2023 13:53:48; 818.377; -0.01293822; 203.3742; Before; 9.810362; null
30; Driver; Interference; None; 11.11.2023 13:53:48; 818.3126; -0.01291438; 203.3757; Before; 9.826864; null
30; Driver; Interference; None; 11.11.2023 13:53:48; 818.2807; -0.01290812; 203.3765; Before; 9.866275; null
30; Driver; Interference; None; 11.11.2023 13:53:48; 818.1884; -0.01289198; 203.3787; Before; 9.882331; null
30; Driver; Interference; None; 11.11.2023 13:53:48; 818.1584; -0.01290069; 203.3794; Before; 9.898934; null
30; Driver; Interference; None; 11.11.2023 13:53:48; 818.0996; -0.01290897; 203.3808; Before; 9.91442; null
30; Driver; Interference; None; 11.11.2023 13:53:48; 818.0707; -0.01291433; 203.3815; Before; 9.947271; null
30; Driver; Interference; None; 11.11.2023 13:53:48; 818.0141; -0.01291513; 203.3828; Before; 9.963882; null
30; Driver; Interference; None; 11.11.2023 13:53:48; 817.9589; -0.01289417; 203.3841; Before; 9.98373; null
30; Driver; Interference; None; 11.11.2023 13:53:48; 817.9052; -0.01285866; 203.3854; Before; 9.98373; null
30; Driver; Interference; None; 11.11.2023 13:53:48; 817.8528; -0.01281518; 203.3867; Before; 10.00478; null
30; Driver; Interference; None; 11.11.2023 13:53:48; 817.8271; -0.01280093; 203.3873; Before; 10.04419; null
30; Driver; Interference; None; 11.11.2023 13:53:48; 817.7524; -0.01276895; 203.3891; Before; 10.06074; null
30; Driver; Interference; None; 11.11.2023 13:53:48; 817.7043; -0.01275599; 203.3902; Before; 10.07835; null
30; Driver; Interference; None; 11.11.2023 13:53:48; 817.6808; -0.01275387; 203.3908; Before; 10.0943; null
30; Driver; Interference; None; 11.11.2023 13:53:48; 817.6349; -0.0127471; 203.3919; Before; 10.11068; null
30; Driver; Interference; None; 11.11.2023 13:53:48; 817.5904; -0.01272835; 203.393; Before; 10.12805; null
30; Driver; Interference; None; 11.11.2023 13:53:48; 817.5687; -0.01272313; 203.3935; Before; 10.16479; null
30; Driver; Interference; None; 11.11.2023 13:53:48; 817.5263; -0.01271101; 203.3945; Before; 10.18537; null
30; Driver; Interference; None; 11.11.2023 13:53:48; 817.4853; -0.01268907; 203.3955; Before; 10.18537; null
30; Driver; Interference; None; 11.11.2023 13:53:48; 817.4457; -0.01268339; 203.3965; Before; 10.22251; null
30; Driver; Interference; None; 11.11.2023 13:53:48; 817.4075; -0.01266507; 203.3974; Before; 10.23963; null
30; Driver; Interference; None; 11.11.2023 13:53:48; 817.3708; -0.01265581; 203.3983; Before; 10.25562; null
30; Driver; Interference; None; 11.11.2023 13:53:48; 817.3529; -0.01265352; 203.3987; Before; 10.28874; null
30; Driver; Interference; None; 11.11.2023 13:53:48; 817.3182; -0.01264558; 203.3995; Before; 10.28874; null
30; Driver; Interference; None; 11.11.2023 13:53:48; 817.2849; -0.01262725; 203.4003; Before; 10.3085; null
30; Driver; Interference; None; 11.11.2023 13:53:48; 817.253; -0.01260231; 203.4011; Before; 10.32807; null
30; Driver; Interference; None; 11.11.2023 13:53:48; 817.2375; -0.01259369; 203.4015; Before; 10.36586; null
30; Driver; Interference; None; 11.11.2023 13:53:48; 817.1933; -0.01257192; 203.4026; Before; 10.38376; null
30; Driver; Interference; None; 11.11.2023 13:53:48; 817.1793; -0.01257203; 203.4029; Before; 10.39898; null
30; Driver; Interference; None; 11.11.2023 13:53:48; 817.1522; -0.01255729; 203.4036; Before; 10.41502; null
30; Driver; Interference; None; 11.11.2023 13:53:48; 817.1265; -0.01254843; 203.4042; Before; 10.43119; null
30; Driver; Interference; None; 11.11.2023 13:53:48; 817.1141; -0.01254532; 203.4045; Before; 10.46444; null
30; Driver; Interference; None; 11.11.2023 13:53:48; 817.0905; -0.01253634; 203.4051; Before; 10.48429; null
30; Driver; Interference; None; 11.11.2023 13:53:48; 817.0681; -0.01251969; 203.4056; Before; 10.48429; null
30; Driver; Interference; None; 11.11.2023 13:53:48; 817.0472; -0.01250992; 203.4062; Before; 10.52126; null
30; Driver; Interference; None; 11.11.2023 13:53:48; 817.0276; -0.01249228; 203.4066; Before; 10.53837; null
30; Driver; Interference; None; 11.11.2023 13:53:48; 817.0183; -0.01248944; 203.4069; Before; 10.56998; null
30; Driver; Interference; None; 11.11.2023 13:53:49; 817.0007; -0.01248056; 203.4073; Before; 10.58642; null
30; Driver; Interference; None; 11.11.2023 13:53:49; 816.9845; -0.01247387; 203.4077; Before; 10.60194; null
30; Driver; Interference; None; 11.11.2023 13:53:49; 816.9696; -0.01245839; 203.4081; Before; 10.61993; null
30; Driver; Interference; None; 11.11.2023 13:53:49; 816.9561; -0.01243805; 203.4084; Before; 10.63796; null
30; Driver; Interference; None; 11.11.2023 13:53:49; 816.9438; -0.01241522; 203.4087; Before; 10.65882; null
30; Driver; Interference; None; 11.11.2023 13:53:49; 816.9382; -0.01240822; 203.4088; Before; 10.69265; null
30; Driver; Interference; None; 11.11.2023 13:53:49; 816.928; -0.01239371; 203.4091; Before; 10.69265; null
30; Driver; Interference; None; 11.11.2023 13:53:49; 816.9192; -0.01237686; 203.4093; Before; 10.70877; null
30; Driver; Interference; None; 11.11.2023 13:53:49; 816.9152; -0.01236933; 203.4094; Before; 10.74498; null
30; Driver; Interference; None; 11.11.2023 13:53:49; 816.9083; -0.01235463; 203.4095; Before; 10.76271; null
30; Driver; Interference; None; 11.11.2023 13:53:49; 816.9028; -0.01233904; 203.4097; Before; 10.78016; null
30; Driver; Interference; None; 11.11.2023 13:53:49; 816.9005; -0.01232336; 203.4097; Before; 10.78016; null
30; Driver; Interference; None; 11.11.2023 13:53:49; 816.9005; -0.01231593; 203.4097; Before; 10.82431; null
30; Driver; Interference; None; 11.11.2023 13:53:49; 816.9005; -0.01229401; 203.4097; Before; 10.84154; null
30; Driver; Interference; None; 11.11.2023 13:53:49; 816.9005; -0.01227949; 203.4097; Before; 10.85782; null
30; Driver; Interference; None; 11.11.2023 13:53:49; 816.9005; -0.01227224; 203.4097; Before; 10.88926; null
30; Driver; Interference; None; 11.11.2023 13:53:49; 816.9005; -0.01225785; 203.4097; Before; 10.88926; null
30; Driver; Interference; None; 11.11.2023 13:53:49; 816.9005; -0.01225078; 203.4097; Before; 10.92211; null
30; Driver; Interference; None; 11.11.2023 13:53:49; 816.9005; -0.01223077; 203.4097; Before; 10.9401; null
30; Driver; Interference; None; 11.11.2023 13:53:49; 816.9005; -0.0122191; 203.4097; Before; 10.95832; null
30; Driver; Interference; None; 11.11.2023 13:53:49; 816.9005; -0.012214; 203.4097; Before; 10.99216; null
30; Driver; Interference; None; 11.11.2023 13:53:49; 816.9005; -0.01220556; 203.4097; Before; 10.99216; null
30; Driver; Interference; None; 11.11.2023 13:53:49; 816.9005; -0.01220232; 203.4097; Before; 11.02414; null
30; Driver; Interference; None; 11.11.2023 13:53:49; 816.9005; -0.01219668; 203.4097; Before; 11.0408; null
30; Driver; Interference; None; 11.11.2023 13:53:49; 816.9005; -0.01219622; 203.4097; Before; 11.05641; null
30; Driver; Interference; None; 11.11.2023 13:53:49; 816.9005; -0.01219687; 203.4097; Before; 11.089; null
30; Driver; Interference; None; 11.11.2023 13:53:49; 816.9005; -0.01219965; 203.4097; Before; 11.089; null
30; Driver; Interference; None; 11.11.2023 13:53:49; 816.9005; -0.01220391; 203.4097; Before; 11.10608; null
30; Driver; Interference; None; 11.11.2023 13:53:49; 816.9005; -0.0122064; 203.4097; Before; 11.14494; null
30; Driver; Interference; None; 11.11.2023 13:53:49; 816.9005; -0.01221438; 203.4097; Before; 11.16282; null
30; Driver; Interference; None; 11.11.2023 13:53:49; 816.9005; -0.01221943; 203.4097; Before; 11.17967; null
30; Driver; Interference; None; 11.11.2023 13:53:49; 816.9005; -0.01222171; 203.4097; Before; 11.19506; null
30; Driver; Interference; None; 11.11.2023 13:53:49; 816.9005; -0.01222557; 203.4097; Before; 11.21111; null
30; Driver; Interference; None; 11.11.2023 13:53:49; 816.9005; -0.01222711; 203.4097; Before; 11.24487; null
30; Driver; Interference; None; 11.11.2023 13:53:49; 816.9005; -0.01222932; 203.4097; Before; 11.26246; null
30; Driver; Interference; None; 11.11.2023 13:53:49; 816.9005; -0.01223041; 203.4097; Before; 11.28205; null
30; Driver; Interference; None; 11.11.2023 13:53:49; 816.9005; -0.01223051; 203.4097; Before; 11.28205; null
30; Driver; Interference; None; 11.11.2023 13:53:49; 816.9005; -0.0122298; 203.4097; Before; 11.32024; null
30; Driver; Interference; None; 11.11.2023 13:53:49; 816.9005; -0.01222852; 203.4097; Before; 11.33678; null
30; Driver; Interference; None; 11.11.2023 13:53:49; 816.9005; -0.01222775; 203.4097; Before; 11.3691; null
30; Driver; Interference; None; 11.11.2023 13:53:49; 816.9005; -0.01222608; 203.4097; Before; 11.38544; null
30; Driver; Interference; None; 11.11.2023 13:53:49; 816.9005; -0.01222444; 203.4097; Before; 11.4016; null
30; Driver; Interference; None; 11.11.2023 13:53:49; 816.9005; -0.01222296; 203.4097; Before; 11.41744; null
30; Driver; Interference; None; 11.11.2023 13:53:49; 816.9005; -0.01222177; 203.4097; Before; 11.43531; null
30; Driver; Interference; None; 11.11.2023 13:53:49; 816.9005; -0.01222091; 203.4097; Before; 11.45406; null
30; Driver; Interference; None; 11.11.2023 13:53:49; 816.9005; -0.01222062; 203.4097; Before; 11.48827; null
30; Driver; Interference; None; 11.11.2023 13:53:49; 816.9005; -0.01222029; 203.4097; Before; 11.48827; null
30; Driver; Interference; None; 11.11.2023 13:53:49; 816.9005; -0.01222026; 203.4097; Before; 11.52331; null
30; Driver; Interference; None; 11.11.2023 13:53:49; 816.9005; -0.01222045; 203.4097; Before; 11.53992; null
30; Driver; Interference; None; 11.11.2023 13:53:49; 816.9005; -0.01222081; 203.4097; Before; 11.55558; null
30; Driver; Interference; None; 11.11.2023 13:53:50; 816.9005; -0.01222125; 203.4097; Before; 11.57214; null
30; Driver; Interference; None; 11.11.2023 13:53:50; 816.9005; -0.01222149; 203.4097; Before; 11.59152; null
30; Driver; Interference; None; 11.11.2023 13:53:50; 816.9005; -0.01222195; 203.4097; Before; 11.61042; null
30; Driver; Interference; None; 11.11.2023 13:53:50; 816.9005; -0.01222235; 203.4097; Before; 11.64347; null
30; Driver; Interference; None; 11.11.2023 13:53:50; 816.9005; -0.01222268; 203.4097; Before; 11.6598; null
30; Driver; Interference; None; 11.11.2023 13:53:50; 816.9005; -0.0122228; 203.4097; Before; 11.69033; null
30; Driver; Interference; None; 11.11.2023 13:53:50; 816.9005; -0.01222297; 203.4097; Before; 11.69033; null
30; Driver; Interference; None; 11.11.2023 13:53:50; 816.9005; -0.01222305; 203.4097; Before; 11.70713; null
30; Driver; Interference; None; 11.11.2023 13:53:50; 816.9005; -0.01222306; 203.4097; Before; 11.74336; null
30; Driver; Interference; None; 11.11.2023 13:53:50; 816.9005; -0.01222303; 203.4097; Before; 11.76261; null
30; Driver; Interference; None; 11.11.2023 13:53:50; 816.9005; -0.01222289; 203.4097; Before; 11.78123; null
30; Driver; Interference; None; 11.11.2023 13:53:50; 816.9005; -0.01222283; 203.4097; Before; 11.79777; null
30; Driver; Interference; None; 11.11.2023 13:53:50; 816.9005; -0.01222264; 203.4097; Before; 11.81235; null
30; Driver; Interference; None; 11.11.2023 13:53:50; 816.9004; -0.01222255; 203.4097; Before; 11.84504; null
30; Driver; Interference; None; 11.11.2023 13:53:50; 816.8992; -0.01222231; 203.4098; Before; 11.86237; null
30; Driver; Interference; None; 11.11.2023 13:53:50; 816.8976; -0.01222227; 203.4098; Before; 11.87863; null
30; Driver; Interference; None; 11.11.2023 13:53:50; 816.8966; -0.01222253; 203.4098; Before; 11.89652; null
30; Driver; Interference; None; 11.11.2023 13:53:50; 816.8937; -0.01222252; 203.4099; Before; 11.91559; null
30; Driver; Interference; None; 11.11.2023 13:53:50; 816.8898; -0.01222362; 203.41; Before; 11.93364; null
30; Driver; Interference; None; 11.11.2023 13:53:50; 816.8875; -0.01222491; 203.4101; Before; 11.96752; null
30; Driver; Interference; None; 11.11.2023 13:53:50; 816.8822; -0.01222778; 203.4102; Before; 11.98386; null
30; Driver; Interference; None; 11.11.2023 13:53:50; 816.8757; -0.01223398; 203.4103; Before; 12.00037; null
30; Driver; Interference; None; 11.11.2023 13:53:50; 816.868; -0.01223912; 203.4105; Before; 12.01706; null
30; Driver; Interference; None; 11.11.2023 13:53:50; 816.8589; -0.01224696; 203.4108; Before; 12.03153; null
30; Driver; Interference; None; 11.11.2023 13:53:50; 816.8486; -0.01225393; 203.411; Before; 12.05114; null
30; Driver; Interference; None; 11.11.2023 13:53:50; 816.8431; -0.0122591; 203.4112; Before; 12.0896; null
30; Driver; Interference; None; 11.11.2023 13:53:50; 816.8311; -0.01226985; 203.4115; Before; 12.0896; null
30; Driver; Interference; None; 11.11.2023 13:53:50; 816.8179; -0.01227911; 203.4118; Before; 12.1083; null
30; Driver; Interference; None; 11.11.2023 13:53:50; 816.8107; -0.01228574; 203.412; Before; 12.14708; null
30; Driver; Interference; None; 11.11.2023 13:53:50; 816.7877; -0.01230802; 203.4126; Before; 12.16305; null
30; Driver; Interference; None; 11.11.2023 13:53:50; 816.7708; -0.01232434; 203.413; Before; 12.17941; null
30; Driver; Interference; None; 11.11.2023 13:53:50; 816.7618; -0.01233386; 203.4132; Before; 12.19468; null
30; Driver; Interference; None; 11.11.2023 13:53:50; 816.743; -0.01234439; 203.4137; Before; 12.21367; null
30; Driver; Interference; None; 11.11.2023 13:53:50; 816.7229; -0.01235227; 203.4142; Before; 12.23688; null
30; Driver; Interference; None; 11.11.2023 13:53:50; 816.7124; -0.01236328; 203.4145; Before; 12.27044; null
30; Driver; Interference; None; 11.11.2023 13:53:50; 816.6904; -0.01238282; 203.415; Before; 12.28561; null
30; Driver; Interference; None; 11.11.2023 13:53:50; 816.667; -0.01240801; 203.4156; Before; 12.30119; null
30; Driver; Interference; None; 11.11.2023 13:53:50; 816.6422; -0.01242204; 203.4162; Before; 12.31807; null
30; Driver; Interference; None; 11.11.2023 13:53:50; 816.616; -0.01243823; 203.4168; Before; 12.33274; null
30; Driver; Interference; None; 11.11.2023 13:53:50; 816.5884; -0.01244537; 203.4175; Before; 12.34983; null
30; Driver; Interference; None; 11.11.2023 13:53:50; 816.5741; -0.01245129; 203.4179; Before; 12.38883; null
30; Driver; Interference; None; 11.11.2023 13:53:50; 816.5443; -0.01246124; 203.4186; Before; 12.38883; null
30; Driver; Interference; None; 11.11.2023 13:53:50; 816.5131; -0.01248142; 203.4194; Before; 12.42001; null
30; Driver; Interference; None; 11.11.2023 13:53:50; 816.4803; -0.01250169; 203.4202; Before; 12.43606; null
30; Driver; Interference; None; 11.11.2023 13:53:50; 816.4634; -0.01251288; 203.4206; Before; 12.46611; null
30; Driver; Interference; None; 11.11.2023 13:53:50; 816.4106; -0.01253963; 203.4218; Before; 12.48237; null
30; Driver; Interference; None; 11.11.2023 13:53:50; 816.3923; -0.01255474; 203.4223; Before; 12.49838; null
30; Driver; Interference; None; 11.11.2023 13:53:50; 816.3547; -0.01256278; 203.4232; Before; 12.51522; null
30; Driver; Interference; None; 11.11.2023 13:53:50; 816.3158; -0.0125611; 203.4241; Before; 12.53457; null
30; Driver; Interference; None; 11.11.2023 13:53:50; 816.2959; -0.012573; 203.4246; Before; 12.57037; null
30; Driver; Interference; None; 11.11.2023 13:53:51; 816.2552; -0.01259139; 203.4256; Before; 12.58603; null
30; Driver; Interference; None; 11.11.2023 13:53:51; 816.2134; -0.01261954; 203.4266; Before; 12.60351; null
30; Driver; Interference; None; 11.11.2023 13:53:51; 816.1705; -0.01262831; 203.4276; Before; 12.61946; null
30; Driver; Interference; None; 11.11.2023 13:53:51; 816.1265; -0.0126421; 203.4286; Before; 12.63422; null
30; Driver; Interference; None; 11.11.2023 13:53:51; 816.0815; -0.0126417; 203.4296; Before; 12.65052; null
30; Driver; Interference; None; 11.11.2023 13:53:51; 816.0586; -0.01264551; 203.4301; Before; 12.68764; null
30; Driver; Interference; None; 11.11.2023 13:53:51; 816.012; -0.01265087; 203.4312; Before; 12.68764; null
30; Driver; Interference; None; 11.11.2023 13:53:51; 815.9643; -0.0126459; 203.4322; Before; 12.7079; null
30; Driver; Interference; None; 11.11.2023 13:53:51; 815.9401; -0.01264911; 203.4327; Before; 12.74486; null
30; Driver; Interference; None; 11.11.2023 13:53:51; 815.8658; -0.01266339; 203.4342; Before; 12.76172; null
30; Driver; Interference; None; 11.11.2023 13:53:51; 815.815; -0.01267708; 203.4352; Before; 12.77754; null
30; Driver; Interference; None; 11.11.2023 13:53:51; 815.7892; -0.01268789; 203.4357; Before; 12.79304; null
30; Driver; Interference; None; 11.11.2023 13:53:51; 815.7368; -0.01270503; 203.4368; Before; 12.80922; null
30; Driver; Interference; None; 11.11.2023 13:53:51; 815.6835; -0.01270738; 203.4378; Before; 12.82546; null
30; Driver; Interference; None; 11.11.2023 13:53:51; 815.6564; -0.01271365; 203.4383; Before; 12.86569; null
30; Driver; Interference; None; 11.11.2023 13:53:51; 815.5739; -0.01273301; 203.4398; Before; 12.88228; null
30; Driver; Interference; None; 11.11.2023 13:53:51; 815.5458; -0.01275189; 203.4403; Before; 12.89824; null
30; Driver; Interference; None; 11.11.2023 13:53:51; 815.4891; -0.01277975; 203.4413; Before; 12.91413; null
30; Driver; Interference; None; 11.11.2023 13:53:51; 815.4603; -0.01279475; 203.4418; Before; 12.94621; null
30; Driver; Interference; None; 11.11.2023 13:53:51; 815.3726; -0.01282512; 203.4434; Before; 12.96231; null
30; Driver; Interference; None; 11.11.2023 13:53:51; 815.313; -0.01281426; 203.4444; Before; 12.97843; null
30; Driver; Interference; None; 11.11.2023 13:53:51; 815.2828; -0.01282723; 203.4449; Before; 12.99833; null
30; Driver; Interference; None; 11.11.2023 13:53:51; 815.2219; -0.01282002; 203.446; Before; 13.01771; null
30; Driver; Interference; None; 11.11.2023 13:53:51; 815.1602; -0.01282484; 203.447; Before; 13.03355; null
30; Driver; Interference; None; 11.11.2023 13:53:51; 815.1291; -0.01283145; 203.4475; Before; 13.06647; null
30; Driver; Interference; None; 11.11.2023 13:53:51; 815.0664; -0.01283923; 203.4486; Before; 13.08425; null
30; Driver; Interference; None; 11.11.2023 13:53:51; 815.0032; -0.01286508; 203.4496; Before; 13.10031; null
30; Driver; Interference; None; 11.11.2023 13:53:51; 814.9394; -0.01286454; 203.4506; Before; 13.11641; null
30; Driver; Interference; None; 11.11.2023 13:53:51; 814.8751; -0.01287392; 203.4517; Before; 13.13121; null
30; Driver; Interference; None; 11.11.2023 13:53:51; 814.8102; -0.0128641; 203.4527; Before; 13.152; null
30; Driver; Interference; None; 11.11.2023 13:53:51; 814.7776; -0.01286521; 203.4532; Before; 13.18872; null
30; Driver; Interference; None; 11.11.2023 13:53:51; 814.7121; -0.01286478; 203.4542; Before; 13.18872; null
30; Driver; Interference; None; 11.11.2023 13:53:51; 814.646; -0.01288671; 203.4552; Before; 13.22129; null
30; Driver; Interference; None; 11.11.2023 13:53:51; 814.5793; -0.01290936; 203.4562; Before; 13.23808; null
30; Driver; Interference; None; 11.11.2023 13:53:51; 814.5458; -0.01292225; 203.4567; Before; 13.26798; null
30; Driver; Interference; None; 11.11.2023 13:53:51; 814.4785; -0.01293654; 203.4576; Before; 13.28397; null
30; Driver; Interference; None; 11.11.2023 13:53:51; 814.4107; -0.01292597; 203.4586; Before; 13.28397; null
30; Driver; Interference; None; 11.11.2023 13:53:51; 814.3425; -0.01293687; 203.4596; Before; 13.32237; null
30; Driver; Interference; None; 11.11.2023 13:53:51; 814.2739; -0.01294859; 203.4605; Before; 13.33872; null
30; Driver; Interference; None; 11.11.2023 13:53:51; 814.2394; -0.01295646; 203.461; Before; 13.36887; null
30; Driver; Interference; None; 11.11.2023 13:53:51; 814.1702; -0.01296169; 203.4619; Before; 13.38494; null
30; Driver; Interference; None; 11.11.2023 13:53:51; 814.1005; -0.01294358; 203.4628; Before; 13.38494; null
30; Driver; Interference; None; 11.11.2023 13:53:51; 814.0303; -0.01294987; 203.4637; Before; 13.4229; null
30; Driver; Interference; None; 11.11.2023 13:53:51; 813.9597; -0.012932; 203.4646; Before; 13.43927; null
30; Driver; Interference; None; 11.11.2023 13:53:51; 813.8889; -0.01290301; 203.4655; Before; 13.4574; null
30; Driver; Interference; None; 11.11.2023 13:53:51; 813.8179; -0.01289721; 203.4663; Before; 13.47737; null
30; Driver; Interference; None; 11.11.2023 13:53:51; 813.7825; -0.0129018; 203.4668; Before; 13.49393; null
30; Driver; Interference; None; 11.11.2023 13:53:51; 813.7118; -0.01290901; 203.4676; Before; 13.51198; null
30; Driver; Interference; None; 11.11.2023 13:53:51; 813.6765; -0.01291839; 203.468; Before; 13.54785; null
30; Driver; Interference; None; 11.11.2023 13:53:51; 813.606; -0.01293184; 203.4688; Before; 13.56441; null
30; Driver; Interference; None; 11.11.2023 13:53:52; 813.5006; -0.01292923; 203.47; Before; 13.58033; null
30; Driver; Interference; None; 11.11.2023 13:53:52; 813.4656; -0.01294531; 203.4704; Before; 13.59821; null
30; Driver; Interference; None; 11.11.2023 13:53:52; 813.3956; -0.01293952; 203.4711; Before; 13.61628; null
30; Driver; Interference; None; 11.11.2023 13:53:52; 813.3257; -0.01294715; 203.4718; Before; 13.63507; null
30; Driver; Interference; None; 11.11.2023 13:53:52; 813.2909; -0.01295488; 203.4722; Before; 13.66832; null
30; Driver; Interference; None; 11.11.2023 13:53:52; 813.2212; -0.01296228; 203.4729; Before; 13.68509; null
30; Driver; Interference; None; 11.11.2023 13:53:52; 813.1515; -0.0129864; 203.4736; Before; 13.70053; null
30; Driver; Interference; None; 11.11.2023 13:53:52; 813.0818; -0.01297843; 203.4742; Before; 13.71749; null
30; Driver; Interference; None; 11.11.2023 13:53:52; 813.012; -0.01297895; 203.4749; Before; 13.73321; null
30; Driver; Interference; None; 11.11.2023 13:53:52; 812.9422; -0.01295696; 203.4755; Before; 13.7518; null
30; Driver; Interference; None; 11.11.2023 13:53:52; 812.8724; -0.01292109; 203.4761; Before; 13.77518; null
30; Driver; Interference; None; 11.11.2023 13:53:52; 812.8375; -0.01291225; 203.4764; Before; 13.79456; null
30; Driver; Interference; None; 11.11.2023 13:53:52; 812.7678; -0.0128969; 203.477; Before; 13.81199; null
30; Driver; Interference; None; 11.11.2023 13:53:52; 812.6982; -0.01287244; 203.4776; Before; 13.82935; null
30; Driver; Interference; None; 11.11.2023 13:53:52; 812.6634; -0.01287024; 203.4779; Before; 13.86613; null
30; Driver; Interference; None; 11.11.2023 13:53:52; 812.5592; -0.01287578; 203.4787; Before; 13.88322; null
30; Driver; Interference; None; 11.11.2023 13:53:52; 812.5245; -0.01289594; 203.4789; Before; 13.89933; null
30; Driver; Interference; None; 11.11.2023 13:53:52; 812.4553; -0.01289977; 203.4794; Before; 13.91611; null
30; Driver; Interference; None; 11.11.2023 13:53:52; 812.3862; -0.0128902; 203.4799; Before; 13.93554; null
30; Driver; Interference; None; 11.11.2023 13:53:52; 812.3517; -0.01290854; 203.4801; Before; 13.97088; null
30; Driver; Interference; None; 11.11.2023 13:53:52; 812.2828; -0.01293537; 203.4806; Before; 13.98544; null
30; Driver; Interference; None; 11.11.2023 13:53:52; 812.2142; -0.01297517; 203.481; Before; 14.00286; null
30; Driver; Interference; None; 11.11.2023 13:53:52; 812.1456; -0.01297907; 203.4813; Before; 14.01869; null
30; Driver; Interference; None; 11.11.2023 13:53:52; 812.0773; -0.01298704; 203.4816; Before; 14.03315; null
30; Driver; Interference; None; 11.11.2023 13:53:52; 812.0432; -0.01299225; 203.4818; Before; 14.06651; null
30; Driver; Interference; None; 11.11.2023 13:53:52; 811.975; -0.01299118; 203.482; Before; 14.08581; null
30; Driver; Interference; None; 11.11.2023 13:53:52; 811.907; -0.01296593; 203.4822; Before; 14.08581; null
30; Driver; Interference; None; 11.11.2023 13:53:52; 811.8392; -0.01296352; 203.4824; Before; 14.12198; null
30; Driver; Interference; None; 11.11.2023 13:53:52; 811.7715; -0.01296386; 203.4825; Before; 14.13831; null
30; Driver; Interference; None; 11.11.2023 13:53:52; 811.704; -0.01294212; 203.4826; Before; 14.15307; null
30; Driver; Interference; None; 11.11.2023 13:53:52; 811.6366; -0.01284304; 203.4827; Before; 14.15307; null
30; Driver; Interference; None; 11.11.2023 13:53:52; 811.603; -0.01281368; 203.4827; Before; 14.16955; null
30; Driver; Interference; None; 11.11.2023 13:53:52; 811.5358; -0.01274729; 203.4827; Before; 14.21512; null
30; Driver; Interference; None; 11.11.2023 13:53:52; 811.4689; -0.01270214; 203.4826; Before; 14.23449; null
30; Driver; Interference; None; 11.11.2023 13:53:52; 811.402; -0.01270322; 203.4825; Before; 14.25519; null
30; Driver; Interference; None; 11.11.2023 13:53:52; 811.3353; -0.01271002; 203.4823; Before; 14.27496; null
30; Driver; Interference; None; 11.11.2023 13:53:52; 811.3021; -0.01272604; 203.4822; Before; 14.29105; null
30; Driver; Interference; None; 11.11.2023 13:53:52; 811.2356; -0.01276275; 203.482; Before; 14.30956; null
30; Driver; Interference; None; 11.11.2023 13:53:52; 811.2025; -0.01278818; 203.4818; Before; 14.34358; null
30; Driver; Interference; None; 11.11.2023 13:53:52; 811.1031; -0.01285969; 203.4813; Before; 14.36019; null
30; Driver; Interference; None; 11.11.2023 13:53:52; 811.0372; -0.01289969; 203.4809; Before; 14.37714; null
30; Driver; Interference; None; 11.11.2023 13:53:52; 811.0042; -0.01292013; 203.4807; Before; 14.39482; null
30; Driver; Interference; None; 11.11.2023 13:53:52; 810.9385; -0.01292102; 203.4803; Before; 14.41392; null
30; Driver; Interference; None; 11.11.2023 13:53:52; 810.8729; -0.01292951; 203.4798; Before; 14.43456; null
30; Driver; Interference; None; 11.11.2023 13:53:52; 810.8401; -0.01293597; 203.4795; Before; 14.4682; null
30; Driver; Interference; None; 11.11.2023 13:53:52; 810.7747; -0.01293925; 203.4789; Before; 14.48505; null
30; Driver; Interference; None; 11.11.2023 13:53:52; 810.7095; -0.01292032; 203.4783; Before; 14.48505; null
30; Driver; Interference; None; 11.11.2023 13:53:52; 810.6444; -0.0129235; 203.4776; Before; 14.52097; null
30; Driver; Interference; None; 11.11.2023 13:53:52; 810.5795; -0.01290357; 203.4769; Before; 14.53864; null
30; Driver; Interference; None; 11.11.2023 13:53:52; 810.5147; -0.01289791; 203.4762; Before; 14.55444; null
30; Driver; Interference; None; 11.11.2023 13:53:53; 810.4501; -0.01287658; 203.4754; Before; 14.57436; null
30; Driver; Interference; None; 11.11.2023 13:53:53; 810.4178; -0.01287305; 203.4751; Before; 14.59367; null
30; Driver; Interference; None; 11.11.2023 13:53:53; 810.3534; -0.01286541; 203.4742; Before; 14.61062; null
30; Driver; Interference; None; 11.11.2023 13:53:53; 810.3212; -0.01286769; 203.4738; Before; 14.64399; null
30; Driver; Interference; None; 11.11.2023 13:53:53; 810.225; -0.01287492; 203.4725; Before; 14.66094; null
30; Driver; Interference; None; 11.11.2023 13:53:53; 810.161; -0.01288092; 203.4715; Before; 14.67725; null
30; Driver; Interference; None; 11.11.2023 13:53:53; 810.1291; -0.01288766; 203.471; Before; 14.6941; null
30; Driver; Interference; None; 11.11.2023 13:53:53; 810.0653; -0.01286927; 203.47; Before; 14.71094; null
30; Driver; Interference; None; 11.11.2023 13:53:53; 810.0017; -0.01286694; 203.4689; Before; 14.73133; null
30; Driver; Interference; None; 11.11.2023 13:53:53; 809.97; -0.01287083; 203.4684; Before; 14.76838; null
30; Driver; Interference; None; 11.11.2023 13:53:53; 809.9066; -0.01287401; 203.4672; Before; 14.78539; null
30; Driver; Interference; None; 11.11.2023 13:53:53; 809.8433; -0.01289555; 203.466; Before; 14.80191; null
30; Driver; Interference; None; 11.11.2023 13:53:53; 809.7803; -0.01289034; 203.4647; Before; 14.81881; null
30; Driver; Interference; None; 11.11.2023 13:53:53; 809.7173; -0.01289438; 203.4633; Before; 14.83418; null
30; Driver; Interference; None; 11.11.2023 13:53:53; 809.6545; -0.01287877; 203.4619; Before; 14.85138; null
30; Driver; Interference; None; 11.11.2023 13:53:53; 809.6232; -0.01287646; 203.4612; Before; 14.88742; null
30; Driver; Interference; None; 11.11.2023 13:53:53; 809.5607; -0.01286892; 203.4596; Before; 14.88742; null
30; Driver; Interference; None; 11.11.2023 13:53:53; 809.4982; -0.01284748; 203.458; Before; 14.90807; null
30; Driver; Interference; None; 11.11.2023 13:53:53; 809.4359; -0.01285289; 203.4563; Before; 14.94256; null
30; Driver; Interference; None; 11.11.2023 13:53:53; 809.3738; -0.01286419; 203.4546; Before; 14.95933; null
30; Driver; Interference; None; 11.11.2023 13:53:53; 809.3428; -0.01287285; 203.4536; Before; 14.99105; null
30; Driver; Interference; None; 11.11.2023 13:53:53; 809.2808; -0.01288201; 203.4518; Before; 14.99105; null
30; Driver; Interference; None; 11.11.2023 13:53:53; 809.2191; -0.01287058; 203.4498; Before; 15.00841; null
30; Driver; Interference; None; 11.11.2023 13:53:53; 809.1882; -0.01286974; 203.4488; Before; 15.04525; null
30; Driver; Interference; None; 11.11.2023 13:53:53; 809.1266; -0.01286425; 203.4467; Before; 15.06422; null
30; Driver; Interference; None; 11.11.2023 13:53:53; 809.0346; -0.01284055; 203.4435; Before; 15.08146; null
30; Driver; Interference; None; 11.11.2023 13:53:53; 809.004; -0.01284906; 203.4423; Before; 15.09955; null
30; Driver; Interference; None; 11.11.2023 13:53:53; 808.9429; -0.01283553; 203.44; Before; 15.11541; null
30; Driver; Interference; None; 11.11.2023 13:53:53; 808.8819; -0.01283714; 203.4375; Before; 15.13173; null
30; Driver; Interference; None; 11.11.2023 13:53:53; 808.8514; -0.01284254; 203.4362; Before; 15.16724; null
30; Driver; Interference; None; 11.11.2023 13:53:53; 808.7905; -0.01284829; 203.4336; Before; 15.18503; null
30; Driver; Interference; None; 11.11.2023 13:53:53; 808.7296; -0.01283704; 203.4309; Before; 15.18503; null
30; Driver; Interference; None; 11.11.2023 13:53:53; 808.6685; -0.01281463; 203.4281; Before; 15.20601; null
30; Driver; Interference; None; 11.11.2023 13:53:53; 808.6071; -0.01278653; 203.4251; Before; 15.22857; null
30; Driver; Interference; None; 11.11.2023 13:53:53; 808.5763; -0.01278229; 203.4236; Before; 15.26552; null
30; Driver; Interference; None; 11.11.2023 13:53:53; 808.5144; -0.01277796; 203.4205; Before; 15.28528; null
30; Driver; Interference; None; 11.11.2023 13:53:53; 808.4521; -0.01280149; 203.4172; Before; 15.30233; null
30; Driver; Interference; None; 11.11.2023 13:53:53; 808.3893; -0.01280577; 203.4137; Before; 15.31955; null
30; Driver; Interference; None; 11.11.2023 13:53:53; 808.3262; -0.01279938; 203.4102; Before; 15.33583; null
30; Driver; Interference; None; 11.11.2023 13:53:53; 808.2626; -0.01278635; 203.4064; Before; 15.35725; null
30; Driver; Interference; None; 11.11.2023 13:53:53; 808.1986; -0.01279505; 203.4025; Before; 15.37847; null
30; Driver; Interference; None; 11.11.2023 13:53:53; 808.1665; -0.01280599; 203.4005; Before; 15.39671; null
30; Driver; Interference; None; 11.11.2023 13:53:53; 808.1021; -0.01279996; 203.3963; Before; 15.41385; null
30; Driver; Interference; None; 11.11.2023 13:53:53; 808.0372; -0.01281361; 203.392; Before; 15.43143; null
30; Driver; Interference; None; 11.11.2023 13:53:53; 808.0046; -0.01282631; 203.3898; Before; 15.4655; null
30; Driver; Interference; None; 11.11.2023 13:53:53; 807.9391; -0.01284705; 203.3852; Before; 15.4823; null
30; Driver; Interference; None; 11.11.2023 13:53:53; 807.873; -0.01284954; 203.3804; Before; 15.4823; null
30; Driver; Interference; None; 11.11.2023 13:53:53; 807.8063; -0.01283898; 203.3754; Before; 15.50013; null
30; Driver; Interference; None; 11.11.2023 13:53:53; 807.7727; -0.01284186; 203.3728; Before; 15.54436; null
30; Driver; Interference; None; 11.11.2023 13:53:53; 807.6709; -0.0128568; 203.3647; Before; 15.56177; null
30; Driver; Interference; None; 11.11.2023 13:53:54; 807.6021; -0.01287175; 203.359; Before; 15.57841; null
30; Driver; Interference; None; 11.11.2023 13:53:54; 807.5675; -0.01288418; 203.3561; Before; 15.59546; null
30; Driver; Interference; None; 11.11.2023 13:53:54; 807.4977; -0.01290232; 203.35; Before; 15.61195; null
30; Driver; Interference; None; 11.11.2023 13:53:54; 807.4626; -0.01291517; 203.3469; Before; 15.64608; null
30; Driver; Interference; None; 11.11.2023 13:53:54; 807.3917; -0.01293218; 203.3404; Before; 15.66433; null
30; Driver; Interference; None; 11.11.2023 13:53:54; 807.32; -0.01292642; 203.3337; Before; 15.6841; null
30; Driver; Interference; None; 11.11.2023 13:53:54; 807.2475; -0.01290554; 203.3267; Before; 15.6841; null
30; Driver; Interference; None; 11.11.2023 13:53:54; 807.1741; -0.01291752; 203.3194; Before; 15.7227; null
30; Driver; Interference; None; 11.11.2023 13:53:54; 807.0999; -0.01290913; 203.3118; Before; 15.73966; null
30; Driver; Interference; None; 11.11.2023 13:53:54; 807.0248; -0.01292062; 203.3038; Before; 15.75513; null
30; Driver; Interference; None; 11.11.2023 13:53:54; 806.9869; -0.01293272; 203.2997; Intersection; 0; null
30; Driver; Interference; None; 11.11.2023 13:53:54; 806.9104; -0.01295127; 203.2913; Intersection; 0; null
30; Driver; Interference; None; 11.11.2023 13:53:54; 806.833; -0.01294919; 203.2824; Intersection; 0.0186267; null
30; Driver; Interference; None; 11.11.2023 13:53:54; 806.794; -0.01295583; 203.2779; Intersection; 0.0560667; null
30; Driver; Interference; None; 11.11.2023 13:53:54; 806.7153; -0.01296592; 203.2685; Intersection; 0.0750087; null
30; Driver; Interference; None; 11.11.2023 13:53:54; 806.5958; -0.01296344; 203.2538; Intersection; 0.0920561; null
30; Driver; Interference; None; 11.11.2023 13:53:54; 806.5555; -0.01298419; 203.2487; Intersection; 0.1093508; null
30; Driver; Interference; None; 11.11.2023 13:53:54; 806.4745; -0.01298467; 203.2383; Intersection; 0.1282889; null
30; Driver; Interference; None; 11.11.2023 13:53:54; 806.3928; -0.01300368; 203.2275; Intersection; 0.1456685; null
30; Driver; Interference; None; 11.11.2023 13:53:54; 806.3104; -0.01300156; 203.2163; Intersection; 0.1633005; null
30; Driver; Interference; None; 11.11.2023 13:53:54; 806.2689; -0.0130089; 203.2106; Intersection; 0.19878; null
30; Driver; Interference; None; 11.11.2023 13:53:54; 806.1853; -0.01302037; 203.1988; Intersection; 0.19878; null
30; Driver; Interference; None; 11.11.2023 13:53:54; 806.101; -0.01298017; 203.1868; Intersection; 0.2202423; null
30; Driver; Interference; None; 11.11.2023 13:53:54; 806.0161; -0.01294213; 203.1743; Intersection; 0.2446625; null
30; Driver; Interference; None; 11.11.2023 13:53:54; 805.9304; -0.01291055; 203.1614; Intersection; 0.2691093; null
30; Driver; Interference; None; 11.11.2023 13:53:54; 805.8441; -0.01288776; 203.1481; Intersection; 0.2892969; null
30; Driver; Interference; None; 11.11.2023 13:53:54; 805.8006; -0.01291367; 203.1413; Intersection; 0.3097535; null
30; Driver; Interference; None; 11.11.2023 13:53:54; 805.7131; -0.01293133; 203.1274; Intersection; 0.326736; null
30; Driver; Interference; None; 11.11.2023 13:53:54; 805.6249; -0.01297759; 203.1131; Intersection; 0.3437892; null
30; Driver; Interference; None; 11.11.2023 13:53:54; 805.536; -0.01300405; 203.0983; Intersection; 0.3629594; null
30; Driver; Interference; None; 11.11.2023 13:53:54; 805.4465; -0.01301397; 203.083; Intersection; 0.3840406; null
30; Driver; Interference; None; 11.11.2023 13:53:54; 805.4014; -0.01302949; 203.0752; Intersection; 0.4064071; null
30; Driver; Interference; None; 11.11.2023 13:53:54; 805.3109; -0.01302266; 203.0592; Intersection; 0.4256765; null
30; Driver; Interference; None; 11.11.2023 13:53:54; 805.2197; -0.01304561; 203.0428; Intersection; 0.4439295; null
30; Driver; Interference; None; 11.11.2023 13:53:54; 805.1738; -0.01306586; 203.0343; Intersection; 0.4782221; null
30; Driver; Interference; None; 11.11.2023 13:53:54; 805.0817; -0.01310019; 203.0171; Intersection; 0.4951772; null
30; Driver; Interference; None; 11.11.2023 13:53:54; 804.9891; -0.01316077; 202.9994; Intersection; 0.5117528; null
30; Driver; Interference; None; 11.11.2023 13:53:54; 804.8959; -0.01317856; 202.9812; Intersection; 0.5298792; null
30; Driver; Interference; None; 11.11.2023 13:53:54; 804.8024; -0.01316946; 202.9625; Intersection; 0.5491563; null
30; Driver; Interference; None; 11.11.2023 13:53:54; 804.7084; -0.0131426; 202.9434; Intersection; 0.5704287; null
30; Driver; Interference; None; 11.11.2023 13:53:54; 804.6143; -0.01310659; 202.9238; Intersection; 0.591134; null
30; Driver; Interference; None; 11.11.2023 13:53:54; 804.5672; -0.01312454; 202.9138; Intersection; 0.6106426; null
30; Driver; Interference; None; 11.11.2023 13:53:54; 804.4732; -0.01311659; 202.8936; Intersection; 0.6280274; null
30; Driver; Interference; None; 11.11.2023 13:53:54; 804.3795; -0.01313585; 202.873; Intersection; 0.6455218; null
30; Driver; Interference; None; 11.11.2023 13:53:54; 804.2861; -0.01313374; 202.8521; Intersection; 0.6636171; null
30; Driver; Interference; None; 11.11.2023 13:53:54; 804.1931; -0.01311664; 202.8307; Intersection; 0.6817859; null
30; Driver; Interference; None; 11.11.2023 13:53:54; 804.1467; -0.01312054; 202.8198; Intersection; 0.7028482; null
30; Driver; Interference; None; 11.11.2023 13:53:54; 804.0541; -0.01312928; 202.7978; Intersection; 0.7240483; null
30; Driver; Interference; None; 11.11.2023 13:53:54; 803.9619; -0.01312038; 202.7753; Intersection; 0.7415398; null
30; Driver; Interference; None; 11.11.2023 13:53:54; 803.9159; -0.01312716; 202.7639; Intersection; 0.7763663; null
30; Driver; Interference; None; 11.11.2023 13:53:55; 803.8242; -0.01313924; 202.7408; Intersection; 0.7950157; null
30; Driver; Interference; None; 11.11.2023 13:53:55; 803.7328; -0.01313099; 202.7173; Intersection; 0.7950157; null
30; Driver; Interference; None; 11.11.2023 13:53:55; 803.6418; -0.0131609; 202.6932; Intersection; 0.8315792; null
30; Driver; Interference; None; 11.11.2023 13:53:55; 803.5511; -0.0131589; 202.6687; Intersection; 0.8491615; null
30; Driver; Interference; None; 11.11.2023 13:53:55; 803.4609; -0.01313906; 202.6438; Intersection; 0.868271; null
30; Driver; Interference; None; 11.11.2023 13:53:55; 803.371; -0.01314468; 202.6183; Intersection; 0.8890615; null
30; Driver; Interference; None; 11.11.2023 13:53:55; 803.3262; -0.01315506; 202.6053; Intersection; 0.9073008; null
30; Driver; Interference; None; 11.11.2023 13:53:55; 803.2368; -0.01313228; 202.5791; Intersection; 0.9245; null
30; Driver; Interference; None; 11.11.2023 13:53:55; 803.1479; -0.01313568; 202.5524; Intersection; 0.9425769; null
30; Driver; Interference; None; 11.11.2023 13:53:55; 803.0593; -0.01311941; 202.5252; Intersection; 0.9604034; null
30; Driver; Interference; None; 11.11.2023 13:53:55; 803.0152; -0.01312179; 202.5113; Intersection; 0.9981089; null
30; Driver; Interference; None; 11.11.2023 13:53:55; 802.9272; -0.01312515; 202.4833; Intersection; 0.9981089; null
30; Driver; Interference; None; 11.11.2023 13:53:55; 802.8397; -0.01310958; 202.4547; Intersection; 1.019583; null
30; Driver; Interference; None; 11.11.2023 13:53:55; 802.7526; -0.01308189; 202.4256; Intersection; 1.042362; null
30; Driver; Interference; None; 11.11.2023 13:53:55; 802.6659; -0.01304841; 202.396; Intersection; 1.06411; null
30; Driver; Interference; None; 11.11.2023 13:53:55; 802.6227; -0.01304663; 202.381; Intersection; 1.100672; null
30; Driver; Interference; None; 11.11.2023 13:53:55; 802.5367; -0.01304921; 202.3505; Intersection; 1.100672; null
30; Driver; Interference; None; 11.11.2023 13:53:55; 802.4938; -0.0130615; 202.3351; Intersection; 1.13462; null
30; Driver; Interference; None; 11.11.2023 13:53:55; 802.4084; -0.01308429; 202.3039; Intersection; 1.153131; null
30; Driver; Interference; None; 11.11.2023 13:53:55; 802.3235; -0.01308614; 202.2721; Intersection; 1.171492; null
30; Driver; Interference; None; 11.11.2023 13:53:55; 802.239; -0.01307252; 202.2398; Intersection; 1.192056; null
30; Driver; Interference; None; 11.11.2023 13:53:55; 802.1548; -0.01309919; 202.2069; Intersection; 1.212418; null
30; Driver; Interference; None; 11.11.2023 13:53:55; 802.0712; -0.01309825; 202.1736; Intersection; 1.230855; null
30; Driver; Interference; None; 11.11.2023 13:53:55; 801.988; -0.01308236; 202.1397; Intersection; 1.247035; null
30; Driver; Interference; None; 11.11.2023 13:53:55; 801.9053; -0.01309218; 202.1053; Intersection; 1.265208; null
30; Driver; Interference; None; 11.11.2023 13:53:55; 801.8641; -0.01310457; 202.0879; Intersection; 1.301115; null
30; Driver; Interference; None; 11.11.2023 13:53:55; 801.7821; -0.01312246; 202.0527; Intersection; 1.301115; null
30; Driver; Interference; None; 11.11.2023 13:53:55; 801.7005; -0.01311508; 202.017; Intersection; 1.319729; null
30; Driver; Interference; None; 11.11.2023 13:53:55; 801.6194; -0.0130901; 201.9807; Intersection; 1.337508; null
30; Driver; Interference; None; 11.11.2023 13:53:55; 801.5388; -0.01305505; 201.944; Intersection; 1.359037; null
30; Driver; Interference; None; 11.11.2023 13:53:55; 801.4987; -0.01305078; 201.9254; Intersection; 1.399741; null
30; Driver; Interference; None; 11.11.2023 13:53:55; 801.4188; -0.01304671; 201.8878; Intersection; 1.399741; null
30; Driver; Interference; None; 11.11.2023 13:53:55; 801.3392; -0.01303096; 201.8497; Intersection; 1.416891; null
30; Driver; Interference; None; 11.11.2023 13:53:55; 801.2996; -0.01303513; 201.8304; Intersection; 1.453716; null
30; Driver; Interference; None; 11.11.2023 13:53:55; 801.181; -0.01305844; 201.7715; Intersection; 1.471619; null
30; Driver; Interference; None; 11.11.2023 13:53:55; 801.1021; -0.01308046; 201.7314; Intersection; 1.489365; null
30; Driver; Interference; None; 11.11.2023 13:53:55; 801.0626; -0.0130973; 201.711; Intersection; 1.509144; null
30; Driver; Interference; None; 11.11.2023 13:53:55; 800.9837; -0.0130866; 201.6696; Intersection; 1.529374; null
30; Driver; Interference; None; 11.11.2023 13:53:55; 800.9048; -0.01306251; 201.6275; Intersection; 1.547206; null
30; Driver; Interference; None; 11.11.2023 13:53:55; 800.8259; -0.01306624; 201.5847; Intersection; 1.564893; null
30; Driver; Interference; None; 11.11.2023 13:53:55; 800.7866; -0.01307673; 201.5629; Intersection; 1.600154; null
30; Driver; Interference; None; 11.11.2023 13:53:55; 800.7078; -0.01309295; 201.5188; Intersection; 1.600154; null
30; Driver; Interference; None; 11.11.2023 13:53:55; 800.6292; -0.0130866; 201.4739; Intersection; 1.618443; null
30; Driver; Interference; None; 11.11.2023 13:53:55; 800.5507; -0.01306503; 201.4283; Intersection; 1.635465; null
30; Driver; Interference; None; 11.11.2023 13:53:55; 800.5115; -0.01306617; 201.4052; Intersection; 1.676158; null
30; Driver; Interference; None; 11.11.2023 13:53:55; 800.4332; -0.01307; 201.3584; Intersection; 1.696419; null
30; Driver; Interference; None; 11.11.2023 13:53:55; 800.3553; -0.01305861; 201.3109; Intersection; 1.696419; null
30; Driver; Interference; None; 11.11.2023 13:53:55; 800.2777; -0.01308854; 201.2625; Intersection; 1.732621; null
30; Driver; Interference; None; 11.11.2023 13:53:55; 800.2004; -0.01309121; 201.2136; Intersection; 1.75105; null
30; Driver; Interference; None; 11.11.2023 13:53:55; 800.1235; -0.01307927; 201.1639; Intersection; 1.76891; null
30; Driver; Interference; None; 11.11.2023 13:53:56; 800.0471; -0.01309391; 201.1135; Intersection; 1.787121; null
30; Driver; Interference; None; 11.11.2023 13:53:56; 800.009; -0.013109; 201.0881; Intersection; 1.805779; null
30; Driver; Interference; None; 11.11.2023 13:53:56; 799.9331; -0.01309653; 201.0367; Intersection; 1.826163; null
30; Driver; Interference; None; 11.11.2023 13:53:56; 799.8577; -0.01307357; 200.9846; Intersection; 1.846699; null
30; Driver; Interference; None; 11.11.2023 13:53:56; 799.7828; -0.01308126; 200.9318; Intersection; 1.868562; null
30; Driver; Interference; None; 11.11.2023 13:53:56; 799.7084; -0.01307284; 200.8783; Intersection; 1.886169; null
30; Driver; Interference; None; 11.11.2023 13:53:56; 799.6714; -0.0130798; 200.8513; Intersection; 1.902807; null
30; Driver; Interference; None; 11.11.2023 13:53:56; 799.5978; -0.0130929; 200.7968; Intersection; 1.920875; null
30; Driver; Interference; None; 11.11.2023 13:53:56; 799.5248; -0.01308704; 200.7417; Intersection; 1.939218; null
30; Driver; Interference; None; 11.11.2023 13:53:56; 799.4524; -0.01306813; 200.6859; Intersection; 1.957396; null
30; Driver; Interference; None; 11.11.2023 13:53:56; 799.4164; -0.01307104; 200.6577; Intersection; 1.998988; null
30; Driver; Interference; None; 11.11.2023 13:53:56; 799.345; -0.01307851; 200.601; Intersection; 1.998988; null
30; Driver; Interference; None; 11.11.2023 13:53:56; 799.3096; -0.01309135; 200.5724; Intersection; 2.034176; null
30; Driver; Interference; None; 11.11.2023 13:53:56; 799.2045; -0.01312882; 200.4859; Intersection; 2.053201; null
30; Driver; Interference; None; 11.11.2023 13:53:56; 799.1353; -0.01311687; 200.4275; Intersection; 2.070415; null
30; Driver; Interference; None; 11.11.2023 13:53:56; 799.0668; -0.01312673; 200.3687; Intersection; 2.087168; null
30; Driver; Interference; None; 11.11.2023 13:53:56; 799.0328; -0.01313806; 200.339; Intersection; 2.10457; null
30; Driver; Interference; None; 11.11.2023 13:53:56; 798.9655; -0.01311708; 200.2793; Intersection; 2.12172; null
30; Driver; Interference; None; 11.11.2023 13:53:56; 798.899; -0.01311981; 200.2191; Intersection; 2.143162; null
30; Driver; Interference; None; 11.11.2023 13:53:56; 798.866; -0.01312833; 200.1887; Intersection; 2.180447; null
30; Driver; Interference; None; 11.11.2023 13:53:56; 798.8007; -0.01313847; 200.1277; Intersection; 2.19794; null
30; Driver; Interference; None; 11.11.2023 13:53:56; 798.7361; -0.01312404; 200.0662; Intersection; 2.19794; null
30; Driver; Interference; None; 11.11.2023 13:53:56; 798.7042; -0.01312525; 200.0352; Intersection; 2.233238; null
30; Driver; Interference; None; 11.11.2023 13:53:56; 798.6408; -0.01312388; 199.973; Intersection; 2.252048; null
30; Driver; Interference; None; 11.11.2023 13:53:56; 798.5782; -0.01310219; 199.9102; Intersection; 2.273002; null
30; Driver; Interference; None; 11.11.2023 13:53:56; 798.5164; -0.01306804; 199.8469; Intersection; 2.293906; null
30; Driver; Interference; None; 11.11.2023 13:53:56; 798.4553; -0.01302846; 199.7831; Intersection; 2.293906; null
30; Driver; Interference; None; 11.11.2023 13:53:56; 798.3951; -0.01303812; 199.7186; Intersection; 2.332875; null
30; Driver; Interference; None; 11.11.2023 13:53:56; 798.3355; -0.01302977; 199.6538; Intersection; 2.351217; null
30; Driver; Interference; None; 11.11.2023 13:53:56; 798.2767; -0.01304835; 199.5885; Intersection; 2.367939; null
30; Driver; Interference; None; 11.11.2023 13:53:56; 798.2186; -0.01304822; 199.5228; Intersection; 2.386583; null
30; Driver; Interference; None; 11.11.2023 13:53:56; 798.1899; -0.01305755; 199.4897; Intersection; 2.404059; null
30; Driver; Interference; None; 11.11.2023 13:53:56; 798.1331; -0.01307308; 199.4234; Intersection; 2.422176; null
30; Driver; Interference; None; 11.11.2023 13:53:56; 798.077; -0.0130677; 199.3566; Intersection; 2.440718; null
30; Driver; Interference; None; 11.11.2023 13:53:56; 798.0216; -0.01304774; 199.2894; Intersection; 2.460707; null
30; Driver; Interference; None; 11.11.2023 13:53:56; 797.967; -0.01301932; 199.2219; Intersection; 2.481255; null
30; Driver; Interference; None; 11.11.2023 13:53:56; 797.9401; -0.01301834; 199.188; Intersection; 2.501364; null
30; Driver; Interference; None; 11.11.2023 13:53:56; 797.8867; -0.01302063; 199.1199; Intersection; 2.523237; null
30; Driver; Interference; None; 11.11.2023 13:53:56; 797.8341; -0.01301092; 199.0515; Intersection; 2.54243; null
30; Driver; Interference; None; 11.11.2023 13:53:56; 797.8082; -0.01301746; 199.0171; Intersection; 2.57892; null
30; Driver; Interference; None; 11.11.2023 13:53:56; 797.7567; -0.01303106; 198.9481; Intersection; 2.596613; null
30; Driver; Interference; None; 11.11.2023 13:53:56; 797.7061; -0.01302784; 198.8787; Intersection; 2.596613; null
30; Driver; Interference; None; 11.11.2023 13:53:56; 797.6561; -0.01301264; 198.8088; Intersection; 2.618925; null
30; Driver; Interference; None; 11.11.2023 13:53:56; 797.6068; -0.01299031; 198.7384; Intersection; 2.639644; null
30; Driver; Interference; None; 11.11.2023 13:53:56; 797.5825; -0.0129924; 198.7029; Intersection; 2.677436; null
30; Driver; Interference; None; 11.11.2023 13:53:56; 797.5341; -0.01300055; 198.6315; Intersection; 2.696481; null
30; Driver; Interference; None; 11.11.2023 13:53:56; 797.4862; -0.01299594; 198.5594; Intersection; 2.696481; null
30; Driver; Interference; None; 11.11.2023 13:53:56; 797.4625; -0.0130048; 198.523; Intersection; 2.733187; null
30; Driver; Interference; None; 11.11.2023 13:53:56; 797.4155; -0.01302232; 198.4497; Intersection; 2.751776; null
30; Driver; Interference; None; 11.11.2023 13:53:56; 797.369; -0.0130221; 198.3755; Intersection; 2.775516; null
30; Driver; Interference; None; 11.11.2023 13:53:57; 797.3229; -0.01300928; 198.3005; Intersection; 2.795973; null
30; Driver; Interference; None; 11.11.2023 13:53:57; 797.2775; -0.0129891; 198.2247; Intersection; 2.795973; null
30; Driver; Interference; None; 11.11.2023 13:53:57; 797.2327; -0.01301545; 198.1479; Intersection; 2.832477; null
30; Driver; Interference; None; 11.11.2023 13:53:57; 797.1882; -0.01302028; 198.0702; Intersection; 2.851135; null
30; Driver; Interference; None; 11.11.2023 13:53:57; 797.1444; -0.01301447; 197.9917; Intersection; 2.867928; null
30; Driver; Interference; None; 11.11.2023 13:53:57; 797.1011; -0.01303696; 197.9122; Intersection; 2.887196; null
30; Driver; Interference; None; 11.11.2023 13:53:57; 797.0797; -0.01305647; 197.872; Intersection; 2.906825; null
30; Driver; Interference; None; 11.11.2023 13:53:57; 797.0369; -0.013003; 197.7911; Intersection; 2.906825; null
30; Driver; Interference; None; 11.11.2023 13:53:57; 797.016; -0.01299719; 197.7501; Intersection; 2.953678; null
30; Driver; Interference; None; 11.11.2023 13:53:57; 796.9744; -0.01299636; 197.6675; Intersection; 2.974459; null
30; Driver; Interference; None; 11.11.2023 13:53:57; 796.9333; -0.01298999; 197.584; Intersection; 2.992473; null
30; Driver; Interference; None; 11.11.2023 13:53:57; 796.8931; -0.01303284; 197.4994; Intersection; 3.011739; null
30; Driver; Interference; None; 11.11.2023 13:53:57; 796.8533; -0.01305163; 197.4139; Intersection; 3.030985; null
30; Driver; Interference; None; 11.11.2023 13:53:57; 796.8142; -0.01305683; 197.3275; Intersection; 3.049032; null
30; Driver; Interference; None; 11.11.2023 13:53:57; 796.7758; -0.01305221; 197.2402; Intersection; 3.067594; null
30; Driver; Interference; None; 11.11.2023 13:53:57; 796.7382; -0.01304162; 197.1519; Intersection; 3.088958; null
30; Driver; Interference; None; 11.11.2023 13:53:57; 796.7197; -0.01307219; 197.1074; Intersection; 3.110261; null
30; Driver; Interference; None; 11.11.2023 13:53:57; 796.6832; -0.01308769; 197.0179; Intersection; 3.129209; null
30; Driver; Interference; None; 11.11.2023 13:53:57; 796.6475; -0.01308902; 196.9275; Intersection; 3.147261; null
30; Driver; Interference; None; 11.11.2023 13:53:57; 796.6127; -0.01311818; 196.8364; Intersection; 3.166798; null
30; Driver; Interference; None; 11.11.2023 13:53:57; 796.5787; -0.01312513; 196.7445; Intersection; 3.184632; null
30; Driver; Interference; None; 11.11.2023 13:53:57; 796.5621; -0.01313872; 196.6982; Intersection; 3.202296; null
30; Driver; Interference; None; 11.11.2023 13:53:57; 796.5294; -0.0131235; 196.6052; Intersection; 3.222109; null
30; Driver; Interference; None; 11.11.2023 13:53:57; 796.4977; -0.01310083; 196.5114; Intersection; 3.245316; null
30; Driver; Interference; None; 11.11.2023 13:53:57; 796.4669; -0.01311403; 196.417; Intersection; 3.266544; null
30; Driver; Interference; None; 11.11.2023 13:53:57; 796.437; -0.01311175; 196.3219; Intersection; 3.285993; null
30; Driver; Interference; None; 11.11.2023 13:53:57; 796.4225; -0.01312322; 196.2741; Intersection; 3.30619; null
30; Driver; Interference; None; 11.11.2023 13:53:57; 796.3942; -0.01310688; 196.178; Intersection; 3.324913; null
30; Driver; Interference; None; 11.11.2023 13:53:57; 796.3668; -0.01312562; 196.0813; Intersection; 3.343701; null
30; Driver; Interference; None; 11.11.2023 13:53:57; 796.3404; -0.01312711; 195.9839; Intersection; 3.362404; null
30; Driver; Interference; None; 11.11.2023 13:53:57; 796.315; -0.01311626; 195.8859; Intersection; 3.381361; null
30; Driver; Interference; None; 11.11.2023 13:53:57; 796.3028; -0.01312495; 195.8366; Intersection; 3.4035; null
30; Driver; Interference; None; 11.11.2023 13:53:57; 796.2789; -0.01310479; 195.7377; Intersection; 3.42732; null
30; Driver; Interference; None; 11.11.2023 13:53:57; 796.2562; -0.01308348; 195.6381; Intersection; 3.445637; null
30; Driver; Interference; None; 11.11.2023 13:53:57; 796.2344; -0.0131036; 195.5379; Intersection; 3.465747; null
30; Driver; Interference; None; 11.11.2023 13:53:57; 796.2136; -0.01311005; 195.437; Intersection; 3.484567; null
30; Driver; Interference; None; 11.11.2023 13:53:57; 796.2036; -0.01312671; 195.3862; Intersection; 3.502201; null
30; Driver; Interference; None; 11.11.2023 13:53:57; 796.1843; -0.01311925; 195.2843; Intersection; 3.522475; null
30; Driver; Interference; None; 11.11.2023 13:53:57; 796.1659; -0.01310685; 195.1817; Intersection; 3.542754; null
30; Driver; Interference; None; 11.11.2023 13:53:57; 796.1485; -0.01313304; 195.0784; Intersection; 3.565161; null
30; Driver; Interference; None; 11.11.2023 13:53:57; 796.132; -0.01314213; 194.9744; Intersection; 3.586559; null
30; Driver; Interference; None; 11.11.2023 13:53:57; 796.1241; -0.01315942; 194.9221; Intersection; 3.606625; null
30; Driver; Interference; None; 11.11.2023 13:53:57; 796.109; -0.0131509; 194.817; Intersection; 3.625421; null
30; Driver; Interference; None; 11.11.2023 13:53:57; 796.0947; -0.0131772; 194.7113; Intersection; 3.644405; null
30; Driver; Interference; None; 11.11.2023 13:53:57; 796.0812; -0.01318298; 194.6048; Intersection; 3.662444; null
30; Driver; Interference; None; 11.11.2023 13:53:57; 796.0686; -0.01317382; 194.4976; Intersection; 3.680159; null
30; Driver; Interference; None; 11.11.2023 13:53:57; 796.0627; -0.01318378; 194.4437; Intersection; 3.699414; null
30; Driver; Interference; None; 11.11.2023 13:53:57; 796.0514; -0.01316285; 194.3354; Intersection; 3.722221; null
30; Driver; Interference; None; 11.11.2023 13:53:57; 796.0409; -0.01318221; 194.2264; Intersection; 3.744028; null
30; Driver; Interference; None; 11.11.2023 13:53:57; 796.0312; -0.01318474; 194.1166; Intersection; 3.762561; null
30; Driver; Interference; None; 11.11.2023 13:53:58; 796.0267; -0.01319998; 194.0614; Intersection; 3.800118; null
30; Driver; Interference; None; 11.11.2023 13:53:58; 796.0182; -0.01322957; 193.9505; Intersection; 3.800118; null
30; Driver; Interference; None; 11.11.2023 13:53:58; 796.0106; -0.01323562; 193.8388; Intersection; 3.818671; null
30; Driver; Interference; None; 11.11.2023 13:53:58; 796.0037; -0.01304759; 193.7264; Intersection; 3.83699; null
30; Driver; Interference; None; 11.11.2023 13:53:58; 795.9976; -0.01289216; 193.6133; Intersection; 3.856402; null
30; Driver; Interference; None; 11.11.2023 13:53:58; 795.9949; -0.0128477; 193.5565; Intersection; 3.899415; null
30; Driver; Interference; None; 11.11.2023 13:53:58; 795.9897; -0.0128097; 193.4424; Intersection; 3.899415; null
30; Driver; Interference; None; 11.11.2023 13:53:58; 795.9854; -0.01279266; 193.3275; Intersection; 3.918215; null
30; Driver; Interference; None; 11.11.2023 13:53:58; 795.9835; -0.01280856; 193.2699; Intersection; 3.955046; null
30; Driver; Interference; None; 11.11.2023 13:53:58; 795.98; -0.01286805; 193.1541; Intersection; 3.974068; null
30; Driver; Interference; None; 11.11.2023 13:53:58; 795.9772; -0.0129146; 193.0376; Intersection; 3.993248; null
30; Driver; Interference; None; 11.11.2023 13:53:58; 795.975; -0.01294675; 192.9204; Intersection; 3.993248; null
30; Driver; Interference; None; 11.11.2023 13:53:58; 795.9733; -0.01296526; 192.8026; Intersection; 4.011704; null
30; Driver; Interference; None; 11.11.2023 13:53:58; 795.9721; -0.01297239; 192.6841; Intersection; 4.034331; null
30; Driver; Interference; None; 11.11.2023 13:53:58; 795.9717; -0.01299071; 192.6246; Intersection; 4.076223; null
30; Driver; Interference; None; 11.11.2023 13:53:58; 795.9711; -0.01303987; 192.5051; Intersection; 4.094535; null
30; Driver; Interference; None; 11.11.2023 13:53:58; 795.9709; -0.01312759; 192.3849; Intersection; 4.111983; null
30; Driver; Interference; None; 11.11.2023 13:53:58; 795.9708; -0.01316809; 192.264; Intersection; 4.130553; null
30; Driver; Interference; None; 11.11.2023 13:53:58; 795.971; -0.01317057; 192.1423; Intersection; 4.148562; null
30; Driver; Interference; None; 11.11.2023 13:53:58; 795.9715; -0.01314635; 192.0199; Intersection; 4.166759; null
30; Driver; Interference; None; 11.11.2023 13:53:58; 795.9722; -0.01310692; 191.8967; Intersection; 4.188669; null
30; Driver; Interference; None; 11.11.2023 13:53:58; 795.9727; -0.01313439; 191.8348; Intersection; 4.209774; null
30; Driver; Interference; None; 11.11.2023 13:53:58; 795.9736; -0.01313265; 191.7105; Intersection; 4.227661; null
30; Driver; Interference; None; 11.11.2023 13:53:58; 795.9746; -0.01316839; 191.5855; Intersection; 4.24489; null
30; Driver; Interference; None; 11.11.2023 13:53:58; 795.9758; -0.01316897; 191.4597; Intersection; 4.262598; null
30; Driver; Interference; None; 11.11.2023 13:53:58; 795.9764; -0.01317863; 191.3965; Intersection; 4.298512; null
30; Driver; Interference; None; 11.11.2023 13:53:58; 795.9775; -0.01320344; 191.2695; Intersection; 4.298512; null
30; Driver; Interference; None; 11.11.2023 13:53:58; 795.9786; -0.01319372; 191.1419; Intersection; 4.317084; null
30; Driver; Interference; None; 11.11.2023 13:53:58; 795.9794; -0.01316147; 191.0134; Intersection; 4.337565; null
30; Driver; Interference; None; 11.11.2023 13:53:58; 795.9798; -0.01316009; 190.949; Intersection; 4.377719; null
30; Driver; Interference; None; 11.11.2023 13:53:58; 795.9802; -0.01317251; 190.8194; Intersection; 4.395588; null
30; Driver; Interference; None; 11.11.2023 13:53:58; 795.9801; -0.01316059; 190.6892; Intersection; 4.395588; null
30; Driver; Interference; None; 11.11.2023 13:53:58; 795.9796; -0.0132062; 190.5582; Intersection; 4.431458; null
30; Driver; Interference; None; 11.11.2023 13:53:58; 795.9786; -0.0132177; 190.4265; Intersection; 4.451227; null
30; Driver; Interference; None; 11.11.2023 13:53:58; 795.9779; -0.01319338; 190.3604; Intersection; 4.468876; null
30; Driver; Interference; None; 11.11.2023 13:53:58; 795.9764; -0.01317097; 190.2275; Intersection; 4.491548; null
30; Driver; Interference; None; 11.11.2023 13:53:58; 795.9746; -0.01313782; 190.094; Intersection; 4.491548; null
30; Driver; Interference; None; 11.11.2023 13:53:58; 795.9736; -0.01314017; 190.0269; Intersection; 4.533381; null
30; Driver; Interference; None; 11.11.2023 13:53:58; 795.9706; -0.01318995; 189.8246; Intersection; 4.552308; null
30; Driver; Interference; None; 11.11.2023 13:53:58; 795.9684; -0.01324532; 189.6888; Intersection; 4.568676; null
30; Driver; Interference; None; 11.11.2023 13:53:58; 795.9661; -0.01326105; 189.5523; Intersection; 4.5852; null
30; Driver; Interference; None; 11.11.2023 13:53:58; 795.965; -0.01327801; 189.4838; Intersection; 4.601982; null
30; Driver; Interference; None; 11.11.2023 13:53:58; 795.9625; -0.01325385; 189.3462; Intersection; 4.62036; null
30; Driver; Interference; None; 11.11.2023 13:53:58; 795.96; -0.01327812; 189.2078; Intersection; 4.642745; null
30; Driver; Interference; None; 11.11.2023 13:53:58; 795.9586; -0.01329862; 189.1383; Intersection; 4.679373; null
30; Driver; Interference; None; 11.11.2023 13:53:58; 795.9558; -0.01334099; 188.9985; After ; 0; null
30; Driver; Interference; None; 11.11.2023 13:53:58; 795.9529; -0.01333906; 188.8578; After ; 0; null
30; Driver; Interference; None; 11.11.2023 13:53:58; 795.9498; -0.0133851; 188.7161; After ; 0.0358891; null
30; Driver; Interference; None; 11.11.2023 13:53:58; 795.9465; -0.01338447; 188.5733; After ; 0.0532046; null
30; Driver; Interference; None; 11.11.2023 13:53:58; 795.9432; -0.01341551; 188.4294; After ; 0.0703245; null
30; Driver; Interference; None; 11.11.2023 13:53:59; 795.9396; -0.01339932; 188.2842; After ; 0.0879946; null
30; Driver; Interference; None; 11.11.2023 13:53:59; 795.9378; -0.01340091; 188.2112; After ; 0.1080619; null
30; Driver; Interference; None; 11.11.2023 13:53:59; 795.9341; -0.01341027; 188.0642; After ; 0.1285932; null
30; Driver; Interference; None; 11.11.2023 13:53:59; 795.9322; -0.01342226; 187.9902; After ; 0.1623715; null
30; Driver; Interference; None; 11.11.2023 13:53:59; 795.9283; -0.01344716; 187.8413; After ; 0.1795993; null
30; Driver; Interference; None; 11.11.2023 13:53:59; 795.9222; -0.01342809; 187.6153; After ; 0.1964061; null
30; Driver; Interference; None; 11.11.2023 13:53:59; 795.9201; -0.01346229; 187.5393; After ; 0.2152029; null
30; Driver; Interference; None; 11.11.2023 13:53:59; 795.9159; -0.01345309; 187.3862; After ; 0.2310938; null
30; Driver; Interference; None; 11.11.2023 13:53:59; 795.9116; -0.01348323; 187.2316; After ; 0.2487644; null
30; Driver; Interference; None; 11.11.2023 13:53:59; 795.9094; -0.01350369; 187.1538; After ; 0.280762; null
30; Driver; Interference; None; 11.11.2023 13:53:59; 795.9026; -0.01356246; 186.9184; After ; 0.2970115; null
30; Driver; Interference; None; 11.11.2023 13:53:59; 795.9003; -0.01361265; 186.8393; After ; 0.3138018; null
30; Driver; Interference; None; 11.11.2023 13:53:59; 795.8956; -0.01368761; 186.6801; After ; 0.3295431; null
30; Driver; Interference; None; 11.11.2023 13:53:59; 795.8932; -0.01371813; 186.6; After ; 0.3617565; null
30; Driver; Interference; None; 11.11.2023 13:53:59; 795.886; -0.01376837; 186.3578; After ; 0.3783446; null
30; Driver; Interference; None; 11.11.2023 13:53:59; 795.8812; -0.01377632; 186.1951; After ; 0.3951087; null
30; Driver; Interference; None; 11.11.2023 13:53:59; 795.8787; -0.01377826; 186.1134; After ; 0.410931; null
30; Driver; Interference; None; 11.11.2023 13:53:59; 795.8737; -0.01376981; 185.9492; After ; 0.4265189; null
30; Driver; Interference; None; 11.11.2023 13:53:59; 795.8711; -0.01376664; 185.8668; After ; 0.4596471; null
30; Driver; Interference; None; 11.11.2023 13:53:59; 795.8634; -0.01374996; 185.6182; After ; 0.4761252; null
30; Driver; Interference; None; 11.11.2023 13:53:59; 795.8583; -0.01373955; 185.4514; After ; 0.4929294; null
30; Driver; Interference; None; 11.11.2023 13:53:59; 795.8557; -0.01373885; 185.3677; After ; 0.5083714; null
30; Driver; Interference; None; 11.11.2023 13:53:59; 795.8531; -0.01377034; 185.2838; After ; 0.5411962; null
30; Driver; Interference; None; 11.11.2023 13:53:59; 795.8456; -0.01383025; 185.0308; After ; 0.5571911; null
30; Driver; Interference; None; 11.11.2023 13:53:59; 795.8406; -0.01384669; 184.8612; After ; 0.5737197; null
30; Driver; Interference; None; 11.11.2023 13:53:59; 795.8357; -0.01379303; 184.6909; After ; 0.5897576; null
30; Driver; Interference; None; 11.11.2023 13:53:59; 795.8333; -0.0137746; 184.6055; After ; 0.6074803; null
30; Driver; Interference; None; 11.11.2023 13:53:59; 795.8285; -0.01374364; 184.434; After ; 0.6247461; null
30; Driver; Interference; None; 11.11.2023 13:53:59; 795.8261; -0.01373723; 184.3481; After ; 0.6578601; null
30; Driver; Interference; None; 11.11.2023 13:53:59; 795.8192; -0.01373324; 184.089; After ; 0.6767032; null
30; Driver; Interference; None; 11.11.2023 13:53:59; 795.8148; -0.01374253; 183.9154; After ; 0.6929372; null
30; Driver; Interference; None; 11.11.2023 13:53:59; 795.8126; -0.01375314; 183.8284; After ; 0.7091675; null
30; Driver; Interference; None; 11.11.2023 13:53:59; 795.8083; -0.01377174; 183.6538; After ; 0.7263687; null
30; Driver; Interference; None; 11.11.2023 13:53:59; 795.8062; -0.01378512; 183.5662; After ; 0.7596059; null
30; Driver; Interference; None; 11.11.2023 13:53:59; 795.8002; -0.01381897; 183.3026; After ; 0.7763655; null
30; Driver; Interference; None; 11.11.2023 13:53:59; 795.7964; -0.01383705; 183.1262; After ; 0.7926816; null
30; Driver; Interference; None; 11.11.2023 13:53:59; 795.7946; -0.01384805; 183.0377; After ; 0.8087443; null
30; Driver; Interference; None; 11.11.2023 13:53:59; 795.7911; -0.01386116; 182.8604; After ; 0.8256407; null
30; Driver; Interference; None; 11.11.2023 13:53:59; 795.7877; -0.01391002; 182.6824; After ; 0.8581607; null
30; Driver; Interference; None; 11.11.2023 13:53:59; 795.7845; -0.01396334; 182.504; After ; 0.8747618; null
30; Driver; Interference; None; 11.11.2023 13:53:59; 795.783; -0.01398304; 182.4146; After ; 0.9064834; null
30; Driver; Interference; None; 11.11.2023 13:53:59; 795.7801; -0.01399848; 182.2353; After ; 0.9064834; null
30; Driver; Interference; None; 11.11.2023 13:53:59; 795.7773; -0.01393517; 182.0556; After ; 0.9231104; null
30; Driver; Interference; None; 11.11.2023 13:53:59; 795.7759; -0.0139112; 181.9656; After ; 0.9607723; null
30; Driver; Interference; None; 11.11.2023 13:53:59; 795.7722; -0.01385615; 181.6949; After ; 0.9780125; null
30; Driver; Interference; None; 11.11.2023 13:53:59; 795.7698; -0.01383734; 181.5139; After ; 0.9937715; null
30; Driver; Interference; None; 11.11.2023 13:53:59; 795.7687; -0.0138366; 181.4233; After ; 1.00987; null
30; Driver; Interference; None; 11.11.2023 13:53:59; 795.7667; -0.01383777; 181.2418; After ; 1.026562; null
30; Driver; Interference; None; 11.11.2023 13:53:59; 795.7648; -0.01370581; 181.06; After ; 1.04448; null
30; Driver; Interference; None; 11.11.2023 13:53:59; 795.7631; -0.01366266; 180.8779; After ; 1.069528; null
30; Driver; Interference; None; 11.11.2023 13:54:00; 795.7623; -0.01366189; 180.7867; After ; 1.103574; null
30; Driver; Interference; None; 11.11.2023 13:54:00; 795.7609; -0.01368122; 180.6044; After ; 1.103574; null
30; Driver; Interference; None; 11.11.2023 13:54:00; 795.7596; -0.01366461; 180.4219; After ; 1.124024; null
30; Driver; Interference; None; 11.11.2023 13:54:00; 795.7586; -0.0137261; 180.2394; After ; 1.158364; null
30; Driver; Interference; None; 11.11.2023 13:54:00; 795.7577; -0.01381989; 180.057; After ; 1.175424; null
30; Driver; Interference; None; 11.11.2023 13:54:00; 795.7573; -0.01386559; 179.9659; After ; 1.206115; null
30; Driver; Interference; None; 11.11.2023 13:54:00; 795.7566; -0.01393715; 179.7839; After ; 1.206115; null
30; Driver; Interference; None; 11.11.2023 13:54:00; 795.7563; -0.01396824; 179.693; After ; 1.2399; null
30; Driver; Interference; None; 11.11.2023 13:54:00; 795.7556; -0.01402247; 179.4209; After ; 1.2563; null
30; Driver; Interference; None; 11.11.2023 13:54:00; 795.7554; -0.01403156; 179.24; After ; 1.272504; null
30; Driver; Interference; None; 11.11.2023 13:54:00; 795.7553; -0.01403308; 179.1498; After ; 1.304124; null
30; Driver; Interference; None; 11.11.2023 13:54:00; 795.7552; -0.01402042; 178.9695; After ; 1.304124; null
30; Driver; Interference; None; 11.11.2023 13:54:00; 795.7552; -0.01401365; 178.8795; After ; 1.338586; null
30; Driver; Interference; None; 11.11.2023 13:54:00; 795.7554; -0.01397948; 178.6103; After ; 1.356289; null
30; Driver; Interference; None; 11.11.2023 13:54:00; 795.7557; -0.01395292; 178.4313; After ; 1.372178; null
30; Driver; Interference; None; 11.11.2023 13:54:00; 795.7559; -0.01394329; 178.3419; After ; 1.403614; null
30; Driver; Interference; None; 11.11.2023 13:54:00; 795.7563; -0.01392013; 178.1635; After ; 1.403614; null
30; Driver; Interference; None; 11.11.2023 13:54:00; 795.7568; -0.01394004; 177.9855; After ; 1.436023; null
30; Driver; Interference; None; 11.11.2023 13:54:00; 795.7575; -0.01389209; 177.8079; After ; 1.453215; null
30; Driver; Interference; None; 11.11.2023 13:54:00; 795.7579; -0.01392213; 177.7193; After ; 1.485521; null
30; Driver; Interference; None; 11.11.2023 13:54:00; 795.7587; -0.01395985; 177.5423; After ; 1.501057; null
30; Driver; Interference; None; 11.11.2023 13:54:00; 795.7596; -0.01401557; 177.3658; After ; 1.516863; null
30; Driver; Interference; None; 11.11.2023 13:54:00; 795.7607; -0.013982; 177.1896; After ; 1.534426; null
30; Driver; Interference; None; 11.11.2023 13:54:00; 795.7618; -0.01396791; 177.0139; After ; 1.549476; null
30; Driver; Interference; None; 11.11.2023 13:54:00; 795.7624; -0.01396041; 176.9261; After ; 1.581555; null
30; Driver; Interference; None; 11.11.2023 13:54:00; 795.7636; -0.01393539; 176.751; After ; 1.598797; null
30; Driver; Interference; None; 11.11.2023 13:54:00; 795.765; -0.01394682; 176.5762; After ; 1.617733; null
30; Driver; Interference; None; 11.11.2023 13:54:00; 795.7663; -0.01388866; 176.4019; After ; 1.633971; null
30; Driver; Interference; None; 11.11.2023 13:54:00; 795.7678; -0.01386627; 176.2279; After ; 1.649044; null
30; Driver; Interference; None; 11.11.2023 13:54:00; 795.7685; -0.01385971; 176.1411; After ; 1.682778; null
30; Driver; Interference; None; 11.11.2023 13:54:00; 795.77; -0.01384408; 175.9678; After ; 1.700475; null
30; Driver; Interference; None; 11.11.2023 13:54:00; 795.7715; -0.01387096; 175.7948; After ; 1.716798; null
30; Driver; Interference; None; 11.11.2023 13:54:00; 795.7731; -0.01383157; 175.6222; After ; 1.734486; null
30; Driver; Interference; None; 11.11.2023 13:54:00; 795.7747; -0.01382706; 175.4501; After ; 1.750991; null
30; Driver; Interference; None; 11.11.2023 13:54:00; 795.7755; -0.01382853; 175.3641; After ; 1.784235; null
30; Driver; Interference; None; 11.11.2023 13:54:00; 795.7771; -0.01382637; 175.1926; After ; 1.80128; null
30; Driver; Interference; None; 11.11.2023 13:54:00; 795.7787; -0.01376721; 175.0214; After ; 1.80128; null
30; Driver; Interference; None; 11.11.2023 13:54:00; 795.7803; -0.01376939; 174.8506; After ; 1.835891; null
30; Driver; Interference; None; 11.11.2023 13:54:00; 795.7819; -0.01379969; 174.6802; After ; 1.853143; null
30; Driver; Interference; None; 11.11.2023 13:54:00; 795.7827; -0.01381521; 174.5952; After ; 1.884214; null
30; Driver; Interference; None; 11.11.2023 13:54:00; 795.7842; -0.013834; 174.4254; After ; 1.900391; null
30; Driver; Interference; None; 11.11.2023 13:54:00; 795.7858; -0.01388109; 174.256; After ; 1.915911; null
30; Driver; Interference; None; 11.11.2023 13:54:00; 795.7874; -0.01385114; 174.0869; After ; 1.932203; null
30; Driver; Interference; None; 11.11.2023 13:54:00; 795.789; -0.01384574; 173.9183; After ; 1.948939; null
30; Driver; Interference; None; 11.11.2023 13:54:00; 795.7898; -0.01384392; 173.8341; After ; 1.982497; null
30; Driver; Interference; None; 11.11.2023 13:54:00; 795.7914; -0.01383179; 173.666; After ; 1.999181; null
30; Driver; Interference; None; 11.11.2023 13:54:00; 795.7929; -0.01385446; 173.4984; After ; 2.015887; null
30; Driver; Interference; None; 11.11.2023 13:54:00; 795.7944; -0.01380872; 173.3311; After ; 2.034303; null
30; Driver; Interference; None; 11.11.2023 13:54:00; 795.7958; -0.01379485; 173.1642; After ; 2.049733; null
30; Driver; Interference; None; 11.11.2023 13:54:00; 795.7965; -0.01379133; 173.0808; After ; 2.084943; null
30; Driver; Interference; None; 11.11.2023 13:54:01; 795.7979; -0.0137799; 172.9145; After ; 2.101364; null
30; Driver; Interference; None; 11.11.2023 13:54:01; 795.7991; -0.01371477; 172.7486; After ; 2.101364; null
30; Driver; Interference; None; 11.11.2023 13:54:01; 795.8004; -0.01371115; 172.583; After ; 2.136478; null
30; Driver; Interference; None; 11.11.2023 13:54:01; 795.8016; -0.01373698; 172.4178; After ; 2.152752; null
30; Driver; Interference; None; 11.11.2023 13:54:01; 795.8021; -0.01375103; 172.3353; After ; 2.184169; null
30; Driver; Interference; None; 11.11.2023 13:54:01; 795.8032; -0.0137686; 172.1707; After ; 2.200464; null
30; Driver; Interference; None; 11.11.2023 13:54:01; 795.8043; -0.01381495; 172.0064; After ; 2.215996; null
30; Driver; Interference; None; 11.11.2023 13:54:01; 795.8052; -0.01378752; 171.8425; After ; 2.232963; null
30; Driver; Interference; None; 11.11.2023 13:54:01; 795.8062; -0.01378432; 171.679; After ; 2.248229; null
30; Driver; Interference; None; 11.11.2023 13:54:01; 795.8066; -0.01378363; 171.5974; After ; 2.281002; null
30; Driver; Interference; None; 11.11.2023 13:54:01; 795.8079; -0.01377082; 171.3532; After ; 2.297828; null
30; Driver; Interference; None; 11.11.2023 13:54:01; 795.8083; -0.01379754; 171.2719; After ; 2.314082; null
30; Driver; Interference; None; 11.11.2023 13:54:01; 795.8091; -0.01382747; 171.1097; After ; 2.329812; null
30; Driver; Interference; None; 11.11.2023 13:54:01; 795.8098; -0.01378162; 170.9479; After ; 2.346506; null
30; Driver; Interference; None; 11.11.2023 13:54:01; 795.8102; -0.01376337; 170.8671; After ; 2.381704; null
30; Driver; Interference; None; 11.11.2023 13:54:01; 795.8112; -0.01371505; 170.6254; After ; 2.39787; null
30; Driver; Interference; None; 11.11.2023 13:54:01; 795.8115; -0.01373515; 170.545; After ; 2.413931; null
30; Driver; Interference; None; 11.11.2023 13:54:01; 795.8121; -0.0137594; 170.3844; After ; 2.429679; null
30; Driver; Interference; None; 11.11.2023 13:54:01; 795.8123; -0.0137691; 170.3043; After ; 2.461731; null
30; Driver; Interference; None; 11.11.2023 13:54:01; 795.813; -0.01377456; 170.0645; After ; 2.478125; null
30; Driver; Interference; None; 11.11.2023 13:54:01; 795.8134; -0.01376462; 169.9051; After ; 2.494427; null
30; Driver; Interference; None; 11.11.2023 13:54:01; 795.8135; -0.01376002; 169.8255; After ; 2.509668; null
30; Driver; Interference; None; 11.11.2023 13:54:01; 795.8138; -0.01374246; 169.6666; After ; 2.527136; null
30; Driver; Interference; None; 11.11.2023 13:54:01; 795.8139; -0.01373569; 169.5872; After ; 2.561433; null
30; Driver; Interference; None; 11.11.2023 13:54:01; 795.8141; -0.01371664; 169.4286; After ; 2.579718; null
30; Driver; Interference; None; 11.11.2023 13:54:01; 795.8142; -0.01362268; 169.1912; After ; 2.59695; null
30; Driver; Interference; None; 11.11.2023 13:54:01; 795.8142; -0.01363482; 169.1121; After ; 2.614509; null
30; Driver; Interference; None; 11.11.2023 13:54:01; 795.8142; -0.01358236; 168.9543; After ; 2.630899; null
30; Driver; Interference; None; 11.11.2023 13:54:01; 795.8141; -0.01357777; 168.7966; After ; 2.646992; null
30; Driver; Interference; None; 11.11.2023 13:54:01; 795.814; -0.01358348; 168.7179; After ; 2.683194; null
30; Driver; Interference; None; 11.11.2023 13:54:01; 795.8138; -0.01359663; 168.5605; After ; 2.700569; null
30; Driver; Interference; None; 11.11.2023 13:54:01; 795.8136; -0.01364958; 168.4034; After ; 2.716691; null
30; Driver; Interference; None; 11.11.2023 13:54:01; 795.8133; -0.01363975; 168.2465; After ; 2.733768; null
30; Driver; Interference; None; 11.11.2023 13:54:01; 795.8129; -0.01365684; 168.0896; After ; 2.750249; null
30; Driver; Interference; None; 11.11.2023 13:54:01; 795.8126; -0.01361722; 167.9329; After ; 2.768097; null
30; Driver; Interference; None; 11.11.2023 13:54:01; 795.8123; -0.0136066; 167.8546; After ; 2.802383; null
30; Driver; Interference; None; 11.11.2023 13:54:01; 795.8118; -0.01359151; 167.6981; After ; 2.802383; null
30; Driver; Interference; None; 11.11.2023 13:54:01; 795.8113; -0.01353682; 167.5416; After ; 2.819629; null
30; Driver; Interference; None; 11.11.2023 13:54:01; 795.8109; -0.01354747; 167.3852; After ; 2.857765; null
30; Driver; Interference; None; 11.11.2023 13:54:01; 795.8103; -0.01351936; 167.2287; After ; 2.875483; null
30; Driver; Interference; None; 11.11.2023 13:54:01; 795.8098; -0.01353726; 167.0722; After ; 2.891461; null
30; Driver; Interference; None; 11.11.2023 13:54:01; 795.8094; -0.01355297; 166.9939; After ; 2.907955; null
30; Driver; Interference; None; 11.11.2023 13:54:01; 795.809; -0.0135827; 166.8371; After ; 2.925319; null
30; Driver; Interference; None; 11.11.2023 13:54:01; 795.8085; -0.01356036; 166.6801; After ; 2.942791; null
30; Driver; Interference; None; 11.11.2023 13:54:01; 795.8082; -0.01355912; 166.6016; After ; 2.983019; null
30; Driver; Interference; None; 11.11.2023 13:54:01; 795.8077; -0.01356252; 166.4442; After ; 3.000264; null
30; Driver; Interference; None; 11.11.2023 13:54:01; 795.8073; -0.01352411; 166.2866; After ; 3.000264; null
30; Driver; Interference; None; 11.11.2023 13:54:01; 795.807; -0.01351858; 166.2077; After ; 3.038071; null
30; Driver; Interference; None; 11.11.2023 13:54:01; 795.8063; -0.01353031; 165.9707; After ; 3.055739; null
30; Driver; Interference; None; 11.11.2023 13:54:01; 795.8058; -0.01355524; 165.8125; After ; 3.073557; null
30; Driver; Interference; None; 11.11.2023 13:54:02; 795.8055; -0.01357347; 165.7334; After ; 3.106669; null
30; Driver; Interference; None; 11.11.2023 13:54:02; 795.8051; -0.01360649; 165.5751; After ; 3.106669; null
30; Driver; Interference; None; 11.11.2023 13:54:02; 795.8046; -0.01358515; 165.4168; After ; 3.124126; null
30; Driver; Interference; None; 11.11.2023 13:54:02; 795.8043; -0.01358402; 165.3376; After ; 3.160293; null
30; Driver; Interference; None; 11.11.2023 13:54:02; 795.8038; -0.01358707; 165.1792; After ; 3.179827; null
30; Driver; Interference; None; 11.11.2023 13:54:02; 795.8031; -0.01361228; 164.9414; After ; 3.196108; null
30; Driver; Interference; None; 11.11.2023 13:54:02; 795.8029; -0.01362498; 164.8621; After ; 3.213248; null
30; Driver; Interference; None; 11.11.2023 13:54:02; 795.8024; -0.01357429; 164.7035; After ; 3.229858; null
30; Driver; Interference; None; 11.11.2023 13:54:02; 795.8019; -0.01357253; 164.5449; After ; 3.247046; null
30; Driver; Interference; None; 11.11.2023 13:54:02; 795.8014; -0.0135316; 164.3864; After ; 3.265069; null
30; Driver; Interference; None; 11.11.2023 13:54:02; 795.8009; -0.01346795; 164.228; After ; 3.285573; null
30; Driver; Interference; None; 11.11.2023 13:54:02; 795.8007; -0.01345631; 164.1489; After ; 3.306281; null
30; Driver; Interference; None; 11.11.2023 13:54:02; 795.8002; -0.01345601; 163.991; After ; 3.324869; null
30; Driver; Interference; None; 11.11.2023 13:54:02; 795.7999; -0.01346983; 163.9122; After ; 3.358856; null
30; Driver; Interference; None; 11.11.2023 13:54:02; 795.799; -0.01353268; 163.6763; After ; 3.376629; null
30; Driver; Interference; None; 11.11.2023 13:54:02; 795.7983; -0.01358164; 163.5195; After ; 3.39334; null
30; Driver; Interference; None; 11.11.2023 13:54:02; 795.798; -0.01360811; 163.4413; After ; 3.409329; null
30; Driver; Interference; None; 11.11.2023 13:54:02; 795.7974; -0.01365037; 163.285; After ; 3.426614; null
30; Driver; Interference; None; 11.11.2023 13:54:02; 795.7971; -0.01367049; 163.207; After ; 3.46241; null
30; Driver; Interference; None; 11.11.2023 13:54:02; 795.7965; -0.01369646; 163.0513; After ; 3.479052; null
30; Driver; Interference; None; 11.11.2023 13:54:02; 795.7957; -0.01364557; 162.8183; After ; 3.496021; null
30; Driver; Interference; None; 11.11.2023 13:54:02; 795.7954; -0.01366445; 162.7409; After ; 3.513797; null
30; Driver; Interference; None; 11.11.2023 13:54:02; 795.7949; -0.01361822; 162.5862; After ; 3.530242; null
30; Driver; Interference; None; 11.11.2023 13:54:02; 795.7944; -0.01360945; 162.4319; After ; 3.546645; null
30; Driver; Interference; None; 11.11.2023 13:54:02; 795.7943; -0.01361031; 162.3549; After ; 3.580853; null
30; Driver; Interference; None; 11.11.2023 13:54:02; 795.7937; -0.01361443; 162.1243; After ; 3.598117; null
30; Driver; Interference; None; 11.11.2023 13:54:02; 795.7936; -0.01364737; 162.0477; After ; 3.614721; null
30; Driver; Interference; None; 11.11.2023 13:54:02; 795.7933; -0.01362314; 161.8946; After ; 3.630775; null
30; Driver; Interference; None; 11.11.2023 13:54:02; 795.7932; -0.01362688; 161.7419; After ; 3.646989; null
30; Driver; Interference; None; 11.11.2023 13:54:02; 795.7931; -0.01363087; 161.6656; After ; 3.682661; null
30; Driver; Interference; None; 11.11.2023 13:54:02; 795.793; -0.01363214; 161.5134; After ; 3.699521; null
30; Driver; Interference; None; 11.11.2023 13:54:02; 795.793; -0.01366469; 161.3616; After ; 3.717006; null
30; Driver; Interference; None; 11.11.2023 13:54:02; 795.793; -0.01363362; 161.2101; After ; 3.73479; null
30; Driver; Interference; None; 11.11.2023 13:54:02; 795.7931; -0.01362895; 161.0589; After ; 3.750582; null
30; Driver; Interference; None; 11.11.2023 13:54:02; 795.7932; -0.01362867; 160.9835; After ; 3.784769; null
30; Driver; Interference; None; 11.11.2023 13:54:02; 795.7933; -0.01362217; 160.8329; After ; 3.801575; null
30; Driver; Interference; None; 11.11.2023 13:54:02; 795.7936; -0.01364806; 160.6826; After ; 3.817298; null
30; Driver; Interference; None; 11.11.2023 13:54:02; 795.7939; -0.01361284; 160.5326; After ; 3.835303; null
30; Driver; Interference; None; 11.11.2023 13:54:02; 795.7943; -0.01360557; 160.383; After ; 3.850395; null
30; Driver; Interference; None; 11.11.2023 13:54:02; 795.7944; -0.01360462; 160.3083; After ; 3.883229; null
30; Driver; Interference; None; 11.11.2023 13:54:02; 795.7949; -0.01359786; 160.1593; After ; 3.901057; null
30; Driver; Interference; None; 11.11.2023 13:54:02; 795.7953; -0.01354162; 160.0105; After ; 3.901057; null
30; Driver; Interference; None; 11.11.2023 13:54:02; 795.7959; -0.01353932; 159.8621; After ; 3.936979; null
30; Driver; Interference; None; 11.11.2023 13:54:02; 795.7965; -0.01349575; 159.714; After ; 3.954856; null
30; Driver; Interference; None; 11.11.2023 13:54:02; 795.7971; -0.01349447; 159.5663; After ; 3.969971; null
30; Driver; Interference; None; 11.11.2023 13:54:02; 795.7975; -0.01350042; 159.4926; After ; 4.005665; null
30; Driver; Interference; None; 11.11.2023 13:54:02; 795.7982; -0.01351236; 159.3454; After ; 4.005665; null
30; Driver; Interference; None; 11.11.2023 13:54:02; 795.799; -0.01347826; 159.1985; After ; 4.023066; null
30; Driver; Interference; None; 11.11.2023 13:54:02; 795.7998; -0.01349678; 159.0519; After ; 4.057982; null
30; Driver; Interference; None; 11.11.2023 13:54:02; 795.8007; -0.01353728; 158.9057; After ; 4.074994; null
30; Driver; Interference; None; 11.11.2023 13:54:03; 795.8015; -0.0135194; 158.7599; After ; 4.090497; null
30; Driver; Interference; None; 11.11.2023 13:54:03; 795.802; -0.01351654; 158.687; After ; 4.107343; null
30; Driver; Interference; None; 11.11.2023 13:54:03; 795.803; -0.01351162; 158.5417; After ; 4.124966; null
30; Driver; Interference; None; 11.11.2023 13:54:03; 795.8035; -0.01351399; 158.4691; After ; 4.159284; null
30; Driver; Interference; None; 11.11.2023 13:54:03; 795.8051; -0.01352169; 158.2519; After ; 4.176325; null
30; Driver; Interference; None; 11.11.2023 13:54:03; 795.8062; -0.01352707; 158.1076; After ; 4.192885; null
30; Driver; Interference; None; 11.11.2023 13:54:03; 795.8068; -0.01353213; 158.0355; After ; 4.209101; null
30; Driver; Interference; None; 11.11.2023 13:54:03; 795.808; -0.01353632; 157.8916; After ; 4.225904; null
30; Driver; Interference; None; 11.11.2023 13:54:03; 795.8087; -0.01354018; 157.8198; After ; 4.260696; null
30; Driver; Interference; None; 11.11.2023 13:54:03; 795.8105; -0.01354338; 157.6049; After ; 4.278197; null
30; Driver; Interference; None; 11.11.2023 13:54:03; 795.8119; -0.013541; 157.462; After ; 4.295104; null
30; Driver; Interference; None; 11.11.2023 13:54:03; 795.8126; -0.01354149; 157.3907; After ; 4.311544; null
30; Driver; Interference; None; 11.11.2023 13:54:03; 795.814; -0.0135363; 157.2483; After ; 4.327421; null
30; Driver; Interference; None; 11.11.2023 13:54:03; 795.8148; -0.01353567; 157.1772; After ; 4.361547; null
30; Driver; Interference; None; 11.11.2023 13:54:03; 795.8162; -0.01352883; 157.0353; After ; 4.378722; null
30; Driver; Interference; None; 11.11.2023 13:54:03; 795.8185; -0.01352025; 156.823; After ; 4.395627; null
30; Driver; Interference; None; 11.11.2023 13:54:03; 795.8193; -0.01351899; 156.7525; After ; 4.412698; null
30; Driver; Interference; None; 11.11.2023 13:54:03; 795.8209; -0.01344839; 156.6115; After ; 4.42902; null
30; Driver; Interference; None; 11.11.2023 13:54:03; 795.8225; -0.01342337; 156.4709; After ; 4.447623; null
30; Driver; Interference; None; 11.11.2023 13:54:03; 795.8234; -0.01341963; 156.4007; After ; 4.481915; null
30; Driver; Interference; None; 11.11.2023 13:54:03; 795.8251; -0.01341751; 156.2606; After ; 4.499237; null
30; Driver; Interference; None; 11.11.2023 13:54:03; 795.8268; -0.01345588; 156.1208; After ; 4.516311; null
30; Driver; Interference; None; 11.11.2023 13:54:03; 795.8285; -0.01344295; 155.9813; After ; 4.533922; null
30; Driver; Interference; None; 11.11.2023 13:54:03; 795.8302; -0.01345751; 155.8422; After ; 4.550349; null
30; Driver; Interference; None; 11.11.2023 13:54:03; 795.8319; -0.01342411; 155.7033; After ; 4.568126; null
30; Driver; Interference; None; 11.11.2023 13:54:03; 795.8337; -0.0133605; 155.5648; After ; 4.585272; null
30; Driver; Interference; None; 11.11.2023 13:54:03; 795.8345; -0.01334361; 155.4957; After ; 4.60512; null
30; Driver; Interference; None; 11.11.2023 13:54:03; 795.8362; -0.01332671; 155.3576; After ; 4.62455; null
30; Driver; Interference; None; 11.11.2023 13:54:03; 795.838; -0.01328631; 155.2199; After ; 4.641984; null
30; Driver; Interference; None; 11.11.2023 13:54:03; 795.8388; -0.01328183; 155.1511; After ; 4.681331; null
30; Driver; Interference; None; 11.11.2023 13:54:03; 795.8405; -0.01328904; 155.0139; After ; 4.698919; null
30; Driver; Interference; None; 11.11.2023 13:54:03; 795.8422; -0.01334575; 154.8769; After ; 4.716696; null
30; Driver; Interference; None; 11.11.2023 13:54:03; 795.8438; -0.0133568; 154.7403; After ; 4.734493; null
30; Driver; Interference; None; 11.11.2023 13:54:03; 795.8453; -0.01339506; 154.604; After ; 4.749936; null
30; Driver; Interference; None; 11.11.2023 13:54:03; 795.8468; -0.01338356; 154.468; After ; 4.767572; null
30; Driver; Interference; None; 11.11.2023 13:54:03; 795.8475; -0.01338459; 154.4001; After ; 4.802275; null
30; Driver; Interference; None; 11.11.2023 13:54:03; 795.849; -0.01338855; 154.2645; After ; 4.802275; null
30; Driver; Interference; None; 11.11.2023 13:54:03; 795.8497; -0.01339517; 154.1969; After ; 4.838654; null
30; Driver; Interference; None; 11.11.2023 13:54:03; 795.8517; -0.01341437; 153.9944; After ; 4.85594; null
30; Driver; Interference; None; 11.11.2023 13:54:03; 795.853; -0.01342549; 153.8597; After ; 4.872849; null
30; Driver; Interference; None; 11.11.2023 13:54:03; 795.8543; -0.01338917; 153.7254; After ; 4.890051; null
30; Driver; Interference; None; 11.11.2023 13:54:03; 795.8549; -0.01337922; 153.6584; After ; 4.906825; null
30; Driver; Interference; None; 11.11.2023 13:54:03; 795.8561; -0.0133652; 153.5246; After ; 4.924513; null
30; Driver; Interference; None; 11.11.2023 13:54:03; 795.8568; -0.01336498; 153.4578; After ; 4.959425; null
30; Driver; Interference; None; 11.11.2023 13:54:03; 795.8585; -0.01337239; 153.2578; After ; 4.977136; null
30; Driver; Interference; None; 11.11.2023 13:54:03; 795.8596; -0.01338193; 153.1249; After ; 4.994118; null
30; Driver; Interference; None; 11.11.2023 13:54:03; 795.8602; -0.01338961; 153.0586; After ; 5.012281; null
30; Driver; Interference; None; 11.11.2023 13:54:03; 795.8613; -0.0134001; 152.9261; After ; 5.029078; null
30; Driver; Interference; None; 11.11.2023 13:54:03; 795.8624; -0.01336433; 152.7939; After ; 5.046595; null
30; Driver; Interference; None; 11.11.2023 13:54:03; 795.8629; -0.01335467; 152.728; After ; 5.081099; null
30; Driver; Interference; None; 11.11.2023 13:54:04; 795.8638; -0.01334131; 152.5963; After ; 5.098744; null
30; Driver; Interference; None; 11.11.2023 13:54:04; 795.8648; -0.01329522; 152.4648; After ; 5.098744; null
30; Driver; Interference; None; 11.11.2023 13:54:04; 795.8658; -0.01330415; 152.3337; After ; 5.135644; null
30; Driver; Interference; None; 11.11.2023 13:54:04; 795.8668; -0.01328047; 152.2029; After ; 5.153752; null
30; Driver; Interference; None; 11.11.2023 13:54:04; 795.8676; -0.01329503; 152.0724; After ; 5.170271; null
30; Driver; Interference; None; 11.11.2023 13:54:04; 795.868; -0.01330775; 152.0073; After ; 5.205612; null
30; Driver; Interference; None; 11.11.2023 13:54:04; 795.8689; -0.0133315; 151.878; After ; 5.205612; null
30; Driver; Interference; None; 11.11.2023 13:54:04; 795.8698; -0.01331152; 151.7507; After ; 5.223482; null
