user_id; scenario; distraction; ehmi; timestamp; userPositionX; userPositionY; userPositionZ; playerPositon; time; focused object
5; Pedestrian; Noise; Intention; 23.09.2023 12:06:33; 805.1; 0.04000002; 241; HI; null
5; Pedestrian; Noise; Intention; 23.09.2023 12:06:33; 805.2721; 0.2818002; 241; Sidewalk; 0.02; null
5; Pedestrian; Noise; Intention; 23.09.2023 12:06:34; 805.2721; 0.2818002; 241; Sidewalk; 0.02; null
5; Pedestrian; Noise; Intention; 23.09.2023 12:06:34; 805.2721; 0.2818002; 241; Sidewalk; 0.02; null
5; Pedestrian; Noise; Intention; 23.09.2023 12:06:34; 805.2721; 0.2818002; 241; Sidewalk; 0.02; null
5; Pedestrian; Noise; Intention; 23.09.2023 12:06:34; 805.2721; 0.2818002; 241; Sidewalk; 0.02; null
5; Pedestrian; Noise; Intention; 23.09.2023 12:06:34; 805.2721; 0.2818002; 241; Sidewalk; 0.02; null
5; Pedestrian; Noise; Intention; 23.09.2023 12:06:34; 805.2721; 0.2818002; 241; Sidewalk; 0.02; null
5; Pedestrian; Noise; Intention; 23.09.2023 12:06:34; 805.2721; 0.2818002; 241; Sidewalk; 0.02; null
5; Pedestrian; Noise; Intention; 23.09.2023 12:06:34; 805.2721; 0.2818002; 241; Sidewalk; 0.02; null
5; Pedestrian; Noise; Intention; 23.09.2023 12:06:34; 805.2721; 0.2818002; 241; Sidewalk; 0.02; null
5; Pedestrian; Noise; Intention; 23.09.2023 12:06:34; 805.2721; 0.2818002; 241; Sidewalk; 0.02; null
5; Pedestrian; Noise; Intention; 23.09.2023 12:06:34; 805.2721; 0.2818002; 241; Sidewalk; 0.02; null
5; Pedestrian; Noise; Intention; 23.09.2023 12:06:34; 805.2721; 0.2818002; 241; Sidewalk; 0.02; null
5; Pedestrian; Noise; Intention; 23.09.2023 12:06:34; 805.2721; 0.2818002; 241; Sidewalk; 0.02; null
5; Pedestrian; Noise; Intention; 23.09.2023 12:06:34; 805.2721; 0.2818002; 241; Sidewalk; 0.02; null
5; Pedestrian; Noise; Intention; 23.09.2023 12:06:34; 805.2721; 0.2818002; 241; Sidewalk; 0.02; null
5; Pedestrian; Noise; Intention; 23.09.2023 12:06:34; 805.2721; 0.2818002; 241; Sidewalk; 0.02; null
5; Pedestrian; Noise; Intention; 23.09.2023 12:06:34; 805.1047; 0.2818002; 241.0146; Sidewalk; 0.04; null
5; Pedestrian; Noise; Intention; 23.09.2023 12:06:34; 805.1047; 0.2818002; 241.0146; Sidewalk; 0.04; null
5; Pedestrian; Noise; Intention; 23.09.2023 12:06:34; 805.1047; 0.2818002; 241.0146; Sidewalk; 0.04; null
5; Pedestrian; Noise; Intention; 23.09.2023 12:06:34; 805.1047; 0.2818002; 241.0146; Sidewalk; 0.04; null
5; Pedestrian; Noise; Intention; 23.09.2023 12:06:34; 805.1279; 0.2818001; 241.0238; Sidewalk; 0.3733333; null
5; Pedestrian; Noise; Intention; 23.09.2023 12:06:34; 805.1254; 0.2818001; 241.0223; Sidewalk; 0.4574673; null
5; Pedestrian; Noise; Intention; 23.09.2023 12:06:34; 805.1228; 0.2818001; 241.021; Sidewalk; 0.4961047; null
5; Pedestrian; Noise; Intention; 23.09.2023 12:06:34; 805.1221; 0.2818001; 241.0205; Sidewalk; 0.5049437; null
5; Pedestrian; Noise; Intention; 23.09.2023 12:06:34; 805.1187; 0.2818001; 241.0186; Sidewalk; 0.5341025; null
5; Pedestrian; Noise; Intention; 23.09.2023 12:06:34; 805.1154; 0.2818001; 241.0174; Sidewalk; 0.5530109; null
5; Pedestrian; Noise; Intention; 23.09.2023 12:06:34; 805.1136; 0.2818001; 241.0169; Sidewalk; 0.5637748; null
5; Pedestrian; Noise; Intention; 23.09.2023 12:06:34; 805.1071; 0.2818001; 241.0152; Sidewalk; 0.5978313; null
5; Pedestrian; Noise; Intention; 23.09.2023 12:06:34; 805.1071; 0.2818001; 241.0152; Sidewalk; 0.5978313; null
5; Pedestrian; Noise; Intention; 23.09.2023 12:06:34; 805.1049; 0.2818001; 241.0147; Sidewalk; 0.6086874; null
5; Pedestrian; Noise; Intention; 23.09.2023 12:06:34; 805.0977; 0.2818001; 241.0128; Sidewalk; 0.6538052; null
5; Pedestrian; Noise; Intention; 23.09.2023 12:06:34; 805.0922; 0.2818001; 241.0118; Sidewalk; 0.6710324; null
5; Pedestrian; Noise; Intention; 23.09.2023 12:06:34; 805.0833; 0.2818001; 241.0104; Sidewalk; 0.6976455; null
5; Pedestrian; Noise; Intention; 23.09.2023 12:06:34; 805.0799; 0.2818001; 241.0099; Sidewalk; 0.7087445; null
5; Pedestrian; Noise; Intention; 23.09.2023 12:06:34; 805.0737; 0.2818001; 241.0093; Sidewalk; 0.7306331; null
5; Pedestrian; Noise; Intention; 23.09.2023 12:06:34; 805.0679; 0.2818001; 241.0088; Sidewalk; 0.7526147; null
5; Pedestrian; Noise; Intention; 23.09.2023 12:06:34; 805.0652; 0.2818001; 241.0084; Sidewalk; 0.763281; null
5; Pedestrian; Noise; Intention; 23.09.2023 12:06:34; 805.0594; 0.2818001; 241.0081; Sidewalk; 0.7936746; null
5; Pedestrian; Noise; Intention; 23.09.2023 12:06:34; 805.0572; 0.2818001; 241.008; Sidewalk; 0.8020842; null
5; Pedestrian; Noise; Intention; 23.09.2023 12:06:34; 805.0504; 0.2818001; 241.0079; Sidewalk; 0.8302916; null
5; Pedestrian; Noise; Intention; 23.09.2023 12:06:34; 805.0458; 0.2818001; 241.0081; Sidewalk; 0.8526514; Noise7
5; Pedestrian; Noise; Intention; 23.09.2023 12:06:34; 805.0411; 0.2818001; 241.0087; Sidewalk; 0.8752804; Noise7
5; Pedestrian; Noise; Intention; 23.09.2023 12:06:34; 805.0367; 0.2818001; 241.0093; Sidewalk; 0.8966516; Noise7
5; Pedestrian; Noise; Intention; 23.09.2023 12:06:34; 805.0367; 0.2818001; 241.0093; Sidewalk; 0.8966516; Noise7
5; Pedestrian; Noise; Intention; 23.09.2023 12:06:34; 805.0324; 0.2818001; 241.0101; Sidewalk; 0.9201776; null
5; Pedestrian; Noise; Intention; 23.09.2023 12:06:34; 805.0258; 0.2818001; 241.0112; Sidewalk; 0.9545968; null
5; Pedestrian; Noise; Intention; 23.09.2023 12:06:34; 805.023; 0.2818001; 241.0118; Sidewalk; 0.9744312; null
5; Pedestrian; Noise; Intention; 23.09.2023 12:06:35; 805.0206; 0.2818001; 241.0124; Sidewalk; 0.9965042; null
5; Pedestrian; Noise; Intention; 23.09.2023 12:06:35; 805.0197; 0.2818001; 241.0124; Sidewalk; 1.007457; null
5; Pedestrian; Noise; Intention; 23.09.2023 12:06:35; 805.0173; 0.2818001; 241.0126; Sidewalk; 1.029769; null
5; Pedestrian; Noise; Intention; 23.09.2023 12:06:35; 805.015; 0.2818001; 241.0128; Sidewalk; 1.053118; null
5; Pedestrian; Noise; Intention; 23.09.2023 12:06:35; 805.0145; 0.2818001; 241.0128; Sidewalk; 1.063467; null
5; Pedestrian; Noise; Intention; 23.09.2023 12:06:35; 805.0135; 0.2818001; 241.0128; Sidewalk; 1.093383; null
5; Pedestrian; Noise; Intention; 23.09.2023 12:06:35; 805.0131; 0.2818001; 241.0127; Sidewalk; 1.104257; null
5; Pedestrian; Noise; Intention; 23.09.2023 12:06:35; 805.0111; 0.2818001; 241.0123; Sidewalk; 1.13066; null
5; Pedestrian; Noise; Intention; 23.09.2023 12:06:35; 805.0096; 0.2818001; 241.012; Sidewalk; 1.152802; null
5; Pedestrian; Noise; Intention; 23.09.2023 12:06:35; 805.009; 0.2818001; 241.012; Sidewalk; 1.162811; null
5; Pedestrian; Noise; Intention; 23.09.2023 12:06:35; 805.0068; 0.2818001; 241.0111; Sidewalk; 1.19658; null
5; Pedestrian; Noise; Intention; 23.09.2023 12:06:35; 805.0068; 0.2818001; 241.0111; Sidewalk; 1.19658; null
5; Pedestrian; Noise; Intention; 23.09.2023 12:06:35; 805.0062; 0.2818001; 241.0105; Sidewalk; 1.221798; null
5; Pedestrian; Noise; Intention; 23.09.2023 12:06:35; 805.0059; 0.2818001; 241.0097; Sidewalk; 1.251905; null
5; Pedestrian; Noise; Intention; 23.09.2023 12:06:35; 805.0056; 0.2818001; 241.0087; Sidewalk; 1.264294; null
5; Pedestrian; Noise; Intention; 23.09.2023 12:06:35; 805.0054; 0.2818001; 241.0074; Sidewalk; 1.297383; null
5; Pedestrian; Noise; Intention; 23.09.2023 12:06:35; 805.0055; 0.2818001; 241.0071; Sidewalk; 1.307434; null
5; Pedestrian; Noise; Intention; 23.09.2023 12:06:35; 805.0057; 0.2818001; 241.0063; Sidewalk; 1.330173; null
5; Pedestrian; Noise; Intention; 23.09.2023 12:06:35; 805.0066; 0.2818001; 241.0056; Sidewalk; 1.35247; null
5; Pedestrian; Noise; Intention; 23.09.2023 12:06:35; 805.0074; 0.2818001; 241.005; Sidewalk; 1.374241; null
5; Pedestrian; Noise; Intention; 23.09.2023 12:06:35; 805.0079; 0.2818001; 241.0048; Sidewalk; 1.386174; null
5; Pedestrian; Noise; Intention; 23.09.2023 12:06:35; 805.0082; 0.2818001; 241.0046; Sidewalk; 1.403458; null
5; Pedestrian; Noise; Intention; 23.09.2023 12:06:35; 805.0096; 0.2818001; 241.0041; Sidewalk; 1.431837; null
5; Pedestrian; Noise; Intention; 23.09.2023 12:06:35; 805.0106; 0.2818001; 241.0039; Sidewalk; 1.453169; null
5; Pedestrian; Noise; Intention; 23.09.2023 12:06:35; 805.0118; 0.2818001; 241.0037; Sidewalk; 1.474643; null
5; Pedestrian; Noise; Intention; 23.09.2023 12:06:35; 805.0133; 0.2818001; 241.0036; Sidewalk; 1.496981; null
5; Pedestrian; Noise; Intention; 23.09.2023 12:06:35; 805.014; 0.2818001; 241.0035; Sidewalk; 1.507581; null
5; Pedestrian; Noise; Intention; 23.09.2023 12:06:35; 805.0154; 0.2818001; 241.0034; Sidewalk; 1.529377; null
5; Pedestrian; Noise; Intention; 23.09.2023 12:06:35; 805.0161; 0.2818001; 241.0033; Sidewalk; 1.541714; null
5; Pedestrian; Noise; Intention; 23.09.2023 12:06:35; 805.0176; 0.2818001; 241.0028; Sidewalk; 1.576704; null
5; Pedestrian; Noise; Intention; 23.09.2023 12:06:35; 805.018; 0.2818001; 241.0022; Sidewalk; 1.596331; null
5; Pedestrian; Noise; Intention; 23.09.2023 12:06:35; 805.0179; 0.2818001; 241.0017; Sidewalk; 1.607037; null
5; Pedestrian; Noise; Intention; 23.09.2023 12:06:35; 805.0175; 0.2818001; 241.0003; Sidewalk; 1.629402; null
5; Pedestrian; Noise; Intention; 23.09.2023 12:06:35; 805.0169; 0.2818001; 240.9981; Sidewalk; 1.652166; null
5; Pedestrian; Noise; Intention; 23.09.2023 12:06:35; 805.0161; 0.2818001; 240.9954; Sidewalk; 1.673873; null
5; Pedestrian; Noise; Intention; 23.09.2023 12:06:35; 805.0154; 0.2818001; 240.9938; Sidewalk; 1.685693; null
5; Pedestrian; Noise; Intention; 23.09.2023 12:06:35; 805.0148; 0.2818001; 240.9918; Sidewalk; 1.69602; null
5; Pedestrian; Noise; Intention; 23.09.2023 12:06:35; 805.0142; 0.2818001; 240.9857; Sidewalk; 1.73294; null
5; Pedestrian; Noise; Intention; 23.09.2023 12:06:35; 805.0145; 0.2818001; 240.9818; Sidewalk; 1.751481; null
5; Pedestrian; Noise; Intention; 23.09.2023 12:06:35; 805.0154; 0.2818001; 240.9786; Sidewalk; 1.773888; null
5; Pedestrian; Noise; Intention; 23.09.2023 12:06:35; 805.0161; 0.2818001; 240.9762; Sidewalk; 1.795819; null
5; Pedestrian; Noise; Intention; 23.09.2023 12:06:35; 805.0161; 0.2818001; 240.9762; Sidewalk; 1.795819; null
5; Pedestrian; Noise; Intention; 23.09.2023 12:06:35; 805.0174; 0.2818001; 240.9743; Sidewalk; 1.829775; null
5; Pedestrian; Noise; Intention; 23.09.2023 12:06:35; 805.0177; 0.2818001; 240.9738; Sidewalk; 1.840666; null
5; Pedestrian; Noise; Intention; 23.09.2023 12:06:35; 805.0185; 0.2818001; 240.9736; Sidewalk; 1.869444; null
5; Pedestrian; Noise; Intention; 23.09.2023 12:06:35; 805.0198; 0.2818001; 240.9745; Sidewalk; 1.895932; null
5; Pedestrian; Noise; Intention; 23.09.2023 12:06:35; 805.0206; 0.2818001; 240.975; Sidewalk; 1.90679; null
5; Pedestrian; Noise; Intention; 23.09.2023 12:06:35; 805.0216; 0.2818001; 240.9762; Sidewalk; 1.929318; null
5; Pedestrian; Noise; Intention; 23.09.2023 12:06:35; 805.0225; 0.2818001; 240.9776; Sidewalk; 1.951954; null
5; Pedestrian; Noise; Intention; 23.09.2023 12:06:35; 805.0234; 0.2818001; 240.9789; Sidewalk; 1.974337; null
5; Pedestrian; Noise; Intention; 23.09.2023 12:06:36; 805.0243; 0.2818001; 240.9805; Sidewalk; 1.996301; null
5; Pedestrian; Noise; Intention; 23.09.2023 12:06:36; 805.0243; 0.2818001; 240.9805; Sidewalk; 1.996301; null
5; Pedestrian; Noise; Intention; 23.09.2023 12:06:36; 805.0253; 0.2818001; 240.9825; Sidewalk; 2.026217; null
5; Pedestrian; Noise; Intention; 23.09.2023 12:06:36; 805.0276; 0.2818001; 240.9855; Sidewalk; 2.051949; null
5; Pedestrian; Noise; Intention; 23.09.2023 12:06:36; 805.0293; 0.2818001; 240.9873; Sidewalk; 2.073843; null
5; Pedestrian; Noise; Intention; 23.09.2023 12:06:36; 805.031; 0.2818001; 240.989; Sidewalk; 2.096203; null
5; Pedestrian; Noise; Intention; 23.09.2023 12:06:36; 805.032; 0.2818001; 240.9897; Sidewalk; 2.107137; null
5; Pedestrian; Noise; Intention; 23.09.2023 12:06:36; 805.0335; 0.2818001; 240.9911; Sidewalk; 2.129342; null
5; Pedestrian; Noise; Intention; 23.09.2023 12:06:36; 805.0355; 0.2818001; 240.9924; Sidewalk; 2.151878; null
5; Pedestrian; Noise; Intention; 23.09.2023 12:06:36; 805.0363; 0.2818001; 240.993; Sidewalk; 2.163025; null
5; Pedestrian; Noise; Intention; 23.09.2023 12:06:36; 805.0378; 0.2818001; 240.9941; Sidewalk; 2.189973; null
5; Pedestrian; Noise; Intention; 23.09.2023 12:06:36; 805.0418; 0.2818001; 240.9954; Sidewalk; 2.209951; null
5; Pedestrian; Noise; Intention; 23.09.2023 12:06:36; 805.0433; 0.2818001; 240.9962; Sidewalk; 2.229136; null
5; Pedestrian; Noise; Intention; 23.09.2023 12:06:36; 805.0454; 0.2818001; 240.9969; Sidewalk; 2.25153; null
5; Pedestrian; Noise; Intention; 23.09.2023 12:06:36; 805.046; 0.2818001; 240.9975; Sidewalk; 2.273418; null
5; Pedestrian; Noise; Intention; 23.09.2023 12:06:36; 805.0479; 0.2818001; 240.998; Sidewalk; 2.296274; null
5; Pedestrian; Noise; Intention; 23.09.2023 12:06:36; 805.0489; 0.2818001; 240.9981; Sidewalk; 2.307132; null
5; Pedestrian; Noise; Intention; 23.09.2023 12:06:36; 805.049; 0.2818001; 240.9979; Sidewalk; 2.317978; null
5; Pedestrian; Noise; Intention; 23.09.2023 12:06:36; 805.0533; 0.2818001; 240.9979; Sidewalk; 2.354202; null
5; Pedestrian; Noise; Intention; 23.09.2023 12:06:36; 805.056; 0.2818001; 240.9978; Sidewalk; 2.373214; null
5; Pedestrian; Noise; Intention; 23.09.2023 12:06:36; 805.058; 0.2818001; 240.9976; Sidewalk; 2.395874; null
5; Pedestrian; Noise; Intention; 23.09.2023 12:06:36; 805.059; 0.2818001; 240.9974; Sidewalk; 2.406953; null
5; Pedestrian; Noise; Intention; 23.09.2023 12:06:36; 805.0609; 0.2818001; 240.9972; Sidewalk; 2.429035; null
5; Pedestrian; Noise; Intention; 23.09.2023 12:06:36; 805.0622; 0.2818001; 240.9971; Sidewalk; 2.451339; null
5; Pedestrian; Noise; Intention; 23.09.2023 12:06:36; 805.0653; 0.2818001; 240.9974; Sidewalk; 2.462181; null
5; Pedestrian; Noise; Intention; 23.09.2023 12:06:36; 805.0668; 0.2818001; 240.9974; Sidewalk; 2.485318; null
5; Pedestrian; Noise; Intention; 23.09.2023 12:06:36; 805.067; 0.2818001; 240.9974; Sidewalk; 2.502938; null
5; Pedestrian; Noise; Intention; 23.09.2023 12:06:36; 805.0674; 0.2818001; 240.9978; Sidewalk; 2.529484; null
5; Pedestrian; Noise; Intention; 23.09.2023 12:06:36; 805.0673; 0.2818001; 240.9981; Sidewalk; 2.551604; null
5; Pedestrian; Noise; Intention; 23.09.2023 12:06:36; 805.0676; 0.2818001; 240.9981; Sidewalk; 2.573753; null
5; Pedestrian; Noise; Intention; 23.09.2023 12:06:36; 805.0658; 0.2818001; 240.9975; Sidewalk; 2.595876; null
5; Pedestrian; Noise; Intention; 23.09.2023 12:06:36; 805.0659; 0.2818001; 240.9973; Sidewalk; 2.606629; null
5; Pedestrian; Noise; Intention; 23.09.2023 12:06:36; 805.0683; 0.2818001; 240.997; Sidewalk; 2.62874; null
5; Pedestrian; Noise; Intention; 23.09.2023 12:06:36; 805.0686; 0.2818001; 240.9968; Sidewalk; 2.641024; null
5; Pedestrian; Noise; Intention; 23.09.2023 12:06:36; 805.0695; 0.2818001; 240.9961; Sidewalk; 2.676431; null
5; Pedestrian; Noise; Intention; 23.09.2023 12:06:36; 805.0682; 0.2818001; 240.9956; Sidewalk; 2.695497; null
5; Pedestrian; Noise; Intention; 23.09.2023 12:06:36; 805.0678; 0.2818001; 240.9954; Sidewalk; 2.706689; null
5; Pedestrian; Noise; Intention; 23.09.2023 12:06:36; 805.0672; 0.2818001; 240.995; Sidewalk; 2.729846; null
5; Pedestrian; Noise; Intention; 23.09.2023 12:06:36; 805.0666; 0.2818001; 240.9946; Sidewalk; 2.75118; null
5; Pedestrian; Noise; Intention; 23.09.2023 12:06:36; 805.066; 0.2818001; 240.994; Sidewalk; 2.77381; null
5; Pedestrian; Noise; Intention; 23.09.2023 12:06:36; 805.0656; 0.2818001; 240.9937; Sidewalk; 2.784516; null
5; Pedestrian; Noise; Intention; 23.09.2023 12:06:36; 805.0652; 0.2818001; 240.9934; Sidewalk; 2.795642; null
5; Pedestrian; Noise; Intention; 23.09.2023 12:06:36; 805.0683; 0.2818001; 240.9926; Sidewalk; 2.832875; null
5; Pedestrian; Noise; Intention; 23.09.2023 12:06:36; 805.0677; 0.2818001; 240.9917; Sidewalk; 2.850833; null
5; Pedestrian; Noise; Intention; 23.09.2023 12:06:36; 805.0668; 0.2818001; 240.9908; Sidewalk; 2.873495; null
5; Pedestrian; Noise; Intention; 23.09.2023 12:06:36; 805.066; 0.2818001; 240.9897; Sidewalk; 2.895629; null
5; Pedestrian; Noise; Intention; 23.09.2023 12:06:36; 805.0657; 0.2818001; 240.9892; Sidewalk; 2.90689; null
5; Pedestrian; Noise; Intention; 23.09.2023 12:06:36; 805.0616; 0.2818001; 240.9877; Sidewalk; 2.928855; null
5; Pedestrian; Noise; Intention; 23.09.2023 12:06:36; 805.061; 0.2818001; 240.9871; Sidewalk; 2.940147; Checking Box Human
5; Pedestrian; Noise; Intention; 23.09.2023 12:06:36; 805.0598; 0.2818001; 240.9849; Sidewalk; 2.978661; Checking Box Human
5; Pedestrian; Noise; Intention; 23.09.2023 12:06:36; 805.0596; 0.2818001; 240.9833; Sidewalk; 2.995404; Noise7
5; Pedestrian; Noise; Intention; 23.09.2023 12:06:37; 805.0596; 0.2818001; 240.9826; Sidewalk; 3.006704; Noise7
5; Pedestrian; Noise; Intention; 23.09.2023 12:06:37; 805.0598; 0.2818001; 240.9812; Sidewalk; 3.028778; Checking Box Human
5; Pedestrian; Noise; Intention; 23.09.2023 12:06:37; 805.0609; 0.2818001; 240.98; Sidewalk; 3.051021; Checking Box Human
5; Pedestrian; Noise; Intention; 23.09.2023 12:06:37; 805.061; 0.2818001; 240.9796; Sidewalk; 3.062316; Checking Box Human
5; Pedestrian; Noise; Intention; 23.09.2023 12:06:37; 805.061; 0.2818001; 240.978; Sidewalk; 3.098327; null
5; Pedestrian; Noise; Intention; 23.09.2023 12:06:37; 805.061; 0.2818001; 240.978; Sidewalk; 3.098327; null
5; Pedestrian; Noise; Intention; 23.09.2023 12:06:37; 805.0615; 0.2818001; 240.9771; Sidewalk; 3.125871; null
5; Pedestrian; Noise; Intention; 23.09.2023 12:06:37; 805.0624; 0.2818001; 240.976; Sidewalk; 3.154429; Checking Box AICar
5; Pedestrian; Noise; Intention; 23.09.2023 12:06:37; 805.0629; 0.2818001; 240.9754; Sidewalk; 3.173875; Checking Box AICar
5; Pedestrian; Noise; Intention; 23.09.2023 12:06:37; 805.0633; 0.2818001; 240.9748; Sidewalk; 3.196193; Checking Box AICar
5; Pedestrian; Noise; Intention; 23.09.2023 12:06:37; 805.0638; 0.2818001; 240.9746; Sidewalk; 3.207567; Checking Box AICar
5; Pedestrian; Noise; Intention; 23.09.2023 12:06:37; 805.0645; 0.2818001; 240.9738; Sidewalk; 3.229398; Checking Box AICar
5; Pedestrian; Noise; Intention; 23.09.2023 12:06:37; 805.0657; 0.2818001; 240.9728; Sidewalk; 3.252298; Checking Box AICar
5; Pedestrian; Noise; Intention; 23.09.2023 12:06:37; 805.0662; 0.2818001; 240.9722; Sidewalk; 3.2622; Checking Box AICar
5; Pedestrian; Noise; Intention; 23.09.2023 12:06:37; 805.0677; 0.2818001; 240.9709; Sidewalk; 3.2917; Checking Box AICar
5; Pedestrian; Noise; Intention; 23.09.2023 12:06:37; 805.0684; 0.2818001; 240.9702; Sidewalk; 3.301596; Checking Box AICar
5; Pedestrian; Noise; Intention; 23.09.2023 12:06:37; 805.0714; 0.2818001; 240.9675; Sidewalk; 3.331061; Checking Box AICar
5; Pedestrian; Noise; Intention; 23.09.2023 12:06:37; 805.0746; 0.2818001; 240.9652; Sidewalk; 3.351956; Checking Box AICar
5; Pedestrian; Noise; Intention; 23.09.2023 12:06:37; 805.0782; 0.2818001; 240.9628; Sidewalk; 3.374335; Checking Box AICar
5; Pedestrian; Noise; Intention; 23.09.2023 12:06:37; 805.0822; 0.2818001; 240.9607; Sidewalk; 3.396419; Checking Box AICar
5; Pedestrian; Noise; Intention; 23.09.2023 12:06:37; 805.0841; 0.2818001; 240.9597; Sidewalk; 3.407807; Checking Box AICar
5; Pedestrian; Noise; Intention; 23.09.2023 12:06:37; 805.0859; 0.2818001; 240.9588; Sidewalk; 3.419326; Checking Box AICar
5; Pedestrian; Noise; Intention; 23.09.2023 12:06:37; 805.0896; 0.2818001; 240.9571; Sidewalk; 3.447446; Checking Box AICar
5; Pedestrian; Noise; Intention; 23.09.2023 12:06:37; 805.0941; 0.2818001; 240.9551; Sidewalk; 3.474457; Checking Box AICar
5; Pedestrian; Noise; Intention; 23.09.2023 12:06:37; 805.0969; 0.2818001; 240.9543; Sidewalk; 3.496758; Checking Box AICar
5; Pedestrian; Noise; Intention; 23.09.2023 12:06:37; 805.098; 0.2818001; 240.9539; Sidewalk; 3.507006; Checking Box AICar
5; Pedestrian; Noise; Intention; 23.09.2023 12:06:37; 805.1014; 0.2818001; 240.9536; Sidewalk; 3.529245; null
5; Pedestrian; Noise; Intention; 23.09.2023 12:06:37; 805.103; 0.2818001; 240.953; Sidewalk; 3.55141; null
5; Pedestrian; Noise; Intention; 23.09.2023 12:06:37; 805.1037; 0.2818001; 240.9527; Sidewalk; 3.562229; null
5; Pedestrian; Noise; Intention; 23.09.2023 12:06:37; 805.1049; 0.2818001; 240.9525; Sidewalk; 3.591419; null
5; Pedestrian; Noise; Intention; 23.09.2023 12:06:37; 805.1056; 0.2818001; 240.9524; Sidewalk; 3.601156; null
5; Pedestrian; Noise; Intention; 23.09.2023 12:06:37; 805.107; 0.2818001; 240.9525; Sidewalk; 3.630543; Checking Box AICar
5; Pedestrian; Noise; Intention; 23.09.2023 12:06:37; 805.105; 0.2818001; 240.9523; Sidewalk; 3.651451; Checking Box AICar
5; Pedestrian; Noise; Intention; 23.09.2023 12:06:37; 805.1056; 0.2818001; 240.952; Sidewalk; 3.673942; Checking Box AICar
5; Pedestrian; Noise; Intention; 23.09.2023 12:06:37; 805.1057; 0.2818001; 240.9519; Sidewalk; 3.684261; Checking Box AICar
5; Pedestrian; Noise; Intention; 23.09.2023 12:06:37; 805.1061; 0.2818001; 240.9516; Sidewalk; 3.707896; Checking Box AICar
5; Pedestrian; Noise; Intention; 23.09.2023 12:06:37; 805.1063; 0.2818001; 240.9514; Sidewalk; 3.717998; Checking Box AICar
5; Pedestrian; Noise; Intention; 23.09.2023 12:06:37; 805.1057; 0.2818001; 240.9507; Sidewalk; 3.747809; Checking Box AICar
5; Pedestrian; Noise; Intention; 23.09.2023 12:06:37; 805.1058; 0.2818001; 240.9498; Sidewalk; 3.776633; Checking Box AICar
5; Pedestrian; Noise; Intention; 23.09.2023 12:06:37; 805.1059; 0.2818001; 240.9495; Sidewalk; 3.796292; Checking Box AICar
5; Pedestrian; Noise; Intention; 23.09.2023 12:06:37; 805.1059; 0.2818001; 240.9493; Sidewalk; 3.807662; Checking Box AICar
5; Pedestrian; Noise; Intention; 23.09.2023 12:06:37; 805.1055; 0.2818001; 240.9488; Sidewalk; 3.830337; Checking Box AICar
5; Pedestrian; Noise; Intention; 23.09.2023 12:06:37; 805.1047; 0.2818001; 240.9483; Sidewalk; 3.852057; Checking Box AICar
5; Pedestrian; Noise; Intention; 23.09.2023 12:06:37; 805.1036; 0.2818001; 240.948; Sidewalk; 3.874826; Checking Box AICar
5; Pedestrian; Noise; Intention; 23.09.2023 12:06:37; 805.103; 0.2818001; 240.9478; Sidewalk; 3.88507; Checking Box AICar
5; Pedestrian; Noise; Intention; 23.09.2023 12:06:37; 805.1022; 0.2818001; 240.9476; Sidewalk; 3.906601; Checking Box AICar
5; Pedestrian; Noise; Intention; 23.09.2023 12:06:37; 805.101; 0.2818001; 240.9468; Sidewalk; 3.928498; Checking Box AICar
5; Pedestrian; Noise; Intention; 23.09.2023 12:06:37; 805.1002; 0.2818001; 240.9461; Sidewalk; 3.947; Checking Box AICar
5; Pedestrian; Noise; Intention; 23.09.2023 12:06:37; 805.1; 0.2818001; 240.9455; Sidewalk; 3.975398; Checking Box AICar
5; Pedestrian; Noise; Intention; 23.09.2023 12:06:38; 805.0999; 0.2818001; 240.9453; Sidewalk; 3.996711; Checking Box AICar
5; Pedestrian; Noise; Intention; 23.09.2023 12:06:38; 805.0997; 0.2818001; 240.9451; Sidewalk; 4.007448; Checking Box AICar
5; Pedestrian; Noise; Intention; 23.09.2023 12:06:38; 805.0991; 0.2818001; 240.9449; Sidewalk; 4.029283; Checking Box AICar
5; Pedestrian; Noise; Intention; 23.09.2023 12:06:38; 805.0991; 0.2818001; 240.9449; Sidewalk; 4.029283; Checking Box AICar
5; Pedestrian; Noise; Intention; 23.09.2023 12:06:38; 805.0991; 0.2818001; 240.9449; Sidewalk; 4.029283; Checking Box AICar
5; Pedestrian; Noise; Intention; 23.09.2023 12:06:38; 805.0977; 0.2818001; 240.9438; Sidewalk; 4.040825; Checking Box AICar
5; Pedestrian; Noise; Intention; 23.09.2023 12:06:38; 805.0977; 0.2818001; 240.9438; Sidewalk; 4.040825; Checking Box AICar
5; Pedestrian; Noise; Intention; 23.09.2023 12:06:38; 805.0974; 0.2818001; 240.9432; Sidewalk; 4.130336; Checking Box AICar
5; Pedestrian; Noise; Intention; 23.09.2023 12:06:38; 805.097; 0.2818001; 240.9428; Sidewalk; 4.151497; Checking Box AICar
5; Pedestrian; Noise; Intention; 23.09.2023 12:06:38; 805.0963; 0.2818001; 240.9423; Sidewalk; 4.173827; Checking Box AICar
5; Pedestrian; Noise; Intention; 23.09.2023 12:06:38; 805.096; 0.2818001; 240.9422; Sidewalk; 4.185257; Checking Box AICar
5; Pedestrian; Noise; Intention; 23.09.2023 12:06:38; 805.0957; 0.2818001; 240.9419; Sidewalk; 4.196194; Checking Box AICar
5; Pedestrian; Noise; Intention; 23.09.2023 12:06:38; 805.0954; 0.2818001; 240.9418; Sidewalk; 4.219142; Checking Box AICar
5; Pedestrian; Noise; Intention; 23.09.2023 12:06:38; 805.0941; 0.2818001; 240.9414; Sidewalk; 4.251388; Checking Box AICar
5; Pedestrian; Noise; Intention; 23.09.2023 12:06:38; 805.094; 0.2818001; 240.9413; Sidewalk; 4.261886; Checking Box AICar
5; Pedestrian; Noise; Intention; 23.09.2023 12:06:38; 805.093; 0.2818001; 240.9408; Sidewalk; 4.29729; Checking Box AICar
5; Pedestrian; Noise; Intention; 23.09.2023 12:06:38; 805.0925; 0.2818001; 240.9407; Sidewalk; 4.307534; Checking Box AICar
5; Pedestrian; Noise; Intention; 23.09.2023 12:06:38; 805.0921; 0.2818001; 240.9405; Sidewalk; 4.32885; Checking Box AICar
5; Pedestrian; Noise; Intention; 23.09.2023 12:06:38; 805.0918; 0.2818001; 240.9403; Sidewalk; 4.341091; Checking Box AICar
5; Pedestrian; Noise; Intention; 23.09.2023 12:06:38; 805.0916; 0.2818001; 240.9399; Sidewalk; 4.368962; Checking Box AICar
5; Pedestrian; Noise; Intention; 23.09.2023 12:06:38; 805.0908; 0.2818001; 240.939; Sidewalk; 4.399728; Checking Box AICar
5; Pedestrian; Noise; Intention; 23.09.2023 12:06:38; 805.0907; 0.2818001; 240.9386; Sidewalk; 4.408565; Checking Box AICar
5; Pedestrian; Noise; Intention; 23.09.2023 12:06:38; 805.0908; 0.2818001; 240.9381; Sidewalk; 4.429813; Checking Box AICar
5; Pedestrian; Noise; Intention; 23.09.2023 12:06:38; 805.0916; 0.2818001; 240.9378; Sidewalk; 4.451326; Checking Box AICar
5; Pedestrian; Noise; Intention; 23.09.2023 12:06:38; 805.092; 0.2818001; 240.9374; Sidewalk; 4.473732; Checking Box AICar
5; Pedestrian; Noise; Intention; 23.09.2023 12:06:38; 805.0924; 0.2818001; 240.9371; Sidewalk; 4.495796; Checking Box AICar
5; Pedestrian; Noise; Intention; 23.09.2023 12:06:38; 805.0924; 0.2818001; 240.9371; Sidewalk; 4.495796; Checking Box AICar
5; Pedestrian; Noise; Intention; 23.09.2023 12:06:38; 805.0928; 0.2818001; 240.9367; Sidewalk; 4.524764; Checking Box AICar
5; Pedestrian; Noise; Intention; 23.09.2023 12:06:38; 805.0933; 0.2818001; 240.9362; Sidewalk; 4.54714; Checking Box AICar
5; Pedestrian; Noise; Intention; 23.09.2023 12:06:38; 805.0944; 0.2818001; 240.9355; Sidewalk; 4.576986; Checking Box AICar
5; Pedestrian; Noise; Intention; 23.09.2023 12:06:38; 805.095; 0.2818001; 240.9352; Sidewalk; 4.595538; Checking Box AICar
5; Pedestrian; Noise; Intention; 23.09.2023 12:06:38; 805.0954; 0.2818001; 240.935; Sidewalk; 4.606873; Checking Box AICar
5; Pedestrian; Noise; Intention; 23.09.2023 12:06:38; 805.0959; 0.2818001; 240.9348; Sidewalk; 4.61947; Checking Box AICar
5; Pedestrian; Noise; Intention; 23.09.2023 12:06:38; 805.0972; 0.2818001; 240.9341; Sidewalk; 4.651297; Checking Box AICar
5; Pedestrian; Noise; Intention; 23.09.2023 12:06:38; 805.0979; 0.2818001; 240.9339; Sidewalk; 4.662313; Checking Box AICar
5; Pedestrian; Noise; Intention; 23.09.2023 12:06:38; 805.0995; 0.2818001; 240.9333; Sidewalk; 4.699826; Checking Box AICar
5; Pedestrian; Noise; Intention; 23.09.2023 12:06:38; 805.1001; 0.2818001; 240.9332; Sidewalk; 4.708579; Checking Box AICar
5; Pedestrian; Noise; Intention; 23.09.2023 12:06:38; 805.1015; 0.2818001; 240.9328; Sidewalk; 4.729166; Checking Box AICar
5; Pedestrian; Noise; Intention; 23.09.2023 12:06:38; 805.1026; 0.2818001; 240.9325; Sidewalk; 4.751477; Checking Box AICar
5; Pedestrian; Noise; Intention; 23.09.2023 12:06:38; 805.1036; 0.2818001; 240.932; Sidewalk; 4.774144; Checking Box AICar
5; Pedestrian; Noise; Intention; 23.09.2023 12:06:38; 805.1046; 0.2818001; 240.9316; Sidewalk; 4.796061; Checking Box AICar
5; Pedestrian; Noise; Intention; 23.09.2023 12:06:38; 805.1051; 0.2818001; 240.9313; Sidewalk; 4.807294; Checking Box AICar
5; Pedestrian; Noise; Intention; 23.09.2023 12:06:38; 805.1055; 0.2818001; 240.931; Sidewalk; 4.817987; Checking Box AICar
5; Pedestrian; Noise; Intention; 23.09.2023 12:06:38; 805.1063; 0.2818001; 240.9305; Sidewalk; 4.84674; Checking Box AICar
5; Pedestrian; Noise; Intention; 23.09.2023 12:06:38; 805.107; 0.2818001; 240.9296; Sidewalk; 4.876496; Checking Box AICar
5; Pedestrian; Noise; Intention; 23.09.2023 12:06:38; 805.1077; 0.2818001; 240.9288; Sidewalk; 4.895668; Checking Box AICar
5; Pedestrian; Noise; Intention; 23.09.2023 12:06:38; 805.1077; 0.2818001; 240.9288; Sidewalk; 4.895668; Checking Box AICar
5; Pedestrian; Noise; Intention; 23.09.2023 12:06:38; 805.1078; 0.2818001; 240.9281; Sidewalk; 4.923484; Checking Box AICar
5; Pedestrian; Noise; Intention; 23.09.2023 12:06:38; 805.1085; 0.2818001; 240.9272; Sidewalk; 4.94869; Checking Box AICar
5; Pedestrian; Noise; Intention; 23.09.2023 12:06:38; 805.1086; 0.2818001; 240.9262; Sidewalk; 4.966679; Checking Box AICar
5; Pedestrian; Noise; Intention; 23.09.2023 12:06:38; 805.109; 0.2818001; 240.9251; Sidewalk; 4.992311; Checking Box AICar
5; Pedestrian; Noise; Intention; 23.09.2023 12:06:39; 805.1093; 0.2818001; 240.9245; Sidewalk; 5.002228; Checking Box AICar
5; Pedestrian; Noise; Intention; 23.09.2023 12:06:39; 805.1099; 0.2818001; 240.9225; Sidewalk; 5.03285; null
5; Pedestrian; Noise; Intention; 23.09.2023 12:06:39; 805.1105; 0.2818001; 240.9211; Sidewalk; 5.051125; Checking Box Human Car
5; Pedestrian; Noise; Intention; 23.09.2023 12:06:39; 805.1107; 0.2818001; 240.9196; Sidewalk; 5.074655; Checking Box Human Car
5; Pedestrian; Noise; Intention; 23.09.2023 12:06:39; 805.111; 0.2818001; 240.918; Sidewalk; 5.095906; Checking Box Human Car
5; Pedestrian; Noise; Intention; 23.09.2023 12:06:39; 805.111; 0.2818001; 240.9172; Sidewalk; 5.106781; Checking Box Human Car
5; Pedestrian; Noise; Intention; 23.09.2023 12:06:39; 805.1109; 0.2818001; 240.9164; Sidewalk; 5.117815; Checking Box Human Car
5; Pedestrian; Noise; Intention; 23.09.2023 12:06:39; 805.1102; 0.2818001; 240.9147; Sidewalk; 5.148354; Checking Box Human Car
5; Pedestrian; Noise; Intention; 23.09.2023 12:06:39; 805.1096; 0.2818001; 240.9129; Sidewalk; 5.168283; Checking Box Human Car
5; Pedestrian; Noise; Intention; 23.09.2023 12:06:39; 805.1082; 0.2818001; 240.9103; Sidewalk; 5.196204; Checking Box Human Car
5; Pedestrian; Noise; Intention; 23.09.2023 12:06:39; 805.1076; 0.2818001; 240.9094; Sidewalk; 5.206398; Checking Box Human Car
5; Pedestrian; Noise; Intention; 23.09.2023 12:06:39; 805.1061; 0.2818001; 240.9077; Sidewalk; 5.229292; Checking Box Human Car
5; Pedestrian; Noise; Intention; 23.09.2023 12:06:39; 805.1023; 0.2818001; 240.9059; Sidewalk; 5.251076; Checking Box Human Car
5; Pedestrian; Noise; Intention; 23.09.2023 12:06:39; 805.0984; 0.2818001; 240.9051; Sidewalk; 5.261621; Checking Box Human Car
5; Pedestrian; Noise; Intention; 23.09.2023 12:06:39; 805.0923; 0.2818001; 240.9036; Sidewalk; 5.285983; Checking Box Human Car
5; Pedestrian; Noise; Intention; 23.09.2023 12:06:39; 805.088; 0.2818001; 240.903; Sidewalk; 5.305229; Checking Box Human Car
5; Pedestrian; Noise; Intention; 23.09.2023 12:06:39; 805.0772; 0.2818001; 240.9026; Sidewalk; 5.324517; Checking Box Human Car
5; Pedestrian; Noise; Intention; 23.09.2023 12:06:39; 805.0577; 0.2818001; 240.9031; Sidewalk; 5.351522; null
5; Pedestrian; Noise; Intention; 23.09.2023 12:06:39; 805.0427; 0.2818001; 240.9041; Sidewalk; 5.373531; Checking Box AICar
5; Pedestrian; Noise; Intention; 23.09.2023 12:06:39; 805.0272; 0.2818001; 240.9058; Sidewalk; 5.397626; Checking Box AICar
5; Pedestrian; Noise; Intention; 23.09.2023 12:06:39; 805.0192; 0.2818001; 240.9069; Sidewalk; 5.406477; Checking Box AICar
5; Pedestrian; Noise; Intention; 23.09.2023 12:06:39; 805.0032; 0.2818001; 240.9096; Sidewalk; 5.428448; Checking Box AICar
5; Pedestrian; Noise; Intention; 23.09.2023 12:06:39; 804.9952; 0.2818001; 240.9111; Sidewalk; 5.439878; Checking Box AICar
5; Pedestrian; Noise; Intention; 23.09.2023 12:06:39; 804.9728; 0.2818001; 240.9172; Sidewalk; 5.47699; Checking Box AICar
5; Pedestrian; Noise; Intention; 23.09.2023 12:06:39; 804.959; 0.2818001; 240.9216; Sidewalk; 5.494938; Checking Box AICar
5; Pedestrian; Noise; Intention; 23.09.2023 12:06:39; 804.9525; 0.2818001; 240.924; Sidewalk; 5.507104; Checking Box AICar
5; Pedestrian; Noise; Intention; 23.09.2023 12:06:39; 804.9402; 0.2818001; 240.9289; Sidewalk; 5.528389; Checking Box AICar
5; Pedestrian; Noise; Intention; 23.09.2023 12:06:39; 804.9286; 0.2818001; 240.9337; Sidewalk; 5.550394; Checking Box AICar
5; Pedestrian; Noise; Intention; 23.09.2023 12:06:39; 804.918; 0.2818001; 240.9384; Sidewalk; 5.572392; Checking Box AICar
5; Pedestrian; Noise; Intention; 23.09.2023 12:06:39; 804.9109; 0.2818001; 240.9408; Sidewalk; 5.583681; Checking Box AICar
5; Pedestrian; Noise; Intention; 23.09.2023 12:06:39; 804.9067; 0.2818001; 240.943; Sidewalk; 5.595598; Checking Box AICar
5; Pedestrian; Noise; Intention; 23.09.2023 12:06:39; 804.8974; 0.2818001; 240.9476; Sidewalk; 5.624998; Checking Box AICar
5; Pedestrian; Noise; Intention; 23.09.2023 12:06:39; 804.8842; 0.2818001; 240.9546; Sidewalk; 5.652147; Checking Box AICar
5; Pedestrian; Noise; Intention; 23.09.2023 12:06:39; 804.8735; 0.2818001; 240.9581; Sidewalk; 5.67294; Checking Box AICar
5; Pedestrian; Noise; Intention; 23.09.2023 12:06:39; 804.865; 0.2818001; 240.9626; Sidewalk; 5.694891; Checking Box AICar
5; Pedestrian; Noise; Intention; 23.09.2023 12:06:39; 804.8618; 0.2818001; 240.9651; Sidewalk; 5.706671; Checking Box AICar
5; Pedestrian; Noise; Intention; 23.09.2023 12:06:39; 804.8553; 0.2818001; 240.9701; Sidewalk; 5.728405; Checking Box AICar
5; Pedestrian; Noise; Intention; 23.09.2023 12:06:39; 804.8524; 0.2818001; 240.9727; Sidewalk; 5.739493; Checking Box AICar
5; Pedestrian; Noise; Intention; 23.09.2023 12:06:39; 804.8458; 0.2818001; 240.9777; Sidewalk; 5.76843; Checking Box AICar
5; Pedestrian; Noise; Intention; 23.09.2023 12:06:39; 804.8378; 0.2818001; 240.9851; Sidewalk; 5.796681; Checking Box AICar
5; Pedestrian; Noise; Intention; 23.09.2023 12:06:39; 804.8348; 0.2818001; 240.9872; Sidewalk; 5.805015; Checking Box AICar
5; Pedestrian; Noise; Intention; 23.09.2023 12:06:39; 804.8292; 0.2818001; 240.9912; Sidewalk; 5.827606; Checking Box AICar
5; Pedestrian; Noise; Intention; 23.09.2023 12:06:39; 804.8243; 0.2818001; 240.9946; Sidewalk; 5.850081; Checking Box AICar
5; Pedestrian; Noise; Intention; 23.09.2023 12:06:39; 804.8221; 0.2818001; 240.9958; Sidewalk; 5.860821; Checking Box AICar
5; Pedestrian; Noise; Intention; 23.09.2023 12:06:39; 804.8137; 0.2818001; 241.0003; Sidewalk; 5.89498; Checking Box AICar
5; Pedestrian; Noise; Intention; 23.09.2023 12:06:39; 804.8137; 0.2818001; 241.0003; Sidewalk; 5.89498; Checking Box AICar
5; Pedestrian; Noise; Intention; 23.09.2023 12:06:39; 804.8071; 0.2818001; 241.0021; Sidewalk; 5.927541; null
5; Pedestrian; Noise; Intention; 23.09.2023 12:06:39; 804.7969; 0.2818001; 241.004; Sidewalk; 5.950381; null
5; Pedestrian; Noise; Intention; 23.09.2023 12:06:39; 804.7903; 0.2818001; 241.0047; Sidewalk; 5.972072; null
5; Pedestrian; Noise; Intention; 23.09.2023 12:06:39; 804.7843; 0.2818001; 241.0051; Sidewalk; 5.994394; null
5; Pedestrian; Noise; Intention; 23.09.2023 12:06:40; 804.7812; 0.2818001; 241.0052; Sidewalk; 6.00501; null
5; Pedestrian; Noise; Intention; 23.09.2023 12:06:40; 804.7751; 0.2818001; 241.005; Sidewalk; 6.027131; null
5; Pedestrian; Noise; Intention; 23.09.2023 12:06:40; 804.7694; 0.2818001; 241.0045; Sidewalk; 6.0494; null
5; Pedestrian; Noise; Intention; 23.09.2023 12:06:40; 804.7663; 0.2818001; 241.0043; Sidewalk; 6.061393; null
5; Pedestrian; Noise; Intention; 23.09.2023 12:06:40; 804.7573; 0.2818001; 241.0028; Sidewalk; 6.095598; null
5; Pedestrian; Noise; Intention; 23.09.2023 12:06:40; 804.7545; 0.2818001; 241.0022; Sidewalk; 6.105024; null
5; Pedestrian; Noise; Intention; 23.09.2023 12:06:40; 804.7496; 0.2818001; 241.0007; Sidewalk; 6.105024; null
5; Pedestrian; Noise; Intention; 23.09.2023 12:06:40; 804.7452; 0.2818001; 240.999; Road; 0; null
5; Pedestrian; Noise; Intention; 23.09.2023 12:06:40; 804.7408; 0.2818001; 240.997; Road; 0.0227595; null
5; Pedestrian; Noise; Intention; 23.09.2023 12:06:40; 804.7363; 0.2818001; 240.9947; Road; 0.0446066; null
5; Pedestrian; Noise; Intention; 23.09.2023 12:06:40; 804.7342; 0.2818001; 240.9934; Road; 0.0558781; null
5; Pedestrian; Noise; Intention; 23.09.2023 12:06:40; 804.7324; 0.2818001; 240.9921; Road; 0.0670415; null
5; Pedestrian; Noise; Intention; 23.09.2023 12:06:40; 804.7265; 0.2818001; 240.9878; Road; 0.104044; null
5; Pedestrian; Noise; Intention; 23.09.2023 12:06:40; 804.7234; 0.2818001; 240.9844; Road; 0.1225375; null
5; Pedestrian; Noise; Intention; 23.09.2023 12:06:40; 804.721; 0.2818001; 240.9805; Road; 0.1447862; null
5; Pedestrian; Noise; Intention; 23.09.2023 12:06:40; 804.7199; 0.2818001; 240.9786; Road; 0.1561827; null
5; Pedestrian; Noise; Intention; 23.09.2023 12:06:40; 804.7184; 0.2818001; 240.9747; Road; 0.17758; null
5; Pedestrian; Noise; Intention; 23.09.2023 12:06:40; 804.7176; 0.2818001; 240.9706; Road; 0.1995902; null
5; Pedestrian; Noise; Intention; 23.09.2023 12:06:40; 804.7181; 0.2818001; 240.9686; Road; 0.2110896; null
5; Pedestrian; Noise; Intention; 23.09.2023 12:06:40; 804.7191; 0.2818001; 240.9632; Road; 0.2500369; null
5; Pedestrian; Noise; Intention; 23.09.2023 12:06:40; 804.7189; 0.2818001; 240.9614; Road; 0.2581702; null
5; Pedestrian; Noise; Intention; 23.09.2023 12:06:40; 804.7188; 0.2818001; 240.9582; Road; 0.2774942; null
5; Pedestrian; Noise; Intention; 23.09.2023 12:06:40; 804.7195; 0.2818001; 240.9551; Road; 0.299477; null
5; Pedestrian; Noise; Intention; 23.09.2023 12:06:40; 804.7194; 0.2818001; 240.9535; Road; 0.3109964; null
5; Pedestrian; Noise; Intention; 23.09.2023 12:06:40; 804.7184; 0.2818001; 240.9491; Road; 0.3448444; null
5; Pedestrian; Noise; Intention; 23.09.2023 12:06:40; 804.7183; 0.2818001; 240.9477; Road; 0.3576729; null
5; Pedestrian; Noise; Intention; 23.09.2023 12:06:40; 804.7182; 0.2818001; 240.9462; Road; 0.366955; null
5; Pedestrian; Noise; Intention; 23.09.2023 12:06:40; 804.7181; 0.2818001; 240.9433; Road; 0.3963758; null
5; Pedestrian; Noise; Intention; 23.09.2023 12:06:40; 804.7188; 0.2818001; 240.9395; Road; 0.4248797; null
5; Pedestrian; Noise; Intention; 23.09.2023 12:06:40; 804.7204; 0.2818001; 240.9373; Road; 0.4450638; null
5; Pedestrian; Noise; Intention; 23.09.2023 12:06:40; 804.7213; 0.2818001; 240.9361; Road; 0.4557284; null
5; Pedestrian; Noise; Intention; 23.09.2023 12:06:40; 804.7228; 0.2818001; 240.9338; Road; 0.4779247; null
5; Pedestrian; Noise; Intention; 23.09.2023 12:06:40; 804.7247; 0.2818001; 240.9311; Road; 0.5004208; null
5; Pedestrian; Noise; Intention; 23.09.2023 12:06:40; 804.7277; 0.2818001; 240.9284; Road; 0.5229474; null
5; Pedestrian; Noise; Intention; 23.09.2023 12:06:40; 804.7295; 0.2818001; 240.9272; Road; 0.5334543; Checking Box Human Car
5; Pedestrian; Noise; Intention; 23.09.2023 12:06:40; 804.7344; 0.2818001; 240.925; Road; 0.5618807; Checking Box Human Car
5; Pedestrian; Noise; Intention; 23.09.2023 12:06:40; 804.7403; 0.2818001; 240.9232; Road; 0.5778076; Checking Box Human Car
5; Pedestrian; Noise; Intention; 23.09.2023 12:06:40; 804.7476; 0.2818001; 240.9224; Road; 0.6002601; Checking Box Human Car
5; Pedestrian; Noise; Intention; 23.09.2023 12:06:40; 804.7548; 0.2818001; 240.9225; Road; 0.6002601; Checking Box Human Car
5; Pedestrian; Noise; Intention; 23.09.2023 12:06:40; 804.7608; 0.2818001; 240.9236; Sidewalk; 6.160528; Checking Box Human Car
5; Pedestrian; Noise; Intention; 23.09.2023 12:06:40; 804.7633; 0.2818001; 240.9245; Sidewalk; 6.171315; Checking Box Human Car
5; Pedestrian; Noise; Intention; 23.09.2023 12:06:40; 804.7682; 0.2818001; 240.9265; Sidewalk; 6.193932; Checking Box Human Car
5; Pedestrian; Noise; Intention; 23.09.2023 12:06:40; 804.7704; 0.2818001; 240.928; Sidewalk; 6.205543; Checking Box Human Car
5; Pedestrian; Noise; Intention; 23.09.2023 12:06:40; 804.7736; 0.2818001; 240.9309; Sidewalk; 6.239243; Checking Box Human Car
5; Pedestrian; Noise; Intention; 23.09.2023 12:06:40; 804.7747; 0.2818001; 240.9339; Sidewalk; 6.258759; Checking Box Human Car
5; Pedestrian; Noise; Intention; 23.09.2023 12:06:40; 804.775; 0.2818001; 240.9353; Sidewalk; 6.267817; Checking Box Human Car
5; Pedestrian; Noise; Intention; 23.09.2023 12:06:40; 804.774; 0.2818001; 240.9398; Sidewalk; 6.29609; Checking Box Human Car
5; Pedestrian; Noise; Intention; 23.09.2023 12:06:40; 804.7727; 0.2818001; 240.9427; Sidewalk; 6.315949; Checking Box Human Car
5; Pedestrian; Noise; Intention; 23.09.2023 12:06:40; 804.7761; 0.2818001; 240.9462; Sidewalk; 6.338246; Checking Box Human Car
5; Pedestrian; Noise; Intention; 23.09.2023 12:06:41; 804.7756; 0.2818001; 240.9476; Sidewalk; 6.348864; Checking Box Human Car
5; Pedestrian; Noise; Intention; 23.09.2023 12:06:41; 804.775; 0.2818001; 240.9489; Sidewalk; 6.360978; Checking Box Human Car
5; Pedestrian; Noise; Intention; 23.09.2023 12:06:41; 804.7734; 0.2818001; 240.9515; Sidewalk; 6.394844; null
5; Pedestrian; Noise; Intention; 23.09.2023 12:06:41; 804.7718; 0.2818001; 240.9539; Sidewalk; 6.412699; null
5; Pedestrian; Noise; Intention; 23.09.2023 12:06:41; 804.7676; 0.2818001; 240.9572; Sidewalk; 6.441678; null
5; Pedestrian; Noise; Intention; 23.09.2023 12:06:41; 804.7643; 0.2818001; 240.9592; Sidewalk; 6.460672; null
5; Pedestrian; Noise; Intention; 23.09.2023 12:06:41; 804.7626; 0.2818001; 240.9602; Sidewalk; 6.471324; Checking Box AICar
5; Pedestrian; Noise; Intention; 23.09.2023 12:06:41; 804.7585; 0.2818001; 240.962; Sidewalk; 6.49331; Checking Box AICar
5; Pedestrian; Noise; Intention; 23.09.2023 12:06:41; 804.7562; 0.2818001; 240.963; Sidewalk; 6.504721; Checking Box AICar
5; Pedestrian; Noise; Intention; 23.09.2023 12:06:41; 804.7538; 0.2818001; 240.9637; Sidewalk; 6.516284; Checking Box AICar
5; Pedestrian; Noise; Intention; 23.09.2023 12:06:41; 804.7465; 0.2818001; 240.9655; Sidewalk; 6.516284; Checking Box Human Car
5; Pedestrian; Noise; Intention; 23.09.2023 12:06:41; 804.7415; 0.2818001; 240.9665; Road; 0.6435974; Checking Box Human Car
5; Pedestrian; Noise; Intention; 23.09.2023 12:06:41; 804.7371; 0.2818001; 240.9674; Road; 0.6621163; Checking Box AICar
5; Pedestrian; Noise; Intention; 23.09.2023 12:06:41; 804.7324; 0.2818001; 240.9678; Road; 0.6839476; Checking Box AICar
5; Pedestrian; Noise; Intention; 23.09.2023 12:06:41; 804.7275; 0.2818001; 240.9677; Road; 0.7070675; Checking Box AICar
5; Pedestrian; Noise; Intention; 23.09.2023 12:06:41; 804.7233; 0.2818001; 240.9677; Road; 0.7298846; Checking Box AICar
5; Pedestrian; Noise; Intention; 23.09.2023 12:06:41; 804.7233; 0.2818001; 240.9677; Road; 0.7298846; Checking Box AICar
5; Pedestrian; Noise; Intention; 23.09.2023 12:06:41; 804.7192; 0.2818001; 240.9675; Road; 0.7616526; Checking Box AICar
5; Pedestrian; Noise; Intention; 23.09.2023 12:06:41; 804.7142; 0.2818001; 240.967; Road; 0.7838439; Checking Box AICar
5; Pedestrian; Noise; Intention; 23.09.2023 12:06:41; 804.7081; 0.2818001; 240.9659; Road; 0.8100317; Checking Box AICar
5; Pedestrian; Noise; Intention; 23.09.2023 12:06:41; 804.7068; 0.2818001; 240.9654; Road; 0.8174382; Checking Box AICar
5; Pedestrian; Noise; Intention; 23.09.2023 12:06:41; 804.7029; 0.2818001; 240.9645; Road; 0.8410791; Checking Box AICar
5; Pedestrian; Noise; Intention; 23.09.2023 12:06:41; 804.6998; 0.2818001; 240.9634; Road; 0.8625975; Checking Box AICar
5; Pedestrian; Noise; Intention; 23.09.2023 12:06:41; 804.6973; 0.2818001; 240.9621; Road; 0.884375; Checking Box AICar
5; Pedestrian; Noise; Intention; 23.09.2023 12:06:41; 804.6959; 0.2818001; 240.9615; Road; 0.8960015; Checking Box AICar
5; Pedestrian; Noise; Intention; 23.09.2023 12:06:41; 804.6931; 0.2818001; 240.9594; Road; 0.9342148; Checking Box AICar
5; Pedestrian; Noise; Intention; 23.09.2023 12:06:41; 804.6926; 0.2818001; 240.9588; Road; 0.9424862; Checking Box AICar
5; Pedestrian; Noise; Intention; 23.09.2023 12:06:41; 804.6912; 0.2818001; 240.9573; Road; 0.9623108; Checking Box AICar
5; Pedestrian; Noise; Intention; 23.09.2023 12:06:41; 804.6899; 0.2818001; 240.9557; Road; 0.9851433; Checking Box AICar
5; Pedestrian; Noise; Intention; 23.09.2023 12:06:41; 804.6891; 0.2818001; 240.9539; Road; 1.006898; Checking Box AICar
5; Pedestrian; Noise; Intention; 23.09.2023 12:06:41; 804.6882; 0.2818001; 240.952; Road; 1.029317; Checking Box AICar
5; Pedestrian; Noise; Intention; 23.09.2023 12:06:41; 804.6881; 0.2818001; 240.951; Road; 1.040484; Checking Box AICar
5; Pedestrian; Noise; Intention; 23.09.2023 12:06:41; 804.688; 0.2818001; 240.9501; Road; 1.051603; Checking Box AICar
5; Pedestrian; Noise; Intention; 23.09.2023 12:06:41; 804.688; 0.2818001; 240.9484; Road; 1.08064; Checking Box AICar
5; Pedestrian; Noise; Intention; 23.09.2023 12:06:41; 804.688; 0.2818001; 240.9459; Road; 1.108604; Checking Box AICar
5; Pedestrian; Noise; Intention; 23.09.2023 12:06:41; 804.688; 0.2818001; 240.9444; Road; 1.128979; Checking Box AICar
5; Pedestrian; Noise; Intention; 23.09.2023 12:06:41; 804.688; 0.2818001; 240.9436; Road; 1.140357; Checking Box AICar
5; Pedestrian; Noise; Intention; 23.09.2023 12:06:41; 804.6879; 0.2818001; 240.9422; Road; 1.163215; Checking Box AICar
5; Pedestrian; Noise; Intention; 23.09.2023 12:06:41; 804.6874; 0.2818001; 240.9408; Road; 1.184015; Checking Box AICar
5; Pedestrian; Noise; Intention; 23.09.2023 12:06:41; 804.6873; 0.2818001; 240.9401; Road; 1.195735; Checking Box AICar
5; Pedestrian; Noise; Intention; 23.09.2023 12:06:41; 804.6866; 0.2818001; 240.939; Road; 1.224532; Checking Box AICar
5; Pedestrian; Noise; Intention; 23.09.2023 12:06:41; 804.686; 0.2818001; 240.9377; Road; 1.245732; Checking Box AICar
5; Pedestrian; Noise; Intention; 23.09.2023 12:06:41; 804.6855; 0.2818001; 240.9368; Road; 1.262147; Checking Box AICar
5; Pedestrian; Noise; Intention; 23.09.2023 12:06:41; 804.6848; 0.2818001; 240.9361; Road; 1.28375; Checking Box AICar
5; Pedestrian; Noise; Intention; 23.09.2023 12:06:41; 804.684; 0.2818001; 240.9355; Road; 1.306466; Checking Box AICar
5; Pedestrian; Noise; Intention; 23.09.2023 12:06:41; 804.6832; 0.2818001; 240.935; Road; 1.328948; Checking Box AICar
5; Pedestrian; Noise; Intention; 23.09.2023 12:06:41; 804.6826; 0.2818001; 240.9348; Road; 1.339601; Checking Box AICar
5; Pedestrian; Noise; Intention; 23.09.2023 12:06:41; 804.6821; 0.2818001; 240.9345; Road; 1.351218; Checking Box AICar
5; Pedestrian; Noise; Intention; 23.09.2023 12:06:41; 804.6802; 0.2818001; 240.9339; Road; 1.389938; Checking Box AICar
5; Pedestrian; Noise; Intention; 23.09.2023 12:06:41; 804.6787; 0.2818001; 240.9337; Road; 1.406303; Checking Box AICar
5; Pedestrian; Noise; Intention; 23.09.2023 12:06:41; 804.6772; 0.2818001; 240.9336; Road; 1.428673; Checking Box AICar
5; Pedestrian; Noise; Intention; 23.09.2023 12:06:42; 804.6769; 0.2818001; 240.9336; Road; 1.439426; Checking Box AICar
5; Pedestrian; Noise; Intention; 23.09.2023 12:06:42; 804.6765; 0.2818001; 240.9337; Road; 1.450992; Checking Box AICar
5; Pedestrian; Noise; Intention; 23.09.2023 12:06:42; 804.6741; 0.2818001; 240.9338; Road; 1.484683; Checking Box AICar
5; Pedestrian; Noise; Intention; 23.09.2023 12:06:42; 804.672; 0.2818001; 240.9339; Road; 1.506686; Checking Box AICar
5; Pedestrian; Noise; Intention; 23.09.2023 12:06:42; 804.671; 0.2818001; 240.934; Road; 1.518092; Checking Box AICar
5; Pedestrian; Noise; Intention; 23.09.2023 12:06:42; 804.6697; 0.2818001; 240.9341; Road; 1.53595; Checking Box AICar
5; Pedestrian; Noise; Intention; 23.09.2023 12:06:42; 804.6658; 0.2818001; 240.9346; Road; 1.564904; Checking Box AICar
5; Pedestrian; Noise; Intention; 23.09.2023 12:06:42; 804.663; 0.2818001; 240.9349; Road; 1.584529; Checking Box AICar
5; Pedestrian; Noise; Intention; 23.09.2023 12:06:42; 804.6604; 0.2818001; 240.9352; Road; 1.607099; Checking Box AICar
5; Pedestrian; Noise; Intention; 23.09.2023 12:06:42; 804.6576; 0.2818001; 240.9356; Road; 1.629135; Checking Box AICar
5; Pedestrian; Noise; Intention; 23.09.2023 12:06:42; 804.6559; 0.2818001; 240.9359; Road; 1.639549; Checking Box AICar
5; Pedestrian; Noise; Intention; 23.09.2023 12:06:42; 804.6535; 0.2818001; 240.9364; Road; 1.661812; Checking Box AICar
5; Pedestrian; Noise; Intention; 23.09.2023 12:06:42; 804.6522; 0.2818001; 240.9367; Road; 1.673959; Checking Box AICar
5; Pedestrian; Noise; Intention; 23.09.2023 12:06:42; 804.6498; 0.2818001; 240.9371; Road; 1.701793; Checking Box AICar
5; Pedestrian; Noise; Intention; 23.09.2023 12:06:42; 804.6464; 0.2818001; 240.9377; Road; 1.732569; Checking Box AICar
5; Pedestrian; Noise; Intention; 23.09.2023 12:06:42; 804.6454; 0.2818001; 240.938; Road; 1.741768; Checking Box AICar
5; Pedestrian; Noise; Intention; 23.09.2023 12:06:42; 804.6434; 0.2818001; 240.9385; Road; 1.761839; Checking Box AICar
5; Pedestrian; Noise; Intention; 23.09.2023 12:06:42; 804.642; 0.2818001; 240.9389; Road; 1.784439; Checking Box AICar
5; Pedestrian; Noise; Intention; 23.09.2023 12:06:42; 804.6408; 0.2818001; 240.9392; Road; 1.806404; Checking Box AICar
5; Pedestrian; Noise; Intention; 23.09.2023 12:06:42; 804.64; 0.2818001; 240.9393; Road; 1.817621; Checking Box AICar
5; Pedestrian; Noise; Intention; 23.09.2023 12:06:42; 804.6393; 0.2818001; 240.9394; Road; 1.829691; Checking Box AICar
5; Pedestrian; Noise; Intention; 23.09.2023 12:06:42; 804.6381; 0.2818001; 240.9396; Road; 1.856772; Checking Box AICar
5; Pedestrian; Noise; Intention; 23.09.2023 12:06:42; 804.637; 0.2818001; 240.94; Road; 1.886852; Checking Box AICar
5; Pedestrian; Noise; Intention; 23.09.2023 12:06:42; 804.6364; 0.2818001; 240.9402; Road; 1.906193; Checking Box AICar
5; Pedestrian; Noise; Intention; 23.09.2023 12:06:42; 804.6362; 0.2818001; 240.9403; Road; 1.929392; Checking Box AICar
5; Pedestrian; Noise; Intention; 23.09.2023 12:06:42; 804.6363; 0.2818001; 240.9404; Road; 1.939216; Checking Box AICar
5; Pedestrian; Noise; Intention; 23.09.2023 12:06:42; 804.6366; 0.2818001; 240.9405; Road; 1.96202; Checking Box AICar
5; Pedestrian; Noise; Intention; 23.09.2023 12:06:42; 804.6367; 0.2818001; 240.9406; Road; 1.973196; Checking Box AICar
5; Pedestrian; Noise; Intention; 23.09.2023 12:06:42; 804.6377; 0.2818001; 240.9407; Road; 2.006505; Checking Box AICar
5; Pedestrian; Noise; Intention; 23.09.2023 12:06:42; 804.6385; 0.2818001; 240.9409; Road; 2.028689; Checking Box AICar
5; Pedestrian; Noise; Intention; 23.09.2023 12:06:42; 804.6394; 0.2818001; 240.941; Road; 2.038126; Checking Box AICar
5; Pedestrian; Noise; Intention; 23.09.2023 12:06:42; 804.6416; 0.2818001; 240.9414; Road; 2.066225; Checking Box AICar
5; Pedestrian; Noise; Intention; 23.09.2023 12:06:42; 804.6423; 0.2818001; 240.9415; Road; 2.074492; Checking Box AICar
5; Pedestrian; Noise; Intention; 23.09.2023 12:06:42; 804.6441; 0.2818001; 240.9418; Road; 2.106658; Checking Box AICar
5; Pedestrian; Noise; Intention; 23.09.2023 12:06:42; 804.6453; 0.2818001; 240.942; Road; 2.128996; Checking Box AICar
5; Pedestrian; Noise; Intention; 23.09.2023 12:06:42; 804.6453; 0.2818001; 240.942; Road; 2.128996; Checking Box AICar
5; Pedestrian; Noise; Intention; 23.09.2023 12:06:42; 804.6475; 0.2818001; 240.9428; Road; 2.167849; Checking Box AICar
5; Pedestrian; Noise; Intention; 23.09.2023 12:06:42; 804.6487; 0.2818001; 240.9433; Road; 2.184165; Checking Box AICar
5; Pedestrian; Noise; Intention; 23.09.2023 12:06:42; 804.6497; 0.2818001; 240.9438; Road; 2.206068; Checking Box AICar
5; Pedestrian; Noise; Intention; 23.09.2023 12:06:42; 804.6507; 0.2818001; 240.9443; Road; 2.228965; Checking Box AICar
5; Pedestrian; Noise; Intention; 23.09.2023 12:06:42; 804.6512; 0.2818001; 240.9446; Road; 2.239524; Checking Box AICar
5; Pedestrian; Noise; Intention; 23.09.2023 12:06:42; 804.6521; 0.2818001; 240.945; Road; 2.262039; Checking Box AICar
5; Pedestrian; Noise; Intention; 23.09.2023 12:06:42; 804.6528; 0.2818001; 240.9455; Road; 2.284544; Checking Box AICar
5; Pedestrian; Noise; Intention; 23.09.2023 12:06:42; 804.6531; 0.2818001; 240.9457; Road; 2.295277; Checking Box AICar
5; Pedestrian; Noise; Intention; 23.09.2023 12:06:42; 804.6533; 0.2818001; 240.9465; Road; 2.331143; Checking Box AICar
5; Pedestrian; Noise; Intention; 23.09.2023 12:06:42; 804.6534; 0.2818001; 240.9468; Road; 2.338861; Checking Box AICar
5; Pedestrian; Noise; Intention; 23.09.2023 12:06:42; 804.6535; 0.2818001; 240.9473; Road; 2.361831; Checking Box AICar
5; Pedestrian; Noise; Intention; 23.09.2023 12:06:42; 804.6533; 0.2818001; 240.9478; Road; 2.383769; Checking Box AICar
5; Pedestrian; Noise; Intention; 23.09.2023 12:06:42; 804.653; 0.2818001; 240.9483; Road; 2.406195; Checking Box AICar
5; Pedestrian; Noise; Intention; 23.09.2023 12:06:42; 804.653; 0.2818001; 240.9488; Road; 2.428937; Checking Box AICar
5; Pedestrian; Noise; Intention; 23.09.2023 12:06:43; 804.6529; 0.2818001; 240.9491; Road; 2.439584; Checking Box AICar
5; Pedestrian; Noise; Intention; 23.09.2023 12:06:43; 804.6528; 0.2818001; 240.9493; Road; 2.450696; Checking Box AICar
5; Pedestrian; Noise; Intention; 23.09.2023 12:06:43; 804.6525; 0.2818001; 240.9499; Road; 2.489399; Checking Box AICar
5; Pedestrian; Noise; Intention; 23.09.2023 12:06:43; 804.652; 0.2818001; 240.9502; Road; 2.505706; Checking Box AICar
5; Pedestrian; Noise; Intention; 23.09.2023 12:06:43; 804.6516; 0.2818001; 240.9505; Road; 2.528792; Checking Box AICar
5; Pedestrian; Noise; Intention; 23.09.2023 12:06:43; 804.6516; 0.2818001; 240.9507; Road; 2.538929; Checking Box AICar
5; Pedestrian; Noise; Intention; 23.09.2023 12:06:43; 804.652; 0.2818001; 240.951; Road; 2.561804; Checking Box AICar
5; Pedestrian; Noise; Intention; 23.09.2023 12:06:43; 804.6524; 0.2818001; 240.9511; Road; 2.583612; Checking Box AICar
5; Pedestrian; Noise; Intention; 23.09.2023 12:06:43; 804.6525; 0.2818001; 240.9512; Road; 2.595119; Checking Box AICar
5; Pedestrian; Noise; Intention; 23.09.2023 12:06:43; 804.6534; 0.2818001; 240.9513; Road; 2.634446; Checking Box AICar
5; Pedestrian; Noise; Intention; 23.09.2023 12:06:43; 804.6541; 0.2818001; 240.9513; Road; 2.643058; Checking Box AICar
5; Pedestrian; Noise; Intention; 23.09.2023 12:06:43; 804.6556; 0.2818001; 240.9514; Road; 2.661322; Checking Box AICar
5; Pedestrian; Noise; Intention; 23.09.2023 12:06:43; 804.6561; 0.2818001; 240.9514; Road; 2.672955; Checking Box AICar
5; Pedestrian; Noise; Intention; 23.09.2023 12:06:43; 804.6581; 0.2818001; 240.9514; Road; 2.706162; Checking Box AICar
5; Pedestrian; Noise; Intention; 23.09.2023 12:06:43; 804.6593; 0.2818001; 240.9514; Road; 2.730047; Checking Box AICar
5; Pedestrian; Noise; Intention; 23.09.2023 12:06:43; 804.6599; 0.2818001; 240.9514; Road; 2.739315; Checking Box AICar
5; Pedestrian; Noise; Intention; 23.09.2023 12:06:43; 804.6608; 0.2818001; 240.9514; Road; 2.750582; Checking Box AICar
5; Pedestrian; Noise; Intention; 23.09.2023 12:06:43; 804.6632; 0.2818001; 240.9516; Road; 2.788756; Checking Box Human Car
5; Pedestrian; Noise; Intention; 23.09.2023 12:06:43; 804.6647; 0.2818001; 240.9518; Road; 2.806033; Checking Box Human Car
5; Pedestrian; Noise; Intention; 23.09.2023 12:06:43; 804.6663; 0.2818001; 240.9519; Road; 2.828105; Checking Box Human Car
5; Pedestrian; Noise; Intention; 23.09.2023 12:06:43; 804.6669; 0.2818001; 240.952; Road; 2.838782; Checking Box Human Car
5; Pedestrian; Noise; Intention; 23.09.2023 12:06:43; 804.6685; 0.2818001; 240.9523; Road; 2.861822; Checking Box Human Car
5; Pedestrian; Noise; Intention; 23.09.2023 12:06:43; 804.6697; 0.2818001; 240.9526; Road; 2.884307; Checking Box Human Car
5; Pedestrian; Noise; Intention; 23.09.2023 12:06:43; 804.6708; 0.2818001; 240.9529; Road; 2.905873; Checking Box Human Car
5; Pedestrian; Noise; Intention; 23.09.2023 12:06:43; 804.6713; 0.2818001; 240.953; Road; 2.916891; Checking Box Human Car
5; Pedestrian; Noise; Intention; 23.09.2023 12:06:43; 804.6721; 0.2818001; 240.9533; Road; 2.944885; Checking Box Human Car
5; Pedestrian; Noise; Intention; 23.09.2023 12:06:43; 804.6732; 0.2818001; 240.9536; Road; 2.962029; Checking Box Human Car
5; Pedestrian; Noise; Intention; 23.09.2023 12:06:43; 804.6741; 0.2818001; 240.9539; Road; 2.983197; Checking Box Human Car
5; Pedestrian; Noise; Intention; 23.09.2023 12:06:43; 804.675; 0.2818001; 240.9542; Road; 3.005748; Checking Box Human Car
5; Pedestrian; Noise; Intention; 23.09.2023 12:06:43; 804.6761; 0.2818001; 240.9546; Road; 3.028565; Checking Box Human Car
5; Pedestrian; Noise; Intention; 23.09.2023 12:06:43; 804.6766; 0.2818001; 240.9547; Road; 3.038368; Checking Box Human Car
5; Pedestrian; Noise; Intention; 23.09.2023 12:06:43; 804.6776; 0.2818001; 240.9551; Road; 3.061566; Checking Box Human Car
5; Pedestrian; Noise; Intention; 23.09.2023 12:06:43; 804.678; 0.2818001; 240.9553; Road; 3.072825; Checking Box Human Car
5; Pedestrian; Noise; Intention; 23.09.2023 12:06:43; 804.6791; 0.2818001; 240.9558; Road; 3.111396; Checking Box Human Car
5; Pedestrian; Noise; Intention; 23.09.2023 12:06:43; 804.6801; 0.2818001; 240.956; Road; 3.128732; Checking Box Human Car
5; Pedestrian; Noise; Intention; 23.09.2023 12:06:43; 804.6805; 0.2818001; 240.9561; Road; 3.139061; Checking Box Human Car
5; Pedestrian; Noise; Intention; 23.09.2023 12:06:43; 804.6812; 0.2818001; 240.9563; Road; 3.161782; Checking Box Human Car
5; Pedestrian; Noise; Intention; 23.09.2023 12:06:43; 804.6819; 0.2818001; 240.9563; Road; 3.183214; Checking Box Human Car
5; Pedestrian; Noise; Intention; 23.09.2023 12:06:43; 804.6827; 0.2818001; 240.9565; Road; 3.2054; Checking Box Human Car
5; Pedestrian; Noise; Intention; 23.09.2023 12:06:43; 804.6829; 0.2818001; 240.9566; Road; 3.216745; Checking Box Human Car
5; Pedestrian; Noise; Intention; 23.09.2023 12:06:43; 804.6833; 0.2818001; 240.9566; Road; 3.228254; Checking Box Human Car
5; Pedestrian; Noise; Intention; 23.09.2023 12:06:43; 804.6839; 0.2818001; 240.9568; Road; 3.261579; Checking Box Human Car
5; Pedestrian; Noise; Intention; 23.09.2023 12:06:43; 804.6846; 0.2818001; 240.957; Road; 3.288404; Checking Box Human Car
5; Pedestrian; Noise; Intention; 23.09.2023 12:06:43; 804.6849; 0.2818001; 240.9573; Road; 3.305166; Checking Box Human Car
5; Pedestrian; Noise; Intention; 23.09.2023 12:06:43; 804.6849; 0.2818001; 240.9574; Road; 3.317799; Checking Box Human Car
5; Pedestrian; Noise; Intention; 23.09.2023 12:06:43; 804.685; 0.2818001; 240.9576; Road; 3.338803; Checking Box Human Car
5; Pedestrian; Noise; Intention; 23.09.2023 12:06:43; 804.685; 0.2818001; 240.9578; Road; 3.361319; Checking Box Human Car
5; Pedestrian; Noise; Intention; 23.09.2023 12:06:43; 804.6849; 0.2818001; 240.958; Road; 3.371973; Checking Box Human Car
5; Pedestrian; Noise; Intention; 23.09.2023 12:06:43; 804.6846; 0.2818001; 240.9582; Road; 3.404526; Checking Box Human Car
5; Pedestrian; Noise; Intention; 23.09.2023 12:06:43; 804.6841; 0.2818001; 240.9585; Road; 3.425923; Checking Box Human Car
5; Pedestrian; Noise; Intention; 23.09.2023 12:06:44; 804.6834; 0.2818001; 240.9589; Road; 3.445965; Checking Box Human Car
5; Pedestrian; Noise; Intention; 23.09.2023 12:06:44; 804.6828; 0.2818001; 240.9592; Road; 3.460758; Checking Box Human Car
5; Pedestrian; Noise; Intention; 23.09.2023 12:06:44; 804.6819; 0.2818001; 240.9595; Road; 3.483753; Checking Box Human Car
5; Pedestrian; Noise; Intention; 23.09.2023 12:06:44; 804.6812; 0.2818001; 240.9599; Road; 3.505883; Checking Box Human Car
5; Pedestrian; Noise; Intention; 23.09.2023 12:06:44; 804.6802; 0.2818001; 240.9603; Road; 3.528486; Checking Box Human Car
5; Pedestrian; Noise; Intention; 23.09.2023 12:06:44; 804.6802; 0.2818001; 240.9603; Road; 3.528486; Checking Box Human Car
5; Pedestrian; Noise; Intention; 23.09.2023 12:06:44; 804.6787; 0.2818001; 240.961; Road; 3.567222; Checking Box Human Car
5; Pedestrian; Noise; Intention; 23.09.2023 12:06:44; 804.6777; 0.2818001; 240.9613; Road; 3.584188; Checking Box Human Car
5; Pedestrian; Noise; Intention; 23.09.2023 12:06:44; 804.6768; 0.2818001; 240.9616; Road; 3.605321; Checking Box Human Car
5; Pedestrian; Noise; Intention; 23.09.2023 12:06:44; 804.6757; 0.2818001; 240.9619; Road; 3.628903; Checking Box Human Car
5; Pedestrian; Noise; Intention; 23.09.2023 12:06:44; 804.6751; 0.2818001; 240.9621; Road; 3.639115; Checking Box Human Car
5; Pedestrian; Noise; Intention; 23.09.2023 12:06:44; 804.674; 0.2818001; 240.9624; Road; 3.661263; Checking Box Human Car
5; Pedestrian; Noise; Intention; 23.09.2023 12:06:44; 804.6729; 0.2818001; 240.9627; Road; 3.682984; Checking Box Human Car
5; Pedestrian; Noise; Intention; 23.09.2023 12:06:44; 804.6724; 0.2818001; 240.9628; Road; 3.694761; Checking Box Human Car
5; Pedestrian; Noise; Intention; 23.09.2023 12:06:44; 804.6703; 0.2818001; 240.9635; Road; 3.732537; Checking Box Human Car
5; Pedestrian; Noise; Intention; 23.09.2023 12:06:44; 804.6699; 0.2818001; 240.9636; Road; 3.741321; Checking Box Human Car
5; Pedestrian; Noise; Intention; 23.09.2023 12:06:44; 804.6685; 0.2818001; 240.9639; Road; 3.761369; Checking Box Human Car
5; Pedestrian; Noise; Intention; 23.09.2023 12:06:44; 804.6673; 0.2818001; 240.9643; Road; 3.782583; Checking Box Human Car
5; Pedestrian; Noise; Intention; 23.09.2023 12:06:44; 804.666; 0.2818001; 240.9647; Road; 3.805495; Checking Box Human Car
5; Pedestrian; Noise; Intention; 23.09.2023 12:06:44; 804.6646; 0.2818001; 240.9651; Road; 3.827467; Checking Box Human Car
5; Pedestrian; Noise; Intention; 23.09.2023 12:06:44; 804.6638; 0.2818001; 240.9653; Road; 3.838146; Checking Box Human Car
5; Pedestrian; Noise; Intention; 23.09.2023 12:06:44; 804.6631; 0.2818001; 240.9655; Road; 3.849862; Checking Box Human Car
5; Pedestrian; Noise; Intention; 23.09.2023 12:06:44; 804.6604; 0.2818001; 240.966; Road; 3.88715; Checking Box Human Car
5; Pedestrian; Noise; Intention; 23.09.2023 12:06:44; 804.6586; 0.2818001; 240.9664; Road; 3.905643; Checking Box Human Car
5; Pedestrian; Noise; Intention; 23.09.2023 12:06:44; 804.6566; 0.2818001; 240.9667; Road; 3.927515; Checking Box Human Car
5; Pedestrian; Noise; Intention; 23.09.2023 12:06:44; 804.6553; 0.2818001; 240.9668; Road; 3.93814; Checking Box Human Car
5; Pedestrian; Noise; Intention; 23.09.2023 12:06:44; 804.6542; 0.2818001; 240.9671; Road; 3.950265; Checking Box Human Car
5; Pedestrian; Noise; Intention; 23.09.2023 12:06:44; 804.6513; 0.2818001; 240.9675; Road; 3.983523; Checking Box Human Car
5; Pedestrian; Noise; Intention; 23.09.2023 12:06:44; 804.6502; 0.2818001; 240.9676; Road; 3.996097; Checking Box Human Car
5; Pedestrian; Noise; Intention; 23.09.2023 12:06:44; 804.6478; 0.2818001; 240.9678; Road; 4.02535; Checking Box Human Car
5; Pedestrian; Noise; Intention; 23.09.2023 12:06:44; 804.6456; 0.2818001; 240.9681; Road; 4.045195; Checking Box Human Car
5; Pedestrian; Noise; Intention; 23.09.2023 12:06:44; 804.6436; 0.2818001; 240.9684; Road; 4.060647; Checking Box Human Car
5; Pedestrian; Noise; Intention; 23.09.2023 12:06:44; 804.6415; 0.2818001; 240.9685; Road; 4.083207; Checking Box Human Car
5; Pedestrian; Noise; Intention; 23.09.2023 12:06:44; 804.6394; 0.2818001; 240.9687; Road; 4.106013; Checking Box Human Car
5; Pedestrian; Noise; Intention; 23.09.2023 12:06:44; 804.6375; 0.2818001; 240.9689; Road; 4.127935; Checking Box Human Car
5; Pedestrian; Noise; Intention; 23.09.2023 12:06:44; 804.6365; 0.2818001; 240.9689; Road; 4.139216; Checking Box Human Car
5; Pedestrian; Noise; Intention; 23.09.2023 12:06:44; 804.6355; 0.2818001; 240.969; Road; 4.150478; Checking Box Human Car
5; Pedestrian; Noise; Intention; 23.09.2023 12:06:44; 804.633; 0.2818001; 240.9691; Road; 4.188629; Checking Box Human Car
5; Pedestrian; Noise; Intention; 23.09.2023 12:06:44; 804.6313; 0.2818001; 240.9692; Road; 4.205481; Checking Box Human Car
5; Pedestrian; Noise; Intention; 23.09.2023 12:06:44; 804.63; 0.2818001; 240.9693; Road; 4.228997; Checking Box Human Car
5; Pedestrian; Noise; Intention; 23.09.2023 12:06:44; 804.6295; 0.2818001; 240.9693; Road; 4.238269; Checking Box Human Car
5; Pedestrian; Noise; Intention; 23.09.2023 12:06:44; 804.6286; 0.2818001; 240.9694; Road; 4.260512; Checking Box Human Car
5; Pedestrian; Noise; Intention; 23.09.2023 12:06:44; 804.6279; 0.2818001; 240.9694; Road; 4.283769; Checking Box Human Car
5; Pedestrian; Noise; Intention; 23.09.2023 12:06:44; 804.6271; 0.2818001; 240.9691; Road; 4.305548; Checking Box Human Car
5; Pedestrian; Noise; Intention; 23.09.2023 12:06:44; 804.627; 0.2818001; 240.9691; Road; 4.316644; Checking Box Human Car
5; Pedestrian; Noise; Intention; 23.09.2023 12:06:44; 804.6266; 0.2818001; 240.969; Road; 4.334769; Checking Box Human Car
5; Pedestrian; Noise; Intention; 23.09.2023 12:06:44; 804.6255; 0.2818001; 240.9689; Road; 4.365763; Checking Box Human Car
5; Pedestrian; Noise; Intention; 23.09.2023 12:06:44; 804.6248; 0.2818001; 240.9686; Road; 4.382683; Checking Box Human Car
5; Pedestrian; Noise; Intention; 23.09.2023 12:06:44; 804.6241; 0.2818001; 240.9684; Road; 4.405068; Checking Box Human Car
5; Pedestrian; Noise; Intention; 23.09.2023 12:06:44; 804.6238; 0.2818001; 240.9681; Road; 4.427095; Checking Box Human Car
5; Pedestrian; Noise; Intention; 23.09.2023 12:06:45; 804.6237; 0.2818001; 240.9681; Road; 4.438004; Checking Box Human Car
5; Pedestrian; Noise; Intention; 23.09.2023 12:06:45; 804.6234; 0.2818001; 240.9678; Road; 4.460356; Checking Box Human Car
5; Pedestrian; Noise; Intention; 23.09.2023 12:06:45; 804.6235; 0.2818001; 240.9678; Road; 4.471679; Checking Box Human Car
5; Pedestrian; Noise; Intention; 23.09.2023 12:06:45; 804.623; 0.2818001; 240.9676; Road; 4.509861; Checking Box Human Car
5; Pedestrian; Noise; Intention; 23.09.2023 12:06:45; 804.623; 0.2818001; 240.9675; Road; 4.527164; Checking Box Human Car
5; Pedestrian; Noise; Intention; 23.09.2023 12:06:45; 804.6229; 0.2818001; 240.9674; Road; 4.537865; Checking Box Human Car
5; Pedestrian; Noise; Intention; 23.09.2023 12:06:45; 804.6232; 0.2818001; 240.9673; Road; 4.560065; Checking Box Human Car
5; Pedestrian; Noise; Intention; 23.09.2023 12:06:45; 804.6232; 0.2818001; 240.9672; Road; 4.583333; Checking Box Human Car
5; Pedestrian; Noise; Intention; 23.09.2023 12:06:45; 804.623; 0.2818001; 240.9673; Road; 4.594299; Checking Box Human Car
5; Pedestrian; Noise; Intention; 23.09.2023 12:06:45; 804.6229; 0.2818001; 240.9671; Road; 4.616607; Checking Box Human Car
5; Pedestrian; Noise; Intention; 23.09.2023 12:06:45; 804.6225; 0.2818001; 240.967; Road; 4.645052; Checking Box Human Car
5; Pedestrian; Noise; Intention; 23.09.2023 12:06:45; 804.6219; 0.2818001; 240.967; Road; 4.661505; Checking Box Human Car
5; Pedestrian; Noise; Intention; 23.09.2023 12:06:45; 804.6213; 0.2818001; 240.9669; Road; 4.682546; Checking Box Human Car
5; Pedestrian; Noise; Intention; 23.09.2023 12:06:45; 804.6208; 0.2818001; 240.967; Road; 4.705197; Checking Box Human Car
5; Pedestrian; Noise; Intention; 23.09.2023 12:06:45; 804.6202; 0.2818001; 240.967; Road; 4.729298; Checking Box Human Car
5; Pedestrian; Noise; Intention; 23.09.2023 12:06:45; 804.6197; 0.2818001; 240.967; Road; 4.738827; Checking Box Human Car
5; Pedestrian; Noise; Intention; 23.09.2023 12:06:45; 804.6187; 0.2818001; 240.967; Road; 4.760283; Checking Box Human Car
5; Pedestrian; Noise; Intention; 23.09.2023 12:06:45; 804.6182; 0.2818001; 240.967; Road; 4.771829; Checking Box Human Car
5; Pedestrian; Noise; Intention; 23.09.2023 12:06:45; 804.6166; 0.2818001; 240.9669; Road; 4.810781; Checking Box Human Car
5; Pedestrian; Noise; Intention; 23.09.2023 12:06:45; 804.6154; 0.2818001; 240.9668; Road; 4.82758; Checking Box Human Car
5; Pedestrian; Noise; Intention; 23.09.2023 12:06:45; 804.615; 0.2818001; 240.9668; Road; 4.83807; Checking Box Human Car
5; Pedestrian; Noise; Intention; 23.09.2023 12:06:45; 804.6135; 0.2818001; 240.9668; Road; 4.860466; Checking Box Human Car
5; Pedestrian; Noise; Intention; 23.09.2023 12:06:45; 804.6119; 0.2818001; 240.9668; Road; 4.882721; Checking Box Human Car
5; Pedestrian; Noise; Intention; 23.09.2023 12:06:45; 804.6104; 0.2818001; 240.9666; Road; 4.906993; Checking Box Human Car
5; Pedestrian; Noise; Intention; 23.09.2023 12:06:45; 804.6091; 0.2818001; 240.9664; Road; 4.927542; Checking Box Human Car
5; Pedestrian; Noise; Intention; 23.09.2023 12:06:45; 804.6091; 0.2818001; 240.9664; Road; 4.927542; Checking Box Human Car
5; Pedestrian; Noise; Intention; 23.09.2023 12:06:45; 804.6071; 0.2818001; 240.9665; Road; 4.966917; Checking Box Human Car
5; Pedestrian; Noise; Intention; 23.09.2023 12:06:45; 804.6054; 0.2818001; 240.9666; Road; 4.983927; Checking Box Human Car
5; Pedestrian; Noise; Intention; 23.09.2023 12:06:45; 804.6043; 0.2818001; 240.9665; Road; 5.00464; Checking Box Human Car
5; Pedestrian; Noise; Intention; 23.09.2023 12:06:45; 804.6035; 0.2818001; 240.9663; Road; 5.02708; Checking Box Human Car
5; Pedestrian; Noise; Intention; 23.09.2023 12:06:45; 804.6031; 0.2818001; 240.9663; Road; 5.037775; Checking Box Human Car
5; Pedestrian; Noise; Intention; 23.09.2023 12:06:45; 804.6027; 0.2818001; 240.966; Road; 5.060267; Checking Box Human Car
5; Pedestrian; Noise; Intention; 23.09.2023 12:06:45; 804.6023; 0.2818001; 240.9658; Road; 5.083703; Checking Box Human Car
5; Pedestrian; Noise; Intention; 23.09.2023 12:06:45; 804.6022; 0.2818001; 240.9657; Road; 5.093767; Checking Box Human Car
5; Pedestrian; Noise; Intention; 23.09.2023 12:06:45; 804.6021; 0.2818001; 240.9652; Road; 5.131325; Checking Box Human Car
5; Pedestrian; Noise; Intention; 23.09.2023 12:06:45; 804.6024; 0.2818001; 240.9651; Road; 5.138362; Checking Box Human Car
5; Pedestrian; Noise; Intention; 23.09.2023 12:06:45; 804.6025; 0.2818001; 240.9649; Road; 5.159905; Checking Box Human Car
5; Pedestrian; Noise; Intention; 23.09.2023 12:06:45; 804.6025; 0.2818001; 240.9647; Road; 5.18226; Checking Box Human Car
5; Pedestrian; Noise; Intention; 23.09.2023 12:06:45; 804.6027; 0.2818001; 240.9646; Road; 5.193331; Checking Box Human Car
5; Pedestrian; Noise; Intention; 23.09.2023 12:06:45; 804.603; 0.2818001; 240.9642; Road; 5.227065; Checking Box Human Car
5; Pedestrian; Noise; Intention; 23.09.2023 12:06:45; 804.603; 0.2818001; 240.9641; Road; 5.239865; Checking Box Human Car
5; Pedestrian; Noise; Intention; 23.09.2023 12:06:45; 804.6031; 0.2818001; 240.9641; Road; 5.250732; Checking Box Human Car
5; Pedestrian; Noise; Intention; 23.09.2023 12:06:45; 804.6032; 0.2818001; 240.9637; Road; 5.287156; Checking Box Human Car
5; Pedestrian; Noise; Intention; 23.09.2023 12:06:45; 804.6035; 0.2818001; 240.9635; Road; 5.305917; Checking Box Human Car
5; Pedestrian; Noise; Intention; 23.09.2023 12:06:45; 804.6038; 0.2818001; 240.9634; Road; 5.32708; Checking Box Human Car
5; Pedestrian; Noise; Intention; 23.09.2023 12:06:45; 804.6039; 0.2818001; 240.9633; Road; 5.337599; Checking Box Human Car
5; Pedestrian; Noise; Intention; 23.09.2023 12:06:45; 804.6041; 0.2818001; 240.9631; Road; 5.360251; Checking Box Human Car
5; Pedestrian; Noise; Intention; 23.09.2023 12:06:45; 804.6045; 0.2818001; 240.9628; Road; 5.382324; Checking Box Human Car
5; Pedestrian; Noise; Intention; 23.09.2023 12:06:45; 804.6046; 0.2818001; 240.9627; Road; 5.393752; Checking Box Human Car
5; Pedestrian; Noise; Intention; 23.09.2023 12:06:46; 804.6042; 0.2818001; 240.9626; Road; 5.434353; Checking Box Human Car
5; Pedestrian; Noise; Intention; 23.09.2023 12:06:46; 804.6041; 0.2818001; 240.9626; Road; 5.442675; Checking Box Human Car
5; Pedestrian; Noise; Intention; 23.09.2023 12:06:46; 804.6035; 0.2818001; 240.9625; Road; 5.460185; Checking Box Human Car
5; Pedestrian; Noise; Intention; 23.09.2023 12:06:46; 804.6024; 0.2818001; 240.9623; Road; 5.482998; Checking Box Human Car
5; Pedestrian; Noise; Intention; 23.09.2023 12:06:46; 804.6011; 0.2818001; 240.9624; Road; 5.504052; Checking Box Human Car
5; Pedestrian; Noise; Intention; 23.09.2023 12:06:46; 804.5996; 0.2818001; 240.9625; Road; 5.527177; Checking Box Human Car
5; Pedestrian; Noise; Intention; 23.09.2023 12:06:46; 804.5988; 0.2818001; 240.9626; Road; 5.537852; Checking Box Human Car
5; Pedestrian; Noise; Intention; 23.09.2023 12:06:46; 804.5979; 0.2818001; 240.9626; Road; 5.549284; Checking Box Human Car
5; Pedestrian; Noise; Intention; 23.09.2023 12:06:46; 804.5958; 0.2818001; 240.9628; Road; 5.578699; Checking Box Human Car
5; Pedestrian; Noise; Intention; 23.09.2023 12:06:46; 804.5928; 0.2818001; 240.9635; Road; 5.608308; Checking Box Human Car
5; Pedestrian; Noise; Intention; 23.09.2023 12:06:46; 804.5906; 0.2818001; 240.964; Road; 5.626544; Checking Box Human Car
5; Pedestrian; Noise; Intention; 23.09.2023 12:06:46; 804.5895; 0.2818001; 240.9643; Road; 5.63732; Checking Box Human Car
5; Pedestrian; Noise; Intention; 23.09.2023 12:06:46; 804.5873; 0.2818001; 240.9651; Road; 5.660146; Checking Box Human Car
5; Pedestrian; Noise; Intention; 23.09.2023 12:06:46; 804.5851; 0.2818001; 240.9659; Road; 5.68195; Checking Box Human Car
5; Pedestrian; Noise; Intention; 23.09.2023 12:06:46; 804.5829; 0.2818001; 240.9667; Road; 5.703827; Checking Box Human Car
5; Pedestrian; Noise; Intention; 23.09.2023 12:06:46; 804.5819; 0.2818001; 240.9671; Road; 5.7166; Checking Box Human Car
5; Pedestrian; Noise; Intention; 23.09.2023 12:06:46; 804.5804; 0.2818001; 240.9677; Road; 5.744238; Checking Box Human Car
5; Pedestrian; Noise; Intention; 23.09.2023 12:06:46; 804.579; 0.2818001; 240.9683; Road; 5.759267; Checking Box Human Car
5; Pedestrian; Noise; Intention; 23.09.2023 12:06:46; 804.5779; 0.2818001; 240.9688; Road; 5.782454; Checking Box Human Car
5; Pedestrian; Noise; Intention; 23.09.2023 12:06:46; 804.5776; 0.2818001; 240.9689; Road; 5.793271; Checking Box Human Car
5; Pedestrian; Noise; Intention; 23.09.2023 12:06:46; 804.5778; 0.2818001; 240.9692; Road; 5.827104; Checking Box Human Car
5; Pedestrian; Noise; Intention; 23.09.2023 12:06:46; 804.5781; 0.2818001; 240.9692; Road; 5.838802; Checking Box Human Car
5; Pedestrian; Noise; Intention; 23.09.2023 12:06:46; 804.5792; 0.2818001; 240.9691; Road; 5.859557; Checking Box Human Car
5; Pedestrian; Noise; Intention; 23.09.2023 12:06:46; 804.5799; 0.2818001; 240.969; Road; 5.871405; Checking Box Human Car
5; Pedestrian; Noise; Intention; 23.09.2023 12:06:46; 804.5807; 0.2818001; 240.9688; Road; 5.889143; Checking Box Human Car
5; Pedestrian; Noise; Intention; 23.09.2023 12:06:46; 804.5847; 0.2818001; 240.9674; Road; 5.899836; Checking Box Human Car
5; Pedestrian; Noise; Intention; 23.09.2023 12:06:46; 804.5858; 0.2818001; 240.967; Road; 5.942127; Checking Box Human Car
5; Pedestrian; Noise; Intention; 23.09.2023 12:06:46; 804.5884; 0.2818001; 240.9662; Road; 5.962363; Checking Box Human Car
5; Pedestrian; Noise; Intention; 23.09.2023 12:06:46; 804.5914; 0.2818001; 240.9651; Road; 5.982852; Checking Box Human Car
5; Pedestrian; Noise; Intention; 23.09.2023 12:06:46; 804.5945; 0.2818001; 240.9639; Road; 6.004794; Checking Box Human Car
5; Pedestrian; Noise; Intention; 23.09.2023 12:06:46; 804.5962; 0.2818001; 240.9632; Road; 6.017159; Checking Box Human Car
5; Pedestrian; Noise; Intention; 23.09.2023 12:06:46; 804.5981; 0.2818001; 240.9625; Road; 6.02744; Checking Box Human Car
5; Pedestrian; Noise; Intention; 23.09.2023 12:06:46; 804.6023; 0.2818001; 240.9611; Road; 6.060541; Checking Box Human Car
5; Pedestrian; Noise; Intention; 23.09.2023 12:06:46; 804.6091; 0.2818001; 240.959; Road; 6.087981; Checking Box Human Car
5; Pedestrian; Noise; Intention; 23.09.2023 12:06:46; 804.6132; 0.2818001; 240.9576; Road; 6.104199; Checking Box Human Car
5; Pedestrian; Noise; Intention; 23.09.2023 12:06:46; 804.6181; 0.2818001; 240.9564; Road; 6.12693; Checking Box Human Car
5; Pedestrian; Noise; Intention; 23.09.2023 12:06:46; 804.6204; 0.2818001; 240.9558; Road; 6.137198; Checking Box Human Car
5; Pedestrian; Noise; Intention; 23.09.2023 12:06:46; 804.6246; 0.2818001; 240.9548; Road; 6.159587; Checking Box Human Car
5; Pedestrian; Noise; Intention; 23.09.2023 12:06:46; 804.6273; 0.2818001; 240.9544; Road; 6.171228; Checking Box Human Car
5; Pedestrian; Noise; Intention; 23.09.2023 12:06:46; 804.6346; 0.2818001; 240.9533; Road; 6.209825; Checking Box Human Car
5; Pedestrian; Noise; Intention; 23.09.2023 12:06:46; 804.6382; 0.2818001; 240.9527; Road; 6.227021; Checking Box Human Car
5; Pedestrian; Noise; Intention; 23.09.2023 12:06:46; 804.6395; 0.2818001; 240.9524; Road; 6.237275; Checking Box Human Car
5; Pedestrian; Noise; Intention; 23.09.2023 12:06:46; 804.6422; 0.2818001; 240.9519; Road; 6.260135; Checking Box Human Car
5; Pedestrian; Noise; Intention; 23.09.2023 12:06:46; 804.6441; 0.2818001; 240.9515; Road; 6.281992; null
5; Pedestrian; Noise; Intention; 23.09.2023 12:06:46; 804.6456; 0.2818001; 240.9512; Road; 6.30365; null
5; Pedestrian; Noise; Intention; 23.09.2023 12:06:46; 804.647; 0.2818001; 240.9509; Road; 6.326286; null
5; Pedestrian; Noise; Intention; 23.09.2023 12:06:46; 804.647; 0.2818001; 240.9509; Road; 6.326286; null
5; Pedestrian; Noise; Intention; 23.09.2023 12:06:46; 804.6486; 0.2818001; 240.9505; Road; 6.367028; null
5; Pedestrian; Noise; Intention; 23.09.2023 12:06:46; 804.65; 0.2818001; 240.9502; Road; 6.383564; null
5; Pedestrian; Noise; Intention; 23.09.2023 12:06:46; 804.6513; 0.2818001; 240.9497; Road; 6.403856; null
5; Pedestrian; Noise; Intention; 23.09.2023 12:06:46; 804.6528; 0.2818001; 240.9494; Road; 6.42638; Checking Box Human Car
5; Pedestrian; Noise; Intention; 23.09.2023 12:06:47; 804.6535; 0.2818001; 240.9492; Road; 6.437124; Checking Box Human Car
5; Pedestrian; Noise; Intention; 23.09.2023 12:06:47; 804.6549; 0.2818001; 240.9487; Road; 6.459312; Checking Box Human Car
5; Pedestrian; Noise; Intention; 23.09.2023 12:06:47; 804.6564; 0.2818001; 240.9484; Road; 6.482007; Checking Box Human Car
5; Pedestrian; Noise; Intention; 23.09.2023 12:06:47; 804.6573; 0.2818001; 240.9482; Road; 6.492959; Checking Box Human Car
5; Pedestrian; Noise; Intention; 23.09.2023 12:06:47; 804.6591; 0.2818001; 240.9479; Road; 6.530783; Checking Box Human Car
5; Pedestrian; Noise; Intention; 23.09.2023 12:06:47; 804.6594; 0.2818001; 240.9478; Road; 6.537628; Checking Box Human Car
5; Pedestrian; Noise; Intention; 23.09.2023 12:06:47; 804.6597; 0.2818001; 240.9478; Road; 6.559346; Checking Box Human Car
5; Pedestrian; Noise; Intention; 23.09.2023 12:06:47; 804.6598; 0.2818001; 240.9479; Road; 6.582218; Checking Box Human Car
5; Pedestrian; Noise; Intention; 23.09.2023 12:06:47; 804.6597; 0.2818001; 240.948; Road; 6.592813; Checking Box Human Car
5; Pedestrian; Noise; Intention; 23.09.2023 12:06:47; 804.6587; 0.2818001; 240.9485; Road; 6.627892; Checking Box Human Car
5; Pedestrian; Noise; Intention; 23.09.2023 12:06:47; 804.6581; 0.2818001; 240.9487; Road; 6.637999; Checking Box Human Car
5; Pedestrian; Noise; Intention; 23.09.2023 12:06:47; 804.656; 0.2818001; 240.9494; Road; 6.66664; Checking Box Human Car
5; Pedestrian; Noise; Intention; 23.09.2023 12:06:47; 804.6518; 0.2818001; 240.9505; Road; 6.685317; Checking Box Human Car
5; Pedestrian; Noise; Intention; 23.09.2023 12:06:47; 804.6453; 0.2818001; 240.9521; Road; 6.704268; Checking Box Human Car
5; Pedestrian; Noise; Intention; 23.09.2023 12:06:47; 804.6369; 0.2818001; 240.9542; Road; 6.729125; Checking Box Human Car
5; Pedestrian; Noise; Intention; 23.09.2023 12:06:47; 804.632; 0.2818001; 240.9555; Road; 6.738647; Checking Box Human Car
5; Pedestrian; Noise; Intention; 23.09.2023 12:06:47; 804.6201; 0.2818001; 240.9589; Road; 6.75936; null
5; Pedestrian; Noise; Intention; 23.09.2023 12:06:47; 804.6076; 0.2818001; 240.9626; Road; 6.782495; Checking Box Human
5; Pedestrian; Noise; Intention; 23.09.2023 12:06:47; 804.6013; 0.2818001; 240.9647; Road; 6.792755; null
5; Pedestrian; Noise; Intention; 23.09.2023 12:06:47; 804.5886; 0.2818001; 240.9694; Road; 6.823871; null
5; Pedestrian; Noise; Intention; 23.09.2023 12:06:47; 804.5762; 0.2818001; 240.9745; Road; 6.843698; null
5; Pedestrian; Noise; Intention; 23.09.2023 12:06:47; 804.5647; 0.2818001; 240.9805; Road; 6.859694; null
5; Pedestrian; Noise; Intention; 23.09.2023 12:06:47; 804.5547; 0.2818001; 240.9871; Road; 6.882044; null
5; Pedestrian; Noise; Intention; 23.09.2023 12:06:47; 804.5459; 0.2818001; 240.9935; Road; 6.903894; null
5; Pedestrian; Noise; Intention; 23.09.2023 12:06:47; 804.5385; 0.2818001; 240.9999; Road; 6.926435; null
5; Pedestrian; Noise; Intention; 23.09.2023 12:06:47; 804.5352; 0.2818001; 241.0031; Road; 6.93688; null
5; Pedestrian; Noise; Intention; 23.09.2023 12:06:47; 804.5321; 0.2818001; 241.0061; Road; 6.948686; Checking Box Human
5; Pedestrian; Noise; Intention; 23.09.2023 12:06:47; 804.5259; 0.2818001; 241.015; Road; 6.98776; Checking Box Human
5; Pedestrian; Noise; Intention; 23.09.2023 12:06:47; 804.5173; 0.2818001; 241.0194; Road; 7.004761; Checking Box Human Car
5; Pedestrian; Noise; Intention; 23.09.2023 12:06:47; 804.5132; 0.2818001; 241.0239; Road; 7.02528; Checking Box Human Car
5; Pedestrian; Noise; Intention; 23.09.2023 12:06:47; 804.5123; 0.2818001; 241.0263; Road; 7.036386; Checking Box Human Car
5; Pedestrian; Noise; Intention; 23.09.2023 12:06:47; 804.5109; 0.2818001; 241.0307; Road; 7.058441; Checking Box Human Car
5; Pedestrian; Noise; Intention; 23.09.2023 12:06:47; 804.5106; 0.2818001; 241.0348; Road; 7.081608; Checking Box Human Car
5; Pedestrian; Noise; Intention; 23.09.2023 12:06:47; 804.5101; 0.2818001; 241.0383; Road; 7.10342; Checking Box Human Car
5; Pedestrian; Noise; Intention; 23.09.2023 12:06:47; 804.5108; 0.2818001; 241.0417; Road; 7.133007; Checking Box Human Car
5; Pedestrian; Noise; Intention; 23.09.2023 12:06:47; 804.5111; 0.2818001; 241.0432; Road; 7.141211; Checking Box Human Car
5; Pedestrian; Noise; Intention; 23.09.2023 12:06:47; 804.5122; 0.2818001; 241.046; Road; 7.158344; Checking Box Human Car
5; Pedestrian; Noise; Intention; 23.09.2023 12:06:47; 804.5135; 0.2818001; 241.049; Road; 7.18051; Checking Box Human Car
5; Pedestrian; Noise; Intention; 23.09.2023 12:06:47; 804.515; 0.2818001; 241.0509; Road; 7.19191; Checking Box Human Car
5; Pedestrian; Noise; Intention; 23.09.2023 12:06:47; 804.5192; 0.2818001; 241.0571; Road; 7.225884; null
5; Pedestrian; Noise; Intention; 23.09.2023 12:06:47; 804.5206; 0.2818001; 241.0593; Road; 7.237422; null
5; Pedestrian; Noise; Intention; 23.09.2023 12:06:47; 804.5242; 0.2818001; 241.0638; Road; 7.258869; null
5; Pedestrian; Noise; Intention; 23.09.2023 12:06:47; 804.5286; 0.2818001; 241.0684; Road; 7.288708; null
5; Pedestrian; Noise; Intention; 23.09.2023 12:06:47; 804.5314; 0.2818001; 241.0708; Road; 7.29842; null
5; Pedestrian; Noise; Intention; 23.09.2023 12:06:47; 804.5413; 0.2818001; 241.0775; Road; 7.334092; Checking Box Human Car
5; Pedestrian; Noise; Intention; 23.09.2023 12:06:47; 804.5446; 0.2818001; 241.0795; Road; 7.34183; Checking Box Human Car
5; Pedestrian; Noise; Intention; 23.09.2023 12:06:47; 804.5515; 0.2818001; 241.0835; Road; 7.358812; Checking Box Human Car
5; Pedestrian; Noise; Intention; 23.09.2023 12:06:47; 804.5585; 0.2818001; 241.0871; Road; 7.380584; Checking Box Human Car
5; Pedestrian; Noise; Intention; 23.09.2023 12:06:47; 804.5659; 0.2818001; 241.0905; Road; 7.403472; Checking Box Human Car
5; Pedestrian; Noise; Intention; 23.09.2023 12:06:48; 804.5699; 0.2818001; 241.0921; Road; 7.4146; Checking Box Human Car
5; Pedestrian; Noise; Intention; 23.09.2023 12:06:48; 804.5737; 0.2818001; 241.0936; Road; 7.425656; Checking Box Human Car
5; Pedestrian; Noise; Intention; 23.09.2023 12:06:48; 804.5845; 0.2818001; 241.0973; Road; 7.468311; Checking Box Human Car
5; Pedestrian; Noise; Intention; 23.09.2023 12:06:48; 804.5911; 0.2818001; 241.0994; Road; 7.483791; Checking Box Human Car
5; Pedestrian; Noise; Intention; 23.09.2023 12:06:48; 804.5971; 0.2818001; 241.1011; Road; 7.50275; Checking Box Human Car
5; Pedestrian; Noise; Intention; 23.09.2023 12:06:48; 804.6033; 0.2818001; 241.1023; Road; 7.524958; Checking Box Human Car
5; Pedestrian; Noise; Intention; 23.09.2023 12:06:48; 804.6065; 0.2818001; 241.103; Road; 7.536131; Checking Box Human Car
5; Pedestrian; Noise; Intention; 23.09.2023 12:06:48; 804.6115; 0.2818001; 241.1038; Road; 7.558249; Checking Box Human Car
5; Pedestrian; Noise; Intention; 23.09.2023 12:06:48; 804.6135; 0.2818001; 241.104; Road; 7.569515; Checking Box Human Car
5; Pedestrian; Noise; Intention; 23.09.2023 12:06:48; 804.6184; 0.2818001; 241.1043; Road; 7.609939; Checking Box Human Car
5; Pedestrian; Noise; Intention; 23.09.2023 12:06:48; 804.6215; 0.2818001; 241.1043; Road; 7.625261; Checking Box Human Car
5; Pedestrian; Noise; Intention; 23.09.2023 12:06:48; 804.6229; 0.2818001; 241.1043; Road; 7.636025; Checking Box Human Car
5; Pedestrian; Noise; Intention; 23.09.2023 12:06:48; 804.6254; 0.2818001; 241.1043; Road; 7.657954; Checking Box Human Car
5; Pedestrian; Noise; Intention; 23.09.2023 12:06:48; 804.6271; 0.2818001; 241.1042; Road; 7.68018; Checking Box Human Car
5; Pedestrian; Noise; Intention; 23.09.2023 12:06:48; 804.6289; 0.2818001; 241.1042; Road; 7.702145; Checking Box Human Car
5; Pedestrian; Noise; Intention; 23.09.2023 12:06:48; 804.6289; 0.2818001; 241.1038; Road; 7.725419; Checking Box Human Car
5; Pedestrian; Noise; Intention; 23.09.2023 12:06:48; 804.6285; 0.2818001; 241.1036; Road; 7.736717; Checking Box Human Car
5; Pedestrian; Noise; Intention; 23.09.2023 12:06:48; 804.6281; 0.2818001; 241.1033; Road; 7.762347; Checking Box Human Car
5; Pedestrian; Noise; Intention; 23.09.2023 12:06:48; 804.6255; 0.2818001; 241.1025; Road; 7.780503; Checking Box Human Car
5; Pedestrian; Noise; Intention; 23.09.2023 12:06:48; 804.6204; 0.2818001; 241.1012; Road; 7.802588; Checking Box Human Car
5; Pedestrian; Noise; Intention; 23.09.2023 12:06:48; 804.6135; 0.2818001; 241.0995; Road; 7.824839; Checking Box Human Car
5; Pedestrian; Noise; Intention; 23.09.2023 12:06:48; 804.6092; 0.2818001; 241.0984; Road; 7.836028; Checking Box Human Car
5; Pedestrian; Noise; Intention; 23.09.2023 12:06:48; 804.5985; 0.2818001; 241.0956; Road; 7.858057; Checking Box Human Car
5; Pedestrian; Noise; Intention; 23.09.2023 12:06:48; 804.5862; 0.2818001; 241.0922; Road; 7.880236; Checking Box Human Car
5; Pedestrian; Noise; Intention; 23.09.2023 12:06:48; 804.5731; 0.2818001; 241.0879; Road; 7.909257; Checking Box Human Car
5; Pedestrian; Noise; Intention; 23.09.2023 12:06:48; 804.5595; 0.2818001; 241.0828; Road; 7.925774; null
5; Pedestrian; Noise; Intention; 23.09.2023 12:06:48; 804.5524; 0.2818001; 241.0799; Road; 7.935674; null
5; Pedestrian; Noise; Intention; 23.09.2023 12:06:48; 804.538; 0.2818001; 241.0733; Road; 7.958054; null
5; Pedestrian; Noise; Intention; 23.09.2023 12:06:48; 804.5247; 0.2818001; 241.0652; Road; 7.98126; Checking Box Human
5; Pedestrian; Noise; Intention; 23.09.2023 12:06:48; 804.5184; 0.2818001; 241.0607; Road; 7.991327; null
5; Pedestrian; Noise; Intention; 23.09.2023 12:06:48; 804.5038; 0.2818001; 241.0462; Road; 8.025289; null
5; Pedestrian; Noise; Intention; 23.09.2023 12:06:48; 804.4997; 0.2818001; 241.0412; Road; 8.035923; null
5; Pedestrian; Noise; Intention; 23.09.2023 12:06:48; 804.4963; 0.2818001; 241.0359; Road; 8.047791; null
5; Pedestrian; Noise; Intention; 23.09.2023 12:06:48; 804.4915; 0.2818001; 241.0193; Road; 8.087284; null
5; Pedestrian; Noise; Intention; 23.09.2023 12:06:48; 804.4932; 0.2818001; 241.0086; Road; 8.102817; null
5; Pedestrian; Noise; Intention; 23.09.2023 12:06:48; 804.4974; 0.2818001; 240.9985; Road; 8.124928; null
5; Pedestrian; Noise; Intention; 23.09.2023 12:06:48; 804.5003; 0.2818001; 240.9936; Road; 8.136554; Checking Box Human
5; Pedestrian; Noise; Intention; 23.09.2023 12:06:48; 804.5083; 0.2818001; 240.9845; Road; 8.15845; Checking Box Human
5; Pedestrian; Noise; Intention; 23.09.2023 12:06:48; 804.5175; 0.2818001; 240.9761; Road; 8.180796; Checking Box Human Car
5; Pedestrian; Noise; Intention; 23.09.2023 12:06:48; 804.5229; 0.2818001; 240.9724; Road; 8.19191; Checking Box Human Car
5; Pedestrian; Noise; Intention; 23.09.2023 12:06:48; 804.5397; 0.2818001; 240.9621; Road; 8.23292; Checking Box Human Car
5; Pedestrian; Noise; Intention; 23.09.2023 12:06:48; 804.5458; 0.2818001; 240.9595; Road; 8.241486; Checking Box Human Car
5; Pedestrian; Noise; Intention; 23.09.2023 12:06:48; 804.5574; 0.2818001; 240.9542; Road; 8.258998; Checking Box Human Car
5; Pedestrian; Noise; Intention; 23.09.2023 12:06:48; 804.569; 0.2818001; 240.9501; Road; 8.281404; Checking Box Human Car
5; Pedestrian; Noise; Intention; 23.09.2023 12:06:48; 804.5803; 0.2818001; 240.9465; Road; 8.303563; Checking Box Human Car
5; Pedestrian; Noise; Intention; 23.09.2023 12:06:48; 804.5908; 0.2818001; 240.9436; Road; 8.325935; Checking Box Human Car
5; Pedestrian; Noise; Intention; 23.09.2023 12:06:48; 804.5958; 0.2818001; 240.9421; Road; 8.33642; Checking Box Human Car
5; Pedestrian; Noise; Intention; 23.09.2023 12:06:48; 804.6007; 0.2818001; 240.941; Road; 8.348253; Checking Box Human Car
5; Pedestrian; Noise; Intention; 23.09.2023 12:06:48; 804.6145; 0.2818001; 240.9379; Road; 8.386314; Checking Box Human Car
5; Pedestrian; Noise; Intention; 23.09.2023 12:06:48; 804.6234; 0.2818001; 240.9362; Road; 8.402898; Checking Box Human Car
5; Pedestrian; Noise; Intention; 23.09.2023 12:06:48; 804.6315; 0.2818001; 240.935; Road; 8.425655; Checking Box Human Car
5; Pedestrian; Noise; Intention; 23.09.2023 12:06:49; 804.6354; 0.2818001; 240.9346; Road; 8.436419; Checking Box Human Car
5; Pedestrian; Noise; Intention; 23.09.2023 12:06:49; 804.6434; 0.2818001; 240.9343; Road; 8.458532; Checking Box Human Car
5; Pedestrian; Noise; Intention; 23.09.2023 12:06:49; 804.65; 0.2818001; 240.9337; Road; 8.483242; null
5; Pedestrian; Noise; Intention; 23.09.2023 12:06:49; 804.6563; 0.2818001; 240.9331; Road; 8.503184; null
5; Pedestrian; Noise; Intention; 23.09.2023 12:06:49; 804.6617; 0.2818001; 240.9325; Road; 8.532616; Checking Box AICar
5; Pedestrian; Noise; Intention; 23.09.2023 12:06:49; 804.6644; 0.2818001; 240.9324; Road; 8.542127; Checking Box AICar
5; Pedestrian; Noise; Intention; 23.09.2023 12:06:49; 804.669; 0.2818001; 240.9323; Road; 8.558723; Checking Box AICar
5; Pedestrian; Noise; Intention; 23.09.2023 12:06:49; 804.6728; 0.2818001; 240.9318; Road; 8.582687; Checking Box AICar
5; Pedestrian; Noise; Intention; 23.09.2023 12:06:49; 804.6765; 0.2818001; 240.9316; Road; 8.603113; Checking Box AICar
5; Pedestrian; Noise; Intention; 23.09.2023 12:06:49; 804.6773; 0.2818001; 240.9316; Road; 8.615397; Checking Box AICar
5; Pedestrian; Noise; Intention; 23.09.2023 12:06:49; 804.6773; 0.2818001; 240.9316; Road; 8.615397; Checking Box AICar
5; Pedestrian; Noise; Intention; 23.09.2023 12:06:49; 804.6838; 0.2818001; 240.9315; Road; 8.636999; Checking Box AICar
5; Pedestrian; Noise; Intention; 23.09.2023 12:06:49; 804.6849; 0.2818001; 240.9314; Road; 8.674436; Checking Box AICar
5; Pedestrian; Noise; Intention; 23.09.2023 12:06:49; 804.6878; 0.2818001; 240.9313; Road; 8.709207; Checking Box AICar
5; Pedestrian; Noise; Intention; 23.09.2023 12:06:49; 804.6895; 0.2818001; 240.9313; Road; 8.729167; Checking Box AICar
5; Pedestrian; Noise; Intention; 23.09.2023 12:06:49; 804.6904; 0.2818001; 240.9312; Road; 8.738199; Checking Box AICar
5; Pedestrian; Noise; Intention; 23.09.2023 12:06:49; 804.6919; 0.2818001; 240.9311; Road; 8.758506; Checking Box AICar
5; Pedestrian; Noise; Intention; 23.09.2023 12:06:49; 804.6933; 0.2818001; 240.931; Road; 8.78171; Checking Box AICar
5; Pedestrian; Noise; Intention; 23.09.2023 12:06:49; 804.6943; 0.2818001; 240.931; Road; 8.803102; Checking Box AICar
5; Pedestrian; Noise; Intention; 23.09.2023 12:06:49; 804.6948; 0.2818001; 240.9311; Road; 8.815869; Checking Box AICar
5; Pedestrian; Noise; Intention; 23.09.2023 12:06:49; 804.6951; 0.2818001; 240.9311; Road; 8.825974; Checking Box AICar
5; Pedestrian; Noise; Intention; 23.09.2023 12:06:49; 804.6961; 0.2818001; 240.9312; Road; 8.860083; Checking Box AICar
5; Pedestrian; Noise; Intention; 23.09.2023 12:06:49; 804.6968; 0.2818001; 240.9313; Road; 8.887033; Checking Box AICar
5; Pedestrian; Noise; Intention; 23.09.2023 12:06:49; 804.697; 0.2818001; 240.9313; Road; 8.904185; Checking Box AICar
5; Pedestrian; Noise; Intention; 23.09.2023 12:06:49; 804.6971; 0.2818001; 240.9314; Road; 8.925673; Checking Box AICar
5; Pedestrian; Noise; Intention; 23.09.2023 12:06:49; 804.6972; 0.2818001; 240.9314; Road; 8.937225; Checking Box AICar
5; Pedestrian; Noise; Intention; 23.09.2023 12:06:49; 804.6971; 0.2818001; 240.9315; Road; 8.958477; Checking Box AICar
5; Pedestrian; Noise; Intention; 23.09.2023 12:06:49; 804.6971; 0.2818001; 240.9314; Road; 8.97007; Checking Box AICar
5; Pedestrian; Noise; Intention; 23.09.2023 12:06:49; 804.6965; 0.2818001; 240.9318; Road; 9.010372; Checking Box AICar
5; Pedestrian; Noise; Intention; 23.09.2023 12:06:49; 804.6962; 0.2818001; 240.9322; Road; 9.027342; Checking Box AICar
5; Pedestrian; Noise; Intention; 23.09.2023 12:06:49; 804.6959; 0.2818001; 240.9323; Road; 9.037499; Checking Box AICar
5; Pedestrian; Noise; Intention; 23.09.2023 12:06:49; 804.6948; 0.2818001; 240.9326; Road; 9.059131; Checking Box AICar
5; Pedestrian; Noise; Intention; 23.09.2023 12:06:49; 804.6936; 0.2818001; 240.9328; Road; 9.082155; Checking Box AICar
5; Pedestrian; Noise; Intention; 23.09.2023 12:06:49; 804.6921; 0.2818001; 240.9328; Road; 9.103097; Checking Box AICar
5; Pedestrian; Noise; Intention; 23.09.2023 12:06:49; 804.6901; 0.2818001; 240.933; Road; 9.12613; Checking Box AICar
5; Pedestrian; Noise; Intention; 23.09.2023 12:06:49; 804.6901; 0.2818001; 240.933; Road; 9.12613; Checking Box AICar
5; Pedestrian; Noise; Intention; 23.09.2023 12:06:49; 804.6868; 0.2818001; 240.9333; Road; 9.167222; Checking Box AICar
5; Pedestrian; Noise; Intention; 23.09.2023 12:06:49; 804.6845; 0.2818001; 240.9337; Road; 9.183671; Checking Box AICar
5; Pedestrian; Noise; Intention; 23.09.2023 12:06:49; 804.6821; 0.2818001; 240.9341; Road; 9.202785; Checking Box AICar
5; Pedestrian; Noise; Intention; 23.09.2023 12:06:49; 804.6792; 0.2818001; 240.9346; Road; 9.225149; Checking Box AICar
5; Pedestrian; Noise; Intention; 23.09.2023 12:06:49; 804.6781; 0.2818001; 240.9348; Road; 9.236593; Checking Box AICar
5; Pedestrian; Noise; Intention; 23.09.2023 12:06:49; 804.6754; 0.2818001; 240.9352; Road; 9.258151; Checking Box AICar
5; Pedestrian; Noise; Intention; 23.09.2023 12:06:49; 804.6729; 0.2818001; 240.9357; Road; 9.280072; Checking Box AICar
5; Pedestrian; Noise; Intention; 23.09.2023 12:06:49; 804.67; 0.2818001; 240.9362; Road; 9.309719; Checking Box AICar
5; Pedestrian; Noise; Intention; 23.09.2023 12:06:49; 804.6672; 0.2818001; 240.9367; Road; 9.329348; Checking Box AICar
5; Pedestrian; Noise; Intention; 23.09.2023 12:06:49; 804.6661; 0.2818001; 240.937; Road; 9.338568; Checking Box AICar
5; Pedestrian; Noise; Intention; 23.09.2023 12:06:49; 804.6633; 0.2818001; 240.9375; Road; 9.358309; Checking Box AICar
5; Pedestrian; Noise; Intention; 23.09.2023 12:06:49; 804.6608; 0.2818001; 240.9379; Road; 9.380673; Checking Box AICar
5; Pedestrian; Noise; Intention; 23.09.2023 12:06:49; 804.6579; 0.2818001; 240.9383; Road; 9.402528; Checking Box AICar
5; Pedestrian; Noise; Intention; 23.09.2023 12:06:49; 804.6564; 0.2818001; 240.9385; Road; 9.41438; Checking Box AICar
5; Pedestrian; Noise; Intention; 23.09.2023 12:06:50; 804.6534; 0.2818001; 240.9389; Road; 9.437393; Checking Box AICar
5; Pedestrian; Noise; Intention; 23.09.2023 12:06:50; 804.6502; 0.2818001; 240.9392; Road; 9.465207; Checking Box AICar
5; Pedestrian; Noise; Intention; 23.09.2023 12:06:50; 804.6473; 0.2818001; 240.9394; Road; 9.486808; Checking Box AICar
5; Pedestrian; Noise; Intention; 23.09.2023 12:06:50; 804.644; 0.2818001; 240.9399; Road; 9.506346; Checking Box AICar
5; Pedestrian; Noise; Intention; 23.09.2023 12:06:50; 804.6408; 0.2818001; 240.9401; Road; 9.524964; Checking Box AICar
5; Pedestrian; Noise; Intention; 23.09.2023 12:06:50; 804.6394; 0.2818001; 240.9403; Road; 9.536506; Checking Box AICar
5; Pedestrian; Noise; Intention; 23.09.2023 12:06:50; 804.6357; 0.2818001; 240.9407; Road; 9.559115; Checking Box AICar
5; Pedestrian; Noise; Intention; 23.09.2023 12:06:50; 804.6325; 0.2818001; 240.941; Road; 9.580931; Checking Box AICar
5; Pedestrian; Noise; Intention; 23.09.2023 12:06:50; 804.6308; 0.2818001; 240.9411; Road; 9.592058; Checking Box AICar
5; Pedestrian; Noise; Intention; 23.09.2023 12:06:50; 804.6265; 0.2818001; 240.9415; Road; 9.633245; Checking Box AICar
5; Pedestrian; Noise; Intention; 23.09.2023 12:06:50; 804.6249; 0.2818001; 240.9417; Road; 9.641392; Checking Box AICar
5; Pedestrian; Noise; Intention; 23.09.2023 12:06:50; 804.6221; 0.2818001; 240.942; Road; 9.659019; Checking Box AICar
5; Pedestrian; Noise; Intention; 23.09.2023 12:06:50; 804.6194; 0.2818001; 240.9422; Road; 9.68012; Checking Box AICar
5; Pedestrian; Noise; Intention; 23.09.2023 12:06:50; 804.6168; 0.2818001; 240.9424; Road; 9.703154; Checking Box AICar
5; Pedestrian; Noise; Intention; 23.09.2023 12:06:50; 804.6147; 0.2818001; 240.9426; Road; 9.726995; Checking Box AICar
5; Pedestrian; Noise; Intention; 23.09.2023 12:06:50; 804.6136; 0.2818001; 240.9427; Road; 9.736506; Checking Box AICar
5; Pedestrian; Noise; Intention; 23.09.2023 12:06:50; 804.6116; 0.2818001; 240.9429; Road; 9.758363; Checking Box AICar
5; Pedestrian; Noise; Intention; 23.09.2023 12:06:50; 804.6097; 0.2818001; 240.943; Road; 9.787199; Checking Box AICar
5; Pedestrian; Noise; Intention; 23.09.2023 12:06:50; 804.6078; 0.2818001; 240.9431; Road; 9.804929; Checking Box AICar
5; Pedestrian; Noise; Intention; 23.09.2023 12:06:50; 804.6069; 0.2818001; 240.9433; Road; 9.824766; Checking Box AICar
5; Pedestrian; Noise; Intention; 23.09.2023 12:06:50; 804.6066; 0.2818001; 240.9432; Road; 9.836202; Checking Box AICar
5; Pedestrian; Noise; Intention; 23.09.2023 12:06:50; 804.6057; 0.2818001; 240.9436; Road; 9.858311; Checking Box AICar
5; Pedestrian; Noise; Intention; 23.09.2023 12:06:50; 804.6054; 0.2818001; 240.9438; Road; 9.879956; Checking Box AICar
5; Pedestrian; Noise; Intention; 23.09.2023 12:06:50; 804.6047; 0.2818001; 240.9442; Road; 9.902759; Checking Box AICar
5; Pedestrian; Noise; Intention; 23.09.2023 12:06:50; 804.6044; 0.2818001; 240.9447; Road; 9.931056; Checking Box AICar
5; Pedestrian; Noise; Intention; 23.09.2023 12:06:50; 804.6044; 0.2818001; 240.9449; Road; 9.940318; Checking Box AICar
5; Pedestrian; Noise; Intention; 23.09.2023 12:06:50; 804.6046; 0.2818001; 240.9453; Road; 9.959399; Checking Box AICar
5; Pedestrian; Noise; Intention; 23.09.2023 12:06:50; 804.6049; 0.2818001; 240.9457; Road; 9.980036; Checking Box AICar
5; Pedestrian; Noise; Intention; 23.09.2023 12:06:50; 804.6052; 0.2818001; 240.946; Road; 10.00318; Checking Box AICar
5; Pedestrian; Noise; Intention; 23.09.2023 12:06:50; 804.6055; 0.2818001; 240.9462; Road; 10.01397; Checking Box AICar
5; Pedestrian; Noise; Intention; 23.09.2023 12:06:50; 804.606; 0.2818001; 240.9464; Road; 10.02441; Checking Box AICar
5; Pedestrian; Noise; Intention; 23.09.2023 12:06:50; 804.6071; 0.2818001; 240.9469; Road; 10.05857; Checking Box AICar
5; Pedestrian; Noise; Intention; 23.09.2023 12:06:50; 804.6079; 0.2818001; 240.9473; Road; 10.08749; Checking Box AICar
5; Pedestrian; Noise; Intention; 23.09.2023 12:06:50; 804.6091; 0.2818001; 240.9477; Road; 10.10665; Checking Box AICar
5; Pedestrian; Noise; Intention; 23.09.2023 12:06:50; 804.6102; 0.2818001; 240.9479; Road; 10.12478; Checking Box AICar
5; Pedestrian; Noise; Intention; 23.09.2023 12:06:50; 804.6108; 0.2818001; 240.9482; Road; 10.13612; Checking Box AICar
5; Pedestrian; Noise; Intention; 23.09.2023 12:06:50; 804.612; 0.2818001; 240.9486; Road; 10.15768; Checking Box AICar
5; Pedestrian; Noise; Intention; 23.09.2023 12:06:50; 804.6132; 0.2818001; 240.9489; Road; 10.18076; Checking Box AICar
5; Pedestrian; Noise; Intention; 23.09.2023 12:06:50; 804.6146; 0.2818001; 240.9493; Road; 10.20366; Checking Box AICar
5; Pedestrian; Noise; Intention; 23.09.2023 12:06:50; 804.6159; 0.2818001; 240.9498; Road; 10.22446; Checking Box AICar
5; Pedestrian; Noise; Intention; 23.09.2023 12:06:50; 804.6168; 0.2818001; 240.95; Road; 10.24336; Checking Box AICar
5; Pedestrian; Noise; Intention; 23.09.2023 12:06:50; 804.618; 0.2818001; 240.9504; Road; 10.2617; Checking Box AICar
5; Pedestrian; Noise; Intention; 23.09.2023 12:06:50; 804.6192; 0.2818001; 240.9509; Road; 10.2812; Checking Box AICar
5; Pedestrian; Noise; Intention; 23.09.2023 12:06:50; 804.6203; 0.2818001; 240.9514; Road; 10.30259; Checking Box AICar
5; Pedestrian; Noise; Intention; 23.09.2023 12:06:50; 804.6217; 0.2818001; 240.952; Road; 10.32763; Checking Box AICar
5; Pedestrian; Noise; Intention; 23.09.2023 12:06:50; 804.6224; 0.2818001; 240.9523; Road; 10.33732; Checking Box AICar
5; Pedestrian; Noise; Intention; 23.09.2023 12:06:50; 804.6231; 0.2818001; 240.953; Road; 10.35825; Checking Box AICar
5; Pedestrian; Noise; Intention; 23.09.2023 12:06:50; 804.6234; 0.2818001; 240.9532; Road; 10.37022; Checking Box AICar
5; Pedestrian; Noise; Intention; 23.09.2023 12:06:50; 804.6238; 0.2818001; 240.9541; Road; 10.41044; Checking Box AICar
5; Pedestrian; Noise; Intention; 23.09.2023 12:06:50; 804.6241; 0.2818001; 240.9547; Road; 10.42822; Checking Box AICar
5; Pedestrian; Noise; Intention; 23.09.2023 12:06:51; 804.6242; 0.2818001; 240.955; Road; 10.43676; Checking Box AICar
5; Pedestrian; Noise; Intention; 23.09.2023 12:06:51; 804.6242; 0.2818001; 240.9557; Road; 10.45778; Checking Box AICar
5; Pedestrian; Noise; Intention; 23.09.2023 12:06:51; 804.6245; 0.2818001; 240.9563; Road; 10.48282; Checking Box AICar
5; Pedestrian; Noise; Intention; 23.09.2023 12:06:51; 804.6248; 0.2818001; 240.9569; Road; 10.50252; Checking Box AICar
5; Pedestrian; Noise; Intention; 23.09.2023 12:06:51; 804.6252; 0.2818001; 240.9575; Road; 10.52434; Checking Box AICar
5; Pedestrian; Noise; Intention; 23.09.2023 12:06:51; 804.6256; 0.2818001; 240.9577; Road; 10.53657; Checking Box AICar
5; Pedestrian; Noise; Intention; 23.09.2023 12:06:51; 804.6262; 0.2818001; 240.9582; Road; 10.56343; Checking Box AICar
5; Pedestrian; Noise; Intention; 23.09.2023 12:06:51; 804.627; 0.2818001; 240.9588; Road; 10.58297; Checking Box AICar
5; Pedestrian; Noise; Intention; 23.09.2023 12:06:51; 804.6279; 0.2818001; 240.9595; Road; 10.60226; Checking Box AICar
5; Pedestrian; Noise; Intention; 23.09.2023 12:06:51; 804.6289; 0.2818001; 240.9599; Road; 10.62488; Checking Box AICar
5; Pedestrian; Noise; Intention; 23.09.2023 12:06:51; 804.6293; 0.2818001; 240.9602; Road; 10.63579; Checking Box AICar
5; Pedestrian; Noise; Intention; 23.09.2023 12:06:51; 804.6298; 0.2818001; 240.9604; Road; 10.64659; Checking Box AICar
5; Pedestrian; Noise; Intention; 23.09.2023 12:06:51; 804.6312; 0.2818001; 240.9612; Road; 10.68049; Checking Box AICar
5; Pedestrian; Noise; Intention; 23.09.2023 12:06:51; 804.6316; 0.2818001; 240.9615; Road; 10.69135; Checking Box AICar
5; Pedestrian; Noise; Intention; 23.09.2023 12:06:51; 804.6326; 0.2818001; 240.9625; Road; 10.73178; Checking Box AICar
5; Pedestrian; Noise; Intention; 23.09.2023 12:06:51; 804.6329; 0.2818001; 240.9629; Road; 10.73975; Checking Box AICar
5; Pedestrian; Noise; Intention; 23.09.2023 12:06:51; 804.6335; 0.2818001; 240.9635; Road; 10.75764; Checking Box AICar
5; Pedestrian; Noise; Intention; 23.09.2023 12:06:51; 804.6338; 0.2818001; 240.9641; Road; 10.77992; Checking Box AICar
5; Pedestrian; Noise; Intention; 23.09.2023 12:06:51; 804.6343; 0.2818001; 240.9647; Road; 10.80334; Checking Box AICar
5; Pedestrian; Noise; Intention; 23.09.2023 12:06:51; 804.6348; 0.2818001; 240.9654; Road; 10.82417; Checking Box AICar
5; Pedestrian; Noise; Intention; 23.09.2023 12:06:51; 804.6349; 0.2818001; 240.9657; Road; 10.83629; Checking Box AICar
5; Pedestrian; Noise; Intention; 23.09.2023 12:06:51; 804.6349; 0.2818001; 240.9663; Road; 10.86701; Checking Box AICar
5; Pedestrian; Noise; Intention; 23.09.2023 12:06:51; 804.6353; 0.2818001; 240.9671; Road; 10.88618; Checking Box AICar
5; Pedestrian; Noise; Intention; 23.09.2023 12:06:51; 804.6354; 0.2818001; 240.9677; Road; 10.90313; Checking Box AICar
5; Pedestrian; Noise; Intention; 23.09.2023 12:06:51; 804.6353; 0.2818001; 240.9684; Road; 10.9243; Checking Box AICar
5; Pedestrian; Noise; Intention; 23.09.2023 12:06:51; 804.6352; 0.2818001; 240.9687; Road; 10.93636; Checking Box AICar
5; Pedestrian; Noise; Intention; 23.09.2023 12:06:51; 804.6349; 0.2818001; 240.9694; Road; 10.95769; Checking Box AICar
5; Pedestrian; Noise; Intention; 23.09.2023 12:06:51; 804.6346; 0.2818001; 240.97; Road; 10.98003; Checking Box AICar
5; Pedestrian; Noise; Intention; 23.09.2023 12:06:51; 804.6345; 0.2818001; 240.9704; Road; 10.99167; Checking Box AICar
5; Pedestrian; Noise; Intention; 23.09.2023 12:06:51; 804.6338; 0.2818001; 240.9711; Road; 11.02452; Checking Box AICar
5; Pedestrian; Noise; Intention; 23.09.2023 12:06:51; 804.6331; 0.2818001; 240.9718; Road; 11.04576; Checking Box AICar
5; Pedestrian; Noise; Intention; 23.09.2023 12:06:51; 804.6323; 0.2818001; 240.9724; Road; 11.06136; Checking Box AICar
5; Pedestrian; Noise; Intention; 23.09.2023 12:06:51; 804.6319; 0.2818001; 240.9731; Road; 11.07994; Checking Box AICar
5; Pedestrian; Noise; Intention; 23.09.2023 12:06:51; 804.6312; 0.2818001; 240.9737; Road; 11.1019; Checking Box AICar
5; Pedestrian; Noise; Intention; 23.09.2023 12:06:51; 804.6303; 0.2818001; 240.9742; Road; 11.12422; Checking Box AICar
5; Pedestrian; Noise; Intention; 23.09.2023 12:06:51; 804.63; 0.2818001; 240.9745; Road; 11.13623; Checking Box AICar
5; Pedestrian; Noise; Intention; 23.09.2023 12:06:51; 804.6292; 0.2818001; 240.975; Road; 11.15717; Checking Box AICar
5; Pedestrian; Noise; Intention; 23.09.2023 12:06:51; 804.6284; 0.2818001; 240.9753; Road; 11.18587; Checking Box AICar
5; Pedestrian; Noise; Intention; 23.09.2023 12:06:51; 804.628; 0.2818001; 240.9758; Road; 11.20196; Checking Box AICar
5; Pedestrian; Noise; Intention; 23.09.2023 12:06:51; 804.6271; 0.2818001; 240.9761; Road; 11.22392; Checking Box AICar
5; Pedestrian; Noise; Intention; 23.09.2023 12:06:51; 804.6268; 0.2818001; 240.9762; Road; 11.23552; Checking Box AICar
5; Pedestrian; Noise; Intention; 23.09.2023 12:06:51; 804.6261; 0.2818001; 240.9765; Road; 11.2572; Checking Box AICar
5; Pedestrian; Noise; Intention; 23.09.2023 12:06:51; 804.6252; 0.2818001; 240.9766; Road; 11.27915; Checking Box AICar
5; Pedestrian; Noise; Intention; 23.09.2023 12:06:51; 804.6245; 0.2818001; 240.9768; Road; 11.30183; Checking Box AICar
5; Pedestrian; Noise; Intention; 23.09.2023 12:06:51; 804.6237; 0.2818001; 240.9769; Road; 11.33049; Checking Box AICar
5; Pedestrian; Noise; Intention; 23.09.2023 12:06:51; 804.6232; 0.2818001; 240.977; Road; 11.34023; Checking Box AICar
5; Pedestrian; Noise; Intention; 23.09.2023 12:06:51; 804.6225; 0.2818001; 240.977; Road; 11.35778; Checking Box AICar
5; Pedestrian; Noise; Intention; 23.09.2023 12:06:51; 804.6221; 0.2818001; 240.9771; Road; 11.37946; Checking Box AICar
5; Pedestrian; Noise; Intention; 23.09.2023 12:06:51; 804.6213; 0.2818001; 240.9771; Road; 11.40202; Checking Box AICar
5; Pedestrian; Noise; Intention; 23.09.2023 12:06:51; 804.6209; 0.2818001; 240.9771; Road; 11.42572; Checking Box AICar
5; Pedestrian; Noise; Intention; 23.09.2023 12:06:52; 804.6205; 0.2818001; 240.9771; Road; 11.43558; Checking Box AICar
5; Pedestrian; Noise; Intention; 23.09.2023 12:06:52; 804.6198; 0.2818001; 240.9772; Road; 11.45717; Checking Box AICar
5; Pedestrian; Noise; Intention; 23.09.2023 12:06:52; 804.6194; 0.2818001; 240.9772; Road; 11.46924; Checking Box AICar
5; Pedestrian; Noise; Intention; 23.09.2023 12:06:52; 804.6184; 0.2818001; 240.9772; Road; 11.51227; Checking Box AICar
5; Pedestrian; Noise; Intention; 23.09.2023 12:06:52; 804.6178; 0.2818001; 240.9773; Road; 11.52867; Checking Box AICar
5; Pedestrian; Noise; Intention; 23.09.2023 12:06:52; 804.6177; 0.2818001; 240.9774; Road; 11.53709; Checking Box AICar
5; Pedestrian; Noise; Intention; 23.09.2023 12:06:52; 804.6177; 0.2818001; 240.9774; Road; 11.54711; Checking Box AICar
5; Pedestrian; Noise; Intention; 23.09.2023 12:06:52; 804.6171; 0.2818001; 240.9776; Road; 11.57996; Checking Box AICar
5; Pedestrian; Noise; Intention; 23.09.2023 12:06:52; 804.6169; 0.2818001; 240.9777; Road; 11.60243; Checking Box AICar
5; Pedestrian; Noise; Intention; 23.09.2023 12:06:52; 804.6166; 0.2818001; 240.9778; Road; 11.62432; Checking Box AICar
5; Pedestrian; Noise; Intention; 23.09.2023 12:06:52; 804.6166; 0.2818001; 240.9778; Road; 11.63617; Checking Box AICar
5; Pedestrian; Noise; Intention; 23.09.2023 12:06:52; 804.6168; 0.2818001; 240.978; Road; 11.65803; Checking Box AICar
5; Pedestrian; Noise; Intention; 23.09.2023 12:06:52; 804.6172; 0.2818001; 240.9782; Road; 11.6791; Checking Box AICar
5; Pedestrian; Noise; Intention; 23.09.2023 12:06:52; 804.6178; 0.2818001; 240.9783; Road; 11.70251; Checking Box AICar
5; Pedestrian; Noise; Intention; 23.09.2023 12:06:52; 804.6184; 0.2818001; 240.9783; Road; 11.72467; Checking Box AICar
5; Pedestrian; Noise; Intention; 23.09.2023 12:06:52; 804.619; 0.2818001; 240.9784; Road; 11.73676; Checking Box AICar
5; Pedestrian; Noise; Intention; 23.09.2023 12:06:52; 804.6199; 0.2818001; 240.9783; Road; 11.75743; Checking Box AICar
5; Pedestrian; Noise; Intention; 23.09.2023 12:06:52; 804.6215; 0.2818001; 240.9783; Road; 11.77955; Checking Box AICar
5; Pedestrian; Noise; Intention; 23.09.2023 12:06:52; 804.6231; 0.2818001; 240.9783; Road; 11.80274; Checking Box AICar
5; Pedestrian; Noise; Intention; 23.09.2023 12:06:52; 804.6249; 0.2818001; 240.9782; Road; 11.82412; Checking Box AICar
5; Pedestrian; Noise; Intention; 23.09.2023 12:06:52; 804.6258; 0.2818001; 240.9782; Road; 11.83575; Checking Box AICar
5; Pedestrian; Noise; Intention; 23.09.2023 12:06:52; 804.6276; 0.2818001; 240.9781; Road; 11.85735; Checking Box AICar
5; Pedestrian; Noise; Intention; 23.09.2023 12:06:52; 804.6293; 0.2818001; 240.9782; Road; 11.87924; null
5; Pedestrian; Noise; Intention; 23.09.2023 12:06:52; 804.6309; 0.2818001; 240.9781; Road; 11.902; null
5; Pedestrian; Noise; Intention; 23.09.2023 12:06:52; 804.6322; 0.2818001; 240.9782; Road; 11.92407; null
5; Pedestrian; Noise; Intention; 23.09.2023 12:06:52; 804.6329; 0.2818001; 240.9782; Road; 11.93564; null
5; Pedestrian; Noise; Intention; 23.09.2023 12:06:52; 804.634; 0.2818001; 240.9782; Road; 11.96203; null
5; Pedestrian; Noise; Intention; 23.09.2023 12:06:52; 804.6348; 0.2818001; 240.9783; Road; 11.9818; null
5; Pedestrian; Noise; Intention; 23.09.2023 12:06:52; 804.6359; 0.2818001; 240.9784; Road; 12.00255; null
5; Pedestrian; Noise; Intention; 23.09.2023 12:06:52; 804.6364; 0.2818001; 240.9786; Road; 12.02355; null
5; Pedestrian; Noise; Intention; 23.09.2023 12:06:52; 804.6368; 0.2818001; 240.9785; Road; 12.03528; null
5; Pedestrian; Noise; Intention; 23.09.2023 12:06:52; 804.6372; 0.2818001; 240.9787; Road; 12.05783; null
5; Pedestrian; Noise; Intention; 23.09.2023 12:06:52; 804.6376; 0.2818001; 240.9787; Road; 12.07915; null
5; Pedestrian; Noise; Intention; 23.09.2023 12:06:52; 804.6384; 0.2818001; 240.9789; Road; 12.10159; null
5; Pedestrian; Noise; Intention; 23.09.2023 12:06:52; 804.639; 0.2818001; 240.979; Road; 12.12367; null
5; Pedestrian; Noise; Intention; 23.09.2023 12:06:52; 804.6391; 0.2818001; 240.979; Road; 12.13522; null
5; Pedestrian; Noise; Intention; 23.09.2023 12:06:52; 804.64; 0.2818001; 240.9793; Road; 12.15684; null
5; Pedestrian; Noise; Intention; 23.09.2023 12:06:52; 804.6407; 0.2818001; 240.9793; Road; 12.17894; null
5; Pedestrian; Noise; Intention; 23.09.2023 12:06:52; 804.641; 0.2818001; 240.9794; Road; 12.19119; null
5; Pedestrian; Noise; Intention; 23.09.2023 12:06:52; 804.6417; 0.2818001; 240.9795; Road; 12.22382; null
5; Pedestrian; Noise; Intention; 23.09.2023 12:06:52; 804.642; 0.2818001; 240.9796; Road; 12.23645; null
5; Pedestrian; Noise; Intention; 23.09.2023 12:06:52; 804.6422; 0.2818001; 240.9797; Road; 12.25719; null
5; Pedestrian; Noise; Intention; 23.09.2023 12:06:52; 804.6428; 0.2818001; 240.9797; Road; 12.28002; null
5; Pedestrian; Noise; Intention; 23.09.2023 12:06:52; 804.6432; 0.2818001; 240.9799; Road; 12.30134; null
5; Pedestrian; Noise; Intention; 23.09.2023 12:06:52; 804.6437; 0.2818001; 240.98; Road; 12.32354; null
5; Pedestrian; Noise; Intention; 23.09.2023 12:06:52; 804.6437; 0.2818001; 240.9801; Road; 12.33691; null
5; Pedestrian; Noise; Intention; 23.09.2023 12:06:52; 804.6439; 0.2818001; 240.9803; Road; 12.35931; null
5; Pedestrian; Noise; Intention; 23.09.2023 12:06:52; 804.644; 0.2818001; 240.9805; Road; 12.37973; null
5; Pedestrian; Noise; Intention; 23.09.2023 12:06:52; 804.6437; 0.2818001; 240.9807; Road; 12.40219; null
5; Pedestrian; Noise; Intention; 23.09.2023 12:06:52; 804.6436; 0.2818001; 240.9809; Road; 12.42393; null
5; Pedestrian; Noise; Intention; 23.09.2023 12:06:53; 804.6435; 0.2818001; 240.981; Road; 12.43612; null
5; Pedestrian; Noise; Intention; 23.09.2023 12:06:53; 804.6435; 0.2818001; 240.9813; Road; 12.45845; null
5; Pedestrian; Noise; Intention; 23.09.2023 12:06:53; 804.6432; 0.2818001; 240.9815; Road; 12.48044; null
5; Pedestrian; Noise; Intention; 23.09.2023 12:06:53; 804.6428; 0.2818001; 240.9817; Road; 12.50362; null
5; Pedestrian; Noise; Intention; 23.09.2023 12:06:53; 804.6426; 0.2818001; 240.9818; Road; 12.52556; null
5; Pedestrian; Noise; Intention; 23.09.2023 12:06:53; 804.6423; 0.2818001; 240.9819; Road; 12.53706; null
5; Pedestrian; Noise; Intention; 23.09.2023 12:06:53; 804.6417; 0.2818001; 240.9819; Road; 12.55893; null
5; Pedestrian; Noise; Intention; 23.09.2023 12:06:53; 804.6415; 0.2818001; 240.9821; Road; 12.58503; null
5; Pedestrian; Noise; Intention; 23.09.2023 12:06:53; 804.6411; 0.2818001; 240.9822; Road; 12.60558; null
5; Pedestrian; Noise; Intention; 23.09.2023 12:06:53; 804.6407; 0.2818001; 240.9822; Road; 12.62404; null
5; Pedestrian; Noise; Intention; 23.09.2023 12:06:53; 804.6407; 0.2818001; 240.9822; Road; 12.63507; null
5; Pedestrian; Noise; Intention; 23.09.2023 12:06:53; 804.6404; 0.2818001; 240.9823; Road; 12.65679; null
5; Pedestrian; Noise; Intention; 23.09.2023 12:06:53; 804.6403; 0.2818001; 240.9821; Road; 12.67865; null
5; Pedestrian; Noise; Intention; 23.09.2023 12:06:53; 804.6401; 0.2818001; 240.9822; Road; 12.70079; null
5; Pedestrian; Noise; Intention; 23.09.2023 12:06:53; 804.6401; 0.2818001; 240.9822; Road; 12.7239; null
5; Pedestrian; Noise; Intention; 23.09.2023 12:06:53; 804.6398; 0.2818001; 240.9822; Road; 12.73699; null
5; Pedestrian; Noise; Intention; 23.09.2023 12:06:53; 804.6396; 0.2818001; 240.9823; Road; 12.75659; null
5; Pedestrian; Noise; Intention; 23.09.2023 12:06:53; 804.6394; 0.2818001; 240.9824; Road; 12.77879; null
5; Pedestrian; Noise; Intention; 23.09.2023 12:06:53; 804.6392; 0.2818001; 240.9826; Road; 12.80083; null
5; Pedestrian; Noise; Intention; 23.09.2023 12:06:53; 804.6393; 0.2818001; 240.9826; Road; 12.81206; null
5; Pedestrian; Noise; Intention; 23.09.2023 12:06:53; 804.6393; 0.2818001; 240.9827; Road; 12.82304; null
5; Pedestrian; Noise; Intention; 23.09.2023 12:06:53; 804.6389; 0.2818001; 240.9827; Road; 12.85776; null
5; Pedestrian; Noise; Intention; 23.09.2023 12:06:53; 804.638; 0.2818001; 240.9827; Road; 12.87876; null
5; Pedestrian; Noise; Intention; 23.09.2023 12:06:53; 804.6377; 0.2818001; 240.9828; Road; 12.90117; null
5; Pedestrian; Noise; Intention; 23.09.2023 12:06:53; 804.6373; 0.2818001; 240.9829; Road; 12.92365; null
5; Pedestrian; Noise; Intention; 23.09.2023 12:06:53; 804.6371; 0.2818001; 240.983; Road; 12.935; null
5; Pedestrian; Noise; Intention; 23.09.2023 12:06:53; 804.637; 0.2818001; 240.9832; Road; 12.95658; null
5; Pedestrian; Noise; Intention; 23.09.2023 12:06:53; 804.6368; 0.2818001; 240.9834; Road; 12.97974; null
5; Pedestrian; Noise; Intention; 23.09.2023 12:06:53; 804.6367; 0.2818001; 240.9836; Road; 13.00206; null
5; Pedestrian; Noise; Intention; 23.09.2023 12:06:53; 804.6365; 0.2818001; 240.9839; Road; 13.02498; null
5; Pedestrian; Noise; Intention; 23.09.2023 12:06:53; 804.6365; 0.2818001; 240.9839; Road; 13.03624; null
5; Pedestrian; Noise; Intention; 23.09.2023 12:06:53; 804.6367; 0.2818001; 240.9841; Road; 13.05803; null
5; Pedestrian; Noise; Intention; 23.09.2023 12:06:53; 804.6369; 0.2818001; 240.9843; Road; 13.08091; null
5; Pedestrian; Noise; Intention; 23.09.2023 12:06:53; 804.6371; 0.2818001; 240.9844; Road; 13.10411; null
5; Pedestrian; Noise; Intention; 23.09.2023 12:06:53; 804.6379; 0.2818001; 240.9844; Road; 13.12472; null
5; Pedestrian; Noise; Intention; 23.09.2023 12:06:53; 804.6383; 0.2818001; 240.9844; Road; 13.13943; null
5; Pedestrian; Noise; Intention; 23.09.2023 12:06:53; 804.6393; 0.2818001; 240.9843; Road; 13.15821; null
5; Pedestrian; Noise; Intention; 23.09.2023 12:06:53; 804.6405; 0.2818001; 240.9842; Road; 13.17995; null
5; Pedestrian; Noise; Intention; 23.09.2023 12:06:53; 804.642; 0.2818001; 240.9841; Road; 13.20482; Checking Box AICar
5; Pedestrian; Noise; Intention; 23.09.2023 12:06:53; 804.6437; 0.2818001; 240.9839; Road; 13.22329; Checking Box AICar
5; Pedestrian; Noise; Intention; 23.09.2023 12:06:53; 804.6446; 0.2818001; 240.9838; Road; 13.23528; Checking Box AICar
5; Pedestrian; Noise; Intention; 23.09.2023 12:06:53; 804.6464; 0.2818001; 240.9837; Road; 13.25668; Checking Box AICar
5; Pedestrian; Noise; Intention; 23.09.2023 12:06:53; 804.6483; 0.2818001; 240.9837; Road; 13.27885; Checking Box AICar
5; Pedestrian; Noise; Intention; 23.09.2023 12:06:53; 804.6501; 0.2818001; 240.9836; Road; 13.3013; Checking Box AICar
5; Pedestrian; Noise; Intention; 23.09.2023 12:06:53; 804.6518; 0.2818001; 240.9836; Road; 13.3232; Checking Box AICar
5; Pedestrian; Noise; Intention; 23.09.2023 12:06:53; 804.6526; 0.2818001; 240.9836; Road; 13.33461; Checking Box AICar
5; Pedestrian; Noise; Intention; 23.09.2023 12:06:53; 804.6542; 0.2818001; 240.9837; Road; 13.36258; Checking Box AICar
5; Pedestrian; Noise; Intention; 23.09.2023 12:06:53; 804.6558; 0.2818001; 240.9838; Road; 13.37947; Checking Box AICar
5; Pedestrian; Noise; Intention; 23.09.2023 12:06:53; 804.6571; 0.2818001; 240.9839; Road; 13.38982; Checking Box AICar
5; Pedestrian; Noise; Intention; 23.09.2023 12:06:53; 804.6583; 0.2818001; 240.984; Road; 13.43011; Checking Box AICar
5; Pedestrian; Noise; Intention; 23.09.2023 12:06:54; 804.6586; 0.2818001; 240.9841; Road; 13.43952; Checking Box AICar
5; Pedestrian; Noise; Intention; 23.09.2023 12:06:54; 804.6591; 0.2818001; 240.9841; Road; 13.44904; Checking Box AICar
5; Pedestrian; Noise; Intention; 23.09.2023 12:06:54; 804.6599; 0.2818001; 240.9843; Road; 13.47988; Checking Box AICar
5; Pedestrian; Noise; Intention; 23.09.2023 12:06:54; 804.66; 0.2818001; 240.9845; Road; 13.50661; Checking Box AICar
5; Pedestrian; Noise; Intention; 23.09.2023 12:06:54; 804.6595; 0.2818001; 240.9847; Road; 13.52937; Checking Box AICar
5; Pedestrian; Noise; Intention; 23.09.2023 12:06:54; 804.6592; 0.2818001; 240.9849; Road; 13.53927; Checking Box AICar
5; Pedestrian; Noise; Intention; 23.09.2023 12:06:54; 804.6584; 0.2818001; 240.9852; Road; 13.56053; Checking Box AICar
5; Pedestrian; Noise; Intention; 23.09.2023 12:06:54; 804.6575; 0.2818001; 240.9857; Road; 13.57902; Checking Box AICar
5; Pedestrian; Noise; Intention; 23.09.2023 12:06:54; 804.6567; 0.2818001; 240.9863; Road; 13.6012; Checking Box AICar
5; Pedestrian; Noise; Intention; 23.09.2023 12:06:54; 804.6556; 0.2818001; 240.9868; Road; 13.62399; Checking Box AICar
5; Pedestrian; Noise; Intention; 23.09.2023 12:06:54; 804.6549; 0.2818001; 240.9871; Road; 13.6352; Checking Box AICar
5; Pedestrian; Noise; Intention; 23.09.2023 12:06:54; 804.6532; 0.2818001; 240.9877; Road; 13.65996; Checking Box AICar
5; Pedestrian; Noise; Intention; 23.09.2023 12:06:54; 804.651; 0.2818001; 240.9882; Road; 13.68215; Checking Box AICar
5; Pedestrian; Noise; Intention; 23.09.2023 12:06:54; 804.6482; 0.2818001; 240.9886; Road; 13.70121; Checking Box AICar
5; Pedestrian; Noise; Intention; 23.09.2023 12:06:54; 804.6444; 0.2818001; 240.9888; Road; 13.7241; Checking Box AICar
5; Pedestrian; Noise; Intention; 23.09.2023 12:06:54; 804.6422; 0.2818001; 240.9889; Road; 13.73637; Checking Box AICar
5; Pedestrian; Noise; Intention; 23.09.2023 12:06:54; 804.636; 0.2818001; 240.9889; Road; 13.75693; Checking Box AICar
5; Pedestrian; Noise; Intention; 23.09.2023 12:06:54; 804.6273; 0.2818001; 240.989; Road; 13.77843; Checking Box AICar
5; Pedestrian; Noise; Intention; 23.09.2023 12:06:54; 804.6165; 0.2818001; 240.9891; Road; 13.8014; Checking Box AICar
5; Pedestrian; Noise; Intention; 23.09.2023 12:06:54; 804.6038; 0.2818001; 240.9895; Road; 13.82977; Checking Box AICar
5; Pedestrian; Noise; Intention; 23.09.2023 12:06:54; 804.5969; 0.2818001; 240.9899; Road; 13.8394; Checking Box AICar
5; Pedestrian; Noise; Intention; 23.09.2023 12:06:54; 804.5831; 0.2818001; 240.9911; Road; 13.85768; Checking Box AICar
5; Pedestrian; Noise; Intention; 23.09.2023 12:06:54; 804.5686; 0.2818001; 240.9931; Road; 13.8874; Checking Box AICar
5; Pedestrian; Noise; Intention; 23.09.2023 12:06:54; 804.5538; 0.2818001; 240.9957; Road; 13.90722; Checking Box AICar
5; Pedestrian; Noise; Intention; 23.09.2023 12:06:54; 804.5394; 0.2818001; 240.9984; Road; 13.92629; null
5; Pedestrian; Noise; Intention; 23.09.2023 12:06:54; 804.5322; 0.2818001; 240.9998; Road; 13.93492; null
5; Pedestrian; Noise; Intention; 23.09.2023 12:06:54; 804.5252; 0.2818001; 241.0012; Road; 13.94496; null
5; Pedestrian; Noise; Intention; 23.09.2023 12:06:54; 804.506; 0.2818001; 241.0052; Road; 13.98982; null
5; Pedestrian; Noise; Intention; 23.09.2023 12:06:54; 804.4946; 0.2818001; 241.0076; Road; 14.00666; null
5; Pedestrian; Noise; Intention; 23.09.2023 12:06:54; 804.4839; 0.2818001; 241.0094; Road; 14.02423; null
5; Pedestrian; Noise; Intention; 23.09.2023 12:06:54; 804.4788; 0.2818001; 241.01; Road; 14.03337; null
5; Pedestrian; Noise; Intention; 23.09.2023 12:06:54; 804.4684; 0.2818001; 241.011; Road; 14.05625; null
5; Pedestrian; Noise; Intention; 23.09.2023 12:06:54; 804.4645; 0.2818001; 241.0112; Road; 14.06709; null
5; Pedestrian; Noise; Intention; 23.09.2023 12:06:54; 804.4373; 0.2818001; 241.0089; Road; 14.10328; null
5; Pedestrian; Noise; Intention; 23.09.2023 12:06:54; 804.4269; 0.2818001; 241.0087; Road; 14.12747; null
5; Pedestrian; Noise; Intention; 23.09.2023 12:06:54; 804.4218; 0.2818001; 241.0086; Road; 14.14063; null
5; Pedestrian; Noise; Intention; 23.09.2023 12:06:54; 804.4116; 0.2818001; 241.008; Road; 14.15939; null
5; Pedestrian; Noise; Intention; 23.09.2023 12:06:54; 804.405; 0.2818001; 241.0074; Road; 14.18041; null
5; Pedestrian; Noise; Intention; 23.09.2023 12:06:54; 804.405; 0.2818001; 241.0074; Road; 14.18041; null
5; Pedestrian; Noise; Intention; 23.09.2023 12:06:54; 804.3885; 0.2818001; 241.0052; Road; 14.22998; null
5; Pedestrian; Noise; Intention; 23.09.2023 12:06:54; 804.3862; 0.2818001; 241.0049; Road; 14.24214; null
5; Pedestrian; Noise; Intention; 23.09.2023 12:06:54; 804.3774; 0.2818001; 241.0034; Road; 14.26131; null
5; Pedestrian; Noise; Intention; 23.09.2023 12:06:54; 804.3698; 0.2818001; 241.002; Road; 14.28331; null
5; Pedestrian; Noise; Intention; 23.09.2023 12:06:54; 804.3629; 0.2818001; 241.0006; Road; 14.30669; null
5; Pedestrian; Noise; Intention; 23.09.2023 12:06:54; 804.3559; 0.2818001; 240.9992; Road; 14.32436; null
5; Pedestrian; Noise; Intention; 23.09.2023 12:06:54; 804.352; 0.2818001; 240.9984; Road; 14.33365; null
5; Pedestrian; Noise; Intention; 23.09.2023 12:06:54; 804.3457; 0.2818001; 240.9971; Road; 14.35637; null
5; Pedestrian; Noise; Intention; 23.09.2023 12:06:54; 804.3388; 0.2818001; 240.9957; Road; 14.37794; null
5; Pedestrian; Noise; Intention; 23.09.2023 12:06:54; 804.3315; 0.2818001; 240.9942; Road; 14.40021; null
5; Pedestrian; Noise; Intention; 23.09.2023 12:06:54; 804.3238; 0.2818001; 240.9926; Road; 14.423; null
5; Pedestrian; Noise; Intention; 23.09.2023 12:06:55; 804.3207; 0.2818001; 240.9919; Road; 14.43712; null
5; Pedestrian; Noise; Intention; 23.09.2023 12:06:55; 804.3152; 0.2818001; 240.9905; Road; 14.45691; null
5; Pedestrian; Noise; Intention; 23.09.2023 12:06:55; 804.3107; 0.2818001; 240.989; Road; 14.47803; null
5; Pedestrian; Noise; Intention; 23.09.2023 12:06:55; 804.3071; 0.2818001; 240.9878; Road; 14.49981; null
5; Pedestrian; Noise; Intention; 23.09.2023 12:06:55; 804.3032; 0.2818001; 240.9861; Road; 14.52221; null
5; Pedestrian; Noise; Intention; 23.09.2023 12:06:55; 804.3015; 0.2818001; 240.9854; Road; 14.53324; null
5; Pedestrian; Noise; Intention; 23.09.2023 12:06:55; 804.2982; 0.2818001; 240.9843; Road; 14.55612; null
5; Pedestrian; Noise; Intention; 23.09.2023 12:06:55; 804.295; 0.2818001; 240.9832; Road; 14.57768; null
5; Pedestrian; Noise; Intention; 23.09.2023 12:06:55; 804.2922; 0.2818001; 240.9821; Road; 14.60371; null
5; Pedestrian; Noise; Intention; 23.09.2023 12:06:55; 804.2897; 0.2818001; 240.9809; Road; 14.62218; null
5; Pedestrian; Noise; Intention; 23.09.2023 12:06:55; 804.2889; 0.2818001; 240.9804; Road; 14.63306; null
5; Pedestrian; Noise; Intention; 23.09.2023 12:06:55; 804.2866; 0.2818001; 240.9793; Road; 14.65586; null
5; Pedestrian; Noise; Intention; 23.09.2023 12:06:55; 804.2856; 0.2818001; 240.9787; Road; 14.66657; null
5; Pedestrian; Noise; Intention; 23.09.2023 12:06:55; 804.2821; 0.2818001; 240.9769; Road; 14.70039; null
5; Pedestrian; Noise; Intention; 23.09.2023 12:06:55; 804.2807; 0.2818001; 240.9757; Road; 14.72285; null
5; Pedestrian; Noise; Intention; 23.09.2023 12:06:55; 804.2803; 0.2818001; 240.9752; Road; 14.73462; null
5; Pedestrian; Noise; Intention; 23.09.2023 12:06:55; 804.2807; 0.2818001; 240.9741; Road; 14.75994; null
5; Pedestrian; Noise; Intention; 23.09.2023 12:06:55; 804.2821; 0.2818001; 240.9731; Road; 14.77882; null
5; Pedestrian; Noise; Intention; 23.09.2023 12:06:55; 804.2839; 0.2818001; 240.9721; Road; 14.80089; null
5; Pedestrian; Noise; Intention; 23.09.2023 12:06:55; 804.2859; 0.2818001; 240.9712; Road; 14.82411; null
5; Pedestrian; Noise; Intention; 23.09.2023 12:06:55; 804.2868; 0.2818001; 240.9708; Road; 14.8347; null
5; Pedestrian; Noise; Intention; 23.09.2023 12:06:55; 804.2881; 0.2818001; 240.97; Road; 14.85654; null
5; Pedestrian; Noise; Intention; 23.09.2023 12:06:55; 804.2897; 0.2818001; 240.9693; Road; 14.8791; null
5; Pedestrian; Noise; Intention; 23.09.2023 12:06:55; 804.2903; 0.2818001; 240.9689; Road; 14.90398; null
5; Pedestrian; Noise; Intention; 23.09.2023 12:06:55; 804.2895; 0.2818001; 240.9687; Road; 14.92549; null
5; Pedestrian; Noise; Intention; 23.09.2023 12:06:55; 804.2888; 0.2818001; 240.9686; Road; 14.93485; null
5; Pedestrian; Noise; Intention; 23.09.2023 12:06:55; 804.2871; 0.2818001; 240.9687; Road; 14.95691; null
5; Pedestrian; Noise; Intention; 23.09.2023 12:06:55; 804.2852; 0.2818001; 240.9691; Road; 14.97849; null
5; Pedestrian; Noise; Intention; 23.09.2023 12:06:55; 804.2819; 0.2818001; 240.9696; Road; 15.00176; null
5; Pedestrian; Noise; Intention; 23.09.2023 12:06:55; 804.2775; 0.2818001; 240.9705; Road; 15.02322; null
5; Pedestrian; Noise; Intention; 23.09.2023 12:06:55; 804.2744; 0.2818001; 240.9709; Road; 15.03406; null
5; Pedestrian; Noise; Intention; 23.09.2023 12:06:55; 804.2675; 0.2818001; 240.9719; Road; 15.06012; null
5; Pedestrian; Noise; Intention; 23.09.2023 12:06:55; 804.2593; 0.2818001; 240.9731; Road; 15.08309; null
5; Pedestrian; Noise; Intention; 23.09.2023 12:06:55; 804.2504; 0.2818001; 240.9742; Road; 15.10096; null
5; Pedestrian; Noise; Intention; 23.09.2023 12:06:55; 804.2406; 0.2818001; 240.9753; Road; 15.1222; null
5; Pedestrian; Noise; Intention; 23.09.2023 12:06:55; 804.2353; 0.2818001; 240.9758; Road; 15.13332; null
5; Pedestrian; Noise; Intention; 23.09.2023 12:06:55; 804.2242; 0.2818001; 240.9767; Road; 15.15577; null
5; Pedestrian; Noise; Intention; 23.09.2023 12:06:55; 804.2129; 0.2818001; 240.9776; Road; 15.17723; null
5; Pedestrian; Noise; Intention; 23.09.2023 12:06:55; 804.2007; 0.2818001; 240.9783; Road; 15.19984; null
5; Pedestrian; Noise; Intention; 23.09.2023 12:06:55; 804.1875; 0.2818001; 240.979; Road; 15.22527; null
5; Pedestrian; Noise; Intention; 23.09.2023 12:06:55; 804.1808; 0.2818001; 240.9793; Road; 15.24013; null
5; Pedestrian; Noise; Intention; 23.09.2023 12:06:55; 804.1679; 0.2818001; 240.9798; Road; 15.25831; null
5; Pedestrian; Noise; Intention; 23.09.2023 12:06:55; 804.1612; 0.2818001; 240.98; Road; 15.26665; null
5; Pedestrian; Noise; Intention; 23.09.2023 12:06:55; 804.1414; 0.2818001; 240.9803; Road; 15.30032; null
5; Pedestrian; Noise; Intention; 23.09.2023 12:06:55; 804.1275; 0.2818001; 240.98; Road; 15.32212; null
5; Pedestrian; Noise; Intention; 23.09.2023 12:06:55; 804.1204; 0.2818001; 240.9797; Road; 15.33319; null
5; Pedestrian; Noise; Intention; 23.09.2023 12:06:55; 804.1057; 0.2818001; 240.9789; Road; 15.35612; null
5; Pedestrian; Noise; Intention; 23.09.2023 12:06:55; 804.0905; 0.2818001; 240.978; Road; 15.38181; null
5; Pedestrian; Noise; Intention; 23.09.2023 12:06:55; 804.0751; 0.2818001; 240.9769; Road; 15.39962; null
5; Pedestrian; Noise; Intention; 23.09.2023 12:06:56; 804.059; 0.2818001; 240.9755; Road; 15.4224; null
5; Pedestrian; Noise; Intention; 23.09.2023 12:06:56; 804.0511; 0.2818001; 240.9747; Road; 15.43308; null
5; Pedestrian; Noise; Intention; 23.09.2023 12:06:56; 804.0352; 0.2818001; 240.9731; Road; 15.45602; null
5; Pedestrian; Noise; Intention; 23.09.2023 12:06:56; 804.0189; 0.2818001; 240.9715; Road; 15.47752; null
5; Pedestrian; Noise; Intention; 23.09.2023 12:06:56; 804.0016; 0.2818001; 240.9698; Road; 15.49954; null
5; Pedestrian; Noise; Intention; 23.09.2023 12:06:56; 803.9835; 0.2818001; 240.9679; Road; 15.52518; null
5; Pedestrian; Noise; Intention; 23.09.2023 12:06:56; 803.9744; 0.2818001; 240.9669; Road; 15.53674; null
5; Pedestrian; Noise; Intention; 23.09.2023 12:06:56; 803.9564; 0.2818001; 240.965; Road; 15.55541; null
5; Pedestrian; Noise; Intention; 23.09.2023 12:06:56; 803.9384; 0.2818001; 240.9631; Road; 15.57754; null
5; Pedestrian; Noise; Intention; 23.09.2023 12:06:56; 803.9209; 0.2818001; 240.9616; Road; 15.59954; null
5; Pedestrian; Noise; Intention; 23.09.2023 12:06:56; 803.9032; 0.2818001; 240.9609; Road; 15.62251; null
5; Pedestrian; Noise; Intention; 23.09.2023 12:06:56; 803.8949; 0.2818001; 240.961; Road; 15.63279; null
5; Pedestrian; Noise; Intention; 23.09.2023 12:06:56; 803.8788; 0.2818001; 240.9619; Road; 15.65689; null
5; Pedestrian; Noise; Intention; 23.09.2023 12:06:56; 803.8618; 0.2818001; 240.9636; Road; 15.68129; null
5; Pedestrian; Noise; Intention; 23.09.2023 12:06:56; 803.8453; 0.2818001; 240.9657; Road; 15.70287; null
5; Pedestrian; Noise; Intention; 23.09.2023 12:06:56; 803.8285; 0.2818001; 240.968; Road; 15.72381; null
5; Pedestrian; Noise; Intention; 23.09.2023 12:06:56; 803.8202; 0.2818001; 240.9691; Road; 15.73454; null
5; Pedestrian; Noise; Intention; 23.09.2023 12:06:56; 803.8044; 0.2818001; 240.9714; Road; 15.75687; null
5; Pedestrian; Noise; Intention; 23.09.2023 12:06:56; 803.7886; 0.2818001; 240.9734; Road; 15.77768; null
5; Pedestrian; Noise; Intention; 23.09.2023 12:06:56; 803.7727; 0.2818001; 240.9751; Road; 15.8001; null
5; Pedestrian; Noise; Intention; 23.09.2023 12:06:56; 803.7561; 0.2818001; 240.9765; Road; 15.82247; null
5; Pedestrian; Noise; Intention; 23.09.2023 12:06:56; 803.7471; 0.2818001; 240.9771; Road; 15.83721; null
5; Pedestrian; Noise; Intention; 23.09.2023 12:06:56; 803.7296; 0.2818001; 240.9783; Road; 15.85795; null
5; Pedestrian; Noise; Intention; 23.09.2023 12:06:56; 803.7122; 0.2818001; 240.9795; Road; 15.8778; null
5; Pedestrian; Noise; Intention; 23.09.2023 12:06:56; 803.6946; 0.2818001; 240.9807; Road; 15.89966; null
5; Pedestrian; Noise; Intention; 23.09.2023 12:06:56; 803.6859; 0.2818001; 240.9813; Road; 15.91152; null
5; Pedestrian; Noise; Intention; 23.09.2023 12:06:56; 803.6681; 0.2818001; 240.9827; Road; 15.93319; null
5; Pedestrian; Noise; Intention; 23.09.2023 12:06:56; 803.6503; 0.2818001; 240.9841; Road; 15.95617; null
5; Pedestrian; Noise; Intention; 23.09.2023 12:06:56; 803.6326; 0.2818001; 240.9858; Road; 15.97812; null
5; Pedestrian; Noise; Intention; 23.09.2023 12:06:56; 803.6146; 0.2818001; 240.9876; Road; 16.0034; null
5; Pedestrian; Noise; Intention; 23.09.2023 12:06:56; 803.5964; 0.2818001; 240.9896; Road; 16.02257; null
5; Pedestrian; Noise; Intention; 23.09.2023 12:06:56; 803.5875; 0.2818001; 240.9907; Road; 16.03322; null
5; Pedestrian; Noise; Intention; 23.09.2023 12:06:56; 803.5696; 0.2818001; 240.993; Road; 16.05603; null
5; Pedestrian; Noise; Intention; 23.09.2023 12:06:56; 803.5517; 0.2818001; 240.9955; Road; 16.07758; null
5; Pedestrian; Noise; Intention; 23.09.2023 12:06:56; 803.5328; 0.2818001; 240.9979; Road; 16.10071; null
5; Pedestrian; Noise; Intention; 23.09.2023 12:06:56; 803.513; 0.2818001; 241.0003; Road; 16.12344; null
5; Pedestrian; Noise; Intention; 23.09.2023 12:06:56; 803.5029; 0.2818001; 241.0014; Road; 16.13494; null
5; Pedestrian; Noise; Intention; 23.09.2023 12:06:56; 803.4819; 0.2818001; 241.0035; Road; 16.15965; null
5; Pedestrian; Noise; Intention; 23.09.2023 12:06:56; 803.4598; 0.2818001; 241.0054; Road; 16.17849; null
5; Pedestrian; Noise; Intention; 23.09.2023 12:06:56; 803.437; 0.2818001; 241.0074; Road; 16.20114; null
5; Pedestrian; Noise; Intention; 23.09.2023 12:06:56; 803.4133; 0.2818001; 241.0091; Road; 16.22356; null
5; Pedestrian; Noise; Intention; 23.09.2023 12:06:56; 803.4008; 0.2818001; 241.0098; Road; 16.23434; null
5; Pedestrian; Noise; Intention; 23.09.2023 12:06:56; 803.3763; 0.2818001; 241.0111; Road; 16.25706; null
5; Pedestrian; Noise; Intention; 23.09.2023 12:06:56; 803.352; 0.2818001; 241.0119; Road; 16.27903; null
5; Pedestrian; Noise; Intention; 23.09.2023 12:06:56; 803.3259; 0.2818001; 241.0122; Road; 16.30536; null
5; Pedestrian; Noise; Intention; 23.09.2023 12:06:56; 803.2978; 0.2818001; 241.0123; Road; 16.32628; null
5; Pedestrian; Noise; Intention; 23.09.2023 12:06:56; 803.2834; 0.2818001; 241.0122; Road; 16.33461; null
5; Pedestrian; Noise; Intention; 23.09.2023 12:06:56; 803.2526; 0.2818001; 241.0114; Road; 16.35661; null
5; Pedestrian; Noise; Intention; 23.09.2023 12:06:56; 803.2204; 0.2818001; 241.0095; Road; 16.37814; null
5; Pedestrian; Noise; Intention; 23.09.2023 12:06:56; 803.1874; 0.2818001; 241.007; Road; 16.40015; null
5; Pedestrian; Noise; Intention; 23.09.2023 12:06:57; 803.1533; 0.2818001; 241.0038; Road; 16.42249; null
5; Pedestrian; Noise; Intention; 23.09.2023 12:06:57; 803.1354; 0.2818001; 241.0018; Road; 16.43377; Checking Box Human
5; Pedestrian; Noise; Intention; 23.09.2023 12:06:57; 803.0999; 0.2818001; 240.9974; Road; 16.45925; Checking Box Human
5; Pedestrian; Noise; Intention; 23.09.2023 12:06:57; 803.0644; 0.2818001; 240.9922; Road; 16.47981; Checking Box Human
5; Pedestrian; Noise; Intention; 23.09.2023 12:06:57; 803.0295; 0.2818001; 240.9866; Road; 16.49996; null
5; Pedestrian; Noise; Intention; 23.09.2023 12:06:57; 802.9965; 0.2818001; 240.9801; Road; 16.52233; null
5; Pedestrian; Noise; Intention; 23.09.2023 12:06:57; 802.9802; 0.2818001; 240.9767; Road; 16.53338; null
5; Pedestrian; Noise; Intention; 23.09.2023 12:06:57; 802.9648; 0.2818001; 240.9729; Road; 16.54487; null
5; Pedestrian; Noise; Intention; 23.09.2023 12:06:57; 802.9158; 0.2818001; 240.9625; Road; 16.57944; null
5; Pedestrian; Noise; Intention; 23.09.2023 12:06:57; 802.8849; 0.2818001; 240.9553; Road; 16.60096; null
5; Pedestrian; Noise; Intention; 23.09.2023 12:06:57; 802.8566; 0.2818001; 240.9483; Road; 16.62942; null
5; Pedestrian; Noise; Intention; 23.09.2023 12:06:57; 802.8447; 0.2818001; 240.9451; Road; 16.63755; null
5; Pedestrian; Noise; Intention; 23.09.2023 12:06:57; 802.8203; 0.2818001; 240.9389; Road; 16.65475; null
5; Pedestrian; Noise; Intention; 23.09.2023 12:06:57; 802.7958; 0.2818001; 240.9329; Road; 16.67755; null
5; Pedestrian; Noise; Intention; 23.09.2023 12:06:57; 802.7723; 0.2818001; 240.9272; Road; 16.70028; null
5; Pedestrian; Noise; Intention; 23.09.2023 12:06:57; 802.7491; 0.2818001; 240.9217; Road; 16.72283; null
5; Pedestrian; Noise; Intention; 23.09.2023 12:06:57; 802.7364; 0.2818001; 240.919; Road; 16.73352; null
5; Pedestrian; Noise; Intention; 23.09.2023 12:06:57; 802.7163; 0.2818001; 240.9144; Road; 16.75586; null
5; Pedestrian; Noise; Intention; 23.09.2023 12:06:57; 802.6927; 0.2818001; 240.9093; Road; 16.78132; null
5; Pedestrian; Noise; Intention; 23.09.2023 12:06:57; 802.6707; 0.2818001; 240.9049; Road; 16.8012; null
5; Pedestrian; Noise; Intention; 23.09.2023 12:06:57; 802.6477; 0.2818001; 240.9007; Road; 16.82183; Checking Box Human
5; Pedestrian; Noise; Intention; 23.09.2023 12:06:57; 802.6358; 0.2818001; 240.8987; Road; 16.83265; Checking Box Human
5; Pedestrian; Noise; Intention; 23.09.2023 12:06:57; 802.6135; 0.2818001; 240.8951; Road; 16.8549; Checking Box Human
5; Pedestrian; Noise; Intention; 23.09.2023 12:06:57; 802.5916; 0.2818001; 240.8914; Road; 16.87703; Checking Box Human
5; Pedestrian; Noise; Intention; 23.09.2023 12:06:57; 802.5704; 0.2818001; 240.8875; Road; 16.89981; Checking Box Human
5; Pedestrian; Noise; Intention; 23.09.2023 12:06:57; 802.5598; 0.2818001; 240.8856; Road; 16.91066; null
5; Pedestrian; Noise; Intention; 23.09.2023 12:06:57; 802.5495; 0.2818001; 240.8838; Road; 16.93298; null
5; Pedestrian; Noise; Intention; 23.09.2023 12:06:57; 802.5204; 0.2818001; 240.8781; Road; 16.95637; null
5; Pedestrian; Noise; Intention; 23.09.2023 12:06:57; 802.5027; 0.2818001; 240.8737; Road; 16.97705; null
5; Pedestrian; Noise; Intention; 23.09.2023 12:06:57; 802.4863; 0.2818001; 240.8698; Road; 16.99907; null
5; Pedestrian; Noise; Intention; 23.09.2023 12:06:57; 802.47; 0.2818001; 240.8665; Road; 17.02156; null
5; Pedestrian; Noise; Intention; 23.09.2023 12:06:57; 802.4629; 0.2818001; 240.8653; Road; 17.03228; null
5; Pedestrian; Noise; Intention; 23.09.2023 12:06:57; 802.4469; 0.2818001; 240.863; Road; 17.0547; null
5; Pedestrian; Noise; Intention; 23.09.2023 12:06:57; 802.4385; 0.2818001; 240.8621; Road; 17.06603; null
5; Pedestrian; Noise; Intention; 23.09.2023 12:06:57; 802.4139; 0.2818001; 240.8606; Road; 17.11019; null
5; Pedestrian; Noise; Intention; 23.09.2023 12:06:57; 802.4058; 0.2818001; 240.8615; Road; 17.12904; Checking Box AICar
5; Pedestrian; Noise; Intention; 23.09.2023 12:06:57; 802.3976; 0.2818001; 240.8616; Road; 17.13814; Checking Box AICar
5; Pedestrian; Noise; Intention; 23.09.2023 12:06:57; 802.3798; 0.2818001; 240.8626; Road; 17.15907; Checking Box AICar
5; Pedestrian; Noise; Intention; 23.09.2023 12:06:57; 802.3605; 0.2818001; 240.8637; Road; 17.17841; Checking Box AICar
5; Pedestrian; Noise; Intention; 23.09.2023 12:06:57; 802.3401; 0.2818001; 240.8645; Road; 17.19918; Checking Box AICar
5; Pedestrian; Noise; Intention; 23.09.2023 12:06:57; 802.3198; 0.2818001; 240.8657; Road; 17.22239; Checking Box AICar
5; Pedestrian; Noise; Intention; 23.09.2023 12:06:57; 802.3198; 0.2818001; 240.8657; Road; 17.22239; Checking Box AICar
5; Pedestrian; Noise; Intention; 23.09.2023 12:06:57; 802.2858; 0.2818001; 240.8671; Road; 17.25738; Checking Box AICar
5; Pedestrian; Noise; Intention; 23.09.2023 12:06:57; 802.2623; 0.2818001; 240.8683; Road; 17.27857; Checking Box AICar
5; Pedestrian; Noise; Intention; 23.09.2023 12:06:57; 802.2379; 0.2818001; 240.8692; Road; 17.29943; Checking Box AICar
5; Pedestrian; Noise; Intention; 23.09.2023 12:06:57; 802.2127; 0.2818001; 240.8699; Road; 17.32189; Checking Box AICar
5; Pedestrian; Noise; Intention; 23.09.2023 12:06:57; 802.2001; 0.2818001; 240.8703; Road; 17.33273; Checking Box AICar
5; Pedestrian; Noise; Intention; 23.09.2023 12:06:57; 802.1735; 0.2818001; 240.8706; Road; 17.35568; Checking Box AICar
5; Pedestrian; Noise; Intention; 23.09.2023 12:06:57; 802.1458; 0.2818001; 240.871; Road; 17.37741; Checking Box AICar
5; Pedestrian; Noise; Intention; 23.09.2023 12:06:57; 802.1168; 0.2818001; 240.8711; Road; 17.40577; Checking Box AICar
5; Pedestrian; Noise; Intention; 23.09.2023 12:06:57; 802.0872; 0.2818001; 240.8708; Road; 17.42792; Checking Box AICar
5; Pedestrian; Noise; Intention; 23.09.2023 12:06:58; 802.0726; 0.2818001; 240.8707; Road; 17.43748; Checking Box AICar
5; Pedestrian; Noise; Intention; 23.09.2023 12:06:58; 802.043; 0.2818001; 240.8703; Road; 17.45668; Checking Box AICar
5; Pedestrian; Noise; Intention; 23.09.2023 12:06:58; 802.0131; 0.2818001; 240.87; Road; 17.48237; Checking Box AICar
5; Pedestrian; Noise; Intention; 23.09.2023 12:06:58; 801.9985; 0.2818001; 240.8698; Road; 17.49813; Checking Box AICar
5; Pedestrian; Noise; Intention; 23.09.2023 12:06:58; 801.9684; 0.2818001; 240.8689; Road; 17.51329; Checking Box AICar
5; Pedestrian; Noise; Intention; 23.09.2023 12:06:58; 801.9533; 0.2818001; 240.8683; Road; 17.52949; Checking Box AICar
5; Pedestrian; Noise; Intention; 23.09.2023 12:06:58; 801.9237; 0.2818001; 240.8671; Road; 17.5492; Checking Box AICar
5; Pedestrian; Noise; Intention; 23.09.2023 12:06:58; 801.8781; 0.2818001; 240.8643; Road; 17.58126; Checking Box AICar
5; Pedestrian; Noise; Intention; 23.09.2023 12:06:58; 801.8482; 0.2818001; 240.862; Road; 17.60324; Checking Box AICar
5; Pedestrian; Noise; Intention; 23.09.2023 12:06:58; 801.8183; 0.2818001; 240.8593; Road; 17.62663; Checking Box AICar
5; Pedestrian; Noise; Intention; 23.09.2023 12:06:58; 801.8033; 0.2818001; 240.8578; Road; 17.63613; Checking Box AICar
5; Pedestrian; Noise; Intention; 23.09.2023 12:06:58; 801.7727; 0.2818001; 240.8548; Road; 17.6564; Checking Box AICar
5; Pedestrian; Noise; Intention; 23.09.2023 12:06:58; 801.7427; 0.2818001; 240.8516; Road; 17.67772; Checking Box AICar
5; Pedestrian; Noise; Intention; 23.09.2023 12:06:58; 801.7124; 0.2818001; 240.8483; Road; 17.70382; Checking Box AICar
5; Pedestrian; Noise; Intention; 23.09.2023 12:06:58; 801.6824; 0.2818001; 240.8453; Road; 17.72941; Checking Box AICar
5; Pedestrian; Noise; Intention; 23.09.2023 12:06:58; 801.6677; 0.2818001; 240.8441; Road; 17.74057; Checking Box AICar
5; Pedestrian; Noise; Intention; 23.09.2023 12:06:58; 801.6384; 0.2818001; 240.8421; Road; 17.76338; Checking Box AICar
5; Pedestrian; Noise; Intention; 23.09.2023 12:06:58; 801.6089; 0.2818001; 240.8405; Road; 17.78358; Checking Box AICar
5; Pedestrian; Noise; Intention; 23.09.2023 12:06:58; 801.58; 0.2818001; 240.8394; Road; 17.80609; Checking Box AICar
5; Pedestrian; Noise; Intention; 23.09.2023 12:06:58; 801.5652; 0.2818001; 240.839; Road; 17.82097; Checking Box AICar
5; Pedestrian; Noise; Intention; 23.09.2023 12:06:58; 801.5361; 0.2818001; 240.8382; Road; 17.83558; Checking Box AICar
5; Pedestrian; Noise; Intention; 23.09.2023 12:06:58; 801.5215; 0.2818001; 240.838; Road; 17.8489; Checking Box AICar
5; Pedestrian; Noise; Intention; 23.09.2023 12:06:58; 801.478; 0.2818001; 240.8379; Road; 17.87825; Checking Box AICar
5; Pedestrian; Noise; Intention; 23.09.2023 12:06:58; 801.4488; 0.2818001; 240.8384; Road; 17.90074; null
5; Pedestrian; Noise; Intention; 23.09.2023 12:06:58; 801.4197; 0.2818001; 240.8389; Road; 17.92151; null
5; Pedestrian; Noise; Intention; 23.09.2023 12:06:58; 801.405; 0.2818001; 240.8394; Road; 17.93241; null
5; Pedestrian; Noise; Intention; 23.09.2023 12:06:58; 801.3751; 0.2818001; 240.8405; Road; 17.95474; null
5; Pedestrian; Noise; Intention; 23.09.2023 12:06:58; 801.3437; 0.2818001; 240.8423; Road; 17.97784; null
5; Pedestrian; Noise; Intention; 23.09.2023 12:06:58; 801.3113; 0.2818001; 240.8449; Road; 17.99958; null
5; Pedestrian; Noise; Intention; 23.09.2023 12:06:58; 801.2943; 0.2818001; 240.8466; Road; 18.02103; null
5; Pedestrian; Noise; Intention; 23.09.2023 12:06:58; 801.2585; 0.2818001; 240.8506; Road; 18.0357; null
5; Pedestrian; Noise; Intention; 23.09.2023 12:06:58; 801.2205; 0.2818001; 240.856; Road; 18.05609; null
5; Pedestrian; Noise; Intention; 23.09.2023 12:06:58; 801.181; 0.2818001; 240.8629; Road; 18.07799; null
5; Pedestrian; Noise; Intention; 23.09.2023 12:06:58; 801.1235; 0.2818001; 240.8746; Road; 18.11103; null
5; Pedestrian; Noise; Intention; 23.09.2023 12:06:58; 801.0858; 0.2818001; 240.8828; Road; 18.13197; null
5; Pedestrian; Noise; Intention; 23.09.2023 12:06:58; 801.0858; 0.2818001; 240.8828; Road; 18.13197; null
5; Pedestrian; Noise; Intention; 23.09.2023 12:06:58; 801.0489; 0.2818001; 240.8911; Road; 18.15518; null
5; Pedestrian; Noise; Intention; 23.09.2023 12:06:58; 801.014; 0.2818001; 240.8994; Road; 18.18032; Checking Box Human
5; Pedestrian; Noise; Intention; 23.09.2023 12:06:58; 800.9647; 0.2818001; 240.9112; Road; 18.20984; Checking Box Human
5; Pedestrian; Noise; Intention; 23.09.2023 12:06:58; 800.9496; 0.2818001; 240.9152; Road; 18.22041; Checking Box Human
5; Pedestrian; Noise; Intention; 23.09.2023 12:06:58; 800.9208; 0.2818001; 240.9229; Road; 18.24376; Checking Box Human
5; Pedestrian; Noise; Intention; 23.09.2023 12:06:58; 800.9066; 0.2818001; 240.9265; Road; 18.25388; Checking Box Human
5; Pedestrian; Noise; Intention; 23.09.2023 12:06:58; 800.8703; 0.2818001; 240.9374; Road; 18.28794; null
5; Pedestrian; Noise; Intention; 23.09.2023 12:06:58; 800.8604; 0.2818001; 240.9411; Road; 18.29848; null
5; Pedestrian; Noise; Intention; 23.09.2023 12:06:58; 800.8382; 0.2818001; 240.9477; Road; 18.32461; null
5; Pedestrian; Noise; Intention; 23.09.2023 12:06:58; 800.826; 0.2818001; 240.9504; Road; 18.3363; null
5; Pedestrian; Noise; Intention; 23.09.2023 12:06:58; 800.796; 0.2818001; 240.9581; Road; 18.36531; null
5; Pedestrian; Noise; Intention; 23.09.2023 12:06:58; 800.7753; 0.2818001; 240.9621; Road; 18.38759; null
5; Pedestrian; Noise; Intention; 23.09.2023 12:06:58; 800.7543; 0.2818001; 240.9657; Road; 18.40986; null
5; Pedestrian; Noise; Intention; 23.09.2023 12:06:59; 800.7336; 0.2818001; 240.9689; Road; 18.43176; null
5; Pedestrian; Noise; Intention; 23.09.2023 12:06:59; 800.7336; 0.2818001; 240.9689; Road; 18.43176; null
5; Pedestrian; Noise; Intention; 23.09.2023 12:06:59; 800.7142; 0.2818001; 240.9717; Road; 18.45639; null
5; Pedestrian; Noise; Intention; 23.09.2023 12:06:59; 800.692; 0.2818001; 240.9733; Road; 18.48133; null
5; Pedestrian; Noise; Intention; 23.09.2023 12:06:59; 800.6569; 0.2818001; 240.9741; Road; 18.51181; null
5; Pedestrian; Noise; Intention; 23.09.2023 12:06:59; 800.6337; 0.2818001; 240.9737; Road; 18.5319; null
5; Pedestrian; Noise; Intention; 23.09.2023 12:06:59; 800.6219; 0.2818001; 240.9735; Road; 18.54255; null
5; Pedestrian; Noise; Intention; 23.09.2023 12:06:59; 800.5977; 0.2818001; 240.9735; Road; 18.56493; null
5; Pedestrian; Noise; Intention; 23.09.2023 12:06:59; 800.5688; 0.2818001; 240.9714; Road; 18.58702; null
5; Pedestrian; Noise; Intention; 23.09.2023 12:06:59; 800.5537; 0.2818001; 240.9698; Road; 18.59776; null
5; Pedestrian; Noise; Intention; 23.09.2023 12:06:59; 800.5258; 0.2818001; 240.9675; Road; 18.62078; null
5; Pedestrian; Noise; Intention; 23.09.2023 12:06:59; 800.5128; 0.2818001; 240.9662; Road; 18.63477; null
5; Pedestrian; Noise; Intention; 23.09.2023 12:06:59; 800.4716; 0.2818001; 240.9616; Road; 18.66625; null
5; Pedestrian; Noise; Intention; 23.09.2023 12:06:59; 800.4434; 0.2818001; 240.9585; Road; 18.68703; null
5; Pedestrian; Noise; Intention; 23.09.2023 12:06:59; 800.4139; 0.2818001; 240.9557; Road; 18.70995; null
5; Pedestrian; Noise; Intention; 23.09.2023 12:06:59; 800.3984; 0.2818001; 240.9544; Road; 18.71997; null
5; Pedestrian; Noise; Intention; 23.09.2023 12:06:59; 800.3704; 0.2818001; 240.9519; Road; 18.74455; null
5; Pedestrian; Noise; Intention; 23.09.2023 12:06:59; 800.3563; 0.2818001; 240.9508; Road; 18.75361; null
5; Pedestrian; Noise; Intention; 23.09.2023 12:06:59; 800.3287; 0.2818001; 240.9486; Road; 18.77715; null
5; Pedestrian; Noise; Intention; 23.09.2023 12:06:59; 800.2859; 0.2818001; 240.9456; Road; 18.81175; null
5; Pedestrian; Noise; Intention; 23.09.2023 12:06:59; 800.2575; 0.2818001; 240.944; Road; 18.83162; null
5; Pedestrian; Noise; Intention; 23.09.2023 12:06:59; 800.243; 0.2818001; 240.9432; Road; 18.84277; null
5; Pedestrian; Noise; Intention; 23.09.2023 12:06:59; 800.2151; 0.2818001; 240.9418; Road; 18.86445; null
5; Pedestrian; Noise; Intention; 23.09.2023 12:06:59; 800.1868; 0.2818001; 240.9405; Road; 18.88703; null
5; Pedestrian; Noise; Intention; 23.09.2023 12:06:59; 800.1565; 0.2818001; 240.9393; Road; 18.91047; null
5; Pedestrian; Noise; Intention; 23.09.2023 12:06:59; 800.1418; 0.2818001; 240.9388; Road; 18.92105; null
5; Pedestrian; Noise; Intention; 23.09.2023 12:06:59; 800.1269; 0.2818001; 240.9384; Road; 18.933; null
5; Pedestrian; Noise; Intention; 23.09.2023 12:06:59; 800.0969; 0.2818001; 240.9376; Road; 18.95905; null
5; Pedestrian; Noise; Intention; 23.09.2023 12:06:59; 800.0511; 0.2818001; 240.9369; Road; 18.9892; null
5; Pedestrian; Noise; Intention; 23.09.2023 12:06:59; 800.0362; 0.2818001; 240.937; Road; 18.99759; null
5; Pedestrian; Noise; Intention; 23.09.2023 12:06:59; 799.9896; 0.2818001; 240.9372; Road; 19.03123; null
5; Pedestrian; Noise; Intention; 23.09.2023 12:06:59; 799.9749; 0.2818001; 240.9375; Road; 19.04241; null
5; Pedestrian; Noise; Intention; 23.09.2023 12:06:59; 799.945; 0.2818001; 240.9385; Road; 19.06428; null
5; Pedestrian; Noise; Intention; 23.09.2023 12:06:59; 799.9304; 0.2818001; 240.9392; Road; 19.07643; null
5; Pedestrian; Noise; Intention; 23.09.2023 12:06:59; 799.886; 0.2818001; 240.942; Road; 19.11264; null
5; Pedestrian; Noise; Intention; 23.09.2023 12:06:59; 799.8578; 0.2818001; 240.9445; Road; 19.13129; null
5; Pedestrian; Noise; Intention; 23.09.2023 12:06:59; 799.8442; 0.2818001; 240.946; Road; 19.14231; null
5; Pedestrian; Noise; Intention; 23.09.2023 12:06:59; 799.8157; 0.2818001; 240.9493; Road; 19.16428; null
5; Pedestrian; Noise; Intention; 23.09.2023 12:06:59; 799.7872; 0.2818001; 240.9527; Road; 19.18675; null
5; Pedestrian; Noise; Intention; 23.09.2023 12:06:59; 799.7582; 0.2818001; 240.9562; Road; 19.20984; null
5; Pedestrian; Noise; Intention; 23.09.2023 12:06:59; 799.7438; 0.2818001; 240.958; Road; 19.21981; null
5; Pedestrian; Noise; Intention; 23.09.2023 12:06:59; 799.7312; 0.2818001; 240.9598; Road; 19.23141; null
5; Pedestrian; Noise; Intention; 23.09.2023 12:06:59; 799.703; 0.2818001; 240.963; Road; 19.25381; null
5; Pedestrian; Noise; Intention; 23.09.2023 12:06:59; 799.6762; 0.2818001; 240.9658; Road; 19.28097; null
5; Pedestrian; Noise; Intention; 23.09.2023 12:06:59; 799.6356; 0.2818001; 240.9693; Road; 19.30933; null
5; Pedestrian; Noise; Intention; 23.09.2023 12:06:59; 799.6093; 0.2818001; 240.9714; Road; 19.33123; null
5; Pedestrian; Noise; Intention; 23.09.2023 12:06:59; 799.5953; 0.2818001; 240.9724; Road; 19.3423; null
5; Pedestrian; Noise; Intention; 23.09.2023 12:06:59; 799.5818; 0.2818001; 240.9733; Road; 19.35377; null
5; Pedestrian; Noise; Intention; 23.09.2023 12:06:59; 799.541; 0.2818001; 240.9757; Road; 19.38713; null
5; Pedestrian; Noise; Intention; 23.09.2023 12:06:59; 799.5277; 0.2818001; 240.9764; Road; 19.39833; null
5; Pedestrian; Noise; Intention; 23.09.2023 12:06:59; 799.5005; 0.2818001; 240.9777; Road; 19.42361; null
5; Pedestrian; Noise; Intention; 23.09.2023 12:07:00; 799.4874; 0.2818001; 240.9784; Road; 19.43704; null
5; Pedestrian; Noise; Intention; 23.09.2023 12:07:00; 799.4465; 0.2818001; 240.9796; Road; 19.46823; null
5; Pedestrian; Noise; Intention; 23.09.2023 12:07:00; 799.419; 0.2818001; 240.9801; Road; 19.48668; null
5; Pedestrian; Noise; Intention; 23.09.2023 12:07:00; 799.3919; 0.2818001; 240.9805; Road; 19.5092; null
5; Pedestrian; Noise; Intention; 23.09.2023 12:07:00; 799.3644; 0.2818001; 240.9807; Road; 19.53112; null
5; Pedestrian; Noise; Intention; 23.09.2023 12:07:00; 799.3509; 0.2818001; 240.9808; Road; 19.54261; null
5; Pedestrian; Noise; Intention; 23.09.2023 12:07:00; 799.3374; 0.2818001; 240.9808; Road; 19.55371; null
5; Pedestrian; Noise; Intention; 23.09.2023 12:07:00; 799.3043; 0.2818001; 240.9789; Road; 19.57973; null
5; Pedestrian; Noise; Intention; 23.09.2023 12:07:00; 799.2617; 0.2818001; 240.9771; Road; 19.6121; null
5; Pedestrian; Noise; Intention; 23.09.2023 12:07:00; 799.2326; 0.2818001; 240.9753; Road; 19.63121; null
5; Pedestrian; Noise; Intention; 23.09.2023 12:07:00; 799.2191; 0.2818001; 240.9744; Road; 19.64229; null
5; Pedestrian; Noise; Intention; 23.09.2023 12:07:00; 799.1913; 0.2818001; 240.9722; Road; 19.66436; null
5; Pedestrian; Noise; Intention; 23.09.2023 12:07:00; 799.1631; 0.2818001; 240.9697; Road; 19.68662; null
5; Pedestrian; Noise; Intention; 23.09.2023 12:07:00; 799.1343; 0.2818001; 240.9673; Road; 19.70928; null
5; Pedestrian; Noise; Intention; 23.09.2023 12:07:00; 799.1208; 0.2818001; 240.9662; Road; 19.71986; null
5; Pedestrian; Noise; Intention; 23.09.2023 12:07:00; 799.1061; 0.2818001; 240.9652; Road; 19.73433; null
5; Pedestrian; Noise; Intention; 23.09.2023 12:07:00; 799.0784; 0.2818001; 240.9636; Road; 19.76148; null
5; Pedestrian; Noise; Intention; 23.09.2023 12:07:00; 799.0378; 0.2818001; 240.9618; Road; 19.78731; null
5; Pedestrian; Noise; Intention; 23.09.2023 12:07:00; 799.0108; 0.2818001; 240.9609; Road; 19.80885; null
5; Pedestrian; Noise; Intention; 23.09.2023 12:07:00; 798.9841; 0.2818001; 240.9605; Road; 19.83104; null
5; Pedestrian; Noise; Intention; 23.09.2023 12:07:00; 798.9701; 0.2818001; 240.9603; Road; 19.84191; null
5; Pedestrian; Noise; Intention; 23.09.2023 12:07:00; 798.9434; 0.2818001; 240.9605; Road; 19.86397; null
5; Pedestrian; Noise; Intention; 23.09.2023 12:07:00; 798.9434; 0.2818001; 240.9605; Road; 19.86397; null
5; Pedestrian; Noise; Intention; 23.09.2023 12:07:00; 798.9034; 0.2818001; 240.9611; Road; 19.90147; null
5; Pedestrian; Noise; Intention; 23.09.2023 12:07:00; 798.862; 0.2818001; 240.9621; Road; 19.93207; null
5; Pedestrian; Noise; Intention; 23.09.2023 12:07:00; 798.8483; 0.2818001; 240.9626; Road; 19.94211; null
5; Pedestrian; Noise; Intention; 23.09.2023 12:07:00; 798.8203; 0.2818001; 240.9635; Road; 19.9647; null
5; Pedestrian; Noise; Intention; 23.09.2023 12:07:00; 798.7924; 0.2818001; 240.9645; Road; 19.9866; null
5; Pedestrian; Noise; Intention; 23.09.2023 12:07:00; 798.7644; 0.2818001; 240.9657; Road; 20.00976; null
5; Pedestrian; Noise; Intention; 23.09.2023 12:07:00; 798.7504; 0.2818001; 240.9662; Road; 20.02033; null
5; Pedestrian; Noise; Intention; 23.09.2023 12:07:00; 798.7358; 0.2818001; 240.9668; Road; 20.03323; null
5; Pedestrian; Noise; Intention; 23.09.2023 12:07:00; 798.7067; 0.2818001; 240.9682; Road; 20.06017; null
5; Pedestrian; Noise; Intention; 23.09.2023 12:07:00; 798.6642; 0.2818001; 240.9709; Road; 20.08681; null
5; Pedestrian; Noise; Intention; 23.09.2023 12:07:00; 798.6359; 0.2818001; 240.9732; Road; 20.10875; null
5; Pedestrian; Noise; Intention; 23.09.2023 12:07:00; 798.6088; 0.2818001; 240.9758; Road; 20.13043; null
5; Pedestrian; Noise; Intention; 23.09.2023 12:07:00; 798.5953; 0.2818001; 240.9773; Road; 20.14222; null
5; Pedestrian; Noise; Intention; 23.09.2023 12:07:00; 798.569; 0.2818001; 240.9805; Road; 20.1646; null
5; Pedestrian; Noise; Intention; 23.09.2023 12:07:00; 798.5563; 0.2818001; 240.9822; Road; 20.17584; null
5; Pedestrian; Noise; Intention; 23.09.2023 12:07:00; 798.5297; 0.2818001; 240.9859; Road; 20.20164; null
5; Pedestrian; Noise; Intention; 23.09.2023 12:07:00; 798.4836; 0.2818001; 240.9897; Road; 20.23341; null
5; Pedestrian; Noise; Intention; 23.09.2023 12:07:00; 798.4706; 0.2818001; 240.9915; Road; 20.24165; null
5; Pedestrian; Noise; Intention; 23.09.2023 12:07:00; 798.4438; 0.2818001; 240.9949; Road; 20.26383; null
5; Pedestrian; Noise; Intention; 23.09.2023 12:07:00; 798.4179; 0.2818001; 240.9979; Road; 20.28623; null
5; Pedestrian; Noise; Intention; 23.09.2023 12:07:00; 798.3926; 0.2818001; 241.0007; Road; 20.30922; null
5; Pedestrian; Noise; Intention; 23.09.2023 12:07:00; 798.3676; 0.2818001; 241.0033; Road; 20.33075; null
5; Pedestrian; Noise; Intention; 23.09.2023 12:07:00; 798.3676; 0.2818001; 241.0033; Road; 20.33075; null
5; Pedestrian; Noise; Intention; 23.09.2023 12:07:00; 798.3409; 0.2818001; 241.0056; Road; 20.35684; null
5; Pedestrian; Noise; Intention; 23.09.2023 12:07:00; 798.3142; 0.2818001; 241.0076; Road; 20.38188; null
5; Pedestrian; Noise; Intention; 23.09.2023 12:07:00; 798.2745; 0.2818001; 241.0101; Road; 20.40858; null
5; Pedestrian; Noise; Intention; 23.09.2023 12:07:01; 798.2482; 0.2818001; 241.0116; Road; 20.4306; null
5; Pedestrian; Noise; Intention; 23.09.2023 12:07:01; 798.2347; 0.2818001; 241.0121; Road; 20.44143; null
5; Pedestrian; Noise; Intention; 23.09.2023 12:07:01; 798.2072; 0.2818001; 241.0125; Road; 20.46383; null
5; Pedestrian; Noise; Intention; 23.09.2023 12:07:01; 798.1801; 0.2818001; 241.0118; Road; 20.48624; null
5; Pedestrian; Noise; Intention; 23.09.2023 12:07:01; 798.1801; 0.2818001; 241.0118; Road; 20.48624; null
5; Pedestrian; Noise; Intention; 23.09.2023 12:07:01; 798.1389; 0.2818001; 241.0094; Road; 20.52337; null
5; Pedestrian; Noise; Intention; 23.09.2023 12:07:01; 798.1115; 0.2818001; 241.0071; Road; 20.54572; null
5; Pedestrian; Noise; Intention; 23.09.2023 12:07:01; 798.084; 0.2818001; 241.004; Road; 20.56387; null
5; Pedestrian; Noise; Intention; 23.09.2023 12:07:01; 798.0573; 0.2818001; 241; Road; 20.58638; null
5; Pedestrian; Noise; Intention; 23.09.2023 12:07:01; 798.0306; 0.2818001; 240.9953; Road; 20.6101; null
5; Pedestrian; Noise; Intention; 23.09.2023 12:07:01; 798.0043; 0.2818001; 240.9902; Road; 20.6308; null
5; Pedestrian; Noise; Intention; 23.09.2023 12:07:01; 797.9921; 0.2818001; 240.9877; Road; 20.64238; null
5; Pedestrian; Noise; Intention; 23.09.2023 12:07:01; 797.9794; 0.2818001; 240.9851; Road; 20.65369; null
5; Pedestrian; Noise; Intention; 23.09.2023 12:07:01; 797.9551; 0.2818001; 240.9799; Road; 20.68443; null
5; Pedestrian; Noise; Intention; 23.09.2023 12:07:01; 797.9317; 0.2818001; 240.975; Road; 20.70384; null
5; Pedestrian; Noise; Intention; 23.09.2023 12:07:01; 797.8961; 0.2818001; 240.9683; Road; 20.73255; null
5; Pedestrian; Noise; Intention; 23.09.2023 12:07:01; 797.8844; 0.2818001; 240.9664; Road; 20.74312; null
5; Pedestrian; Noise; Intention; 23.09.2023 12:07:01; 797.8608; 0.2818001; 240.9628; Road; 20.76455; null
5; Pedestrian; Noise; Intention; 23.09.2023 12:07:01; 797.8376; 0.2818001; 240.9599; Road; 20.78718; null
5; Pedestrian; Noise; Intention; 23.09.2023 12:07:01; 797.8257; 0.2818001; 240.9587; Road; 20.79778; null
5; Pedestrian; Noise; Intention; 23.09.2023 12:07:01; 797.8023; 0.2818001; 240.9568; Road; 20.8236; null
5; Pedestrian; Noise; Intention; 23.09.2023 12:07:01; 797.7897; 0.2818001; 240.956; Road; 20.83763; null
5; Pedestrian; Noise; Intention; 23.09.2023 12:07:01; 797.7507; 0.2818001; 240.953; Road; 20.86475; null
5; Pedestrian; Noise; Intention; 23.09.2023 12:07:01; 797.7254; 0.2818001; 240.9527; Road; 20.88663; null
5; Pedestrian; Noise; Intention; 23.09.2023 12:07:01; 797.6987; 0.2818001; 240.9523; Road; 20.90866; null
5; Pedestrian; Noise; Intention; 23.09.2023 12:07:01; 797.673; 0.2818001; 240.9525; Road; 20.93124; null
5; Pedestrian; Noise; Intention; 23.09.2023 12:07:01; 797.6605; 0.2818001; 240.9527; Road; 20.94319; null
5; Pedestrian; Noise; Intention; 23.09.2023 12:07:01; 797.6476; 0.2818001; 240.9528; Road; 20.95264; null
5; Pedestrian; Noise; Intention; 23.09.2023 12:07:01; 797.6215; 0.2818001; 240.9532; Road; 20.97914; null
5; Pedestrian; Noise; Intention; 23.09.2023 12:07:01; 797.5837; 0.2818001; 240.9545; Road; 21.01145; null
5; Pedestrian; Noise; Intention; 23.09.2023 12:07:01; 797.5707; 0.2818001; 240.9549; Road; 21.0198; null
5; Pedestrian; Noise; Intention; 23.09.2023 12:07:01; 797.5576; 0.2818001; 240.9554; Road; 21.03047; null
5; Pedestrian; Noise; Intention; 23.09.2023 12:07:01; 797.5319; 0.2818001; 240.9566; Road; 21.05796; null
5; Pedestrian; Noise; Intention; 23.09.2023 12:07:01; 797.494; 0.2818001; 240.9588; Road; 21.08611; null
5; Pedestrian; Noise; Intention; 23.09.2023 12:07:01; 797.4695; 0.2818001; 240.9606; Road; 21.10874; null
5; Pedestrian; Noise; Intention; 23.09.2023 12:07:01; 797.4575; 0.2818001; 240.9615; Road; 21.1193; Checking Box Human
5; Pedestrian; Noise; Intention; 23.09.2023 12:07:01; 797.4575; 0.2818001; 240.9615; Road; 21.1193; Checking Box Human
5; Pedestrian; Noise; Intention; 23.09.2023 12:07:01; 797.4218; 0.2818001; 240.9646; Road; 21.15752; Checking Box Human
5; Pedestrian; Noise; Intention; 23.09.2023 12:07:01; 797.3867; 0.2818001; 240.968; Road; 21.18861; Checking Box Human
5; Pedestrian; Noise; Intention; 23.09.2023 12:07:01; 797.3627; 0.2818001; 240.9703; Road; 21.20915; Checking Box Human
5; Pedestrian; Noise; Intention; 23.09.2023 12:07:01; 797.3391; 0.2818001; 240.9725; Road; 21.23117; Checking Box Human
5; Pedestrian; Noise; Intention; 23.09.2023 12:07:01; 797.3275; 0.2818001; 240.9735; Road; 21.24222; Checking Box Human
5; Pedestrian; Noise; Intention; 23.09.2023 12:07:01; 797.3033; 0.2818001; 240.9754; Road; 21.26407; Checking Box Human
5; Pedestrian; Noise; Intention; 23.09.2023 12:07:01; 797.2917; 0.2818001; 240.9764; Road; 21.27633; Checking Box Human
5; Pedestrian; Noise; Intention; 23.09.2023 12:07:01; 797.2689; 0.2818001; 240.9783; Road; 21.29809; Checking Box Human
5; Pedestrian; Noise; Intention; 23.09.2023 12:07:01; 797.236; 0.2818001; 240.9809; Road; 21.33173; Checking Box Human
5; Pedestrian; Noise; Intention; 23.09.2023 12:07:01; 797.2246; 0.2818001; 240.9817; Road; 21.34206; Checking Box Human
5; Pedestrian; Noise; Intention; 23.09.2023 12:07:01; 797.202; 0.2818001; 240.983; Road; 21.36394; Checking Box Human
5; Pedestrian; Noise; Intention; 23.09.2023 12:07:01; 797.1793; 0.2818001; 240.9841; Road; 21.3867; Checking Box Human
5; Pedestrian; Noise; Intention; 23.09.2023 12:07:01; 797.1566; 0.2818001; 240.9848; Road; 21.40983; Checking Box Human
5; Pedestrian; Noise; Intention; 23.09.2023 12:07:02; 797.145; 0.2818001; 240.985; Road; 21.41928; Checking Box Human
5; Pedestrian; Noise; Intention; 23.09.2023 12:07:02; 797.1337; 0.2818001; 240.9853; Road; 21.43111; Checking Box Human
5; Pedestrian; Noise; Intention; 23.09.2023 12:07:02; 797.111; 0.2818001; 240.9857; Road; 21.45793; Checking Box Human
5; Pedestrian; Noise; Intention; 23.09.2023 12:07:02; 797.0779; 0.2818001; 240.9859; Road; 21.48922; Checking Box Human
5; Pedestrian; Noise; Intention; 23.09.2023 12:07:02; 797.0563; 0.2818001; 240.9857; Road; 21.50947; Checking Box Human
5; Pedestrian; Noise; Intention; 23.09.2023 12:07:02; 797.0352; 0.2818001; 240.9854; Road; 21.53095; Checking Box Human
5; Pedestrian; Noise; Intention; 23.09.2023 12:07:02; 797.0243; 0.2818001; 240.9851; Road; 21.54178; Checking Box Human
5; Pedestrian; Noise; Intention; 23.09.2023 12:07:02; 797.0029; 0.2818001; 240.9844; Road; 21.56416; Checking Box Human
5; Pedestrian; Noise; Intention; 23.09.2023 12:07:02; 796.9927; 0.2818001; 240.984; Road; 21.57519; Checking Box Human
5; Pedestrian; Noise; Intention; 23.09.2023 12:07:02; 796.9722; 0.2818001; 240.9829; Road; 21.60107; Checking Box Human
5; Pedestrian; Noise; Intention; 23.09.2023 12:07:02; 796.9527; 0.2818001; 240.9818; Road; 21.62617; Checking Box Human
5; Pedestrian; Noise; Intention; 23.09.2023 12:07:02; 796.9335; 0.2818001; 240.9806; Road; 21.64484; Checking Box Human
5; Pedestrian; Noise; Intention; 23.09.2023 12:07:02; 796.9148; 0.2818001; 240.9791; Road; 21.66372; Checking Box Human
5; Pedestrian; Noise; Intention; 23.09.2023 12:07:02; 796.8962; 0.2818001; 240.9773;  After Road; 0; Checking Box Human
5; Pedestrian; Noise; Intention; 23.09.2023 12:07:02; 796.8783; 0.2818001; 240.9754;  After Road; 0.0218752; Checking Box Human
5; Pedestrian; Noise; Intention; 23.09.2023 12:07:02; 796.8626; 0.2818001; 240.9736;  After Road; 0.0445016; Checking Box Human
5; Pedestrian; Noise; Intention; 23.09.2023 12:07:02; 796.8626; 0.2818001; 240.9736;  After Road; 0.0445016; Checking Box Human
5; Pedestrian; Noise; Intention; 23.09.2023 12:07:02; 796.8466; 0.2818001; 240.9717;  After Road; 0.06948259; Checking Box Human
5; Pedestrian; Noise; Intention; 23.09.2023 12:07:02; 796.8306; 0.2818001; 240.9692;  After Road; 0.09188069; Checking Box Human
5; Pedestrian; Noise; Intention; 23.09.2023 12:07:02; 796.8074; 0.2818001; 240.9658;  After Road; 0.1223219; Checking Box Human
5; Pedestrian; Noise; Intention; 23.09.2023 12:07:02; 796.7921; 0.2818001; 240.9635;  After Road; 0.1436271; Checking Box Human
5; Pedestrian; Noise; Intention; 23.09.2023 12:07:02; 796.7852; 0.2818001; 240.9626;  After Road; 0.1554005; Checking Box Human
5; Pedestrian; Noise; Intention; 23.09.2023 12:07:02; 796.7708; 0.2818001; 240.9606;  After Road; 0.1770017; Checking Box Human
5; Pedestrian; Noise; Intention; 23.09.2023 12:07:02; 796.7563; 0.2818001; 240.9587;  After Road; 0.2001121; Checking Box Human
5; Pedestrian; Noise; Intention; 23.09.2023 12:07:02; 796.749; 0.2818001; 240.9577;  After Road; 0.2104385; Checking Box Human
5; Pedestrian; Noise; Intention; 23.09.2023 12:07:02; 796.7347; 0.2818001; 240.9563;  After Road; 0.2373143; Checking Box Human
