user_id; scenario; distraction; ehmi; timestamp; userPositionX; userPositionY; userPositionZ; playerPositon; time; focused object
18; Pedestrian; Interference; None; 21.10.2023 16:21:48; 805.1; -0.34; 241; HI; null
18; Pedestrian; Interference; None; 21.10.2023 16:21:48; 805.2721; -0.09819984; 241; Sidewalk; 0.02; null
18; Pedestrian; Interference; None; 21.10.2023 16:21:49; 805.2721; -0.09819984; 241; Sidewalk; 0.02; null
18; Pedestrian; Interference; None; 21.10.2023 16:21:49; 805.2721; -0.09819984; 241; Sidewalk; 0.02; null
18; Pedestrian; Interference; None; 21.10.2023 16:21:49; 805.2721; -0.09819984; 241; Sidewalk; 0.02; null
18; Pedestrian; Interference; None; 21.10.2023 16:21:49; 805.2721; -0.09819984; 241; Sidewalk; 0.02; null
18; Pedestrian; Interference; None; 21.10.2023 16:21:49; 805.2721; -0.09819984; 241; Sidewalk; 0.02; null
18; Pedestrian; Interference; None; 21.10.2023 16:21:49; 805.2721; -0.09819984; 241; Sidewalk; 0.02; null
18; Pedestrian; Interference; None; 21.10.2023 16:21:49; 805.2721; -0.09819984; 241; Sidewalk; 0.02; null
18; Pedestrian; Interference; None; 21.10.2023 16:21:49; 805.2721; -0.09819984; 241; Sidewalk; 0.02; null
18; Pedestrian; Interference; None; 21.10.2023 16:21:49; 805.2721; -0.09819984; 241; Sidewalk; 0.02; null
18; Pedestrian; Interference; None; 21.10.2023 16:21:49; 805.2721; -0.09819984; 241; Sidewalk; 0.02; null
18; Pedestrian; Interference; None; 21.10.2023 16:21:49; 805.2721; -0.09819984; 241; Sidewalk; 0.02; null
18; Pedestrian; Interference; None; 21.10.2023 16:21:49; 805.2721; -0.09819984; 241; Sidewalk; 0.02; null
18; Pedestrian; Interference; None; 21.10.2023 16:21:49; 805.2721; -0.09819984; 241; Sidewalk; 0.02; null
18; Pedestrian; Interference; None; 21.10.2023 16:21:49; 805.2721; -0.09819984; 241; Sidewalk; 0.02; null
18; Pedestrian; Interference; None; 21.10.2023 16:21:49; 805.2721; -0.09819984; 241; Sidewalk; 0.02; null
18; Pedestrian; Interference; None; 21.10.2023 16:21:49; 805.2721; -0.09819984; 241; Sidewalk; 0.02; null
18; Pedestrian; Interference; None; 21.10.2023 16:21:49; 804.1983; -0.09819984; 240.9575; Sidewalk; 0.04; null
18; Pedestrian; Interference; None; 21.10.2023 16:21:49; 804.1983; -0.09819984; 240.9575; Sidewalk; 0.04; null
18; Pedestrian; Interference; None; 21.10.2023 16:21:49; 804.1983; -0.09819984; 240.9575; Sidewalk; 0.04; null
18; Pedestrian; Interference; None; 21.10.2023 16:21:49; 804.1983; -0.09819984; 240.9575; Sidewalk; 0.04; null
18; Pedestrian; Interference; None; 21.10.2023 16:21:49; 804.3486; -0.09819996; 240.9014; Road; 0; null
18; Pedestrian; Interference; None; 21.10.2023 16:21:49; 804.3486; -0.09819996; 240.9014; Road; 0; null
18; Pedestrian; Interference; None; 21.10.2023 16:21:49; 804.3898; -0.09819996; 240.8787; Road; 0.1158414; null
18; Pedestrian; Interference; None; 21.10.2023 16:21:49; 804.3951; -0.09819996; 240.8752; Road; 0.1297093; null
18; Pedestrian; Interference; None; 21.10.2023 16:21:49; 804.4109; -0.09819996; 240.8656; Road; 0.1574218; null
18; Pedestrian; Interference; None; 21.10.2023 16:21:49; 804.4204; -0.09819996; 240.86; Road; 0.1787669; null
18; Pedestrian; Interference; None; 21.10.2023 16:21:49; 804.4277; -0.09819996; 240.8549; Road; 0.2018336; null
18; Pedestrian; Interference; None; 21.10.2023 16:21:49; 804.4332; -0.09819996; 240.8504; Road; 0.2236038; null
18; Pedestrian; Interference; None; 21.10.2023 16:21:49; 804.4357; -0.09819996; 240.8483; Road; 0.2338614; null
18; Pedestrian; Interference; None; 21.10.2023 16:21:49; 804.4355; -0.09819996; 240.8462; Road; 0.2452593; null
18; Pedestrian; Interference; None; 21.10.2023 16:21:49; 804.4374; -0.09819996; 240.8423; Road; 0.2779945; null
18; Pedestrian; Interference; None; 21.10.2023 16:21:49; 804.4352; -0.09819996; 240.8387; Road; 0.2968885; null
18; Pedestrian; Interference; None; 21.10.2023 16:21:49; 804.4329; -0.09819996; 240.8345; Road; 0.3231867; null
18; Pedestrian; Interference; None; 21.10.2023 16:21:49; 804.4322; -0.09819996; 240.8333; Road; 0.3338372; null
18; Pedestrian; Interference; None; 21.10.2023 16:21:49; 804.4302; -0.09819996; 240.8314; Road; 0.356582; null
18; Pedestrian; Interference; None; 21.10.2023 16:21:49; 804.4261; -0.09819996; 240.8296; Road; 0.3804217; null
18; Pedestrian; Interference; None; 21.10.2023 16:21:49; 804.4233; -0.09819996; 240.8287; Road; 0.3895432; null
18; Pedestrian; Interference; None; 21.10.2023 16:21:49; 804.4201; -0.09819996; 240.8275; Road; 0.4191689; null
18; Pedestrian; Interference; None; 21.10.2023 16:21:49; 804.4191; -0.09819996; 240.8271; Road; 0.4321744; null
18; Pedestrian; Interference; None; 21.10.2023 16:21:49; 804.4166; -0.09819996; 240.8264; Road; 0.4509374; null
18; Pedestrian; Interference; None; 21.10.2023 16:21:49; 804.4141; -0.09819996; 240.8255; Road; 0.4785391; null
18; Pedestrian; Interference; None; 21.10.2023 16:21:49; 804.4127; -0.09819996; 240.8252; Road; 0.5016161; null
18; Pedestrian; Interference; None; 21.10.2023 16:21:49; 804.4119; -0.09819996; 240.8251; Road; 0.5232673; null
18; Pedestrian; Interference; None; 21.10.2023 16:21:49; 804.4112; -0.09819996; 240.8251; Road; 0.5337445; null
18; Pedestrian; Interference; None; 21.10.2023 16:21:49; 804.4092; -0.09819996; 240.8249; Road; 0.5453478; null
18; Pedestrian; Interference; None; 21.10.2023 16:21:49; 804.4032; -0.09819996; 240.8247; Road; 0.5823227; null
18; Pedestrian; Interference; None; 21.10.2023 16:21:49; 804.3972; -0.09819996; 240.8245; Road; 0.6010363; null
18; Pedestrian; Interference; None; 21.10.2023 16:21:49; 804.3925; -0.09819996; 240.8245; Road; 0.6230673; null
18; Pedestrian; Interference; None; 21.10.2023 16:21:49; 804.3912; -0.09819996; 240.8246; Road; 0.633571; null
18; Pedestrian; Interference; None; 21.10.2023 16:21:49; 804.3898; -0.09819996; 240.825; Road; 0.6557577; null
18; Pedestrian; Interference; None; 21.10.2023 16:21:49; 804.3884; -0.09819996; 240.8256; Road; 0.6780289; null
18; Pedestrian; Interference; None; 21.10.2023 16:21:49; 804.387; -0.09819996; 240.8261; Road; 0.7006044; null
18; Pedestrian; Interference; None; 21.10.2023 16:21:49; 804.3857; -0.09819996; 240.8264; Road; 0.7116336; null
18; Pedestrian; Interference; None; 21.10.2023 16:21:49; 804.3837; -0.09819996; 240.8266; Road; 0.7278783; null
18; Pedestrian; Interference; None; 21.10.2023 16:21:49; 804.3774; -0.09819996; 240.8273; Road; 0.756681; null
18; Pedestrian; Interference; None; 21.10.2023 16:21:49; 804.3743; -0.09819996; 240.8278; Road; 0.7783758; null
18; Pedestrian; Interference; None; 21.10.2023 16:21:49; 804.3701; -0.09819996; 240.8282; Road; 0.8016538; null
18; Pedestrian; Interference; None; 21.10.2023 16:21:49; 804.3626; -0.09819996; 240.8283; Road; 0.8224567; null
18; Pedestrian; Interference; None; 21.10.2023 16:21:49; 804.3609; -0.09819996; 240.8286; Road; 0.8335755; null
18; Pedestrian; Interference; None; 21.10.2023 16:21:49; 804.3547; -0.09819996; 240.8288; Road; 0.8560956; null
18; Pedestrian; Interference; None; 21.10.2023 16:21:50; 804.3549; -0.09819996; 240.8292; Road; 0.867483; null
18; Pedestrian; Interference; None; 21.10.2023 16:21:50; 804.3526; -0.09819996; 240.8298; Road; 0.8987907; null
18; Pedestrian; Interference; None; 21.10.2023 16:21:50; 804.3508; -0.09819996; 240.8309; Road; 0.9259974; null
18; Pedestrian; Interference; None; 21.10.2023 16:21:50; 804.3492; -0.09819996; 240.8312; Road; 0.9349801; null
18; Pedestrian; Interference; None; 21.10.2023 16:21:50; 804.3475; -0.09819996; 240.8318; Road; 0.9567897; null
18; Pedestrian; Interference; None; 21.10.2023 16:21:50; 804.3443; -0.09819996; 240.8322; Road; 0.9780829; null
18; Pedestrian; Interference; None; 21.10.2023 16:21:50; 804.3419; -0.09819996; 240.8329; Road; 1.002921; null
18; Pedestrian; Interference; None; 21.10.2023 16:21:50; 804.34; -0.09819996; 240.8332; Road; 1.012744; null
18; Pedestrian; Interference; None; 21.10.2023 16:21:50; 804.338; -0.09819996; 240.8335; Road; 1.022765; null
18; Pedestrian; Interference; None; 21.10.2023 16:21:50; 804.3363; -0.09819996; 240.835; Road; 1.056602; null
18; Pedestrian; Interference; None; 21.10.2023 16:21:50; 804.3362; -0.09819996; 240.8365; Road; 1.079508; null
18; Pedestrian; Interference; None; 21.10.2023 16:21:50; 804.3438; -0.09819996; 240.8387; Road; 1.100706; null
18; Pedestrian; Interference; None; 21.10.2023 16:21:50; 804.3541; -0.09819996; 240.8409; Road; 1.12264; null
18; Pedestrian; Interference; None; 21.10.2023 16:21:50; 804.3592; -0.09819996; 240.842; Road; 1.133692; null
18; Pedestrian; Interference; None; 21.10.2023 16:21:50; 804.371; -0.09819996; 240.8443; Road; 1.155642; null
18; Pedestrian; Interference; None; 21.10.2023 16:21:50; 804.3815; -0.09819996; 240.8459; Road; 1.167241; null
18; Pedestrian; Interference; None; 21.10.2023 16:21:50; 804.4156; -0.09819996; 240.8505; Road; 1.204441; null
18; Pedestrian; Interference; None; 21.10.2023 16:21:50; 804.4357; -0.09819996; 240.8525; Road; 1.222933; null
18; Pedestrian; Interference; None; 21.10.2023 16:21:50; 804.4471; -0.09819996; 240.8535; Road; 1.233495; null
18; Pedestrian; Interference; None; 21.10.2023 16:21:50; 804.4704; -0.09819996; 240.8557; Road; 1.255879; null
18; Pedestrian; Interference; None; 21.10.2023 16:21:50; 804.4936; -0.09819996; 240.858; Road; 1.278326; null
18; Pedestrian; Interference; None; 21.10.2023 16:21:50; 804.5209; -0.09819996; 240.8608; Road; 1.302066; null
18; Pedestrian; Interference; None; 21.10.2023 16:21:50; 804.5522; -0.09819996; 240.8643; Road; 1.323043; null
18; Pedestrian; Interference; None; 21.10.2023 16:21:50; 804.5522; -0.09819996; 240.8643; Road; 1.323043; null
18; Pedestrian; Interference; None; 21.10.2023 16:21:50; 804.6757; -0.09819996; 240.8785; Road; 1.350039; null
18; Pedestrian; Interference; None; 21.10.2023 16:21:50; 804.7224; -0.09819996; 240.8829; Road; 1.379249; null
18; Pedestrian; Interference; None; 21.10.2023 16:21:50; 804.7581; -0.09819996; 240.8866; Road; 1.401627; null
18; Pedestrian; Interference; None; 21.10.2023 16:21:50; 804.7936; -0.09819996; 240.8906; Sidewalk; 0.3842845; BicycleInterference
18; Pedestrian; Interference; None; 21.10.2023 16:21:50; 804.8099; -0.09819996; 240.8924; Sidewalk; 0.3939572; BicycleInterference
18; Pedestrian; Interference; None; 21.10.2023 16:21:50; 804.8399; -0.09819996; 240.8963; Sidewalk; 0.4163477; BicycleInterference
18; Pedestrian; Interference; None; 21.10.2023 16:21:50; 804.8676; -0.09819996; 240.9012; Sidewalk; 0.4399239; BicycleInterference
18; Pedestrian; Interference; None; 21.10.2023 16:21:50; 804.8795; -0.09819996; 240.9041; Sidewalk; 0.4496922; BicycleInterference
18; Pedestrian; Interference; None; 21.10.2023 16:21:50; 804.9092; -0.09819996; 240.9131; Sidewalk; 0.4847966; BicycleInterference
18; Pedestrian; Interference; None; 21.10.2023 16:21:50; 804.9177; -0.09819996; 240.9162; Sidewalk; 0.4941677; BicycleInterference
18; Pedestrian; Interference; None; 21.10.2023 16:21:50; 804.9331; -0.09819996; 240.9227; Sidewalk; 0.5163949; BicycleInterference
18; Pedestrian; Interference; None; 21.10.2023 16:21:50; 804.9452; -0.09819996; 240.9293; Sidewalk; 0.538886; BicycleInterference
18; Pedestrian; Interference; None; 21.10.2023 16:21:50; 804.9524; -0.09819996; 240.9354; Sidewalk; 0.5612116; BicycleInterference
18; Pedestrian; Interference; None; 21.10.2023 16:21:50; 804.9587; -0.09819996; 240.9417; Sidewalk; 0.5831195; BicycleInterference
18; Pedestrian; Interference; None; 21.10.2023 16:21:50; 804.9604; -0.09819996; 240.9451; Sidewalk; 0.5940816; BicycleInterference
18; Pedestrian; Interference; None; 21.10.2023 16:21:50; 804.962; -0.09819996; 240.9482; Sidewalk; 0.6057442; BicycleInterference
18; Pedestrian; Interference; None; 21.10.2023 16:21:50; 804.9634; -0.09819996; 240.9574; Sidewalk; 0.6402246; BicycleInterference
18; Pedestrian; Interference; None; 21.10.2023 16:21:50; 804.9633; -0.09819996; 240.9629; Sidewalk; 0.6611022; BicycleInterference
18; Pedestrian; Interference; None; 21.10.2023 16:21:50; 804.9628; -0.09819996; 240.9681; Sidewalk; 0.683331; BicycleInterference
18; Pedestrian; Interference; None; 21.10.2023 16:21:50; 804.9628; -0.09819996; 240.9708; Sidewalk; 0.6939256; BicycleInterference
18; Pedestrian; Interference; None; 21.10.2023 16:21:50; 804.9622; -0.09819996; 240.9757; Sidewalk; 0.7161035; BicycleInterference
18; Pedestrian; Interference; None; 21.10.2023 16:21:50; 804.9618; -0.09819996; 240.9802; Sidewalk; 0.7390491; BicycleInterference
18; Pedestrian; Interference; None; 21.10.2023 16:21:50; 804.9615; -0.09819996; 240.9823; Sidewalk; 0.7498662; BicycleInterference
18; Pedestrian; Interference; None; 21.10.2023 16:21:50; 804.9594; -0.09819996; 240.9861; Sidewalk; 0.7783458; BicycleInterference
18; Pedestrian; Interference; None; 21.10.2023 16:21:50; 804.9573; -0.09819996; 240.9897; Sidewalk; 0.7983425; BicycleInterference
18; Pedestrian; Interference; None; 21.10.2023 16:21:50; 804.955; -0.09819996; 240.9929; Sidewalk; 0.816596; BicycleInterference
18; Pedestrian; Interference; None; 21.10.2023 16:21:51; 804.9528; -0.09819996; 240.9955; Sidewalk; 0.8389247; BicycleInterference
18; Pedestrian; Interference; None; 21.10.2023 16:21:51; 804.9504; -0.09819996; 240.9978; Sidewalk; 0.8609418; BicycleInterference
18; Pedestrian; Interference; None; 21.10.2023 16:21:51; 804.947; -0.09819996; 241.0001; Sidewalk; 0.8830442; BicycleInterference
18; Pedestrian; Interference; None; 21.10.2023 16:21:51; 804.9451; -0.09819996; 241.0013; Sidewalk; 0.8938143; BicycleInterference
18; Pedestrian; Interference; None; 21.10.2023 16:21:51; 804.9428; -0.09819996; 241.0025; Sidewalk; 0.9058407; BicycleInterference
18; Pedestrian; Interference; None; 21.10.2023 16:21:51; 804.9361; -0.09819996; 241.0054; Sidewalk; 0.932868; BicycleInterference
18; Pedestrian; Interference; None; 21.10.2023 16:21:51; 804.9261; -0.09819996; 241.0093; Sidewalk; 0.9531938; BicycleInterference
18; Pedestrian; Interference; None; 21.10.2023 16:21:51; 804.9076; -0.09819996; 241.0164; Sidewalk; 0.9851337; BicycleInterference
18; Pedestrian; Interference; None; 21.10.2023 16:21:51; 804.9016; -0.09819996; 241.0189; Sidewalk; 0.9938399; BicycleInterference
18; Pedestrian; Interference; None; 21.10.2023 16:21:51; 804.8898; -0.09819996; 241.0244; Sidewalk; 1.01598; BicycleInterference
18; Pedestrian; Interference; None; 21.10.2023 16:21:51; 804.879; -0.09819996; 241.0302; Sidewalk; 1.038627; BicycleInterference
18; Pedestrian; Interference; None; 21.10.2023 16:21:51; 804.8696; -0.09819996; 241.0361; Sidewalk; 1.060957; BicycleInterference
18; Pedestrian; Interference; None; 21.10.2023 16:21:51; 804.8654; -0.09819996; 241.039; Sidewalk; 1.071952; BicycleInterference
18; Pedestrian; Interference; None; 21.10.2023 16:21:51; 804.8574; -0.09819996; 241.045; Sidewalk; 1.098024; BicycleInterference
18; Pedestrian; Interference; None; 21.10.2023 16:21:51; 804.8498; -0.09819996; 241.0517; Sidewalk; 1.116247; BicycleInterference
18; Pedestrian; Interference; None; 21.10.2023 16:21:51; 804.8427; -0.09819996; 241.0591; Sidewalk; 1.138248; BicycleInterference
18; Pedestrian; Interference; None; 21.10.2023 16:21:51; 804.8366; -0.09819996; 241.0674; Sidewalk; 1.160416; BicycleInterference
18; Pedestrian; Interference; None; 21.10.2023 16:21:51; 804.8317; -0.09819996; 241.0763; Sidewalk; 1.182474; BicycleInterference
18; Pedestrian; Interference; None; 21.10.2023 16:21:51; 804.8297; -0.09819996; 241.0811; Sidewalk; 1.193719; BicycleInterference
18; Pedestrian; Interference; None; 21.10.2023 16:21:51; 804.8263; -0.09819996; 241.0912; Sidewalk; 1.215465; BicycleInterference
18; Pedestrian; Interference; None; 21.10.2023 16:21:51; 804.8162; -0.09819996; 241.0955; Sidewalk; 1.227059; BicycleInterference
18; Pedestrian; Interference; None; 21.10.2023 16:21:51; 804.8126; -0.09819996; 241.1119; Sidewalk; 1.261905; BicycleInterference
18; Pedestrian; Interference; None; 21.10.2023 16:21:51; 804.8174; -0.09819996; 241.124; Sidewalk; 1.282183; BicycleInterference
18; Pedestrian; Interference; None; 21.10.2023 16:21:51; 804.8206; -0.09819996; 241.1299; Sidewalk; 1.293252; BicycleInterference
18; Pedestrian; Interference; None; 21.10.2023 16:21:51; 804.8307; -0.09819996; 241.1418; Sidewalk; 1.315519; BicycleInterference
18; Pedestrian; Interference; None; 21.10.2023 16:21:51; 804.8408; -0.09819996; 241.1526; Sidewalk; 1.338142; BicycleInterference
18; Pedestrian; Interference; None; 21.10.2023 16:21:51; 804.8531; -0.09819996; 241.1629; Sidewalk; 1.359911; BicycleInterference
18; Pedestrian; Interference; None; 21.10.2023 16:21:51; 804.8606; -0.09819996; 241.1673; Sidewalk; 1.37153; BicycleInterference
18; Pedestrian; Interference; None; 21.10.2023 16:21:51; 804.8751; -0.09819996; 241.1762; Sidewalk; 1.396682; BicycleInterference
18; Pedestrian; Interference; None; 21.10.2023 16:21:51; 804.8916; -0.09819996; 241.1839; Sidewalk; 1.415259; BicycleInterference
18; Pedestrian; Interference; None; 21.10.2023 16:21:51; 804.9094; -0.09819996; 241.1911; Sidewalk; 1.43771; BicycleInterference
18; Pedestrian; Interference; None; 21.10.2023 16:21:51; 804.9297; -0.09819996; 241.1977; Sidewalk; 1.46005; BicycleInterference
18; Pedestrian; Interference; None; 21.10.2023 16:21:51; 804.9476; -0.09819996; 241.2029; Sidewalk; 1.481778; BicycleInterference
18; Pedestrian; Interference; None; 21.10.2023 16:21:51; 804.9567; -0.09819996; 241.2051; Sidewalk; 1.493067; BicycleInterference
18; Pedestrian; Interference; None; 21.10.2023 16:21:51; 804.9764; -0.09819996; 241.2089; Sidewalk; 1.515172; BicycleInterference
18; Pedestrian; Interference; None; 21.10.2023 16:21:51; 804.9854; -0.09819996; 241.2105; Sidewalk; 1.526242; BicycleInterference
18; Pedestrian; Interference; None; 21.10.2023 16:21:51; 805.0116; -0.09819996; 241.2142; Sidewalk; 1.562; BicycleInterference
18; Pedestrian; Interference; None; 21.10.2023 16:21:51; 805.0284; -0.09819996; 241.216; Sidewalk; 1.581929; BicycleInterference
18; Pedestrian; Interference; None; 21.10.2023 16:21:51; 805.0373; -0.09819996; 241.2165; Sidewalk; 1.592875; BicycleInterference
18; Pedestrian; Interference; None; 21.10.2023 16:21:51; 805.0527; -0.09819996; 241.2171; Sidewalk; 1.615056; BicycleInterference
18; Pedestrian; Interference; None; 21.10.2023 16:21:51; 805.0667; -0.09819996; 241.2171; Sidewalk; 1.637547; BicycleInterference
18; Pedestrian; Interference; None; 21.10.2023 16:21:51; 805.0797; -0.09819996; 241.2166; Sidewalk; 1.659812; BicycleInterference
18; Pedestrian; Interference; None; 21.10.2023 16:21:51; 805.0914; -0.09819996; 241.2156; Sidewalk; 1.681831; BicycleInterference
18; Pedestrian; Interference; None; 21.10.2023 16:21:51; 805.0914; -0.09819996; 241.2156; Sidewalk; 1.681831; BicycleInterference
18; Pedestrian; Interference; None; 21.10.2023 16:21:51; 805.1054; -0.09819996; 241.2141; Sidewalk; 1.718431; BicycleInterference
18; Pedestrian; Interference; None; 21.10.2023 16:21:51; 805.1127; -0.09819996; 241.2125; Sidewalk; 1.737567; BicycleInterference
18; Pedestrian; Interference; None; 21.10.2023 16:21:51; 805.1194; -0.09819996; 241.211; Sidewalk; 1.759779; BicycleInterference
18; Pedestrian; Interference; None; 21.10.2023 16:21:51; 805.1252; -0.09819996; 241.2096; Sidewalk; 1.781782; null
18; Pedestrian; Interference; None; 21.10.2023 16:21:51; 805.1277; -0.09819996; 241.2089; Sidewalk; 1.793218; null
18; Pedestrian; Interference; None; 21.10.2023 16:21:51; 805.1324; -0.09819996; 241.2074; Sidewalk; 1.81488; null
18; Pedestrian; Interference; None; 21.10.2023 16:21:52; 805.1368; -0.09819996; 241.2061; Sidewalk; 1.837484; null
18; Pedestrian; Interference; None; 21.10.2023 16:21:52; 805.1406; -0.09819996; 241.2048; Sidewalk; 1.864714; null
18; Pedestrian; Interference; None; 21.10.2023 16:21:52; 805.1442; -0.09819996; 241.2035; Sidewalk; 1.881657; null
18; Pedestrian; Interference; None; 21.10.2023 16:21:52; 805.146; -0.09819996; 241.203; Sidewalk; 1.892604; null
18; Pedestrian; Interference; None; 21.10.2023 16:21:52; 805.1488; -0.09819996; 241.2017; Sidewalk; 1.91513; null
18; Pedestrian; Interference; None; 21.10.2023 16:21:52; 805.1513; -0.09819996; 241.2005; Sidewalk; 1.937591; null
18; Pedestrian; Interference; None; 21.10.2023 16:21:52; 805.1538; -0.09819996; 241.1995; Sidewalk; 1.959677; null
18; Pedestrian; Interference; None; 21.10.2023 16:21:52; 805.1559; -0.09819996; 241.1985; Sidewalk; 1.98162; null
18; Pedestrian; Interference; None; 21.10.2023 16:21:52; 805.1566; -0.09819996; 241.1979; Sidewalk; 1.992685; null
18; Pedestrian; Interference; None; 21.10.2023 16:21:52; 805.1569; -0.09819996; 241.1971; Sidewalk; 2.00429; null
18; Pedestrian; Interference; None; 21.10.2023 16:21:52; 805.1589; -0.09819996; 241.1958; Sidewalk; 2.038914; null
18; Pedestrian; Interference; None; 21.10.2023 16:21:52; 805.1602; -0.09819996; 241.1949; Sidewalk; 2.060164; null
18; Pedestrian; Interference; None; 21.10.2023 16:21:52; 805.1614; -0.09819996; 241.1941; Sidewalk; 2.081419; null
18; Pedestrian; Interference; None; 21.10.2023 16:21:52; 805.1619; -0.09819996; 241.1937; Sidewalk; 2.092656; null
18; Pedestrian; Interference; None; 21.10.2023 16:21:52; 805.1633; -0.09819996; 241.1929; Sidewalk; 2.114546; null
18; Pedestrian; Interference; None; 21.10.2023 16:21:52; 805.1644; -0.09819996; 241.1923; Sidewalk; 2.137228; null
18; Pedestrian; Interference; None; 21.10.2023 16:21:52; 805.1653; -0.09819996; 241.1915; Sidewalk; 2.159307; null
18; Pedestrian; Interference; None; 21.10.2023 16:21:52; 805.166; -0.09819996; 241.1908; Sidewalk; 2.181251; null
18; Pedestrian; Interference; None; 21.10.2023 16:21:52; 805.1663; -0.09819996; 241.1905; Sidewalk; 2.192522; null
18; Pedestrian; Interference; None; 21.10.2023 16:21:52; 805.1672; -0.09819996; 241.19; Sidewalk; 2.214685; null
18; Pedestrian; Interference; None; 21.10.2023 16:21:52; 805.1673; -0.09819996; 241.1893; Sidewalk; 2.236673; null
18; Pedestrian; Interference; None; 21.10.2023 16:21:52; 805.168; -0.09819996; 241.1888; Sidewalk; 2.259127; null
18; Pedestrian; Interference; None; 21.10.2023 16:21:52; 805.1683; -0.09819996; 241.1883; Sidewalk; 2.281622; null
18; Pedestrian; Interference; None; 21.10.2023 16:21:52; 805.1683; -0.09819996; 241.1881; Sidewalk; 2.292514; null
18; Pedestrian; Interference; None; 21.10.2023 16:21:52; 805.1686; -0.09819996; 241.1878; Sidewalk; 2.303872; null
18; Pedestrian; Interference; None; 21.10.2023 16:21:52; 805.1692; -0.09819996; 241.1872; Sidewalk; 2.340457; null
18; Pedestrian; Interference; None; 21.10.2023 16:21:52; 805.1693; -0.09819996; 241.1869; Sidewalk; 2.359453; null
18; Pedestrian; Interference; None; 21.10.2023 16:21:52; 805.1693; -0.09819996; 241.1866; Sidewalk; 2.381227; null
18; Pedestrian; Interference; None; 21.10.2023 16:21:52; 805.1693; -0.09819996; 241.1866; Sidewalk; 2.392475; null
18; Pedestrian; Interference; None; 21.10.2023 16:21:52; 805.1696; -0.09819996; 241.1863; Sidewalk; 2.414536; null
18; Pedestrian; Interference; None; 21.10.2023 16:21:52; 805.1698; -0.09819996; 241.1861; Sidewalk; 2.436939; null
18; Pedestrian; Interference; None; 21.10.2023 16:21:52; 805.1697; -0.09819996; 241.1857; Sidewalk; 2.459509; null
18; Pedestrian; Interference; None; 21.10.2023 16:21:52; 805.1694; -0.09819996; 241.1855; Sidewalk; 2.470856; null
18; Pedestrian; Interference; None; 21.10.2023 16:21:52; 805.1693; -0.09819996; 241.1853; Sidewalk; 2.48976; null
18; Pedestrian; Interference; None; 21.10.2023 16:21:52; 805.1683; -0.09819996; 241.1848; Sidewalk; 2.515908; null
18; Pedestrian; Interference; None; 21.10.2023 16:21:52; 805.1676; -0.09819996; 241.1846; Sidewalk; 2.536712; null
18; Pedestrian; Interference; None; 21.10.2023 16:21:52; 805.1666; -0.09819996; 241.1841; Sidewalk; 2.559759; null
18; Pedestrian; Interference; None; 21.10.2023 16:21:52; 805.1658; -0.09819996; 241.1836; Sidewalk; 2.58095; null
18; Pedestrian; Interference; None; 21.10.2023 16:21:52; 805.1649; -0.09819996; 241.1832; Sidewalk; 2.592153; null
18; Pedestrian; Interference; None; 21.10.2023 16:21:52; 805.1637; -0.09819996; 241.1828; Sidewalk; 2.615221; null
18; Pedestrian; Interference; None; 21.10.2023 16:21:52; 805.1623; -0.09819996; 241.1824; Sidewalk; 2.639636; null
18; Pedestrian; Interference; None; 21.10.2023 16:21:52; 805.1611; -0.09819996; 241.1821; Sidewalk; 2.659062; null
18; Pedestrian; Interference; None; 21.10.2023 16:21:52; 805.1594; -0.09819996; 241.1815; Sidewalk; 2.681216; null
18; Pedestrian; Interference; None; 21.10.2023 16:21:52; 805.1585; -0.09819996; 241.1812; Sidewalk; 2.692394; null
18; Pedestrian; Interference; None; 21.10.2023 16:21:52; 805.1566; -0.09819996; 241.1807; Sidewalk; 2.714989; null
18; Pedestrian; Interference; None; 21.10.2023 16:21:52; 805.1552; -0.09819996; 241.1803; Sidewalk; 2.736888; null
18; Pedestrian; Interference; None; 21.10.2023 16:21:52; 805.1534; -0.09819996; 241.1798; Sidewalk; 2.75935; BicycleInterference
18; Pedestrian; Interference; None; 21.10.2023 16:21:52; 805.1526; -0.09819996; 241.1796; Sidewalk; 2.770198; BicycleInterference
18; Pedestrian; Interference; None; 21.10.2023 16:21:52; 805.1519; -0.09819996; 241.1796; Sidewalk; 2.781556; BicycleInterference
18; Pedestrian; Interference; None; 21.10.2023 16:21:52; 805.1491; -0.09819996; 241.1788; Sidewalk; 2.818684; BicycleInterference
18; Pedestrian; Interference; None; 21.10.2023 16:21:53; 805.1473; -0.09819996; 241.1784; Sidewalk; 2.836642; BicycleInterference
18; Pedestrian; Interference; None; 21.10.2023 16:21:53; 805.1456; -0.09819996; 241.1781; Sidewalk; 2.858936; BicycleInterference
18; Pedestrian; Interference; None; 21.10.2023 16:21:53; 805.1436; -0.09819996; 241.1777; Sidewalk; 2.881026; BicycleInterference
18; Pedestrian; Interference; None; 21.10.2023 16:21:53; 805.1425; -0.09819996; 241.1776; Sidewalk; 2.89186; BicycleInterference
18; Pedestrian; Interference; None; 21.10.2023 16:21:53; 805.1409; -0.09819996; 241.1773; Sidewalk; 2.914227; BicycleInterference
18; Pedestrian; Interference; None; 21.10.2023 16:21:53; 805.1401; -0.09819996; 241.1772; Sidewalk; 2.925623; BicycleInterference
18; Pedestrian; Interference; None; 21.10.2023 16:21:53; 805.1375; -0.09819996; 241.1769; Sidewalk; 2.960754; BicycleInterference
18; Pedestrian; Interference; None; 21.10.2023 16:21:53; 805.1358; -0.09819996; 241.1767; Sidewalk; 2.981206; BicycleInterference
18; Pedestrian; Interference; None; 21.10.2023 16:21:53; 805.1349; -0.09819996; 241.1765; Sidewalk; 2.991893; BicycleInterference
18; Pedestrian; Interference; None; 21.10.2023 16:21:53; 805.1334; -0.09819996; 241.1766; Sidewalk; 3.014316; BicycleInterference
18; Pedestrian; Interference; None; 21.10.2023 16:21:53; 805.1315; -0.09819996; 241.1762; Sidewalk; 3.036583; BicycleInterference
18; Pedestrian; Interference; None; 21.10.2023 16:21:53; 805.1301; -0.09819996; 241.1763; Sidewalk; 3.059356; BicycleInterference
18; Pedestrian; Interference; None; 21.10.2023 16:21:53; 805.1279; -0.09819996; 241.1762; Sidewalk; 3.081177; BicycleInterference
18; Pedestrian; Interference; None; 21.10.2023 16:21:53; 805.1279; -0.09819996; 241.1762; Sidewalk; 3.081177; BicycleInterference
18; Pedestrian; Interference; None; 21.10.2023 16:21:53; 805.1245; -0.09819996; 241.1758; Sidewalk; 3.116642; BicycleInterference
18; Pedestrian; Interference; None; 21.10.2023 16:21:53; 805.1226; -0.09819996; 241.1758; Sidewalk; 3.136534; BicycleInterference
18; Pedestrian; Interference; None; 21.10.2023 16:21:53; 805.1208; -0.09819996; 241.1759; Sidewalk; 3.159019; BicycleInterference
18; Pedestrian; Interference; None; 21.10.2023 16:21:53; 805.1196; -0.09819996; 241.1761; Sidewalk; 3.180894; BicycleInterference
18; Pedestrian; Interference; None; 21.10.2023 16:21:53; 805.119; -0.09819996; 241.1762; Sidewalk; 3.192147; BicycleInterference
18; Pedestrian; Interference; None; 21.10.2023 16:21:53; 805.1179; -0.09819996; 241.1764; Sidewalk; 3.2144; BicycleInterference
18; Pedestrian; Interference; None; 21.10.2023 16:21:53; 805.1166; -0.09819996; 241.1766; Sidewalk; 3.236775; BicycleInterference
18; Pedestrian; Interference; None; 21.10.2023 16:21:53; 805.1158; -0.09819996; 241.1768; Sidewalk; 3.265219; BicycleInterference
18; Pedestrian; Interference; None; 21.10.2023 16:21:53; 805.1154; -0.09819996; 241.1772; Sidewalk; 3.281082; BicycleInterference
18; Pedestrian; Interference; None; 21.10.2023 16:21:53; 805.1152; -0.09819996; 241.1775; Sidewalk; 3.292063; BicycleInterference
18; Pedestrian; Interference; None; 21.10.2023 16:21:53; 805.115; -0.09819996; 241.1781; Sidewalk; 3.314138; BicycleInterference
18; Pedestrian; Interference; None; 21.10.2023 16:21:53; 805.1147; -0.09819996; 241.1785; Sidewalk; 3.336603; BicycleInterference
18; Pedestrian; Interference; None; 21.10.2023 16:21:53; 805.1146; -0.09819996; 241.1793; Sidewalk; 3.358838; null
18; Pedestrian; Interference; None; 21.10.2023 16:21:53; 805.1142; -0.09819996; 241.1798; Sidewalk; 3.38076; null
18; Pedestrian; Interference; None; 21.10.2023 16:21:53; 805.1141; -0.09819996; 241.1801; Sidewalk; 3.391829; null
18; Pedestrian; Interference; None; 21.10.2023 16:21:53; 805.1136; -0.09819996; 241.1808; Sidewalk; 3.418351; null
18; Pedestrian; Interference; None; 21.10.2023 16:21:53; 805.113; -0.09819996; 241.1812; Sidewalk; 3.436195; null
18; Pedestrian; Interference; None; 21.10.2023 16:21:53; 805.1125; -0.09819996; 241.1817; Sidewalk; 3.459216; null
18; Pedestrian; Interference; None; 21.10.2023 16:21:53; 805.1117; -0.09819996; 241.1823; Sidewalk; 3.480861; null
18; Pedestrian; Interference; None; 21.10.2023 16:21:53; 805.111; -0.09819996; 241.1825; Sidewalk; 3.491768; null
18; Pedestrian; Interference; None; 21.10.2023 16:21:53; 805.1085; -0.09819996; 241.1828; Sidewalk; 3.514182; null
18; Pedestrian; Interference; None; 21.10.2023 16:21:53; 805.1039; -0.09819996; 241.1824; Sidewalk; 3.536309; Checking Box AICar
18; Pedestrian; Interference; None; 21.10.2023 16:21:53; 805.101; -0.09819996; 241.1826; Sidewalk; 3.547686; Checking Box AICar
18; Pedestrian; Interference; None; 21.10.2023 16:21:53; 805.0865; -0.09819996; 241.1815; Sidewalk; 3.584047; Checking Box AICar
18; Pedestrian; Interference; None; 21.10.2023 16:21:53; 805.0803; -0.09819996; 241.1809; Sidewalk; 3.591887; Checking Box AICar
18; Pedestrian; Interference; None; 21.10.2023 16:21:53; 805.0644; -0.09819996; 241.179; Sidewalk; 3.614011; Checking Box AICar
18; Pedestrian; Interference; None; 21.10.2023 16:21:53; 805.0441; -0.09819996; 241.1755; Sidewalk; 3.636494; Checking Box AICar
18; Pedestrian; Interference; None; 21.10.2023 16:21:53; 805.0209; -0.09819996; 241.1703; Sidewalk; 3.659048; Checking Box AICar
18; Pedestrian; Interference; None; 21.10.2023 16:21:53; 804.9962; -0.09819996; 241.1633; Sidewalk; 3.681552; null
18; Pedestrian; Interference; None; 21.10.2023 16:21:53; 804.9837; -0.09819996; 241.1592; Sidewalk; 3.691953; null
18; Pedestrian; Interference; None; 21.10.2023 16:21:53; 804.9579; -0.09819996; 241.1493; Sidewalk; 3.714619; null
18; Pedestrian; Interference; None; 21.10.2023 16:21:53; 804.9344; -0.09819996; 241.137; Sidewalk; 3.73727; null
18; Pedestrian; Interference; None; 21.10.2023 16:21:53; 804.9151; -0.09819996; 241.1225; Sidewalk; 3.759483; null
18; Pedestrian; Interference; None; 21.10.2023 16:21:53; 804.9011; -0.09819996; 241.1062; Sidewalk; 3.780982; null
18; Pedestrian; Interference; None; 21.10.2023 16:21:53; 804.895; -0.09819996; 241.0979; Sidewalk; 3.792188; null
18; Pedestrian; Interference; None; 21.10.2023 16:21:53; 804.8903; -0.09819996; 241.0806; Sidewalk; 3.814521; null
18; Pedestrian; Interference; None; 21.10.2023 16:21:54; 804.8917; -0.09819996; 241.0638; Sidewalk; 3.836798; Checking Box AICar
18; Pedestrian; Interference; None; 21.10.2023 16:21:54; 804.8983; -0.09819996; 241.0482; Sidewalk; 3.85929; Checking Box AICar
18; Pedestrian; Interference; None; 21.10.2023 16:21:54; 804.9111; -0.09819996; 241.0341; Sidewalk; 3.887387; Checking Box AICar
18; Pedestrian; Interference; None; 21.10.2023 16:21:54; 804.9178; -0.09819996; 241.0278; Sidewalk; 3.89589; Checking Box AICar
18; Pedestrian; Interference; None; 21.10.2023 16:21:54; 804.9332; -0.09819996; 241.0173; Sidewalk; 3.91465; Checking Box AICar
18; Pedestrian; Interference; None; 21.10.2023 16:21:54; 804.9488; -0.09819996; 241.0097; Sidewalk; 3.936592; Checking Box AICar
18; Pedestrian; Interference; None; 21.10.2023 16:21:54; 804.9636; -0.09819996; 241.0037; Sidewalk; 3.959555; Checking Box AICar
18; Pedestrian; Interference; None; 21.10.2023 16:21:54; 804.9773; -0.09819996; 240.9995; Sidewalk; 3.98156; Checking Box AICar
18; Pedestrian; Interference; None; 21.10.2023 16:21:54; 804.9833; -0.09819996; 240.9975; Sidewalk; 3.992702; Checking Box AICar
18; Pedestrian; Interference; None; 21.10.2023 16:21:54; 804.9941; -0.09819996; 240.9952; Sidewalk; 4.015036; Checking Box AICar
18; Pedestrian; Interference; None; 21.10.2023 16:21:54; 804.9988; -0.09819996; 240.9945; Sidewalk; 4.026612; null
18; Pedestrian; Interference; None; 21.10.2023 16:21:54; 805.0063; -0.09819996; 240.9934; Sidewalk; 4.055231; null
18; Pedestrian; Interference; None; 21.10.2023 16:21:54; 805.0132; -0.09819996; 240.9935; Sidewalk; 4.083291; null
18; Pedestrian; Interference; None; 21.10.2023 16:21:54; 805.0147; -0.09819996; 240.9935; Sidewalk; 4.093318; null
18; Pedestrian; Interference; None; 21.10.2023 16:21:54; 805.0164; -0.09819996; 240.9942; Sidewalk; 4.114887; null
18; Pedestrian; Interference; None; 21.10.2023 16:21:54; 805.0179; -0.09819996; 240.9949; Sidewalk; 4.136981; null
18; Pedestrian; Interference; None; 21.10.2023 16:21:54; 805.0179; -0.09819996; 240.9958; Sidewalk; 4.159691; null
18; Pedestrian; Interference; None; 21.10.2023 16:21:54; 805.0178; -0.09819996; 240.9964; Sidewalk; 4.170513; null
18; Pedestrian; Interference; None; 21.10.2023 16:21:54; 805.0172; -0.09819996; 240.9971; Sidewalk; 4.18188; null
18; Pedestrian; Interference; None; 21.10.2023 16:21:54; 805.015; -0.09819996; 240.9996; Sidewalk; 4.218; null
18; Pedestrian; Interference; None; 21.10.2023 16:21:54; 805.0092; -0.09819996; 241.0009; Sidewalk; 4.237137; null
18; Pedestrian; Interference; None; 21.10.2023 16:21:54; 805.003; -0.09819996; 241.0024; Sidewalk; 4.25962; null
18; Pedestrian; Interference; None; 21.10.2023 16:21:54; 804.9982; -0.09819996; 241.0042; Sidewalk; 4.281461; null
18; Pedestrian; Interference; None; 21.10.2023 16:21:54; 804.9958; -0.09819996; 241.0052; Sidewalk; 4.292557; null
18; Pedestrian; Interference; None; 21.10.2023 16:21:54; 804.9921; -0.09819996; 241.0071; Sidewalk; 4.314438; null
18; Pedestrian; Interference; None; 21.10.2023 16:21:54; 804.9901; -0.09819996; 241.008; Sidewalk; 4.32696; null
18; Pedestrian; Interference; None; 21.10.2023 16:21:54; 804.9843; -0.09819996; 241.0111; Sidewalk; 4.36438; null
18; Pedestrian; Interference; None; 21.10.2023 16:21:54; 804.9803; -0.09819996; 241.0133; Sidewalk; 4.381547; null
18; Pedestrian; Interference; None; 21.10.2023 16:21:54; 804.9786; -0.09819996; 241.0144; Sidewalk; 4.392281; null
18; Pedestrian; Interference; None; 21.10.2023 16:21:54; 804.9752; -0.09819996; 241.0167; Sidewalk; 4.414773; null
18; Pedestrian; Interference; None; 21.10.2023 16:21:54; 804.9725; -0.09819996; 241.0189; Sidewalk; 4.436647; null
18; Pedestrian; Interference; None; 21.10.2023 16:21:54; 804.9693; -0.09819996; 241.0213; Sidewalk; 4.459682; null
18; Pedestrian; Interference; None; 21.10.2023 16:21:54; 804.9665; -0.09819996; 241.0237; Sidewalk; 4.481441; null
18; Pedestrian; Interference; None; 21.10.2023 16:21:54; 804.9665; -0.09819996; 241.0237; Sidewalk; 4.481441; null
18; Pedestrian; Interference; None; 21.10.2023 16:21:54; 804.9626; -0.09819996; 241.0272; Sidewalk; 4.513574; null
18; Pedestrian; Interference; None; 21.10.2023 16:21:54; 804.9595; -0.09819996; 241.0294; Sidewalk; 4.536734; null
18; Pedestrian; Interference; None; 21.10.2023 16:21:54; 804.9568; -0.09819996; 241.0316; Sidewalk; 4.559441; null
18; Pedestrian; Interference; None; 21.10.2023 16:21:54; 804.954; -0.09819996; 241.0339; Sidewalk; 4.581107; null
18; Pedestrian; Interference; None; 21.10.2023 16:21:54; 804.9526; -0.09819996; 241.035; Sidewalk; 4.592481; null
18; Pedestrian; Interference; None; 21.10.2023 16:21:54; 804.9498; -0.09819996; 241.0369; Sidewalk; 4.614448; null
18; Pedestrian; Interference; None; 21.10.2023 16:21:54; 804.947; -0.09819996; 241.0385; Sidewalk; 4.636915; null
18; Pedestrian; Interference; None; 21.10.2023 16:21:54; 804.9438; -0.09819996; 241.0398; Sidewalk; 4.663728; null
18; Pedestrian; Interference; None; 21.10.2023 16:21:54; 804.9407; -0.09819996; 241.0407; Sidewalk; 4.68232; null
18; Pedestrian; Interference; None; 21.10.2023 16:21:54; 804.9392; -0.09819996; 241.041; Sidewalk; 4.692628; null
18; Pedestrian; Interference; None; 21.10.2023 16:21:54; 804.936; -0.09819996; 241.0412; Sidewalk; 4.71454; null
18; Pedestrian; Interference; None; 21.10.2023 16:21:54; 804.9326; -0.09819996; 241.041; Sidewalk; 4.737218; null
18; Pedestrian; Interference; None; 21.10.2023 16:21:54; 804.9287; -0.09819996; 241.04; Sidewalk; 4.759345; null
18; Pedestrian; Interference; None; 21.10.2023 16:21:54; 804.925; -0.09819996; 241.0387; Sidewalk; 4.782036; null
18; Pedestrian; Interference; None; 21.10.2023 16:21:54; 804.9231; -0.09819996; 241.0379; Sidewalk; 4.792998; null
18; Pedestrian; Interference; None; 21.10.2023 16:21:54; 804.9211; -0.09819996; 241.037; Sidewalk; 4.803981; null
18; Pedestrian; Interference; None; 21.10.2023 16:21:55; 804.9153; -0.09819996; 241.0339; Sidewalk; 4.841734; null
18; Pedestrian; Interference; None; 21.10.2023 16:21:55; 804.9114; -0.09819996; 241.0314; Sidewalk; 4.859095; null
18; Pedestrian; Interference; None; 21.10.2023 16:21:55; 804.9073; -0.09819996; 241.0284; Sidewalk; 4.881888; null
18; Pedestrian; Interference; None; 21.10.2023 16:21:55; 804.9055; -0.09819996; 241.0269; Sidewalk; 4.892146; null
18; Pedestrian; Interference; None; 21.10.2023 16:21:55; 804.9023; -0.09819996; 241.0236; Sidewalk; 4.914384; null
18; Pedestrian; Interference; None; 21.10.2023 16:21:55; 804.8994; -0.09819996; 241.0201; Sidewalk; 4.936801; null
18; Pedestrian; Interference; None; 21.10.2023 16:21:55; 804.8976; -0.09819996; 241.0182; Sidewalk; 4.948604; null
18; Pedestrian; Interference; None; 21.10.2023 16:21:55; 804.8925; -0.09819996; 241.0115; Sidewalk; 4.984415; null
18; Pedestrian; Interference; None; 21.10.2023 16:21:55; 804.8907; -0.09819996; 241.0089; Sidewalk; 4.992131; null
18; Pedestrian; Interference; None; 21.10.2023 16:21:55; 804.8872; -0.09819996; 241.0037; Sidewalk; 5.014019; null
18; Pedestrian; Interference; None; 21.10.2023 16:21:55; 804.8843; -0.09819996; 240.9987; Sidewalk; 5.036379; null
18; Pedestrian; Interference; None; 21.10.2023 16:21:55; 804.8817; -0.09819996; 240.9939; Sidewalk; 5.059145; null
18; Pedestrian; Interference; None; 21.10.2023 16:21:55; 804.8796; -0.09819996; 240.9893; Sidewalk; 5.081307; null
18; Pedestrian; Interference; None; 21.10.2023 16:21:55; 804.8785; -0.09819996; 240.9869; Sidewalk; 5.092496; null
18; Pedestrian; Interference; None; 21.10.2023 16:21:55; 804.8776; -0.09819996; 240.9843; Sidewalk; 5.104226; null
18; Pedestrian; Interference; None; 21.10.2023 16:21:55; 804.8741; -0.09819996; 240.9767; Sidewalk; 5.140404; null
18; Pedestrian; Interference; None; 21.10.2023 16:21:55; 804.8726; -0.09819996; 240.9716; Sidewalk; 5.158907; null
18; Pedestrian; Interference; None; 21.10.2023 16:21:55; 804.8708; -0.09819996; 240.9665; Sidewalk; 5.180892; null
18; Pedestrian; Interference; None; 21.10.2023 16:21:55; 804.8702; -0.09819996; 240.964; Sidewalk; 5.191985; null
18; Pedestrian; Interference; None; 21.10.2023 16:21:55; 804.8687; -0.09819996; 240.9589; Sidewalk; 5.214414; null
18; Pedestrian; Interference; None; 21.10.2023 16:21:55; 804.8672; -0.09819996; 240.9539; Sidewalk; 5.236562; null
18; Pedestrian; Interference; None; 21.10.2023 16:21:55; 804.8654; -0.09819996; 240.9491; Sidewalk; 5.258999; null
18; Pedestrian; Interference; None; 21.10.2023 16:21:55; 804.8635; -0.09819996; 240.9448; Sidewalk; 5.286297; null
18; Pedestrian; Interference; None; 21.10.2023 16:21:55; 804.8622; -0.09819996; 240.9428; Sidewalk; 5.294837; null
18; Pedestrian; Interference; None; 21.10.2023 16:21:55; 804.8601; -0.09819996; 240.9395; Sidewalk; 5.314159; null
18; Pedestrian; Interference; None; 21.10.2023 16:21:55; 804.8577; -0.09819996; 240.9367; Sidewalk; 5.336576; null
18; Pedestrian; Interference; None; 21.10.2023 16:21:55; 804.8549; -0.09819996; 240.9344; Sidewalk; 5.358942; null
18; Pedestrian; Interference; None; 21.10.2023 16:21:55; 804.8515; -0.09819996; 240.9327; Sidewalk; 5.381135; null
18; Pedestrian; Interference; None; 21.10.2023 16:21:55; 804.8497; -0.09819996; 240.9322; Sidewalk; 5.391872; null
18; Pedestrian; Interference; None; 21.10.2023 16:21:55; 804.8459; -0.09819996; 240.9315; Sidewalk; 5.414694; null
18; Pedestrian; Interference; None; 21.10.2023 16:21:55; 804.842; -0.09819996; 240.9316; Sidewalk; 5.441969; null
18; Pedestrian; Interference; None; 21.10.2023 16:21:55; 804.8378; -0.09819996; 240.9324; Sidewalk; 5.4612; null
18; Pedestrian; Interference; None; 21.10.2023 16:21:55; 804.8338; -0.09819996; 240.9337; Sidewalk; 5.482158; null
18; Pedestrian; Interference; None; 21.10.2023 16:21:55; 804.8317; -0.09819996; 240.9347; Sidewalk; 5.492554; null
18; Pedestrian; Interference; None; 21.10.2023 16:21:55; 804.8279; -0.09819996; 240.937; Sidewalk; 5.514288; null
18; Pedestrian; Interference; None; 21.10.2023 16:21:55; 804.8248; -0.09819996; 240.9399; Sidewalk; 5.53652; null
18; Pedestrian; Interference; None; 21.10.2023 16:21:55; 804.8219; -0.09819996; 240.9431; Sidewalk; 5.558959; null
18; Pedestrian; Interference; None; 21.10.2023 16:21:55; 804.8205; -0.09819996; 240.9447; Sidewalk; 5.570108; null
18; Pedestrian; Interference; None; 21.10.2023 16:21:55; 804.8205; -0.09819996; 240.9447; Sidewalk; 5.570108; null
18; Pedestrian; Interference; None; 21.10.2023 16:21:55; 804.816; -0.09819996; 240.9527; Sidewalk; 5.607563; null
18; Pedestrian; Interference; None; 21.10.2023 16:21:55; 804.8137; -0.09819996; 240.9569; Sidewalk; 5.638118; null
18; Pedestrian; Interference; None; 21.10.2023 16:21:55; 804.812; -0.09819996; 240.9614; Sidewalk; 5.659615; null
18; Pedestrian; Interference; None; 21.10.2023 16:21:55; 804.811; -0.09819996; 240.9663; Sidewalk; 5.681286; null
18; Pedestrian; Interference; None; 21.10.2023 16:21:55; 804.8107; -0.09819996; 240.9687; Sidewalk; 5.692651; null
18; Pedestrian; Interference; None; 21.10.2023 16:21:55; 804.8107; -0.09819996; 240.9737; Sidewalk; 5.714174; null
18; Pedestrian; Interference; None; 21.10.2023 16:21:55; 804.811; -0.09819996; 240.9762; Sidewalk; 5.726084; null
18; Pedestrian; Interference; None; 21.10.2023 16:21:55; 804.8133; -0.09819996; 240.9838; Sidewalk; 5.759352; null
18; Pedestrian; Interference; None; 21.10.2023 16:21:55; 804.8152; -0.09819996; 240.9888; Sidewalk; 5.784503; null
18; Pedestrian; Interference; None; 21.10.2023 16:21:55; 804.8163; -0.09819996; 240.9913; Sidewalk; 5.793736; null
18; Pedestrian; Interference; None; 21.10.2023 16:21:55; 804.8189; -0.09819996; 240.996; Sidewalk; 5.814301; null
18; Pedestrian; Interference; None; 21.10.2023 16:21:56; 804.8221; -0.09819996; 241.0006; Sidewalk; 5.836755; null
18; Pedestrian; Interference; None; 21.10.2023 16:21:56; 804.8258; -0.09819996; 241.005; Sidewalk; 5.860543; null
18; Pedestrian; Interference; None; 21.10.2023 16:21:56; 804.8296; -0.09819996; 241.0092; Sidewalk; 5.881899; null
18; Pedestrian; Interference; None; 21.10.2023 16:21:56; 804.8296; -0.09819996; 241.0092; Sidewalk; 5.881899; null
18; Pedestrian; Interference; None; 21.10.2023 16:21:56; 804.8336; -0.09819996; 241.0135; Sidewalk; 5.91046; null
18; Pedestrian; Interference; None; 21.10.2023 16:21:56; 804.8392; -0.09819996; 241.0196; Sidewalk; 5.941344; null
18; Pedestrian; Interference; None; 21.10.2023 16:21:56; 804.8428; -0.09819996; 241.0236; Sidewalk; 5.960056; null
18; Pedestrian; Interference; None; 21.10.2023 16:21:56; 804.8463; -0.09819996; 241.0276; Sidewalk; 5.982008; null
18; Pedestrian; Interference; None; 21.10.2023 16:21:56; 804.8477; -0.09819996; 241.0295; Sidewalk; 5.992691; null
18; Pedestrian; Interference; None; 21.10.2023 16:21:56; 804.8501; -0.09819996; 241.0332; Sidewalk; 6.014666; Checking Box AICar
18; Pedestrian; Interference; None; 21.10.2023 16:21:56; 804.8518; -0.09819996; 241.0367; Sidewalk; 6.036395; Checking Box AICar
18; Pedestrian; Interference; None; 21.10.2023 16:21:56; 804.8525; -0.09819996; 241.0382; Sidewalk; 6.048505; Checking Box AICar
18; Pedestrian; Interference; None; 21.10.2023 16:21:56; 804.8544; -0.09819996; 241.0425; Sidewalk; 6.084949; Checking Box AICar
18; Pedestrian; Interference; None; 21.10.2023 16:21:56; 804.8549; -0.09819996; 241.0437; Sidewalk; 6.094125; Checking Box AICar
18; Pedestrian; Interference; None; 21.10.2023 16:21:56; 804.8564; -0.09819996; 241.0461; Sidewalk; 6.114529; Checking Box AICar
18; Pedestrian; Interference; None; 21.10.2023 16:21:56; 804.858; -0.09819996; 241.0484; Sidewalk; 6.136167; Checking Box AICar
18; Pedestrian; Interference; None; 21.10.2023 16:21:56; 804.8595; -0.09819996; 241.0505; Sidewalk; 6.159835; Checking Box AICar
18; Pedestrian; Interference; None; 21.10.2023 16:21:56; 804.8612; -0.09819996; 241.0523; Sidewalk; 6.181153; Checking Box AICar
18; Pedestrian; Interference; None; 21.10.2023 16:21:56; 804.8619; -0.09819996; 241.0531; Sidewalk; 6.192111; Checking Box AICar
18; Pedestrian; Interference; None; 21.10.2023 16:21:56; 804.8624; -0.09819996; 241.0539; Sidewalk; 6.20427; Checking Box AICar
18; Pedestrian; Interference; None; 21.10.2023 16:21:56; 804.8651; -0.09819996; 241.0563; Sidewalk; 6.240663; Checking Box AICar
18; Pedestrian; Interference; None; 21.10.2023 16:21:56; 804.8665; -0.09819996; 241.0576; Sidewalk; 6.258831; Checking Box AICar
18; Pedestrian; Interference; None; 21.10.2023 16:21:56; 804.8676; -0.09819996; 241.0589; Sidewalk; 6.280628; Checking Box AICar
18; Pedestrian; Interference; None; 21.10.2023 16:21:56; 804.8682; -0.09819996; 241.0594; Sidewalk; 6.292977; Checking Box AICar
18; Pedestrian; Interference; None; 21.10.2023 16:21:56; 804.8693; -0.09819996; 241.0604; Sidewalk; 6.313979; Checking Box AICar
18; Pedestrian; Interference; None; 21.10.2023 16:21:56; 804.8702; -0.09819996; 241.0614; Sidewalk; 6.336343; Checking Box AICar
18; Pedestrian; Interference; None; 21.10.2023 16:21:56; 804.8703; -0.09819996; 241.0618; Sidewalk; 6.347205; Checking Box AICar
18; Pedestrian; Interference; None; 21.10.2023 16:21:56; 804.8699; -0.09819996; 241.0629; Sidewalk; 6.386833; Checking Box AICar
18; Pedestrian; Interference; None; 21.10.2023 16:21:56; 804.8694; -0.09819996; 241.0631; Sidewalk; 6.395079; Checking Box AICar
18; Pedestrian; Interference; None; 21.10.2023 16:21:56; 804.8679; -0.09819996; 241.0633; Sidewalk; 6.414291; Checking Box AICar
18; Pedestrian; Interference; None; 21.10.2023 16:21:56; 804.8654; -0.09819996; 241.0633; Sidewalk; 6.435765; Checking Box AICar
18; Pedestrian; Interference; None; 21.10.2023 16:21:56; 804.8622; -0.09819996; 241.0629; Sidewalk; 6.458369; Checking Box AICar
18; Pedestrian; Interference; None; 21.10.2023 16:21:56; 804.8584; -0.09819996; 241.0624; Sidewalk; 6.480364; Checking Box AICar
18; Pedestrian; Interference; None; 21.10.2023 16:21:56; 804.8566; -0.09819996; 241.0621; Sidewalk; 6.49168; Checking Box AICar
18; Pedestrian; Interference; None; 21.10.2023 16:21:56; 804.8529; -0.09819996; 241.0615; Sidewalk; 6.513637; Checking Box AICar
18; Pedestrian; Interference; None; 21.10.2023 16:21:56; 804.8495; -0.09819996; 241.0611; Sidewalk; 6.538051; Checking Box AICar
18; Pedestrian; Interference; None; 21.10.2023 16:21:56; 804.8465; -0.09819996; 241.0607; Sidewalk; 6.558178; Checking Box AICar
18; Pedestrian; Interference; None; 21.10.2023 16:21:56; 804.8437; -0.09819996; 241.0602; Sidewalk; 6.581228; Checking Box AICar
18; Pedestrian; Interference; None; 21.10.2023 16:21:56; 804.8422; -0.09819996; 241.06; Sidewalk; 6.591693; Checking Box AICar
18; Pedestrian; Interference; None; 21.10.2023 16:21:56; 804.8398; -0.09819996; 241.0595; Sidewalk; 6.61372; Checking Box AICar
18; Pedestrian; Interference; None; 21.10.2023 16:21:56; 804.8372; -0.09819996; 241.0592; Sidewalk; 6.635777; Checking Box AICar
18; Pedestrian; Interference; None; 21.10.2023 16:21:56; 804.8351; -0.09819996; 241.0591; Sidewalk; 6.657799; Checking Box AICar
18; Pedestrian; Interference; None; 21.10.2023 16:21:56; 804.8329; -0.09819996; 241.059; Sidewalk; 6.686025; Checking Box AICar
18; Pedestrian; Interference; None; 21.10.2023 16:21:56; 804.8318; -0.09819996; 241.059; Sidewalk; 6.694338; Checking Box AICar
18; Pedestrian; Interference; None; 21.10.2023 16:21:56; 804.8293; -0.09819996; 241.0589; Sidewalk; 6.714303; Checking Box AICar
18; Pedestrian; Interference; None; 21.10.2023 16:21:56; 804.8267; -0.09819996; 241.0587; Sidewalk; 6.736521; Checking Box AICar
18; Pedestrian; Interference; None; 21.10.2023 16:21:56; 804.8237; -0.09819996; 241.0584; Sidewalk; 6.758907; Checking Box AICar
18; Pedestrian; Interference; None; 21.10.2023 16:21:56; 804.821; -0.09819996; 241.0581; Sidewalk; 6.780487; Checking Box AICar
18; Pedestrian; Interference; None; 21.10.2023 16:21:56; 804.8198; -0.09819996; 241.0579; Sidewalk; 6.791742; Checking Box AICar
18; Pedestrian; Interference; None; 21.10.2023 16:21:56; 804.8171; -0.09819996; 241.0576; Sidewalk; 6.813747; Checking Box AICar
18; Pedestrian; Interference; None; 21.10.2023 16:21:57; 804.8144; -0.09819996; 241.0572; Sidewalk; 6.841124; Checking Box AICar
18; Pedestrian; Interference; None; 21.10.2023 16:21:57; 804.8119; -0.09819996; 241.0566; Sidewalk; 6.85903; Checking Box AICar
18; Pedestrian; Interference; None; 21.10.2023 16:21:57; 804.8093; -0.09819996; 241.0562; Sidewalk; 6.880503; Checking Box AICar
18; Pedestrian; Interference; None; 21.10.2023 16:21:57; 804.8082; -0.09819996; 241.056; Sidewalk; 6.891677; Checking Box AICar
18; Pedestrian; Interference; None; 21.10.2023 16:21:57; 804.8058; -0.09819996; 241.0557; Sidewalk; 6.914153; Checking Box AICar
18; Pedestrian; Interference; None; 21.10.2023 16:21:57; 804.8038; -0.09819996; 241.0554; Sidewalk; 6.935551; Checking Box AICar
18; Pedestrian; Interference; None; 21.10.2023 16:21:57; 804.8017; -0.09819996; 241.0551; Sidewalk; 6.958233; Checking Box AICar
18; Pedestrian; Interference; None; 21.10.2023 16:21:57; 804.8006; -0.09819996; 241.0551; Sidewalk; 6.969649; Checking Box AICar
18; Pedestrian; Interference; None; 21.10.2023 16:21:57; 804.7993; -0.09819996; 241.0551; Sidewalk; 6.982636; Checking Box AICar
18; Pedestrian; Interference; None; 21.10.2023 16:21:57; 804.7955; -0.09819996; 241.0552; Sidewalk; 7.020447; Checking Box AICar
18; Pedestrian; Interference; None; 21.10.2023 16:21:57; 804.7925; -0.09819996; 241.0554; Sidewalk; 7.037614; Checking Box AICar
18; Pedestrian; Interference; None; 21.10.2023 16:21:57; 804.7891; -0.09819996; 241.0558; Sidewalk; 7.059162; Checking Box AICar
18; Pedestrian; Interference; None; 21.10.2023 16:21:57; 804.7843; -0.09819996; 241.0565; Sidewalk; 7.080313; Checking Box AICar
18; Pedestrian; Interference; None; 21.10.2023 16:21:57; 804.7816; -0.09819996; 241.0569; Sidewalk; 7.092383; Checking Box AICar
18; Pedestrian; Interference; None; 21.10.2023 16:21:57; 804.7769; -0.09819996; 241.0577; Sidewalk; 7.114595; Checking Box AICar
18; Pedestrian; Interference; None; 21.10.2023 16:21:57; 804.7749; -0.09819996; 241.0581; Sidewalk; 7.125172; Checking Box AICar
18; Pedestrian; Interference; None; 21.10.2023 16:21:57; 804.7706; -0.09819996; 241.0589; Sidewalk; 7.15531; Checking Box AICar
18; Pedestrian; Interference; None; 21.10.2023 16:21:57; 804.7635; -0.09819996; 241.0605; Sidewalk; 7.184935; Checking Box AICar
18; Pedestrian; Interference; None; 21.10.2023 16:21:57; 804.7613; -0.09819996; 241.061; Sidewalk; 7.192244; Checking Box AICar
18; Pedestrian; Interference; None; 21.10.2023 16:21:57; 804.7579; -0.09819996; 241.062; Sidewalk; 7.213995; Checking Box AICar
18; Pedestrian; Interference; None; 21.10.2023 16:21:57; 804.7544; -0.09819996; 241.0628; Sidewalk; 7.23569; Checking Box AICar
18; Pedestrian; Interference; None; 21.10.2023 16:21:57; 804.751; -0.09819996; 241.0637; Sidewalk; 7.23569; Checking Box AICar
18; Pedestrian; Interference; None; 21.10.2023 16:21:57; 804.7485; -0.09819996; 241.0646; Sidewalk; 7.23569; Checking Box AICar
18; Pedestrian; Interference; None; 21.10.2023 16:21:57; 804.7485; -0.09819996; 241.0646; Sidewalk; 7.23569; Checking Box AICar
18; Pedestrian; Interference; None; 21.10.2023 16:21:57; 804.7469; -0.09819996; 241.0655; Road; 1.421929; Checking Box AICar
18; Pedestrian; Interference; None; 21.10.2023 16:21:57; 804.7465; -0.09819996; 241.0661; Road; 1.44026; Checking Box AICar
18; Pedestrian; Interference; None; 21.10.2023 16:21:57; 804.7468; -0.09819996; 241.0668; Road; 1.462164; Checking Box AICar
18; Pedestrian; Interference; None; 21.10.2023 16:21:57; 804.7477; -0.09819996; 241.0673; Road; 1.484344; Checking Box AICar
18; Pedestrian; Interference; None; 21.10.2023 16:21:57; 804.7485; -0.09819996; 241.0675; Road; 1.495735; Checking Box AICar
18; Pedestrian; Interference; None; 21.10.2023 16:21:57; 804.7501; -0.09819996; 241.0678; Road; 1.495735; Checking Box AICar
18; Pedestrian; Interference; None; 21.10.2023 16:21:57; 804.7521; -0.09819996; 241.0682; Road; 1.495735; Checking Box AICar
18; Pedestrian; Interference; None; 21.10.2023 16:21:57; 804.7546; -0.09819996; 241.0684; Road; 1.495735; Checking Box AICar
18; Pedestrian; Interference; None; 21.10.2023 16:21:57; 804.7576; -0.09819996; 241.0685; Sidewalk; 7.308292; Checking Box AICar
18; Pedestrian; Interference; None; 21.10.2023 16:21:57; 804.7593; -0.09819996; 241.0687; Sidewalk; 7.318741; Checking Box AICar
18; Pedestrian; Interference; None; 21.10.2023 16:21:57; 804.7625; -0.09819996; 241.0691; Sidewalk; 7.340562; Checking Box AICar
18; Pedestrian; Interference; None; 21.10.2023 16:21:57; 804.7659; -0.09819996; 241.0696; Sidewalk; 7.363579; Checking Box AICar
18; Pedestrian; Interference; None; 21.10.2023 16:21:57; 804.769; -0.09819996; 241.0701; Sidewalk; 7.385379; Checking Box AICar
18; Pedestrian; Interference; None; 21.10.2023 16:21:57; 804.7723; -0.09819996; 241.0708; Sidewalk; 7.408134; Checking Box AICar
18; Pedestrian; Interference; None; 21.10.2023 16:21:57; 804.7737; -0.09819996; 241.071; Sidewalk; 7.418689; Checking Box AICar
18; Pedestrian; Interference; None; 21.10.2023 16:21:57; 804.7755; -0.09819996; 241.0715; Sidewalk; 7.43008; Checking Box AICar
18; Pedestrian; Interference; None; 21.10.2023 16:21:57; 804.7797; -0.09819996; 241.0728; Sidewalk; 7.466024; Checking Box AICar
18; Pedestrian; Interference; None; 21.10.2023 16:21:57; 804.7823; -0.09819996; 241.0738; Sidewalk; 7.485341; Checking Box AICar
18; Pedestrian; Interference; None; 21.10.2023 16:21:57; 804.7845; -0.09819996; 241.0748; Sidewalk; 7.507717; Checking Box AICar
18; Pedestrian; Interference; None; 21.10.2023 16:21:57; 804.7855; -0.09819996; 241.0753; Sidewalk; 7.518462; Checking Box AICar
18; Pedestrian; Interference; None; 21.10.2023 16:21:57; 804.7869; -0.09819996; 241.0765; Sidewalk; 7.540624; Checking Box AICar
18; Pedestrian; Interference; None; 21.10.2023 16:21:57; 804.7886; -0.09819996; 241.0779; Sidewalk; 7.562805; Checking Box AICar
18; Pedestrian; Interference; None; 21.10.2023 16:21:57; 804.7893; -0.09819996; 241.0786; Sidewalk; 7.575095; Checking Box AICar
18; Pedestrian; Interference; None; 21.10.2023 16:21:57; 804.7906; -0.09819996; 241.0804; Sidewalk; 7.611968; Checking Box AICar
18; Pedestrian; Interference; None; 21.10.2023 16:21:57; 804.7907; -0.09819996; 241.0809; Sidewalk; 7.61889; Checking Box AICar
18; Pedestrian; Interference; None; 21.10.2023 16:21:57; 804.7911; -0.09819996; 241.0819; Sidewalk; 7.640499; Checking Box AICar
18; Pedestrian; Interference; None; 21.10.2023 16:21:58; 804.7906; -0.09819996; 241.0832; Sidewalk; 7.662925; Checking Box AICar
18; Pedestrian; Interference; None; 21.10.2023 16:21:58; 804.7897; -0.09819996; 241.0842; Sidewalk; 7.684965; Checking Box AICar
18; Pedestrian; Interference; None; 21.10.2023 16:21:58; 804.7903; -0.09819996; 241.0851; Sidewalk; 7.707499; Checking Box AICar
18; Pedestrian; Interference; None; 21.10.2023 16:21:58; 804.79; -0.09819996; 241.0857; Sidewalk; 7.718184; Checking Box AICar
18; Pedestrian; Interference; None; 21.10.2023 16:21:58; 804.7896; -0.09819996; 241.0864; Sidewalk; 7.729516; Checking Box AICar
18; Pedestrian; Interference; None; 21.10.2023 16:21:58; 804.7885; -0.09819996; 241.088; Sidewalk; 7.768062; Checking Box AICar
18; Pedestrian; Interference; None; 21.10.2023 16:21:58; 804.7876; -0.09819996; 241.089; Sidewalk; 7.785274; Checking Box AICar
18; Pedestrian; Interference; None; 21.10.2023 16:21:58; 804.7866; -0.09819996; 241.09; Sidewalk; 7.807282; Checking Box AICar
18; Pedestrian; Interference; None; 21.10.2023 16:21:58; 804.7863; -0.09819996; 241.0904; Sidewalk; 7.818089; Checking Box AICar
18; Pedestrian; Interference; None; 21.10.2023 16:21:58; 804.7859; -0.09819996; 241.0912; Sidewalk; 7.840386; Checking Box AICar
18; Pedestrian; Interference; None; 21.10.2023 16:21:58; 804.7858; -0.09819996; 241.0919; Sidewalk; 7.862329; Checking Box AICar
18; Pedestrian; Interference; None; 21.10.2023 16:21:58; 804.7858; -0.09819996; 241.0924; Sidewalk; 7.885429; Checking Box AICar
18; Pedestrian; Interference; None; 21.10.2023 16:21:58; 804.7859; -0.09819996; 241.0928; Sidewalk; 7.911797; Checking Box AICar
18; Pedestrian; Interference; None; 21.10.2023 16:21:58; 804.786; -0.09819996; 241.0929; Sidewalk; 7.920464; Checking Box AICar
18; Pedestrian; Interference; None; 21.10.2023 16:21:58; 804.7866; -0.09819996; 241.093; Sidewalk; 7.940407; Checking Box AICar
18; Pedestrian; Interference; None; 21.10.2023 16:21:58; 804.7873; -0.09819996; 241.0928; Sidewalk; 7.962343; Checking Box AICar
18; Pedestrian; Interference; None; 21.10.2023 16:21:58; 804.7885; -0.09819996; 241.0925; Sidewalk; 7.984869; Checking Box AICar
18; Pedestrian; Interference; None; 21.10.2023 16:21:58; 804.7905; -0.09819996; 241.092; Sidewalk; 8.007405; Checking Box AICar
18; Pedestrian; Interference; None; 21.10.2023 16:21:58; 804.7917; -0.09819996; 241.0916; Sidewalk; 8.018179; Checking Box AICar
18; Pedestrian; Interference; None; 21.10.2023 16:21:58; 804.7947; -0.09819996; 241.0909; Sidewalk; 8.040357; Checking Box AICar
18; Pedestrian; Interference; None; 21.10.2023 16:21:58; 804.7979; -0.09819996; 241.0899; Sidewalk; 8.066972; Checking Box AICar
18; Pedestrian; Interference; None; 21.10.2023 16:21:58; 804.8015; -0.09819996; 241.0886; Sidewalk; 8.086985; Checking Box AICar
18; Pedestrian; Interference; None; 21.10.2023 16:21:58; 804.8052; -0.09819996; 241.0873; Sidewalk; 8.108197; Checking Box AICar
18; Pedestrian; Interference; None; 21.10.2023 16:21:58; 804.8072; -0.09819996; 241.0865; Sidewalk; 8.120285; Checking Box AICar
18; Pedestrian; Interference; None; 21.10.2023 16:21:58; 804.8112; -0.09819996; 241.085; Sidewalk; 8.14056; Checking Box AICar
18; Pedestrian; Interference; None; 21.10.2023 16:21:58; 804.8152; -0.09819996; 241.0834; Sidewalk; 8.162771; Checking Box AICar
18; Pedestrian; Interference; None; 21.10.2023 16:21:58; 804.8198; -0.09819996; 241.0819; Sidewalk; 8.185187; Checking Box AICar
18; Pedestrian; Interference; None; 21.10.2023 16:21:58; 804.8221; -0.09819996; 241.0811; Sidewalk; 8.195866; Checking Box AICar
18; Pedestrian; Interference; None; 21.10.2023 16:21:58; 804.8279; -0.09819996; 241.0806; Sidewalk; 8.207451; null
18; Pedestrian; Interference; None; 21.10.2023 16:21:58; 804.8356; -0.09819996; 241.078; Sidewalk; 8.248056; null
18; Pedestrian; Interference; None; 21.10.2023 16:21:58; 804.8406; -0.09819996; 241.0764; Sidewalk; 8.263534; null
18; Pedestrian; Interference; None; 21.10.2023 16:21:58; 804.8453; -0.09819996; 241.0745; Sidewalk; 8.28492; null
18; Pedestrian; Interference; None; 21.10.2023 16:21:58; 804.8502; -0.09819996; 241.0727; Sidewalk; 8.307352; null
18; Pedestrian; Interference; None; 21.10.2023 16:21:58; 804.853; -0.09819996; 241.0719; Sidewalk; 8.318607; null
18; Pedestrian; Interference; None; 21.10.2023 16:21:58; 804.8583; -0.09819996; 241.0703; Sidewalk; 8.341062; null
18; Pedestrian; Interference; None; 21.10.2023 16:21:58; 804.8631; -0.09819996; 241.0688; Sidewalk; 8.362426; null
18; Pedestrian; Interference; None; 21.10.2023 16:21:58; 804.8681; -0.09819996; 241.0675; Sidewalk; 8.387638; null
18; Pedestrian; Interference; None; 21.10.2023 16:21:58; 804.8732; -0.09819996; 241.0664; Sidewalk; 8.40705; null
18; Pedestrian; Interference; None; 21.10.2023 16:21:58; 804.8754; -0.09819996; 241.066; Sidewalk; 8.418169; null
18; Pedestrian; Interference; None; 21.10.2023 16:21:58; 804.8804; -0.09819996; 241.0651; Sidewalk; 8.440106; null
18; Pedestrian; Interference; None; 21.10.2023 16:21:58; 804.8851; -0.09819996; 241.0642; Sidewalk; 8.46191; null
18; Pedestrian; Interference; None; 21.10.2023 16:21:58; 804.8885; -0.09819996; 241.0635; Sidewalk; 8.484457; null
18; Pedestrian; Interference; None; 21.10.2023 16:21:58; 804.8914; -0.09819996; 241.0627; Sidewalk; 8.507092; null
18; Pedestrian; Interference; None; 21.10.2023 16:21:58; 804.8914; -0.09819996; 241.0627; Sidewalk; 8.507092; null
18; Pedestrian; Interference; None; 21.10.2023 16:21:58; 804.8941; -0.09819996; 241.062; Sidewalk; 8.537692; null
18; Pedestrian; Interference; None; 21.10.2023 16:21:58; 804.897; -0.09819996; 241.0609; Sidewalk; 8.567639; null
18; Pedestrian; Interference; None; 21.10.2023 16:21:58; 804.8973; -0.09819996; 241.0602; Sidewalk; 8.584766; null
18; Pedestrian; Interference; None; 21.10.2023 16:21:58; 804.8967; -0.09819996; 241.0595; Sidewalk; 8.606721; null
18; Pedestrian; Interference; None; 21.10.2023 16:21:58; 804.8963; -0.09819996; 241.0592; Sidewalk; 8.618268; null
18; Pedestrian; Interference; None; 21.10.2023 16:21:58; 804.8951; -0.09819996; 241.0587; Sidewalk; 8.640214; null
18; Pedestrian; Interference; None; 21.10.2023 16:21:59; 804.8936; -0.09819996; 241.0582; Sidewalk; 8.662335; null
18; Pedestrian; Interference; None; 21.10.2023 16:21:59; 804.8925; -0.09819996; 241.058; Sidewalk; 8.674088; null
18; Pedestrian; Interference; None; 21.10.2023 16:21:59; 804.8895; -0.09819996; 241.0575; Sidewalk; 8.713802; null
18; Pedestrian; Interference; None; 21.10.2023 16:21:59; 804.8885; -0.09819996; 241.0573; Sidewalk; 8.722376; null
18; Pedestrian; Interference; None; 21.10.2023 16:21:59; 804.8869; -0.09819996; 241.0567; Sidewalk; 8.739897; null
18; Pedestrian; Interference; None; 21.10.2023 16:21:59; 804.8851; -0.09819996; 241.0563; Sidewalk; 8.762161; null
18; Pedestrian; Interference; None; 21.10.2023 16:21:59; 804.8839; -0.09819996; 241.0556; Sidewalk; 8.784346; null
18; Pedestrian; Interference; None; 21.10.2023 16:21:59; 804.8825; -0.09819996; 241.0546; Sidewalk; 8.806835; null
18; Pedestrian; Interference; None; 21.10.2023 16:21:59; 804.8818; -0.09819996; 241.0541; Sidewalk; 8.817591; null
18; Pedestrian; Interference; None; 21.10.2023 16:21:59; 804.8803; -0.09819996; 241.0532; Sidewalk; 8.846449; null
18; Pedestrian; Interference; None; 21.10.2023 16:21:59; 804.8789; -0.09819996; 241.0525; Sidewalk; 8.863953; null
18; Pedestrian; Interference; None; 21.10.2023 16:21:59; 804.8774; -0.09819996; 241.0518; Sidewalk; 8.884434; null
18; Pedestrian; Interference; None; 21.10.2023 16:21:59; 804.876; -0.09819996; 241.0514; Sidewalk; 8.907742; null
18; Pedestrian; Interference; None; 21.10.2023 16:21:59; 804.8752; -0.09819996; 241.0512; Sidewalk; 8.917921; null
18; Pedestrian; Interference; None; 21.10.2023 16:21:59; 804.8738; -0.09819996; 241.0509; Sidewalk; 8.940223; null
18; Pedestrian; Interference; None; 21.10.2023 16:21:59; 804.8721; -0.09819996; 241.0507; Sidewalk; 8.961912; null
18; Pedestrian; Interference; None; 21.10.2023 16:21:59; 804.8713; -0.09819996; 241.0506; Sidewalk; 8.973605; null
18; Pedestrian; Interference; None; 21.10.2023 16:21:59; 804.8699; -0.09819996; 241.0504; Sidewalk; 9.003319; null
18; Pedestrian; Interference; None; 21.10.2023 16:21:59; 804.8686; -0.09819996; 241.0501; Sidewalk; 9.025209; null
18; Pedestrian; Interference; None; 21.10.2023 16:21:59; 804.8675; -0.09819996; 241.0499; Sidewalk; 9.040438; null
18; Pedestrian; Interference; None; 21.10.2023 16:21:59; 804.8665; -0.09819996; 241.0497; Sidewalk; 9.06218; null
18; Pedestrian; Interference; None; 21.10.2023 16:21:59; 804.8657; -0.09819996; 241.0495; Sidewalk; 9.084103; null
18; Pedestrian; Interference; None; 21.10.2023 16:21:59; 804.8654; -0.09819996; 241.0491; Sidewalk; 9.106549; null
18; Pedestrian; Interference; None; 21.10.2023 16:21:59; 804.8655; -0.09819996; 241.0489; Sidewalk; 9.117619; null
18; Pedestrian; Interference; None; 21.10.2023 16:21:59; 804.8662; -0.09819996; 241.0485; Sidewalk; 9.139812; null
18; Pedestrian; Interference; None; 21.10.2023 16:21:59; 804.8669; -0.09819996; 241.0481; Sidewalk; 9.16655; null
18; Pedestrian; Interference; None; 21.10.2023 16:21:59; 804.8677; -0.09819996; 241.0477; Sidewalk; 9.184897; null
18; Pedestrian; Interference; None; 21.10.2023 16:21:59; 804.8683; -0.09819996; 241.0474; Sidewalk; 9.20706; null
18; Pedestrian; Interference; None; 21.10.2023 16:21:59; 804.8684; -0.09819996; 241.0473; Sidewalk; 9.217323; null
18; Pedestrian; Interference; None; 21.10.2023 16:21:59; 804.8685; -0.09819996; 241.0471; Sidewalk; 9.239843; null
18; Pedestrian; Interference; None; 21.10.2023 16:21:59; 804.8687; -0.09819996; 241.0469; Sidewalk; 9.261638; null
18; Pedestrian; Interference; None; 21.10.2023 16:21:59; 804.8687; -0.09819996; 241.0467; Sidewalk; 9.283962; null
18; Pedestrian; Interference; None; 21.10.2023 16:21:59; 804.8685; -0.09819996; 241.0467; Sidewalk; 9.311989; null
18; Pedestrian; Interference; None; 21.10.2023 16:21:59; 804.8685; -0.09819996; 241.0467; Sidewalk; 9.319763; null
18; Pedestrian; Interference; None; 21.10.2023 16:21:59; 804.8682; -0.09819996; 241.0467; Sidewalk; 9.339902; null
18; Pedestrian; Interference; None; 21.10.2023 16:21:59; 804.8679; -0.09819996; 241.0467; Sidewalk; 9.361655; null
18; Pedestrian; Interference; None; 21.10.2023 16:21:59; 804.8675; -0.09819996; 241.0466; Sidewalk; 9.384006; null
18; Pedestrian; Interference; None; 21.10.2023 16:21:59; 804.8671; -0.09819996; 241.0466; Sidewalk; 9.407207; null
18; Pedestrian; Interference; None; 21.10.2023 16:21:59; 804.8671; -0.09819996; 241.0466; Sidewalk; 9.418931; null
18; Pedestrian; Interference; None; 21.10.2023 16:21:59; 804.8666; -0.09819996; 241.0466; Sidewalk; 9.440266; null
18; Pedestrian; Interference; None; 21.10.2023 16:21:59; 804.8666; -0.09819996; 241.0466; Sidewalk; 9.451424; null
18; Pedestrian; Interference; None; 21.10.2023 16:21:59; 804.8664; -0.09819996; 241.0467; Sidewalk; 9.488667; null
18; Pedestrian; Interference; None; 21.10.2023 16:21:59; 804.8664; -0.09819996; 241.0467; Sidewalk; 9.506704; null
18; Pedestrian; Interference; None; 21.10.2023 16:21:59; 804.8664; -0.09819996; 241.0467; Sidewalk; 9.517439; null
18; Pedestrian; Interference; None; 21.10.2023 16:21:59; 804.8664; -0.09819996; 241.0466; Sidewalk; 9.539727; null
18; Pedestrian; Interference; None; 21.10.2023 16:21:59; 804.8666; -0.09819996; 241.0466; Sidewalk; 9.562327; null
18; Pedestrian; Interference; None; 21.10.2023 16:21:59; 804.8668; -0.09819996; 241.0465; Sidewalk; 9.583856; null
18; Pedestrian; Interference; None; 21.10.2023 16:21:59; 804.8673; -0.09819996; 241.0464; Sidewalk; 9.607079; null
18; Pedestrian; Interference; None; 21.10.2023 16:21:59; 804.8674; -0.09819996; 241.0463; Sidewalk; 9.62353; null
18; Pedestrian; Interference; None; 21.10.2023 16:21:59; 804.8676; -0.09819996; 241.0463; Sidewalk; 9.642101; null
18; Pedestrian; Interference; None; 21.10.2023 16:22:00; 804.8674; -0.09819996; 241.0464; Sidewalk; 9.662519; null
18; Pedestrian; Interference; None; 21.10.2023 16:22:00; 804.867; -0.09819996; 241.0463; Sidewalk; 9.684279; null
18; Pedestrian; Interference; None; 21.10.2023 16:22:00; 804.8668; -0.09819996; 241.0463; Sidewalk; 9.706756; null
18; Pedestrian; Interference; None; 21.10.2023 16:22:00; 804.8663; -0.09819996; 241.0463; Sidewalk; 9.717524; null
18; Pedestrian; Interference; None; 21.10.2023 16:22:00; 804.8659; -0.09819996; 241.0464; Sidewalk; 9.739975; null
18; Pedestrian; Interference; None; 21.10.2023 16:22:00; 804.8652; -0.09819996; 241.0465; Sidewalk; 9.761536; null
18; Pedestrian; Interference; None; 21.10.2023 16:22:00; 804.8643; -0.09819996; 241.0466; Sidewalk; 9.786887; null
18; Pedestrian; Interference; None; 21.10.2023 16:22:00; 804.8633; -0.09819996; 241.0467; Sidewalk; 9.806534; null
18; Pedestrian; Interference; None; 21.10.2023 16:22:00; 804.8629; -0.09819996; 241.0468; Sidewalk; 9.817831; null
18; Pedestrian; Interference; None; 21.10.2023 16:22:00; 804.8621; -0.09819996; 241.0469; Sidewalk; 9.839873; Checking Box Human Car
18; Pedestrian; Interference; None; 21.10.2023 16:22:00; 804.8611; -0.09819996; 241.0471; Sidewalk; 9.861588; Checking Box Human Car
18; Pedestrian; Interference; None; 21.10.2023 16:22:00; 804.86; -0.09819996; 241.0473; Sidewalk; 9.883773; Checking Box Human Car
18; Pedestrian; Interference; None; 21.10.2023 16:22:00; 804.859; -0.09819996; 241.0474; Sidewalk; 9.907576; Checking Box Human Car
18; Pedestrian; Interference; None; 21.10.2023 16:22:00; 804.8585; -0.09819996; 241.0475; Sidewalk; 9.91767; Checking Box Human Car
18; Pedestrian; Interference; None; 21.10.2023 16:22:00; 804.8572; -0.09819996; 241.0477; Sidewalk; 9.942161; Checking Box Human Car
18; Pedestrian; Interference; None; 21.10.2023 16:22:00; 804.8556; -0.09819996; 241.0478; Sidewalk; 9.96133; Checking Box Human Car
18; Pedestrian; Interference; None; 21.10.2023 16:22:00; 804.8539; -0.09819996; 241.048; Sidewalk; 9.983686; Checking Box Human Car
18; Pedestrian; Interference; None; 21.10.2023 16:22:00; 804.8524; -0.09819996; 241.0481; Sidewalk; 10.00681; Checking Box Human Car
18; Pedestrian; Interference; None; 21.10.2023 16:22:00; 804.8517; -0.09819996; 241.0481; Sidewalk; 10.01822; Checking Box Human Car
18; Pedestrian; Interference; None; 21.10.2023 16:22:00; 804.8499; -0.09819996; 241.0482; Sidewalk; 10.03944; Checking Box Human Car
18; Pedestrian; Interference; None; 21.10.2023 16:22:00; 804.8483; -0.09819996; 241.0484; Sidewalk; 10.06159; Checking Box Human Car
18; Pedestrian; Interference; None; 21.10.2023 16:22:00; 804.8466; -0.09819996; 241.0486; Sidewalk; 10.08924; Checking Box Human Car
18; Pedestrian; Interference; None; 21.10.2023 16:22:00; 804.8442; -0.09819996; 241.0488; Sidewalk; 10.10772; Checking Box Human Car
18; Pedestrian; Interference; None; 21.10.2023 16:22:00; 804.8433; -0.09819996; 241.0489; Sidewalk; 10.11809; Checking Box Human Car
18; Pedestrian; Interference; None; 21.10.2023 16:22:00; 804.841; -0.09819996; 241.049; Sidewalk; 10.13957; Checking Box Human Car
18; Pedestrian; Interference; None; 21.10.2023 16:22:00; 804.8391; -0.09819996; 241.0491; Sidewalk; 10.16154; Checking Box Human Car
18; Pedestrian; Interference; None; 21.10.2023 16:22:00; 804.8367; -0.09819996; 241.0492; Sidewalk; 10.18363; Checking Box Human Car
18; Pedestrian; Interference; None; 21.10.2023 16:22:00; 804.835; -0.09819996; 241.0494; Sidewalk; 10.20686; Checking Box Human Car
18; Pedestrian; Interference; None; 21.10.2023 16:22:00; 804.834; -0.09819996; 241.0495; Sidewalk; 10.2172; Checking Box Human Car
18; Pedestrian; Interference; None; 21.10.2023 16:22:00; 804.8328; -0.09819996; 241.0497; Sidewalk; 10.24427; Checking Box Human Car
18; Pedestrian; Interference; None; 21.10.2023 16:22:00; 804.8318; -0.09819996; 241.0499; Sidewalk; 10.26189; Checking Box Human Car
18; Pedestrian; Interference; None; 21.10.2023 16:22:00; 804.8308; -0.09819996; 241.05; Sidewalk; 10.28434; Checking Box Human Car
18; Pedestrian; Interference; None; 21.10.2023 16:22:00; 804.8298; -0.09819996; 241.0504; Sidewalk; 10.30665; Checking Box Human Car
18; Pedestrian; Interference; None; 21.10.2023 16:22:00; 804.8294; -0.09819996; 241.0505; Sidewalk; 10.31699; Checking Box Human Car
18; Pedestrian; Interference; None; 21.10.2023 16:22:00; 804.8287; -0.09819996; 241.0507; Sidewalk; 10.33968; Checking Box Human Car
18; Pedestrian; Interference; None; 21.10.2023 16:22:00; 804.8279; -0.09819996; 241.0508; Sidewalk; 10.36133; Checking Box Human Car
18; Pedestrian; Interference; None; 21.10.2023 16:22:00; 804.8273; -0.09819996; 241.0509; Sidewalk; 10.38359; Checking Box Human Car
18; Pedestrian; Interference; None; 21.10.2023 16:22:00; 804.8269; -0.09819996; 241.0509; Sidewalk; 10.40904; Checking Box Human Car
18; Pedestrian; Interference; None; 21.10.2023 16:22:00; 804.8265; -0.09819996; 241.0509; Sidewalk; 10.41714; Checking Box Human Car
18; Pedestrian; Interference; None; 21.10.2023 16:22:00; 804.8259; -0.09819996; 241.0509; Sidewalk; 10.43946; Checking Box Human Car
18; Pedestrian; Interference; None; 21.10.2023 16:22:00; 804.8255; -0.09819996; 241.0508; Sidewalk; 10.46129; Checking Box Human Car
18; Pedestrian; Interference; None; 21.10.2023 16:22:00; 804.8251; -0.09819996; 241.0508; Sidewalk; 10.48357; null
18; Pedestrian; Interference; None; 21.10.2023 16:22:00; 804.8246; -0.09819996; 241.0508; Sidewalk; 10.50704; null
18; Pedestrian; Interference; None; 21.10.2023 16:22:00; 804.8246; -0.09819996; 241.0508; Sidewalk; 10.51699; null
18; Pedestrian; Interference; None; 21.10.2023 16:22:00; 804.8242; -0.09819996; 241.0507; Sidewalk; 10.53954; null
18; Pedestrian; Interference; None; 21.10.2023 16:22:00; 804.824; -0.09819996; 241.0507; Sidewalk; 10.56596; null
18; Pedestrian; Interference; None; 21.10.2023 16:22:00; 804.8237; -0.09819996; 241.0506; Sidewalk; 10.58513; null
18; Pedestrian; Interference; None; 21.10.2023 16:22:00; 804.8236; -0.09819996; 241.0505; Sidewalk; 10.60633; null
18; Pedestrian; Interference; None; 21.10.2023 16:22:00; 804.8235; -0.09819996; 241.0505; Sidewalk; 10.61707; null
18; Pedestrian; Interference; None; 21.10.2023 16:22:00; 804.8234; -0.09819996; 241.0504; Sidewalk; 10.63962; null
18; Pedestrian; Interference; None; 21.10.2023 16:22:01; 804.8231; -0.09819996; 241.0504; Sidewalk; 10.66265; null
18; Pedestrian; Interference; None; 21.10.2023 16:22:01; 804.8229; -0.09819996; 241.0505; Sidewalk; 10.68378; null
18; Pedestrian; Interference; None; 21.10.2023 16:22:01; 804.8226; -0.09819996; 241.0505; Sidewalk; 10.69555; null
18; Pedestrian; Interference; None; 21.10.2023 16:22:01; 804.8226; -0.09819996; 241.0505; Sidewalk; 10.72547; null
18; Pedestrian; Interference; None; 21.10.2023 16:22:01; 804.8223; -0.09819996; 241.0505; Sidewalk; 10.74154; null
18; Pedestrian; Interference; None; 21.10.2023 16:22:01; 804.8226; -0.09819996; 241.0506; Sidewalk; 10.76138; null
18; Pedestrian; Interference; None; 21.10.2023 16:22:01; 804.8224; -0.09819996; 241.0507; Sidewalk; 10.78384; null
18; Pedestrian; Interference; None; 21.10.2023 16:22:01; 804.8218; -0.09819996; 241.0508; Sidewalk; 10.80619; null
18; Pedestrian; Interference; None; 21.10.2023 16:22:01; 804.8217; -0.09819996; 241.0508; Sidewalk; 10.81681; null
18; Pedestrian; Interference; None; 21.10.2023 16:22:01; 804.8215; -0.09819996; 241.0508; Sidewalk; 10.83904; null
18; Pedestrian; Interference; None; 21.10.2023 16:22:01; 804.821; -0.09819996; 241.0509; Sidewalk; 10.86532; null
18; Pedestrian; Interference; None; 21.10.2023 16:22:01; 804.8204; -0.09819996; 241.0509; Sidewalk; 10.88353; null
18; Pedestrian; Interference; None; 21.10.2023 16:22:01; 804.8201; -0.09819996; 241.051; Sidewalk; 10.90654; null
18; Pedestrian; Interference; None; 21.10.2023 16:22:01; 804.8201; -0.09819996; 241.051; Sidewalk; 10.91796; null
18; Pedestrian; Interference; None; 21.10.2023 16:22:01; 804.8199; -0.09819996; 241.0509; Sidewalk; 10.93883; null
18; Pedestrian; Interference; None; 21.10.2023 16:22:01; 804.8195; -0.09819996; 241.0509; Sidewalk; 10.96119; null
18; Pedestrian; Interference; None; 21.10.2023 16:22:01; 804.8195; -0.09819996; 241.051; Sidewalk; 10.9833; null
18; Pedestrian; Interference; None; 21.10.2023 16:22:01; 804.8195; -0.09819996; 241.051; Sidewalk; 10.99557; null
18; Pedestrian; Interference; None; 21.10.2023 16:22:01; 804.8196; -0.09819996; 241.0511; Sidewalk; 11.00681; null
18; Pedestrian; Interference; None; 21.10.2023 16:22:01; 804.8195; -0.09819996; 241.0513; Sidewalk; 11.047; null
18; Pedestrian; Interference; None; 21.10.2023 16:22:01; 804.8193; -0.09819996; 241.0514; Sidewalk; 11.06429; null
18; Pedestrian; Interference; None; 21.10.2023 16:22:01; 804.8191; -0.09819996; 241.0515; Sidewalk; 11.08335; null
18; Pedestrian; Interference; None; 21.10.2023 16:22:01; 804.8191; -0.09819996; 241.0515; Sidewalk; 11.10651; null
18; Pedestrian; Interference; None; 21.10.2023 16:22:01; 804.8191; -0.09819996; 241.0515; Sidewalk; 11.11677; null
18; Pedestrian; Interference; None; 21.10.2023 16:22:01; 804.819; -0.09819996; 241.0517; Sidewalk; 11.1388; null
18; Pedestrian; Interference; None; 21.10.2023 16:22:01; 804.8193; -0.09819996; 241.0519; Sidewalk; 11.16205; null
18; Pedestrian; Interference; None; 21.10.2023 16:22:01; 804.8193; -0.09819996; 241.052; Sidewalk; 11.18819; null
18; Pedestrian; Interference; None; 21.10.2023 16:22:01; 804.8193; -0.09819996; 241.0521; Sidewalk; 11.20594; null
18; Pedestrian; Interference; None; 21.10.2023 16:22:01; 804.8193; -0.09819996; 241.0521; Sidewalk; 11.21663; null
18; Pedestrian; Interference; None; 21.10.2023 16:22:01; 804.8193; -0.09819996; 241.0522; Sidewalk; 11.24005; null
18; Pedestrian; Interference; None; 21.10.2023 16:22:01; 804.819; -0.09819996; 241.0522; Sidewalk; 11.2613; null
18; Pedestrian; Interference; None; 21.10.2023 16:22:01; 804.8188; -0.09819996; 241.0523; Sidewalk; 11.28394; null
18; Pedestrian; Interference; None; 21.10.2023 16:22:01; 804.8187; -0.09819996; 241.0524; Sidewalk; 11.3065; null
18; Pedestrian; Interference; None; 21.10.2023 16:22:01; 804.8185; -0.09819996; 241.0524; Sidewalk; 11.31655; null
18; Pedestrian; Interference; None; 21.10.2023 16:22:01; 804.8181; -0.09819996; 241.0523; Sidewalk; 11.34112; null
18; Pedestrian; Interference; None; 21.10.2023 16:22:01; 804.8179; -0.09819996; 241.0523; Sidewalk; 11.36115; null
18; Pedestrian; Interference; None; 21.10.2023 16:22:01; 804.818; -0.09819996; 241.0524; Sidewalk; 11.38339; null
18; Pedestrian; Interference; None; 21.10.2023 16:22:01; 804.8181; -0.09819996; 241.0524; Sidewalk; 11.40606; null
18; Pedestrian; Interference; None; 21.10.2023 16:22:01; 804.8181; -0.09819996; 241.0524; Sidewalk; 11.41686; null
18; Pedestrian; Interference; None; 21.10.2023 16:22:01; 804.8184; -0.09819996; 241.0524; Sidewalk; 11.4389; null
18; Pedestrian; Interference; None; 21.10.2023 16:22:01; 804.8186; -0.09819996; 241.0524; Sidewalk; 11.46118; null
18; Pedestrian; Interference; None; 21.10.2023 16:22:01; 804.8187; -0.09819996; 241.0524; Sidewalk; 11.47293; Checking Box Human Car
18; Pedestrian; Interference; None; 21.10.2023 16:22:01; 804.8188; -0.09819996; 241.0524; Sidewalk; 11.50538; Checking Box Human Car
18; Pedestrian; Interference; None; 21.10.2023 16:22:01; 804.8188; -0.09819996; 241.0523; Sidewalk; 11.52475; null
18; Pedestrian; Interference; None; 21.10.2023 16:22:01; 804.8193; -0.09819996; 241.0523; Sidewalk; 11.53991; Checking Box Human Car
18; Pedestrian; Interference; None; 21.10.2023 16:22:01; 804.82; -0.09819996; 241.0523; Sidewalk; 11.56104; BicycleInterference
18; Pedestrian; Interference; None; 21.10.2023 16:22:01; 804.8203; -0.09819996; 241.0523; Sidewalk; 11.58307; BicycleInterference
18; Pedestrian; Interference; None; 21.10.2023 16:22:01; 804.8209; -0.09819996; 241.0524; Sidewalk; 11.60542; BicycleInterference
18; Pedestrian; Interference; None; 21.10.2023 16:22:01; 804.8212; -0.09819996; 241.0525; Sidewalk; 11.6168; BicycleInterference
18; Pedestrian; Interference; None; 21.10.2023 16:22:01; 804.8209; -0.09819996; 241.0525; Sidewalk; 11.64377; BicycleInterference
18; Pedestrian; Interference; None; 21.10.2023 16:22:02; 804.8209; -0.09819996; 241.0526; Sidewalk; 11.66091; BicycleInterference
18; Pedestrian; Interference; None; 21.10.2023 16:22:02; 804.8209; -0.09819996; 241.0528; Sidewalk; 11.6829; BicycleInterference
18; Pedestrian; Interference; None; 21.10.2023 16:22:02; 804.821; -0.09819996; 241.0531; Sidewalk; 11.70616; BicycleInterference
18; Pedestrian; Interference; None; 21.10.2023 16:22:02; 804.821; -0.09819996; 241.0532; Sidewalk; 11.71705; BicycleInterference
18; Pedestrian; Interference; None; 21.10.2023 16:22:02; 804.8209; -0.09819996; 241.0532; Sidewalk; 11.73945; BicycleInterference
18; Pedestrian; Interference; None; 21.10.2023 16:22:02; 804.8207; -0.09819996; 241.0533; Sidewalk; 11.76152; BicycleInterference
18; Pedestrian; Interference; None; 21.10.2023 16:22:02; 804.821; -0.09819996; 241.0534; Sidewalk; 11.78319; BicycleInterference
18; Pedestrian; Interference; None; 21.10.2023 16:22:02; 804.8211; -0.09819996; 241.0535; Sidewalk; 11.80815; BicycleInterference
18; Pedestrian; Interference; None; 21.10.2023 16:22:02; 804.8212; -0.09819996; 241.0535; Sidewalk; 11.81618; BicycleInterference
18; Pedestrian; Interference; None; 21.10.2023 16:22:02; 804.8215; -0.09819996; 241.0534; Sidewalk; 11.83872; BicycleInterference
18; Pedestrian; Interference; None; 21.10.2023 16:22:02; 804.8219; -0.09819996; 241.0534; Sidewalk; 11.86077; BicycleInterference
18; Pedestrian; Interference; None; 21.10.2023 16:22:02; 804.8223; -0.09819996; 241.0535; Sidewalk; 11.88318; BicycleInterference
18; Pedestrian; Interference; None; 21.10.2023 16:22:02; 804.8233; -0.09819996; 241.0536; Sidewalk; 11.90614; BicycleInterference
18; Pedestrian; Interference; None; 21.10.2023 16:22:02; 804.8237; -0.09819996; 241.0537; Sidewalk; 11.91677; BicycleInterference
18; Pedestrian; Interference; None; 21.10.2023 16:22:02; 804.8246; -0.09819996; 241.0538; Sidewalk; 11.93856; BicycleInterference
18; Pedestrian; Interference; None; 21.10.2023 16:22:02; 804.8253; -0.09819996; 241.054; Sidewalk; 11.96381; BicycleInterference
18; Pedestrian; Interference; None; 21.10.2023 16:22:02; 804.8256; -0.09819996; 241.0539; Sidewalk; 11.98375; BicycleInterference
18; Pedestrian; Interference; None; 21.10.2023 16:22:02; 804.8252; -0.09819996; 241.0538; Sidewalk; 12.00548; BicycleInterference
18; Pedestrian; Interference; None; 21.10.2023 16:22:02; 804.8243; -0.09819996; 241.0538; Sidewalk; 12.01642; BicycleInterference
18; Pedestrian; Interference; None; 21.10.2023 16:22:02; 804.8234; -0.09819996; 241.054; Sidewalk; 12.03889; BicycleInterference
18; Pedestrian; Interference; None; 21.10.2023 16:22:02; 804.8221; -0.09819996; 241.0539; Sidewalk; 12.06072; BicycleInterference
18; Pedestrian; Interference; None; 21.10.2023 16:22:02; 804.8214; -0.09819996; 241.0544; Sidewalk; 12.08284; BicycleInterference
18; Pedestrian; Interference; None; 21.10.2023 16:22:02; 804.8204; -0.09819996; 241.0548; Sidewalk; 12.1115; BicycleInterference
18; Pedestrian; Interference; None; 21.10.2023 16:22:02; 804.82; -0.09819996; 241.0549; Sidewalk; 12.12134; BicycleInterference
18; Pedestrian; Interference; None; 21.10.2023 16:22:02; 804.8193; -0.09819996; 241.055; Sidewalk; 12.14139; BicycleInterference
18; Pedestrian; Interference; None; 21.10.2023 16:22:02; 804.8182; -0.09819996; 241.0555; Sidewalk; 12.16073; BicycleInterference
18; Pedestrian; Interference; None; 21.10.2023 16:22:02; 804.8164; -0.09819996; 241.0561; Sidewalk; 12.18328; BicycleInterference
18; Pedestrian; Interference; None; 21.10.2023 16:22:02; 804.8134; -0.09819996; 241.057; Sidewalk; 12.20532; BicycleInterference
18; Pedestrian; Interference; None; 21.10.2023 16:22:02; 804.8116; -0.09819996; 241.0575; Sidewalk; 12.21646; BicycleInterference
18; Pedestrian; Interference; None; 21.10.2023 16:22:02; 804.8069; -0.09819996; 241.0587; Sidewalk; 12.23868; BicycleInterference
18; Pedestrian; Interference; None; 21.10.2023 16:22:02; 804.8004; -0.09819996; 241.0601; Sidewalk; 12.26529; BicycleInterference
18; Pedestrian; Interference; None; 21.10.2023 16:22:02; 804.7918; -0.09819996; 241.0621; Sidewalk; 12.28265; BicycleInterference
18; Pedestrian; Interference; None; 21.10.2023 16:22:02; 804.7822; -0.09819996; 241.0646; Sidewalk; 12.30536; BicycleInterference
18; Pedestrian; Interference; None; 21.10.2023 16:22:02; 804.777; -0.09819996; 241.0661; Sidewalk; 12.3163; BicycleInterference
18; Pedestrian; Interference; None; 21.10.2023 16:22:02; 804.766; -0.09819996; 241.0697; Sidewalk; 12.33813; BicycleInterference
18; Pedestrian; Interference; None; 21.10.2023 16:22:02; 804.7542; -0.09819996; 241.0738; Sidewalk; 12.36049; BicycleInterference
18; Pedestrian; Interference; None; 21.10.2023 16:22:02; 804.7425; -0.09819996; 241.078; Road; 1.585305; BicycleInterference
18; Pedestrian; Interference; None; 21.10.2023 16:22:02; 804.7315; -0.09819996; 241.0822; Road; 1.606693; BicycleInterference
18; Pedestrian; Interference; None; 21.10.2023 16:22:02; 804.726; -0.09819996; 241.0844; Road; 1.622874; BicycleInterference
18; Pedestrian; Interference; None; 21.10.2023 16:22:02; 804.7148; -0.09819996; 241.0887; Road; 1.640597; BicycleInterference
18; Pedestrian; Interference; None; 21.10.2023 16:22:02; 804.7039; -0.09819996; 241.0932; Road; 1.662402; null
18; Pedestrian; Interference; None; 21.10.2023 16:22:02; 804.6932; -0.09819996; 241.0973; Road; 1.684348; null
18; Pedestrian; Interference; None; 21.10.2023 16:22:02; 804.6826; -0.09819996; 241.1016; Road; 1.706755; Checking Box Human Car
18; Pedestrian; Interference; None; 21.10.2023 16:22:02; 804.6777; -0.09819996; 241.1039; Road; 1.717881; Checking Box Human Car
18; Pedestrian; Interference; None; 21.10.2023 16:22:02; 804.6681; -0.09819996; 241.1086; Road; 1.739917; Checking Box Human Car
18; Pedestrian; Interference; None; 21.10.2023 16:22:02; 804.6633; -0.09819996; 241.1111; Road; 1.75109; Checking Box Human Car
18; Pedestrian; Interference; None; 21.10.2023 16:22:02; 804.6495; -0.09819996; 241.1186; Road; 1.793244; Checking Box Human Car
18; Pedestrian; Interference; None; 21.10.2023 16:22:02; 804.6423; -0.09819996; 241.1237; Road; 1.80899; null
18; Pedestrian; Interference; None; 21.10.2023 16:22:02; 804.639; -0.09819996; 241.1259; Road; 1.817273; Checking Box Human Car
18; Pedestrian; Interference; None; 21.10.2023 16:22:02; 804.6324; -0.09819996; 241.1306; Road; 1.839474; null
18; Pedestrian; Interference; None; 21.10.2023 16:22:03; 804.6269; -0.09819996; 241.135; Road; 1.86181; null
18; Pedestrian; Interference; None; 21.10.2023 16:22:03; 804.6227; -0.09819996; 241.1387; Road; 1.883806; null
18; Pedestrian; Interference; None; 21.10.2023 16:22:03; 804.6186; -0.09819996; 241.1423; Road; 1.905967; null
18; Pedestrian; Interference; None; 21.10.2023 16:22:03; 804.6166; -0.09819996; 241.1441; Road; 1.917698; null
18; Pedestrian; Interference; None; 21.10.2023 16:22:03; 804.6016; -0.09819996; 241.1465; Road; 1.940905; null
18; Pedestrian; Interference; None; 21.10.2023 16:22:03; 804.5966; -0.09819996; 241.1512; Road; 1.961509; null
18; Pedestrian; Interference; None; 21.10.2023 16:22:03; 804.5895; -0.09819996; 241.1563; Road; 1.983862; BicycleInterference
18; Pedestrian; Interference; None; 21.10.2023 16:22:03; 804.5832; -0.09819996; 241.1641; Road; 2.005765; BicycleInterference
18; Pedestrian; Interference; None; 21.10.2023 16:22:03; 804.5801; -0.09819996; 241.1686; Road; 2.017253; BicycleInterference
18; Pedestrian; Interference; None; 21.10.2023 16:22:03; 804.5798; -0.09819996; 241.1783; Road; 2.039465; BicycleInterference
18; Pedestrian; Interference; None; 21.10.2023 16:22:03; 804.5786; -0.09819996; 241.1882; Road; 2.061869; BicycleInterference
18; Pedestrian; Interference; None; 21.10.2023 16:22:03; 804.5789; -0.09819996; 241.1982; Road; 2.089284; BicycleInterference
18; Pedestrian; Interference; None; 21.10.2023 16:22:03; 804.5795; -0.09819996; 241.2081; Road; 2.106187; BicycleInterference
18; Pedestrian; Interference; None; 21.10.2023 16:22:03; 804.5814; -0.09819996; 241.2133; Road; 2.117806; BicycleInterference
18; Pedestrian; Interference; None; 21.10.2023 16:22:03; 804.5868; -0.09819996; 241.2236; Road; 2.138945; BicycleInterference
18; Pedestrian; Interference; None; 21.10.2023 16:22:03; 804.5942; -0.09819996; 241.2332; Road; 2.161249; BicycleInterference
18; Pedestrian; Interference; None; 21.10.2023 16:22:03; 804.604; -0.09819996; 241.2425; Road; 2.18328; BicycleInterference
18; Pedestrian; Interference; None; 21.10.2023 16:22:03; 804.6162; -0.09819996; 241.2525; Road; 2.205713; BicycleInterference
18; Pedestrian; Interference; None; 21.10.2023 16:22:03; 804.6219; -0.09819996; 241.2569; Road; 2.216899; BicycleInterference
18; Pedestrian; Interference; None; 21.10.2023 16:22:03; 804.6347; -0.09819996; 241.2651; Road; 2.242392; BicycleInterference
18; Pedestrian; Interference; None; 21.10.2023 16:22:03; 804.6494; -0.09819996; 241.2728; Road; 2.261585; BicycleInterference
18; Pedestrian; Interference; None; 21.10.2023 16:22:03; 804.663; -0.09819996; 241.28; Road; 2.283245; BicycleInterference
18; Pedestrian; Interference; None; 21.10.2023 16:22:03; 804.6764; -0.09819996; 241.2863; Road; 2.30565; BicycleInterference
18; Pedestrian; Interference; None; 21.10.2023 16:22:03; 804.6829; -0.09819996; 241.2892; Road; 2.317018; BicycleInterference
18; Pedestrian; Interference; None; 21.10.2023 16:22:03; 804.6948; -0.09819996; 241.2942; Road; 2.339017; BicycleInterference
18; Pedestrian; Interference; None; 21.10.2023 16:22:03; 804.7051; -0.09819996; 241.2982; Road; 2.361259; BicycleInterference
18; Pedestrian; Interference; None; 21.10.2023 16:22:03; 804.714; -0.09819996; 241.3016; Road; 2.383416; BicycleInterference
18; Pedestrian; Interference; None; 21.10.2023 16:22:03; 804.7217; -0.09819996; 241.3047; Road; 2.405547; BicycleInterference
18; Pedestrian; Interference; None; 21.10.2023 16:22:03; 804.7245; -0.09819996; 241.3058; Road; 2.416658; BicycleInterference
18; Pedestrian; Interference; None; 21.10.2023 16:22:03; 804.7289; -0.09819996; 241.3075; Road; 2.439245; BicycleInterference
18; Pedestrian; Interference; None; 21.10.2023 16:22:03; 804.7313; -0.09819996; 241.3089; Road; 2.46123; BicycleInterference
18; Pedestrian; Interference; None; 21.10.2023 16:22:03; 804.7318; -0.09819996; 241.3096; Road; 2.483342; BicycleInterference
18; Pedestrian; Interference; None; 21.10.2023 16:22:03; 804.7307; -0.09819996; 241.3097; Road; 2.505723; BicycleInterference
18; Pedestrian; Interference; None; 21.10.2023 16:22:03; 804.7303; -0.09819996; 241.3097; Road; 2.517562; BicycleInterference
18; Pedestrian; Interference; None; 21.10.2023 16:22:03; 804.7296; -0.09819996; 241.3095; Road; 2.540077; BicycleInterference
18; Pedestrian; Interference; None; 21.10.2023 16:22:03; 804.7288; -0.09819996; 241.3099; Road; 2.561823; BicycleInterference
18; Pedestrian; Interference; None; 21.10.2023 16:22:03; 804.7272; -0.09819996; 241.3109; Road; 2.583424; BicycleInterference
18; Pedestrian; Interference; None; 21.10.2023 16:22:03; 804.7258; -0.09819996; 241.3116; Road; 2.605778; BicycleInterference
18; Pedestrian; Interference; None; 21.10.2023 16:22:03; 804.7261; -0.09819996; 241.3118; Road; 2.61715; BicycleInterference
18; Pedestrian; Interference; None; 21.10.2023 16:22:03; 804.727; -0.09819996; 241.3116; Road; 2.638949; BicycleInterference
18; Pedestrian; Interference; None; 21.10.2023 16:22:03; 804.7275; -0.09819996; 241.3106; Road; 2.661399; BicycleInterference
18; Pedestrian; Interference; None; 21.10.2023 16:22:03; 804.726; -0.09819996; 241.3094; Road; 2.683376; BicycleInterference
18; Pedestrian; Interference; None; 21.10.2023 16:22:03; 804.7216; -0.09819996; 241.3075; Road; 2.710247; BicycleInterference
18; Pedestrian; Interference; None; 21.10.2023 16:22:03; 804.7185; -0.09819996; 241.3063; Road; 2.718143; BicycleInterference
18; Pedestrian; Interference; None; 21.10.2023 16:22:03; 804.7084; -0.09819996; 241.3027; Road; 2.738672; BicycleInterference
18; Pedestrian; Interference; None; 21.10.2023 16:22:03; 804.6942; -0.09819996; 241.2976; Road; 2.76121; BicycleInterference
18; Pedestrian; Interference; None; 21.10.2023 16:22:03; 804.6753; -0.09819996; 241.2902; Road; 2.783147; null
18; Pedestrian; Interference; None; 21.10.2023 16:22:03; 804.6544; -0.09819996; 241.281; Road; 2.805214; null
18; Pedestrian; Interference; None; 21.10.2023 16:22:03; 804.644; -0.09819996; 241.2755; Road; 2.817042; null
18; Pedestrian; Interference; None; 21.10.2023 16:22:03; 804.6229; -0.09819996; 241.2626; Road; 2.839183; null
18; Pedestrian; Interference; None; 21.10.2023 16:22:04; 804.6036; -0.09819996; 241.2477; Road; 2.865966; null
18; Pedestrian; Interference; None; 21.10.2023 16:22:04; 804.5877; -0.09819996; 241.2307; Road; 2.883281; Checking Box Human Car
18; Pedestrian; Interference; None; 21.10.2023 16:22:04; 804.5767; -0.09819996; 241.2118; Road; 2.9054; Checking Box Human Car
18; Pedestrian; Interference; None; 21.10.2023 16:22:04; 804.574; -0.09819996; 241.202; Road; 2.916634; Checking Box Human Car
18; Pedestrian; Interference; None; 21.10.2023 16:22:04; 804.5747; -0.09819996; 241.1817; Road; 2.93882; Checking Box Human Car
18; Pedestrian; Interference; None; 21.10.2023 16:22:04; 804.5824; -0.09819996; 241.1617; Road; 2.961117; Checking Box Human Car
18; Pedestrian; Interference; None; 21.10.2023 16:22:04; 804.5824; -0.09819996; 241.1617; Road; 2.961117; Checking Box Human Car
18; Pedestrian; Interference; None; 21.10.2023 16:22:04; 804.5824; -0.09819996; 241.1617; Road; 2.961117; Checking Box Human Car
18; Pedestrian; Interference; None; 21.10.2023 16:22:04; 804.6134; -0.09819996; 241.1262; Road; 2.972334; Checking Box Human Car
18; Pedestrian; Interference; None; 21.10.2023 16:22:04; 804.6484; -0.09819996; 241.1045; Road; 3.027431; Checking Box Human Car
18; Pedestrian; Interference; None; 21.10.2023 16:22:04; 804.6742; -0.09819996; 241.0931; Road; 3.066456; Checking Box Human Car
18; Pedestrian; Interference; None; 21.10.2023 16:22:04; 804.6987; -0.09819996; 241.0835; Road; 3.083838; Checking Box Human Car
18; Pedestrian; Interference; None; 21.10.2023 16:22:04; 804.7217; -0.09819996; 241.0759; Road; 3.10648; null
18; Pedestrian; Interference; None; 21.10.2023 16:22:04; 804.7325; -0.09819996; 241.0726; Road; 3.117642; null
18; Pedestrian; Interference; None; 21.10.2023 16:22:04; 804.7518; -0.09819996; 241.0673; Road; 3.139918; null
18; Pedestrian; Interference; None; 21.10.2023 16:22:04; 804.7675; -0.09819996; 241.063; Sidewalk; 12.38359; null
18; Pedestrian; Interference; None; 21.10.2023 16:22:04; 804.7742; -0.09819996; 241.061; Sidewalk; 12.39482; null
18; Pedestrian; Interference; None; 21.10.2023 16:22:04; 804.785; -0.09819996; 241.0576; Sidewalk; 12.42473; null
18; Pedestrian; Interference; None; 21.10.2023 16:22:04; 804.7976; -0.09819996; 241.0571; Sidewalk; 12.43862; null
18; Pedestrian; Interference; None; 21.10.2023 16:22:04; 804.8102; -0.09819996; 241.0539; Sidewalk; 12.46729; null
18; Pedestrian; Interference; None; 21.10.2023 16:22:04; 804.8167; -0.09819996; 241.0524; Sidewalk; 12.48324; null
18; Pedestrian; Interference; None; 21.10.2023 16:22:04; 804.8228; -0.09819996; 241.0506; Sidewalk; 12.5055; null
18; Pedestrian; Interference; None; 21.10.2023 16:22:04; 804.8289; -0.09819996; 241.0489; Sidewalk; 12.52759; null
18; Pedestrian; Interference; None; 21.10.2023 16:22:04; 804.8312; -0.09819996; 241.0481; Sidewalk; 12.5393; null
18; Pedestrian; Interference; None; 21.10.2023 16:22:04; 804.8355; -0.09819996; 241.0466; Sidewalk; 12.56112; null
18; Pedestrian; Interference; None; 21.10.2023 16:22:04; 804.8392; -0.09819996; 241.0455; Sidewalk; 12.58528; null
18; Pedestrian; Interference; None; 21.10.2023 16:22:04; 804.8423; -0.09819996; 241.0447; Sidewalk; 12.60555; null
18; Pedestrian; Interference; None; 21.10.2023 16:22:04; 804.8438; -0.09819996; 241.044; Sidewalk; 12.62826; null
18; Pedestrian; Interference; None; 21.10.2023 16:22:04; 804.8441; -0.09819996; 241.0437; Sidewalk; 12.6393; null
18; Pedestrian; Interference; None; 21.10.2023 16:22:04; 804.8447; -0.09819996; 241.0435; Sidewalk; 12.65006; null
18; Pedestrian; Interference; None; 21.10.2023 16:22:04; 804.8447; -0.09819996; 241.0431; Sidewalk; 12.69175; null
18; Pedestrian; Interference; None; 21.10.2023 16:22:04; 804.844; -0.09819996; 241.0431; Sidewalk; 12.70742; null
18; Pedestrian; Interference; None; 21.10.2023 16:22:04; 804.8423; -0.09819996; 241.0433; Sidewalk; 12.73267; null
18; Pedestrian; Interference; None; 21.10.2023 16:22:04; 804.8412; -0.09819996; 241.0433; Sidewalk; 12.74246; null
18; Pedestrian; Interference; None; 21.10.2023 16:22:04; 804.8392; -0.09819996; 241.0436; Sidewalk; 12.76047; null
18; Pedestrian; Interference; None; 21.10.2023 16:22:04; 804.8371; -0.09819996; 241.0439; Sidewalk; 12.78304; null
18; Pedestrian; Interference; None; 21.10.2023 16:22:04; 804.8343; -0.09819996; 241.0443; Sidewalk; 12.80644; null
18; Pedestrian; Interference; None; 21.10.2023 16:22:04; 804.8311; -0.09819996; 241.0448; Sidewalk; 12.82868; null
18; Pedestrian; Interference; None; 21.10.2023 16:22:04; 804.8295; -0.09819996; 241.0451; Sidewalk; 12.83898; null
18; Pedestrian; Interference; None; 21.10.2023 16:22:04; 804.8264; -0.09819996; 241.0457; Sidewalk; 12.86118; Checking Box AICar
18; Pedestrian; Interference; None; 21.10.2023 16:22:04; 804.8237; -0.09819996; 241.0463; Sidewalk; 12.88781; Checking Box AICar
18; Pedestrian; Interference; None; 21.10.2023 16:22:04; 804.8214; -0.09819996; 241.0468; Sidewalk; 12.90515; Checking Box AICar
18; Pedestrian; Interference; None; 21.10.2023 16:22:04; 804.8185; -0.09819996; 241.0475; Sidewalk; 12.92733; Checking Box AICar
18; Pedestrian; Interference; None; 21.10.2023 16:22:04; 804.8174; -0.09819996; 241.0477; Sidewalk; 12.93917; Checking Box AICar
18; Pedestrian; Interference; None; 21.10.2023 16:22:04; 804.8158; -0.09819996; 241.0482; Sidewalk; 12.96068; Checking Box AICar
18; Pedestrian; Interference; None; 21.10.2023 16:22:04; 804.8138; -0.09819996; 241.0487; Sidewalk; 12.98289; Checking Box AICar
18; Pedestrian; Interference; None; 21.10.2023 16:22:04; 804.8116; -0.09819996; 241.0493; Sidewalk; 13.00521; Checking Box AICar
18; Pedestrian; Interference; None; 21.10.2023 16:22:04; 804.809; -0.09819996; 241.0498; Sidewalk; 13.02799; Checking Box AICar
18; Pedestrian; Interference; None; 21.10.2023 16:22:04; 804.8077; -0.09819996; 241.0501; Sidewalk; 13.04542; Checking Box AICar
18; Pedestrian; Interference; None; 21.10.2023 16:22:04; 804.8051; -0.09819996; 241.0509; Sidewalk; 13.06366; Checking Box AICar
18; Pedestrian; Interference; None; 21.10.2023 16:22:05; 804.8024; -0.09819996; 241.0519; Sidewalk; 13.08308; Checking Box AICar
18; Pedestrian; Interference; None; 21.10.2023 16:22:05; 804.7997; -0.09819996; 241.0529; Sidewalk; 13.1052; Checking Box AICar
18; Pedestrian; Interference; None; 21.10.2023 16:22:05; 804.7971; -0.09819996; 241.0537; Sidewalk; 13.12741; Checking Box AICar
18; Pedestrian; Interference; None; 21.10.2023 16:22:05; 804.7958; -0.09819996; 241.0542; Sidewalk; 13.13913; Checking Box AICar
18; Pedestrian; Interference; None; 21.10.2023 16:22:05; 804.7934; -0.09819996; 241.0551; Sidewalk; 13.16071; Checking Box AICar
18; Pedestrian; Interference; None; 21.10.2023 16:22:05; 804.7906; -0.09819996; 241.0557; Sidewalk; 13.18326; Checking Box AICar
18; Pedestrian; Interference; None; 21.10.2023 16:22:05; 804.788; -0.09819996; 241.0563; Sidewalk; 13.20801; Checking Box AICar
18; Pedestrian; Interference; None; 21.10.2023 16:22:05; 804.7856; -0.09819996; 241.0567; Sidewalk; 13.22706; Checking Box AICar
18; Pedestrian; Interference; None; 21.10.2023 16:22:05; 804.7845; -0.09819996; 241.057; Sidewalk; 13.2387; Checking Box AICar
18; Pedestrian; Interference; None; 21.10.2023 16:22:05; 804.7823; -0.09819996; 241.0572; Sidewalk; 13.26068; Checking Box AICar
18; Pedestrian; Interference; None; 21.10.2023 16:22:05; 804.7803; -0.09819996; 241.0574; Sidewalk; 13.28376; Checking Box AICar
18; Pedestrian; Interference; None; 21.10.2023 16:22:05; 804.7784; -0.09819996; 241.0575; Sidewalk; 13.30527; Checking Box AICar
18; Pedestrian; Interference; None; 21.10.2023 16:22:05; 804.7766; -0.09819996; 241.0576; Sidewalk; 13.32742; Checking Box AICar
18; Pedestrian; Interference; None; 21.10.2023 16:22:05; 804.7759; -0.09819996; 241.0576; Sidewalk; 13.33988; Checking Box AICar
18; Pedestrian; Interference; None; 21.10.2023 16:22:05; 804.7744; -0.09819996; 241.0577; Sidewalk; 13.36482; Checking Box AICar
18; Pedestrian; Interference; None; 21.10.2023 16:22:05; 804.7729; -0.09819996; 241.0577; Sidewalk; 13.38397; Checking Box AICar
18; Pedestrian; Interference; None; 21.10.2023 16:22:05; 804.7717; -0.09819996; 241.0577; Sidewalk; 13.40518; Checking Box AICar
18; Pedestrian; Interference; None; 21.10.2023 16:22:05; 804.7707; -0.09819996; 241.0578; Sidewalk; 13.42774; Checking Box AICar
18; Pedestrian; Interference; None; 21.10.2023 16:22:05; 804.77; -0.09819996; 241.0579; Sidewalk; 13.43864; Checking Box AICar
18; Pedestrian; Interference; None; 21.10.2023 16:22:05; 804.7688; -0.09819996; 241.0581; Sidewalk; 13.46066; Checking Box AICar
18; Pedestrian; Interference; None; 21.10.2023 16:22:05; 804.7676; -0.09819996; 241.0584; Sidewalk; 13.48327; Checking Box AICar
18; Pedestrian; Interference; None; 21.10.2023 16:22:05; 804.7662; -0.09819996; 241.0589; Sidewalk; 13.51092; Checking Box AICar
18; Pedestrian; Interference; None; 21.10.2023 16:22:05; 804.765; -0.09819996; 241.0595; Sidewalk; 13.52816; Checking Box AICar
18; Pedestrian; Interference; None; 21.10.2023 16:22:05; 804.7646; -0.09819996; 241.0598; Sidewalk; 13.53858; Checking Box AICar
18; Pedestrian; Interference; None; 21.10.2023 16:22:05; 804.7635; -0.09819996; 241.0603; Sidewalk; 13.5608; Checking Box AICar
18; Pedestrian; Interference; None; 21.10.2023 16:22:05; 804.7626; -0.09819996; 241.0611; Sidewalk; 13.58354; Checking Box AICar
18; Pedestrian; Interference; None; 21.10.2023 16:22:05; 804.7614; -0.09819996; 241.0619; Sidewalk; 13.60522; Checking Box AICar
18; Pedestrian; Interference; None; 21.10.2023 16:22:05; 804.7604; -0.09819996; 241.0627; Sidewalk; 13.62687; Checking Box AICar
18; Pedestrian; Interference; None; 21.10.2023 16:22:05; 804.7598; -0.09819996; 241.0629; Sidewalk; 13.63872; Checking Box AICar
18; Pedestrian; Interference; None; 21.10.2023 16:22:05; 804.7589; -0.09819996; 241.0634; Sidewalk; 13.66553; Checking Box AICar
18; Pedestrian; Interference; None; 21.10.2023 16:22:05; 804.7576; -0.09819996; 241.064; Sidewalk; 13.6825; Checking Box AICar
18; Pedestrian; Interference; None; 21.10.2023 16:22:05; 804.7572; -0.09819996; 241.0645; Sidewalk; 13.70575; Checking Box AICar
18; Pedestrian; Interference; None; 21.10.2023 16:22:05; 804.7566; -0.09819996; 241.0649; Sidewalk; 13.72686; Checking Box AICar
18; Pedestrian; Interference; None; 21.10.2023 16:22:05; 804.7565; -0.09819996; 241.065; Sidewalk; 13.73842; Checking Box AICar
18; Pedestrian; Interference; None; 21.10.2023 16:22:05; 804.7563; -0.09819996; 241.0654; Sidewalk; 13.76066; Checking Box AICar
18; Pedestrian; Interference; None; 21.10.2023 16:22:05; 804.7563; -0.09819996; 241.0658; Sidewalk; 13.78266; Checking Box AICar
18; Pedestrian; Interference; None; 21.10.2023 16:22:05; 804.7561; -0.09819996; 241.066; Sidewalk; 13.80508; Checking Box AICar
18; Pedestrian; Interference; None; 21.10.2023 16:22:05; 804.7561; -0.09819996; 241.0663; Sidewalk; 13.83047; Checking Box AICar
18; Pedestrian; Interference; None; 21.10.2023 16:22:05; 804.7562; -0.09819996; 241.0664; Sidewalk; 13.83882; Checking Box AICar
18; Pedestrian; Interference; None; 21.10.2023 16:22:05; 804.7563; -0.09819996; 241.0667; Sidewalk; 13.86008; Checking Box AICar
18; Pedestrian; Interference; None; 21.10.2023 16:22:05; 804.7563; -0.09819996; 241.0669; Sidewalk; 13.88266; Checking Box AICar
18; Pedestrian; Interference; None; 21.10.2023 16:22:05; 804.7565; -0.09819996; 241.067; Sidewalk; 13.90463; Checking Box AICar
18; Pedestrian; Interference; None; 21.10.2023 16:22:05; 804.7565; -0.09819996; 241.0671; Sidewalk; 13.92704; Checking Box AICar
18; Pedestrian; Interference; None; 21.10.2023 16:22:05; 804.7566; -0.09819996; 241.0673; Sidewalk; 13.93822; Checking Box AICar
18; Pedestrian; Interference; None; 21.10.2023 16:22:05; 804.7567; -0.09819996; 241.0676; Sidewalk; 13.96014; Checking Box AICar
18; Pedestrian; Interference; None; 21.10.2023 16:22:05; 804.7566; -0.09819996; 241.0678; Sidewalk; 13.98363; Checking Box AICar
18; Pedestrian; Interference; None; 21.10.2023 16:22:05; 804.7566; -0.09819996; 241.0681; Sidewalk; 14.00481; Checking Box AICar
18; Pedestrian; Interference; None; 21.10.2023 16:22:05; 804.7565; -0.09819996; 241.0685; Sidewalk; 14.02726; Checking Box AICar
18; Pedestrian; Interference; None; 21.10.2023 16:22:05; 804.7565; -0.09819996; 241.0686; Sidewalk; 14.03887; Checking Box AICar
18; Pedestrian; Interference; None; 21.10.2023 16:22:05; 804.7565; -0.09819996; 241.069; Sidewalk; 14.06; Checking Box AICar
18; Pedestrian; Interference; None; 21.10.2023 16:22:06; 804.756; -0.09819996; 241.0693; Sidewalk; 14.08231; Checking Box AICar
18; Pedestrian; Interference; None; 21.10.2023 16:22:06; 804.7557; -0.09819996; 241.0695; Sidewalk; 14.10464; Checking Box AICar
18; Pedestrian; Interference; None; 21.10.2023 16:22:06; 804.7559; -0.09819996; 241.0698; Sidewalk; 14.13117; Checking Box AICar
18; Pedestrian; Interference; None; 21.10.2023 16:22:06; 804.7557; -0.09819996; 241.0699; Sidewalk; 14.14006; Checking Box AICar
18; Pedestrian; Interference; None; 21.10.2023 16:22:06; 804.7553; -0.09819996; 241.0703; Sidewalk; 14.16009; Checking Box AICar
18; Pedestrian; Interference; None; 21.10.2023 16:22:06; 804.7553; -0.09819996; 241.0708; Sidewalk; 14.16009; Checking Box AICar
18; Pedestrian; Interference; None; 21.10.2023 16:22:06; 804.7546; -0.09819996; 241.0712; Sidewalk; 14.16009; Checking Box AICar
18; Pedestrian; Interference; None; 21.10.2023 16:22:06; 804.7538; -0.09819996; 241.0714; Sidewalk; 14.16009; Checking Box AICar
18; Pedestrian; Interference; None; 21.10.2023 16:22:06; 804.7535; -0.09819996; 241.0715; Sidewalk; 14.16009; Checking Box AICar
18; Pedestrian; Interference; None; 21.10.2023 16:22:06; 804.7531; -0.09819996; 241.0718; Sidewalk; 14.16009; Checking Box AICar
18; Pedestrian; Interference; None; 21.10.2023 16:22:06; 804.7528; -0.09819996; 241.0722; Sidewalk; 14.16009; Checking Box AICar
18; Pedestrian; Interference; None; 21.10.2023 16:22:06; 804.7527; -0.09819996; 241.0725; Sidewalk; 14.16009; Checking Box AICar
18; Pedestrian; Interference; None; 21.10.2023 16:22:06; 804.7521; -0.09819996; 241.0727; Sidewalk; 14.16009; Checking Box AICar
18; Pedestrian; Interference; None; 21.10.2023 16:22:06; 804.7524; -0.09819996; 241.0728; Sidewalk; 14.16009; Checking Box AICar
18; Pedestrian; Interference; None; 21.10.2023 16:22:06; 804.7518; -0.09819996; 241.073; Sidewalk; 14.16009; Checking Box AICar
18; Pedestrian; Interference; None; 21.10.2023 16:22:06; 804.7513; -0.09819996; 241.0733; Sidewalk; 14.16009; Checking Box AICar
18; Pedestrian; Interference; None; 21.10.2023 16:22:06; 804.7512; -0.09819996; 241.0735; Sidewalk; 14.16009; Checking Box AICar
18; Pedestrian; Interference; None; 21.10.2023 16:22:06; 804.7506; -0.09819996; 241.0737; Sidewalk; 14.16009; Checking Box AICar
18; Pedestrian; Interference; None; 21.10.2023 16:22:06; 804.7506; -0.09819996; 241.0737; Sidewalk; 14.16009; Checking Box AICar
18; Pedestrian; Interference; None; 21.10.2023 16:22:06; 804.7496; -0.09819996; 241.0742; Sidewalk; 14.16009; Checking Box AICar
18; Pedestrian; Interference; None; 21.10.2023 16:22:06; 804.7488; -0.09819996; 241.0749; Sidewalk; 14.16009; Checking Box AICar
18; Pedestrian; Interference; None; 21.10.2023 16:22:06; 804.7474; -0.09819996; 241.0758; Road; 3.161963; Checking Box AICar
18; Pedestrian; Interference; None; 21.10.2023 16:22:06; 804.7443; -0.09819996; 241.0776; Road; 3.1842; Checking Box AICar
18; Pedestrian; Interference; None; 21.10.2023 16:22:06; 804.7416; -0.09819996; 241.0789; Road; 3.195789; Checking Box AICar
18; Pedestrian; Interference; None; 21.10.2023 16:22:06; 804.7338; -0.09819996; 241.0826; Road; 3.217513; Checking Box AICar
18; Pedestrian; Interference; None; 21.10.2023 16:22:06; 804.7223; -0.09819996; 241.0873; Road; 3.240104; Checking Box AICar
18; Pedestrian; Interference; None; 21.10.2023 16:22:06; 804.7083; -0.09819996; 241.0928; Road; 3.265974; Checking Box AICar
18; Pedestrian; Interference; None; 21.10.2023 16:22:06; 804.6934; -0.09819996; 241.0992; Road; 3.284945; Checking Box AICar
18; Pedestrian; Interference; None; 21.10.2023 16:22:06; 804.6862; -0.09819996; 241.1025; Road; 3.295628; Checking Box AICar
18; Pedestrian; Interference; None; 21.10.2023 16:22:06; 804.6729; -0.09819996; 241.1093; Road; 3.3179; Checking Box AICar
18; Pedestrian; Interference; None; 21.10.2023 16:22:06; 804.6613; -0.09819996; 241.116; Road; 3.339484; Checking Box AICar
18; Pedestrian; Interference; None; 21.10.2023 16:22:06; 804.6517; -0.09819996; 241.1226; Road; 3.361857; Checking Box AICar
18; Pedestrian; Interference; None; 21.10.2023 16:22:06; 804.6441; -0.09819996; 241.1287; Road; 3.384243; Checking Box AICar
18; Pedestrian; Interference; None; 21.10.2023 16:22:06; 804.6412; -0.09819996; 241.1314; Road; 3.395394; Checking Box AICar
18; Pedestrian; Interference; None; 21.10.2023 16:22:06; 804.6365; -0.09819996; 241.1364; Road; 3.419456; Checking Box AICar
18; Pedestrian; Interference; None; 21.10.2023 16:22:06; 804.6332; -0.09819996; 241.1406; Road; 3.439323; Checking Box AICar
18; Pedestrian; Interference; None; 21.10.2023 16:22:06; 804.6315; -0.09819996; 241.1436; Road; 3.461674; Checking Box AICar
18; Pedestrian; Interference; None; 21.10.2023 16:22:06; 804.6317; -0.09819996; 241.1453; Road; 3.483809; Checking Box AICar
18; Pedestrian; Interference; None; 21.10.2023 16:22:06; 804.6323; -0.09819996; 241.1456; Road; 3.49514; Checking Box AICar
18; Pedestrian; Interference; None; 21.10.2023 16:22:06; 804.6346; -0.09819996; 241.1454; Road; 3.517622; Checking Box AICar
18; Pedestrian; Interference; None; 21.10.2023 16:22:06; 804.6382; -0.09819996; 241.1438; Road; 3.539443; Checking Box AICar
18; Pedestrian; Interference; None; 21.10.2023 16:22:06; 804.6407; -0.09819996; 241.1423; Road; 3.550936; Checking Box AICar
18; Pedestrian; Interference; None; 21.10.2023 16:22:06; 804.6511; -0.09819996; 241.1361; Road; 3.591937; Checking Box AICar
18; Pedestrian; Interference; None; 21.10.2023 16:22:06; 804.6554; -0.09819996; 241.1335; Road; 3.599311; Checking Box AICar
18; Pedestrian; Interference; None; 21.10.2023 16:22:06; 804.66; -0.09819996; 241.1307; Road; 3.608628; Checking Box AICar
18; Pedestrian; Interference; None; 21.10.2023 16:22:06; 804.66; -0.09819996; 241.1307; Road; 3.608628; Checking Box AICar
18; Pedestrian; Interference; None; 21.10.2023 16:22:06; 804.6924; -0.09819996; 241.1142; Road; 3.671714; Checking Box AICar
18; Pedestrian; Interference; None; 21.10.2023 16:22:06; 804.7083; -0.09819996; 241.1077; Road; 3.688568; Checking Box AICar
18; Pedestrian; Interference; None; 21.10.2023 16:22:06; 804.7172; -0.09819996; 241.1047; Road; 3.698459; Checking Box AICar
18; Pedestrian; Interference; None; 21.10.2023 16:22:06; 804.7352; -0.09819996; 241.0988; Road; 3.721968; Checking Box AICar
18; Pedestrian; Interference; None; 21.10.2023 16:22:07; 804.7535; -0.09819996; 241.0936; Road; 3.744739; Checking Box AICar
18; Pedestrian; Interference; None; 21.10.2023 16:22:07; 804.7712; -0.09819996; 241.0891; Sidewalk; 14.51328; Checking Box AICar
18; Pedestrian; Interference; None; 21.10.2023 16:22:07; 804.7884; -0.09819996; 241.0855; Sidewalk; 14.53287; Checking Box AICar
18; Pedestrian; Interference; None; 21.10.2023 16:22:07; 804.7967; -0.09819996; 241.0838; Sidewalk; 14.54441; Checking Box AICar
18; Pedestrian; Interference; None; 21.10.2023 16:22:07; 804.8115; -0.09819996; 241.0811; Sidewalk; 14.56636; null
18; Pedestrian; Interference; None; 21.10.2023 16:22:07; 804.8244; -0.09819996; 241.0787; Sidewalk; 14.58912; null
18; Pedestrian; Interference; None; 21.10.2023 16:22:07; 804.8315; -0.09819996; 241.0766; Sidewalk; 14.6115; null
18; Pedestrian; Interference; None; 21.10.2023 16:22:07; 804.8408; -0.09819996; 241.075; Sidewalk; 14.6429; null
18; Pedestrian; Interference; None; 21.10.2023 16:22:07; 804.8449; -0.09819996; 241.0743; Sidewalk; 14.65135; null
18; Pedestrian; Interference; None; 21.10.2023 16:22:07; 804.8522; -0.09819996; 241.0732; Sidewalk; 14.6686; null
18; Pedestrian; Interference; None; 21.10.2023 16:22:07; 804.8583; -0.09819996; 241.0724; Sidewalk; 14.68922; null
18; Pedestrian; Interference; None; 21.10.2023 16:22:07; 804.8632; -0.09819996; 241.072; Sidewalk; 14.71083; null
18; Pedestrian; Interference; None; 21.10.2023 16:22:07; 804.867; -0.09819996; 241.0717; Sidewalk; 14.73321; null
18; Pedestrian; Interference; None; 21.10.2023 16:22:07; 804.8685; -0.09819996; 241.0714; Sidewalk; 14.74426; null
18; Pedestrian; Interference; None; 21.10.2023 16:22:07; 804.871; -0.09819996; 241.0712; Sidewalk; 14.76625; null
18; Pedestrian; Interference; None; 21.10.2023 16:22:07; 804.873; -0.09819996; 241.071; Sidewalk; 14.78815; null
18; Pedestrian; Interference; None; 21.10.2023 16:22:07; 804.8752; -0.09819996; 241.0709; Sidewalk; 14.81067; null
18; Pedestrian; Interference; None; 21.10.2023 16:22:07; 804.8771; -0.09819996; 241.0709; Sidewalk; 14.83382; null
18; Pedestrian; Interference; None; 21.10.2023 16:22:07; 804.8782; -0.09819996; 241.0709; Sidewalk; 14.84436; null
18; Pedestrian; Interference; None; 21.10.2023 16:22:07; 804.8802; -0.09819996; 241.071; Sidewalk; 14.86657; null
18; Pedestrian; Interference; None; 21.10.2023 16:22:07; 804.8823; -0.09819996; 241.0709; Sidewalk; 14.88824; null
18; Pedestrian; Interference; None; 21.10.2023 16:22:07; 804.8846; -0.09819996; 241.0708; Sidewalk; 14.91053; null
18; Pedestrian; Interference; None; 21.10.2023 16:22:07; 804.887; -0.09819996; 241.0708; Sidewalk; 14.93315; null
18; Pedestrian; Interference; None; 21.10.2023 16:22:07; 804.8879; -0.09819996; 241.0708; Sidewalk; 14.94493; null
18; Pedestrian; Interference; None; 21.10.2023 16:22:07; 804.89; -0.09819996; 241.0708; Sidewalk; 14.9663; null
18; Pedestrian; Interference; None; 21.10.2023 16:22:07; 804.8917; -0.09819996; 241.071; Sidewalk; 14.98853; null
18; Pedestrian; Interference; None; 21.10.2023 16:22:07; 804.8935; -0.09819996; 241.0711; Sidewalk; 15.01042; null
18; Pedestrian; Interference; None; 21.10.2023 16:22:07; 804.8952; -0.09819996; 241.0712; Sidewalk; 15.03271; null
18; Pedestrian; Interference; None; 21.10.2023 16:22:07; 804.8959; -0.09819996; 241.0712; Sidewalk; 15.04425; null
18; Pedestrian; Interference; None; 21.10.2023 16:22:07; 804.897; -0.09819996; 241.0713; Sidewalk; 15.06683; null
18; Pedestrian; Interference; None; 21.10.2023 16:22:07; 804.8977; -0.09819996; 241.0714; Sidewalk; 15.08879; null
18; Pedestrian; Interference; None; 21.10.2023 16:22:07; 804.8983; -0.09819996; 241.0715; Sidewalk; 15.11043; null
18; Pedestrian; Interference; None; 21.10.2023 16:22:07; 804.8984; -0.09819996; 241.0716; Sidewalk; 15.1325; null
18; Pedestrian; Interference; None; 21.10.2023 16:22:07; 804.8984; -0.09819996; 241.0716; Sidewalk; 15.14371; null
18; Pedestrian; Interference; None; 21.10.2023 16:22:07; 804.8981; -0.09819996; 241.0717; Sidewalk; 15.16702; null
18; Pedestrian; Interference; None; 21.10.2023 16:22:07; 804.8979; -0.09819996; 241.0718; Sidewalk; 15.18992; null
18; Pedestrian; Interference; None; 21.10.2023 16:22:07; 804.8972; -0.09819996; 241.0719; Sidewalk; 15.21277; null
18; Pedestrian; Interference; None; 21.10.2023 16:22:07; 804.8963; -0.09819996; 241.0719; Sidewalk; 15.23555; null
18; Pedestrian; Interference; None; 21.10.2023 16:22:07; 804.8959; -0.09819996; 241.0719; Sidewalk; 15.24733; null
18; Pedestrian; Interference; None; 21.10.2023 16:22:07; 804.8947; -0.09819996; 241.0719; Sidewalk; 15.268; null
18; Pedestrian; Interference; None; 21.10.2023 16:22:07; 804.8937; -0.09819996; 241.072; Sidewalk; 15.29088; BicycleInterference
18; Pedestrian; Interference; None; 21.10.2023 16:22:07; 804.8925; -0.09819996; 241.072; Sidewalk; 15.31233; BicycleInterference
18; Pedestrian; Interference; None; 21.10.2023 16:22:07; 804.8914; -0.09819996; 241.072; Sidewalk; 15.33519; BicycleInterference
18; Pedestrian; Interference; None; 21.10.2023 16:22:07; 804.8909; -0.09819996; 241.0719; Sidewalk; 15.34602; BicycleInterference
18; Pedestrian; Interference; None; 21.10.2023 16:22:07; 804.8898; -0.09819996; 241.0719; Sidewalk; 15.36794; BicycleInterference
18; Pedestrian; Interference; None; 21.10.2023 16:22:07; 804.8894; -0.09819996; 241.072; Sidewalk; 15.37955; BicycleInterference
18; Pedestrian; Interference; None; 21.10.2023 16:22:07; 804.8879; -0.09819996; 241.0719; Sidewalk; 15.41233; BicycleInterference
18; Pedestrian; Interference; None; 21.10.2023 16:22:07; 804.8869; -0.09819996; 241.0719; Sidewalk; 15.43472; BicycleInterference
18; Pedestrian; Interference; None; 21.10.2023 16:22:07; 804.8868; -0.09819996; 241.0718; Sidewalk; 15.44367; BicycleInterference
18; Pedestrian; Interference; None; 21.10.2023 16:22:07; 804.8859; -0.09819996; 241.0718; Sidewalk; 15.46639; BicycleInterference
18; Pedestrian; Interference; None; 21.10.2023 16:22:08; 804.8852; -0.09819996; 241.0718; Sidewalk; 15.48872; BicycleInterference
18; Pedestrian; Interference; None; 21.10.2023 16:22:08; 804.8841; -0.09819996; 241.0716; Sidewalk; 15.51082; BicycleInterference
18; Pedestrian; Interference; None; 21.10.2023 16:22:08; 804.8828; -0.09819996; 241.0713; Sidewalk; 15.53313; BicycleInterference
18; Pedestrian; Interference; None; 21.10.2023 16:22:08; 804.8819; -0.09819996; 241.0712; Sidewalk; 15.54445; BicycleInterference
18; Pedestrian; Interference; None; 21.10.2023 16:22:08; 804.8806; -0.09819996; 241.071; Sidewalk; 15.56667; BicycleInterference
18; Pedestrian; Interference; None; 21.10.2023 16:22:08; 804.8791; -0.09819996; 241.0708; Sidewalk; 15.588; BicycleInterference
18; Pedestrian; Interference; None; 21.10.2023 16:22:08; 804.8773; -0.09819996; 241.0705; Sidewalk; 15.61144; BicycleInterference
18; Pedestrian; Interference; None; 21.10.2023 16:22:08; 804.8753; -0.09819996; 241.0702; Sidewalk; 15.63299; BicycleInterference
18; Pedestrian; Interference; None; 21.10.2023 16:22:08; 804.8742; -0.09819996; 241.07; Sidewalk; 15.64431; BicycleInterference
18; Pedestrian; Interference; None; 21.10.2023 16:22:08; 804.8723; -0.09819996; 241.0697; Sidewalk; 15.66643; BicycleInterference
18; Pedestrian; Interference; None; 21.10.2023 16:22:08; 804.8703; -0.09819996; 241.0694; Sidewalk; 15.68828; BicycleInterference
18; Pedestrian; Interference; None; 21.10.2023 16:22:08; 804.8681; -0.09819996; 241.069; Sidewalk; 15.71089; BicycleInterference
18; Pedestrian; Interference; None; 21.10.2023 16:22:08; 804.8661; -0.09819996; 241.0687; Sidewalk; 15.73255; BicycleInterference
18; Pedestrian; Interference; None; 21.10.2023 16:22:08; 804.8651; -0.09819996; 241.0685; Sidewalk; 15.74463; BicycleInterference
18; Pedestrian; Interference; None; 21.10.2023 16:22:08; 804.8634; -0.09819996; 241.0683; Sidewalk; 15.76615; BicycleInterference
18; Pedestrian; Interference; None; 21.10.2023 16:22:08; 804.8622; -0.09819996; 241.068; Sidewalk; 15.78782; BicycleInterference
18; Pedestrian; Interference; None; 21.10.2023 16:22:08; 804.8612; -0.09819996; 241.0678; Sidewalk; 15.81077; BicycleInterference
18; Pedestrian; Interference; None; 21.10.2023 16:22:08; 804.8604; -0.09819996; 241.0676; Sidewalk; 15.83238; BicycleInterference
18; Pedestrian; Interference; None; 21.10.2023 16:22:08; 804.86; -0.09819996; 241.0676; Sidewalk; 15.84404; BicycleInterference
18; Pedestrian; Interference; None; 21.10.2023 16:22:08; 804.8597; -0.09819996; 241.0673; Sidewalk; 15.86633; BicycleInterference
18; Pedestrian; Interference; None; 21.10.2023 16:22:08; 804.8596; -0.09819996; 241.0671; Sidewalk; 15.8879; BicycleInterference
18; Pedestrian; Interference; None; 21.10.2023 16:22:08; 804.8596; -0.09819996; 241.0668; Sidewalk; 15.91043; BicycleInterference
18; Pedestrian; Interference; None; 21.10.2023 16:22:08; 804.8599; -0.09819996; 241.0666; Sidewalk; 15.93243; BicycleInterference
18; Pedestrian; Interference; None; 21.10.2023 16:22:08; 804.86; -0.09819996; 241.0664; Sidewalk; 15.94372; BicycleInterference
18; Pedestrian; Interference; None; 21.10.2023 16:22:08; 804.8604; -0.09819996; 241.0661; Sidewalk; 15.96813; BicycleInterference
18; Pedestrian; Interference; None; 21.10.2023 16:22:08; 804.861; -0.09819996; 241.066; Sidewalk; 15.99036; BicycleInterference
18; Pedestrian; Interference; None; 21.10.2023 16:22:08; 804.8615; -0.09819996; 241.0655; Sidewalk; 16.01158; BicycleInterference
18; Pedestrian; Interference; None; 21.10.2023 16:22:08; 804.8619; -0.09819996; 241.0653; Sidewalk; 16.03367; BicycleInterference
18; Pedestrian; Interference; None; 21.10.2023 16:22:08; 804.8622; -0.09819996; 241.0652; Sidewalk; 16.04518; BicycleInterference
18; Pedestrian; Interference; None; 21.10.2023 16:22:08; 804.8622; -0.09819996; 241.0651; Sidewalk; 16.06714; BicycleInterference
18; Pedestrian; Interference; None; 21.10.2023 16:22:08; 804.8623; -0.09819996; 241.0648; Sidewalk; 16.08955; BicycleInterference
18; Pedestrian; Interference; None; 21.10.2023 16:22:08; 804.8623; -0.09819996; 241.0645; Sidewalk; 16.11139; BicycleInterference
18; Pedestrian; Interference; None; 21.10.2023 16:22:08; 804.8623; -0.09819996; 241.0642; Sidewalk; 16.13364; BicycleInterference
18; Pedestrian; Interference; None; 21.10.2023 16:22:08; 804.8626; -0.09819996; 241.0641; Sidewalk; 16.14492; BicycleInterference
18; Pedestrian; Interference; None; 21.10.2023 16:22:08; 804.8624; -0.09819996; 241.064; Sidewalk; 16.16737; BicycleInterference
18; Pedestrian; Interference; None; 21.10.2023 16:22:08; 804.8624; -0.09819996; 241.0638; Sidewalk; 16.18959; BicycleInterference
18; Pedestrian; Interference; None; 21.10.2023 16:22:08; 804.8619; -0.09819996; 241.0635; Sidewalk; 16.20119; BicycleInterference
18; Pedestrian; Interference; None; 21.10.2023 16:22:08; 804.8619; -0.09819996; 241.0635; Sidewalk; 16.23957; BicycleInterference
18; Pedestrian; Interference; None; 21.10.2023 16:22:08; 804.8618; -0.09819996; 241.0635; Sidewalk; 16.2493; BicycleInterference
18; Pedestrian; Interference; None; 21.10.2023 16:22:08; 804.8621; -0.09819996; 241.0635; Sidewalk; 16.26822; BicycleInterference
18; Pedestrian; Interference; None; 21.10.2023 16:22:08; 804.862; -0.09819996; 241.0636; Sidewalk; 16.28797; BicycleInterference
18; Pedestrian; Interference; None; 21.10.2023 16:22:08; 804.8619; -0.09819996; 241.0636; Sidewalk; 16.31039; BicycleInterference
18; Pedestrian; Interference; None; 21.10.2023 16:22:08; 804.8619; -0.09819996; 241.0637; Sidewalk; 16.3338; BicycleInterference
18; Pedestrian; Interference; None; 21.10.2023 16:22:08; 804.862; -0.09819996; 241.0637; Sidewalk; 16.34702; BicycleInterference
18; Pedestrian; Interference; None; 21.10.2023 16:22:08; 804.8621; -0.09819996; 241.0637; Sidewalk; 16.36753; BicycleInterference
18; Pedestrian; Interference; None; 21.10.2023 16:22:08; 804.8621; -0.09819996; 241.0638; Sidewalk; 16.38742; BicycleInterference
18; Pedestrian; Interference; None; 21.10.2023 16:22:08; 804.862; -0.09819996; 241.0638; Sidewalk; 16.4103; BicycleInterference
18; Pedestrian; Interference; None; 21.10.2023 16:22:08; 804.8629; -0.09819996; 241.0639; Sidewalk; 16.43184; BicycleInterference
18; Pedestrian; Interference; None; 21.10.2023 16:22:08; 804.8627; -0.09819996; 241.0639; Sidewalk; 16.44463; BicycleInterference
18; Pedestrian; Interference; None; 21.10.2023 16:22:08; 804.8627; -0.09819996; 241.064; Sidewalk; 16.4656; BicycleInterference
18; Pedestrian; Interference; None; 21.10.2023 16:22:09; 804.8629; -0.09819996; 241.0642; Sidewalk; 16.48853; BicycleInterference
18; Pedestrian; Interference; None; 21.10.2023 16:22:09; 804.8627; -0.09819996; 241.0642; Sidewalk; 16.51124; BicycleInterference
18; Pedestrian; Interference; None; 21.10.2023 16:22:09; 804.8619; -0.09819996; 241.0643; Sidewalk; 16.53289; null
18; Pedestrian; Interference; None; 21.10.2023 16:22:09; 804.8618; -0.09819996; 241.0643; Sidewalk; 16.54359; null
18; Pedestrian; Interference; None; 21.10.2023 16:22:09; 804.8616; -0.09819996; 241.0645; Sidewalk; 16.56558; null
18; Pedestrian; Interference; None; 21.10.2023 16:22:09; 804.8613; -0.09819996; 241.0645; Sidewalk; 16.5873; Checking Box AICar
18; Pedestrian; Interference; None; 21.10.2023 16:22:09; 804.8612; -0.09819996; 241.0646; Sidewalk; 16.60995; Checking Box AICar
18; Pedestrian; Interference; None; 21.10.2023 16:22:09; 804.8611; -0.09819996; 241.0647; Sidewalk; 16.63263; Checking Box AICar
18; Pedestrian; Interference; None; 21.10.2023 16:22:09; 804.8611; -0.09819996; 241.0647; Sidewalk; 16.63263; Checking Box AICar
18; Pedestrian; Interference; None; 21.10.2023 16:22:09; 804.8608; -0.09819996; 241.0648; Sidewalk; 16.66653; Checking Box AICar
18; Pedestrian; Interference; None; 21.10.2023 16:22:09; 804.861; -0.09819996; 241.0648; Sidewalk; 16.68833; Checking Box AICar
18; Pedestrian; Interference; None; 21.10.2023 16:22:09; 804.8615; -0.09819996; 241.0649; Sidewalk; 16.71022; Checking Box AICar
18; Pedestrian; Interference; None; 21.10.2023 16:22:09; 804.8616; -0.09819996; 241.065; Sidewalk; 16.7354; Checking Box AICar
18; Pedestrian; Interference; None; 21.10.2023 16:22:09; 804.8615; -0.09819996; 241.065; Sidewalk; 16.74764; Checking Box AICar
18; Pedestrian; Interference; None; 21.10.2023 16:22:09; 804.8613; -0.09819996; 241.0652; Sidewalk; 16.7703; Checking Box AICar
18; Pedestrian; Interference; None; 21.10.2023 16:22:09; 804.8607; -0.09819996; 241.0654; Sidewalk; 16.79007; Checking Box AICar
18; Pedestrian; Interference; None; 21.10.2023 16:22:09; 804.8591; -0.09819996; 241.0657; Sidewalk; 16.81564; Checking Box AICar
18; Pedestrian; Interference; None; 21.10.2023 16:22:09; 804.8557; -0.09819996; 241.0663; Sidewalk; 16.83473; Checking Box AICar
18; Pedestrian; Interference; None; 21.10.2023 16:22:09; 804.8533; -0.09819996; 241.0667; Sidewalk; 16.84509; Checking Box AICar
18; Pedestrian; Interference; None; 21.10.2023 16:22:09; 804.8466; -0.09819996; 241.0678; Sidewalk; 16.86513; Checking Box AICar
18; Pedestrian; Interference; None; 21.10.2023 16:22:09; 804.8383; -0.09819996; 241.0691; Sidewalk; 16.8873; Checking Box AICar
18; Pedestrian; Interference; None; 21.10.2023 16:22:09; 804.8289; -0.09819996; 241.0705; Sidewalk; 16.90939; Checking Box AICar
18; Pedestrian; Interference; None; 21.10.2023 16:22:09; 804.8196; -0.09819996; 241.0716; Sidewalk; 16.93229; Checking Box AICar
18; Pedestrian; Interference; None; 21.10.2023 16:22:09; 804.8156; -0.09819996; 241.0721; Sidewalk; 16.94419; Checking Box AICar
18; Pedestrian; Interference; None; 21.10.2023 16:22:09; 804.8083; -0.09819996; 241.0727; Sidewalk; 16.97009; Checking Box AICar
18; Pedestrian; Interference; None; 21.10.2023 16:22:09; 804.8022; -0.09819996; 241.0728; Sidewalk; 16.98831; Checking Box AICar
18; Pedestrian; Interference; None; 21.10.2023 16:22:09; 804.7965; -0.09819996; 241.0721; Sidewalk; 17.01001; Checking Box AICar
18; Pedestrian; Interference; None; 21.10.2023 16:22:09; 804.7917; -0.09819996; 241.0709; Sidewalk; 17.03233; Checking Box AICar
18; Pedestrian; Interference; None; 21.10.2023 16:22:09; 804.7894; -0.09819996; 241.0701; Sidewalk; 17.04326; Checking Box AICar
18; Pedestrian; Interference; None; 21.10.2023 16:22:09; 804.7845; -0.09819996; 241.0682; Sidewalk; 17.06531; Checking Box AICar
18; Pedestrian; Interference; None; 21.10.2023 16:22:09; 804.7793; -0.09819996; 241.0658; Sidewalk; 17.08725; Checking Box AICar
18; Pedestrian; Interference; None; 21.10.2023 16:22:09; 804.7744; -0.09819996; 241.0631; Sidewalk; 17.11127; Checking Box AICar
18; Pedestrian; Interference; None; 21.10.2023 16:22:09; 804.7684; -0.09819996; 241.0604; Sidewalk; 17.13253; Checking Box AICar
18; Pedestrian; Interference; None; 21.10.2023 16:22:09; 804.7651; -0.09819996; 241.059; Sidewalk; 17.14324; Checking Box AICar
18; Pedestrian; Interference; None; 21.10.2023 16:22:09; 804.7584; -0.09819996; 241.0558; Sidewalk; 17.16508; Checking Box AICar
18; Pedestrian; Interference; None; 21.10.2023 16:22:09; 804.7515; -0.09819996; 241.0525; Sidewalk; 17.17733; Checking Box AICar
18; Pedestrian; Interference; None; 21.10.2023 16:22:09; 804.7448; -0.09819996; 241.0489; Road; 3.75556; Checking Box AICar
18; Pedestrian; Interference; None; 21.10.2023 16:22:09; 804.7374; -0.09819996; 241.0449; Road; 3.777684; Checking Box AICar
18; Pedestrian; Interference; None; 21.10.2023 16:22:09; 804.7332; -0.09819996; 241.0426; Road; 3.789145; Checking Box AICar
18; Pedestrian; Interference; None; 21.10.2023 16:22:09; 804.7238; -0.09819996; 241.0377; Road; 3.812743; Checking Box AICar
18; Pedestrian; Interference; None; 21.10.2023 16:22:09; 804.7134; -0.09819996; 241.0322; Road; 3.833498; Checking Box AICar
18; Pedestrian; Interference; None; 21.10.2023 16:22:09; 804.7037; -0.09819996; 241.0271; Road; 3.855155; Checking Box AICar
18; Pedestrian; Interference; None; 21.10.2023 16:22:09; 804.6949; -0.09819996; 241.0225; Road; 3.877588; Checking Box AICar
18; Pedestrian; Interference; None; 21.10.2023 16:22:09; 804.6907; -0.09819996; 241.0203; Road; 3.889306; Checking Box AICar
18; Pedestrian; Interference; None; 21.10.2023 16:22:09; 804.6827; -0.09819996; 241.0159; Road; 3.91094; Checking Box AICar
18; Pedestrian; Interference; None; 21.10.2023 16:22:09; 804.6718; -0.09819996; 241.011; Road; 3.933648; Checking Box AICar
18; Pedestrian; Interference; None; 21.10.2023 16:22:09; 804.6603; -0.09819996; 241.0058; Road; 3.95593; Checking Box AICar
18; Pedestrian; Interference; None; 21.10.2023 16:22:09; 804.6464; -0.09819996; 241.0005; Road; 3.98037; Checking Box AICar
18; Pedestrian; Interference; None; 21.10.2023 16:22:09; 804.6385; -0.09819996; 240.9978; Road; 3.99042; Checking Box AICar
18; Pedestrian; Interference; None; 21.10.2023 16:22:09; 804.6212; -0.09819996; 240.9927; Road; 4.012043; Checking Box AICar
18; Pedestrian; Interference; None; 21.10.2023 16:22:10; 804.6011; -0.09819996; 240.9881; Road; 4.034245; Checking Box AICar
18; Pedestrian; Interference; None; 21.10.2023 16:22:10; 804.5765; -0.09819996; 240.9849; Road; 4.055691; Checking Box AICar
18; Pedestrian; Interference; None; 21.10.2023 16:22:10; 804.5466; -0.09819996; 240.9839; Road; 4.077844; Checking Box AICar
18; Pedestrian; Interference; None; 21.10.2023 16:22:10; 804.5292; -0.09819996; 240.9846; Road; 4.089164; null
18; Pedestrian; Interference; None; 21.10.2023 16:22:10; 804.5104; -0.09819996; 240.9862; Road; 4.100625; null
18; Pedestrian; Interference; None; 21.10.2023 16:22:10; 804.4515; -0.09819996; 240.9959; Road; 4.132504; null
18; Pedestrian; Interference; None; 21.10.2023 16:22:10; 804.4149; -0.09819996; 241.0067; Road; 4.155402; null
18; Pedestrian; Interference; None; 21.10.2023 16:22:10; 804.3695; -0.09819996; 241.0276; Road; 4.188648; null
18; Pedestrian; Interference; None; 21.10.2023 16:22:10; 804.3695; -0.09819996; 241.0276; Road; 4.188648; null
18; Pedestrian; Interference; None; 21.10.2023 16:22:10; 804.347; -0.09819996; 241.0442; Road; 4.210212; null
18; Pedestrian; Interference; None; 21.10.2023 16:22:10; 804.3108; -0.09819996; 241.0658; Road; 4.243532; null
18; Pedestrian; Interference; None; 21.10.2023 16:22:10; 804.3073; -0.09819996; 241.0741; Road; 4.254481; null
18; Pedestrian; Interference; None; 21.10.2023 16:22:10; 804.3014; -0.09819996; 241.0898; Road; 4.279551; null
18; Pedestrian; Interference; None; 21.10.2023 16:22:10; 804.2997; -0.09819996; 241.0971; Road; 4.293679; null
18; Pedestrian; Interference; None; 21.10.2023 16:22:10; 804.2969; -0.09819996; 241.1163; Road; 4.321354; null
18; Pedestrian; Interference; None; 21.10.2023 16:22:10; 804.2966; -0.09819996; 241.1276; Road; 4.343314; null
18; Pedestrian; Interference; None; 21.10.2023 16:22:10; 804.2949; -0.09819996; 241.1371; Road; 4.365819; null
18; Pedestrian; Interference; None; 21.10.2023 16:22:10; 804.2912; -0.09819996; 241.1461; Road; 4.388096; null
18; Pedestrian; Interference; None; 21.10.2023 16:22:10; 804.2887; -0.09819996; 241.15; Road; 4.398159; null
18; Pedestrian; Interference; None; 21.10.2023 16:22:10; 804.2856; -0.09819996; 241.154; Road; 4.409617; null
18; Pedestrian; Interference; None; 21.10.2023 16:22:10; 804.2738; -0.09819996; 241.1656; Road; 4.446644; null
18; Pedestrian; Interference; None; 21.10.2023 16:22:10; 804.2617; -0.09819996; 241.1724; Road; 4.465559; null
18; Pedestrian; Interference; None; 21.10.2023 16:22:10; 804.2473; -0.09819996; 241.1788; Road; 4.487898; null
18; Pedestrian; Interference; None; 21.10.2023 16:22:10; 804.2399; -0.09819996; 241.1822; Road; 4.498253; null
18; Pedestrian; Interference; None; 21.10.2023 16:22:10; 804.2228; -0.09819996; 241.1888; Road; 4.520857; null
18; Pedestrian; Interference; None; 21.10.2023 16:22:10; 804.2034; -0.09819996; 241.1951; Road; 4.543741; null
18; Pedestrian; Interference; None; 21.10.2023 16:22:10; 804.1834; -0.09819996; 241.2016; Road; 4.565528; null
18; Pedestrian; Interference; None; 21.10.2023 16:22:10; 804.1609; -0.09819996; 241.2081; Road; 4.587796; null
18; Pedestrian; Interference; None; 21.10.2023 16:22:10; 804.1609; -0.09819996; 241.2081; Road; 4.587796; null
18; Pedestrian; Interference; None; 21.10.2023 16:22:10; 804.1262; -0.09819996; 241.2178; Road; 4.621212; null
18; Pedestrian; Interference; None; 21.10.2023 16:22:10; 804.1009; -0.09819996; 241.2244; Road; 4.643257; null
18; Pedestrian; Interference; None; 21.10.2023 16:22:10; 804.0755; -0.09819996; 241.2311; Road; 4.665866; null
18; Pedestrian; Interference; None; 21.10.2023 16:22:10; 804.0504; -0.09819996; 241.2372; Road; 4.687927; null
18; Pedestrian; Interference; None; 21.10.2023 16:22:10; 804.0377; -0.09819996; 241.24; Road; 4.698311; null
18; Pedestrian; Interference; None; 21.10.2023 16:22:10; 804.0245; -0.09819996; 241.2428; Road; 4.709818; null
18; Pedestrian; Interference; None; 21.10.2023 16:22:10; 803.9988; -0.09819996; 241.2486; Road; 4.732581; null
18; Pedestrian; Interference; None; 21.10.2023 16:22:10; 803.9855; -0.09819996; 241.2513; Road; 4.747333; null
18; Pedestrian; Interference; None; 21.10.2023 16:22:10; 803.9586; -0.09819996; 241.2566; Road; 4.768694; null
18; Pedestrian; Interference; None; 21.10.2023 16:22:10; 803.9462; -0.09819996; 241.2593; Road; 4.780311; null
18; Pedestrian; Interference; None; 21.10.2023 16:22:10; 803.8928; -0.09819996; 241.269; Road; 4.821306; null
18; Pedestrian; Interference; None; 21.10.2023 16:22:10; 803.8644; -0.09819996; 241.2728; Road; 4.84329; null
18; Pedestrian; Interference; None; 21.10.2023 16:22:10; 803.8358; -0.09819996; 241.276; Road; 4.865737; null
18; Pedestrian; Interference; None; 21.10.2023 16:22:10; 803.8209; -0.09819996; 241.2773; Road; 4.876021; null
18; Pedestrian; Interference; None; 21.10.2023 16:22:10; 803.8054; -0.09819996; 241.2783; Road; 4.888181; null
18; Pedestrian; Interference; None; 21.10.2023 16:22:10; 803.7574; -0.09819996; 241.2799; Road; 4.922963; null
18; Pedestrian; Interference; None; 21.10.2023 16:22:10; 803.7221; -0.09819996; 241.2791; Road; 4.942883; null
18; Pedestrian; Interference; None; 21.10.2023 16:22:10; 803.6823; -0.09819996; 241.2759; Road; 4.965897; null
18; Pedestrian; Interference; None; 21.10.2023 16:22:10; 803.6382; -0.09819996; 241.2697; Road; 4.989174; null
18; Pedestrian; Interference; None; 21.10.2023 16:22:10; 803.616; -0.09819996; 241.2659; Road; 4.998437; null
18; Pedestrian; Interference; None; 21.10.2023 16:22:10; 803.5673; -0.09819996; 241.2558; Road; 5.021089; null
18; Pedestrian; Interference; None; 21.10.2023 16:22:11; 803.5428; -0.09819996; 241.2492; Road; 5.031862; null
18; Pedestrian; Interference; None; 21.10.2023 16:22:11; 803.4717; -0.09819996; 241.2242; Road; 5.067579; null
18; Pedestrian; Interference; None; 21.10.2023 16:22:11; 803.4284; -0.09819996; 241.2044; Road; 5.087871; null
18; Pedestrian; Interference; None; 21.10.2023 16:22:11; 803.4284; -0.09819996; 241.2044; Road; 5.087871; null
18; Pedestrian; Interference; None; 21.10.2023 16:22:11; 803.3925; -0.09819996; 241.1827; Road; 5.110499; null
18; Pedestrian; Interference; None; 21.10.2023 16:22:11; 803.3619; -0.09819996; 241.1603; Road; 5.132362; null
18; Pedestrian; Interference; None; 21.10.2023 16:22:11; 803.3282; -0.09819996; 241.1272; Road; 5.165833; null
18; Pedestrian; Interference; None; 21.10.2023 16:22:11; 803.3144; -0.09819996; 241.1069; Road; 5.188417; null
18; Pedestrian; Interference; None; 21.10.2023 16:22:11; 803.3144; -0.09819996; 241.1069; Road; 5.188417; null
18; Pedestrian; Interference; None; 21.10.2023 16:22:11; 803.2984; -0.09819996; 241.0801; Road; 5.224106; null
18; Pedestrian; Interference; None; 21.10.2023 16:22:11; 803.2933; -0.09819996; 241.0724; Road; 5.232102; null
18; Pedestrian; Interference; None; 21.10.2023 16:22:11; 803.2821; -0.09819996; 241.0579; Road; 5.255424; Checking Box Human Car
18; Pedestrian; Interference; None; 21.10.2023 16:22:11; 803.269; -0.09819996; 241.0451; Road; 5.277293; Checking Box Human Car
18; Pedestrian; Interference; None; 21.10.2023 16:22:11; 803.2617; -0.09819996; 241.039; Road; 5.288751; Checking Box Human Car
18; Pedestrian; Interference; None; 21.10.2023 16:22:11; 803.2465; -0.09819996; 241.0282; Road; 5.310694; null
18; Pedestrian; Interference; None; 21.10.2023 16:22:11; 803.2291; -0.09819996; 241.0179; Road; 5.332764; Checking Box AICar
18; Pedestrian; Interference; None; 21.10.2023 16:22:11; 803.209; -0.09819996; 241.0077; Road; 5.355484; Checking Box AICar
18; Pedestrian; Interference; None; 21.10.2023 16:22:11; 803.2068; -0.09819996; 240.9994; Road; 5.387375; Checking Box AICar
18; Pedestrian; Interference; None; 21.10.2023 16:22:11; 803.1995; -0.09819996; 240.9946; Road; 5.396205; Checking Box AICar
18; Pedestrian; Interference; None; 21.10.2023 16:22:11; 803.1817; -0.09819996; 240.9852; Road; 5.414598; Checking Box AICar
18; Pedestrian; Interference; None; 21.10.2023 16:22:11; 803.1528; -0.09819996; 240.9726; Road; 5.443713; Checking Box AICar
18; Pedestrian; Interference; None; 21.10.2023 16:22:11; 803.133; -0.09819996; 240.9655; Road; 5.466039; Checking Box AICar
18; Pedestrian; Interference; None; 21.10.2023 16:22:11; 803.1113; -0.09819996; 240.9594; Road; 5.488142; Checking Box AICar
18; Pedestrian; Interference; None; 21.10.2023 16:22:11; 803.1113; -0.09819996; 240.9594; Road; 5.488142; Checking Box AICar
18; Pedestrian; Interference; None; 21.10.2023 16:22:11; 803.0873; -0.09819996; 240.9542; Road; 5.511068; Checking Box AICar
18; Pedestrian; Interference; None; 21.10.2023 16:22:11; 803.0622; -0.09819996; 240.9499; Road; 5.538075; Checking Box AICar
18; Pedestrian; Interference; None; 21.10.2023 16:22:11; 803.0355; -0.09819996; 240.9464; Road; 5.561057; Checking Box AICar
18; Pedestrian; Interference; None; 21.10.2023 16:22:11; 803.0063; -0.09819996; 240.944; Road; 5.581641; Checking Box AICar
18; Pedestrian; Interference; None; 21.10.2023 16:22:11; 802.9909; -0.09819996; 240.9431; Road; 5.592254; Checking Box AICar
18; Pedestrian; Interference; None; 21.10.2023 16:22:11; 802.9599; -0.09819996; 240.9424; Road; 5.612255; Checking Box AICar
18; Pedestrian; Interference; None; 21.10.2023 16:22:11; 802.9113; -0.09819996; 240.9433; Road; 5.643458; Checking Box AICar
18; Pedestrian; Interference; None; 21.10.2023 16:22:11; 802.8938; -0.09819996; 240.9439; Road; 5.654449; Checking Box AICar
18; Pedestrian; Interference; None; 21.10.2023 16:22:11; 802.8587; -0.09819996; 240.9456; Road; 5.679374; Checking Box AICar
18; Pedestrian; Interference; None; 21.10.2023 16:22:11; 802.8408; -0.09819996; 240.9469; Road; 5.693391; Checking Box AICar
18; Pedestrian; Interference; None; 21.10.2023 16:22:11; 802.8041; -0.09819996; 240.9498; Road; 5.71145; Checking Box AICar
18; Pedestrian; Interference; None; 21.10.2023 16:22:11; 802.7468; -0.09819996; 240.956; Road; 5.743616; Checking Box AICar
18; Pedestrian; Interference; None; 21.10.2023 16:22:11; 802.7064; -0.09819996; 240.9615; Road; 5.765596; Checking Box AICar
18; Pedestrian; Interference; None; 21.10.2023 16:22:11; 802.6628; -0.09819996; 240.9683; Road; 5.788555; Checking Box AICar
18; Pedestrian; Interference; None; 21.10.2023 16:22:11; 802.6628; -0.09819996; 240.9683; Road; 5.788555; Checking Box AICar
18; Pedestrian; Interference; None; 21.10.2023 16:22:11; 802.6154; -0.09819996; 240.9771; Road; 5.811559; Checking Box AICar
18; Pedestrian; Interference; None; 21.10.2023 16:22:11; 802.5652; -0.09819996; 240.9884; Road; 5.837361; Checking Box Human Car
18; Pedestrian; Interference; None; 21.10.2023 16:22:11; 802.513; -0.09819996; 241.0027; Road; 5.860072; Checking Box Human Car
18; Pedestrian; Interference; None; 21.10.2023 16:22:11; 802.4357; -0.09819996; 241.0276; Road; 5.888296; null
18; Pedestrian; Interference; None; 21.10.2023 16:22:11; 802.4115; -0.09819996; 241.0373; Road; 5.898266; null
18; Pedestrian; Interference; None; 21.10.2023 16:22:11; 802.3632; -0.09819996; 241.0564; Road; 5.920581; null
18; Pedestrian; Interference; None; 21.10.2023 16:22:11; 802.3184; -0.09819996; 241.0763; Road; 5.943509; null
18; Pedestrian; Interference; None; 21.10.2023 16:22:11; 802.2772; -0.09819996; 241.0949; Road; 5.965315; null
18; Pedestrian; Interference; None; 21.10.2023 16:22:11; 802.2584; -0.09819996; 241.104; Road; 5.976422; null
18; Pedestrian; Interference; None; 21.10.2023 16:22:11; 802.2391; -0.09819996; 241.1129; Road; 5.997437; null
18; Pedestrian; Interference; None; 21.10.2023 16:22:11; 802.2036; -0.09819996; 241.1304; Road; 6.017721; null
18; Pedestrian; Interference; None; 21.10.2023 16:22:12; 802.1559; -0.09819996; 241.1537; Road; 6.044845; null
18; Pedestrian; Interference; None; 21.10.2023 16:22:12; 802.1267; -0.09819996; 241.1668; Road; 6.065144; null
18; Pedestrian; Interference; None; 21.10.2023 16:22:12; 802.0969; -0.09819996; 241.1787; Road; 6.087192; null
18; Pedestrian; Interference; None; 21.10.2023 16:22:12; 802.0818; -0.09819996; 241.1843; Road; 6.098233; null
18; Pedestrian; Interference; None; 21.10.2023 16:22:12; 802.0515; -0.09819996; 241.1953; Road; 6.121493; null
18; Pedestrian; Interference; None; 21.10.2023 16:22:12; 802.0366; -0.09819996; 241.2006; Road; 6.132123; null
18; Pedestrian; Interference; None; 21.10.2023 16:22:12; 801.9903; -0.09819996; 241.2158; Road; 6.164694; null
18; Pedestrian; Interference; None; 21.10.2023 16:22:12; 801.9615; -0.09819996; 241.2255; Road; 6.187238; null
18; Pedestrian; Interference; None; 21.10.2023 16:22:12; 801.946; -0.09819996; 241.2301; Road; 6.197884; null
18; Pedestrian; Interference; None; 21.10.2023 16:22:12; 801.9189; -0.09819996; 241.2407; Road; 6.219903; null
18; Pedestrian; Interference; None; 21.10.2023 16:22:12; 801.8929; -0.09819996; 241.2522; Road; 6.242799; null
18; Pedestrian; Interference; None; 21.10.2023 16:22:12; 801.8709; -0.09819996; 241.2637; Road; 6.265415; null
18; Pedestrian; Interference; None; 21.10.2023 16:22:12; 801.861; -0.09819996; 241.2695; Road; 6.275587; null
18; Pedestrian; Interference; None; 21.10.2023 16:22:12; 801.8522; -0.09819996; 241.2749; Road; 6.287982; null
18; Pedestrian; Interference; None; 21.10.2023 16:22:12; 801.8279; -0.09819996; 241.2899; Road; 6.324076; null
18; Pedestrian; Interference; None; 21.10.2023 16:22:12; 801.811; -0.09819996; 241.2975; Road; 6.342182; null
18; Pedestrian; Interference; None; 21.10.2023 16:22:12; 801.795; -0.09819996; 241.3031; Road; 6.364502; null
18; Pedestrian; Interference; None; 21.10.2023 16:22:12; 801.7789; -0.09819996; 241.3069; Road; 6.386689; null
18; Pedestrian; Interference; None; 21.10.2023 16:22:12; 801.7704; -0.09819996; 241.3081; Road; 6.397618; null
18; Pedestrian; Interference; None; 21.10.2023 16:22:12; 801.7518; -0.09819996; 241.3089; Road; 6.419557; null
18; Pedestrian; Interference; None; 21.10.2023 16:22:12; 801.7314; -0.09819996; 241.3077; Road; 6.442221; null
18; Pedestrian; Interference; None; 21.10.2023 16:22:12; 801.7201; -0.09819996; 241.3066; Road; 6.453576; null
18; Pedestrian; Interference; None; 21.10.2023 16:22:12; 801.6825; -0.09819996; 241.3006; Road; 6.464297; null
18; Pedestrian; Interference; None; 21.10.2023 16:22:12; 801.6692; -0.09819996; 241.2983; Road; 6.497962; null
18; Pedestrian; Interference; None; 21.10.2023 16:22:12; 801.6418; -0.09819996; 241.2929; Road; 6.519944; null
18; Pedestrian; Interference; None; 21.10.2023 16:22:12; 801.6154; -0.09819996; 241.2866; Road; 6.543044; null
18; Pedestrian; Interference; None; 21.10.2023 16:22:12; 801.5897; -0.09819996; 241.28; Road; 6.565104; null
18; Pedestrian; Interference; None; 21.10.2023 16:22:12; 801.5615; -0.09819996; 241.2727; Road; 6.586408; null
18; Pedestrian; Interference; None; 21.10.2023 16:22:12; 801.5472; -0.09819996; 241.2691; Road; 6.597596; null
18; Pedestrian; Interference; None; 21.10.2023 16:22:12; 801.5173; -0.09819996; 241.2618; Road; 6.620941; null
18; Pedestrian; Interference; None; 21.10.2023 16:22:12; 801.4851; -0.09819996; 241.2544; Road; 6.642581; null
18; Pedestrian; Interference; None; 21.10.2023 16:22:12; 801.4528; -0.09819996; 241.2473; Road; 6.664288; null
18; Pedestrian; Interference; None; 21.10.2023 16:22:12; 801.4198; -0.09819996; 241.2402; Road; 6.686303; null
18; Pedestrian; Interference; None; 21.10.2023 16:22:12; 801.4042; -0.09819996; 241.2368; Road; 6.697379; null
18; Pedestrian; Interference; None; 21.10.2023 16:22:12; 801.3718; -0.09819996; 241.2301; Road; 6.719782; null
18; Pedestrian; Interference; None; 21.10.2023 16:22:12; 801.3402; -0.09819996; 241.2239; Road; 6.74234; null
18; Pedestrian; Interference; None; 21.10.2023 16:22:12; 801.3083; -0.09819996; 241.2183; Road; 6.765119; null
18; Pedestrian; Interference; None; 21.10.2023 16:22:12; 801.2918; -0.09819996; 241.2157; Road; 6.776334; null
18; Pedestrian; Interference; None; 21.10.2023 16:22:12; 801.2734; -0.09819996; 241.2131; Road; 6.787549; null
18; Pedestrian; Interference; None; 21.10.2023 16:22:12; 801.2388; -0.09819996; 241.2085; Road; 6.811352; null
18; Pedestrian; Interference; None; 21.10.2023 16:22:12; 801.2029; -0.09819996; 241.2044; Road; 6.833211; null
18; Pedestrian; Interference; None; 21.10.2023 16:22:12; 801.1642; -0.09819996; 241.2; Road; 6.855503; null
18; Pedestrian; Interference; None; 21.10.2023 16:22:12; 801.1226; -0.09819996; 241.1953; Road; 6.87851; null
18; Pedestrian; Interference; None; 21.10.2023 16:22:12; 801.101; -0.09819996; 241.1928; Road; 6.890536; null
18; Pedestrian; Interference; None; 21.10.2023 16:22:12; 801.0549; -0.09819996; 241.1874; Road; 6.912421; null
18; Pedestrian; Interference; None; 21.10.2023 16:22:12; 801.0062; -0.09819996; 241.1809; Road; 6.936643; null
18; Pedestrian; Interference; None; 21.10.2023 16:22:12; 800.9544; -0.09819996; 241.1732; Road; 6.954714; null
18; Pedestrian; Interference; None; 21.10.2023 16:22:12; 800.8752; -0.09819996; 241.1597; Road; 6.988475; null
18; Pedestrian; Interference; None; 21.10.2023 16:22:12; 800.8752; -0.09819996; 241.1597; Road; 6.988475; null
18; Pedestrian; Interference; None; 21.10.2023 16:22:12; 800.8231; -0.09819996; 241.1494; Road; 7.010713; null
18; Pedestrian; Interference; None; 21.10.2023 16:22:13; 800.7733; -0.09819996; 241.1389; Road; 7.032521; null
18; Pedestrian; Interference; None; 21.10.2023 16:22:13; 800.7266; -0.09819996; 241.1286; Road; 7.055714; null
18; Pedestrian; Interference; None; 21.10.2023 16:22:13; 800.6826; -0.09819996; 241.119; Road; 7.079374; null
18; Pedestrian; Interference; None; 21.10.2023 16:22:13; 800.6387; -0.09819996; 241.1104; Road; 7.10088; null
18; Pedestrian; Interference; None; 21.10.2023 16:22:13; 800.5972; -0.09819996; 241.1028; Road; 7.12066; null
18; Pedestrian; Interference; None; 21.10.2023 16:22:13; 800.5551; -0.09819996; 241.0963; Road; 7.142858; null
18; Pedestrian; Interference; None; 21.10.2023 16:22:13; 800.5148; -0.09819996; 241.0923; Road; 7.165125; null
18; Pedestrian; Interference; None; 21.10.2023 16:22:13; 800.4751; -0.09819996; 241.0901; Road; 7.188336; null
18; Pedestrian; Interference; None; 21.10.2023 16:22:13; 800.4556; -0.09819996; 241.0894; Road; 7.198404; null
18; Pedestrian; Interference; None; 21.10.2023 16:22:13; 800.4346; -0.09819996; 241.0888; Road; 7.210048; null
18; Pedestrian; Interference; None; 21.10.2023 16:22:13; 800.3928; -0.09819996; 241.0884; Road; 7.234119; null
18; Pedestrian; Interference; None; 21.10.2023 16:22:13; 800.3284; -0.09819996; 241.0902; Road; 7.264286; null
18; Pedestrian; Interference; None; 21.10.2023 16:22:13; 800.284; -0.09819996; 241.0927; Road; 7.287399; null
18; Pedestrian; Interference; None; 21.10.2023 16:22:13; 800.2615; -0.09819996; 241.0943; Road; 7.298308; null
18; Pedestrian; Interference; None; 21.10.2023 16:22:13; 800.2151; -0.09819996; 241.0979; Road; 7.319607; null
18; Pedestrian; Interference; None; 21.10.2023 16:22:13; 800.1674; -0.09819996; 241.1019; Road; 7.342499; null
18; Pedestrian; Interference; None; 21.10.2023 16:22:13; 800.12; -0.09819996; 241.1062; Road; 7.364359; null
18; Pedestrian; Interference; None; 21.10.2023 16:22:13; 800.0738; -0.09819996; 241.1104; Road; 7.387259; null
18; Pedestrian; Interference; None; 21.10.2023 16:22:13; 800.0515; -0.09819996; 241.1124; Road; 7.398392; null
18; Pedestrian; Interference; None; 21.10.2023 16:22:13; 800.0071; -0.09819996; 241.1161; Road; 7.419504; null
18; Pedestrian; Interference; None; 21.10.2023 16:22:13; 799.9646; -0.09819996; 241.1187; Road; 7.442761; null
18; Pedestrian; Interference; None; 21.10.2023 16:22:13; 799.9225; -0.09819996; 241.1205; Road; 7.46493; null
18; Pedestrian; Interference; None; 21.10.2023 16:22:13; 799.8824; -0.09819996; 241.1219; Road; 7.486321; null
18; Pedestrian; Interference; None; 21.10.2023 16:22:13; 799.8621; -0.09819996; 241.1221; Road; 7.497288; null
18; Pedestrian; Interference; None; 21.10.2023 16:22:13; 799.8221; -0.09819996; 241.122; Road; 7.51962; null
18; Pedestrian; Interference; None; 21.10.2023 16:22:13; 799.8024; -0.09819996; 241.1216; Road; 7.531354; null
18; Pedestrian; Interference; None; 21.10.2023 16:22:13; 799.7446; -0.09819996; 241.1198; Road; 7.566066; null
18; Pedestrian; Interference; None; 21.10.2023 16:22:13; 799.7062; -0.09819996; 241.1184; Road; 7.586302; null
18; Pedestrian; Interference; None; 21.10.2023 16:22:13; 799.687; -0.09819996; 241.1176; Road; 7.597236; null
18; Pedestrian; Interference; None; 21.10.2023 16:22:13; 799.648; -0.09819996; 241.1156; Road; 7.619876; null
18; Pedestrian; Interference; None; 21.10.2023 16:22:13; 799.6098; -0.09819996; 241.1139; Road; 7.643039; null
18; Pedestrian; Interference; None; 21.10.2023 16:22:13; 799.5724; -0.09819996; 241.1121; Road; 7.664986; null
18; Pedestrian; Interference; None; 21.10.2023 16:22:13; 799.5538; -0.09819996; 241.1112; Road; 7.676365; null
18; Pedestrian; Interference; None; 21.10.2023 16:22:13; 799.535; -0.09819996; 241.1103; Road; 7.68797; null
18; Pedestrian; Interference; None; 21.10.2023 16:22:13; 799.4782; -0.09819996; 241.1071; Road; 7.724398; null
18; Pedestrian; Interference; None; 21.10.2023 16:22:13; 799.4402; -0.09819996; 241.1047; Road; 7.741891; null
18; Pedestrian; Interference; None; 21.10.2023 16:22:13; 799.4023; -0.09819996; 241.1019; Road; 7.76398; null
18; Pedestrian; Interference; None; 21.10.2023 16:22:13; 799.3641; -0.09819996; 241.0989; Road; 7.786374; null
18; Pedestrian; Interference; None; 21.10.2023 16:22:13; 799.3449; -0.09819996; 241.0972; Road; 7.797428; null
18; Pedestrian; Interference; None; 21.10.2023 16:22:13; 799.3066; -0.09819996; 241.0936; Road; 7.819586; null
18; Pedestrian; Interference; None; 21.10.2023 16:22:13; 799.2877; -0.09819996; 241.0917; Road; 7.831448; null
18; Pedestrian; Interference; None; 21.10.2023 16:22:13; 799.2495; -0.09819996; 241.0874; Road; 7.854753; null
18; Pedestrian; Interference; None; 21.10.2023 16:22:13; 799.1922; -0.09819996; 241.0805; Road; 7.886175; null
18; Pedestrian; Interference; None; 21.10.2023 16:22:13; 799.1689; -0.09819996; 241.0769; Road; 7.897045; null
18; Pedestrian; Interference; None; 21.10.2023 16:22:13; 799.1296; -0.09819996; 241.0718; Road; 7.919402; null
18; Pedestrian; Interference; None; 21.10.2023 16:22:13; 799.0901; -0.09819996; 241.0665; Road; 7.942061; null
18; Pedestrian; Interference; None; 21.10.2023 16:22:13; 799.051; -0.09819996; 241.0609; Road; 7.963946; null
18; Pedestrian; Interference; None; 21.10.2023 16:22:13; 799.0114; -0.09819996; 241.0554; Road; 7.986152; null
18; Pedestrian; Interference; None; 21.10.2023 16:22:13; 799.0114; -0.09819996; 241.0554; Road; 7.986152; null
18; Pedestrian; Interference; None; 21.10.2023 16:22:13; 798.9496; -0.09819996; 241.047; Road; 8.022695; null
18; Pedestrian; Interference; None; 21.10.2023 16:22:14; 798.9089; -0.09819996; 241.0416; Road; 8.041892; null
18; Pedestrian; Interference; None; 21.10.2023 16:22:14; 798.8696; -0.09819996; 241.0365; Road; 8.06379; null
18; Pedestrian; Interference; None; 21.10.2023 16:22:14; 798.8324; -0.09819996; 241.0317; Road; 8.086035; null
18; Pedestrian; Interference; None; 21.10.2023 16:22:14; 798.814; -0.09819996; 241.0293; Road; 8.097101; null
18; Pedestrian; Interference; None; 21.10.2023 16:22:14; 798.7784; -0.09819996; 241.0251; Road; 8.119276; null
18; Pedestrian; Interference; None; 21.10.2023 16:22:14; 798.7435; -0.09819996; 241.0214; Road; 8.142472; null
18; Pedestrian; Interference; None; 21.10.2023 16:22:14; 798.7078; -0.09819996; 241.018; Road; 8.165502; null
18; Pedestrian; Interference; None; 21.10.2023 16:22:14; 798.6715; -0.09819996; 241.0152; Road; 8.185721; null
18; Pedestrian; Interference; None; 21.10.2023 16:22:14; 798.6531; -0.09819996; 241.0138; Road; 8.19717; null
18; Pedestrian; Interference; None; 21.10.2023 16:22:14; 798.6176; -0.09819996; 241.0116; Road; 8.219024; null
18; Pedestrian; Interference; None; 21.10.2023 16:22:14; 798.5821; -0.09819996; 241.0099; Road; 8.241769; null
18; Pedestrian; Interference; None; 21.10.2023 16:22:14; 798.5471; -0.09819996; 241.0086; Road; 8.264422; null
18; Pedestrian; Interference; None; 21.10.2023 16:22:14; 798.5092; -0.09819996; 241.0068; Road; 8.287005; null
18; Pedestrian; Interference; None; 21.10.2023 16:22:14; 798.4917; -0.09819996; 241.0064; Road; 8.297986; null
18; Pedestrian; Interference; None; 21.10.2023 16:22:14; 798.4739; -0.09819996; 241.006; Road; 8.309801; null
18; Pedestrian; Interference; None; 21.10.2023 16:22:14; 798.4221; -0.09819996; 241.0056; Road; 8.344713; null
18; Pedestrian; Interference; None; 21.10.2023 16:22:14; 798.3852; -0.09819996; 241.0052; Road; 8.364621; null
18; Pedestrian; Interference; None; 21.10.2023 16:22:14; 798.349; -0.09819996; 241.0055; Road; 8.386931; null
18; Pedestrian; Interference; None; 21.10.2023 16:22:14; 798.349; -0.09819996; 241.0055; Road; 8.386931; null
18; Pedestrian; Interference; None; 21.10.2023 16:22:14; 798.2943; -0.09819996; 241.0067; Road; 8.421132; null
18; Pedestrian; Interference; None; 21.10.2023 16:22:14; 798.2579; -0.09819996; 241.008; Road; 8.443921; null
18; Pedestrian; Interference; None; 21.10.2023 16:22:14; 798.2397; -0.09819996; 241.0088; Road; 8.454259; null
18; Pedestrian; Interference; None; 21.10.2023 16:22:14; 798.1836; -0.09819996; 241.012; Road; 8.489908; null
18; Pedestrian; Interference; None; 21.10.2023 16:22:14; 798.1836; -0.09819996; 241.012; Road; 8.489908; null
18; Pedestrian; Interference; None; 21.10.2023 16:22:14; 798.127; -0.09819996; 241.0165; Road; 8.522606; null
18; Pedestrian; Interference; None; 21.10.2023 16:22:14; 798.1085; -0.09819996; 241.0183; Road; 8.531785; null
18; Pedestrian; Interference; None; 21.10.2023 16:22:14; 798.0509; -0.09819996; 241.0247; Road; 8.565676; null
18; Pedestrian; Interference; None; 21.10.2023 16:22:14; 798.0316; -0.09819996; 241.027; Road; 8.57649; null
18; Pedestrian; Interference; None; 21.10.2023 16:22:14; 798.0122; -0.09819996; 241.0295; Road; 8.5878; null
18; Pedestrian; Interference; None; 21.10.2023 16:22:14; 797.9736; -0.09819996; 241.0348; Road; 8.6101; null
18; Pedestrian; Interference; None; 21.10.2023 16:22:14; 797.9145; -0.09819996; 241.0431; Road; 8.645544; null
18; Pedestrian; Interference; None; 21.10.2023 16:22:14; 797.8745; -0.09819996; 241.0487; Road; 8.665545; null
18; Pedestrian; Interference; None; 21.10.2023 16:22:14; 797.8345; -0.09819996; 241.054; Road; 8.688054; null
18; Pedestrian; Interference; None; 21.10.2023 16:22:14; 797.8345; -0.09819996; 241.054; Road; 8.688054; null
18; Pedestrian; Interference; None; 21.10.2023 16:22:14; 797.795; -0.09819996; 241.0591; Road; 8.71055; null
18; Pedestrian; Interference; None; 21.10.2023 16:22:14; 797.7375; -0.09819996; 241.0659; Road; 8.743564; null
18; Pedestrian; Interference; None; 21.10.2023 16:22:14; 797.719; -0.09819996; 241.0679; Road; 8.754013; null
18; Pedestrian; Interference; None; 21.10.2023 16:22:14; 797.6787; -0.09819996; 241.0707; Road; 8.777605; null
18; Pedestrian; Interference; None; 21.10.2023 16:22:14; 797.6605; -0.09819996; 241.0724; Road; 8.789208; null
18; Pedestrian; Interference; None; 21.10.2023 16:22:14; 797.6027; -0.09819996; 241.0767; Road; 8.821801; null
18; Pedestrian; Interference; None; 21.10.2023 16:22:14; 797.5636; -0.09819996; 241.0791; Road; 8.844185; null
18; Pedestrian; Interference; None; 21.10.2023 16:22:14; 797.5441; -0.09819996; 241.0801; Road; 8.854283; null
18; Pedestrian; Interference; None; 21.10.2023 16:22:14; 797.5052; -0.09819996; 241.0816; Road; 8.87673; null
18; Pedestrian; Interference; None; 21.10.2023 16:22:14; 797.4864; -0.09819996; 241.0822; Road; 8.888222; null
18; Pedestrian; Interference; None; 21.10.2023 16:22:14; 797.4499; -0.09819996; 241.0829; Road; 8.910646; null
18; Pedestrian; Interference; None; 21.10.2023 16:22:14; 797.4142; -0.09819996; 241.0831; Road; 8.932986; null
18; Pedestrian; Interference; None; 21.10.2023 16:22:14; 797.3628; -0.09819996; 241.0829; Road; 8.966868; null
18; Pedestrian; Interference; None; 21.10.2023 16:22:14; 797.3286; -0.09819996; 241.0824; Road; 8.988364; null
18; Pedestrian; Interference; None; 21.10.2023 16:22:14; 797.3286; -0.09819996; 241.0824; Road; 8.988364; null
18; Pedestrian; Interference; None; 21.10.2023 16:22:14; 797.2766; -0.09819996; 241.0811; Road; 9.021031; null
18; Pedestrian; Interference; None; 21.10.2023 16:22:15; 797.2416; -0.09819996; 241.0799; Road; 9.043758; null
18; Pedestrian; Interference; None; 21.10.2023 16:22:15; 797.2058; -0.09819996; 241.0784; Road; 9.066028; null
18; Pedestrian; Interference; None; 21.10.2023 16:22:15; 797.188; -0.09819996; 241.0773; Road; 9.076552; null
18; Pedestrian; Interference; None; 21.10.2023 16:22:15; 797.1702; -0.09819996; 241.0761; Road; 9.088186; null
18; Pedestrian; Interference; None; 21.10.2023 16:22:15; 797.1343; -0.09819996; 241.0735; Road; 9.116633; null
18; Pedestrian; Interference; None; 21.10.2023 16:22:15; 797.0809; -0.09819996; 241.0683; Road; 9.144186; null
18; Pedestrian; Interference; None; 21.10.2023 16:22:15; 797.0463; -0.09819996; 241.0643; Road; 9.163758; null
18; Pedestrian; Interference; None; 21.10.2023 16:22:15; 797.0289; -0.09819996; 241.062; Road; 9.174527; null
18; Pedestrian; Interference; None; 21.10.2023 16:22:15; 797.0289; -0.09819996; 241.062; Road; 9.174527; null
18; Pedestrian; Interference; None; 21.10.2023 16:22:15; 796.9594; -0.09819996; 241.0518; Road; 9.220627; null
