user_id; scenario; distraction; ehmi; timestamp; userPositionX; userPositionY; userPositionZ; playerPositon; time; focused object
7; Driver; None; None; 23.09.2023 14:34:29; 850; 0.0960815; 203; HI; null
7; Driver; None; None; 23.09.2023 14:34:29; 850; 0.09269609; 203; Before; 0.02; null
7; Driver; None; None; 23.09.2023 14:34:30; 850; 0.07529796; 203; Before; 0.02; null
7; Driver; None; None; 23.09.2023 14:34:30; 850; 0.05768705; 203; Before; 0.02; null
7; Driver; None; None; 23.09.2023 14:34:30; 850; 0.03527888; 203; Before; 0.02; null
7; Driver; None; None; 23.09.2023 14:34:30; 850; 0.02227915; 203; Before; 0.02; null
7; Driver; None; None; 23.09.2023 14:34:30; 850; -0.005056463; 203; Before; 0.02; null
7; Driver; None; None; 23.09.2023 14:34:30; 850; -0.02595098; 203; Before; 0.02; null
7; Driver; None; None; 23.09.2023 14:34:30; 850; -0.03948666; 203; Before; 0.02; null
7; Driver; None; None; 23.09.2023 14:34:30; 850; -0.04622336; 203; Before; 0.02; null
7; Driver; None; None; 23.09.2023 14:34:30; 850; -0.04738848; 203; Before; 0.02; null
7; Driver; None; None; 23.09.2023 14:34:30; 850; -0.04619898; 203; Before; 0.02; null
7; Driver; None; None; 23.09.2023 14:34:30; 850; -0.04158631; 203; Before; 0.02; null
7; Driver; None; None; 23.09.2023 14:34:30; 850; -0.03501777; 203; Before; 0.02; null
7; Driver; None; None; 23.09.2023 14:34:30; 850; -0.02776622; 203; Before; 0.02; null
7; Driver; None; None; 23.09.2023 14:34:30; 850; -0.02420648; 203; Before; 0.02; null
7; Driver; None; None; 23.09.2023 14:34:30; 850; -0.017693; 203; Before; 0.02; null
7; Driver; None; None; 23.09.2023 14:34:30; 850; -0.01239446; 203; Before; 0.02; null
7; Driver; None; None; 23.09.2023 14:34:30; 850; -0.008560622; 203; Before; 0.04; null
7; Driver; None; None; 23.09.2023 14:34:30; 850; -0.006200071; 203; Before; 0.04; null
7; Driver; None; None; 23.09.2023 14:34:30; 850; -0.005529827; 203; Before; 0.04; null
7; Driver; None; None; 23.09.2023 14:34:30; 850; -0.005060979; 203; Before; 0.04; null
7; Driver; None; None; 23.09.2023 14:34:30; 850; -0.005511247; 203; Before; 0.04; null
7; Driver; None; None; 23.09.2023 14:34:30; 850; -0.006574921; 203; Before; 0.3733333; null
7; Driver; None; None; 23.09.2023 14:34:30; 850; -0.007964041; 203; Before; 0.4664892; null
7; Driver; None; None; 23.09.2023 14:34:30; 850; -0.008702599; 203; Before; 0.4973279; null
7; Driver; None; None; 23.09.2023 14:34:30; 850; -0.01014203; 203; Before; 0.5147255; null
7; Driver; None; None; 23.09.2023 14:34:30; 850; -0.01080474; 203; Before; 0.5459556; null
7; Driver; None; None; 23.09.2023 14:34:31; 850; -0.01241614; 203; Before; 0.5603763; null
7; Driver; None; None; 23.09.2023 14:34:31; 850; -0.01280672; 203; Before; 0.5878285; null
7; Driver; None; None; 23.09.2023 14:34:31; 850; -0.01336194; 203; Before; 0.6031629; null
7; Driver; None; None; 23.09.2023 14:34:31; 850; -0.01353244; 203; Before; 0.6274703; null
7; Driver; None; None; 23.09.2023 14:34:31; 850; -0.01368247; 203; Before; 0.6274703; null
7; Driver; None; None; 23.09.2023 14:34:31; 850; -0.01355442; 203; Before; 0.6274703; null
7; Driver; None; None; 23.09.2023 14:34:31; 850; -0.0133162; 203; Before; 0.6274703; null
7; Driver; None; None; 23.09.2023 14:34:31; 850; -0.01317388; 203; Before; 0.6274703; null
7; Driver; None; None; 23.09.2023 14:34:31; 850; -0.01287393; 203; Before; 0.6274703; null
7; Driver; None; None; 23.09.2023 14:34:31; 850; -0.01258643; 203; Before; 0.640785; null
7; Driver; None; None; 23.09.2023 14:34:31; 850; -0.01233942; 203; Before; 0.7595425; null
7; Driver; None; None; 23.09.2023 14:34:31; 850; -0.01214874; 203; Before; 0.7789353; null
7; Driver; None; None; 23.09.2023 14:34:31; 850; -0.01207644; 203; Before; 0.7972971; null
7; Driver; None; None; 23.09.2023 14:34:31; 850; -0.01197703; 203; Before; 0.8158782; null
7; Driver; None; None; 23.09.2023 14:34:31; 850; -0.01193219; 203; Before; 0.8422599; null
7; Driver; None; None; 23.09.2023 14:34:31; 850; -0.01193149; 203; Before; 0.8422599; null
7; Driver; None; None; 23.09.2023 14:34:31; 850; -0.0119627; 203; Before; 0.8422599; null
7; Driver; None; None; 23.09.2023 14:34:31; 850; -0.01198639; 203; Before; 0.8422599; null
7; Driver; None; None; 23.09.2023 14:34:31; 850; -0.01204278; 203; Before; 0.8422599; null
7; Driver; None; None; 23.09.2023 14:34:31; 850; -0.01210305; 203; Before; 0.8422599; null
7; Driver; None; None; 23.09.2023 14:34:31; 850; -0.01215955; 203; Before; 0.8422599; null
7; Driver; None; None; 23.09.2023 14:34:31; 850; -0.01220723; 203; Before; 0.8560376; null
7; Driver; None; None; 23.09.2023 14:34:31; 850; -0.0122268; 203; Before; 0.8560376; null
7; Driver; None; None; 23.09.2023 14:34:31; 850; -0.01225677; 203; Before; 1.022517; null
7; Driver; None; None; 23.09.2023 14:34:31; 850; -0.0122672; 203; Before; 1.050056; null
7; Driver; None; None; 23.09.2023 14:34:31; 850; -0.01228206; 203; Before; 1.063166; null
7; Driver; None; None; 23.09.2023 14:34:31; 850; -0.01228238; 203; Before; 1.088836; null
7; Driver; None; None; 23.09.2023 14:34:31; 850; -0.0122779; 203; Before; 1.102399; null
7; Driver; None; None; 23.09.2023 14:34:31; 850; -0.01226866; 203; Before; 1.114642; null
7; Driver; None; None; 23.09.2023 14:34:31; 850; -0.012257; 203; Before; 1.14226; null
7; Driver; None; None; 23.09.2023 14:34:31; 850; -0.01225088; 203; Before; 1.16901; null
7; Driver; None; None; 23.09.2023 14:34:31; 850; -0.01223908; 203; Before; 1.194622; null
7; Driver; None; None; 23.09.2023 14:34:31; 850; -0.01222876; 203; Before; 1.194622; null
7; Driver; None; None; 23.09.2023 14:34:31; 850; -0.01222066; 203; Before; 1.220007; null
7; Driver; None; None; 23.09.2023 14:34:31; 850; -0.01221501; 203; Before; 1.245222; null
7; Driver; None; None; 23.09.2023 14:34:31; 850; -0.01221309; 203; Before; 1.269613; null
7; Driver; None; None; 23.09.2023 14:34:31; 850; -0.01221089; 203; Before; 1.295248; null
7; Driver; None; None; 23.09.2023 14:34:31; 850; -0.01221058; 203; Before; 1.307386; null
7; Driver; None; None; 23.09.2023 14:34:31; 850; -0.01221163; 203; Before; 1.319554; null
7; Driver; None; None; 23.09.2023 14:34:31; 850; -0.01221355; 203; Before; 1.346054; null
7; Driver; None; None; 23.09.2023 14:34:31; 850; -0.01221471; 203; Before; 1.370175; null
7; Driver; None; None; 23.09.2023 14:34:31; 850; -0.01221715; 203; Before; 1.395911; null
7; Driver; None; None; 23.09.2023 14:34:31; 850; -0.01221948; 203; Before; 1.395911; null
7; Driver; None; None; 23.09.2023 14:34:31; 850; -0.0122215; 203; Before; 1.421108; null
7; Driver; None; None; 23.09.2023 14:34:31; 850; -0.01222306; 203; Before; 1.446867; null
7; Driver; None; None; 23.09.2023 14:34:31; 850; -0.01222365; 203; Before; 1.471791; null
7; Driver; None; None; 23.09.2023 14:34:31; 850; -0.01222474; 203; Before; 1.485376; null
7; Driver; None; None; 23.09.2023 14:34:31; 850; -0.01222487; 203; Before; 1.498096; null
7; Driver; None; None; 23.09.2023 14:34:31; 850; -0.01222487; 203; Before; 1.523508; null
7; Driver; None; None; 23.09.2023 14:34:31; 850; -0.01222478; 203; Before; 1.547868; null
7; Driver; None; None; 23.09.2023 14:34:32; 850; -0.01222444; 203; Before; 1.573554; null
7; Driver; None; None; 23.09.2023 14:34:32; 850; -0.01222374; 203; Before; 1.585354; null
7; Driver; None; None; 23.09.2023 14:34:32; 850; -0.01222349; 203; Before; 1.597911; null
7; Driver; None; None; 23.09.2023 14:34:32; 850; -0.01222303; 203; Before; 1.622356; null
7; Driver; None; None; 23.09.2023 14:34:32; 850; -0.01222264; 203; Before; 1.645707; null
7; Driver; None; None; 23.09.2023 14:34:32; 850; -0.01222248; 203; Before; 1.670218; null
7; Driver; None; None; 23.09.2023 14:34:32; 850; -0.01222222; 203; Before; 1.696113; null
7; Driver; None; None; 23.09.2023 14:34:32; 850; -0.01222206; 203; Before; 1.696113; null
7; Driver; None; None; 23.09.2023 14:34:32; 850; -0.01222201; 203; Before; 1.721345; null
7; Driver; None; None; 23.09.2023 14:34:32; 850; -0.01222202; 203; Before; 1.745482; null
7; Driver; None; None; 23.09.2023 14:34:32; 850; -0.01222205; 203; Before; 1.769996; null
7; Driver; None; None; 23.09.2023 14:34:32; 850; -0.01222213; 203; Before; 1.796158; null
7; Driver; None; None; 23.09.2023 14:34:32; 850; -0.01222222; 203; Before; 1.796158; null
7; Driver; None; None; 23.09.2023 14:34:32; 850; -0.01222232; 203; Before; 1.822615; null
7; Driver; None; None; 23.09.2023 14:34:32; 850; -0.01222237; 203; Before; 1.849153; null
7; Driver; None; None; 23.09.2023 14:34:32; 850; -0.01222245; 203; Before; 1.874109; null
7; Driver; None; None; 23.09.2023 14:34:32; 850; -0.01222254; 203; Before; 1.885511; null
7; Driver; None; None; 23.09.2023 14:34:32; 850; -0.01222256; 203; Before; 1.898817; null
7; Driver; None; None; 23.09.2023 14:34:32; 850; -0.0122226; 203; Before; 1.923981; null
7; Driver; None; None; 23.09.2023 14:34:32; 850; -0.01222261; 203; Before; 1.947752; null
7; Driver; None; None; 23.09.2023 14:34:32; 850; -0.01222262; 203; Before; 1.960127; null
7; Driver; None; None; 23.09.2023 14:34:32; 850; -0.01222262; 203; Before; 1.987713; null
7; Driver; None; None; 23.09.2023 14:34:32; 850; -0.0122226; 203; Before; 2.003607; null
7; Driver; None; None; 23.09.2023 14:34:32; 850; -0.01222258; 203; Before; 2.027457; null
7; Driver; None; None; 23.09.2023 14:34:32; 850; -0.01222256; 203; Before; 2.050322; null
7; Driver; None; None; 23.09.2023 14:34:32; 850; -0.01222252; 203; Before; 2.062562; null
7; Driver; None; None; 23.09.2023 14:34:32; 850; -0.0122225; 203; Before; 2.088278; null
7; Driver; None; None; 23.09.2023 14:34:32; 850; -0.0122225; 203; Before; 2.099996; null
7; Driver; None; None; 23.09.2023 14:34:32; 850; -0.0122225; 203; Before; 2.123876; null
7; Driver; None; None; 23.09.2023 14:34:32; 850; -0.0122225; 203; Before; 2.150663; null
7; Driver; None; None; 23.09.2023 14:34:32; 850; -0.0122225; 203; Before; 2.163591; null
7; Driver; None; None; 23.09.2023 14:34:32; 850; -0.0122225; 203; Before; 2.188954; null
7; Driver; None; None; 23.09.2023 14:34:32; 850; -0.0122225; 203; Before; 2.200799; null
7; Driver; None; None; 23.09.2023 14:34:32; 850; -0.0122225; 203; Before; 2.224446; null
7; Driver; None; None; 23.09.2023 14:34:32; 850; -0.0122225; 203; Before; 2.236959; null
7; Driver; None; None; 23.09.2023 14:34:32; 850; -0.0122225; 203; Before; 2.267551; null
7; Driver; None; None; 23.09.2023 14:34:32; 850; -0.0122225; 203; Before; 2.293365; null
7; Driver; None; None; 23.09.2023 14:34:32; 850; -0.0122225; 203; Before; 2.304901; null
7; Driver; None; None; 23.09.2023 14:34:32; 850; -0.0122225; 203; Before; 2.316573; null
7; Driver; None; None; 23.09.2023 14:34:32; 850; -0.0122225; 203; Before; 2.351491; null
7; Driver; None; None; 23.09.2023 14:34:32; 850; -0.0122225; 203; Before; 2.363448; null
7; Driver; None; None; 23.09.2023 14:34:32; 850; -0.0122225; 203; Before; 2.386805; null
7; Driver; None; None; 23.09.2023 14:34:32; 850; -0.0122225; 203; Before; 2.400955; null
7; Driver; None; None; 23.09.2023 14:34:32; 850; -0.0122225; 203; Before; 2.425503; Checking Box Human Car
7; Driver; None; None; 23.09.2023 14:34:32; 850; -0.0122225; 203; Before; 2.450277; Checking Box Human Car
7; Driver; None; None; 23.09.2023 14:34:32; 850; -0.0122225; 203; Before; 2.462711; Checking Box Human Car
7; Driver; None; None; 23.09.2023 14:34:32; 850; -0.0122225; 203; Before; 2.488148; Checking Box Human Car
7; Driver; None; None; 23.09.2023 14:34:32; 850; -0.0122225; 203; Before; 2.500926; Checking Box Human Car
7; Driver; None; None; 23.09.2023 14:34:32; 850; -0.0122225; 203; Before; 2.524506; Checking Box Human Car
7; Driver; None; None; 23.09.2023 14:34:32; 850; -0.0122225; 203; Before; 2.547568; Checking Box Human Car
7; Driver; None; None; 23.09.2023 14:34:33; 850; -0.0122225; 203; Before; 2.559523; Checking Box Human Car
7; Driver; None; None; 23.09.2023 14:34:33; 850; -0.0122225; 203; Before; 2.5927; Checking Box Human Car
7; Driver; None; None; 23.09.2023 14:34:33; 850; -0.0122225; 203; Before; 2.605146; Checking Box Human Car
7; Driver; None; None; 23.09.2023 14:34:33; 850; -0.0122225; 203; Before; 2.617958; Checking Box Human Car
7; Driver; None; None; 23.09.2023 14:34:33; 850; -0.0122225; 203; Before; 2.643925; Checking Box Human Car
7; Driver; None; None; 23.09.2023 14:34:33; 850; -0.0122225; 203; Before; 2.669094; Checking Box Human Car
7; Driver; None; None; 23.09.2023 14:34:33; 850; -0.0122225; 203; Before; 2.694656; Checking Box Human Car
7; Driver; None; None; 23.09.2023 14:34:33; 850; -0.0122225; 203; Before; 2.706786; Checking Box Human Car
7; Driver; None; None; 23.09.2023 14:34:33; 850; -0.0122225; 203; Before; 2.719397; Checking Box Human Car
7; Driver; None; None; 23.09.2023 14:34:33; 850; -0.0122225; 203; Before; 2.743849; Checking Box Human Car
7; Driver; None; None; 23.09.2023 14:34:33; 850; -0.0122225; 203; Before; 2.769456; Checking Box Human Car
7; Driver; None; None; 23.09.2023 14:34:33; 850; -0.0122225; 203; Before; 2.793598; Checking Box Human Car
7; Driver; None; None; 23.09.2023 14:34:33; 850; -0.0122225; 203; Before; 2.805663; Checking Box Human Car
7; Driver; None; None; 23.09.2023 14:34:33; 850; -0.0122225; 203; Before; 2.829843; Checking Box Human Car
7; Driver; None; None; 23.09.2023 14:34:33; 850; -0.0122225; 203; Before; 2.841719; Checking Box Human Car
7; Driver; None; None; 23.09.2023 14:34:33; 850; -0.0122225; 203; Before; 2.865924; Checking Box Human Car
7; Driver; None; None; 23.09.2023 14:34:33; 850; -0.0122225; 203; Before; 2.890948; Checking Box Human Car
7; Driver; None; None; 23.09.2023 14:34:33; 850; -0.0122225; 203; Before; 2.904102; Checking Box Human Car
7; Driver; None; None; 23.09.2023 14:34:33; 850; -0.01222251; 203; Before; 2.92779; Checking Box Human Car
7; Driver; None; None; 23.09.2023 14:34:33; 850; -0.01222251; 203; Before; 2.941105; Checking Box Human Car
7; Driver; None; None; 23.09.2023 14:34:33; 850; -0.01222251; 203; Before; 2.965877; Checking Box Human Car
7; Driver; None; None; 23.09.2023 14:34:33; 850; -0.01222251; 203; Before; 2.993827; Checking Box Human Car
7; Driver; None; None; 23.09.2023 14:34:33; 850; -0.01222252; 203; Before; 3.004841; Checking Box Human Car
7; Driver; None; None; 23.09.2023 14:34:33; 850; -0.01222252; 203; Before; 3.017581; Checking Box Human Car
7; Driver; None; None; 23.09.2023 14:34:33; 850; -0.01222253; 203; Before; 3.042275; Checking Box Human Car
7; Driver; None; None; 23.09.2023 14:34:33; 850; -0.01222253; 203; Before; 3.066166; Checking Box Human Car
7; Driver; None; None; 23.09.2023 14:34:33; 850; -0.01222253; 203; Before; 3.090949; Checking Box Human Car
7; Driver; None; None; 23.09.2023 14:34:33; 850; -0.01222253; 203; Before; 3.104546; Checking Box Human Car
7; Driver; None; None; 23.09.2023 14:34:33; 850; -0.01222253; 203; Before; 3.128607; Checking Box Human Car
7; Driver; None; None; 23.09.2023 14:34:33; 850; -0.01222253; 203; Before; 3.14142; Checking Box Human Car
7; Driver; None; None; 23.09.2023 14:34:33; 850; -0.01222253; 203; Before; 3.167792; Checking Box Human Car
7; Driver; None; None; 23.09.2023 14:34:33; 850; -0.01222252; 203; Before; 3.193675; Checking Box Human Car
7; Driver; None; None; 23.09.2023 14:34:33; 850; -0.01222252; 203; Before; 3.206017; Checking Box Human Car
7; Driver; None; None; 23.09.2023 14:34:33; 850; -0.01222251; 203; Before; 3.218743; Checking Box Human Car
7; Driver; None; None; 23.09.2023 14:34:33; 850; -0.01222251; 203; Before; 3.246171; Checking Box Human Car
7; Driver; None; None; 23.09.2023 14:34:33; 850; -0.01222251; 203; Before; 3.271755; null
7; Driver; None; None; 23.09.2023 14:34:33; 850; -0.0122225; 203; Before; 3.284531; null
7; Driver; None; None; 23.09.2023 14:34:33; 850; -0.0122225; 203; Before; 3.297954; null
7; Driver; None; None; 23.09.2023 14:34:33; 850; -0.0122225; 203; Before; 3.323969; null
7; Driver; None; None; 23.09.2023 14:34:33; 850; -0.0122225; 203; Before; 3.336958; null
7; Driver; None; None; 23.09.2023 14:34:33; 850; -0.0122225; 203; Before; 3.36957; null
7; Driver; None; None; 23.09.2023 14:34:33; 850; -0.0122225; 203; Before; 3.397049; null
7; Driver; None; None; 23.09.2023 14:34:33; 850; -0.0122225; 203; Before; 3.397049; null
7; Driver; None; None; 23.09.2023 14:34:33; 850; -0.0122225; 203; Before; 3.42132; null
7; Driver; None; None; 23.09.2023 14:34:33; 850; -0.0122225; 203; Before; 3.44643; null
7; Driver; None; None; 23.09.2023 14:34:33; 850; -0.0122225; 203; Before; 3.471577; null
7; Driver; None; None; 23.09.2023 14:34:33; 850; -0.0122225; 203; Before; 3.484617; null
7; Driver; None; None; 23.09.2023 14:34:33; 850; -0.0122225; 203; Before; 3.498116; null
7; Driver; None; None; 23.09.2023 14:34:33; 850; -0.01222251; 203; Before; 3.522666; null
7; Driver; None; None; 23.09.2023 14:34:33; 850; -0.01222251; 203; Before; 3.547047; null
7; Driver; None; None; 23.09.2023 14:34:34; 850; -0.01222251; 203; Before; 3.570933; null
7; Driver; None; None; 23.09.2023 14:34:34; 850; -0.01222251; 203; Before; 3.584909; null
7; Driver; None; None; 23.09.2023 14:34:34; 850; -0.01222251; 203; Before; 3.598063; null
7; Driver; None; None; 23.09.2023 14:34:34; 850; -0.01222252; 203; Before; 3.623273; null
7; Driver; None; None; 23.09.2023 14:34:34; 850; -0.01222252; 203; Before; 3.646202; null
7; Driver; None; None; 23.09.2023 14:34:34; 850; -0.01222252; 203; Before; 3.669934; null
7; Driver; None; None; 23.09.2023 14:34:34; 850; -0.01222253; 203; Before; 3.696507; null
7; Driver; None; None; 23.09.2023 14:34:34; 850; -0.01222253; 203; Before; 3.696507; null
7; Driver; None; None; 23.09.2023 14:34:34; 850; -0.01222253; 203; Before; 3.721573; null
7; Driver; None; None; 23.09.2023 14:34:34; 850; -0.01222253; 203; Before; 3.745706; null
7; Driver; None; None; 23.09.2023 14:34:34; 850; -0.01222253; 203; Before; 3.769477; null
7; Driver; None; None; 23.09.2023 14:34:34; 850; -0.01222253; 203; Before; 3.794446; null
7; Driver; None; None; 23.09.2023 14:34:34; 850; -0.01222252; 203; Before; 3.806361; null
7; Driver; None; None; 23.09.2023 14:34:34; 850; -0.01222252; 203; Before; 3.818723; null
7; Driver; None; None; 23.09.2023 14:34:34; 850; -0.01222251; 203; Before; 3.842898; null
7; Driver; None; None; 23.09.2023 14:34:34; 850; -0.01222251; 203; Before; 3.868038; null
7; Driver; None; None; 23.09.2023 14:34:34; 850; -0.01222251; 203; Before; 3.893108; null
7; Driver; None; None; 23.09.2023 14:34:34; 850; -0.01222251; 203; Before; 3.903878; null
7; Driver; None; None; 23.09.2023 14:34:34; 850; -0.0122225; 203; Before; 3.929436; null
7; Driver; None; None; 23.09.2023 14:34:34; 850; -0.0122225; 203; Before; 3.941936; null
7; Driver; None; None; 23.09.2023 14:34:34; 850; -0.0122225; 203; Before; 3.966539; null
7; Driver; None; None; 23.09.2023 14:34:34; 850; -0.0122225; 203; Before; 3.99343; null
7; Driver; None; None; 23.09.2023 14:34:34; 850; -0.0122225; 203; Before; 4.005081; null
7; Driver; None; None; 23.09.2023 14:34:34; 850; -0.0122225; 203; Before; 4.019547; null
7; Driver; None; None; 23.09.2023 14:34:34; 850; -0.01222251; 203; Before; 4.043773; null
7; Driver; None; None; 23.09.2023 14:34:34; 850; -0.01222251; 203; Before; 4.067911; null
7; Driver; None; None; 23.09.2023 14:34:34; 850; -0.01222251; 203; Before; 4.093883; null
7; Driver; None; None; 23.09.2023 14:34:34; 850; -0.01222251; 203; Before; 4.106089; null
7; Driver; None; None; 23.09.2023 14:34:34; 850; -0.01222251; 203; Before; 4.129334; null
7; Driver; None; None; 23.09.2023 14:34:34; 850; -0.01222252; 203; Before; 4.141575; null
7; Driver; None; None; 23.09.2023 14:34:34; 850; -0.01222252; 203; Before; 4.164763; null
7; Driver; None; None; 23.09.2023 14:34:34; 850; -0.01222252; 203; Before; 4.189443; null
7; Driver; None; None; 23.09.2023 14:34:34; 850; -0.01222252; 203; Before; 4.202116; null
7; Driver; None; None; 23.09.2023 14:34:34; 850; -0.01222253; 203; Before; 4.226099; null
7; Driver; None; None; 23.09.2023 14:34:34; 850; -0.01222253; 203; Before; 4.238879; null
7; Driver; None; None; 23.09.2023 14:34:34; 850; -0.01222253; 203; Before; 4.264775; null
7; Driver; None; None; 23.09.2023 14:34:34; 850; -0.01222252; 203; Before; 4.289052; null
7; Driver; None; None; 23.09.2023 14:34:34; 850; -0.01222252; 203; Before; 4.301898; null
7; Driver; None; None; 23.09.2023 14:34:34; 850; -0.01222252; 203; Before; 4.325932; null
7; Driver; None; None; 23.09.2023 14:34:34; 850; -0.01222252; 203; Before; 4.349381; null
7; Driver; None; None; 23.09.2023 14:34:34; 850; -0.01222251; 203; Before; 4.361071; null
7; Driver; None; None; 23.09.2023 14:34:34; 850; -0.01222251; 203; Before; 4.386847; null
7; Driver; None; None; 23.09.2023 14:34:34; 850; -0.01222251; 203; Before; 4.399457; null
7; Driver; None; None; 23.09.2023 14:34:34; 850; -0.0122225; 203; Before; 4.424407; null
7; Driver; None; None; 23.09.2023 14:34:34; 850; -0.0122225; 203; Before; 4.447767; null
7; Driver; None; None; 23.09.2023 14:34:34; 850; -0.0122225; 203; Before; 4.473449; null
7; Driver; None; None; 23.09.2023 14:34:34; 850; -0.0122225; 203; Before; 4.497398; null
7; Driver; None; None; 23.09.2023 14:34:34; 850; -0.0122225; 203; Before; 4.497398; null
7; Driver; None; None; 23.09.2023 14:34:34; 850; -0.01222251; 203; Before; 4.52071; null
7; Driver; None; None; 23.09.2023 14:34:34; 850; -0.01222251; 203; Before; 4.544637; null
7; Driver; None; None; 23.09.2023 14:34:35; 850; -0.01222251; 203; Before; 4.568214; null
7; Driver; None; None; 23.09.2023 14:34:35; 850; -0.01222251; 203; Before; 4.594043; null
7; Driver; None; None; 23.09.2023 14:34:35; 850; -0.01222251; 203; Before; 4.606392; null
7; Driver; None; None; 23.09.2023 14:34:35; 850; -0.01222251; 203; Before; 4.619; null
7; Driver; None; None; 23.09.2023 14:34:35; 850; -0.01222251; 203; Before; 4.644436; null
7; Driver; None; None; 23.09.2023 14:34:35; 850; -0.01222252; 203; Before; 4.667742; null
7; Driver; None; None; 23.09.2023 14:34:35; 850; -0.01222252; 203; Before; 4.693649; null
7; Driver; None; None; 23.09.2023 14:34:35; 850; -0.01222252; 203; Before; 4.693649; null
7; Driver; None; None; 23.09.2023 14:34:35; 850; -0.01222253; 203; Before; 4.705418; null
7; Driver; None; None; 23.09.2023 14:34:35; 850; -0.01222253; 203; Before; 4.744195; null
7; Driver; None; None; 23.09.2023 14:34:35; 850; -0.01222253; 203; Before; 4.770819; null
7; Driver; None; None; 23.09.2023 14:34:35; 850; -0.01222253; 203; Before; 4.783801; null
7; Driver; None; None; 23.09.2023 14:34:35; 850; -0.01222252; 203; Before; 4.798341; null
7; Driver; None; None; 23.09.2023 14:34:35; 850; -0.01222252; 203; Before; 4.823941; null
7; Driver; None; None; 23.09.2023 14:34:35; 850; -0.01222252; 203; Before; 4.848978; null
7; Driver; None; None; 23.09.2023 14:34:35; 850; -0.01222251; 203; Before; 4.862216; null
7; Driver; None; None; 23.09.2023 14:34:35; 850; -0.01222251; 203; Before; 4.887783; null
7; Driver; None; None; 23.09.2023 14:34:35; 850; -0.01222251; 203; Before; 4.904064; null
7; Driver; None; None; 23.09.2023 14:34:35; 850; -0.01222251; 203; Before; 4.917987; null
7; Driver; None; None; 23.09.2023 14:34:35; 850; -0.0122225; 203; Before; 4.944979; null
7; Driver; None; None; 23.09.2023 14:34:35; 850; -0.0122225; 203; Before; 4.959328; null
7; Driver; None; None; 23.09.2023 14:34:35; 850; -0.0122225; 203; Before; 4.987754; null
7; Driver; None; None; 23.09.2023 14:34:35; 850; -0.0122225; 203; Before; 5.002915; null
7; Driver; None; None; 23.09.2023 14:34:35; 850; -0.0122225; 203; Before; 5.017223; null
7; Driver; None; None; 23.09.2023 14:34:35; 850; -0.01222251; 203; Before; 5.046828; null
7; Driver; None; None; 23.09.2023 14:34:35; 850; -0.01222251; 203; Before; 5.071595; null
7; Driver; None; None; 23.09.2023 14:34:35; 850; -0.01222251; 203; Before; 5.085393; null
7; Driver; None; None; 23.09.2023 14:34:35; 850; -0.01222251; 203; Before; 5.099599; null
7; Driver; None; None; 23.09.2023 14:34:35; 850; -0.01222251; 203; Before; 5.125762; null
7; Driver; None; None; 23.09.2023 14:34:35; 850; -0.01222251; 203; Before; 5.138696; null
7; Driver; None; None; 23.09.2023 14:34:35; 850; -0.01222251; 203; Before; 5.165076; null
7; Driver; None; None; 23.09.2023 14:34:35; 850; -0.01222251; 203; Before; 5.192236; null
7; Driver; None; None; 23.09.2023 14:34:35; 850; -0.01222251; 203; Before; 5.205556; null
7; Driver; None; None; 23.09.2023 14:34:35; 850; -0.01222251; 203; Before; 5.218689; null
7; Driver; None; None; 23.09.2023 14:34:35; 850; -0.01222252; 203; Before; 5.244362; null
7; Driver; None; None; 23.09.2023 14:34:35; 850; -0.01222252; 203; Before; 5.259364; null
7; Driver; None; None; 23.09.2023 14:34:35; 850; -0.01222252; 203; Before; 5.286765; null
7; Driver; None; None; 23.09.2023 14:34:35; 850; -0.01222253; 203; Before; 5.300704; null
7; Driver; None; None; 23.09.2023 14:34:35; 850; -0.01222253; 203; Before; 5.326385; null
7; Driver; None; None; 23.09.2023 14:34:35; 850; -0.01222253; 203; Before; 5.33972; null
7; Driver; None; None; 23.09.2023 14:34:35; 850; -0.01222253; 203; Before; 5.365584; null
7; Driver; None; None; 23.09.2023 14:34:35; 850; -0.01222253; 203; Before; 5.391391; null
7; Driver; None; None; 23.09.2023 14:34:35; 850; -0.01222252; 203; Before; 5.391391; null
7; Driver; None; None; 23.09.2023 14:34:35; 850; -0.01222252; 203; Before; 5.420056; null
7; Driver; None; None; 23.09.2023 14:34:35; 850; -0.01222252; 203; Before; 5.446988; null
7; Driver; None; None; 23.09.2023 14:34:35; 850; -0.01222251; 203; Before; 5.460371; null
7; Driver; None; None; 23.09.2023 14:34:35; 850; -0.01222251; 203; Before; 5.486678; null
7; Driver; None; None; 23.09.2023 14:34:35; 850; -0.01222251; 203; Before; 5.501165; null
7; Driver; None; None; 23.09.2023 14:34:35; 850; -0.0122225; 203; Before; 5.52757; null
7; Driver; None; None; 23.09.2023 14:34:35; 850; -0.0122225; 203; Before; 5.541811; null
7; Driver; None; None; 23.09.2023 14:34:36; 850; -0.0122225; 203; Before; 5.569496; null
7; Driver; None; None; 23.09.2023 14:34:36; 850; -0.0122225; 203; Before; 5.583516; null
7; Driver; None; None; 23.09.2023 14:34:36; 850; -0.0122225; 203; Before; 5.596647; null
7; Driver; None; None; 23.09.2023 14:34:36; 850; -0.0122225; 203; Before; 5.623906; null
7; Driver; None; None; 23.09.2023 14:34:36; 850; -0.0122225; 203; Before; 5.65053; null
7; Driver; None; None; 23.09.2023 14:34:36; 850; -0.0122225; 203; Before; 5.663744; null
7; Driver; None; None; 23.09.2023 14:34:36; 850; -0.01222251; 203; Before; 5.691765; null
7; Driver; None; None; 23.09.2023 14:34:36; 850; -0.0122225; 203; Before; 5.704192; null
7; Driver; None; None; 23.09.2023 14:34:36; 850; -0.0122225; 203; Before; 5.717983; null
7; Driver; None; None; 23.09.2023 14:34:36; 850; -0.01222251; 203; Before; 5.743799; null
7; Driver; None; None; 23.09.2023 14:34:36; 850; -0.01222251; 203; Before; 5.769853; null
7; Driver; None; None; 23.09.2023 14:34:36; 850; -0.01222251; 203; Before; 5.782711; null
7; Driver; None; None; 23.09.2023 14:34:36; 850; -0.01222251; 203; Before; 5.79615; null
7; Driver; None; None; 23.09.2023 14:34:36; 850; -0.01222251; 203; Before; 5.82358; null
7; Driver; None; None; 23.09.2023 14:34:36; 850; -0.01222252; 203; Before; 5.848342; null
7; Driver; None; None; 23.09.2023 14:34:36; 850; -0.01222252; 203; Before; 5.861552; null
7; Driver; None; None; 23.09.2023 14:34:36; 850; -0.01222252; 203; Before; 5.887821; null
7; Driver; None; None; 23.09.2023 14:34:36; 850; -0.01222253; 203; Before; 5.902044; null
7; Driver; None; None; 23.09.2023 14:34:36; 850; -0.01222253; 203; Before; 5.928185; null
7; Driver; None; None; 23.09.2023 14:34:36; 850; -0.01222253; 203; Before; 5.941384; null
7; Driver; None; None; 23.09.2023 14:34:36; 850; -0.01222253; 203; Before; 5.966939; null
7; Driver; None; None; 23.09.2023 14:34:36; 850; -0.01222253; 203; Before; 5.995121; null
7; Driver; None; None; 23.09.2023 14:34:36; 850; -0.01222252; 203; Before; 5.995121; null
7; Driver; None; None; 23.09.2023 14:34:36; 850; -0.01222252; 203; Before; 6.022023; null
7; Driver; None; None; 23.09.2023 14:34:36; 850; -0.01222252; 203; Before; 6.049174; null
7; Driver; None; None; 23.09.2023 14:34:36; 850; -0.01222251; 203; Before; 6.062189; null
7; Driver; None; None; 23.09.2023 14:34:36; 850; -0.01222251; 203; Before; 6.087962; null
7; Driver; None; None; 23.09.2023 14:34:36; 850; -0.01222251; 203; Before; 6.101244; null
7; Driver; None; None; 23.09.2023 14:34:36; 850; -0.01222251; 203; Before; 6.127145; null
7; Driver; None; None; 23.09.2023 14:34:36; 850; -0.0122225; 203; Before; 6.140119; null
7; Driver; None; None; 23.09.2023 14:34:36; 850; -0.0122225; 203; Before; 6.165625; null
7; Driver; None; None; 23.09.2023 14:34:36; 850; -0.0122225; 203; Before; 6.191432; null
7; Driver; None; None; 23.09.2023 14:34:36; 850; -0.0122225; 203; Before; 6.203965; null
7; Driver; None; None; 23.09.2023 14:34:36; 850; -0.01222251; 203; Before; 6.217707; null
7; Driver; None; None; 23.09.2023 14:34:36; 850; -0.01222251; 203; Before; 6.243693; null
7; Driver; None; None; 23.09.2023 14:34:36; 850; -0.01222251; 203; Before; 6.270611; null
7; Driver; None; None; 23.09.2023 14:34:36; 850; -0.01222251; 203; Before; 6.284181; null
7; Driver; None; None; 23.09.2023 14:34:36; 850; -0.01222252; 203; Before; 6.297805; null
7; Driver; None; None; 23.09.2023 14:34:36; 850; -0.01222252; 203; Before; 6.323831; null
7; Driver; None; None; 23.09.2023 14:34:36; 850; -0.01222252; 203; Before; 6.349683; null
7; Driver; None; None; 23.09.2023 14:34:36; 850; -0.01222253; 203; Before; 6.363044; null
7; Driver; None; None; 23.09.2023 14:34:36; 850; -0.01222253; 203; Before; 6.389825; null
7; Driver; None; None; 23.09.2023 14:34:36; 850; -0.01222253; 203; Before; 6.402783; null
7; Driver; None; None; 23.09.2023 14:34:36; 850; -0.01222252; 203; Before; 6.427896; null
7; Driver; None; None; 23.09.2023 14:34:36; 850; -0.01222252; 203; Before; 6.441132; null
7; Driver; None; None; 23.09.2023 14:34:36; 850; -0.01222252; 203; Before; 6.467605; null
7; Driver; None; None; 23.09.2023 14:34:36; 850; -0.01222252; 203; Before; 6.494674; null
7; Driver; None; None; 23.09.2023 14:34:36; 850; -0.01222251; 203; Before; 6.494674; null
7; Driver; None; None; 23.09.2023 14:34:36; 850; -0.01222251; 203; Before; 6.520743; null
7; Driver; None; None; 23.09.2023 14:34:36; 850; -0.01222251; 203; Before; 6.547027; null
7; Driver; None; None; 23.09.2023 14:34:37; 850; -0.01222251; 203; Before; 6.560624; null
7; Driver; None; None; 23.09.2023 14:34:37; 850; -0.01222251; 203; Before; 6.587707; null
7; Driver; None; None; 23.09.2023 14:34:37; 850; -0.01222251; 203; Before; 6.601451; null
7; Driver; None; None; 23.09.2023 14:34:37; 850; -0.01222251; 203; Before; 6.616841; null
7; Driver; None; None; 23.09.2023 14:34:37; 850; -0.01222251; 203; Before; 6.642498; null
7; Driver; None; None; 23.09.2023 14:34:37; 850; -0.01222251; 203; Before; 6.668039; null
7; Driver; None; None; 23.09.2023 14:34:37; 850; -0.01222251; 203; Before; 6.695867; null
7; Driver; None; None; 23.09.2023 14:34:37; 850; -0.01222251; 203; Before; 6.695867; null
7; Driver; None; None; 23.09.2023 14:34:37; 850; -0.01222251; 203; Before; 6.721872; null
7; Driver; None; None; 23.09.2023 14:34:37; 850; -0.01222251; 203; Before; 6.748505; null
7; Driver; None; None; 23.09.2023 14:34:37; 850; -0.01222251; 203; Before; 6.76312; null
7; Driver; None; None; 23.09.2023 14:34:37; 850; -0.01222252; 203; Before; 6.789551; null
7; Driver; None; None; 23.09.2023 14:34:37; 850; -0.01222252; 203; Before; 6.802282; null
7; Driver; None; None; 23.09.2023 14:34:37; 850; -0.01222252; 203; Before; 6.817325; null
7; Driver; None; None; 23.09.2023 14:34:37; 850; -0.01222252; 203; Before; 6.84379; null
7; Driver; None; None; 23.09.2023 14:34:37; 850; -0.01222253; 203; Before; 6.860552; null
7; Driver; None; None; 23.09.2023 14:34:37; 850; -0.01222253; 203; Before; 6.889155; null
7; Driver; None; None; 23.09.2023 14:34:37; 850; -0.01222253; 203; Before; 6.904054; null
7; Driver; None; None; 23.09.2023 14:34:37; 850; -0.01222252; 203; Before; 6.918118; null
7; Driver; None; None; 23.09.2023 14:34:37; 850; -0.01222252; 203; Before; 6.943332; null
7; Driver; None; None; 23.09.2023 14:34:37; 850; -0.01222252; 203; Before; 6.970937; null
7; Driver; None; None; 23.09.2023 14:34:37; 850; -0.01222251; 203; Before; 6.985659; null
7; Driver; None; None; 23.09.2023 14:34:37; 850; -0.01222251; 203; Before; 6.999738; null
7; Driver; None; None; 23.09.2023 14:34:37; 850; -0.01222251; 203; Before; 7.027544; null
7; Driver; None; None; 23.09.2023 14:34:37; 850; -0.01222251; 203; Before; 7.04131; null
7; Driver; None; None; 23.09.2023 14:34:37; 850; -0.0122225; 203; Before; 7.067666; null
7; Driver; None; None; 23.09.2023 14:34:37; 850; -0.0122225; 203; Before; 7.096065; null
7; Driver; None; None; 23.09.2023 14:34:37; 850; -0.0122225; 203; Before; 7.096065; null
7; Driver; None; None; 23.09.2023 14:34:37; 850; -0.0122225; 203; Before; 7.122038; null
7; Driver; None; None; 23.09.2023 14:34:37; 850; -0.0122225; 203; Before; 7.139176; null
7; Driver; None; None; 23.09.2023 14:34:37; 850; -0.01222251; 203; Before; 7.168804; null
7; Driver; None; None; 23.09.2023 14:34:37; 850; -0.01222251; 203; Before; 7.182426; null
7; Driver; None; None; 23.09.2023 14:34:37; 850; -0.01222251; 203; Before; 7.196454; null
7; Driver; None; None; 23.09.2023 14:34:37; 850; -0.01222251; 203; Before; 7.224668; null
7; Driver; None; None; 23.09.2023 14:34:37; 850; -0.01222251; 203; Before; 7.239925; null
7; Driver; None; None; 23.09.2023 14:34:37; 850; -0.01222252; 203; Before; 7.268654; null
7; Driver; None; None; 23.09.2023 14:34:37; 850; -0.01222252; 203; Before; 7.283891; null
7; Driver; None; None; 23.09.2023 14:34:37; 850; -0.01222252; 203; Before; 7.300248; null
7; Driver; None; None; 23.09.2023 14:34:37; 850; -0.01222253; 203; Before; 7.316266; null
7; Driver; None; None; 23.09.2023 14:34:37; 850; -0.01222253; 203; Before; 7.342569; null
7; Driver; None; None; 23.09.2023 14:34:37; 850; -0.01222253; 203; Before; 7.369322; null
7; Driver; None; None; 23.09.2023 14:34:37; 850; -0.01222252; 203; Before; 7.383297; null
7; Driver; None; None; 23.09.2023 14:34:37; 850; -0.01222252; 203; Before; 7.397921; null
7; Driver; None; None; 23.09.2023 14:34:37; 850; -0.01222252; 203; Before; 7.424713; null
7; Driver; None; None; 23.09.2023 14:34:37; 850; -0.01222252; 203; Before; 7.438828; null
7; Driver; None; None; 23.09.2023 14:34:37; 850; -0.01222251; 203; Before; 7.471325; null
7; Driver; None; None; 23.09.2023 14:34:37; 850; -0.01222251; 203; Before; 7.485278; null
7; Driver; None; None; 23.09.2023 14:34:37; 850; -0.01222251; 203; Before; 7.499271; null
7; Driver; None; None; 23.09.2023 14:34:37; 850; -0.01222251; 203; Before; 7.52556; null
7; Driver; None; None; 23.09.2023 14:34:37; 850; -0.0122225; 203; Before; 7.538744; null
7; Driver; None; None; 23.09.2023 14:34:38; 850; -0.0122225; 203; Before; 7.564809; null
7; Driver; None; None; 23.09.2023 14:34:38; 850; -0.0122225; 203; Before; 7.59472; null
7; Driver; None; None; 23.09.2023 14:34:38; 850; -0.0122225; 203; Before; 7.59472; null
7; Driver; None; None; 23.09.2023 14:34:38; 850; -0.0122225; 203; Before; 7.620706; null
7; Driver; None; None; 23.09.2023 14:34:38; 850; -0.01222251; 203; Before; 7.646544; null
7; Driver; None; None; 23.09.2023 14:34:38; 850; -0.01222251; 203; Before; 7.671571; null
7; Driver; None; None; 23.09.2023 14:34:38; 850; -0.01222251; 203; Before; 7.685741; null
7; Driver; None; None; 23.09.2023 14:34:38; 850; -0.01222251; 203; Before; 7.699668; null
7; Driver; None; None; 23.09.2023 14:34:38; 850; -0.01222252; 203; Before; 7.72615; null
7; Driver; None; None; 23.09.2023 14:34:38; 850; -0.01222252; 203; Before; 7.740965; null
7; Driver; None; None; 23.09.2023 14:34:38; 850; -0.01222252; 203; Before; 7.767499; null
7; Driver; None; None; 23.09.2023 14:34:38; 850; -0.01222252; 203; Before; 7.793964; null
7; Driver; None; None; 23.09.2023 14:34:38; 850; -0.01222252; 203; Before; 7.793964; null
7; Driver; None; None; 23.09.2023 14:34:38; 850; -0.01222252; 203; Before; 7.820207; null
7; Driver; None; None; 23.09.2023 14:34:38; 850; -0.01222252; 203; Before; 7.846587; null
7; Driver; None; None; 23.09.2023 14:34:38; 850; -0.01222252; 203; Before; 7.872824; null
7; Driver; None; None; 23.09.2023 14:34:38; 850; -0.01222252; 203; Before; 7.886383; null
7; Driver; None; None; 23.09.2023 14:34:38; 850; -0.01222252; 203; Before; 7.901322; null
7; Driver; None; None; 23.09.2023 14:34:38; 850; -0.01222252; 203; Before; 7.916971; null
7; Driver; None; None; 23.09.2023 14:34:38; 850; -0.01222251; 203; Before; 7.943264; null
7; Driver; None; None; 23.09.2023 14:34:38; 850; -0.01222251; 203; Before; 7.969483; null
7; Driver; None; None; 23.09.2023 14:34:38; 850; -0.01222251; 203; Before; 7.984106; null
7; Driver; None; None; 23.09.2023 14:34:38; 850; -0.01222251; 203; Before; 7.997634; null
7; Driver; None; None; 23.09.2023 14:34:38; 850; -0.01222251; 203; Before; 7.997634; null
7; Driver; None; None; 23.09.2023 14:34:38; 850; -0.01222251; 203; Before; 7.997634; null
7; Driver; None; None; 23.09.2023 14:34:38; 850; -0.01222251; 203; Before; 8.009737; null
7; Driver; None; None; 23.09.2023 14:34:38; 850; -0.01222251; 203; Before; 8.073773; null
7; Driver; None; None; 23.09.2023 14:34:38; 850; -0.01222251; 203; Before; 8.094435; null
7; Driver; None; None; 23.09.2023 14:34:38; 850; -0.01222251; 203; Before; 8.126451; null
7; Driver; None; None; 23.09.2023 14:34:38; 850; -0.01222252; 203; Before; 8.140018; null
7; Driver; None; None; 23.09.2023 14:34:38; 850; -0.01222252; 203; Before; 8.165591; null
7; Driver; None; None; 23.09.2023 14:34:38; 850; -0.01222252; 203; Before; 8.19287; null
7; Driver; None; None; 23.09.2023 14:34:38; 850; -0.01222252; 203; Before; 8.19287; null
7; Driver; None; None; 23.09.2023 14:34:38; 850; -0.01222252; 203; Before; 8.221637; null
7; Driver; None; None; 23.09.2023 14:34:38; 850; -0.01222252; 203; Before; 8.235476; null
7; Driver; None; None; 23.09.2023 14:34:38; 850; -0.01222252; 203; Before; 8.266644; null
7; Driver; None; None; 23.09.2023 14:34:38; 850; -0.01222252; 203; Before; 8.292991; null
7; Driver; None; None; 23.09.2023 14:34:38; 850; -0.01222252; 203; Before; 8.305964; null
7; Driver; None; None; 23.09.2023 14:34:38; 850; -0.01222252; 203; Before; 8.319267; null
7; Driver; None; None; 23.09.2023 14:34:38; 850; -0.01222252; 203; Before; 8.346679; null
7; Driver; None; None; 23.09.2023 14:34:38; 850; -0.01222251; 203; Before; 8.359952; null
7; Driver; None; None; 23.09.2023 14:34:38; 850; -0.01222251; 203; Before; 8.387832; null
7; Driver; None; None; 23.09.2023 14:34:38; 850; -0.01222251; 203; Before; 8.401169; null
7; Driver; None; None; 23.09.2023 14:34:38; 850; -0.01222251; 203; Before; 8.426621; null
7; Driver; None; None; 23.09.2023 14:34:38; 850; -0.01222251; 203; Before; 8.440665; null
7; Driver; None; None; 23.09.2023 14:34:38; 850; -0.01222251; 203; Before; 8.466379; null
7; Driver; None; None; 23.09.2023 14:34:38; 850; -0.01222251; 203; Before; 8.492579; null
7; Driver; None; None; 23.09.2023 14:34:38; 850; -0.01222251; 203; Before; 8.492579; null
7; Driver; None; None; 23.09.2023 14:34:38; 850; -0.01222252; 203; Before; 8.521097; null
7; Driver; None; None; 23.09.2023 14:34:38; 850; -0.01222252; 203; Before; 8.547468; null
7; Driver; None; None; 23.09.2023 14:34:39; 850; -0.01222252; 203; Before; 8.561277; null
7; Driver; None; None; 23.09.2023 14:34:39; 850; -0.01222252; 203; Before; 8.586779; null
7; Driver; None; None; 23.09.2023 14:34:39; 850; -0.01222252; 203; Before; 8.600662; null
7; Driver; None; None; 23.09.2023 14:34:39; 850; -0.01222252; 203; Before; 8.626879; null
7; Driver; None; None; 23.09.2023 14:34:39; 850; -0.01222252; 203; Before; 8.640302; null
7; Driver; None; None; 23.09.2023 14:34:39; 850; -0.01222252; 203; Before; 8.666987; null
7; Driver; None; None; 23.09.2023 14:34:39; 850; -0.01222252; 203; Before; 8.693828; null
7; Driver; None; None; 23.09.2023 14:34:39; 850; -0.01222252; 203; Before; 8.693828; null
7; Driver; None; None; 23.09.2023 14:34:39; 850; -0.01222251; 203; Before; 8.720767; null
7; Driver; None; None; 23.09.2023 14:34:39; 850; -0.01222251; 203; Before; 8.746673; null
7; Driver; None; None; 23.09.2023 14:34:39; 850; -0.01222251; 203; Before; 8.760629; null
7; Driver; None; None; 23.09.2023 14:34:39; 850; -0.01222251; 203; Before; 8.786912; null
7; Driver; None; None; 23.09.2023 14:34:39; 850; -0.01222251; 203; Before; 8.800996; null
7; Driver; None; None; 23.09.2023 14:34:39; 850; -0.01222251; 203; Before; 8.82751; null
7; Driver; None; None; 23.09.2023 14:34:39; 850; -0.01222251; 203; Before; 8.84065; null
7; Driver; None; None; 23.09.2023 14:34:39; 850; -0.01222252; 203; Before; 8.869053; null
7; Driver; None; None; 23.09.2023 14:34:39; 850; -0.01222252; 203; Before; 8.896282; null
7; Driver; None; None; 23.09.2023 14:34:39; 850; -0.01222252; 203; Before; 8.896282; null
7; Driver; None; None; 23.09.2023 14:34:39; 850; -0.01222253; 203; Before; 8.921982; null
7; Driver; None; None; 23.09.2023 14:34:39; 850; -0.01222253; 203; Before; 8.949597; null
7; Driver; None; None; 23.09.2023 14:34:39; 850; -0.01222253; 203; Before; 8.963858; null
7; Driver; None; None; 23.09.2023 14:34:39; 850; -0.01222253; 203; Before; 8.991369; null
7; Driver; None; None; 23.09.2023 14:34:39; 850; -0.01222252; 203; Before; 8.991369; null
7; Driver; None; None; 23.09.2023 14:34:39; 850; -0.01222251; 203; Before; 9.020825; null
7; Driver; None; None; 23.09.2023 14:34:39; 850; -0.01222251; 203; Before; 9.047253; null
7; Driver; None; None; 23.09.2023 14:34:39; 850; -0.01222251; 203; Before; 9.060682; null
7; Driver; None; None; 23.09.2023 14:34:39; 850; -0.0122225; 203; Before; 9.087605; null
7; Driver; None; None; 23.09.2023 14:34:39; 850; -0.0122225; 203; Before; 9.101644; null
7; Driver; None; None; 23.09.2023 14:34:39; 850; -0.0122225; 203; Before; 9.115857; null
7; Driver; None; None; 23.09.2023 14:34:39; 850; -0.0122225; 203; Before; 9.143461; null
7; Driver; None; None; 23.09.2023 14:34:39; 850; -0.0122225; 203; Before; 9.169058; null
7; Driver; None; None; 23.09.2023 14:34:39; 850; -0.01222251; 203; Before; 9.182818; null
7; Driver; None; None; 23.09.2023 14:34:39; 850; -0.01222251; 203; Before; 9.197687; null
7; Driver; None; None; 23.09.2023 14:34:39; 850; -0.01222251; 203; Before; 9.224391; null
7; Driver; None; None; 23.09.2023 14:34:39; 850; -0.01222252; 203; Before; 9.23744; null
7; Driver; None; None; 23.09.2023 14:34:39; 850; -0.01222252; 203; Before; 9.265057; null
7; Driver; None; None; 23.09.2023 14:34:39; 850; -0.01222252; 203; Before; 9.29154; null
7; Driver; None; None; 23.09.2023 14:34:39; 850; -0.01222253; 203; Before; 9.304761; null
7; Driver; None; None; 23.09.2023 14:34:39; 850; -0.01222253; 203; Before; 9.318754; null
7; Driver; None; None; 23.09.2023 14:34:39; 850; -0.01222252; 203; Before; 9.343922; null
7; Driver; None; None; 23.09.2023 14:34:39; 850; -0.01222252; 203; Before; 9.370018; null
7; Driver; None; None; 23.09.2023 14:34:39; 850; -0.01222252; 203; Before; 9.3967; null
7; Driver; None; None; 23.09.2023 14:34:39; 850; -0.01222251; 203; Before; 9.3967; null
7; Driver; None; None; 23.09.2023 14:34:39; 850; -0.01222251; 203; Before; 9.422323; null
7; Driver; None; None; 23.09.2023 14:34:39; 850; -0.0122225; 203; Before; 9.437313; null
7; Driver; None; None; 23.09.2023 14:34:39; 850; -0.0122225; 203; Before; 9.46484; null
7; Driver; None; None; 23.09.2023 14:34:39; 850; -0.0122225; 203; Before; 9.49119; null
7; Driver; None; None; 23.09.2023 14:34:39; 850; -0.01222251; 203; Before; 9.504226; null
7; Driver; None; None; 23.09.2023 14:34:39; 850; -0.0122225; 203; Before; 9.51829; null
7; Driver; None; None; 23.09.2023 14:34:39; 850; -0.0122225; 203; Before; 9.545909; null
7; Driver; None; None; 23.09.2023 14:34:40; 850; -0.0122225; 203; Before; 9.571699; null
7; Driver; None; None; 23.09.2023 14:34:40; 850; -0.01222249; 203; Before; 9.586609; null
7; Driver; None; None; 23.09.2023 14:34:40; 850; -0.01222249; 203; Before; 9.601142; null
7; Driver; None; None; 23.09.2023 14:34:40; 850; -0.01222249; 203; Before; 9.626898; null
7; Driver; None; None; 23.09.2023 14:34:40; 850; -0.01222249; 203; Before; 9.639789; null
7; Driver; None; None; 23.09.2023 14:34:40; 850; -0.01222249; 203; Before; 9.66545; null
7; Driver; None; None; 23.09.2023 14:34:40; 850; -0.01222249; 203; Before; 9.694771; null
7; Driver; None; None; 23.09.2023 14:34:40; 850; -0.01222249; 203; Before; 9.694771; null
7; Driver; None; None; 23.09.2023 14:34:40; 850; -0.0122225; 203; Before; 9.720341; null
7; Driver; None; None; 23.09.2023 14:34:40; 850; -0.0122225; 203; Before; 9.746024; null
7; Driver; None; None; 23.09.2023 14:34:40; 850; -0.0122225; 203; Before; 9.759473; null
7; Driver; None; None; 23.09.2023 14:34:40; 850; -0.0122225; 203; Before; 9.787721; null
7; Driver; None; None; 23.09.2023 14:34:40; 850; -0.0122225; 203; Before; 9.802061; null
7; Driver; None; None; 23.09.2023 14:34:40; 850; -0.0122225; 203; Before; 9.828057; null
7; Driver; None; None; 23.09.2023 14:34:40; 850; -0.0122225; 203; Before; 9.841166; null
7; Driver; None; None; 23.09.2023 14:34:40; 850; -0.0122225; 203; Before; 9.868304; null
7; Driver; None; None; 23.09.2023 14:34:40; 850; -0.01222251; 203; Before; 9.883312; null
7; Driver; None; None; 23.09.2023 14:34:40; 850; -0.01222251; 203; Before; 9.896444; null
7; Driver; None; None; 23.09.2023 14:34:40; 850; -0.01222251; 203; Before; 9.923299; null
7; Driver; None; None; 23.09.2023 14:34:40; 850; -0.01222251; 203; Before; 9.948701; null
7; Driver; None; None; 23.09.2023 14:34:40; 850; -0.01222251; 203; Before; 9.962318; null
7; Driver; None; None; 23.09.2023 14:34:40; 850; -0.01222251; 203; Before; 9.990609; null
7; Driver; None; None; 23.09.2023 14:34:40; 850; -0.01222252; 203; Before; 10.00417; null
7; Driver; None; None; 23.09.2023 14:34:40; 850; -0.01222252; 203; Before; 10.01928; null
7; Driver; None; None; 23.09.2023 14:34:40; 850; -0.01222252; 203; Before; 10.04502; null
7; Driver; None; None; 23.09.2023 14:34:40; 850; -0.01222252; 203; Before; 10.07032; null
7; Driver; None; None; 23.09.2023 14:34:40; 850; -0.01222252; 203; Before; 10.08486; null
7; Driver; None; None; 23.09.2023 14:34:40; 850; -0.01222252; 203; Before; 10.09901; null
7; Driver; None; None; 23.09.2023 14:34:40; 850; -0.01222252; 203; Before; 10.12382; null
7; Driver; None; None; 23.09.2023 14:34:40; 850; -0.01222252; 203; Before; 10.13849; null
7; Driver; None; None; 23.09.2023 14:34:40; 850; -0.01222252; 203; Before; 10.16482; null
7; Driver; None; None; 23.09.2023 14:34:40; 850; -0.01222251; 203; Before; 10.19083; null
7; Driver; None; None; 23.09.2023 14:34:40; 850; -0.01222251; 203; Before; 10.20434; null
7; Driver; None; None; 23.09.2023 14:34:40; 850; -0.01222251; 203; Before; 10.2189; null
7; Driver; None; None; 23.09.2023 14:34:40; 850; -0.01222251; 203; Before; 10.24648; null
7; Driver; None; None; 23.09.2023 14:34:40; 850; -0.01222251; 203; Before; 10.27215; null
7; Driver; None; None; 23.09.2023 14:34:40; 850; -0.01222251; 203; Before; 10.28549; null
7; Driver; None; None; 23.09.2023 14:34:40; 850; -0.01222251; 203; Before; 10.29894; null
7; Driver; None; None; 23.09.2023 14:34:40; 850; -0.01222251; 203; Before; 10.32474; null
7; Driver; None; None; 23.09.2023 14:34:40; 850; -0.01222251; 203; Before; 10.34993; null
7; Driver; None; None; 23.09.2023 14:34:40; 850; -0.01222251; 203; Before; 10.36318; null
7; Driver; None; None; 23.09.2023 14:34:40; 850; -0.01222251; 203; Before; 10.39043; null
7; Driver; None; None; 23.09.2023 14:34:40; 850; -0.01222251; 203; Before; 10.40558; null
7; Driver; None; None; 23.09.2023 14:34:40; 850; -0.01222252; 203; Before; 10.4184; null
7; Driver; None; None; 23.09.2023 14:34:40; 850; -0.01222252; 203; Before; 10.44591; null
7; Driver; None; None; 23.09.2023 14:34:40; 850; -0.01222252; 203; Before; 10.45971; null
7; Driver; None; None; 23.09.2023 14:34:40; 850; -0.01222252; 203; Before; 10.49124; null
7; Driver; None; None; 23.09.2023 14:34:40; 850; -0.01222252; 203; Before; 10.50509; null
7; Driver; None; None; 23.09.2023 14:34:40; 850; -0.01222252; 203; Before; 10.51938; null
7; Driver; None; None; 23.09.2023 14:34:40; 850; -0.01222252; 203; Before; 10.54647; null
7; Driver; None; None; 23.09.2023 14:34:41; 850; -0.01222252; 203; Before; 10.57155; null
7; Driver; None; None; 23.09.2023 14:34:41; 850; -0.01222252; 203; Before; 10.58467; null
7; Driver; None; None; 23.09.2023 14:34:41; 850; -0.01222252; 203; Before; 10.59871; null
7; Driver; None; None; 23.09.2023 14:34:41; 850; -0.01222251; 203; Before; 10.61166; null
7; Driver; None; None; 23.09.2023 14:34:41; 850; -0.01222251; 203; Before; 10.64449; null
7; Driver; None; None; 23.09.2023 14:34:41; 850; -0.01222251; 203; Before; 10.67133; null
7; Driver; None; None; 23.09.2023 14:34:41; 850; -0.01222251; 203; Before; 10.68465; null
7; Driver; None; None; 23.09.2023 14:34:41; 850; -0.01222251; 203; Before; 10.69793; null
7; Driver; None; None; 23.09.2023 14:34:41; 850; -0.01222251; 203; Before; 10.72312; null
7; Driver; None; None; 23.09.2023 14:34:41; 850; -0.01222251; 203; Before; 10.7498; null
7; Driver; None; None; 23.09.2023 14:34:41; 850; -0.01222251; 203; Before; 10.76354; null
7; Driver; None; None; 23.09.2023 14:34:41; 850; -0.01222251; 203; Before; 10.79046; null
7; Driver; None; None; 23.09.2023 14:34:41; 850; -0.01222251; 203; Before; 10.80383; null
7; Driver; None; None; 23.09.2023 14:34:41; 850; -0.01222251; 203; Before; 10.81718; null
7; Driver; None; None; 23.09.2023 14:34:41; 850; -0.01222252; 203; Before; 10.84302; null
7; Driver; None; None; 23.09.2023 14:34:41; 850; -0.01222252; 203; Before; 10.86847; null
7; Driver; None; None; 23.09.2023 14:34:41; 850; -0.01222252; 203; Before; 10.88446; null
7; Driver; None; None; 23.09.2023 14:34:41; 850; -0.01222252; 203; Before; 10.89745; null
7; Driver; None; None; 23.09.2023 14:34:41; 850; -0.01222252; 203; Before; 10.92252; null
7; Driver; None; None; 23.09.2023 14:34:41; 850; -0.01222252; 203; Before; 10.94743; null
7; Driver; None; None; 23.09.2023 14:34:41; 850; -0.01222252; 203; Before; 10.97415; null
7; Driver; None; None; 23.09.2023 14:34:41; 850; -0.01222252; 203; Before; 10.98663; null
7; Driver; None; None; 23.09.2023 14:34:41; 850; -0.01222252; 203; Before; 11.00027; null
7; Driver; None; None; 23.09.2023 14:34:41; 850; -0.01222252; 203; Before; 11.01726; null
7; Driver; None; None; 23.09.2023 14:34:41; 850; -0.01222251; 203; Before; 11.04362; null
7; Driver; None; None; 23.09.2023 14:34:41; 850; -0.01222251; 203; Before; 11.06844; null
7; Driver; None; None; 23.09.2023 14:34:41; 850; -0.01222251; 203; Before; 11.09597; null
7; Driver; None; None; 23.09.2023 14:34:41; 850; -0.01222251; 203; Before; 11.09597; null
7; Driver; None; None; 23.09.2023 14:34:41; 850; -0.01222251; 203; Before; 11.12082; null
7; Driver; None; None; 23.09.2023 14:34:41; 850; -0.01222251; 203; Before; 11.14628; null
7; Driver; None; None; 23.09.2023 14:34:41; 850; -0.01222251; 203; Before; 11.17093; null
7; Driver; None; None; 23.09.2023 14:34:41; 850; -0.01222251; 203; Before; 11.18387; null
7; Driver; None; None; 23.09.2023 14:34:41; 850; -0.01222251; 203; Before; 11.19777; null
7; Driver; None; None; 23.09.2023 14:34:41; 850; -0.01222251; 203; Before; 11.22282; null
7; Driver; None; None; 23.09.2023 14:34:41; 850; -0.01222251; 203; Before; 11.24883; null
7; Driver; None; None; 23.09.2023 14:34:41; 850; -0.01222252; 203; Before; 11.26199; null
7; Driver; None; None; 23.09.2023 14:34:41; 850; -0.01222252; 203; Before; 11.28697; null
7; Driver; None; None; 23.09.2023 14:34:41; 850; -0.01222252; 203; Before; 11.30083; null
7; Driver; None; None; 23.09.2023 14:34:41; 850; -0.01222252; 203; Before; 11.32632; null
7; Driver; None; None; 23.09.2023 14:34:41; 850; -0.01222252; 203; Before; 11.33917; null
7; Driver; None; None; 23.09.2023 14:34:41; 850; -0.01222252; 203; Before; 11.36511; null
7; Driver; None; None; 23.09.2023 14:34:41; 850; -0.01222252; 203; Before; 11.38957; null
7; Driver; None; None; 23.09.2023 14:34:41; 850; -0.01222252; 203; Before; 11.40237; null
7; Driver; None; None; 23.09.2023 14:34:41; 850; -0.01222252; 203; Before; 11.41567; null
7; Driver; None; None; 23.09.2023 14:34:41; 850; -0.01222252; 203; Before; 11.4478; null
7; Driver; None; None; 23.09.2023 14:34:41; 850; -0.01222251; 203; Before; 11.46292; null
7; Driver; None; None; 23.09.2023 14:34:41; 850; -0.01222251; 203; Before; 11.4925; null
7; Driver; None; None; 23.09.2023 14:34:41; 850; -0.01222251; 203; Before; 11.4925; null
7; Driver; None; None; 23.09.2023 14:34:41; 850; -0.01222251; 203; Before; 11.52151; null
7; Driver; None; None; 23.09.2023 14:34:41; 850; -0.01222251; 203; Before; 11.54992; null
7; Driver; None; None; 23.09.2023 14:34:42; 850; -0.01222251; 203; Before; 11.56274; null
7; Driver; None; None; 23.09.2023 14:34:42; 850; -0.01222251; 203; Before; 11.57667; null
7; Driver; None; None; 23.09.2023 14:34:42; 850; -0.01222252; 203; Before; 11.58875; null
7; Driver; None; None; 23.09.2023 14:34:42; 850; -0.01222252; 203; Before; 11.62579; null
7; Driver; None; None; 23.09.2023 14:34:42; 850; -0.01222252; 203; Before; 11.65159; null
7; Driver; None; None; 23.09.2023 14:34:42; 850; -0.01222253; 203; Before; 11.66434; null
7; Driver; None; None; 23.09.2023 14:34:42; 850; -0.01222253; 203; Before; 11.69212; null
7; Driver; None; None; 23.09.2023 14:34:42; 850; -0.01222253; 203; Before; 11.70543; null
7; Driver; None; None; 23.09.2023 14:34:42; 850; -0.01222253; 203; Before; 11.71822; null
7; Driver; None; None; 23.09.2023 14:34:42; 850; -0.01222252; 203; Before; 11.74329; null
7; Driver; None; None; 23.09.2023 14:34:42; 850; -0.01222252; 203; Before; 11.76742; null
7; Driver; None; None; 23.09.2023 14:34:42; 850; -0.01222252; 203; Before; 11.79294; null
7; Driver; None; None; 23.09.2023 14:34:42; 850; -0.01222251; 203; Before; 11.79294; null
7; Driver; None; None; 23.09.2023 14:34:42; 850; -0.01222251; 203; Before; 11.82091; null
7; Driver; None; None; 23.09.2023 14:34:42; 850; -0.01222251; 203; Before; 11.84721; null
7; Driver; None; None; 23.09.2023 14:34:42; 850; -0.01222251; 203; Before; 11.87184; null
7; Driver; None; None; 23.09.2023 14:34:42; 850; -0.01222251; 203; Before; 11.88591; null
7; Driver; None; None; 23.09.2023 14:34:42; 850; -0.01222252; 203; Before; 11.89908; null
7; Driver; None; None; 23.09.2023 14:34:42; 850; -0.01222252; 203; Before; 11.92384; null
7; Driver; None; None; 23.09.2023 14:34:42; 850; -0.01222252; 203; Before; 11.94837; null
7; Driver; None; None; 23.09.2023 14:34:42; 850; -0.01222253; 203; Before; 11.9617; null
7; Driver; None; None; 23.09.2023 14:34:42; 850; -0.01222253; 203; Before; 11.98776; null
7; Driver; None; None; 23.09.2023 14:34:42; 850; -0.01222253; 203; Before; 12.00131; null
7; Driver; None; None; 23.09.2023 14:34:42; 850; -0.01222252; 203; Before; 12.02705; null
7; Driver; None; None; 23.09.2023 14:34:42; 850; -0.01222252; 203; Before; 12.03909; null
7; Driver; None; None; 23.09.2023 14:34:42; 850; -0.01222252; 203; Before; 12.06551; null
7; Driver; None; None; 23.09.2023 14:34:42; 850; -0.01222252; 203; Before; 12.08945; null
7; Driver; None; None; 23.09.2023 14:34:42; 850; -0.01222251; 203; Before; 12.10228; null
7; Driver; None; None; 23.09.2023 14:34:42; 850; -0.01222251; 203; Before; 12.12648; null
7; Driver; None; None; 23.09.2023 14:34:42; 850; -0.01222251; 203; Before; 12.15039; null
7; Driver; None; None; 23.09.2023 14:34:42; 850; -0.01222251; 203; Before; 12.16272; null
7; Driver; None; None; 23.09.2023 14:34:42; 850; -0.01222251; 203; Before; 12.18711; null
7; Driver; None; None; 23.09.2023 14:34:42; 850; -0.01222251; 203; Before; 12.20119; null
7; Driver; None; None; 23.09.2023 14:34:42; 850; -0.01222252; 203; Before; 12.2243; null
7; Driver; None; None; 23.09.2023 14:34:42; 850; -0.01222252; 203; Before; 12.25005; null
7; Driver; None; None; 23.09.2023 14:34:42; 850; -0.01222252; 203; Before; 12.26274; null
7; Driver; None; None; 23.09.2023 14:34:42; 850; -0.01222252; 203; Before; 12.28891; null
7; Driver; None; None; 23.09.2023 14:34:42; 850; -0.01222252; 203; Before; 12.30114; null
7; Driver; None; None; 23.09.2023 14:34:42; 850; -0.01222252; 203; Before; 12.32421; null
7; Driver; None; None; 23.09.2023 14:34:42; 850; -0.01222252; 203; Before; 12.33657; null
7; Driver; None; None; 23.09.2023 14:34:42; 850; -0.01222252; 203; Before; 12.36743; null
7; Driver; None; None; 23.09.2023 14:34:42; 850; -0.01222252; 203; Before; 12.39344; null
7; Driver; None; None; 23.09.2023 14:34:42; 850; -0.01222251; 203; Before; 12.40501; null
7; Driver; None; None; 23.09.2023 14:34:42; 850; -0.01222251; 203; Before; 12.41789; null
7; Driver; None; None; 23.09.2023 14:34:42; 850; -0.0122225; 203; Before; 12.44228; null
7; Driver; None; None; 23.09.2023 14:34:42; 850; -0.0122225; 203; Before; 12.46635; null
7; Driver; None; None; 23.09.2023 14:34:42; 850; -0.0122225; 203; Before; 12.49106; null
7; Driver; None; None; 23.09.2023 14:34:42; 850; -0.0122225; 203; Before; 12.50441; null
7; Driver; None; None; 23.09.2023 14:34:42; 850; -0.0122225; 203; Before; 12.52877; null
7; Driver; None; None; 23.09.2023 14:34:42; 850; -0.0122225; 203; Before; 12.54127; null
7; Driver; None; None; 23.09.2023 14:34:43; 850; -0.0122225; 203; Before; 12.56717; null
7; Driver; None; None; 23.09.2023 14:34:43; 850; -0.0122225; 203; Before; 12.59275; null
7; Driver; None; None; 23.09.2023 14:34:43; 850; -0.01222251; 203; Before; 12.6046; null
7; Driver; None; None; 23.09.2023 14:34:43; 850; -0.01222251; 203; Before; 12.62815; null
7; Driver; None; None; 23.09.2023 14:34:43; 850; -0.01222251; 203; Before; 12.64064; null
7; Driver; None; None; 23.09.2023 14:34:43; 850; -0.01222251; 203; Before; 12.66497; null
7; Driver; None; None; 23.09.2023 14:34:43; 850; -0.01222252; 203; Before; 12.69078; null
7; Driver; None; None; 23.09.2023 14:34:43; 850; -0.01222252; 203; Before; 12.7037; null
7; Driver; None; None; 23.09.2023 14:34:43; 850; -0.01222253; 203; Before; 12.72742; null
7; Driver; None; None; 23.09.2023 14:34:43; 850; -0.01222253; 203; Before; 12.74027; null
7; Driver; None; None; 23.09.2023 14:34:43; 850; -0.01222252; 203; Before; 12.76555; null
7; Driver; None; None; 23.09.2023 14:34:43; 850; -0.01222252; 203; Before; 12.78998; null
7; Driver; None; None; 23.09.2023 14:34:43; 850; -0.01222252; 203; Before; 12.80354; null
7; Driver; None; None; 23.09.2023 14:34:43; 850; -0.01222252; 203; Before; 12.82801; null
7; Driver; None; None; 23.09.2023 14:34:43; 850; -0.01222252; 203; Before; 12.84037; null
7; Driver; None; None; 23.09.2023 14:34:43; 850; -0.01222252; 203; Before; 12.86472; null
7; Driver; None; None; 23.09.2023 14:34:43; 850; -0.01222252; 203; Before; 12.89111; null
7; Driver; None; None; 23.09.2023 14:34:43; 850; -0.01222252; 203; Before; 12.90393; null
7; Driver; None; None; 23.09.2023 14:34:43; 850; -0.01222252; 203; Before; 12.92787; null
7; Driver; None; None; 23.09.2023 14:34:43; 850; -0.01222252; 203; Before; 12.94016; null
7; Driver; None; None; 23.09.2023 14:34:43; 850; -0.01222252; 203; Before; 12.96533; null
7; Driver; None; None; 23.09.2023 14:34:43; 850; -0.01222252; 203; Before; 12.99065; null
7; Driver; None; None; 23.09.2023 14:34:43; 850; -0.01222252; 203; Before; 13.00364; null
7; Driver; None; None; 23.09.2023 14:34:43; 850; -0.01222252; 203; Before; 13.0276; null
7; Driver; None; None; 23.09.2023 14:34:43; 850; -0.01222252; 203; Before; 13.04049; null
7; Driver; None; None; 23.09.2023 14:34:43; 850; -0.01222252; 203; Before; 13.06515; null
7; Driver; None; None; 23.09.2023 14:34:43; 850; -0.01222252; 203; Before; 13.08987; null
7; Driver; None; None; 23.09.2023 14:34:43; 850; -0.01222252; 203; Before; 13.10351; null
7; Driver; None; None; 23.09.2023 14:34:43; 850; -0.01222252; 203; Before; 13.12861; null
7; Driver; None; None; 23.09.2023 14:34:43; 850; -0.01222252; 203; Before; 13.14103; null
7; Driver; None; None; 23.09.2023 14:34:43; 850; -0.01222252; 203; Before; 13.16714; null
7; Driver; None; None; 23.09.2023 14:34:43; 850; -0.01222252; 203; Before; 13.18008; null
7; Driver; None; None; 23.09.2023 14:34:43; 850; -0.01222252; 203; Before; 13.19232; null
7; Driver; None; None; 23.09.2023 14:34:43; 850; -0.01222252; 203; Before; 13.22521; null
7; Driver; None; None; 23.09.2023 14:34:43; 850; -0.01222252; 203; Before; 13.25015; null
7; Driver; None; None; 23.09.2023 14:34:43; 850; -0.01222252; 203; Before; 13.26268; null
7; Driver; None; None; 23.09.2023 14:34:43; 850; -0.01222252; 203; Before; 13.2893; null
7; Driver; None; None; 23.09.2023 14:34:43; 850; -0.01222252; 203; Before; 13.30241; null
7; Driver; None; None; 23.09.2023 14:34:43; 850; -0.01222252; 203; Before; 13.32716; null
7; Driver; None; None; 23.09.2023 14:34:43; 850; -0.01222252; 203; Before; 13.34012; null
7; Driver; None; None; 23.09.2023 14:34:43; 850; -0.01222252; 203; Before; 13.36623; null
7; Driver; None; None; 23.09.2023 14:34:43; 850; -0.01222252; 203; Before; 13.39265; null
7; Driver; None; None; 23.09.2023 14:34:43; 850; -0.01222252; 203; Before; 13.40528; null
7; Driver; None; None; 23.09.2023 14:34:43; 850; -0.01222252; 203; Before; 13.41853; null
7; Driver; None; None; 23.09.2023 14:34:43; 850; -0.01222252; 203; Before; 13.44329; null
7; Driver; None; None; 23.09.2023 14:34:43; 850; -0.01222252; 203; Before; 13.46817; null
7; Driver; None; None; 23.09.2023 14:34:43; 850; -0.01222252; 203; Before; 13.49413; null
7; Driver; None; None; 23.09.2023 14:34:43; 850; -0.01222252; 203; Before; 13.50566; null
7; Driver; None; None; 23.09.2023 14:34:43; 850; -0.01222252; 203; Before; 13.51954; null
7; Driver; None; None; 23.09.2023 14:34:43; 850; -0.01222252; 203; Before; 13.54445; null
7; Driver; None; None; 23.09.2023 14:34:44; 850; -0.01222252; 203; Before; 13.56872; null
7; Driver; None; None; 23.09.2023 14:34:44; 850; -0.01222252; 203; Before; 13.59494; null
7; Driver; None; None; 23.09.2023 14:34:44; 850; -0.01222252; 203; Before; 13.59494; null
7; Driver; None; None; 23.09.2023 14:34:44; 850; -0.01222252; 203; Before; 13.62014; null
7; Driver; None; None; 23.09.2023 14:34:44; 850; -0.01222252; 203; Before; 13.64525; null
7; Driver; None; None; 23.09.2023 14:34:44; 850; -0.01222252; 203; Before; 13.66954; null
7; Driver; None; None; 23.09.2023 14:34:44; 850; -0.01222252; 203; Before; 13.69543; null
7; Driver; None; None; 23.09.2023 14:34:44; 850; -0.01222252; 203; Before; 13.69543; null
7; Driver; None; None; 23.09.2023 14:34:44; 850; -0.01222252; 203; Before; 13.72011; null
7; Driver; None; None; 23.09.2023 14:34:44; 850; -0.01222252; 203; Before; 13.74531; null
7; Driver; None; None; 23.09.2023 14:34:44; 850; -0.01222252; 203; Before; 13.76963; null
7; Driver; None; None; 23.09.2023 14:34:44; 850; -0.01222252; 203; Before; 13.79586; null
7; Driver; None; None; 23.09.2023 14:34:44; 850; -0.01222252; 203; Before; 13.79586; null
7; Driver; None; None; 23.09.2023 14:34:44; 850; -0.01222252; 203; Before; 13.82127; null
7; Driver; None; None; 23.09.2023 14:34:44; 850; -0.01222252; 203; Before; 13.8458; null
7; Driver; None; None; 23.09.2023 14:34:44; 850; -0.01222252; 203; Before; 13.87104; null
7; Driver; None; None; 23.09.2023 14:34:44; 850; -0.01222252; 203; Before; 13.88499; null
7; Driver; None; None; 23.09.2023 14:34:44; 850; -0.01222252; 203; Before; 13.89797; null
7; Driver; None; None; 23.09.2023 14:34:44; 850; -0.01222252; 203; Before; 13.92258; null
7; Driver; None; None; 23.09.2023 14:34:44; 850; -0.01222252; 203; Before; 13.94644; null
7; Driver; None; None; 23.09.2023 14:34:44; 850; -0.01222252; 203; Before; 13.97119; null
7; Driver; None; None; 23.09.2023 14:34:44; 850; -0.01222252; 203; Before; 13.9972; null
7; Driver; None; None; 23.09.2023 14:34:44; 850; -0.01222252; 203; Before; 13.9972; null
7; Driver; None; None; 23.09.2023 14:34:44; 850; -0.01222252; 203; Before; 14.02143; null
7; Driver; None; None; 23.09.2023 14:34:44; 850; -0.01222252; 203; Before; 14.04694; null
7; Driver; None; None; 23.09.2023 14:34:44; 850; -0.01222252; 203; Before; 14.07151; null
7; Driver; None; None; 23.09.2023 14:34:44; 850; -0.01222252; 203; Before; 14.09719; null
7; Driver; None; None; 23.09.2023 14:34:44; 850; -0.01222252; 203; Before; 14.09719; null
7; Driver; None; None; 23.09.2023 14:34:44; 850; -0.01222252; 203; Before; 14.12159; null
7; Driver; None; None; 23.09.2023 14:34:44; 850; -0.01222252; 203; Before; 14.14624; null
7; Driver; None; None; 23.09.2023 14:34:44; 850; -0.01222252; 203; Before; 14.1703; null
7; Driver; None; None; 23.09.2023 14:34:44; 850; -0.01222252; 203; Before; 14.19689; null
7; Driver; None; None; 23.09.2023 14:34:44; 850; -0.01222252; 203; Before; 14.19689; null
7; Driver; None; None; 23.09.2023 14:34:44; 850; -0.01222252; 203; Before; 14.22164; null
7; Driver; None; None; 23.09.2023 14:34:44; 850; -0.01222252; 203; Before; 14.24731; null
7; Driver; None; None; 23.09.2023 14:34:44; 850; -0.01222252; 203; Before; 14.27178; null
7; Driver; None; None; 23.09.2023 14:34:44; 850; -0.01222252; 203; Before; 14.28508; null
7; Driver; None; None; 23.09.2023 14:34:44; 850; -0.01222252; 203; Before; 14.29818; null
7; Driver; None; None; 23.09.2023 14:34:44; 850; -0.01222252; 203; Before; 14.3232; null
7; Driver; None; None; 23.09.2023 14:34:44; 850; -0.01222252; 203; Before; 14.34999; null
7; Driver; None; None; 23.09.2023 14:34:44; 850; -0.01222252; 203; Before; 14.36214; null
7; Driver; None; None; 23.09.2023 14:34:44; 850; -0.01222252; 203; Before; 14.38738; null
7; Driver; None; None; 23.09.2023 14:34:44; 850; -0.01222252; 203; Before; 14.40124; null
7; Driver; None; None; 23.09.2023 14:34:44; 850; -0.01222252; 203; Before; 14.4273; null
7; Driver; None; None; 23.09.2023 14:34:44; 850; -0.01222252; 203; Before; 14.44037; null
7; Driver; None; None; 23.09.2023 14:34:44; 850; -0.01222252; 203; Before; 14.46483; null
7; Driver; None; None; 23.09.2023 14:34:44; 850; -0.01222252; 203; Before; 14.48925; null
7; Driver; None; None; 23.09.2023 14:34:44; 850; -0.01222252; 203; Before; 14.50234; null
7; Driver; None; None; 23.09.2023 14:34:44; 850; -0.01222252; 203; Before; 14.5161; null
7; Driver; None; None; 23.09.2023 14:34:44; 850; -0.01222252; 203; Before; 14.54302; null
7; Driver; None; None; 23.09.2023 14:34:45; 850; -0.01222252; 203; Before; 14.5679; null
7; Driver; None; None; 23.09.2023 14:34:45; 850; -0.01222252; 203; Before; 14.59301; null
7; Driver; None; None; 23.09.2023 14:34:45; 850; -0.01222252; 203; Before; 14.60526; null
7; Driver; None; None; 23.09.2023 14:34:45; 850; -0.01222252; 203; Before; 14.61835; null
7; Driver; None; None; 23.09.2023 14:34:45; 850; -0.01222252; 203; Before; 14.64384; null
7; Driver; None; None; 23.09.2023 14:34:45; 850; -0.01222252; 203; Before; 14.66921; null
7; Driver; None; None; 23.09.2023 14:34:45; 850; -0.01222252; 203; Before; 14.69497; null
7; Driver; None; None; 23.09.2023 14:34:45; 850; -0.01222252; 203; Before; 14.69497; null
7; Driver; None; None; 23.09.2023 14:34:45; 850; -0.01222252; 203; Before; 14.72021; null
7; Driver; None; None; 23.09.2023 14:34:45; 850; -0.01222252; 203; Before; 14.74724; null
7; Driver; None; None; 23.09.2023 14:34:45; 850; -0.01222252; 203; Before; 14.77422; null
7; Driver; None; None; 23.09.2023 14:34:45; 850; -0.01222252; 203; Before; 14.78655; null
7; Driver; None; None; 23.09.2023 14:34:45; 850; -0.01222252; 203; Before; 14.80031; null
7; Driver; None; None; 23.09.2023 14:34:45; 850; -0.01222252; 203; Before; 14.82621; null
7; Driver; None; None; 23.09.2023 14:34:45; 850; -0.01222252; 203; Before; 14.83903; null
7; Driver; None; None; 23.09.2023 14:34:45; 850; -0.01222252; 203; Before; 14.86464; null
7; Driver; None; None; 23.09.2023 14:34:45; 850; -0.01222252; 203; Before; 14.89047; null
7; Driver; None; None; 23.09.2023 14:34:45; 850; -0.01222252; 203; Before; 14.90363; null
7; Driver; None; None; 23.09.2023 14:34:45; 850; -0.01222252; 203; Before; 14.92887; null
7; Driver; None; None; 23.09.2023 14:34:45; 850; -0.01222252; 203; Before; 14.94184; null
7; Driver; None; None; 23.09.2023 14:34:45; 850; -0.01222252; 203; Before; 14.96694; null
7; Driver; None; None; 23.09.2023 14:34:45; 850; -0.01222252; 203; Before; 14.99423; null
7; Driver; None; None; 23.09.2023 14:34:45; 850; -0.01222252; 203; Before; 14.99423; null
7; Driver; None; None; 23.09.2023 14:34:45; 850; -0.01222252; 203; Before; 15.02063; null
7; Driver; None; None; 23.09.2023 14:34:45; 850; -0.01222252; 203; Before; 15.04675; null
7; Driver; None; None; 23.09.2023 14:34:45; 850; -0.01222252; 203; Before; 15.06033; null
7; Driver; None; None; 23.09.2023 14:34:45; 850; -0.01222252; 203; Before; 15.08689; null
7; Driver; None; None; 23.09.2023 14:34:45; 850; -0.01222252; 203; Before; 15.1007; null
7; Driver; None; None; 23.09.2023 14:34:45; 850; -0.01222252; 203; Before; 15.12558; null
7; Driver; None; None; 23.09.2023 14:34:45; 850; -0.01222252; 203; Before; 15.13863; null
7; Driver; None; None; 23.09.2023 14:34:45; 850; -0.01222252; 203; Before; 15.16539; null
7; Driver; None; None; 23.09.2023 14:34:45; 850; -0.01222252; 203; Before; 15.19188; null
7; Driver; None; None; 23.09.2023 14:34:45; 850; -0.01222252; 203; Before; 15.20506; null
7; Driver; None; None; 23.09.2023 14:34:45; 850; -0.01222252; 203; Before; 15.21803; null
7; Driver; None; None; 23.09.2023 14:34:45; 850; -0.01222252; 203; Before; 15.24405; null
7; Driver; None; None; 23.09.2023 14:34:45; 850; -0.01222252; 203; Before; 15.27001; null
7; Driver; None; None; 23.09.2023 14:34:45; 850; -0.01222252; 203; Before; 15.28332; null
7; Driver; None; None; 23.09.2023 14:34:45; 850; -0.01222252; 203; Before; 15.29612; null
7; Driver; None; None; 23.09.2023 14:34:45; 850; -0.01222252; 203; Before; 15.32642; null
7; Driver; None; None; 23.09.2023 14:34:45; 850; -0.01222252; 203; Before; 15.33972; null
7; Driver; None; None; 23.09.2023 14:34:45; 850; -0.01222252; 203; Before; 15.36683; null
7; Driver; None; None; 23.09.2023 14:34:45; 850; -0.01222252; 203; Before; 15.39388; null
7; Driver; None; None; 23.09.2023 14:34:45; 850; -0.01222252; 203; Before; 15.40596; null
7; Driver; None; None; 23.09.2023 14:34:45; 850; -0.01222252; 203; Before; 15.4193; null
7; Driver; None; None; 23.09.2023 14:34:45; 850; -0.01222252; 203; Before; 15.44646; null
7; Driver; None; None; 23.09.2023 14:34:45; 850; -0.01222252; 203; Before; 15.47194; null
7; Driver; None; None; 23.09.2023 14:34:45; 850; -0.01222252; 203; Before; 15.48481; null
7; Driver; None; None; 23.09.2023 14:34:45; 850; -0.01222252; 203; Before; 15.49791; null
7; Driver; None; None; 23.09.2023 14:34:45; 850; -0.01222252; 203; Before; 15.52638; null
7; Driver; None; None; 23.09.2023 14:34:45; 850; -0.01222252; 203; Before; 15.53919; null
7; Driver; None; None; 23.09.2023 14:34:46; 850; -0.01222252; 203; Before; 15.56497; null
7; Driver; None; None; 23.09.2023 14:34:46; 850; -0.01222252; 203; Before; 15.59213; null
7; Driver; None; None; 23.09.2023 14:34:46; 850; -0.01222252; 203; Before; 15.59213; null
7; Driver; None; None; 23.09.2023 14:34:46; 850; -0.01222252; 203; Before; 15.62002; null
7; Driver; None; None; 23.09.2023 14:34:46; 850; -0.01222252; 203; Before; 15.64663; null
7; Driver; None; None; 23.09.2023 14:34:46; 850; -0.01222252; 203; Before; 15.67133; null
7; Driver; None; None; 23.09.2023 14:34:46; 850; -0.01222252; 203; Before; 15.68437; null
7; Driver; None; None; 23.09.2023 14:34:46; 850; -0.01222252; 203; Before; 15.69781; null
7; Driver; None; None; 23.09.2023 14:34:46; 850; -0.01222252; 203; Before; 15.7243; null
7; Driver; None; None; 23.09.2023 14:34:46; 850; -0.01222252; 203; Before; 15.74988; null
7; Driver; None; None; 23.09.2023 14:34:46; 850; -0.01222252; 203; Before; 15.76287; null
7; Driver; None; None; 23.09.2023 14:34:46; 850; -0.01222252; 203; Before; 15.78832; null
7; Driver; None; None; 23.09.2023 14:34:46; 850; -0.01222252; 203; Before; 15.80196; null
7; Driver; None; None; 23.09.2023 14:34:46; 850; -0.01222252; 203; Before; 15.82794; null
7; Driver; None; None; 23.09.2023 14:34:46; 850; -0.01222252; 203; Before; 15.8407; null
7; Driver; None; None; 23.09.2023 14:34:46; 850; -0.01222252; 203; Before; 15.86678; null
7; Driver; None; None; 23.09.2023 14:34:46; 850; -0.01222252; 203; Before; 15.89253; null
7; Driver; None; None; 23.09.2023 14:34:46; 850; -0.01222252; 203; Before; 15.89253; null
7; Driver; None; None; 23.09.2023 14:34:46; 850; -0.01222252; 203; Before; 15.92112; null
7; Driver; None; None; 23.09.2023 14:34:46; 850; -0.01222252; 203; Before; 15.94797; null
7; Driver; None; None; 23.09.2023 14:34:46; 850; -0.01222252; 203; Before; 15.96052; null
7; Driver; None; None; 23.09.2023 14:34:46; 850; -0.01222252; 203; Before; 15.9876; null
7; Driver; None; None; 23.09.2023 14:34:46; 850; -0.01222252; 203; Before; 16.00263; null
7; Driver; None; None; 23.09.2023 14:34:46; 850; -0.01222252; 203; Before; 16.02807; null
7; Driver; None; None; 23.09.2023 14:34:46; 850; -0.01222252; 203; Before; 16.04093; null
7; Driver; None; None; 23.09.2023 14:34:46; 850; -0.01222252; 203; Before; 16.06661; null
7; Driver; None; None; 23.09.2023 14:34:46; 850; -0.01222252; 203; Before; 16.09182; null
7; Driver; None; None; 23.09.2023 14:34:46; 850; -0.01222252; 203; Before; 16.10469; null
7; Driver; None; None; 23.09.2023 14:34:46; 850; -0.01222252; 203; Before; 16.11737; null
7; Driver; None; None; 23.09.2023 14:34:46; 850; -0.01222252; 203; Before; 16.14266; null
7; Driver; None; None; 23.09.2023 14:34:46; 850; -0.01222252; 203; Before; 16.16964; null
7; Driver; None; None; 23.09.2023 14:34:46; 850; -0.01222252; 203; Before; 16.18366; null
7; Driver; None; None; 23.09.2023 14:34:46; 849.9998; -0.01222254; 203; Before; 16.19704; null
7; Driver; None; None; 23.09.2023 14:34:46; 849.9998; -0.01222266; 203; Before; 16.22315; null
7; Driver; None; None; 23.09.2023 14:34:46; 849.9993; -0.01222278; 203; Before; 16.23942; null
7; Driver; None; None; 23.09.2023 14:34:46; 849.9982; -0.01222267; 203; Before; 16.25526; null
7; Driver; None; None; 23.09.2023 14:34:46; 849.9974; -0.01222272; 203; Before; 16.28685; null
7; Driver; None; None; 23.09.2023 14:34:46; 849.9954; -0.0122239; 203; Before; 16.30184; null
7; Driver; None; None; 23.09.2023 14:34:46; 849.9928; -0.01222543; 203; Before; 16.31591; null
7; Driver; None; None; 23.09.2023 14:34:46; 849.9914; -0.01222649; 203; Before; 16.34686; null
7; Driver; None; None; 23.09.2023 14:34:46; 849.9868; -0.01223022; 203; Before; 16.36304; null
7; Driver; None; None; 23.09.2023 14:34:46; 849.9853; -0.01223244; 203; Before; 16.38986; null
7; Driver; None; None; 23.09.2023 14:34:46; 849.9822; -0.01223679; 203; Before; 16.38986; null
7; Driver; None; None; 23.09.2023 14:34:46; 849.9792; -0.01224213; 203; Before; 16.42193; null
7; Driver; None; None; 23.09.2023 14:34:46; 849.9761; -0.01224734; 203; Before; 16.43876; null
7; Driver; None; None; 23.09.2023 14:34:46; 849.9731; -0.01225282; 203; Before; 16.46476; null
7; Driver; None; None; 23.09.2023 14:34:46; 849.9717; -0.01225593; 203; Before; 16.49421; null
7; Driver; None; None; 23.09.2023 14:34:46; 849.9688; -0.01226068; 203; Before; 16.49421; null
7; Driver; None; None; 23.09.2023 14:34:46; 849.9658; -0.01226468; 203; Before; 16.52163; null
7; Driver; None; None; 23.09.2023 14:34:46; 849.9644; -0.01226672; 203; Before; 16.54715; null
7; Driver; None; None; 23.09.2023 14:34:47; 849.96; -0.01226942; 203; Before; 16.56296; null
7; Driver; None; None; 23.09.2023 14:34:47; 849.9585; -0.01227; 203; Before; 16.59259; null
7; Driver; None; None; 23.09.2023 14:34:47; 849.9556; -0.01227111; 203; Before; 16.60593; null
7; Driver; None; None; 23.09.2023 14:34:47; 849.9526; -0.01226923; 203; Before; 16.61924; null
7; Driver; None; None; 23.09.2023 14:34:47; 849.9497; -0.01226823; 203; Before; 16.64572; null
7; Driver; None; None; 23.09.2023 14:34:47; 849.9482; -0.01226793; 203; Before; 16.6719; null
7; Driver; None; None; 23.09.2023 14:34:47; 849.9438; -0.01226482; 203; Before; 16.68581; null
7; Driver; None; None; 23.09.2023 14:34:47; 849.9424; -0.01226394; 203; Before; 16.69978; null
7; Driver; None; None; 23.09.2023 14:34:47; 849.9395; -0.01226299; 203; Before; 16.7262; null
7; Driver; None; None; 23.09.2023 14:34:47; 849.9365; -0.01226132; 203; Before; 16.73967; null
7; Driver; None; None; 23.09.2023 14:34:47; 849.9336; -0.0122599; 203; Before; 16.76575; null
7; Driver; None; None; 23.09.2023 14:34:47; 849.9321; -0.01225972; 203; Before; 16.79226; null
7; Driver; None; None; 23.09.2023 14:34:47; 849.9292; -0.01226022; 203; Before; 16.8059; null
7; Driver; None; None; 23.09.2023 14:34:47; 849.9263; -0.01225879; 203; Before; 16.8194; null
7; Driver; None; None; 23.09.2023 14:34:47; 849.9233; -0.01225903; 203; Before; 16.84609; null
7; Driver; None; None; 23.09.2023 14:34:47; 849.9219; -0.01225956; 203; Before; 16.87111; null
7; Driver; None; None; 23.09.2023 14:34:47; 849.9177; -0.01225944; 203; Before; 16.88479; null
7; Driver; None; None; 23.09.2023 14:34:47; 849.9163; -0.01225961; 203; Before; 16.89824; null
7; Driver; None; None; 23.09.2023 14:34:47; 849.9135; -0.01226066; 203; Before; 16.92492; null
7; Driver; None; None; 23.09.2023 14:34:47; 849.912; -0.01226144; 203; Before; 16.94976; null
7; Driver; None; None; 23.09.2023 14:34:47; 849.9078; -0.01226155; 203; Before; 16.9628; null
7; Driver; None; None; 23.09.2023 14:34:47; 849.9064; -0.01226166; 203; Before; 16.99094; null
7; Driver; None; None; 23.09.2023 14:34:47; 849.9036; -0.01226239; 203; Before; 17.00455; null
7; Driver; None; None; 23.09.2023 14:34:47; 849.9008; -0.01226092; 203; Before; 17.01911; null
7; Driver; None; None; 23.09.2023 14:34:47; 849.898; -0.01226082; 203; Before; 17.04562; null
7; Driver; None; None; 23.09.2023 14:34:47; 849.8966; -0.01226112; 203; Before; 17.07141; null
7; Driver; None; None; 23.09.2023 14:34:47; 849.8924; -0.01226018; 203; Before; 17.08456; null
7; Driver; None; None; 23.09.2023 14:34:47; 849.891; -0.01226005; 203; Before; 17.09852; null
7; Driver; None; None; 23.09.2023 14:34:47; 849.8882; -0.01226052; 203; Before; 17.12401; null
7; Driver; None; None; 23.09.2023 14:34:47; 849.8868; -0.01226103; 203; Before; 17.15069; Checking Box AICar
7; Driver; None; None; 23.09.2023 14:34:47; 849.8826; -0.01226049; 203; Before; 17.1638; Checking Box AICar
7; Driver; None; None; 23.09.2023 14:34:47; 849.8812; -0.01226042; 203; Before; 17.18982; Checking Box AICar
7; Driver; None; None; 23.09.2023 14:34:47; 849.8784; -0.01225938; 203; Before; 17.18982; Checking Box AICar
7; Driver; None; None; 23.09.2023 14:34:47; 849.8755; -0.01225853; 203; Before; 17.224; Checking Box AICar
7; Driver; None; None; 23.09.2023 14:34:47; 849.8727; -0.01225627; 203; Before; 17.23911; Checking Box AICar
7; Driver; None; None; 23.09.2023 14:34:47; 849.8713; -0.01225594; 203; Before; 17.26798; Checking Box AICar
7; Driver; None; None; 23.09.2023 14:34:47; 849.8685; -0.01225638; 203; Before; 17.29438; Checking Box AICar
7; Driver; None; None; 23.09.2023 14:34:47; 849.8658; -0.01225635; 203; Before; 17.29438; Checking Box AICar
7; Driver; None; None; 23.09.2023 14:34:47; 849.8632; -0.01225654; 203; Before; 17.32032; Checking Box AICar
7; Driver; None; None; 23.09.2023 14:34:47; 849.8605; -0.0122563; 203; Before; 17.33452; Checking Box AICar
7; Driver; None; None; 23.09.2023 14:34:47; 849.8591; -0.01225612; 203; Before; 17.36646; null
7; Driver; None; None; 23.09.2023 14:34:47; 849.8577; -0.01225676; 203; Before; 17.39312; null
7; Driver; None; None; 23.09.2023 14:34:47; 849.8577; -0.01225733; 203; Before; 17.40547; null
7; Driver; None; None; 23.09.2023 14:34:47; 849.8577; -0.01225624; 203; Before; 17.419; null
7; Driver; None; None; 23.09.2023 14:34:47; 849.8577; -0.01225371; 203; Before; 17.44358; null
7; Driver; None; None; 23.09.2023 14:34:47; 849.8577; -0.01225197; 203; Before; 17.46988; null
7; Driver; None; None; 23.09.2023 14:34:47; 849.8577; -0.0122452; 203; Before; 17.48346; null
7; Driver; None; None; 23.09.2023 14:34:47; 849.8577; -0.01224256; 203; Before; 17.49698; null
7; Driver; None; None; 23.09.2023 14:34:47; 849.8577; -0.01223695; 203; Before; 17.51176; null
7; Driver; None; None; 23.09.2023 14:34:47; 849.8577; -0.01223125; 203; Before; 17.54592; null
7; Driver; None; None; 23.09.2023 14:34:48; 849.8577; -0.01222852; 203; Before; 17.57219; null
7; Driver; None; None; 23.09.2023 14:34:48; 849.8577; -0.01222118; 203; Before; 17.5861; null
7; Driver; None; None; 23.09.2023 14:34:48; 849.8577; -0.01221916; 203; Before; 17.59974; null
7; Driver; None; None; 23.09.2023 14:34:48; 849.8577; -0.01221741; 203; Before; 17.62661; null
7; Driver; None; None; 23.09.2023 14:34:48; 849.8577; -0.01221386; 203; Before; 17.64059; null
7; Driver; None; None; 23.09.2023 14:34:48; 849.8577; -0.01221289; 203; Before; 17.66636; null
7; Driver; None; None; 23.09.2023 14:34:48; 849.8577; -0.01221279; 203; Before; 17.69242; null
7; Driver; None; None; 23.09.2023 14:34:48; 849.8577; -0.0122133; 203; Before; 17.70506; null
7; Driver; None; None; 23.09.2023 14:34:48; 849.8577; -0.01221452; 203; Before; 17.71845; null
7; Driver; None; None; 23.09.2023 14:34:48; 849.8577; -0.01221624; 203; Before; 17.74332; null
7; Driver; None; None; 23.09.2023 14:34:48; 849.8577; -0.0122172; 203; Before; 17.76984; null
7; Driver; None; None; 23.09.2023 14:34:48; 849.8577; -0.01222014; 203; Before; 17.78263; null
7; Driver; None; None; 23.09.2023 14:34:48; 849.8577; -0.01222105; 203; Before; 17.79531; null
7; Driver; None; None; 23.09.2023 14:34:48; 849.8577; -0.01222267; 203; Before; 17.82388; null
7; Driver; None; None; 23.09.2023 14:34:48; 849.8577; -0.01222335; 203; Before; 17.84845; null
7; Driver; None; None; 23.09.2023 14:34:48; 849.8577; -0.01222477; 203; Before; 17.86109; null
7; Driver; None; None; 23.09.2023 14:34:48; 849.8577; -0.01222505; 203; Before; 17.88981; null
7; Driver; None; None; 23.09.2023 14:34:48; 849.8577; -0.01222531; 203; Before; 17.90379; null
7; Driver; None; None; 23.09.2023 14:34:48; 849.8577; -0.01222529; 203; Before; 17.9281; null
7; Driver; None; None; 23.09.2023 14:34:48; 849.8577; -0.01222486; 203; Before; 17.94158; null
7; Driver; None; None; 23.09.2023 14:34:48; 849.8577; -0.01222461; 203; Before; 17.97005; null
7; Driver; None; None; 23.09.2023 14:34:48; 849.8577; -0.01222376; 203; Before; 17.98445; null
7; Driver; None; None; 23.09.2023 14:34:48; 849.8577; -0.01222347; 203; Before; 17.99819; null
7; Driver; None; None; 23.09.2023 14:34:48; 849.8577; -0.01222291; 203; Before; 18.024; null
7; Driver; None; None; 23.09.2023 14:34:48; 849.8577; -0.01222266; 203; Before; 18.04973; null
7; Driver; None; None; 23.09.2023 14:34:48; 849.8577; -0.01222207; 203; Before; 18.06238; null
7; Driver; None; None; 23.09.2023 14:34:48; 849.8577; -0.01222193; 203; Before; 18.08872; null
7; Driver; None; None; 23.09.2023 14:34:48; 849.8577; -0.01222174; 203; Before; 18.10254; null
7; Driver; None; None; 23.09.2023 14:34:48; 849.8577; -0.01222167; 203; Before; 18.11664; null
7; Driver; None; None; 23.09.2023 14:34:48; 849.8577; -0.01222169; 203; Before; 18.14244; null
7; Driver; None; None; 23.09.2023 14:34:48; 849.8577; -0.01222173; 203; Before; 18.16906; null
7; Driver; None; None; 23.09.2023 14:34:48; 849.8577; -0.01222185; 203; Before; 18.19533; null
7; Driver; None; None; 23.09.2023 14:34:48; 849.8577; -0.012222; 203; Before; 18.19533; null
7; Driver; None; None; 23.09.2023 14:34:48; 849.8577; -0.01222216; 203; Before; 18.2203; null
7; Driver; None; None; 23.09.2023 14:34:48; 849.8577; -0.01222231; 203; Before; 18.24603; null
7; Driver; None; None; 23.09.2023 14:34:48; 849.8577; -0.01222237; 203; Before; 18.27143; null
7; Driver; None; None; 23.09.2023 14:34:48; 849.8577; -0.01222252; 203; Before; 18.28422; null
7; Driver; None; None; 23.09.2023 14:34:48; 849.8577; -0.01222256; 203; Before; 18.29745; null
7; Driver; None; None; 23.09.2023 14:34:48; 849.8577; -0.0122226; 203; Before; 18.32419; null
7; Driver; None; None; 23.09.2023 14:34:48; 849.8577; -0.0122226; 203; Before; 18.35009; null
7; Driver; None; None; 23.09.2023 14:34:48; 849.8577; -0.0122226; 203; Before; 18.36396; null
7; Driver; None; None; 23.09.2023 14:34:48; 849.8577; -0.01222259; 203; Before; 18.39004; null
7; Driver; None; None; 23.09.2023 14:34:48; 849.8577; -0.01222256; 203; Before; 18.40394; null
7; Driver; None; None; 23.09.2023 14:34:48; 849.8577; -0.01222253; 203; Before; 18.41726; null
7; Driver; None; None; 23.09.2023 14:34:48; 849.8577; -0.0122225; 203; Before; 18.44235; null
7; Driver; None; None; 23.09.2023 14:34:48; 849.8577; -0.01222248; 203; Before; 18.46733; null
7; Driver; None; None; 23.09.2023 14:34:48; 849.8577; -0.01222244; 203; Before; 18.4941; null
7; Driver; None; None; 23.09.2023 14:34:48; 849.8577; -0.01222242; 203; Before; 18.4941; null
7; Driver; None; None; 23.09.2023 14:34:48; 849.8577; -0.0122224; 203; Before; 18.52209; null
7; Driver; None; None; 23.09.2023 14:34:48; 849.8577; -0.01222239; 203; Before; 18.54795; null
7; Driver; None; None; 23.09.2023 14:34:49; 849.8577; -0.01222238; 203; Before; 18.56081; null
7; Driver; None; None; 23.09.2023 14:34:49; 849.8577; -0.01222238; 203; Before; 18.58729; null
7; Driver; None; None; 23.09.2023 14:34:49; 849.8577; -0.01222238; 203; Before; 18.6014; null
7; Driver; None; None; 23.09.2023 14:34:49; 849.8577; -0.01222238; 203; Before; 18.62682; null
7; Driver; None; None; 23.09.2023 14:34:49; 849.8577; -0.01222239; 203; Before; 18.64095; null
7; Driver; None; None; 23.09.2023 14:34:49; 849.8577; -0.0122224; 203; Before; 18.66665; null
7; Driver; None; None; 23.09.2023 14:34:49; 849.8577; -0.01222241; 203; Before; 18.692; null
7; Driver; None; None; 23.09.2023 14:34:49; 849.8577; -0.01222242; 203; Before; 18.70522; null
7; Driver; None; None; 23.09.2023 14:34:49; 849.8577; -0.01222243; 203; Before; 18.71799; null
7; Driver; None; None; 23.09.2023 14:34:49; 849.8577; -0.01222244; 203; Before; 18.74422; null
7; Driver; None; None; 23.09.2023 14:34:49; 849.8577; -0.01222244; 203; Before; 18.77063; null
7; Driver; None; None; 23.09.2023 14:34:49; 849.8577; -0.01222245; 203; Before; 18.78347; null
7; Driver; None; None; 23.09.2023 14:34:49; 849.8577; -0.01222245; 203; Before; 18.79689; null
7; Driver; None; None; 23.09.2023 14:34:49; 849.8577; -0.01222245; 203; Before; 18.8241; null
7; Driver; None; None; 23.09.2023 14:34:49; 849.8577; -0.01222245; 203; Before; 18.84981; null
7; Driver; None; None; 23.09.2023 14:34:49; 849.8577; -0.01222244; 203; Before; 18.86287; null
7; Driver; None; None; 23.09.2023 14:34:49; 849.8577; -0.01222245; 203; Before; 18.89053; null
7; Driver; None; None; 23.09.2023 14:34:49; 849.8577; -0.01222244; 203; Before; 18.90476; null
7; Driver; None; None; 23.09.2023 14:34:49; 849.8577; -0.01222244; 203; Before; 18.91791; null
7; Driver; None; None; 23.09.2023 14:34:49; 849.8577; -0.01222244; 203; Before; 18.9437; null
7; Driver; None; None; 23.09.2023 14:34:49; 849.8577; -0.01222244; 203; Before; 18.96949; null
7; Driver; None; None; 23.09.2023 14:34:49; 849.8577; -0.01222244; 203; Before; 18.98454; null
7; Driver; None; None; 23.09.2023 14:34:49; 849.8577; -0.01222243; 203; Before; 18.99786; null
7; Driver; None; None; 23.09.2023 14:34:49; 849.8577; -0.01222243; 203; Before; 19.0242; null
7; Driver; None; None; 23.09.2023 14:34:49; 849.8577; -0.01222243; 203; Before; 19.03915; null
7; Driver; None; None; 23.09.2023 14:34:49; 849.8577; -0.01222242; 203; Before; 19.06477; null
7; Driver; None; None; 23.09.2023 14:34:49; 849.8577; -0.01222242; 203; Before; 19.09141; null
7; Driver; None; None; 23.09.2023 14:34:49; 849.8577; -0.01222242; 203; Before; 19.10554; null
7; Driver; None; None; 23.09.2023 14:34:49; 849.8577; -0.01222242; 203; Before; 19.11893; null
7; Driver; None; None; 23.09.2023 14:34:49; 849.8577; -0.01222242; 203; Before; 19.14583; null
7; Driver; None; None; 23.09.2023 14:34:49; 849.8577; -0.01222242; 203; Before; 19.16974; null
7; Driver; None; None; 23.09.2023 14:34:49; 849.8577; -0.01222242; 203; Before; 19.19504; null
7; Driver; None; None; 23.09.2023 14:34:49; 849.8577; -0.01222242; 203; Before; 19.20719; null
7; Driver; None; None; 23.09.2023 14:34:49; 849.8577; -0.01222242; 203; Before; 19.21996; null
7; Driver; None; None; 23.09.2023 14:34:49; 849.8577; -0.01222242; 203; Before; 19.24697; null
7; Driver; None; None; 23.09.2023 14:34:49; 849.8577; -0.01222242; 203; Before; 19.27394; null
7; Driver; None; None; 23.09.2023 14:34:49; 849.8577; -0.01222242; 203; Before; 19.28554; null
7; Driver; None; None; 23.09.2023 14:34:49; 849.8577; -0.01222242; 203; Before; 19.29855; null
7; Driver; None; None; 23.09.2023 14:34:49; 849.8577; -0.01222242; 203; Before; 19.32455; null
7; Driver; None; None; 23.09.2023 14:34:49; 849.8577; -0.01222242; 203; Before; 19.3503; null
7; Driver; None; None; 23.09.2023 14:34:49; 849.8577; -0.01222242; 203; Before; 19.36379; null
7; Driver; None; None; 23.09.2023 14:34:49; 849.8577; -0.01222242; 203; Before; 19.39334; null
7; Driver; None; None; 23.09.2023 14:34:49; 849.8577; -0.01222242; 203; Before; 19.39334; null
7; Driver; None; None; 23.09.2023 14:34:49; 849.8577; -0.01222242; 203; Before; 19.42047; null
7; Driver; None; None; 23.09.2023 14:34:49; 849.8577; -0.01222242; 203; Before; 19.44504; null
7; Driver; None; None; 23.09.2023 14:34:49; 849.8577; -0.01222242; 203; Before; 19.47062; null
7; Driver; None; None; 23.09.2023 14:34:49; 849.8577; -0.01222243; 203; Before; 19.48402; null
7; Driver; None; None; 23.09.2023 14:34:49; 849.8577; -0.01222243; 203; Before; 19.49693; null
7; Driver; None; None; 23.09.2023 14:34:49; 849.8577; -0.01222243; 203; Before; 19.52484; null
7; Driver; None; None; 23.09.2023 14:34:49; 849.8577; -0.01222243; 203; Before; 19.55015; null
7; Driver; None; None; 23.09.2023 14:34:50; 849.8577; -0.01222243; 203; Before; 19.56282; null
7; Driver; None; None; 23.09.2023 14:34:50; 849.8577; -0.01222243; 203; Before; 19.58977; null
7; Driver; None; None; 23.09.2023 14:34:50; 849.8577; -0.01222244; 203; Before; 19.60315; Checking Box AICar
7; Driver; None; None; 23.09.2023 14:34:50; 849.8577; -0.01222244; 203; Before; 19.61685; null
7; Driver; None; None; 23.09.2023 14:34:50; 849.8577; -0.01222244; 203; Before; 19.64319; null
7; Driver; None; None; 23.09.2023 14:34:50; 849.8577; -0.01222244; 203; Before; 19.66961; null
7; Driver; None; None; 23.09.2023 14:34:50; 849.8577; -0.01222244; 203; Before; 19.6964; null
7; Driver; None; None; 23.09.2023 14:34:50; 849.8577; -0.01222244; 203; Before; 19.6964; null
7; Driver; None; None; 23.09.2023 14:34:50; 849.8577; -0.01222244; 203; Before; 19.72238; null
7; Driver; None; None; 23.09.2023 14:34:50; 849.8577; -0.01222244; 203; Before; 19.74818; null
7; Driver; None; None; 23.09.2023 14:34:50; 849.8577; -0.01222244; 203; Before; 19.76187; null
7; Driver; None; None; 23.09.2023 14:34:50; 849.8577; -0.01222244; 203; Before; 19.79051; null
7; Driver; None; None; 23.09.2023 14:34:50; 849.8577; -0.01222244; 203; Before; 19.80415; null
7; Driver; None; None; 23.09.2023 14:34:50; 849.8577; -0.01222243; 203; Before; 19.81793; null
7; Driver; None; None; 23.09.2023 14:34:50; 849.8577; -0.01222242; 203; Before; 19.84314; null
7; Driver; None; None; 23.09.2023 14:34:50; 849.8577; -0.01222242; 203; Before; 19.86967; null
7; Driver; None; None; 23.09.2023 14:34:50; 849.8577; -0.01222242; 203; Before; 19.88412; null
7; Driver; None; None; 23.09.2023 14:34:50; 849.8577; -0.01222242; 203; Before; 19.8991; null
7; Driver; None; None; 23.09.2023 14:34:50; 849.8577; -0.01222242; 203; Before; 19.92627; null
7; Driver; None; None; 23.09.2023 14:34:50; 849.8577; -0.01222242; 203; Before; 19.93942; null
7; Driver; None; None; 23.09.2023 14:34:50; 849.8577; -0.01222242; 203; Before; 19.96602; null
7; Driver; None; None; 23.09.2023 14:34:50; 849.8577; -0.01222242; 203; Before; 19.99465; null
7; Driver; None; None; 23.09.2023 14:34:50; 849.8577; -0.01222242; 203; Before; 19.99465; null
7; Driver; None; None; 23.09.2023 14:34:50; 849.8577; -0.01222243; 203; Before; 20.02131; null
7; Driver; None; None; 23.09.2023 14:34:50; 849.8577; -0.01222243; 203; Before; 20.04733; null
7; Driver; None; None; 23.09.2023 14:34:50; 849.8577; -0.01222244; 203; Before; 20.06125; null
7; Driver; None; None; 23.09.2023 14:34:50; 849.8577; -0.01222244; 203; Before; 20.08749; null
7; Driver; None; None; 23.09.2023 14:34:50; 849.8577; -0.01222244; 203; Before; 20.10134; null
7; Driver; None; None; 23.09.2023 14:34:50; 849.8577; -0.01222244; 203; Before; 20.11517; null
7; Driver; None; None; 23.09.2023 14:34:50; 849.8577; -0.01222244; 203; Before; 20.14228; null
7; Driver; None; None; 23.09.2023 14:34:50; 849.8577; -0.01222244; 203; Before; 20.16932; null
7; Driver; None; None; 23.09.2023 14:34:50; 849.8577; -0.01222244; 203; Before; 20.19575; null
7; Driver; None; None; 23.09.2023 14:34:50; 849.8577; -0.01222244; 203; Before; 20.19575; null
7; Driver; None; None; 23.09.2023 14:34:50; 849.8577; -0.01222243; 203; Before; 20.22174; null
7; Driver; None; None; 23.09.2023 14:34:50; 849.8577; -0.01222243; 203; Before; 20.2487; null
7; Driver; None; None; 23.09.2023 14:34:50; 849.8577; -0.01222243; 203; Before; 20.2487; null
7; Driver; None; None; 23.09.2023 14:34:50; 849.8577; -0.01222243; 203; Before; 20.28822; null
7; Driver; None; None; 23.09.2023 14:34:50; 849.8577; -0.01222243; 203; Before; 20.30411; null
7; Driver; None; None; 23.09.2023 14:34:50; 849.8577; -0.01222243; 203; Before; 20.31718; null
7; Driver; None; None; 23.09.2023 14:34:50; 849.8577; -0.01222243; 203; Before; 20.34366; null
7; Driver; None; None; 23.09.2023 14:34:50; 849.8577; -0.01222243; 203; Before; 20.36945; null
7; Driver; None; None; 23.09.2023 14:34:50; 849.8577; -0.01222243; 203; Before; 20.39633; null
7; Driver; None; None; 23.09.2023 14:34:50; 849.8577; -0.01222244; 203; Before; 20.39633; null
7; Driver; None; None; 23.09.2023 14:34:50; 849.8577; -0.01222244; 203; Before; 20.42297; null
7; Driver; None; None; 23.09.2023 14:34:50; 849.8577; -0.01222244; 203; Before; 20.44782; null
7; Driver; None; None; 23.09.2023 14:34:50; 849.8577; -0.01222237; 203; Before; 20.47403; null
7; Driver; None; None; 23.09.2023 14:34:50; 849.8576; -0.01222232; 203; Before; 20.48654; null
7; Driver; None; None; 23.09.2023 14:34:50; 849.8572; -0.01222255; 203; Before; 20.50078; null
7; Driver; None; None; 23.09.2023 14:34:50; 849.8565; -0.01222253; 203; Before; 20.51859; null
7; Driver; None; None; 23.09.2023 14:34:50; 849.8553; -0.01222258; 203; Before; 20.53392; null
7; Driver; None; None; 23.09.2023 14:34:51; 849.8546; -0.01222273; 203; Before; 20.56728; null
7; Driver; None; None; 23.09.2023 14:34:51; 849.8526; -0.01222407; 203; Before; 20.5954; null
7; Driver; None; None; 23.09.2023 14:34:51; 849.8495; -0.01222547; 203; Before; 20.5954; null
7; Driver; None; None; 23.09.2023 14:34:51; 849.8453; -0.01222854; 203; Before; 20.62237; null
7; Driver; None; None; 23.09.2023 14:34:51; 849.8427; -0.01223132; 203; Before; 20.6502; null
7; Driver; None; None; 23.09.2023 14:34:51; 849.8364; -0.01223626; 203; Before; 20.66436; null
7; Driver; None; None; 23.09.2023 14:34:51; 849.8245; -0.01224257; 203; Before; 20.68252; Checking Box Human Car
7; Driver; None; None; 23.09.2023 14:34:51; 849.8197; -0.01224728; 203; Before; 20.6996; Checking Box Human Car
7; Driver; None; None; 23.09.2023 14:34:51; 849.8092; -0.01225304; 203; Before; 20.71535; Checking Box Human Car
7; Driver; None; None; 23.09.2023 14:34:51; 849.7972; -0.01226239; 203; Before; 20.73211; Checking Box Human Car
7; Driver; None; None; 23.09.2023 14:34:51; 849.7907; -0.01226871; 203; Before; 20.76515; Checking Box Human Car
7; Driver; None; None; 23.09.2023 14:34:51; 849.769; -0.01229444; 203; Before; 20.78292; Checking Box Human Car
7; Driver; None; None; 23.09.2023 14:34:51; 849.761; -0.01230392; 203; Before; 20.79648; Checking Box Human Car
7; Driver; None; None; 23.09.2023 14:34:51; 849.7526; -0.01231602; 203; Before; 20.82428; Checking Box Human Car
7; Driver; None; None; 23.09.2023 14:34:51; 849.7252; -0.01234784; 202.9999; Before; 20.8411; null
7; Driver; None; None; 23.09.2023 14:34:51; 849.7049; -0.01235921; 202.9999; Before; 20.85715; null
7; Driver; None; None; 23.09.2023 14:34:51; 849.6942; -0.01237107; 202.9999; Before; 20.89166; null
7; Driver; None; None; 23.09.2023 14:34:51; 849.6714; -0.01239084; 202.9998; Before; 20.89166; null
7; Driver; None; None; 23.09.2023 14:34:51; 849.6469; -0.01241554; 202.9998; Before; 20.92171; null
7; Driver; None; None; 23.09.2023 14:34:51; 849.634; -0.01243252; 202.9998; Before; 20.94745; null
7; Driver; None; None; 23.09.2023 14:34:51; 849.5927; -0.0124802; 202.9997; Before; 20.96098; null
7; Driver; None; None; 23.09.2023 14:34:51; 849.578; -0.01249286; 202.9997; Before; 20.98927; null
7; Driver; None; None; 23.09.2023 14:34:51; 849.5471; -0.01252631; 202.9997; Before; 21.0029; null
7; Driver; None; None; 23.09.2023 14:34:51; 849.5143; -0.01253794; 202.9997; Before; 21.01679; null
7; Driver; None; None; 23.09.2023 14:34:51; 849.4971; -0.01255094; 202.9996; Before; 21.05061; null
7; Driver; None; None; 23.09.2023 14:34:51; 849.4427; -0.01257436; 202.9996; Before; 21.06406; null
7; Driver; None; None; 23.09.2023 14:34:51; 849.4041; -0.01258217; 202.9996; Before; 21.07785; null
7; Driver; None; None; 23.09.2023 14:34:51; 849.384; -0.01258744; 202.9995; Before; 21.09228; null
7; Driver; None; None; 23.09.2023 14:34:51; 849.3424; -0.01261573; 202.9995; Before; 21.12374; null
7; Driver; None; None; 23.09.2023 14:34:51; 849.3209; -0.0126371; 202.9994; Before; 21.14963; null
7; Driver; None; None; 23.09.2023 14:34:51; 849.2535; -0.0126785; 202.9993; Before; 21.16345; null
7; Driver; None; None; 23.09.2023 14:34:51; 849.2301; -0.0126965; 202.9993; Before; 21.1913; null
7; Driver; None; None; 23.09.2023 14:34:51; 849.1816; -0.01271806; 202.9993; Before; 21.1913; null
7; Driver; None; None; 23.09.2023 14:34:51; 849.1312; -0.01274383; 202.9992; Before; 21.22102; null
7; Driver; None; None; 23.09.2023 14:34:51; 849.1052; -0.01276493; 202.9992; Before; 21.24733; null
7; Driver; None; None; 23.09.2023 14:34:51; 849.024; -0.01282; 202.9991; Before; 21.26064; null
7; Driver; None; None; 23.09.2023 14:34:51; 848.9959; -0.01283175; 202.999; Before; 21.28741; null
7; Driver; None; None; 23.09.2023 14:34:51; 848.9381; -0.01287125; 202.9989; Before; 21.3013; null
7; Driver; None; None; 23.09.2023 14:34:51; 848.9084; -0.01289727; 202.9989; Before; 21.32748; null
7; Driver; None; None; 23.09.2023 14:34:51; 848.8162; -0.01293312; 202.9987; Before; 21.34081; null
7; Driver; None; None; 23.09.2023 14:34:51; 848.7844; -0.01294829; 202.9987; Before; 21.36741; null
7; Driver; None; None; 23.09.2023 14:34:51; 848.7191; -0.01299326; 202.9986; Before; 21.39524; null
7; Driver; None; None; 23.09.2023 14:34:51; 848.6517; -0.01301481; 202.9985; Before; 21.39524; null
7; Driver; None; None; 23.09.2023 14:34:51; 848.582; -0.01303456; 202.9984; Before; 21.42216; null
7; Driver; None; None; 23.09.2023 14:34:51; 848.5464; -0.01305387; 202.9984; Before; 21.44923; null
7; Driver; None; None; 23.09.2023 14:34:51; 848.4364; -0.01306986; 202.9982; Before; 21.46288; null
7; Driver; None; None; 23.09.2023 14:34:51; 848.3986; -0.01308179; 202.9981; Before; 21.49064; null
7; Driver; None; None; 23.09.2023 14:34:51; 848.3215; -0.01308421; 202.998; Before; 21.49064; null
7; Driver; None; None; 23.09.2023 14:34:51; 848.2422; -0.01309649; 202.9979; Before; 21.52104; null
7; Driver; None; None; 23.09.2023 14:34:51; 848.2018; -0.01311707; 202.9978; Before; 21.54879; null
7; Driver; None; None; 23.09.2023 14:34:52; 848.0775; -0.01314157; 202.9976; Before; 21.56331; null
7; Driver; None; None; 23.09.2023 14:34:52; 848.035; -0.01315934; 202.9975; Before; 21.59083; null
7; Driver; None; None; 23.09.2023 14:34:52; 847.9484; -0.01321986; 202.9973; Before; 21.60533; null
7; Driver; None; None; 23.09.2023 14:34:52; 847.8597; -0.01325409; 202.9972; Before; 21.61788; null
7; Driver; None; None; 23.09.2023 14:34:52; 847.7689; -0.01328731; 202.997; Before; 21.644; null
7; Driver; None; None; 23.09.2023 14:34:52; 847.7227; -0.01331603; 202.9969; Before; 21.67145; null
7; Driver; None; None; 23.09.2023 14:34:52; 847.5808; -0.01334483; 202.9966; Before; 21.68492; null
7; Driver; None; None; 23.09.2023 14:34:52; 847.5324; -0.01336139; 202.9965; Before; 21.69907; null
7; Driver; None; None; 23.09.2023 14:34:52; 847.4341; -0.01341885; 202.9963; Before; 21.72549; null
7; Driver; None; None; 23.09.2023 14:34:52; 847.3841; -0.0134567; 202.9962; Before; 21.75045; null
7; Driver; None; None; 23.09.2023 14:34:52; 847.2308; -0.0134942; 202.9959; Before; 21.76401; null
7; Driver; None; None; 23.09.2023 14:34:52; 847.1786; -0.01351037; 202.9958; Before; 21.7916; null
7; Driver; None; None; 23.09.2023 14:34:52; 847.0726; -0.01356496; 202.9956; Before; 21.80656; null
7; Driver; None; None; 23.09.2023 14:34:52; 846.9644; -0.01353952; 202.9953; Before; 21.81972; null
7; Driver; None; None; 23.09.2023 14:34:52; 846.854; -0.01356968; 202.9951; Before; 21.84638; null
7; Driver; None; None; 23.09.2023 14:34:52; 846.798; -0.01359859; 202.9949; Before; 21.873; null
7; Driver; None; None; 23.09.2023 14:34:52; 846.6841; -0.01344164; 202.9947; Before; 21.88644; null
7; Driver; None; None; 23.09.2023 14:34:52; 846.5681; -0.01331916; 202.9944; Before; 21.90507; null
7; Driver; None; None; 23.09.2023 14:34:52; 846.4498; -0.01317718; 202.9941; Before; 21.91897; null
7; Driver; None; None; 23.09.2023 14:34:52; 846.3293; -0.01316068; 202.9938; Before; 21.94513; null
7; Driver; None; None; 23.09.2023 14:34:52; 846.2065; -0.01317218; 202.9935; Before; 21.95924; null
7; Driver; None; None; 23.09.2023 14:34:52; 846.1443; -0.01318253; 202.9933; Before; 21.98685; null
7; Driver; None; None; 23.09.2023 14:34:52; 846.0183; -0.01327194; 202.993; Before; 22.00163; null
7; Driver; None; None; 23.09.2023 14:34:52; 845.8901; -0.01335292; 202.9927; Before; 22.01599; null
7; Driver; None; None; 23.09.2023 14:34:52; 845.7596; -0.01343332; 202.9923; Before; 22.04262; null
7; Driver; None; None; 23.09.2023 14:34:52; 845.6936; -0.01349549; 202.9921; Before; 22.06911; null
7; Driver; None; None; 23.09.2023 14:34:52; 845.4921; -0.01359366; 202.9915; Before; 22.08312; null
7; Driver; None; None; 23.09.2023 14:34:52; 845.4238; -0.01363005; 202.9913; Before; 22.09818; null
7; Driver; None; None; 23.09.2023 14:34:52; 845.2855; -0.01373489; 202.991; Before; 22.12506; null
7; Driver; None; None; 23.09.2023 14:34:52; 845.1452; -0.01378656; 202.9905; Before; 22.13848; null
7; Driver; None; None; 23.09.2023 14:34:52; 845.0027; -0.01381051; 202.9901; Before; 22.16446; null
7; Driver; None; None; 23.09.2023 14:34:52; 844.9307; -0.01384131; 202.9899; Before; 22.19148; null
7; Driver; None; None; 23.09.2023 14:34:52; 844.785; -0.01384851; 202.9895; Before; 22.19148; null
7; Driver; None; None; 23.09.2023 14:34:52; 844.6372; -0.01384145; 202.989; Before; 22.22191; null
7; Driver; None; None; 23.09.2023 14:34:52; 844.5626; -0.01386282; 202.9888; Before; 22.24911; null
7; Driver; None; None; 23.09.2023 14:34:52; 844.3357; -0.01384436; 202.9881; Before; 22.26293; null
7; Driver; None; None; 23.09.2023 14:34:52; 844.2591; -0.01385088; 202.9879; Before; 22.29059; null
7; Driver; None; None; 23.09.2023 14:34:52; 844.1043; -0.01391527; 202.9874; Before; 22.30427; null
7; Driver; None; None; 23.09.2023 14:34:52; 843.9477; -0.01394052; 202.9869; Before; 22.31784; null
7; Driver; None; None; 23.09.2023 14:34:52; 843.7891; -0.01395227; 202.9865; Before; 22.34492; null
7; Driver; None; None; 23.09.2023 14:34:52; 843.6287; -0.01394121; 202.986; Before; 22.3592; null
7; Driver; None; None; 23.09.2023 14:34:52; 843.5479; -0.01392515; 202.9858; Before; 22.38731; null
7; Driver; None; None; 23.09.2023 14:34:52; 843.3848; -0.01396146; 202.9854; Before; 22.40245; null
7; Driver; None; None; 23.09.2023 14:34:52; 843.2204; -0.01397375; 202.9849; Before; 22.41676; null
7; Driver; None; None; 23.09.2023 14:34:52; 843.0545; -0.01398508; 202.9845; Before; 22.4433; null
7; Driver; None; None; 23.09.2023 14:34:52; 842.971; -0.01402193; 202.9843; Before; 22.4688; null
7; Driver; None; None; 23.09.2023 14:34:52; 842.7182; -0.01404281; 202.9836; Before; 22.48342; null
7; Driver; None; None; 23.09.2023 14:34:52; 842.6332; -0.01406243; 202.9834; Before; 22.4979; null
7; Driver; None; None; 23.09.2023 14:34:52; 842.462; -0.01415386; 202.983; Before; 22.52411; null
7; Driver; None; None; 23.09.2023 14:34:52; 842.2893; -0.01419426; 202.9826; Before; 22.53749; null
7; Driver; None; None; 23.09.2023 14:34:53; 842.1151; -0.01421121; 202.9821; Before; 22.56544; null
7; Driver; None; None; 23.09.2023 14:34:53; 842.0275; -0.01424563; 202.9819; Before; 22.59266; null
7; Driver; None; None; 23.09.2023 14:34:53; 841.851; -0.01434988; 202.9815; Before; 22.60609; null
7; Driver; None; None; 23.09.2023 14:34:53; 841.673; -0.01430313; 202.9811; Before; 22.61892; null
7; Driver; None; None; 23.09.2023 14:34:53; 841.4934; -0.01433538; 202.9807; Before; 22.64554; null
7; Driver; None; None; 23.09.2023 14:34:53; 841.3124; -0.01432251; 202.9802; Before; 22.65913; null
7; Driver; None; None; 23.09.2023 14:34:53; 841.2213; -0.0142982; 202.98; Before; 22.68907; null
7; Driver; None; None; 23.09.2023 14:34:53; 841.0381; -0.01431806; 202.9796; Before; 22.70301; null
7; Driver; None; None; 23.09.2023 14:34:53; 840.8535; -0.014304; 202.9792; Before; 22.71648; null
7; Driver; None; None; 23.09.2023 14:34:53; 840.6676; -0.01428651; 202.9788; Before; 22.74349; null
7; Driver; None; None; 23.09.2023 14:34:53; 840.5742; -0.01431307; 202.9786; Before; 22.77116; null
7; Driver; None; None; 23.09.2023 14:34:53; 840.2924; -0.01429806; 202.9781; Before; 22.78533; null
7; Driver; None; None; 23.09.2023 14:34:53; 840.1981; -0.01430952; 202.9779; Before; 22.79944; null
7; Driver; None; None; 23.09.2023 14:34:53; 840.1035; -0.01434306; 202.9777; Before; 22.82713; null
7; Driver; None; None; 23.09.2023 14:34:53; 839.8187; -0.01434323; 202.9772; Before; 22.84052; null
7; Driver; None; None; 23.09.2023 14:34:53; 839.7234; -0.01435799; 202.9771; Before; 22.86685; null
7; Driver; None; None; 23.09.2023 14:34:53; 839.5323; -0.01444702; 202.9768; Before; 22.89509; null
7; Driver; None; None; 23.09.2023 14:34:53; 839.3408; -0.01448076; 202.9765; Before; 22.89509; null
7; Driver; None; None; 23.09.2023 14:34:53; 839.1489; -0.01448892; 202.9762; Before; 22.92247; null
7; Driver; None; None; 23.09.2023 14:34:53; 839.0527; -0.01452173; 202.976; Before; 22.94913; null
7; Driver; None; None; 23.09.2023 14:34:53; 838.7641; -0.01449696; 202.9757; Before; 22.96351; null
7; Driver; None; None; 23.09.2023 14:34:53; 838.6678; -0.01449861; 202.9756; Before; 22.99249; null
7; Driver; None; None; 23.09.2023 14:34:53; 838.4752; -0.01445158; 202.9754; Before; 22.99249; null
7; Driver; None; None; 23.09.2023 14:34:53; 838.2826; -0.01440871; 202.9752; Before; 23.0211; null
7; Driver; None; None; 23.09.2023 14:34:53; 838.1863; -0.01442649; 202.9751; Before; 23.04716; null
7; Driver; None; None; 23.09.2023 14:34:53; 837.8981; -0.01439024; 202.9749; Before; 23.06132; null
7; Driver; None; None; 23.09.2023 14:34:53; 837.8022; -0.01439648; 202.9749; Before; 23.09079; null
7; Driver; None; None; 23.09.2023 14:34:53; 837.6108; -0.01447296; 202.9748; Before; 23.10477; null
7; Driver; None; None; 23.09.2023 14:34:53; 837.4198; -0.0144983; 202.9748; Before; 23.11799; null
7; Driver; None; None; 23.09.2023 14:34:53; 837.2292; -0.01449997; 202.9748; Before; 23.14451; null
7; Driver; None; None; 23.09.2023 14:34:53; 837.1342; -0.01452962; 202.9748; Before; 23.17173; null
7; Driver; None; None; 23.09.2023 14:34:53; 836.8494; -0.01449654; 202.975; Before; 23.18489; null
7; Driver; None; None; 23.09.2023 14:34:53; 836.7548; -0.01449481; 202.975; Before; 23.19847; null
7; Driver; None; None; 23.09.2023 14:34:53; 836.5657; -0.01454617; 202.9752; Before; 23.22476; null
7; Driver; None; None; 23.09.2023 14:34:53; 836.4714; -0.01459169; 202.9753; Before; 23.24991; null
7; Driver; None; None; 23.09.2023 14:34:53; 836.189; -0.01457644; 202.9756; Before; 23.26398; null
7; Driver; None; None; 23.09.2023 14:34:53; 836.095; -0.01457224; 202.9758; Before; 23.29047; null
7; Driver; None; None; 23.09.2023 14:34:53; 835.9075; -0.01460965; 202.976; Before; 23.30383; null
7; Driver; None; None; 23.09.2023 14:34:53; 835.7205; -0.01458384; 202.9764; Before; 23.31698; null
7; Driver; None; None; 23.09.2023 14:34:53; 835.5338; -0.01453167; 202.9768; Before; 23.34399; null
7; Driver; None; None; 23.09.2023 14:34:53; 835.4407; -0.01453509; 202.977; Before; 23.37024; null
7; Driver; None; None; 23.09.2023 14:34:53; 835.1618; -0.01443889; 202.9776; Before; 23.38412; null
7; Driver; None; None; 23.09.2023 14:34:53; 835.0691; -0.01442155; 202.9779; Before; 23.39903; null
7; Driver; None; None; 23.09.2023 14:34:53; 834.8839; -0.01444973; 202.9784; Before; 23.42612; null
7; Driver; None; None; 23.09.2023 14:34:53; 834.6992; -0.01443397; 202.9789; Before; 23.43976; null
7; Driver; None; None; 23.09.2023 14:34:53; 834.6069; -0.01440729; 202.9792; Before; 23.46632; null
7; Driver; None; None; 23.09.2023 14:34:53; 834.3309; -0.01435174; 202.9801; Before; 23.48052; null
7; Driver; None; None; 23.09.2023 14:34:53; 834.2391; -0.01431433; 202.9804; Before; 23.4964; null
7; Driver; None; None; 23.09.2023 14:34:53; 834.0559; -0.01431936; 202.9811; Before; 23.52458; null
7; Driver; None; None; 23.09.2023 14:34:53; 833.873; -0.01430084; 202.9818; Before; 23.53823; null
7; Driver; None; None; 23.09.2023 14:34:54; 833.6906; -0.01428294; 202.9825; Before; 23.56497; null
7; Driver; None; None; 23.09.2023 14:34:54; 833.5995; -0.014309; 202.9829; Before; 23.59225; null
7; Driver; None; None; 23.09.2023 14:34:54; 833.4178; -0.01430819; 202.9837; Before; 23.59225; null
7; Driver; None; None; 23.09.2023 14:34:54; 833.327; -0.01429213; 202.9841; Before; 23.62489; null
7; Driver; None; None; 23.09.2023 14:34:54; 833.0554; -0.01419082; 202.9854; Before; 23.64124; null
7; Driver; None; None; 23.09.2023 14:34:54; 832.9651; -0.01418431; 202.9859; Before; 23.66924; null
7; Driver; None; None; 23.09.2023 14:34:54; 832.6947; -0.01420155; 202.9873; Before; 23.68292; null
7; Driver; None; None; 23.09.2023 14:34:54; 832.6048; -0.01418936; 202.9878; Before; 23.69674; null
7; Driver; None; None; 23.09.2023 14:34:54; 832.515; -0.01420347; 202.9883; Before; 23.72325; null
7; Driver; None; None; 23.09.2023 14:34:54; 832.2462; -0.01417636; 202.9898; Before; 23.74038; null
7; Driver; None; None; 23.09.2023 14:34:54; 832.1568; -0.01418745; 202.9903; Before; 23.76751; null
7; Driver; None; None; 23.09.2023 14:34:54; 831.8892; -0.01423581; 202.992; Before; 23.78351; null
7; Driver; None; None; 23.09.2023 14:34:54; 831.8002; -0.01422772; 202.9925; Before; 23.79772; null
7; Driver; None; None; 23.09.2023 14:34:54; 831.7114; -0.01424293; 202.9931; Before; 23.8265; null
7; Driver; None; None; 23.09.2023 14:34:54; 831.4453; -0.01420749; 202.9949; Before; 23.84026; null
7; Driver; None; None; 23.09.2023 14:34:54; 831.3568; -0.01421282; 202.9955; Before; 23.86857; null
7; Driver; None; None; 23.09.2023 14:34:54; 831.1802; -0.01418452; 202.9967; Before; 23.88489; null
7; Driver; None; None; 23.09.2023 14:34:54; 831.0039; -0.01416467; 202.998; Before; 23.90017; null
7; Driver; None; None; 23.09.2023 14:34:54; 830.8281; -0.01413762; 202.9993; Before; 23.91641; null
7; Driver; None; None; 23.09.2023 14:34:54; 830.6526; -0.01412329; 203.0006; Before; 23.94449; null
7; Driver; None; None; 23.09.2023 14:34:54; 830.4776; -0.01410417; 203.002; Before; 23.95984; null
7; Driver; None; None; 23.09.2023 14:34:54; 830.3903; -0.01408746; 203.0027; Before; 23.99026; null
7; Driver; None; None; 23.09.2023 14:34:54; 830.2158; -0.01413227; 203.0042; Before; 24.00518; null
7; Driver; None; None; 23.09.2023 14:34:54; 830.0417; -0.01407422; 203.0056; Before; 24.01993; null
7; Driver; None; None; 23.09.2023 14:34:54; 829.9549; -0.01408822; 203.0064; Before; 24.04748; null
7; Driver; None; None; 23.09.2023 14:34:54; 829.6949; -0.01414854; 203.0087; Before; 24.06194; null
7; Driver; None; None; 23.09.2023 14:34:54; 829.6084; -0.01414556; 203.0094; Before; 24.08993; null
7; Driver; None; None; 23.09.2023 14:34:54; 829.4357; -0.01410704; 203.011; Before; 24.08993; null
7; Driver; None; None; 23.09.2023 14:34:54; 829.2635; -0.01408344; 203.0126; Before; 24.12039; null
7; Driver; None; None; 23.09.2023 14:34:54; 829.1775; -0.01410908; 203.0135; Before; 24.14809; null
7; Driver; None; None; 23.09.2023 14:34:54; 828.9202; -0.01410808; 203.016; Before; 24.16224; null
7; Driver; None; None; 23.09.2023 14:34:54; 828.8346; -0.01412326; 203.0169; Before; 24.19018; null
7; Driver; None; None; 23.09.2023 14:34:54; 828.6637; -0.0142077; 203.0186; Before; 24.20434; null
7; Driver; None; None; 23.09.2023 14:34:54; 828.4932; -0.01416472; 203.0204; Before; 24.21796; null
7; Driver; None; None; 23.09.2023 14:34:54; 828.4081; -0.0141772; 203.0213; Before; 24.2495; null
7; Driver; None; None; 23.09.2023 14:34:54; 828.1534; -0.01413361; 203.024; Before; 24.26362; null
7; Driver; None; None; 23.09.2023 14:34:54; 828.0687; -0.01413498; 203.0249; Before; 24.29196; null
7; Driver; None; None; 23.09.2023 14:34:54; 827.8999; -0.01410065; 203.0268; Before; 24.29196; null
7; Driver; None; None; 23.09.2023 14:34:54; 827.732; -0.01407507; 203.0287; Before; 24.32361; null
7; Driver; None; None; 23.09.2023 14:34:54; 827.5657; -0.0140441; 203.0306; Before; 24.3384; null
7; Driver; None; None; 23.09.2023 14:34:54; 827.4833; -0.01402172; 203.0316; Before; 24.36626; null
7; Driver; None; None; 23.09.2023 14:34:54; 827.2397; -0.01400389; 203.0345; Before; 24.38197; null
7; Driver; None; None; 23.09.2023 14:34:54; 827.1594; -0.01398616; 203.0354; Before; 24.3966; null
7; Driver; None; None; 23.09.2023 14:34:54; 827; -0.01393327; 203.0374; Before; 24.41254; null
7; Driver; None; None; 23.09.2023 14:34:54; 826.8423; -0.01381871; 203.0393; Before; 24.43107; null
7; Driver; None; None; 23.09.2023 14:34:54; 826.7642; -0.01377175; 203.0403; Before; 24.46578; null
7; Driver; None; None; 23.09.2023 14:34:54; 826.5322; -0.01373196; 203.0432; Before; 24.48099; null
7; Driver; None; None; 23.09.2023 14:34:54; 826.4557; -0.01372134; 203.0442; Before; 24.49565; null
7; Driver; None; None; 23.09.2023 14:34:54; 826.3796; -0.01373952; 203.0452; Before; 24.52699; null
7; Driver; None; None; 23.09.2023 14:34:54; 826.154; -0.01375889; 203.0482; Before; 24.54219; null
7; Driver; None; None; 23.09.2023 14:34:55; 826.0796; -0.01378529; 203.0492; Before; 24.57184; null
7; Driver; None; None; 23.09.2023 14:34:55; 825.9321; -0.0138056; 203.0511; Before; 24.58642; null
7; Driver; None; None; 23.09.2023 14:34:55; 825.7863; -0.01382597; 203.0531; Before; 24.6012; null
7; Driver; None; None; 23.09.2023 14:34:55; 825.6422; -0.01382926; 203.0551; Before; 24.61652; null
7; Driver; None; None; 23.09.2023 14:34:55; 825.4998; -0.01382911; 203.0571; Before; 24.64489; null
7; Driver; None; None; 23.09.2023 14:34:55; 825.3589; -0.01381243; 203.0591; Before; 24.65964; null
7; Driver; None; None; 23.09.2023 14:34:55; 825.2892; -0.0137939; 203.0601; Before; 24.68795; null
7; Driver; None; None; 23.09.2023 14:34:55; 825.1509; -0.01381234; 203.0621; Before; 24.70285; null
7; Driver; None; None; 23.09.2023 14:34:55; 825.0143; -0.0136667; 203.064; Before; 24.70285; null
7; Driver; None; None; 23.09.2023 14:34:55; 824.8794; -0.01343296; 203.066; Before; 24.71787; null
7; Driver; None; None; 23.09.2023 14:34:55; 824.7461; -0.01322847; 203.068; Before; 24.75381; null
7; Driver; None; None; 23.09.2023 14:34:55; 824.6144; -0.01312897; 203.07; Before; 24.77672; null
7; Driver; None; None; 23.09.2023 14:34:55; 824.5492; -0.01310748; 203.071; Before; 24.79505; null
7; Driver; None; None; 23.09.2023 14:34:55; 824.42; -0.01310195; 203.073; Before; 24.8112; null
7; Driver; None; None; 23.09.2023 14:34:55; 824.356; -0.01311741; 203.074; Before; 24.84382; null
7; Driver; None; None; 23.09.2023 14:34:55; 824.1663; -0.01319663; 203.0769; Before; 24.86085; null
7; Driver; None; None; 23.09.2023 14:34:55; 824.0419; -0.01325883; 203.0789; Before; 24.87757; null
7; Driver; None; None; 23.09.2023 14:34:55; 823.9803; -0.01329032; 203.0798; Before; 24.89317; null
7; Driver; None; None; 23.09.2023 14:34:55; 823.8584; -0.0133406; 203.0818; Before; 24.91044; null
7; Driver; None; None; 23.09.2023 14:34:55; 823.7381; -0.01333428; 203.0837; Before; 24.92994; null
7; Driver; None; None; 23.09.2023 14:34:55; 823.6194; -0.01328688; 203.0856; Before; 24.95084; null
7; Driver; None; None; 23.09.2023 14:34:55; 823.5606; -0.01327074; 203.0866; Before; 24.98688; null
7; Driver; None; None; 23.09.2023 14:34:55; 823.4443; -0.01330943; 203.0885; Before; 25.00439; null
7; Driver; None; None; 23.09.2023 14:34:55; 823.3296; -0.01329529; 203.0904; Before; 25.01995; null
7; Driver; None; None; 23.09.2023 14:34:55; 823.2165; -0.01329548; 203.0923; Before; 25.03472; null
7; Driver; None; None; 23.09.2023 14:34:55; 823.105; -0.01325034; 203.0942; Before; 25.05032; null
7; Driver; None; None; 23.09.2023 14:34:55; 823.0498; -0.01323294; 203.0951; Before; 25.08707; null
7; Driver; None; None; 23.09.2023 14:34:55; 822.9406; -0.01335862; 203.097; Before; 25.08707; null
7; Driver; None; None; 23.09.2023 14:34:55; 822.833; -0.01348374; 203.0988; Before; 25.12135; null
7; Driver; None; None; 23.09.2023 14:34:55; 822.727; -0.01357122; 203.1007; Before; 25.13725; null
7; Driver; None; None; 23.09.2023 14:34:55; 822.6746; -0.01360304; 203.1016; Before; 25.16706; null
7; Driver; None; None; 23.09.2023 14:34:55; 822.5197; -0.01362598; 203.1043; Before; 25.18335; null
7; Driver; None; None; 23.09.2023 14:34:55; 822.4689; -0.01363642; 203.1052; Before; 25.19843; null
7; Driver; None; None; 23.09.2023 14:34:55; 822.3684; -0.01361902; 203.107; Before; 25.21297; null
7; Driver; None; None; 23.09.2023 14:34:55; 822.2695; -0.01354469; 203.1088; Before; 25.22823; null
7; Driver; None; None; 23.09.2023 14:34:55; 822.2206; -0.01350994; 203.1096; Before; 25.26603; null
7; Driver; None; None; 23.09.2023 14:34:55; 822.0763; -0.01339733; 203.1123; Before; 25.2835; null
7; Driver; None; None; 23.09.2023 14:34:55; 822.029; -0.01338159; 203.1131; Before; 25.29908; null
7; Driver; None; None; 23.09.2023 14:34:55; 821.9355; -0.01333968; 203.1148; Before; 25.31404; null
7; Driver; None; None; 23.09.2023 14:34:55; 821.8893; -0.01332399; 203.1157; Before; 25.3449; null
7; Driver; None; None; 23.09.2023 14:34:55; 821.7531; -0.01327181; 203.1182; Before; 25.36029; null
7; Driver; None; None; 23.09.2023 14:34:55; 821.6642; -0.01323916; 203.1198; Before; 25.37781; null
7; Driver; None; None; 23.09.2023 14:34:55; 821.6204; -0.01322915; 203.1207; Before; 25.39266; null
7; Driver; None; None; 23.09.2023 14:34:55; 821.5338; -0.0132033; 203.1223; Before; 25.41076; null
7; Driver; None; None; 23.09.2023 14:34:55; 821.4487; -0.01320392; 203.1239; Before; 25.44405; null
7; Driver; None; None; 23.09.2023 14:34:55; 821.3651; -0.01320482; 203.1255; Before; 25.45922; null
7; Driver; None; None; 23.09.2023 14:34:55; 821.3239; -0.01320683; 203.1263; Before; 25.48924; null
7; Driver; None; None; 23.09.2023 14:34:55; 821.2426; -0.01319705; 203.1278; Before; 25.48924; null
7; Driver; None; None; 23.09.2023 14:34:55; 821.1628; -0.01320229; 203.1293; Before; 25.52185; null
7; Driver; None; None; 23.09.2023 14:34:55; 821.0846; -0.01320015; 203.1308; Before; 25.5364; null
7; Driver; None; None; 23.09.2023 14:34:56; 821.0078; -0.01316339; 203.1323; Before; 25.55205; null
7; Driver; None; None; 23.09.2023 14:34:56; 820.9326; -0.01310445; 203.1338; Before; 25.5743; null
7; Driver; None; None; 23.09.2023 14:34:56; 820.8955; -0.01308286; 203.1345; Before; 25.59376; null
7; Driver; None; None; 23.09.2023 14:34:56; 820.8588; -0.01307589; 203.1353; Before; 25.62529; null
7; Driver; None; None; 23.09.2023 14:34:56; 820.751; -0.01305036; 203.1374; Before; 25.64145; null
7; Driver; None; None; 23.09.2023 14:34:56; 820.7158; -0.0130565; 203.1381; Before; 25.6712; null
7; Driver; None; None; 23.09.2023 14:34:56; 820.6464; -0.01305598; 203.1395; Before; 25.68605; null
7; Driver; None; None; 23.09.2023 14:34:56; 820.5786; -0.01306626; 203.1408; Before; 25.70123; null
7; Driver; None; None; 23.09.2023 14:34:56; 820.5121; -0.01304137; 203.1421; Before; 25.717; null
7; Driver; None; None; 23.09.2023 14:34:56; 820.4472; -0.01299639; 203.1434; Before; 25.73521; null
7; Driver; None; None; 23.09.2023 14:34:56; 820.4153; -0.0129943; 203.1441; Before; 25.77043; null
7; Driver; None; None; 23.09.2023 14:34:56; 820.3219; -0.01297624; 203.146; Before; 25.78475; null
7; Driver; None; None; 23.09.2023 14:34:56; 820.2914; -0.01298066; 203.1466; Before; 25.79976; null
7; Driver; None; None; 23.09.2023 14:34:56; 820.2316; -0.01295204; 203.1478; Before; 25.81588; null
7; Driver; None; None; 23.09.2023 14:34:56; 820.2023; -0.01295457; 203.1484; Before; 25.84767; null
7; Driver; None; None; 23.09.2023 14:34:56; 820.1447; -0.01294745; 203.1496; Before; 25.86353; null
7; Driver; None; None; 23.09.2023 14:34:56; 820.0885; -0.01291671; 203.1507; Before; 25.8802; null
7; Driver; None; None; 23.09.2023 14:34:56; 820.0339; -0.01290169; 203.1518; Before; 25.90155; null
7; Driver; None; None; 23.09.2023 14:34:56; 819.9801; -0.01286559; 203.1529; Before; 25.9197; null
7; Driver; None; None; 23.09.2023 14:34:56; 819.9264; -0.01284061; 203.154; Before; 25.93454; null
7; Driver; None; None; 23.09.2023 14:34:56; 819.8996; -0.01283211; 203.1546; Before; 25.96521; null
7; Driver; None; None; 23.09.2023 14:34:56; 819.8193; -0.01282659; 203.1563; Before; 25.98187; null
7; Driver; None; None; 23.09.2023 14:34:56; 819.7927; -0.01282523; 203.1568; Before; 25.9969; null
7; Driver; None; None; 23.09.2023 14:34:56; 819.7394; -0.01281524; 203.158; Before; 26.01242; null
7; Driver; None; None; 23.09.2023 14:34:56; 819.7128; -0.01281255; 203.1585; Before; 26.04345; null
7; Driver; None; None; 23.09.2023 14:34:56; 819.6332; -0.01279833; 203.1602; Before; 26.06118; null
7; Driver; None; None; 23.09.2023 14:34:56; 819.5803; -0.01278775; 203.1614; Before; 26.07909; null
7; Driver; None; None; 23.09.2023 14:34:56; 819.5538; -0.01278584; 203.1619; Before; 26.09508; null
7; Driver; None; None; 23.09.2023 14:34:56; 819.5275; -0.0127928; 203.1625; Before; 26.12653; null
7; Driver; None; None; 23.09.2023 14:34:56; 819.4485; -0.01280179; 203.1642; Before; 26.14177; null
7; Driver; None; None; 23.09.2023 14:34:56; 819.4222; -0.01281322; 203.1647; Before; 26.17148; null
7; Driver; None; None; 23.09.2023 14:34:56; 819.3698; -0.01282366; 203.1659; Before; 26.18606; null
7; Driver; None; None; 23.09.2023 14:34:56; 819.3175; -0.01281106; 203.167; Before; 26.18606; null
7; Driver; None; None; 23.09.2023 14:34:56; 819.2653; -0.0128123; 203.1681; Before; 26.22073; null
7; Driver; None; None; 23.09.2023 14:34:56; 819.2133; -0.01281277; 203.1693; Before; 26.23837; null
7; Driver; None; None; 23.09.2023 14:34:56; 819.1873; -0.01281422; 203.1698; Before; 26.26783; null
7; Driver; None; None; 23.09.2023 14:34:56; 819.1095; -0.01280849; 203.1715; Before; 26.28391; null
7; Driver; None; None; 23.09.2023 14:34:56; 819.0836; -0.01281565; 203.1721; Before; 26.29879; null
7; Driver; None; None; 23.09.2023 14:34:56; 819.032; -0.01281909; 203.1732; Before; 26.31312; null
7; Driver; None; None; 23.09.2023 14:34:56; 818.9805; -0.01280157; 203.1743; Before; 26.32801; null
7; Driver; None; None; 23.09.2023 14:34:56; 818.9291; -0.01277073; 203.1755; Before; 26.35063; null
7; Driver; None; None; 23.09.2023 14:34:56; 818.9034; -0.01276123; 203.176; Before; 26.38699; null
7; Driver; None; None; 23.09.2023 14:34:56; 818.8521; -0.01274309; 203.1772; Before; 26.38699; null
7; Driver; None; None; 23.09.2023 14:34:56; 818.801; -0.0127463; 203.1783; Before; 26.42021; null
7; Driver; None; None; 23.09.2023 14:34:56; 818.7755; -0.01276106; 203.1789; Before; 26.44866; null
7; Driver; None; None; 23.09.2023 14:34:56; 818.699; -0.01278961; 203.1806; Before; 26.46283; null
7; Driver; None; None; 23.09.2023 14:34:56; 818.6736; -0.01280546; 203.1812; Before; 26.49192; null
7; Driver; None; None; 23.09.2023 14:34:56; 818.6229; -0.01282217; 203.1823; Before; 26.49192; null
7; Driver; None; None; 23.09.2023 14:34:56; 818.5976; -0.01282879; 203.1829; Before; 26.52367; null
7; Driver; None; None; 23.09.2023 14:34:56; 818.5219; -0.0128289; 203.1846; Before; 26.54132; null
7; Driver; None; None; 23.09.2023 14:34:57; 818.4715; -0.0128185; 203.1858; Before; 26.55896; null
7; Driver; None; None; 23.09.2023 14:34:57; 818.4464; -0.0128144; 203.1864; Before; 26.58791; null
7; Driver; None; None; 23.09.2023 14:34:57; 818.3962; -0.01282702; 203.1875; Before; 26.60365; null
7; Driver; None; None; 23.09.2023 14:34:57; 818.3461; -0.01281188; 203.1887; Before; 26.61872; null
7; Driver; None; None; 23.09.2023 14:34:57; 818.321; -0.01281728; 203.1893; Before; 26.64794; null
7; Driver; None; None; 23.09.2023 14:34:57; 818.2462; -0.01281567; 203.191; Before; 26.6626; null
7; Driver; None; None; 23.09.2023 14:34:57; 818.1965; -0.01280546; 203.1922; Before; 26.67757; null
7; Driver; None; None; 23.09.2023 14:34:57; 818.1716; -0.01280167; 203.1928; Before; 26.69605; null
7; Driver; None; None; 23.09.2023 14:34:57; 818.122; -0.01276815; 203.194; Before; 26.71432; null
7; Driver; None; None; 23.09.2023 14:34:57; 818.097; -0.01276781; 203.1945; Before; 26.74681; null
7; Driver; None; None; 23.09.2023 14:34:57; 818.0209; -0.01276106; 203.1964; Before; 26.76293; null
7; Driver; None; None; 23.09.2023 14:34:57; 817.995; -0.01276903; 203.197; Before; 26.79223; null
7; Driver; None; None; 23.09.2023 14:34:57; 817.9425; -0.01277548; 203.1983; Before; 26.79223; null
7; Driver; None; None; 23.09.2023 14:34:57; 817.9159; -0.01277998; 203.1989; Before; 26.82498; null
7; Driver; None; None; 23.09.2023 14:34:57; 817.8344; -0.01278302; 203.2009; Before; 26.84049; null
7; Driver; None; None; 23.09.2023 14:34:57; 817.7787; -0.012781; 203.2022; Before; 26.85829; null
7; Driver; None; None; 23.09.2023 14:34:57; 817.7504; -0.01278305; 203.2029; Before; 26.89102; null
7; Driver; None; None; 23.09.2023 14:34:57; 817.6927; -0.01278164; 203.2043; Before; 26.89102; null
7; Driver; None; None; 23.09.2023 14:34:57; 817.6339; -0.01279783; 203.2058; Before; 26.9216; null
7; Driver; None; None; 23.09.2023 14:34:57; 817.5736; -0.0128141; 203.2073; Before; 26.93644; null
7; Driver; None; None; 23.09.2023 14:34:57; 817.543; -0.01282417; 203.2081; Before; 26.9652; null
7; Driver; None; None; 23.09.2023 14:34:57; 817.4491; -0.01286719; 203.2104; Before; 26.98207; null
7; Driver; None; None; 23.09.2023 14:34:57; 817.4171; -0.01287944; 203.2112; Before; 26.99711; null
7; Driver; None; None; 23.09.2023 14:34:57; 817.3522; -0.01286716; 203.2128; Before; 27.01452; null
7; Driver; None; None; 23.09.2023 14:34:57; 817.286; -0.01286668; 203.2145; Before; 27.03322; null
7; Driver; None; None; 23.09.2023 14:34:57; 817.2524; -0.01287115; 203.2153; Before; 27.0664; null
7; Driver; None; None; 23.09.2023 14:34:57; 817.1495; -0.01288191; 203.2179; Before; 27.08239; null
7; Driver; None; None; 23.09.2023 14:34:57; 817.1145; -0.01290064; 203.2188; Before; 27.09805; null
7; Driver; None; None; 23.09.2023 14:34:57; 817.0435; -0.01292626; 203.2206; Before; 27.11318; null
7; Driver; None; None; 23.09.2023 14:34:57; 816.971; -0.01296592; 203.2225; Before; 27.1426; null
7; Driver; None; None; 23.09.2023 14:34:57; 816.8972; -0.01299782; 203.2244; Before; 27.15798; null
7; Driver; None; None; 23.09.2023 14:34:57; 816.8218; -0.01299643; 203.2264; Before; 27.17493; null
7; Driver; None; None; 23.09.2023 14:34:57; 816.7836; -0.01299949; 203.2274; Before; 27.19346; null
7; Driver; None; None; 23.09.2023 14:34:57; 816.7061; -0.0130404; 203.2294; Before; 27.22478; null
7; Driver; None; None; 23.09.2023 14:34:57; 816.6271; -0.01307089; 203.2314; Before; 27.23937; null
7; Driver; None; None; 23.09.2023 14:34:57; 816.5871; -0.01308511; 203.2325; Before; 27.2694; null
7; Driver; None; None; 23.09.2023 14:34:57; 816.5058; -0.013096; 203.2346; Before; 27.28565; null
7; Driver; None; None; 23.09.2023 14:34:57; 816.4229; -0.01312048; 203.2368; Before; 27.30047; null
7; Driver; None; None; 23.09.2023 14:34:57; 816.3383; -0.01310459; 203.2391; Before; 27.3174; null
7; Driver; None; None; 23.09.2023 14:34:57; 816.252; -0.01306726; 203.2414; Before; 27.33499; null
7; Driver; None; None; 23.09.2023 14:34:57; 816.1639; -0.01305322; 203.2437; Before; 27.3547; null
7; Driver; None; None; 23.09.2023 14:34:57; 816.1191; -0.01305502; 203.2449; Before; 27.38701; null
7; Driver; None; None; 23.09.2023 14:34:57; 816.0282; -0.01310642; 203.2474; Before; 27.40267; null
7; Driver; None; None; 23.09.2023 14:34:57; 815.9353; -0.01311739; 203.2499; Before; 27.41883; null
7; Driver; None; None; 23.09.2023 14:34:57; 815.8404; -0.01314039; 203.2525; Before; 27.4334; null
7; Driver; None; None; 23.09.2023 14:34:57; 815.7922; -0.0131563; 203.2538; Before; 27.46669; null
7; Driver; None; None; 23.09.2023 14:34:57; 815.6943; -0.01317583; 203.2565; Before; 27.48368; null
7; Driver; None; None; 23.09.2023 14:34:57; 815.5944; -0.01316507; 203.2592; Before; 27.48368; null
7; Driver; None; None; 23.09.2023 14:34:57; 815.4926; -0.01319172; 203.262; Before; 27.52129; null
7; Driver; None; None; 23.09.2023 14:34:57; 815.3889; -0.01322353; 203.2649; Before; 27.53709; null
7; Driver; None; None; 23.09.2023 14:34:58; 815.3362; -0.01324389; 203.2664; Before; 27.56644; null
7; Driver; None; None; 23.09.2023 14:34:58; 815.1755; -0.01332876; 203.2709; Before; 27.58214; null
7; Driver; None; None; 23.09.2023 14:34:58; 815.121; -0.01335323; 203.2724; Before; 27.59726; null
7; Driver; None; None; 23.09.2023 14:34:58; 815.0106; -0.01337993; 203.2755; Before; 27.61218; null
7; Driver; None; None; 23.09.2023 14:34:58; 814.9547; -0.013395; 203.2771; Before; 27.64417; null
7; Driver; None; None; 23.09.2023 14:34:58; 814.8414; -0.01323301; 203.2803; Before; 27.66327; null
7; Driver; None; None; 23.09.2023 14:34:58; 814.6678; -0.01306421; 203.2853; Before; 27.68149; null
7; Driver; None; None; 23.09.2023 14:34:58; 814.609; -0.01303188; 203.287; Before; 27.69724; null
7; Driver; None; None; 23.09.2023 14:34:58; 814.4898; -0.01299541; 203.2904; Before; 27.71194; null
7; Driver; None; None; 23.09.2023 14:34:58; 814.4294; -0.01299432; 203.2922; Before; 27.74374; null
7; Driver; None; None; 23.09.2023 14:34:58; 814.2453; -0.01303284; 203.2975; Before; 27.76093; null
7; Driver; None; None; 23.09.2023 14:34:58; 814.1199; -0.01308316; 203.3012; Before; 27.77579; null
7; Driver; None; None; 23.09.2023 14:34:58; 814.0565; -0.01311493; 203.3031; Before; 27.79083; null
7; Driver; None; None; 23.09.2023 14:34:58; 813.9281; -0.01317683; 203.3069; Before; 27.80915; null
7; Driver; None; None; 23.09.2023 14:34:58; 813.8632; -0.01321008; 203.3088; Before; 27.84622; null
7; Driver; None; None; 23.09.2023 14:34:58; 813.6656; -0.01329683; 203.3148; Before; 27.86213; null
7; Driver; None; None; 23.09.2023 14:34:58; 813.5319; -0.01334268; 203.3188; Before; 27.8782; null
7; Driver; None; None; 23.09.2023 14:34:58; 813.4644; -0.01336454; 203.3208; Before; 27.8932; null
7; Driver; None; None; 23.09.2023 14:34:58; 813.3966; -0.01340907; 203.3229; Before; 27.92536; null
7; Driver; None; None; 23.09.2023 14:34:58; 813.1913; -0.01349623; 203.3292; Before; 27.94063; null
7; Driver; None; None; 23.09.2023 14:34:58; 813.0532; -0.01352248; 203.3335; Before; 27.95513; null
7; Driver; None; None; 23.09.2023 14:34:58; 812.9144; -0.01348434; 203.3378; Before; 27.96943; null
7; Driver; None; None; 23.09.2023 14:34:58; 812.8448; -0.01347017; 203.3399; Before; 27.98931; null
7; Driver; None; None; 23.09.2023 14:34:58; 812.7752; -0.01348411; 203.3421; Before; 28.02606; null
7; Driver; None; None; 23.09.2023 14:34:58; 812.5667; -0.01350771; 203.3487; Before; 28.04069; null
7; Driver; None; None; 23.09.2023 14:34:58; 812.4973; -0.01353918; 203.3509; Before; 28.06963; null
7; Driver; None; None; 23.09.2023 14:34:58; 812.3588; -0.01357822; 203.3553; Before; 28.08579; null
7; Driver; None; None; 23.09.2023 14:34:58; 812.2207; -0.01362459; 203.3597; Before; 28.10127; null
7; Driver; None; None; 23.09.2023 14:34:58; 812.0828; -0.01359629; 203.3641; Before; 28.11718; null
7; Driver; None; None; 23.09.2023 14:34:58; 811.9453; -0.01358017; 203.3685; Before; 28.13141; null
7; Driver; None; None; 23.09.2023 14:34:58; 811.8766; -0.01349473; 203.3707; Before; 28.14963; null
7; Driver; None; None; 23.09.2023 14:34:58; 811.7396; -0.01335873; 203.3751; Before; 28.18526; null
7; Driver; None; None; 23.09.2023 14:34:58; 811.6029; -0.01322976; 203.3795; Before; 28.18526; null
7; Driver; None; None; 23.09.2023 14:34:58; 811.4665; -0.01319708; 203.3838; Before; 28.22153; null
7; Driver; None; None; 23.09.2023 14:34:58; 811.3304; -0.01322438; 203.3882; Before; 28.23668; null
7; Driver; None; None; 23.09.2023 14:34:58; 811.2625; -0.01324882; 203.3903; Before; 28.26557; null
7; Driver; None; None; 23.09.2023 14:34:58; 811.1268; -0.01330158; 203.3946; Before; 28.28176; null
7; Driver; None; None; 23.09.2023 14:34:58; 810.9915; -0.01338637; 203.3989; Before; 28.30003; null
7; Driver; None; None; 23.09.2023 14:34:58; 810.8564; -0.01341024; 203.4031; Before; 28.31932; null
7; Driver; None; None; 23.09.2023 14:34:58; 810.7217; -0.01344819; 203.4073; Before; 28.33513; null
7; Driver; None; None; 23.09.2023 14:34:58; 810.6545; -0.01346458; 203.4093; Before; 28.36736; null
7; Driver; None; None; 23.09.2023 14:34:58; 810.4529; -0.01348938; 203.4154; Before; 28.38363; null
7; Driver; None; None; 23.09.2023 14:34:58; 810.3857; -0.01351815; 203.4174; Before; 28.3994; null
7; Driver; None; None; 23.09.2023 14:34:58; 810.2512; -0.01348919; 203.4213; Before; 28.41523; null
7; Driver; None; None; 23.09.2023 14:34:58; 810.1165; -0.01347817; 203.4251; Before; 28.43131; null
7; Driver; None; None; 23.09.2023 14:34:58; 810.049; -0.01347341; 203.427; Before; 28.46625; null
7; Driver; None; None; 23.09.2023 14:34:58; 809.9139; -0.01345764; 203.4306; Before; 28.4845; null
7; Driver; None; None; 23.09.2023 14:34:58; 809.7784; -0.01347182; 203.4342; Before; 28.50048; null
7; Driver; None; None; 23.09.2023 14:34:58; 809.6425; -0.01343302; 203.4375; Before; 28.51993; null
7; Driver; None; None; 23.09.2023 14:34:58; 809.5062; -0.01342252; 203.4408; Before; 28.53481; null
7; Driver; None; None; 23.09.2023 14:34:59; 809.4379; -0.01342109; 203.4423; Before; 28.56757; null
7; Driver; None; None; 23.09.2023 14:34:59; 809.3011; -0.01341636; 203.4453; Before; 28.58419; null
7; Driver; None; None; 23.09.2023 14:34:59; 809.164; -0.01344554; 203.448; Before; 28.60027; null
7; Driver; None; None; 23.09.2023 14:34:59; 809.0266; -0.01342223; 203.4506; Before; 28.61989; null
7; Driver; None; None; 23.09.2023 14:34:59; 808.8887; -0.01342665; 203.453; Before; 28.63718; null
7; Driver; None; None; 23.09.2023 14:34:59; 808.8197; -0.01343191; 203.4541; Before; 28.6682; null
7; Driver; None; None; 23.09.2023 14:34:59; 808.6814; -0.0134383; 203.4561; Before; 28.68439; null
7; Driver; None; None; 23.09.2023 14:34:59; 808.5428; -0.0134756; 203.4577; Before; 28.70018; null
7; Driver; None; None; 23.09.2023 14:34:59; 808.4038; -0.01345636; 203.4591; Before; 28.71618; null
7; Driver; None; None; 23.09.2023 14:34:59; 808.3342; -0.01348753; 203.4597; Before; 28.747; null
7; Driver; None; None; 23.09.2023 14:34:59; 808.1949; -0.0135294; 203.4605; Before; 28.76293; null
7; Driver; None; None; 23.09.2023 14:34:59; 808.0555; -0.01350494; 203.4608; Before; 28.78207; null
7; Driver; None; None; 23.09.2023 14:34:59; 807.9159; -0.01351413; 203.4606; Before; 28.80121; null
7; Driver; None; None; 23.09.2023 14:34:59; 807.7762; -0.01347161; 203.4599; Before; 28.81822; null
7; Driver; None; None; 23.09.2023 14:34:59; 807.6365; -0.01346059; 203.4584; Before; 28.83288; null
7; Driver; None; None; 23.09.2023 14:34:59; 807.5665; -0.01345961; 203.4574; Before; 28.86684; null
7; Driver; None; None; 23.09.2023 14:34:59; 807.4266; -0.0134564; 203.4549; Before; 28.88463; null
7; Driver; None; None; 23.09.2023 14:34:59; 807.2865; -0.01348799; 203.4516; Before; 28.90108; null
7; Driver; None; None; 23.09.2023 14:34:59; 807.1462; -0.01346537; 203.4475; Before; 28.91841; null
7; Driver; None; None; 23.09.2023 14:34:59; 807.0058; -0.0134071; 203.4425; Before; 28.93569; null
7; Driver; None; None; 23.09.2023 14:34:59; 806.8651; -0.01339395; 203.4366; Before; 28.95382; null
7; Driver; None; None; 23.09.2023 14:34:59; 806.7947; -0.01339585; 203.4333; Intersection; 0.0170446; null
7; Driver; None; None; 23.09.2023 14:34:59; 806.6536; -0.01340378; 203.426; Intersection; 0.0170446; null
7; Driver; None; None; 23.09.2023 14:34:59; 806.5829; -0.01341362; 203.4219; Intersection; 0.0512841; null
7; Driver; None; None; 23.09.2023 14:34:59; 806.3704; -0.01344503; 203.4082; Intersection; 0.0689712; null
7; Driver; None; None; 23.09.2023 14:34:59; 806.2281; -0.01346552; 203.3977; Intersection; 0.08490691; null
7; Driver; None; None; 23.09.2023 14:34:59; 806.0854; -0.0134362; 203.3861; Intersection; 0.1014719; null
7; Driver; None; None; 23.09.2023 14:34:59; 806.014; -0.01343044; 203.3799; Intersection; 0.1210104; null
7; Driver; None; None; 23.09.2023 14:34:59; 805.8707; -0.01336076; 203.3666; Intersection; 0.1433729; null
7; Driver; None; None; 23.09.2023 14:34:59; 805.727; -0.01334882; 203.3521; Intersection; 0.1617921; null
7; Driver; None; None; 23.09.2023 14:34:59; 805.655; -0.01335499; 203.3444; Intersection; 0.1968172; null
7; Driver; None; None; 23.09.2023 14:34:59; 805.5106; -0.01337635; 203.3282; Intersection; 0.2145557; null
7; Driver; None; None; 23.09.2023 14:34:59; 805.3658; -0.0133613; 203.3108; Intersection; 0.2145557; null
7; Driver; None; None; 23.09.2023 14:34:59; 805.2933; -0.01336641; 203.3016; Intersection; 0.2506386; null
7; Driver; None; None; 23.09.2023 14:34:59; 805.1479; -0.01338646; 203.2824; Intersection; 0.2687601; null
7; Driver; None; None; 23.09.2023 14:34:59; 805.0021; -0.01337067; 203.2619; Intersection; 0.2886379; null
7; Driver; None; None; 23.09.2023 14:34:59; 804.8559; -0.01333199; 203.24; Intersection; 0.3095353; null
7; Driver; None; None; 23.09.2023 14:34:59; 804.7092; -0.01336478; 203.2167; Intersection; 0.3281553; null
7; Driver; None; None; 23.09.2023 14:34:59; 804.562; -0.01336543; 203.1921; Intersection; 0.3464867; null
7; Driver; None; None; 23.09.2023 14:34:59; 804.4142; -0.01334372; 203.166; Intersection; 0.363804; null
7; Driver; None; None; 23.09.2023 14:34:59; 804.2657; -0.01337662; 203.1383; Intersection; 0.3841324; null
7; Driver; None; None; 23.09.2023 14:34:59; 804.1913; -0.01340241; 203.1237; Intersection; 0.4185652; null
7; Driver; None; None; 23.09.2023 14:34:59; 804.0417; -0.01345516; 203.0935; Intersection; 0.4185652; null
7; Driver; None; None; 23.09.2023 14:34:59; 803.8914; -0.01345848; 203.0615; Intersection; 0.435968; null
7; Driver; None; None; 23.09.2023 14:34:59; 803.7401; -0.01342697; 203.0276; Intersection; 0.4567423; null
7; Driver; None; None; 23.09.2023 14:34:59; 803.5879; -0.01337555; 202.9918; Intersection; 0.4794092; null
7; Driver; None; None; 23.09.2023 14:34:59; 803.4348; -0.01331741; 202.954; Intersection; 0.4973519; null
7; Driver; None; None; 23.09.2023 14:34:59; 803.3578; -0.0133133; 202.9342; Intersection; 0.5195016; null
7; Driver; None; None; 23.09.2023 14:34:59; 803.2032; -0.01333456; 202.8933; Intersection; 0.5370963; null
7; Driver; None; None; 23.09.2023 14:34:59; 803.0477; -0.01333625; 202.8502; Intersection; 0.556063; null
7; Driver; None; None; 23.09.2023 14:35:00; 802.8911; -0.01332519; 202.8048; Intersection; 0.5738437; null
7; Driver; None; None; 23.09.2023 14:35:00; 802.7336; -0.01330794; 202.757; Intersection; 0.5932327; null
7; Driver; None; None; 23.09.2023 14:35:00; 802.6545; -0.01332395; 202.7321; Intersection; 0.616484; null
7; Driver; None; None; 23.09.2023 14:35:00; 802.4956; -0.01338148; 202.6808; Intersection; 0.6403358; null
7; Driver; None; None; 23.09.2023 14:35:00; 802.3357; -0.01340989; 202.6268; Intersection; 0.6581825; null
7; Driver; None; None; 23.09.2023 14:35:00; 802.2554; -0.01344098; 202.5987; Intersection; 0.6933529; null
7; Driver; None; None; 23.09.2023 14:35:00; 802.0939; -0.01351433; 202.5407; Intersection; 0.712642; null
7; Driver; None; None; 23.09.2023 14:35:00; 801.9315; -0.01354143; 202.4799; Intersection; 0.712642; null
7; Driver; None; None; 23.09.2023 14:35:00; 801.7682; -0.01353396; 202.4161; Intersection; 0.7302133; null
7; Driver; None; None; 23.09.2023 14:35:00; 801.6041; -0.01350461; 202.3491; Intersection; 0.7496381; null
7; Driver; None; None; 23.09.2023 14:35:00; 801.4392; -0.01346523; 202.2789; Intersection; 0.7726303; null
7; Driver; None; None; 23.09.2023 14:35:00; 801.3566; -0.01347235; 202.2424; Intersection; 0.8165953; null
7; Driver; None; None; 23.09.2023 14:35:00; 801.1909; -0.01351614; 202.167; Intersection; 0.8165953; null
7; Driver; None; None; 23.09.2023 14:35:00; 801.0247; -0.01353205; 202.0879; Intersection; 0.8366972; null
7; Driver; None; None; 23.09.2023 14:35:00; 800.8582; -0.01352813; 202.0049; Intersection; 0.8539153; null
7; Driver; None; None; 23.09.2023 14:35:00; 800.7749; -0.0135498; 201.9617; Intersection; 0.8928003; null
7; Driver; None; None; 23.09.2023 14:35:00; 800.5244; -0.01355613; 201.8272; Intersection; 0.8928003; null
7; Driver; None; None; 23.09.2023 14:35:00; 800.4405; -0.01345058; 201.781; Intersection; 0.8928003; null
7; Driver; None; None; 23.09.2023 14:35:00; 800.2741; -0.0133355; 201.6831; Intersection; 0.9131061; null
7; Driver; None; None; 23.09.2023 14:35:00; 800.1082; -0.01327218; 201.5808; Intersection; 0.9543067; null
7; Driver; None; None; 23.09.2023 14:35:00; 800.0257; -0.0132884; 201.5278; Intersection; 0.9956095; null
7; Driver; None; None; 23.09.2023 14:35:00; 799.8611; -0.01337992; 201.4189; Intersection; 1.014642; null
7; Driver; None; None; 23.09.2023 14:35:00; 799.6977; -0.01346319; 201.3055; Intersection; 1.014642; null
7; Driver; None; None; 23.09.2023 14:35:00; 799.6167; -0.01353009; 201.2469; Intersection; 1.051663; null
7; Driver; None; None; 23.09.2023 14:35:00; 799.3755; -0.01376421; 201.0647; Intersection; 1.068477; null
7; Driver; None; None; 23.09.2023 14:35:00; 799.2167; -0.01382992; 200.9375; Intersection; 1.087816; null
7; Driver; None; None; 23.09.2023 14:35:00; 799.0597; -0.01384974; 200.8055; Intersection; 1.107942; null
7; Driver; None; None; 23.09.2023 14:35:00; 798.9821; -0.01392897; 200.7375; Intersection; 1.126203; null
7; Driver; None; None; 23.09.2023 14:35:00; 798.9045; -0.01392779; 200.6687; Intersection; 1.14396; null
7; Driver; None; None; 23.09.2023 14:35:00; 798.7513; -0.01394308; 200.5267; Intersection; 1.16986; null
7; Driver; None; None; 23.09.2023 14:35:00; 798.526; -0.01391939; 200.3038; Intersection; 1.188329; null
7; Driver; None; None; 23.09.2023 14:35:00; 798.3785; -0.01385582; 200.1487; Intersection; 1.207495; null
7; Driver; None; None; 23.09.2023 14:35:00; 798.3054; -0.01378917; 200.0695; Intersection; 1.207495; null
7; Driver; None; None; 23.09.2023 14:35:00; 798.1618; -0.01372447; 199.9063; Intersection; 1.227745; null
7; Driver; None; None; 23.09.2023 14:35:00; 798.0914; -0.01372939; 199.8224; Intersection; 1.271356; null
7; Driver; None; None; 23.09.2023 14:35:00; 797.8839; -0.01383256; 199.563; Intersection; 1.289852; null
7; Driver; None; None; 23.09.2023 14:35:00; 797.7494; -0.01394775; 199.3833; Intersection; 1.306873; null
7; Driver; None; None; 23.09.2023 14:35:00; 797.6838; -0.0140157; 199.2911; Intersection; 1.325301; null
7; Driver; None; None; 23.09.2023 14:35:00; 797.5547; -0.01404312; 199.1031; Intersection; 1.342747; null
7; Driver; None; None; 23.09.2023 14:35:00; 797.4294; -0.01413193; 198.9097; Intersection; 1.362269; null
7; Driver; None; None; 23.09.2023 14:35:00; 797.3084; -0.01414931; 198.7108; Intersection; 1.380287; null
7; Driver; None; None; 23.09.2023 14:35:00; 797.1918; -0.01411626; 198.5065; Intersection; 1.400031; null
7; Driver; None; None; 23.09.2023 14:35:00; 797.1356; -0.01412356; 198.4022; Intersection; 1.420331; null
7; Driver; None; None; 23.09.2023 14:35:00; 797.0259; -0.01416015; 198.19; Intersection; 1.4377; null
7; Driver; None; None; 23.09.2023 14:35:00; 796.9211; -0.01414575; 197.9727; Intersection; 1.458521; null
7; Driver; None; None; 23.09.2023 14:35:00; 796.8215; -0.01409939; 197.7504; Intersection; 1.476743; null
7; Driver; None; None; 23.09.2023 14:35:00; 796.7272; -0.0140386; 197.5232; Intersection; 1.498545; null
7; Driver; None; None; 23.09.2023 14:35:00; 796.6826; -0.01404501; 197.4077; Intersection; 1.517932; null
7; Driver; None; None; 23.09.2023 14:35:00; 796.5963; -0.01409887; 197.1735; Intersection; 1.537445; null
7; Driver; None; None; 23.09.2023 14:35:00; 796.5154; -0.01411536; 196.9347; Intersection; 1.559145; null
7; Driver; None; None; 23.09.2023 14:35:01; 796.4401; -0.0141055; 196.6915; Intersection; 1.580495; null
7; Driver; None; None; 23.09.2023 14:35:01; 796.4052; -0.01413318; 196.5681; Intersection; 1.617581; null
7; Driver; None; None; 23.09.2023 14:35:01; 796.3382; -0.01421916; 196.3184; Intersection; 1.617581; null
7; Driver; None; None; 23.09.2023 14:35:01; 796.2769; -0.01425147; 196.0645; Intersection; 1.636802; null
7; Driver; None; None; 23.09.2023 14:35:01; 796.2213; -0.01424393; 195.8066; Intersection; 1.654867; null
7; Driver; None; None; 23.09.2023 14:35:01; 796.1715; -0.01421144; 195.5448; Intersection; 1.674406; null
7; Driver; None; None; 23.09.2023 14:35:01; 796.1277; -0.01416777; 195.2793; Intersection; 1.693649; null
7; Driver; None; None; 23.09.2023 14:35:01; 796.1086; -0.01418658; 195.1452; Intersection; 1.714845; null
7; Driver; None; None; 23.09.2023 14:35:01; 796.0737; -0.01426769; 194.8745; Intersection; 1.738595; null
7; Driver; None; None; 23.09.2023 14:35:01; 796.0451; -0.01430431; 194.6008; Intersection; 1.758805; null
7; Driver; None; None; 23.09.2023 14:35:01; 796.0337; -0.0143513; 194.4629; Intersection; 1.795312; null
7; Driver; None; None; 23.09.2023 14:35:01; 796.0143; -0.014466; 194.1851; Intersection; 1.813178; null
7; Driver; None; None; 23.09.2023 14:35:01; 796.0012; -0.01450817; 193.9047; Intersection; 1.813178; null
7; Driver; None; None; 23.09.2023 14:35:01; 795.9943; -0.01449598; 193.6219; Intersection; 1.832197; null
7; Driver; None; None; 23.09.2023 14:35:01; 795.9935; -0.01444902; 193.3367; Intersection; 1.853325; null
7; Driver; None; None; 23.09.2023 14:35:01; 795.9987; -0.01438551; 193.0492; Intersection; 1.876921; null
7; Driver; None; None; 23.09.2023 14:35:01; 796.0098; -0.01432038; 192.7595; Intersection; 1.897783; null
7; Driver; None; None; 23.09.2023 14:35:01; 796.018; -0.01433508; 192.6139; Intersection; 1.918433; null
7; Driver; None; None; 23.09.2023 14:35:01; 796.0376; -0.01441709; 192.321; Intersection; 1.938074; null
7; Driver; None; None; 23.09.2023 14:35:01; 796.05; -0.01448658; 192.1738; Intersection; 1.9734; null
7; Driver; None; None; 23.09.2023 14:35:01; 796.0778; -0.01464085; 191.8778; Intersection; 1.991575; null
7; Driver; None; None; 23.09.2023 14:35:01; 796.1109; -0.01470717; 191.5799; Intersection; 2.010755; null
7; Driver; None; None; 23.09.2023 14:35:01; 796.149; -0.01470485; 191.2801; Intersection; 2.010755; null
7; Driver; None; None; 23.09.2023 14:35:01; 796.1919; -0.0146564; 190.9785; Intersection; 2.034838; null
7; Driver; None; None; 23.09.2023 14:35:01; 796.2392; -0.01458369; 190.6752; Intersection; 2.056728; null
7; Driver; None; None; 23.09.2023 14:35:01; 796.2648; -0.01459111; 190.5231; Intersection; 2.092603; null
7; Driver; None; None; 23.09.2023 14:35:01; 796.3182; -0.0146538; 190.2174; Intersection; 2.111076; null
7; Driver; None; None; 23.09.2023 14:35:01; 796.3752; -0.01466673; 189.9103; Intersection; 2.111076; null
7; Driver; None; None; 23.09.2023 14:35:01; 796.4357; -0.0146451; 189.6018; Intersection; 2.130381; null
7; Driver; None; None; 23.09.2023 14:35:01; 796.4675; -0.01467408; 189.4471; Intersection; 2.170369; null
7; Driver; None; None; 23.09.2023 14:35:01; 796.5324; -0.01476988; 189.1366; Intersection; 2.191556; null
7; Driver; None; None; 23.09.2023 14:35:01; 796.5999; -0.0148001; 188.825; After ; 0; null
7; Driver; None; None; 23.09.2023 14:35:01; 796.6696; -0.01478201; 188.5122; After ; 0; null
7; Driver; None; None; 23.09.2023 14:35:01; 796.7054; -0.01480948; 188.3555; After ; 0.037571; null
7; Driver; None; None; 23.09.2023 14:35:01; 796.8151; -0.01496157; 187.8838; After ; 0.0556914; null
7; Driver; None; None; 23.09.2023 14:35:01; 796.8902; -0.01509355; 187.5683; After ; 0.073086; null
7; Driver; None; None; 23.09.2023 14:35:01; 796.9284; -0.01516697; 187.4103; After ; 0.1055354; null
7; Driver; None; None; 23.09.2023 14:35:01; 797.0057; -0.01529474; 187.0937; After ; 0.1055354; null
7; Driver; None; None; 23.09.2023 14:35:01; 797.0842; -0.0152933; 186.7766; After ; 0.1237611; null
7; Driver; None; None; 23.09.2023 14:35:01; 797.1638; -0.01520137; 186.4588; After ; 0.1443105; null
7; Driver; None; None; 23.09.2023 14:35:01; 797.204; -0.01518358; 186.2997; After ; 0.181076; null
7; Driver; None; None; 23.09.2023 14:35:01; 797.285; -0.01517441; 185.9811; After ; 0.2001505; null
7; Driver; None; None; 23.09.2023 14:35:01; 797.367; -0.01527707; 185.662; After ; 0.2182672; null
7; Driver; None; None; 23.09.2023 14:35:01; 797.4496; -0.01527069; 185.3423; After ; 0.2349145; null
7; Driver; None; None; 23.09.2023 14:35:01; 797.533; -0.01533639; 185.022; After ; 0.2521796; null
7; Driver; None; None; 23.09.2023 14:35:01; 797.6168; -0.01529127; 184.7012; After ; 0.2686503; null
7; Driver; None; None; 23.09.2023 14:35:01; 797.7011; -0.01517365; 184.3799; After ; 0.2848079; null
7; Driver; None; None; 23.09.2023 14:35:01; 797.7433; -0.01514973; 184.2191; After ; 0.3054053; null
7; Driver; None; None; 23.09.2023 14:35:01; 797.8279; -0.01513898; 183.897; After ; 0.3253638; null
7; Driver; None; None; 23.09.2023 14:35:01; 797.8702; -0.01515933; 183.7357; After ; 0.3610805; null
7; Driver; None; None; 23.09.2023 14:35:02; 797.9548; -0.01521606; 183.413; After ; 0.3783573; null
7; Driver; None; None; 23.09.2023 14:35:02; 798.0812; -0.01519285; 182.928; After ; 0.3968248; null
7; Driver; None; None; 23.09.2023 14:35:02; 798.123; -0.01527583; 182.7662; After ; 0.4147487; null
7; Driver; None; None; 23.09.2023 14:35:02; 798.2064; -0.0152684; 182.4423; After ; 0.43148; null
7; Driver; None; None; 23.09.2023 14:35:02; 798.2888; -0.01519102; 182.1183; After ; 0.4487444; null
7; Driver; None; None; 23.09.2023 14:35:02; 798.3699; -0.01522423; 181.7943; After ; 0.4689848; null
7; Driver; None; None; 23.09.2023 14:35:02; 798.4098; -0.01525903; 181.6325; After ; 0.5065652; null
7; Driver; None; None; 23.09.2023 14:35:02; 798.4884; -0.01533095; 181.3091; After ; 0.5065652; null
7; Driver; None; None; 23.09.2023 14:35:02; 798.5269; -0.01537556; 181.1475; After ; 0.5406073; null
7; Driver; None; None; 23.09.2023 14:35:02; 798.6391; -0.01549073; 180.6633; After ; 0.5572444; null
7; Driver; None; None; 23.09.2023 14:35:02; 798.711; -0.01554693; 180.3409; After ; 0.574167; null
7; Driver; None; None; 23.09.2023 14:35:02; 798.7457; -0.01557373; 180.1797; After ; 0.6070164; null
7; Driver; None; None; 23.09.2023 14:35:02; 798.8133; -0.01560106; 179.8577; After ; 0.6070164; null
7; Driver; None; None; 23.09.2023 14:35:02; 798.8776; -0.01549919; 179.536; After ; 0.6244138; null
7; Driver; None; None; 23.09.2023 14:35:02; 798.9381; -0.01549889; 179.2144; After ; 0.6585126; null
7; Driver; None; None; 23.09.2023 14:35:02; 798.9954; -0.01539428; 178.8931; After ; 0.6755681; null
7; Driver; None; None; 23.09.2023 14:35:02; 799.0223; -0.01544762; 178.7325; After ; 0.7090142; null
7; Driver; None; None; 23.09.2023 14:35:02; 799.0736; -0.01552305; 178.4115; After ; 0.7090142; null
7; Driver; None; None; 23.09.2023 14:35:02; 799.0974; -0.0155553; 178.2511; After ; 0.7398167; null
7; Driver; None; None; 23.09.2023 14:35:02; 799.1629; -0.01559739; 177.7704; After ; 0.7556599; null
7; Driver; None; None; 23.09.2023 14:35:02; 799.2013; -0.01559047; 177.4504; After ; 0.7727234; null
7; Driver; None; None; 23.09.2023 14:35:02; 799.2184; -0.01558532; 177.2905; After ; 0.8052939; null
7; Driver; None; None; 23.09.2023 14:35:02; 799.25; -0.01555379; 176.971; After ; 0.8052939; null
7; Driver; None; None; 23.09.2023 14:35:02; 799.2637; -0.01554009; 176.8114; After ; 0.84026; null
7; Driver; None; None; 23.09.2023 14:35:02; 799.2983; -0.01548308; 176.3333; After ; 0.8558581; null
7; Driver; None; None; 23.09.2023 14:35:02; 799.3073; -0.01552721; 176.1742; After ; 0.8857172; null
7; Driver; None; None; 23.09.2023 14:35:02; 799.3223; -0.01557359; 175.8564; After ; 0.9019017; null
7; Driver; None; None; 23.09.2023 14:35:02; 799.3316; -0.01565285; 175.5389; After ; 0.9179086; null
7; Driver; None; None; 23.09.2023 14:35:02; 799.3368; -0.01557437; 175.2215; After ; 0.933643; null
7; Driver; None; None; 23.09.2023 14:35:02; 799.3371; -0.01562095; 175.063; After ; 0.9635944; null
7; Driver; None; None; 23.09.2023 14:35:02; 799.3314; -0.01566477; 174.5882; After ; 0.9796063; null
7; Driver; None; None; 23.09.2023 14:35:02; 799.3215; -0.01563527; 174.2722; After ; 0.9949639; null
7; Driver; None; None; 23.09.2023 14:35:02; 799.3142; -0.01561494; 174.1143; After ; 1.010793; null
7; Driver; None; None; 23.09.2023 14:35:02; 799.2966; -0.01555003; 173.7984; After ; 1.02628; null
7; Driver; None; None; 23.09.2023 14:35:02; 799.2854; -0.01551982; 173.6404; After ; 1.059514; null
7; Driver; None; None; 23.09.2023 14:35:02; 799.2447; -0.01542079; 173.1662; After ; 1.076594; null
7; Driver; None; None; 23.09.2023 14:35:02; 799.2282; -0.01545459; 173.0081; After ; 1.108405; null
7; Driver; None; None; 23.09.2023 14:35:02; 799.1921; -0.0154872; 172.6918; After ; 1.108405; null
7; Driver; None; None; 23.09.2023 14:35:02; 799.1506; -0.01538609; 172.3756; After ; 1.12404; null
7; Driver; None; None; 23.09.2023 14:35:02; 799.1274; -0.01535018; 172.2177; After ; 1.157983; null
7; Driver; None; None; 23.09.2023 14:35:02; 799.051; -0.01527233; 171.7446; After ; 1.175787; null
7; Driver; None; None; 23.09.2023 14:35:02; 799.0227; -0.01532282; 171.5873; After ; 1.207198; null
7; Driver; None; None; 23.09.2023 14:35:02; 798.9634; -0.01539613; 171.2731; After ; 1.207198; null
7; Driver; None; None; 23.09.2023 14:35:02; 798.8995; -0.01533864; 170.9599; After ; 1.22342; null
7; Driver; None; None; 23.09.2023 14:35:02; 798.8654; -0.01532375; 170.8037; After ; 1.260603; null
7; Driver; None; None; 23.09.2023 14:35:02; 798.7574; -0.01529892; 170.3365; After ; 1.276985; null
7; Driver; None; None; 23.09.2023 14:35:02; 798.6808; -0.01529992; 170.0267; After ; 1.293059; null
7; Driver; None; None; 23.09.2023 14:35:02; 798.6407; -0.01531039; 169.8726; After ; 1.309227; null
7; Driver; None; None; 23.09.2023 14:35:02; 798.559; -0.01532606; 169.5656; After ; 1.324979; null
7; Driver; None; None; 23.09.2023 14:35:02; 798.5166; -0.01534082; 169.413; After ; 1.358524; null
7; Driver; None; None; 23.09.2023 14:35:03; 798.3867; -0.01537356; 168.9593; After ; 1.375921; null
7; Driver; None; None; 23.09.2023 14:35:03; 798.2981; -0.01538698; 168.6611; After ; 1.392365; null
7; Driver; None; None; 23.09.2023 14:35:03; 798.253; -0.01539626; 168.5132; After ; 1.411196; null
7; Driver; None; None; 23.09.2023 14:35:03; 798.1622; -0.01525902; 168.2189; After ; 1.429494; null
7; Driver; None; None; 23.09.2023 14:35:03; 798.0703; -0.01521219; 167.9268; After ; 1.447374; null
7; Driver; None; None; 23.09.2023 14:35:03; 798.0238; -0.01520417; 167.7815; After ; 1.480878; null
7; Driver; None; None; 23.09.2023 14:35:03; 797.8839; -0.01519815; 167.3488; After ; 1.49817; null
7; Driver; None; None; 23.09.2023 14:35:03; 797.8369; -0.01526149; 167.2056; After ; 1.514481; null
7; Driver; None; None; 23.09.2023 14:35:03; 797.743; -0.01521299; 166.9207; After ; 1.530663; null
7; Driver; None; None; 23.09.2023 14:35:03; 797.649; -0.0152199; 166.6376; After ; 1.548097; null
7; Driver; None; None; 23.09.2023 14:35:03; 797.5552; -0.01512229; 166.3566; After ; 1.564928; null
7; Driver; None; None; 23.09.2023 14:35:03; 797.4615; -0.01496038; 166.0774; After ; 1.585588; null
7; Driver; None; None; 23.09.2023 14:35:03; 797.4147; -0.01491165; 165.9385; After ; 1.606356; null
7; Driver; None; None; 23.09.2023 14:35:03; 797.3218; -0.0148522; 165.6621; After ; 1.626975; null
7; Driver; None; None; 23.09.2023 14:35:03; 797.2755; -0.01484767; 165.5245; After ; 1.662027; null
7; Driver; None; None; 23.09.2023 14:35:03; 797.1837; -0.01485914; 165.2507; After ; 1.678972; null
7; Driver; None; None; 23.09.2023 14:35:03; 797.0479; -0.01479656; 164.8432; After ; 1.69829; null
7; Driver; None; None; 23.09.2023 14:35:03; 797.0032; -0.01485632; 164.7081; After ; 1.715533; null
7; Driver; None; None; 23.09.2023 14:35:03; 796.9149; -0.01483162; 164.4391; After ; 1.73222; null
7; Driver; None; None; 23.09.2023 14:35:03; 796.828; -0.01487847; 164.1715; After ; 1.749358; null
7; Driver; None; None; 23.09.2023 14:35:03; 796.7852; -0.01490906; 164.0383; After ; 1.782882; null
7; Driver; None; None; 23.09.2023 14:35:03; 796.7009; -0.01495854; 163.7727; After ; 1.802198; null
7; Driver; None; None; 23.09.2023 14:35:03; 796.6183; -0.01490493; 163.5083; After ; 1.802198; null
7; Driver; None; None; 23.09.2023 14:35:03; 796.5779; -0.01489221; 163.3765; After ; 1.837574; null
7; Driver; None; None; 23.09.2023 14:35:03; 796.4593; -0.01487352; 162.9826; After ; 1.855699; null
7; Driver; None; None; 23.09.2023 14:35:03; 796.3827; -0.01487377; 162.721; After ; 1.872452; null
7; Driver; None; None; 23.09.2023 14:35:03; 796.3082; -0.01478837; 162.4601; After ; 1.889333; null
7; Driver; None; None; 23.09.2023 14:35:03; 796.2719; -0.01476529; 162.3297; After ; 1.908007; null
7; Driver; None; None; 23.09.2023 14:35:03; 796.2006; -0.01473541; 162.0693; After ; 1.925826; null
7; Driver; None; None; 23.09.2023 14:35:03; 796.166; -0.01473563; 161.9391; After ; 1.959015; null
7; Driver; None; None; 23.09.2023 14:35:03; 796.065; -0.0147553; 161.5488; After ; 1.976069; null
7; Driver; None; None; 23.09.2023 14:35:03; 796.0004; -0.01477799; 161.2888; After ; 1.992407; null
7; Driver; None; None; 23.09.2023 14:35:03; 795.9692; -0.01479496; 161.1587; After ; 2.008511; null
7; Driver; None; None; 23.09.2023 14:35:03; 795.9083; -0.01481834; 160.899; After ; 2.026387; null
7; Driver; None; None; 23.09.2023 14:35:03; 795.879; -0.0148329; 160.7692; After ; 2.060786; null
7; Driver; None; None; 23.09.2023 14:35:03; 795.7945; -0.01485728; 160.3809; After ; 2.079129; null
7; Driver; None; None; 23.09.2023 14:35:03; 795.7413; -0.01486111; 160.1231; After ; 2.094851; null
7; Driver; None; None; 23.09.2023 14:35:03; 795.7159; -0.01486469; 159.9945; After ; 2.110897; null
7; Driver; None; None; 23.09.2023 14:35:03; 795.6668; -0.01485809; 159.7382; After ; 2.127258; null
7; Driver; None; None; 23.09.2023 14:35:03; 795.6434; -0.01485704; 159.6104; After ; 2.161368; null
7; Driver; None; None; 23.09.2023 14:35:03; 795.577; -0.01483848; 159.229; After ; 2.178689; null
7; Driver; None; None; 23.09.2023 14:35:03; 795.5359; -0.01470328; 158.9764; After ; 2.195545; null
7; Driver; None; None; 23.09.2023 14:35:03; 795.5165; -0.01472369; 158.8506; After ; 2.21497; null
7; Driver; None; None; 23.09.2023 14:35:03; 795.4793; -0.01463607; 158.6003; After ; 2.23241; null
7; Driver; None; None; 23.09.2023 14:35:03; 795.4448; -0.01461986; 158.3516; After ; 2.250015; null
7; Driver; None; None; 23.09.2023 14:35:03; 795.4129; -0.01453598; 158.1045; After ; 2.26749; null
7; Driver; None; None; 23.09.2023 14:35:03; 795.3981; -0.01451516; 157.9815; After ; 2.303065; null
7; Driver; None; None; 23.09.2023 14:35:03; 795.37; -0.01449294; 157.7369; After ; 2.303065; null
7; Driver; None; None; 23.09.2023 14:35:03; 795.3445; -0.0144156; 157.494; After ; 2.319921; null
7; Driver; None; None; 23.09.2023 14:35:03; 795.3328; -0.01440059; 157.3732; After ; 2.358011; null
7; Driver; None; None; 23.09.2023 14:35:04; 795.3013; -0.01440488; 157.0133; After ; 2.37604; null
7; Driver; None; None; 23.09.2023 14:35:04; 795.2832; -0.01443475; 156.7755; After ; 2.394166; null
7; Driver; None; None; 23.09.2023 14:35:04; 795.2753; -0.01445748; 156.6573; After ; 2.410714; null
7; Driver; None; None; 23.09.2023 14:35:04; 795.2609; -0.01449585; 156.4221; After ; 2.427358; null
7; Driver; None; None; 23.09.2023 14:35:04; 795.2547; -0.01451716; 156.3051; After ; 2.46031; null
7; Driver; None; None; 23.09.2023 14:35:04; 795.2393; -0.01455767; 155.9569; After ; 2.476828; null
7; Driver; None; None; 23.09.2023 14:35:04; 795.2317; -0.01456571; 155.7269; After ; 2.492848; null
7; Driver; None; None; 23.09.2023 14:35:04; 795.2289; -0.01456845; 155.6125; After ; 2.508459; null
7; Driver; None; None; 23.09.2023 14:35:04; 795.2245; -0.01455704; 155.3852; After ; 2.524833; null
7; Driver; None; None; 23.09.2023 14:35:04; 795.2233; -0.01455106; 155.2721; After ; 2.559279; null
7; Driver; None; None; 23.09.2023 14:35:04; 795.222; -0.01452533; 155.0474; After ; 2.57814; null
7; Driver; None; None; 23.09.2023 14:35:04; 795.2236; -0.01448064; 154.7135; After ; 2.595932; null
7; Driver; None; None; 23.09.2023 14:35:04; 795.2251; -0.01446702; 154.6031; After ; 2.612821; null
7; Driver; None; None; 23.09.2023 14:35:04; 795.229; -0.01443242; 154.3835; After ; 2.628826; null
7; Driver; None; None; 23.09.2023 14:35:04; 795.2344; -0.0143259; 154.1656; After ; 2.646685; null
7; Driver; None; None; 23.09.2023 14:35:04; 795.2378; -0.01428888; 154.0572; After ; 2.680946; null
7; Driver; None; None; 23.09.2023 14:35:04; 795.2452; -0.01423153; 153.8417; After ; 2.700028; null
7; Driver; None; None; 23.09.2023 14:35:04; 795.2538; -0.01412973; 153.6277; After ; 2.700028; null
7; Driver; None; None; 23.09.2023 14:35:04; 795.2636; -0.01412566; 153.4153; After ; 2.73622; null
7; Driver; None; None; 23.09.2023 14:35:04; 795.274; -0.01407575; 153.2044; After ; 2.754141; null
7; Driver; None; None; 23.09.2023 14:35:04; 795.285; -0.01409292; 152.995; After ; 2.769941; null
7; Driver; None; None; 23.09.2023 14:35:04; 795.2908; -0.01411139; 152.8909; After ; 2.806505; null
7; Driver; None; None; 23.09.2023 14:35:04; 795.3023; -0.01414707; 152.6836; After ; 2.806505; null
7; Driver; None; None; 23.09.2023 14:35:04; 795.314; -0.01411338; 152.4778; After ; 2.824071; null
7; Driver; None; None; 23.09.2023 14:35:04; 795.3199; -0.01410879; 152.3754; After ; 2.858759; null
7; Driver; None; None; 23.09.2023 14:35:04; 795.3375; -0.01411276; 152.0702; After ; 2.876541; null
7; Driver; None; None; 23.09.2023 14:35:04; 795.3488; -0.01412481; 151.8683; After ; 2.894104; null
7; Driver; None; None; 23.09.2023 14:35:04; 795.3544; -0.01413537; 151.7678; After ; 2.912399; null
