user_id; scenario; distraction; ehmi; timestamp; userPositionX; userPositionY; userPositionZ; playerPositon; time; focused object
3; Pedestrian; None; None; 20.09.2023 13:49:27; 805.1; 0.04000002; 241; HI; null
3; Pedestrian; None; None; 20.09.2023 13:49:27; 805.2721; 0.2818002; 241; Sidewalk; 0.02; null
3; Pedestrian; None; None; 20.09.2023 13:49:28; 805.2721; 0.2818002; 241; Sidewalk; 0.02; null
3; Pedestrian; None; None; 20.09.2023 13:49:28; 805.2721; 0.2818002; 241; Sidewalk; 0.02; null
3; Pedestrian; None; None; 20.09.2023 13:49:28; 805.2721; 0.2818002; 241; Sidewalk; 0.02; null
3; Pedestrian; None; None; 20.09.2023 13:49:28; 805.2721; 0.2818002; 241; Sidewalk; 0.02; null
3; Pedestrian; None; None; 20.09.2023 13:49:28; 805.2721; 0.2818002; 241; Sidewalk; 0.02; null
3; Pedestrian; None; None; 20.09.2023 13:49:28; 805.2721; 0.2818002; 241; Sidewalk; 0.02; null
3; Pedestrian; None; None; 20.09.2023 13:49:28; 805.2721; 0.2818002; 241; Sidewalk; 0.02; null
3; Pedestrian; None; None; 20.09.2023 13:49:28; 805.2721; 0.2818002; 241; Sidewalk; 0.02; null
3; Pedestrian; None; None; 20.09.2023 13:49:28; 805.2721; 0.2818002; 241; Sidewalk; 0.02; null
3; Pedestrian; None; None; 20.09.2023 13:49:28; 805.2721; 0.2818002; 241; Sidewalk; 0.02; null
3; Pedestrian; None; None; 20.09.2023 13:49:28; 805.2721; 0.2818002; 241; Sidewalk; 0.02; null
3; Pedestrian; None; None; 20.09.2023 13:49:28; 805.2721; 0.2818002; 241; Sidewalk; 0.02; null
3; Pedestrian; None; None; 20.09.2023 13:49:28; 805.2721; 0.2818002; 241; Sidewalk; 0.02; null
3; Pedestrian; None; None; 20.09.2023 13:49:28; 805.2721; 0.2818002; 241; Sidewalk; 0.02; null
3; Pedestrian; None; None; 20.09.2023 13:49:28; 805.2721; 0.2818002; 241; Sidewalk; 0.02; null
3; Pedestrian; None; None; 20.09.2023 13:49:28; 805.2721; 0.2818002; 241; Sidewalk; 0.02; null
3; Pedestrian; None; None; 20.09.2023 13:49:28; 804.8912; 0.2818002; 240.9984; Sidewalk; 0.04; null
3; Pedestrian; None; None; 20.09.2023 13:49:28; 804.8912; 0.2818002; 240.9984; Sidewalk; 0.04; null
3; Pedestrian; None; None; 20.09.2023 13:49:28; 804.8912; 0.2818002; 240.9984; Sidewalk; 0.04; null
3; Pedestrian; None; None; 20.09.2023 13:49:28; 804.8912; 0.2818002; 240.9984; Sidewalk; 0.04; null
3; Pedestrian; None; None; 20.09.2023 13:49:28; 804.8856; 0.2818002; 240.9943; Sidewalk; 0.3733333; null
3; Pedestrian; None; None; 20.09.2023 13:49:28; 804.8859; 0.2818002; 240.9951; Sidewalk; 0.4777007; null
3; Pedestrian; None; None; 20.09.2023 13:49:28; 804.8861; 0.2818002; 240.9955; Sidewalk; 0.492991; null
3; Pedestrian; None; None; 20.09.2023 13:49:28; 804.8862; 0.2818002; 240.9957; Sidewalk; 0.5041201; null
3; Pedestrian; None; None; 20.09.2023 13:49:28; 804.886; 0.2818002; 240.9961; Sidewalk; 0.5255122; null
3; Pedestrian; None; None; 20.09.2023 13:49:28; 804.8865; 0.2818002; 240.9965; Sidewalk; 0.5493392; null
3; Pedestrian; None; None; 20.09.2023 13:49:28; 804.8867; 0.2818002; 240.9969; Sidewalk; 0.5699868; null
3; Pedestrian; None; None; 20.09.2023 13:49:28; 804.8867; 0.2818002; 240.9974; Sidewalk; 0.5925993; null
3; Pedestrian; None; None; 20.09.2023 13:49:28; 804.8866; 0.2818001; 240.9977; Sidewalk; 0.6034164; null
3; Pedestrian; None; None; 20.09.2023 13:49:28; 804.8867; 0.2818001; 240.9982; Sidewalk; 0.6254402; null
3; Pedestrian; None; None; 20.09.2023 13:49:28; 804.8868; 0.2818001; 240.9987; Sidewalk; 0.6481727; null
3; Pedestrian; None; None; 20.09.2023 13:49:28; 804.8873; 0.2818001; 240.9992; Sidewalk; 0.6696867; null
3; Pedestrian; None; None; 20.09.2023 13:49:28; 804.8877; 0.2818001; 240.9996; Sidewalk; 0.6923282; null
3; Pedestrian; None; None; 20.09.2023 13:49:29; 804.888; 0.2818001; 240.9999; Sidewalk; 0.7030967; null
3; Pedestrian; None; None; 20.09.2023 13:49:29; 804.8884; 0.2818001; 241.0003; Sidewalk; 0.7252575; null
3; Pedestrian; None; None; 20.09.2023 13:49:29; 804.8889; 0.2818001; 241.0007; Sidewalk; 0.7481887; null
3; Pedestrian; None; None; 20.09.2023 13:49:29; 804.8896; 0.2818001; 241.0011; Sidewalk; 0.7696843; null
3; Pedestrian; None; None; 20.09.2023 13:49:29; 804.89; 0.2818001; 241.0015; Sidewalk; 0.7919218; null
3; Pedestrian; None; None; 20.09.2023 13:49:29; 804.8903; 0.2818001; 241.0016; Sidewalk; 0.803112; null
3; Pedestrian; None; None; 20.09.2023 13:49:29; 804.8907; 0.2818001; 241.0019; Sidewalk; 0.8250719; null
3; Pedestrian; None; None; 20.09.2023 13:49:29; 804.8911; 0.2818001; 241.0021; Sidewalk; 0.8480362; null
3; Pedestrian; None; None; 20.09.2023 13:49:29; 804.8915; 0.2818001; 241.0023; Sidewalk; 0.869924; null
3; Pedestrian; None; None; 20.09.2023 13:49:29; 804.8923; 0.2818001; 241.0025; Sidewalk; 0.8924241; null
3; Pedestrian; None; None; 20.09.2023 13:49:29; 804.8925; 0.2818001; 241.0025; Sidewalk; 0.9033667; null
3; Pedestrian; None; None; 20.09.2023 13:49:29; 804.8927; 0.2818001; 241.0026; Sidewalk; 0.9249514; null
3; Pedestrian; None; None; 20.09.2023 13:49:29; 804.8932; 0.2818001; 241.0027; Sidewalk; 0.9477559; null
3; Pedestrian; None; None; 20.09.2023 13:49:29; 804.894; 0.2818001; 241.0027; Sidewalk; 0.9698104; null
3; Pedestrian; None; None; 20.09.2023 13:49:29; 804.8947; 0.2818001; 241.0026; Sidewalk; 0.9918632; null
3; Pedestrian; None; None; 20.09.2023 13:49:29; 804.895; 0.2818001; 241.0026; Sidewalk; 1.003097; null
3; Pedestrian; None; None; 20.09.2023 13:49:29; 804.8959; 0.2818001; 241.0024; Sidewalk; 1.025601; null
3; Pedestrian; None; None; 20.09.2023 13:49:29; 804.8965; 0.2818001; 241.002; Sidewalk; 1.04762; null
3; Pedestrian; None; None; 20.09.2023 13:49:29; 804.897; 0.2818001; 241.0013; Sidewalk; 1.069774; null
3; Pedestrian; None; None; 20.09.2023 13:49:29; 804.8978; 0.2818001; 241.0004; Sidewalk; 1.092389; null
3; Pedestrian; None; None; 20.09.2023 13:49:29; 804.8981; 0.2818001; 240.9998; Sidewalk; 1.104693; null
3; Pedestrian; None; None; 20.09.2023 13:49:29; 804.8988; 0.2818001; 240.9985; Sidewalk; 1.128598; null
3; Pedestrian; None; None; 20.09.2023 13:49:29; 804.9001; 0.2818001; 240.9969; Sidewalk; 1.151674; null
3; Pedestrian; None; None; 20.09.2023 13:49:29; 804.9012; 0.2818001; 240.9949; Sidewalk; 1.173808; null
3; Pedestrian; None; None; 20.09.2023 13:49:29; 804.9024; 0.2818001; 240.9926; Sidewalk; 1.199042; null
3; Pedestrian; None; None; 20.09.2023 13:49:29; 804.903; 0.2818001; 240.9913; Sidewalk; 1.207957; null
3; Pedestrian; None; None; 20.09.2023 13:49:29; 804.9047; 0.2818001; 240.9884; Sidewalk; 1.226785; null
3; Pedestrian; None; None; 20.09.2023 13:49:29; 804.9072; 0.2818001; 240.9851; Sidewalk; 1.249534; null
3; Pedestrian; None; None; 20.09.2023 13:49:29; 804.9099; 0.2818001; 240.9812; Sidewalk; 1.270726; null
3; Pedestrian; None; None; 20.09.2023 13:49:29; 804.9136; 0.2818001; 240.9769; Sidewalk; 1.293286; null
3; Pedestrian; None; None; 20.09.2023 13:49:29; 804.9157; 0.2818001; 240.9745; Sidewalk; 1.305236; null
3; Pedestrian; None; None; 20.09.2023 13:49:29; 804.9203; 0.2818001; 240.9698; Sidewalk; 1.326753; null
3; Pedestrian; None; None; 20.09.2023 13:49:29; 804.9265; 0.2818001; 240.9649; Sidewalk; 1.349113; null
3; Pedestrian; None; None; 20.09.2023 13:49:29; 804.9332; 0.2818001; 240.96; Sidewalk; 1.370772; null
3; Pedestrian; None; None; 20.09.2023 13:49:29; 804.941; 0.2818001; 240.9554; Sidewalk; 1.393242; null
3; Pedestrian; None; None; 20.09.2023 13:49:29; 804.9454; 0.2818001; 240.9532; Sidewalk; 1.4042; null
3; Pedestrian; None; None; 20.09.2023 13:49:29; 804.9538; 0.2818001; 240.949; Sidewalk; 1.427057; null
3; Pedestrian; None; None; 20.09.2023 13:49:29; 804.9622; 0.2818001; 240.9452; Sidewalk; 1.448859; null
3; Pedestrian; None; None; 20.09.2023 13:49:29; 804.9711; 0.2818001; 240.9417; Sidewalk; 1.472064; null
3; Pedestrian; None; None; 20.09.2023 13:49:29; 804.9797; 0.2818001; 240.9387; Sidewalk; 1.493314; null
3; Pedestrian; None; None; 20.09.2023 13:49:29; 804.9839; 0.2818001; 240.9372; Sidewalk; 1.504568; null
3; Pedestrian; None; None; 20.09.2023 13:49:29; 804.9921; 0.2818001; 240.9346; Sidewalk; 1.526558; null
3; Pedestrian; None; None; 20.09.2023 13:49:29; 805.0005; 0.2818001; 240.9325; Sidewalk; 1.549654; Checking Box Human Car
3; Pedestrian; None; None; 20.09.2023 13:49:29; 805.0076; 0.2818001; 240.9306; Sidewalk; 1.571549; Checking Box Human Car
3; Pedestrian; None; None; 20.09.2023 13:49:29; 805.0155; 0.2818001; 240.929; Sidewalk; 1.594593; null
3; Pedestrian; None; None; 20.09.2023 13:49:29; 805.0176; 0.2818001; 240.9282; Sidewalk; 1.605137; null
3; Pedestrian; None; None; 20.09.2023 13:49:29; 805.0225; 0.2818001; 240.9269; Sidewalk; 1.627798; null
3; Pedestrian; None; None; 20.09.2023 13:49:29; 805.0261; 0.2818001; 240.9257; Sidewalk; 1.650884; Checking Box AICar
3; Pedestrian; None; None; 20.09.2023 13:49:29; 805.0289; 0.2818001; 240.9249; Sidewalk; 1.672782; Checking Box AICar
3; Pedestrian; None; None; 20.09.2023 13:49:29; 805.0302; 0.2818001; 240.9242; Sidewalk; 1.695931; Checking Box AICar
3; Pedestrian; None; None; 20.09.2023 13:49:30; 805.0308; 0.2818001; 240.924; Sidewalk; 1.706699; Checking Box AICar
3; Pedestrian; None; None; 20.09.2023 13:49:30; 805.0314; 0.2818001; 240.9234; Sidewalk; 1.728482; Checking Box AICar
3; Pedestrian; None; None; 20.09.2023 13:49:30; 805.0311; 0.2818001; 240.9229; Sidewalk; 1.750914; Checking Box AICar
3; Pedestrian; None; None; 20.09.2023 13:49:30; 805.0305; 0.2818001; 240.9225; Sidewalk; 1.772958; Checking Box AICar
3; Pedestrian; None; None; 20.09.2023 13:49:30; 805.03; 0.2818001; 240.9222; Sidewalk; 1.795919; Checking Box AICar
3; Pedestrian; None; None; 20.09.2023 13:49:30; 805.0297; 0.2818001; 240.922; Sidewalk; 1.805673; Checking Box AICar
3; Pedestrian; None; None; 20.09.2023 13:49:30; 805.0279; 0.2818001; 240.9218; Sidewalk; 1.828204; Checking Box AICar
3; Pedestrian; None; None; 20.09.2023 13:49:30; 805.0266; 0.2818001; 240.9217; Sidewalk; 1.850562; Checking Box AICar
3; Pedestrian; None; None; 20.09.2023 13:49:30; 805.0244; 0.2818001; 240.9218; Sidewalk; 1.873228; Checking Box AICar
3; Pedestrian; None; None; 20.09.2023 13:49:30; 805.0236; 0.2818001; 240.922; Sidewalk; 1.895878; Checking Box AICar
3; Pedestrian; None; None; 20.09.2023 13:49:30; 805.0228; 0.2818001; 240.922; Sidewalk; 1.906253; Checking Box AICar
3; Pedestrian; None; None; 20.09.2023 13:49:30; 805.0208; 0.2818001; 240.9221; Sidewalk; 1.928452; Checking Box AICar
3; Pedestrian; None; None; 20.09.2023 13:49:30; 805.0187; 0.2818001; 240.9222; Sidewalk; 1.950462; Checking Box AICar
3; Pedestrian; None; None; 20.09.2023 13:49:30; 805.0167; 0.2818001; 240.9224; Sidewalk; 1.973312; Checking Box AICar
3; Pedestrian; None; None; 20.09.2023 13:49:30; 805.0149; 0.2818001; 240.9226; Sidewalk; 1.994929; Checking Box AICar
3; Pedestrian; None; None; 20.09.2023 13:49:30; 805.0138; 0.2818001; 240.9227; Sidewalk; 2.005816; Checking Box AICar
3; Pedestrian; None; None; 20.09.2023 13:49:30; 805.0124; 0.2818001; 240.923; Sidewalk; 2.02817; Checking Box AICar
3; Pedestrian; None; None; 20.09.2023 13:49:30; 805.0112; 0.2818001; 240.9234; Sidewalk; 2.051006; Checking Box AICar
3; Pedestrian; None; None; 20.09.2023 13:49:30; 805.0096; 0.2818001; 240.9237; Sidewalk; 2.072921; Checking Box AICar
3; Pedestrian; None; None; 20.09.2023 13:49:30; 805.0085; 0.2818001; 240.924; Sidewalk; 2.095118; null
3; Pedestrian; None; None; 20.09.2023 13:49:30; 805.0081; 0.2818001; 240.9242; Sidewalk; 2.105896; null
3; Pedestrian; None; None; 20.09.2023 13:49:30; 805.0073; 0.2818001; 240.9246; Sidewalk; 2.127966; null
3; Pedestrian; None; None; 20.09.2023 13:49:30; 805.0056; 0.2818001; 240.9249; Sidewalk; 2.151073; null
3; Pedestrian; None; None; 20.09.2023 13:49:30; 805.0051; 0.2818001; 240.9252; Sidewalk; 2.172865; null
3; Pedestrian; None; None; 20.09.2023 13:49:30; 805.0042; 0.2818001; 240.9255; Sidewalk; 2.195122; null
3; Pedestrian; None; None; 20.09.2023 13:49:30; 805.0037; 0.2818001; 240.9257; Sidewalk; 2.20565; null
3; Pedestrian; None; None; 20.09.2023 13:49:30; 805.0024; 0.2818001; 240.9259; Sidewalk; 2.228234; null
3; Pedestrian; None; None; 20.09.2023 13:49:30; 805.0017; 0.2818001; 240.9262; Sidewalk; 2.250201; null
3; Pedestrian; None; None; 20.09.2023 13:49:30; 805.0011; 0.2818001; 240.9265; Sidewalk; 2.27219; null
3; Pedestrian; None; None; 20.09.2023 13:49:30; 805.0004; 0.2818001; 240.9268; Sidewalk; 2.29402; null
3; Pedestrian; None; None; 20.09.2023 13:49:30; 804.9998; 0.2818001; 240.9269; Sidewalk; 2.305155; null
3; Pedestrian; None; None; 20.09.2023 13:49:30; 804.9985; 0.2818001; 240.927; Sidewalk; 2.327674; null
3; Pedestrian; None; None; 20.09.2023 13:49:30; 804.9978; 0.2818001; 240.9272; Sidewalk; 2.349961; null
3; Pedestrian; None; None; 20.09.2023 13:49:30; 804.9969; 0.2818001; 240.9275; Sidewalk; 2.372127; null
3; Pedestrian; None; None; 20.09.2023 13:49:30; 804.9963; 0.2818001; 240.9276; Sidewalk; 2.394277; null
3; Pedestrian; None; None; 20.09.2023 13:49:30; 804.9957; 0.2818001; 240.9276; Sidewalk; 2.405258; null
3; Pedestrian; None; None; 20.09.2023 13:49:30; 804.9942; 0.2818001; 240.9276; Sidewalk; 2.427415; null
3; Pedestrian; None; None; 20.09.2023 13:49:30; 804.9937; 0.2818001; 240.9275; Sidewalk; 2.449787; null
3; Pedestrian; None; None; 20.09.2023 13:49:30; 804.9921; 0.2818001; 240.9275; Sidewalk; 2.47174; Checking Box AICar
3; Pedestrian; None; None; 20.09.2023 13:49:30; 804.9916; 0.2818001; 240.9275; Sidewalk; 2.49399; Checking Box AICar
3; Pedestrian; None; None; 20.09.2023 13:49:30; 804.9911; 0.2818001; 240.9274; Sidewalk; 2.505159; Checking Box AICar
3; Pedestrian; None; None; 20.09.2023 13:49:30; 804.991; 0.2818001; 240.9275; Sidewalk; 2.527317; Checking Box AICar
3; Pedestrian; None; None; 20.09.2023 13:49:30; 804.991; 0.2818001; 240.9274; Sidewalk; 2.550561; Checking Box AICar
3; Pedestrian; None; None; 20.09.2023 13:49:30; 804.9911; 0.2818001; 240.9273; Sidewalk; 2.572369; Checking Box AICar
3; Pedestrian; None; None; 20.09.2023 13:49:30; 804.9915; 0.2818001; 240.9272; Sidewalk; 2.59501; Checking Box AICar
3; Pedestrian; None; None; 20.09.2023 13:49:30; 804.9914; 0.2818001; 240.9271; Sidewalk; 2.605863; Checking Box AICar
3; Pedestrian; None; None; 20.09.2023 13:49:30; 804.9915; 0.2818001; 240.927; Sidewalk; 2.628326; Checking Box AICar
3; Pedestrian; None; None; 20.09.2023 13:49:30; 804.9922; 0.2818001; 240.927; Sidewalk; 2.650549; Checking Box AICar
3; Pedestrian; None; None; 20.09.2023 13:49:30; 804.9918; 0.2818001; 240.9268; Sidewalk; 2.672437; Checking Box AICar
3; Pedestrian; None; None; 20.09.2023 13:49:30; 804.9926; 0.2818001; 240.9267; Sidewalk; 2.695743; Checking Box AICar
3; Pedestrian; None; None; 20.09.2023 13:49:31; 804.9929; 0.2818001; 240.9267; Sidewalk; 2.705927; Checking Box AICar
3; Pedestrian; None; None; 20.09.2023 13:49:31; 804.9932; 0.2818001; 240.9265; Sidewalk; 2.728053; Checking Box AICar
3; Pedestrian; None; None; 20.09.2023 13:49:31; 804.9938; 0.2818001; 240.9264; Sidewalk; 2.750589; Checking Box AICar
3; Pedestrian; None; None; 20.09.2023 13:49:31; 804.994; 0.2818001; 240.9263; Sidewalk; 2.772304; Checking Box AICar
3; Pedestrian; None; None; 20.09.2023 13:49:31; 804.9948; 0.2818001; 240.9263; Sidewalk; 2.794593; Checking Box AICar
3; Pedestrian; None; None; 20.09.2023 13:49:31; 804.9948; 0.2818001; 240.9263; Sidewalk; 2.805478; Checking Box AICar
3; Pedestrian; None; None; 20.09.2023 13:49:31; 804.9949; 0.2818001; 240.9262; Sidewalk; 2.828047; Checking Box AICar
3; Pedestrian; None; None; 20.09.2023 13:49:31; 804.9954; 0.2818001; 240.926; Sidewalk; 2.850938; Checking Box AICar
3; Pedestrian; None; None; 20.09.2023 13:49:31; 804.996; 0.2818001; 240.9259; Sidewalk; 2.872294; Checking Box AICar
3; Pedestrian; None; None; 20.09.2023 13:49:31; 804.9963; 0.2818001; 240.9259; Sidewalk; 2.894724; Checking Box AICar
3; Pedestrian; None; None; 20.09.2023 13:49:31; 804.9966; 0.2818001; 240.9259; Sidewalk; 2.907192; Checking Box AICar
3; Pedestrian; None; None; 20.09.2023 13:49:31; 804.9963; 0.2818001; 240.9257; Sidewalk; 2.926971; Checking Box AICar
3; Pedestrian; None; None; 20.09.2023 13:49:31; 804.9967; 0.2818001; 240.9256; Sidewalk; 2.949731; Checking Box AICar
3; Pedestrian; None; None; 20.09.2023 13:49:31; 804.9969; 0.2818001; 240.9255; Sidewalk; 2.972077; Checking Box AICar
3; Pedestrian; None; None; 20.09.2023 13:49:31; 804.9963; 0.2818001; 240.9252; Sidewalk; 2.993894; Checking Box AICar
3; Pedestrian; None; None; 20.09.2023 13:49:31; 804.9964; 0.2818001; 240.9251; Sidewalk; 3.005401; Checking Box AICar
3; Pedestrian; None; None; 20.09.2023 13:49:31; 804.9969; 0.2818001; 240.925; Sidewalk; 3.02702; Checking Box AICar
3; Pedestrian; None; None; 20.09.2023 13:49:31; 804.9963; 0.2818001; 240.9248; Sidewalk; 3.049509; Checking Box AICar
3; Pedestrian; None; None; 20.09.2023 13:49:31; 804.9967; 0.2818001; 240.9246; Sidewalk; 3.07182; Checking Box AICar
3; Pedestrian; None; None; 20.09.2023 13:49:31; 804.9968; 0.2818001; 240.9244; Sidewalk; 3.094105; Checking Box AICar
3; Pedestrian; None; None; 20.09.2023 13:49:31; 804.9974; 0.2818001; 240.9244; Sidewalk; 3.104867; Checking Box AICar
3; Pedestrian; None; None; 20.09.2023 13:49:31; 804.9979; 0.2818001; 240.9244; Sidewalk; 3.126863; Checking Box AICar
3; Pedestrian; None; None; 20.09.2023 13:49:31; 804.998; 0.2818001; 240.9245; Sidewalk; 3.149583; Checking Box AICar
3; Pedestrian; None; None; 20.09.2023 13:49:31; 804.9985; 0.2818001; 240.9246; Sidewalk; 3.171899; Checking Box AICar
3; Pedestrian; None; None; 20.09.2023 13:49:31; 804.9989; 0.2818001; 240.9246; Sidewalk; 3.194347; Checking Box AICar
3; Pedestrian; None; None; 20.09.2023 13:49:31; 804.9989; 0.2818001; 240.9246; Sidewalk; 3.205751; Checking Box AICar
3; Pedestrian; None; None; 20.09.2023 13:49:31; 804.9988; 0.2818001; 240.9247; Sidewalk; 3.227306; Checking Box AICar
3; Pedestrian; None; None; 20.09.2023 13:49:31; 804.9988; 0.2818001; 240.9247; Sidewalk; 3.249399; Checking Box AICar
3; Pedestrian; None; None; 20.09.2023 13:49:31; 804.9988; 0.2818001; 240.9246; Sidewalk; 3.272147; Checking Box AICar
3; Pedestrian; None; None; 20.09.2023 13:49:31; 804.9988; 0.2818001; 240.9247; Sidewalk; 3.295279; Checking Box AICar
3; Pedestrian; None; None; 20.09.2023 13:49:31; 804.9992; 0.2818001; 240.9248; Sidewalk; 3.305112; Checking Box AICar
3; Pedestrian; None; None; 20.09.2023 13:49:31; 804.9992; 0.2818001; 240.9248; Sidewalk; 3.327682; Checking Box AICar
3; Pedestrian; None; None; 20.09.2023 13:49:31; 804.9991; 0.2818001; 240.9248; Sidewalk; 3.349873; Checking Box AICar
3; Pedestrian; None; None; 20.09.2023 13:49:31; 804.9994; 0.2818001; 240.9247; Sidewalk; 3.372494; Checking Box AICar
3; Pedestrian; None; None; 20.09.2023 13:49:31; 804.9993; 0.2818001; 240.9246; Sidewalk; 3.395001; Checking Box AICar
3; Pedestrian; None; None; 20.09.2023 13:49:31; 804.9994; 0.2818001; 240.9245; Sidewalk; 3.406189; Checking Box AICar
3; Pedestrian; None; None; 20.09.2023 13:49:31; 804.9998; 0.2818001; 240.9244; Sidewalk; 3.427562; Checking Box AICar
3; Pedestrian; None; None; 20.09.2023 13:49:31; 805.0002; 0.2818001; 240.9243; Sidewalk; 3.450582; Checking Box AICar
3; Pedestrian; None; None; 20.09.2023 13:49:31; 805.0005; 0.2818001; 240.9243; Sidewalk; 3.471853; null
3; Pedestrian; None; None; 20.09.2023 13:49:31; 805.0006; 0.2818001; 240.9241; Sidewalk; 3.495296; null
3; Pedestrian; None; None; 20.09.2023 13:49:31; 805.0006; 0.2818001; 240.9241; Sidewalk; 3.50511; null
3; Pedestrian; None; None; 20.09.2023 13:49:31; 805.0007; 0.2818001; 240.924; Sidewalk; 3.527711; null
3; Pedestrian; None; None; 20.09.2023 13:49:31; 805.001; 0.2818001; 240.9239; Sidewalk; 3.550239; null
3; Pedestrian; None; None; 20.09.2023 13:49:31; 805.0012; 0.2818001; 240.9238; Sidewalk; 3.571937; null
3; Pedestrian; None; None; 20.09.2023 13:49:31; 805.0012; 0.2818001; 240.9236; Sidewalk; 3.594874; null
3; Pedestrian; None; None; 20.09.2023 13:49:31; 805.0011; 0.2818001; 240.9235; Sidewalk; 3.60515; null
3; Pedestrian; None; None; 20.09.2023 13:49:31; 805.0007; 0.2818001; 240.9233; Sidewalk; 3.62727; null
3; Pedestrian; None; None; 20.09.2023 13:49:31; 805.0008; 0.2818001; 240.9232; Sidewalk; 3.649733; null
3; Pedestrian; None; None; 20.09.2023 13:49:31; 805.0014; 0.2818001; 240.9232; Sidewalk; 3.671903; null
3; Pedestrian; None; None; 20.09.2023 13:49:31; 805.0017; 0.2818001; 240.9232; Sidewalk; 3.69478; null
3; Pedestrian; None; None; 20.09.2023 13:49:32; 805.0013; 0.2818001; 240.9231; Sidewalk; 3.705041; null
3; Pedestrian; None; None; 20.09.2023 13:49:32; 805.001; 0.2818001; 240.9229; Sidewalk; 3.727315; null
3; Pedestrian; None; None; 20.09.2023 13:49:32; 805.0013; 0.2818001; 240.9227; Sidewalk; 3.750368; null
3; Pedestrian; None; None; 20.09.2023 13:49:32; 805.0023; 0.2818001; 240.9226; Sidewalk; 3.77287; null
3; Pedestrian; None; None; 20.09.2023 13:49:32; 805.0031; 0.2818001; 240.9224; Sidewalk; 3.793953; Checking Box AICar
3; Pedestrian; None; None; 20.09.2023 13:49:32; 805.0034; 0.2818001; 240.9224; Sidewalk; 3.805129; Checking Box AICar
3; Pedestrian; None; None; 20.09.2023 13:49:32; 805.0042; 0.2818001; 240.9222; Sidewalk; 3.827359; Checking Box AICar
3; Pedestrian; None; None; 20.09.2023 13:49:32; 805.0051; 0.2818001; 240.922; Sidewalk; 3.849905; Checking Box AICar
3; Pedestrian; None; None; 20.09.2023 13:49:32; 805.0062; 0.2818001; 240.9218; Sidewalk; 3.872629; Checking Box AICar
3; Pedestrian; None; None; 20.09.2023 13:49:32; 805.0065; 0.2818001; 240.9215; Sidewalk; 3.895264; Checking Box AICar
3; Pedestrian; None; None; 20.09.2023 13:49:32; 805.007; 0.2818001; 240.9215; Sidewalk; 3.905321; Checking Box AICar
3; Pedestrian; None; None; 20.09.2023 13:49:32; 805.0072; 0.2818001; 240.9213; Sidewalk; 3.927041; Checking Box AICar
3; Pedestrian; None; None; 20.09.2023 13:49:32; 805.0078; 0.2818001; 240.9212; Sidewalk; 3.94963; Checking Box AICar
3; Pedestrian; None; None; 20.09.2023 13:49:32; 805.0079; 0.2818001; 240.9212; Sidewalk; 3.97172; Checking Box AICar
3; Pedestrian; None; None; 20.09.2023 13:49:32; 805.0085; 0.2818001; 240.9211; Sidewalk; 3.983394; null
3; Pedestrian; None; None; 20.09.2023 13:49:32; 805.0085; 0.2818001; 240.9211; Sidewalk; 3.983394; null
3; Pedestrian; None; None; 20.09.2023 13:49:32; 805.0085; 0.2818001; 240.9211; Sidewalk; 3.983394; null
3; Pedestrian; None; None; 20.09.2023 13:49:32; 805.0084; 0.2818001; 240.921; Sidewalk; 3.994315; null
3; Pedestrian; None; None; 20.09.2023 13:49:32; 805.0085; 0.2818001; 240.9212; Sidewalk; 4.078067; null
3; Pedestrian; None; None; 20.09.2023 13:49:32; 805.0085; 0.2818001; 240.9212; Sidewalk; 4.093008; null
3; Pedestrian; None; None; 20.09.2023 13:49:32; 805.0085; 0.2818001; 240.9213; Sidewalk; 4.102451; null
3; Pedestrian; None; None; 20.09.2023 13:49:32; 805.0082; 0.2818001; 240.9215; Sidewalk; 4.124388; null
3; Pedestrian; None; None; 20.09.2023 13:49:32; 805.008; 0.2818001; 240.9216; Sidewalk; 4.146715; Checking Box AICar
3; Pedestrian; None; None; 20.09.2023 13:49:32; 805.008; 0.2818001; 240.9219; Sidewalk; 4.169501; Checking Box AICar
3; Pedestrian; None; None; 20.09.2023 13:49:32; 805.0077; 0.2818001; 240.922; Sidewalk; 4.191743; Checking Box AICar
3; Pedestrian; None; None; 20.09.2023 13:49:32; 805.0076; 0.2818001; 240.9221; Sidewalk; 4.203077; Checking Box AICar
3; Pedestrian; None; None; 20.09.2023 13:49:32; 805.007; 0.2818001; 240.9222; Sidewalk; 4.227438; Checking Box AICar
3; Pedestrian; None; None; 20.09.2023 13:49:32; 805.0065; 0.2818001; 240.9224; Sidewalk; 4.246559; Checking Box AICar
3; Pedestrian; None; None; 20.09.2023 13:49:32; 805.0063; 0.2818001; 240.9225; Sidewalk; 4.269113; Checking Box AICar
3; Pedestrian; None; None; 20.09.2023 13:49:32; 805.0057; 0.2818001; 240.9226; Sidewalk; 4.290855; Checking Box AICar
3; Pedestrian; None; None; 20.09.2023 13:49:32; 805.0057; 0.2818001; 240.9226; Sidewalk; 4.302958; Checking Box AICar
3; Pedestrian; None; None; 20.09.2023 13:49:32; 805.0062; 0.2818001; 240.9229; Sidewalk; 4.324524; Checking Box AICar
3; Pedestrian; None; None; 20.09.2023 13:49:32; 805.0059; 0.2818001; 240.923; Sidewalk; 4.34637; Checking Box AICar
3; Pedestrian; None; None; 20.09.2023 13:49:32; 805.0056; 0.2818001; 240.9232; Sidewalk; 4.368974; Checking Box AICar
3; Pedestrian; None; None; 20.09.2023 13:49:32; 805.0049; 0.2818001; 240.9234; Sidewalk; 4.391573; Checking Box AICar
3; Pedestrian; None; None; 20.09.2023 13:49:32; 805.0045; 0.2818001; 240.9235; Sidewalk; 4.402501; Checking Box AICar
3; Pedestrian; None; None; 20.09.2023 13:49:32; 805.0041; 0.2818001; 240.9236; Sidewalk; 4.424293; Checking Box AICar
3; Pedestrian; None; None; 20.09.2023 13:49:32; 805.0049; 0.2818001; 240.9239; Sidewalk; 4.446425; Checking Box AICar
3; Pedestrian; None; None; 20.09.2023 13:49:32; 805.0048; 0.2818001; 240.9242; Sidewalk; 4.468997; Checking Box AICar
3; Pedestrian; None; None; 20.09.2023 13:49:32; 805.0043; 0.2818001; 240.9244; Sidewalk; 4.490958; Checking Box AICar
3; Pedestrian; None; None; 20.09.2023 13:49:32; 805.0048; 0.2818001; 240.9246; Sidewalk; 4.502657; Checking Box AICar
3; Pedestrian; None; None; 20.09.2023 13:49:32; 805.0051; 0.2818001; 240.9247; Sidewalk; 4.525036; Checking Box AICar
3; Pedestrian; None; None; 20.09.2023 13:49:32; 805.005; 0.2818001; 240.9249; Sidewalk; 4.54706; Checking Box AICar
3; Pedestrian; None; None; 20.09.2023 13:49:32; 805.0054; 0.2818001; 240.9249; Sidewalk; 4.568954; Checking Box AICar
3; Pedestrian; None; None; 20.09.2023 13:49:32; 805.005; 0.2818001; 240.9249; Sidewalk; 4.591653; Checking Box AICar
3; Pedestrian; None; None; 20.09.2023 13:49:32; 805.005; 0.2818001; 240.9249; Sidewalk; 4.603352; Checking Box AICar
3; Pedestrian; None; None; 20.09.2023 13:49:32; 805.0047; 0.2818001; 240.9249; Sidewalk; 4.625881; Checking Box AICar
3; Pedestrian; None; None; 20.09.2023 13:49:32; 805.0047; 0.2818001; 240.925; Sidewalk; 4.649022; Checking Box AICar
3; Pedestrian; None; None; 20.09.2023 13:49:32; 805.005; 0.2818001; 240.925; Sidewalk; 4.671309; Checking Box AICar
3; Pedestrian; None; None; 20.09.2023 13:49:32; 805.0056; 0.2818001; 240.9251; Sidewalk; 4.694106; Checking Box AICar
3; Pedestrian; None; None; 20.09.2023 13:49:33; 805.0057; 0.2818001; 240.9251; Sidewalk; 4.704947; Checking Box AICar
3; Pedestrian; None; None; 20.09.2023 13:49:33; 805.0062; 0.2818001; 240.9252; Sidewalk; 4.726908; Checking Box AICar
3; Pedestrian; None; None; 20.09.2023 13:49:33; 805.0067; 0.2818001; 240.9251; Sidewalk; 4.749309; Checking Box AICar
3; Pedestrian; None; None; 20.09.2023 13:49:33; 805.0065; 0.2818001; 240.9252; Sidewalk; 4.771509; Checking Box AICar
3; Pedestrian; None; None; 20.09.2023 13:49:33; 805.0066; 0.2818001; 240.9251; Sidewalk; 4.793713; Checking Box AICar
3; Pedestrian; None; None; 20.09.2023 13:49:33; 805.0065; 0.2818001; 240.925; Sidewalk; 4.80466; Checking Box AICar
3; Pedestrian; None; None; 20.09.2023 13:49:33; 805.0071; 0.2818001; 240.9251; Sidewalk; 4.827256; Checking Box AICar
3; Pedestrian; None; None; 20.09.2023 13:49:33; 805.0073; 0.2818001; 240.925; Sidewalk; 4.849365; Checking Box AICar
3; Pedestrian; None; None; 20.09.2023 13:49:33; 805.0066; 0.2818001; 240.925; Sidewalk; 4.87244; Checking Box AICar
3; Pedestrian; None; None; 20.09.2023 13:49:33; 805.0067; 0.2818001; 240.9249; Sidewalk; 4.893666; Checking Box AICar
3; Pedestrian; None; None; 20.09.2023 13:49:33; 805.0067; 0.2818001; 240.9249; Sidewalk; 4.904737; Checking Box AICar
3; Pedestrian; None; None; 20.09.2023 13:49:33; 805.0069; 0.2818001; 240.9248; Sidewalk; 4.92696; Checking Box AICar
3; Pedestrian; None; None; 20.09.2023 13:49:33; 805.007; 0.2818001; 240.9247; Sidewalk; 4.949486; Checking Box AICar
3; Pedestrian; None; None; 20.09.2023 13:49:33; 805.0069; 0.2818001; 240.9246; Sidewalk; 4.971286; Checking Box AICar
3; Pedestrian; None; None; 20.09.2023 13:49:33; 805.0068; 0.2818001; 240.9245; Sidewalk; 4.993979; Checking Box AICar
3; Pedestrian; None; None; 20.09.2023 13:49:33; 805.0071; 0.2818001; 240.9245; Sidewalk; 5.004161; Checking Box AICar
3; Pedestrian; None; None; 20.09.2023 13:49:33; 805.0073; 0.2818001; 240.9245; Sidewalk; 5.026257; Checking Box AICar
3; Pedestrian; None; None; 20.09.2023 13:49:33; 805.0071; 0.2818001; 240.9245; Sidewalk; 5.048412; Checking Box AICar
3; Pedestrian; None; None; 20.09.2023 13:49:33; 805.0073; 0.2818001; 240.9245; Sidewalk; 5.07083; Checking Box AICar
3; Pedestrian; None; None; 20.09.2023 13:49:33; 805.007; 0.2818001; 240.9245; Sidewalk; 5.093323; Checking Box AICar
3; Pedestrian; None; None; 20.09.2023 13:49:33; 805.0071; 0.2818001; 240.9246; Sidewalk; 5.104224; Checking Box AICar
3; Pedestrian; None; None; 20.09.2023 13:49:33; 805.0067; 0.2818001; 240.9246; Sidewalk; 5.126359; Checking Box AICar
3; Pedestrian; None; None; 20.09.2023 13:49:33; 805.006; 0.2818001; 240.9245; Sidewalk; 5.149234; Checking Box AICar
3; Pedestrian; None; None; 20.09.2023 13:49:33; 805.0056; 0.2818001; 240.9245; Sidewalk; 5.171752; Checking Box AICar
3; Pedestrian; None; None; 20.09.2023 13:49:33; 805.0049; 0.2818001; 240.9245; Sidewalk; 5.194556; Checking Box AICar
3; Pedestrian; None; None; 20.09.2023 13:49:33; 805.0045; 0.2818001; 240.9243; Sidewalk; 5.205176; Checking Box AICar
3; Pedestrian; None; None; 20.09.2023 13:49:33; 805.0037; 0.2818001; 240.9242; Sidewalk; 5.227607; Checking Box AICar
3; Pedestrian; None; None; 20.09.2023 13:49:33; 805.0027; 0.2818001; 240.9241; Sidewalk; 5.249585; Checking Box AICar
3; Pedestrian; None; None; 20.09.2023 13:49:33; 805.0017; 0.2818001; 240.9239; Sidewalk; 5.271601; Checking Box AICar
3; Pedestrian; None; None; 20.09.2023 13:49:33; 805.0017; 0.2818001; 240.9239; Sidewalk; 5.293658; null
3; Pedestrian; None; None; 20.09.2023 13:49:33; 805.001; 0.2818001; 240.9238; Sidewalk; 5.304973; null
3; Pedestrian; None; None; 20.09.2023 13:49:33; 805.0005; 0.2818001; 240.9238; Sidewalk; 5.326005; null
3; Pedestrian; None; None; 20.09.2023 13:49:33; 805.0001; 0.2818001; 240.9237; Sidewalk; 5.349156; null
3; Pedestrian; None; None; 20.09.2023 13:49:33; 804.9988; 0.2818001; 240.9235; Sidewalk; 5.371002; null
3; Pedestrian; None; None; 20.09.2023 13:49:33; 804.9979; 0.2818001; 240.9234; Sidewalk; 5.392132; null
3; Pedestrian; None; None; 20.09.2023 13:49:33; 804.9974; 0.2818001; 240.9234; Sidewalk; 5.40427; null
3; Pedestrian; None; None; 20.09.2023 13:49:33; 804.9965; 0.2818001; 240.9234; Sidewalk; 5.425104; null
3; Pedestrian; None; None; 20.09.2023 13:49:33; 804.9952; 0.2818001; 240.9233; Sidewalk; 5.447394; null
3; Pedestrian; None; None; 20.09.2023 13:49:33; 804.9942; 0.2818001; 240.9231; Sidewalk; 5.470085; null
3; Pedestrian; None; None; 20.09.2023 13:49:33; 804.9935; 0.2818001; 240.923; Sidewalk; 5.492665; null
3; Pedestrian; None; None; 20.09.2023 13:49:33; 804.9929; 0.2818001; 240.9229; Sidewalk; 5.504211; null
3; Pedestrian; None; None; 20.09.2023 13:49:33; 804.9912; 0.2818001; 240.9227; Sidewalk; 5.52558; null
3; Pedestrian; None; None; 20.09.2023 13:49:33; 804.99; 0.2818001; 240.9226; Sidewalk; 5.548289; Checking Box Human Car
3; Pedestrian; None; None; 20.09.2023 13:49:33; 804.989; 0.2818001; 240.9225; Sidewalk; 5.570514; Checking Box Human Car
3; Pedestrian; None; None; 20.09.2023 13:49:33; 804.9878; 0.2818001; 240.9224; Sidewalk; 5.592118; Checking Box Human Car
3; Pedestrian; None; None; 20.09.2023 13:49:33; 804.9872; 0.2818001; 240.9222; Sidewalk; 5.6034; Checking Box Human Car
3; Pedestrian; None; None; 20.09.2023 13:49:33; 804.9863; 0.2818001; 240.9221; Sidewalk; 5.6256; Checking Box Human Car
3; Pedestrian; None; None; 20.09.2023 13:49:33; 804.9849; 0.2818001; 240.9219; Sidewalk; 5.647015; Checking Box Human Car
3; Pedestrian; None; None; 20.09.2023 13:49:33; 804.9837; 0.2818001; 240.9218; Sidewalk; 5.67035; Checking Box Human Car
3; Pedestrian; None; None; 20.09.2023 13:49:33; 804.9825; 0.2818001; 240.9216; Sidewalk; 5.692331; Checking Box Human Car
3; Pedestrian; None; None; 20.09.2023 13:49:34; 804.9818; 0.2818001; 240.9216; Sidewalk; 5.703211; Checking Box Human Car
3; Pedestrian; None; None; 20.09.2023 13:49:34; 804.9807; 0.2818001; 240.9215; Sidewalk; 5.724918; Checking Box Human Car
3; Pedestrian; None; None; 20.09.2023 13:49:34; 804.9797; 0.2818001; 240.9215; Sidewalk; 5.747738; null
3; Pedestrian; None; None; 20.09.2023 13:49:34; 804.9784; 0.2818001; 240.9215; Sidewalk; 5.771142; null
3; Pedestrian; None; None; 20.09.2023 13:49:34; 804.9774; 0.2818001; 240.9215; Sidewalk; 5.79304; null
3; Pedestrian; None; None; 20.09.2023 13:49:34; 804.9769; 0.2818001; 240.9215; Sidewalk; 5.804082; null
3; Pedestrian; None; None; 20.09.2023 13:49:34; 804.9753; 0.2818001; 240.9212; Sidewalk; 5.826235; null
3; Pedestrian; None; None; 20.09.2023 13:49:34; 804.9748; 0.2818001; 240.9211; Sidewalk; 5.841101; null
3; Pedestrian; None; None; 20.09.2023 13:49:34; 804.9731; 0.2818001; 240.9209; Sidewalk; 5.875894; null
3; Pedestrian; None; None; 20.09.2023 13:49:34; 804.9722; 0.2818001; 240.921; Sidewalk; 5.890676; null
3; Pedestrian; None; None; 20.09.2023 13:49:34; 804.9716; 0.2818001; 240.921; Sidewalk; 5.901617; null
3; Pedestrian; None; None; 20.09.2023 13:49:34; 804.9706; 0.2818001; 240.9209; Sidewalk; 5.923851; null
3; Pedestrian; None; None; 20.09.2023 13:49:34; 804.9697; 0.2818001; 240.9209; Sidewalk; 5.945721; null
3; Pedestrian; None; None; 20.09.2023 13:49:34; 804.9687; 0.2818001; 240.921; Sidewalk; 5.967906; null
3; Pedestrian; None; None; 20.09.2023 13:49:34; 804.9678; 0.2818001; 240.9211; Sidewalk; 5.990378; null
3; Pedestrian; None; None; 20.09.2023 13:49:34; 804.9669; 0.2818001; 240.921; Sidewalk; 6.001179; null
3; Pedestrian; None; None; 20.09.2023 13:49:34; 804.9663; 0.2818001; 240.921; Sidewalk; 6.023726; null
3; Pedestrian; None; None; 20.09.2023 13:49:34; 804.9659; 0.2818001; 240.9212; Sidewalk; 6.045874; null
3; Pedestrian; None; None; 20.09.2023 13:49:34; 804.9653; 0.2818001; 240.9214; Sidewalk; 6.068817; null
3; Pedestrian; None; None; 20.09.2023 13:49:34; 804.9651; 0.2818001; 240.9215; Sidewalk; 6.091136; null
3; Pedestrian; None; None; 20.09.2023 13:49:34; 804.965; 0.2818001; 240.9216; Sidewalk; 6.101272; null
3; Pedestrian; None; None; 20.09.2023 13:49:34; 804.9647; 0.2818001; 240.9218; Sidewalk; 6.123577; null
3; Pedestrian; None; None; 20.09.2023 13:49:34; 804.9641; 0.2818001; 240.9218; Sidewalk; 6.145839; null
3; Pedestrian; None; None; 20.09.2023 13:49:34; 804.9639; 0.2818001; 240.922; Sidewalk; 6.167855; null
3; Pedestrian; None; None; 20.09.2023 13:49:34; 804.9636; 0.2818001; 240.9221; Sidewalk; 6.191013; null
3; Pedestrian; None; None; 20.09.2023 13:49:34; 804.9635; 0.2818001; 240.9221; Sidewalk; 6.202074; null
3; Pedestrian; None; None; 20.09.2023 13:49:34; 804.9638; 0.2818001; 240.9223; Sidewalk; 6.224266; null
3; Pedestrian; None; None; 20.09.2023 13:49:34; 804.9637; 0.2818001; 240.9223; Sidewalk; 6.246222; null
3; Pedestrian; None; None; 20.09.2023 13:49:34; 804.9638; 0.2818001; 240.9223; Sidewalk; 6.267991; Checking Box Human Car
3; Pedestrian; None; None; 20.09.2023 13:49:34; 804.9635; 0.2818001; 240.9223; Sidewalk; 6.290319; Checking Box Human Car
3; Pedestrian; None; None; 20.09.2023 13:49:34; 804.9636; 0.2818001; 240.9222; Sidewalk; 6.301951; Checking Box Human Car
3; Pedestrian; None; None; 20.09.2023 13:49:34; 804.9637; 0.2818001; 240.9223; Sidewalk; 6.324896; Checking Box Human Car
3; Pedestrian; None; None; 20.09.2023 13:49:34; 804.9641; 0.2818001; 240.9222; Sidewalk; 6.34836; Checking Box Human Car
3; Pedestrian; None; None; 20.09.2023 13:49:34; 804.9639; 0.2818001; 240.9222; Sidewalk; 6.370354; Checking Box Human Car
3; Pedestrian; None; None; 20.09.2023 13:49:34; 804.9639; 0.2818001; 240.9222; Sidewalk; 6.392624; Checking Box Human Car
3; Pedestrian; None; None; 20.09.2023 13:49:34; 804.9641; 0.2818001; 240.9222; Sidewalk; 6.404564; Checking Box Human Car
3; Pedestrian; None; None; 20.09.2023 13:49:34; 804.9642; 0.2818001; 240.9221; Sidewalk; 6.426617; Checking Box Human Car
3; Pedestrian; None; None; 20.09.2023 13:49:34; 804.9646; 0.2818001; 240.9221; Sidewalk; 6.449197; Checking Box Human Car
3; Pedestrian; None; None; 20.09.2023 13:49:34; 804.9652; 0.2818001; 240.9221; Sidewalk; 6.470789; Checking Box Human Car
3; Pedestrian; None; None; 20.09.2023 13:49:34; 804.9655; 0.2818001; 240.9221; Sidewalk; 6.492667; Checking Box Human Car
3; Pedestrian; None; None; 20.09.2023 13:49:34; 804.9659; 0.2818001; 240.9221; Sidewalk; 6.503962; Checking Box Human Car
3; Pedestrian; None; None; 20.09.2023 13:49:34; 804.9663; 0.2818001; 240.9221; Sidewalk; 6.525832; Checking Box Human Car
3; Pedestrian; None; None; 20.09.2023 13:49:34; 804.9666; 0.2818001; 240.9222; Sidewalk; 6.548087; Checking Box Human Car
3; Pedestrian; None; None; 20.09.2023 13:49:34; 804.9666; 0.2818001; 240.9224; Sidewalk; 6.570272; Checking Box Human Car
3; Pedestrian; None; None; 20.09.2023 13:49:34; 804.9661; 0.2818001; 240.9228; Sidewalk; 6.593065; Checking Box Human Car
3; Pedestrian; None; None; 20.09.2023 13:49:34; 804.9656; 0.2818001; 240.923; Sidewalk; 6.60369; Checking Box Human Car
3; Pedestrian; None; None; 20.09.2023 13:49:34; 804.9636; 0.2818001; 240.9236; Sidewalk; 6.626062; Checking Box Human Car
3; Pedestrian; None; None; 20.09.2023 13:49:34; 804.9601; 0.2818001; 240.9245; Sidewalk; 6.648501; null
3; Pedestrian; None; None; 20.09.2023 13:49:34; 804.9555; 0.2818001; 240.9258; Sidewalk; 6.670598; Checking Box Human Car
3; Pedestrian; None; None; 20.09.2023 13:49:34; 804.9503; 0.2818001; 240.9274; Sidewalk; 6.693; Checking Box Human Car
3; Pedestrian; None; None; 20.09.2023 13:49:35; 804.9474; 0.2818001; 240.9284; Sidewalk; 6.703692; Checking Box Human Car
3; Pedestrian; None; None; 20.09.2023 13:49:35; 804.9398; 0.2818001; 240.9308; Sidewalk; 6.725325; Checking Box Human Car
3; Pedestrian; None; None; 20.09.2023 13:49:35; 804.9308; 0.2818001; 240.9338; Sidewalk; 6.747579; Checking Box Human Car
3; Pedestrian; None; None; 20.09.2023 13:49:35; 804.9221; 0.2818001; 240.9374; Sidewalk; 6.770305; Checking Box Human Car
3; Pedestrian; None; None; 20.09.2023 13:49:35; 804.912; 0.2818001; 240.9416; Sidewalk; 6.792366; Checking Box Human Car
3; Pedestrian; None; None; 20.09.2023 13:49:35; 804.9073; 0.2818001; 240.944; Sidewalk; 6.804016; Checking Box Human Car
3; Pedestrian; None; None; 20.09.2023 13:49:35; 804.8975; 0.2818001; 240.9492; Sidewalk; 6.825722; Checking Box Human Car
3; Pedestrian; None; None; 20.09.2023 13:49:35; 804.888; 0.2818001; 240.955; Sidewalk; 6.84818; Checking Box Human Car
3; Pedestrian; None; None; 20.09.2023 13:49:35; 804.8797; 0.2818001; 240.9615; Sidewalk; 6.870818; Checking Box Human Car
3; Pedestrian; None; None; 20.09.2023 13:49:35; 804.8723; 0.2818001; 240.9687; Sidewalk; 6.892303; Checking Box Human Car
3; Pedestrian; None; None; 20.09.2023 13:49:35; 804.8693; 0.2818001; 240.9726; Sidewalk; 6.903453; Checking Box Human Car
3; Pedestrian; None; None; 20.09.2023 13:49:35; 804.8643; 0.2818001; 240.9809; Sidewalk; 6.926028; Checking Box Human Car
3; Pedestrian; None; None; 20.09.2023 13:49:35; 804.8616; 0.2818001; 240.9899; Sidewalk; 6.947671; Checking Box Human Car
3; Pedestrian; None; None; 20.09.2023 13:49:35; 804.8604; 0.2818001; 240.9989; Sidewalk; 6.970245; Checking Box Human Car
3; Pedestrian; None; None; 20.09.2023 13:49:35; 804.8608; 0.2818001; 241.008; Sidewalk; 6.992072; Checking Box Human Car
3; Pedestrian; None; None; 20.09.2023 13:49:35; 804.8625; 0.2818001; 241.0126; Sidewalk; 7.004255; Checking Box Human Car
3; Pedestrian; None; None; 20.09.2023 13:49:35; 804.8654; 0.2818001; 241.0217; Sidewalk; 7.025486; Checking Box Human Car
3; Pedestrian; None; None; 20.09.2023 13:49:35; 804.8705; 0.2818001; 241.0306; Sidewalk; 7.04765; Checking Box Human Car
3; Pedestrian; None; None; 20.09.2023 13:49:35; 804.8768; 0.2818001; 241.0393; Sidewalk; 7.070365; Checking Box Human Car
3; Pedestrian; None; None; 20.09.2023 13:49:35; 804.8845; 0.2818001; 241.0477; Sidewalk; 7.092056; Checking Box Human Car
3; Pedestrian; None; None; 20.09.2023 13:49:35; 804.8887; 0.2818001; 241.0514; Sidewalk; 7.10347; Checking Box Human Car
3; Pedestrian; None; None; 20.09.2023 13:49:35; 804.8972; 0.2818001; 241.0589; Sidewalk; 7.125372; Checking Box Human Car
3; Pedestrian; None; None; 20.09.2023 13:49:35; 804.9069; 0.2818001; 241.0658; Sidewalk; 7.147494; null
3; Pedestrian; None; None; 20.09.2023 13:49:35; 804.9172; 0.2818001; 241.0719; Sidewalk; 7.170952; null
3; Pedestrian; None; None; 20.09.2023 13:49:35; 804.9274; 0.2818001; 241.0772; Sidewalk; 7.193281; null
3; Pedestrian; None; None; 20.09.2023 13:49:35; 804.9329; 0.2818001; 241.0795; Sidewalk; 7.203949; null
3; Pedestrian; None; None; 20.09.2023 13:49:35; 804.9427; 0.2818001; 241.0834; Sidewalk; 7.225785; null
3; Pedestrian; None; None; 20.09.2023 13:49:35; 804.9515; 0.2818001; 241.0867; Sidewalk; 7.248054; null
3; Pedestrian; None; None; 20.09.2023 13:49:35; 804.9604; 0.2818001; 241.0895; Sidewalk; 7.270457; null
3; Pedestrian; None; None; 20.09.2023 13:49:35; 804.9675; 0.2818001; 241.0917; Sidewalk; 7.292273; null
3; Pedestrian; None; None; 20.09.2023 13:49:35; 804.9705; 0.2818001; 241.0926; Sidewalk; 7.303769; null
3; Pedestrian; None; None; 20.09.2023 13:49:35; 804.9758; 0.2818001; 241.0945; Sidewalk; 7.325859; null
3; Pedestrian; None; None; 20.09.2023 13:49:35; 804.9807; 0.2818001; 241.0959; Sidewalk; 7.34781; null
3; Pedestrian; None; None; 20.09.2023 13:49:35; 804.9848; 0.2818001; 241.0971; Sidewalk; 7.370773; null
3; Pedestrian; None; None; 20.09.2023 13:49:35; 804.9882; 0.2818001; 241.0979; Sidewalk; 7.393483; null
3; Pedestrian; None; None; 20.09.2023 13:49:35; 804.9895; 0.2818001; 241.0983; Sidewalk; 7.404527; null
3; Pedestrian; None; None; 20.09.2023 13:49:35; 804.9923; 0.2818001; 241.099; Sidewalk; 7.425508; null
3; Pedestrian; None; None; 20.09.2023 13:49:35; 804.9943; 0.2818001; 241.0996; Sidewalk; 7.447743; null
3; Pedestrian; None; None; 20.09.2023 13:49:35; 804.9958; 0.2818001; 241.1001; Sidewalk; 7.470545; null
3; Pedestrian; None; None; 20.09.2023 13:49:35; 804.9977; 0.2818001; 241.1007; Sidewalk; 7.492724; null
3; Pedestrian; None; None; 20.09.2023 13:49:35; 804.9991; 0.2818001; 241.101; Sidewalk; 7.503913; null
3; Pedestrian; None; None; 20.09.2023 13:49:35; 805.0007; 0.2818001; 241.1013; Sidewalk; 7.525147; null
3; Pedestrian; None; None; 20.09.2023 13:49:35; 805.0024; 0.2818001; 241.1018; Sidewalk; 7.547851; null
3; Pedestrian; None; None; 20.09.2023 13:49:35; 805.0039; 0.2818001; 241.1021; Sidewalk; 7.569851; null
3; Pedestrian; None; None; 20.09.2023 13:49:35; 805.0054; 0.2818001; 241.1023; Sidewalk; 7.592143; null
3; Pedestrian; None; None; 20.09.2023 13:49:35; 805.0063; 0.2818001; 241.1024; Sidewalk; 7.602968; null
3; Pedestrian; None; None; 20.09.2023 13:49:35; 805.0078; 0.2818001; 241.1025; Sidewalk; 7.62527; null
3; Pedestrian; None; None; 20.09.2023 13:49:35; 805.0093; 0.2818001; 241.1027; Sidewalk; 7.647177; null
3; Pedestrian; None; None; 20.09.2023 13:49:35; 805.0101; 0.2818001; 241.1029; Sidewalk; 7.669822; null
3; Pedestrian; None; None; 20.09.2023 13:49:35; 805.0106; 0.2818001; 241.1029; Sidewalk; 7.692568; null
3; Pedestrian; None; None; 20.09.2023 13:49:36; 805.0107; 0.2818001; 241.1029; Sidewalk; 7.703295; null
3; Pedestrian; None; None; 20.09.2023 13:49:36; 805.0109; 0.2818001; 241.103; Sidewalk; 7.724923; null
3; Pedestrian; None; None; 20.09.2023 13:49:36; 805.0104; 0.2818001; 241.1031; Sidewalk; 7.747056; null
3; Pedestrian; None; None; 20.09.2023 13:49:36; 805.01; 0.2818001; 241.1032; Sidewalk; 7.769537; null
3; Pedestrian; None; None; 20.09.2023 13:49:36; 805.0094; 0.2818001; 241.1034; Sidewalk; 7.792031; null
3; Pedestrian; None; None; 20.09.2023 13:49:36; 805.0089; 0.2818001; 241.1034; Sidewalk; 7.802893; null
3; Pedestrian; None; None; 20.09.2023 13:49:36; 805.0078; 0.2818001; 241.1034; Sidewalk; 7.825265; null
3; Pedestrian; None; None; 20.09.2023 13:49:36; 805.0065; 0.2818001; 241.1034; Sidewalk; 7.847709; null
3; Pedestrian; None; None; 20.09.2023 13:49:36; 805.0052; 0.2818001; 241.1035; Sidewalk; 7.869888; null
3; Pedestrian; None; None; 20.09.2023 13:49:36; 805.0038; 0.2818001; 241.1036; Sidewalk; 7.892566; null
3; Pedestrian; None; None; 20.09.2023 13:49:36; 805.0028; 0.2818001; 241.1037; Sidewalk; 7.904489; null
3; Pedestrian; None; None; 20.09.2023 13:49:36; 805.0009; 0.2818001; 241.1037; Sidewalk; 7.925885; null
3; Pedestrian; None; None; 20.09.2023 13:49:36; 804.9993; 0.2818001; 241.1037; Sidewalk; 7.948297; null
3; Pedestrian; None; None; 20.09.2023 13:49:36; 804.9971; 0.2818001; 241.1037; Sidewalk; 7.97046; null
3; Pedestrian; None; None; 20.09.2023 13:49:36; 804.9954; 0.2818001; 241.1038; Sidewalk; 7.992413; null
3; Pedestrian; None; None; 20.09.2023 13:49:36; 804.9947; 0.2818001; 241.1039; Sidewalk; 8.003623; null
3; Pedestrian; None; None; 20.09.2023 13:49:36; 804.993; 0.2818001; 241.1041; Sidewalk; 8.0257; null
3; Pedestrian; None; None; 20.09.2023 13:49:36; 804.9918; 0.2818001; 241.1043; Sidewalk; 8.047753; null
3; Pedestrian; None; None; 20.09.2023 13:49:36; 804.9901; 0.2818001; 241.1047; Sidewalk; 8.070519; null
3; Pedestrian; None; None; 20.09.2023 13:49:36; 804.9888; 0.2818001; 241.1049; Sidewalk; 8.09284; null
3; Pedestrian; None; None; 20.09.2023 13:49:36; 804.988; 0.2818001; 241.105; Sidewalk; 8.103611; null
3; Pedestrian; None; None; 20.09.2023 13:49:36; 804.9868; 0.2818001; 241.1053; Sidewalk; 8.125893; null
3; Pedestrian; None; None; 20.09.2023 13:49:36; 804.9852; 0.2818001; 241.1056; Sidewalk; 8.147764; null
3; Pedestrian; None; None; 20.09.2023 13:49:36; 804.9839; 0.2818001; 241.1059; Sidewalk; 8.170107; null
3; Pedestrian; None; None; 20.09.2023 13:49:36; 804.9828; 0.2818001; 241.1062; Sidewalk; 8.192496; null
3; Pedestrian; None; None; 20.09.2023 13:49:36; 804.9825; 0.2818001; 241.1064; Sidewalk; 8.203416; null
3; Pedestrian; None; None; 20.09.2023 13:49:36; 804.9814; 0.2818001; 241.1067; Sidewalk; 8.226195; null
3; Pedestrian; None; None; 20.09.2023 13:49:36; 804.9804; 0.2818001; 241.107; Sidewalk; 8.248446; null
3; Pedestrian; None; None; 20.09.2023 13:49:36; 804.9794; 0.2818001; 241.1074; Sidewalk; 8.270524; null
3; Pedestrian; None; None; 20.09.2023 13:49:36; 804.979; 0.2818001; 241.1078; Sidewalk; 8.291698; null
3; Pedestrian; None; None; 20.09.2023 13:49:36; 804.979; 0.2818001; 241.1081; Sidewalk; 8.303033; null
3; Pedestrian; None; None; 20.09.2023 13:49:36; 804.9789; 0.2818001; 241.1086; Sidewalk; 8.325216; null
3; Pedestrian; None; None; 20.09.2023 13:49:36; 804.9802; 0.2818001; 241.1093; Sidewalk; 8.347086; null
3; Pedestrian; None; None; 20.09.2023 13:49:36; 804.9818; 0.2818001; 241.1101; Sidewalk; 8.370144; null
3; Pedestrian; None; None; 20.09.2023 13:49:36; 804.9842; 0.2818001; 241.111; Sidewalk; 8.392589; null
3; Pedestrian; None; None; 20.09.2023 13:49:36; 804.9857; 0.2818001; 241.1115; Sidewalk; 8.403544; null
3; Pedestrian; None; None; 20.09.2023 13:49:36; 804.9892; 0.2818001; 241.1126; Sidewalk; 8.424748; null
3; Pedestrian; None; None; 20.09.2023 13:49:36; 804.9931; 0.2818001; 241.1138; Sidewalk; 8.447164; null
3; Pedestrian; None; None; 20.09.2023 13:49:36; 804.9979; 0.2818001; 241.115; Sidewalk; 8.469897; null
3; Pedestrian; None; None; 20.09.2023 13:49:36; 805.0032; 0.2818001; 241.1164; Sidewalk; 8.491652; null
3; Pedestrian; None; None; 20.09.2023 13:49:36; 805.0064; 0.2818001; 241.1172; Sidewalk; 8.502978; Checking Box AICar
3; Pedestrian; None; None; 20.09.2023 13:49:36; 805.0125; 0.2818001; 241.1185; Sidewalk; 8.524819; Checking Box AICar
3; Pedestrian; None; None; 20.09.2023 13:49:36; 805.0193; 0.2818001; 241.1198; Sidewalk; 8.547317; Checking Box AICar
3; Pedestrian; None; None; 20.09.2023 13:49:36; 805.0266; 0.2818001; 241.1211; Sidewalk; 8.569801; Checking Box AICar
3; Pedestrian; None; None; 20.09.2023 13:49:36; 805.0347; 0.2818001; 241.1224; Sidewalk; 8.591855; Checking Box AICar
3; Pedestrian; None; None; 20.09.2023 13:49:36; 805.0385; 0.2818001; 241.123; Sidewalk; 8.602867; null
3; Pedestrian; None; None; 20.09.2023 13:49:36; 805.0461; 0.2818001; 241.1242; Sidewalk; 8.625172; Checking Box AICar
3; Pedestrian; None; None; 20.09.2023 13:49:36; 805.0547; 0.2818001; 241.1254; Sidewalk; 8.647158; Checking Box AICar
3; Pedestrian; None; None; 20.09.2023 13:49:36; 805.0631; 0.2818001; 241.1264; Sidewalk; 8.669748; null
3; Pedestrian; None; None; 20.09.2023 13:49:36; 805.0725; 0.2818001; 241.1271; Sidewalk; 8.692748; null
3; Pedestrian; None; None; 20.09.2023 13:49:37; 805.0768; 0.2818001; 241.1274; Sidewalk; 8.703311; null
3; Pedestrian; None; None; 20.09.2023 13:49:37; 805.0859; 0.2818001; 241.128; Sidewalk; 8.725266; null
3; Pedestrian; None; None; 20.09.2023 13:49:37; 805.0945; 0.2818001; 241.1283; Sidewalk; 8.747458; null
3; Pedestrian; None; None; 20.09.2023 13:49:37; 805.1028; 0.2818001; 241.1286; Sidewalk; 8.770055; null
3; Pedestrian; None; None; 20.09.2023 13:49:37; 805.1107; 0.2818001; 241.1287; Sidewalk; 8.792284; null
3; Pedestrian; None; None; 20.09.2023 13:49:37; 805.1141; 0.2818001; 241.1287; Sidewalk; 8.803619; null
3; Pedestrian; None; None; 20.09.2023 13:49:37; 805.1205; 0.2818001; 241.1286; Sidewalk; 8.825628; null
3; Pedestrian; None; None; 20.09.2023 13:49:37; 805.1264; 0.2818001; 241.1285; Sidewalk; 8.847691; null
3; Pedestrian; None; None; 20.09.2023 13:49:37; 805.1317; 0.2818001; 241.1284; Sidewalk; 8.870536; null
3; Pedestrian; None; None; 20.09.2023 13:49:37; 805.1361; 0.2818001; 241.1284; Sidewalk; 8.892543; null
3; Pedestrian; None; None; 20.09.2023 13:49:37; 805.1379; 0.2818001; 241.1283; Sidewalk; 8.905175; null
3; Pedestrian; None; None; 20.09.2023 13:49:37; 805.1412; 0.2818001; 241.1282; Sidewalk; 8.925273; null
3; Pedestrian; None; None; 20.09.2023 13:49:37; 805.1433; 0.2818001; 241.128; Sidewalk; 8.947264; null
3; Pedestrian; None; None; 20.09.2023 13:49:37; 805.1446; 0.2818001; 241.1277; Sidewalk; 8.969474; null
3; Pedestrian; None; None; 20.09.2023 13:49:37; 805.1462; 0.2818001; 241.1275; Sidewalk; 8.991243; null
3; Pedestrian; None; None; 20.09.2023 13:49:37; 805.1464; 0.2818001; 241.1274; Sidewalk; 9.002687; null
3; Pedestrian; None; None; 20.09.2023 13:49:37; 805.1465; 0.2818001; 241.1271; Sidewalk; 9.024801; null
3; Pedestrian; None; None; 20.09.2023 13:49:37; 805.145; 0.2818001; 241.1267; Sidewalk; 9.046972; null
3; Pedestrian; None; None; 20.09.2023 13:49:37; 805.1442; 0.2818001; 241.1265; Sidewalk; 9.069394; null
3; Pedestrian; None; None; 20.09.2023 13:49:37; 805.1435; 0.2818001; 241.1263; Sidewalk; 9.091297; null
3; Pedestrian; None; None; 20.09.2023 13:49:37; 805.1429; 0.2818001; 241.1262; Sidewalk; 9.1027; null
3; Pedestrian; None; None; 20.09.2023 13:49:37; 805.1417; 0.2818001; 241.1261; Sidewalk; 9.124485; null
3; Pedestrian; None; None; 20.09.2023 13:49:37; 805.1398; 0.2818001; 241.126; Sidewalk; 9.146812; null
3; Pedestrian; None; None; 20.09.2023 13:49:37; 805.1366; 0.2818001; 241.1257; Sidewalk; 9.169257; null
3; Pedestrian; None; None; 20.09.2023 13:49:37; 805.1339; 0.2818001; 241.1256; Sidewalk; 9.190991; null
3; Pedestrian; None; None; 20.09.2023 13:49:37; 805.1315; 0.2818001; 241.1255; Sidewalk; 9.203013; null
3; Pedestrian; None; None; 20.09.2023 13:49:37; 805.1277; 0.2818001; 241.1256; Sidewalk; 9.224306; null
3; Pedestrian; None; None; 20.09.2023 13:49:37; 805.123; 0.2818001; 241.1256; Sidewalk; 9.246786; null
3; Pedestrian; None; None; 20.09.2023 13:49:37; 805.1176; 0.2818001; 241.1258; Sidewalk; 9.269355; null
3; Pedestrian; None; None; 20.09.2023 13:49:37; 805.1107; 0.2818001; 241.1258; Sidewalk; 9.29128; null
3; Pedestrian; None; None; 20.09.2023 13:49:37; 805.1066; 0.2818001; 241.1258; Sidewalk; 9.30252; null
3; Pedestrian; None; None; 20.09.2023 13:49:37; 805.0983; 0.2818001; 241.1258; Sidewalk; 9.324582; null
3; Pedestrian; None; None; 20.09.2023 13:49:37; 805.0891; 0.2818001; 241.1256; Sidewalk; 9.346943; null
3; Pedestrian; None; None; 20.09.2023 13:49:37; 805.0793; 0.2818001; 241.1252; Sidewalk; 9.369095; null
3; Pedestrian; None; None; 20.09.2023 13:49:37; 805.0688; 0.2818001; 241.1246; Sidewalk; 9.391131; null
3; Pedestrian; None; None; 20.09.2023 13:49:37; 805.0632; 0.2818001; 241.1243; Sidewalk; 9.402655; Checking Box AICar
3; Pedestrian; None; None; 20.09.2023 13:49:37; 805.0519; 0.2818001; 241.1234; Sidewalk; 9.424753; Checking Box AICar
3; Pedestrian; None; None; 20.09.2023 13:49:37; 805.0401; 0.2818001; 241.1222; Sidewalk; 9.446983; Checking Box AICar
3; Pedestrian; None; None; 20.09.2023 13:49:37; 805.0278; 0.2818001; 241.1205; Sidewalk; 9.469777; Checking Box AICar
3; Pedestrian; None; None; 20.09.2023 13:49:37; 805.0144; 0.2818001; 241.1185; Sidewalk; 9.491629; Checking Box AICar
3; Pedestrian; None; None; 20.09.2023 13:49:37; 805.0075; 0.2818001; 241.1174; Sidewalk; 9.503031; null
3; Pedestrian; None; None; 20.09.2023 13:49:37; 804.9935; 0.2818001; 241.1146; Sidewalk; 9.524517; Checking Box Human Car
3; Pedestrian; None; None; 20.09.2023 13:49:37; 804.9787; 0.2818001; 241.1111; Sidewalk; 9.547904; Checking Box Human Car
3; Pedestrian; None; None; 20.09.2023 13:49:37; 804.9713; 0.2818001; 241.1093; Sidewalk; 9.558053; null
3; Pedestrian; None; None; 20.09.2023 13:49:37; 804.9493; 0.2818001; 241.1028; Sidewalk; 9.569324; null
3; Pedestrian; None; None; 20.09.2023 13:49:37; 804.9424; 0.2818001; 241.1003; Sidewalk; 9.605126; null
3; Pedestrian; None; None; 20.09.2023 13:49:37; 804.929; 0.2818001; 241.0948; Sidewalk; 9.623368; null
3; Pedestrian; None; None; 20.09.2023 13:49:37; 804.9158; 0.2818001; 241.0886; Sidewalk; 9.645823; null
3; Pedestrian; None; None; 20.09.2023 13:49:37; 804.9034; 0.2818001; 241.0816; Sidewalk; 9.667591; null
3; Pedestrian; None; None; 20.09.2023 13:49:37; 804.8922; 0.2818001; 241.0738; Sidewalk; 9.690595; null
3; Pedestrian; None; None; 20.09.2023 13:49:38; 804.8867; 0.2818001; 241.0696; Sidewalk; 9.701863; Checking Box Human Car
3; Pedestrian; None; None; 20.09.2023 13:49:38; 804.8768; 0.2818001; 241.061; Sidewalk; 9.724177; Checking Box Human Car
3; Pedestrian; None; None; 20.09.2023 13:49:38; 804.8685; 0.2818001; 241.0516; Sidewalk; 9.745735; null
3; Pedestrian; None; None; 20.09.2023 13:49:38; 804.8618; 0.2818001; 241.0417; Sidewalk; 9.768521; Checking Box AICar
3; Pedestrian; None; None; 20.09.2023 13:49:38; 804.8576; 0.2818001; 241.0314; Sidewalk; 9.790136; Checking Box AICar
3; Pedestrian; None; None; 20.09.2023 13:49:38; 804.8561; 0.2818001; 241.0262; Sidewalk; 9.802513; Checking Box AICar
3; Pedestrian; None; None; 20.09.2023 13:49:38; 804.8553; 0.2818001; 241.0154; Sidewalk; 9.826301; Checking Box AICar
3; Pedestrian; None; None; 20.09.2023 13:49:38; 804.856; 0.2818001; 241.0045; Sidewalk; 9.845026; Checking Box AICar
3; Pedestrian; None; None; 20.09.2023 13:49:38; 804.8591; 0.2818001; 240.9935; Sidewalk; 9.867696; Checking Box AICar
3; Pedestrian; None; None; 20.09.2023 13:49:38; 804.8646; 0.2818001; 240.9826; Sidewalk; 9.890131; Checking Box AICar
3; Pedestrian; None; None; 20.09.2023 13:49:38; 804.868; 0.2818001; 240.9772; Sidewalk; 9.901279; Checking Box AICar
3; Pedestrian; None; None; 20.09.2023 13:49:38; 804.8773; 0.2818001; 240.967; Sidewalk; 9.923689; Checking Box AICar
3; Pedestrian; None; None; 20.09.2023 13:49:38; 804.8878; 0.2818001; 240.9572; Sidewalk; 9.945727; Checking Box AICar
3; Pedestrian; None; None; 20.09.2023 13:49:38; 804.9006; 0.2818001; 240.9481; Sidewalk; 9.969033; Checking Box AICar
3; Pedestrian; None; None; 20.09.2023 13:49:38; 804.9144; 0.2818001; 240.9398; Sidewalk; 9.990226; Checking Box AICar
3; Pedestrian; None; None; 20.09.2023 13:49:38; 804.9218; 0.2818001; 240.9362; Sidewalk; 10.0012; Checking Box AICar
3; Pedestrian; None; None; 20.09.2023 13:49:38; 804.9365; 0.2818001; 240.9293; Sidewalk; 10.02343; null
3; Pedestrian; None; None; 20.09.2023 13:49:38; 804.9512; 0.2818001; 240.9238; Sidewalk; 10.04591; null
3; Pedestrian; None; None; 20.09.2023 13:49:38; 804.9648; 0.2818001; 240.919; Sidewalk; 10.06845; null
3; Pedestrian; None; None; 20.09.2023 13:49:38; 804.9788; 0.2818001; 240.9154; Sidewalk; 10.09034; Checking Box Human Car
3; Pedestrian; None; None; 20.09.2023 13:49:38; 804.9844; 0.2818001; 240.9139; Sidewalk; 10.10146; Checking Box Human Car
3; Pedestrian; None; None; 20.09.2023 13:49:38; 804.9938; 0.2818001; 240.9114; Sidewalk; 10.12375; null
3; Pedestrian; None; None; 20.09.2023 13:49:38; 805.0025; 0.2818001; 240.9093; Sidewalk; 10.14561; Checking Box Human Car
3; Pedestrian; None; None; 20.09.2023 13:49:38; 805.0084; 0.2818001; 240.9076; Sidewalk; 10.16758; null
3; Pedestrian; None; None; 20.09.2023 13:49:38; 805.0126; 0.2818001; 240.9063; Sidewalk; 10.1907; null
3; Pedestrian; None; None; 20.09.2023 13:49:38; 805.0143; 0.2818001; 240.9057; Sidewalk; 10.20193; null
3; Pedestrian; None; None; 20.09.2023 13:49:38; 805.0154; 0.2818001; 240.9048; Sidewalk; 10.2239; null
3; Pedestrian; None; None; 20.09.2023 13:49:38; 805.0158; 0.2818001; 240.904; Sidewalk; 10.24675; null
3; Pedestrian; None; None; 20.09.2023 13:49:38; 805.0145; 0.2818001; 240.9032; Sidewalk; 10.26897; null
3; Pedestrian; None; None; 20.09.2023 13:49:38; 805.013; 0.2818001; 240.9025; Sidewalk; 10.29022; null
3; Pedestrian; None; None; 20.09.2023 13:49:38; 805.0117; 0.2818001; 240.9022; Sidewalk; 10.301; null
3; Pedestrian; None; None; 20.09.2023 13:49:38; 805.0093; 0.2818001; 240.9016; Sidewalk; 10.32342; null
3; Pedestrian; None; None; 20.09.2023 13:49:38; 805.0061; 0.2818001; 240.901; Sidewalk; 10.34581; null
3; Pedestrian; None; None; 20.09.2023 13:49:38; 805.0021; 0.2818001; 240.9003; Sidewalk; 10.36806; null
3; Pedestrian; None; None; 20.09.2023 13:49:38; 804.9982; 0.2818001; 240.8996; Sidewalk; 10.3908; null
3; Pedestrian; None; None; 20.09.2023 13:49:38; 804.9962; 0.2818001; 240.8994; Sidewalk; 10.40136; null
3; Pedestrian; None; None; 20.09.2023 13:49:38; 804.9918; 0.2818001; 240.8988; Sidewalk; 10.42373; null
3; Pedestrian; None; None; 20.09.2023 13:49:38; 804.9874; 0.2818001; 240.8981; Sidewalk; 10.44561; null
3; Pedestrian; None; None; 20.09.2023 13:49:38; 804.9838; 0.2818001; 240.8976; Sidewalk; 10.4678; null
3; Pedestrian; None; None; 20.09.2023 13:49:38; 804.9796; 0.2818001; 240.897; Sidewalk; 10.49039; null
3; Pedestrian; None; None; 20.09.2023 13:49:38; 804.9777; 0.2818001; 240.8968; Sidewalk; 10.50113; null
3; Pedestrian; None; None; 20.09.2023 13:49:38; 804.9738; 0.2818001; 240.8964; Sidewalk; 10.52362; null
3; Pedestrian; None; None; 20.09.2023 13:49:38; 804.9697; 0.2818001; 240.8961; Sidewalk; 10.54589; null
3; Pedestrian; None; None; 20.09.2023 13:49:38; 804.9661; 0.2818001; 240.8957; Sidewalk; 10.56762; null
3; Pedestrian; None; None; 20.09.2023 13:49:38; 804.9627; 0.2818001; 240.8955; Sidewalk; 10.59056; null
3; Pedestrian; None; None; 20.09.2023 13:49:38; 804.9613; 0.2818001; 240.8955; Sidewalk; 10.60187; null
3; Pedestrian; None; None; 20.09.2023 13:49:38; 804.9582; 0.2818001; 240.8951; Sidewalk; 10.62429; null
3; Pedestrian; None; None; 20.09.2023 13:49:38; 804.9545; 0.2818001; 240.8946; Sidewalk; 10.64662; null
3; Pedestrian; None; None; 20.09.2023 13:49:38; 804.9512; 0.2818001; 240.8943; Sidewalk; 10.66912; null
3; Pedestrian; None; None; 20.09.2023 13:49:38; 804.9489; 0.2818001; 240.8938; Sidewalk; 10.69258; null
3; Pedestrian; None; None; 20.09.2023 13:49:39; 804.9476; 0.2818001; 240.8936; Sidewalk; 10.70248; null
3; Pedestrian; None; None; 20.09.2023 13:49:39; 804.9453; 0.2818001; 240.8931; Sidewalk; 10.72443; null
3; Pedestrian; None; None; 20.09.2023 13:49:39; 804.9438; 0.2818001; 240.8926; Sidewalk; 10.74629; null
3; Pedestrian; None; None; 20.09.2023 13:49:39; 804.9423; 0.2818001; 240.8919; Sidewalk; 10.76871; null
3; Pedestrian; None; None; 20.09.2023 13:49:39; 804.9416; 0.2818001; 240.8913; Sidewalk; 10.79135; null
3; Pedestrian; None; None; 20.09.2023 13:49:39; 804.9416; 0.2818001; 240.891; Sidewalk; 10.80189; null
3; Pedestrian; None; None; 20.09.2023 13:49:39; 804.9412; 0.2818001; 240.8903; Sidewalk; 10.82446; null
3; Pedestrian; None; None; 20.09.2023 13:49:39; 804.9424; 0.2818001; 240.8897; Sidewalk; 10.84663; null
3; Pedestrian; None; None; 20.09.2023 13:49:39; 804.9437; 0.2818001; 240.8892; Sidewalk; 10.86863; null
3; Pedestrian; None; None; 20.09.2023 13:49:39; 804.945; 0.2818001; 240.8887; Sidewalk; 10.89213; null
3; Pedestrian; None; None; 20.09.2023 13:49:39; 804.9465; 0.2818001; 240.8886; Sidewalk; 10.90186; null
3; Pedestrian; None; None; 20.09.2023 13:49:39; 804.9485; 0.2818001; 240.8884; Sidewalk; 10.92434; null
3; Pedestrian; None; None; 20.09.2023 13:49:39; 804.9507; 0.2818001; 240.8884; Sidewalk; 10.94675; null
3; Pedestrian; None; None; 20.09.2023 13:49:39; 804.9532; 0.2818001; 240.8883; Sidewalk; 10.96987; null
3; Pedestrian; None; None; 20.09.2023 13:49:39; 804.9563; 0.2818001; 240.8883; Sidewalk; 10.99114; null
3; Pedestrian; None; None; 20.09.2023 13:49:39; 804.9576; 0.2818001; 240.8883; Sidewalk; 11.00244; null
3; Pedestrian; None; None; 20.09.2023 13:49:39; 804.9601; 0.2818001; 240.8884; Sidewalk; 11.02438; null
3; Pedestrian; None; None; 20.09.2023 13:49:39; 804.9626; 0.2818001; 240.8884; Sidewalk; 11.04647; null
3; Pedestrian; None; None; 20.09.2023 13:49:39; 804.9646; 0.2818001; 240.8881; Sidewalk; 11.06833; null
3; Pedestrian; None; None; 20.09.2023 13:49:39; 804.9671; 0.2818001; 240.888; Sidewalk; 11.09079; null
3; Pedestrian; None; None; 20.09.2023 13:49:39; 804.9685; 0.2818001; 240.8879; Sidewalk; 11.1019; null
3; Pedestrian; None; None; 20.09.2023 13:49:39; 804.9709; 0.2818001; 240.8876; Sidewalk; 11.12428; null
3; Pedestrian; None; None; 20.09.2023 13:49:39; 804.973; 0.2818001; 240.8874; Sidewalk; 11.146; null
3; Pedestrian; None; None; 20.09.2023 13:49:39; 804.9742; 0.2818001; 240.8871; Sidewalk; 11.16817; null
3; Pedestrian; None; None; 20.09.2023 13:49:39; 804.9753; 0.2818001; 240.887; Sidewalk; 11.19158; null
3; Pedestrian; None; None; 20.09.2023 13:49:39; 804.9756; 0.2818001; 240.8871; Sidewalk; 11.20189; null
3; Pedestrian; None; None; 20.09.2023 13:49:39; 804.9759; 0.2818001; 240.8874; Sidewalk; 11.22508; Checking Box Human Car
3; Pedestrian; None; None; 20.09.2023 13:49:39; 804.9755; 0.2818001; 240.8879; Sidewalk; 11.24645; Checking Box Human Car
3; Pedestrian; None; None; 20.09.2023 13:49:39; 804.9748; 0.2818001; 240.8884; Sidewalk; 11.26831; Checking Box Human Car
3; Pedestrian; None; None; 20.09.2023 13:49:39; 804.973; 0.2818001; 240.889; Sidewalk; 11.29052; Checking Box Human Car
3; Pedestrian; None; None; 20.09.2023 13:49:39; 804.9719; 0.2818001; 240.8894; Sidewalk; 11.30146; Checking Box Human Car
3; Pedestrian; None; None; 20.09.2023 13:49:39; 804.9691; 0.2818001; 240.8903; Sidewalk; 11.32347; null
3; Pedestrian; None; None; 20.09.2023 13:49:39; 804.9651; 0.2818001; 240.8913; Sidewalk; 11.3461; null
3; Pedestrian; None; None; 20.09.2023 13:49:39; 804.9614; 0.2818001; 240.8922; Sidewalk; 11.36775; null
3; Pedestrian; None; None; 20.09.2023 13:49:39; 804.9574; 0.2818001; 240.8931; Sidewalk; 11.39023; null
3; Pedestrian; None; None; 20.09.2023 13:49:39; 804.9554; 0.2818001; 240.8936; Sidewalk; 11.40193; null
3; Pedestrian; None; None; 20.09.2023 13:49:39; 804.9518; 0.2818001; 240.8944; Sidewalk; 11.42333; null
3; Pedestrian; None; None; 20.09.2023 13:49:39; 804.9478; 0.2818001; 240.8952; Sidewalk; 11.44518; null
3; Pedestrian; None; None; 20.09.2023 13:49:39; 804.944; 0.2818001; 240.8961; Sidewalk; 11.46762; null
3; Pedestrian; None; None; 20.09.2023 13:49:39; 804.9409; 0.2818001; 240.8968; Sidewalk; 11.49005; null
3; Pedestrian; None; None; 20.09.2023 13:49:39; 804.9394; 0.2818001; 240.8972; Sidewalk; 11.50096; null
3; Pedestrian; None; None; 20.09.2023 13:49:39; 804.9369; 0.2818001; 240.8979; Sidewalk; 11.52304; null
3; Pedestrian; None; None; 20.09.2023 13:49:39; 804.9337; 0.2818001; 240.8985; Sidewalk; 11.54541; null
3; Pedestrian; None; None; 20.09.2023 13:49:39; 804.9315; 0.2818001; 240.899; Sidewalk; 11.5675; null
3; Pedestrian; None; None; 20.09.2023 13:49:39; 804.9299; 0.2818001; 240.8996; Sidewalk; 11.58991; null
3; Pedestrian; None; None; 20.09.2023 13:49:39; 804.9288; 0.2818001; 240.8999; Sidewalk; 11.60175; null
3; Pedestrian; None; None; 20.09.2023 13:49:39; 804.9277; 0.2818001; 240.9005; Sidewalk; 11.62361; null
3; Pedestrian; None; None; 20.09.2023 13:49:39; 804.9269; 0.2818001; 240.901; Sidewalk; 11.64562; null
3; Pedestrian; None; None; 20.09.2023 13:49:39; 804.9261; 0.2818001; 240.9015; Sidewalk; 11.6688; null
3; Pedestrian; None; None; 20.09.2023 13:49:39; 804.9257; 0.2818001; 240.9017; Sidewalk; 11.69204; null
3; Pedestrian; None; None; 20.09.2023 13:49:40; 804.9257; 0.2818001; 240.9019; Sidewalk; 11.70162; null
3; Pedestrian; None; None; 20.09.2023 13:49:40; 804.9257; 0.2818001; 240.9022; Sidewalk; 11.72337; null
3; Pedestrian; None; None; 20.09.2023 13:49:40; 804.9265; 0.2818001; 240.9025; Sidewalk; 11.74547; null
3; Pedestrian; None; None; 20.09.2023 13:49:40; 804.9273; 0.2818001; 240.9026; Sidewalk; 11.76817; null
3; Pedestrian; None; None; 20.09.2023 13:49:40; 804.9285; 0.2818001; 240.9026; Sidewalk; 11.79005; null
3; Pedestrian; None; None; 20.09.2023 13:49:40; 804.9292; 0.2818001; 240.9026; Sidewalk; 11.80115; null
3; Pedestrian; None; None; 20.09.2023 13:49:40; 804.9312; 0.2818001; 240.9027; Sidewalk; 11.82405; null
3; Pedestrian; None; None; 20.09.2023 13:49:40; 804.9331; 0.2818001; 240.9027; Sidewalk; 11.84556; null
3; Pedestrian; None; None; 20.09.2023 13:49:40; 804.9358; 0.2818001; 240.9028; Sidewalk; 11.86775; null
3; Pedestrian; None; None; 20.09.2023 13:49:40; 804.9387; 0.2818001; 240.9029; Sidewalk; 11.88997; null
3; Pedestrian; None; None; 20.09.2023 13:49:40; 804.94; 0.2818001; 240.9029; Sidewalk; 11.9018; null
3; Pedestrian; None; None; 20.09.2023 13:49:40; 804.9429; 0.2818001; 240.9028; Sidewalk; 11.92351; null
3; Pedestrian; None; None; 20.09.2023 13:49:40; 804.9457; 0.2818001; 240.9029; Sidewalk; 11.9455; null
3; Pedestrian; None; None; 20.09.2023 13:49:40; 804.9494; 0.2818001; 240.9028; Sidewalk; 11.96762; null
3; Pedestrian; None; None; 20.09.2023 13:49:40; 804.9526; 0.2818001; 240.9029; Sidewalk; 11.99103; null
3; Pedestrian; None; None; 20.09.2023 13:49:40; 804.9543; 0.2818001; 240.903; Sidewalk; 12.00202; null
3; Pedestrian; None; None; 20.09.2023 13:49:40; 804.9579; 0.2818001; 240.903; Sidewalk; 12.02331; null
3; Pedestrian; None; None; 20.09.2023 13:49:40; 804.9614; 0.2818001; 240.9031; Sidewalk; 12.04639; null
3; Pedestrian; None; None; 20.09.2023 13:49:40; 804.9648; 0.2818001; 240.9032; Sidewalk; 12.06776; null
3; Pedestrian; None; None; 20.09.2023 13:49:40; 804.9682; 0.2818001; 240.9033; Sidewalk; 12.09031; null
3; Pedestrian; None; None; 20.09.2023 13:49:40; 804.9699; 0.2818001; 240.9033; Sidewalk; 12.10182; null
3; Pedestrian; None; None; 20.09.2023 13:49:40; 804.9731; 0.2818001; 240.9033; Sidewalk; 12.12523; null
3; Pedestrian; None; None; 20.09.2023 13:49:40; 804.9765; 0.2818001; 240.9034; Sidewalk; 12.146; null
3; Pedestrian; None; None; 20.09.2023 13:49:40; 804.9792; 0.2818001; 240.9034; Sidewalk; 12.16759; null
3; Pedestrian; None; None; 20.09.2023 13:49:40; 804.9816; 0.2818001; 240.9034; Sidewalk; 12.19045; null
3; Pedestrian; None; None; 20.09.2023 13:49:40; 804.9827; 0.2818001; 240.9035; Sidewalk; 12.20142; null
3; Pedestrian; None; None; 20.09.2023 13:49:40; 804.9845; 0.2818001; 240.9035; Sidewalk; 12.22383; null
3; Pedestrian; None; None; 20.09.2023 13:49:40; 804.9863; 0.2818001; 240.9035; Sidewalk; 12.24603; null
3; Pedestrian; None; None; 20.09.2023 13:49:40; 804.9872; 0.2818001; 240.9035; Sidewalk; 12.26786; Checking Box Human Car
3; Pedestrian; None; None; 20.09.2023 13:49:40; 804.9877; 0.2818001; 240.9036; Sidewalk; 12.27986; Checking Box Human Car
3; Pedestrian; None; None; 20.09.2023 13:49:40; 804.9877; 0.2818001; 240.9036; Sidewalk; 12.27986; Checking Box Human Car
3; Pedestrian; None; None; 20.09.2023 13:49:40; 804.9899; 0.2818001; 240.9038; Sidewalk; 12.33174; Checking Box Human Car
3; Pedestrian; None; None; 20.09.2023 13:49:40; 804.9907; 0.2818001; 240.9039; Sidewalk; 12.35052; Checking Box Human Car
3; Pedestrian; None; None; 20.09.2023 13:49:40; 804.9908; 0.2818001; 240.904; Sidewalk; 12.3668; Checking Box Human Car
3; Pedestrian; None; None; 20.09.2023 13:49:40; 804.9911; 0.2818001; 240.9042; Sidewalk; 12.3875; Checking Box Human Car
3; Pedestrian; None; None; 20.09.2023 13:49:40; 804.9912; 0.2818001; 240.9042; Sidewalk; 12.39885; Checking Box Human Car
3; Pedestrian; None; None; 20.09.2023 13:49:40; 804.9911; 0.2818001; 240.9043; Sidewalk; 12.42201; Checking Box Human Car
3; Pedestrian; None; None; 20.09.2023 13:49:40; 804.9908; 0.2818001; 240.9043; Sidewalk; 12.44424; Checking Box Human Car
3; Pedestrian; None; None; 20.09.2023 13:49:40; 804.9909; 0.2818001; 240.9042; Sidewalk; 12.46696; null
3; Pedestrian; None; None; 20.09.2023 13:49:40; 804.9901; 0.2818001; 240.9041; Sidewalk; 12.48735; null
3; Pedestrian; None; None; 20.09.2023 13:49:40; 804.9897; 0.2818001; 240.9041; Sidewalk; 12.49859; null
3; Pedestrian; None; None; 20.09.2023 13:49:40; 804.9894; 0.2818001; 240.9041; Sidewalk; 12.52085; null
3; Pedestrian; None; None; 20.09.2023 13:49:40; 804.989; 0.2818001; 240.9041; Sidewalk; 12.5431; null
3; Pedestrian; None; None; 20.09.2023 13:49:40; 804.9881; 0.2818001; 240.9041; Sidewalk; 12.56515; null
3; Pedestrian; None; None; 20.09.2023 13:49:40; 804.9872; 0.2818001; 240.9041; Sidewalk; 12.58741; null
3; Pedestrian; None; None; 20.09.2023 13:49:40; 804.9869; 0.2818001; 240.9041; Sidewalk; 12.5987; null
3; Pedestrian; None; None; 20.09.2023 13:49:40; 804.986; 0.2818001; 240.9041; Sidewalk; 12.62086; null
3; Pedestrian; None; None; 20.09.2023 13:49:40; 804.9849; 0.2818001; 240.9041; Sidewalk; 12.64324; null
3; Pedestrian; None; None; 20.09.2023 13:49:40; 804.984; 0.2818001; 240.904; Sidewalk; 12.66518; null
3; Pedestrian; None; None; 20.09.2023 13:49:40; 804.9824; 0.2818001; 240.9038; Sidewalk; 12.68757; null
3; Pedestrian; None; None; 20.09.2023 13:49:41; 804.9818; 0.2818001; 240.9038; Sidewalk; 12.69862; null
3; Pedestrian; None; None; 20.09.2023 13:49:41; 804.9811; 0.2818001; 240.9038; Sidewalk; 12.72069; null
3; Pedestrian; None; None; 20.09.2023 13:49:41; 804.9805; 0.2818001; 240.9038; Sidewalk; 12.74306; null
3; Pedestrian; None; None; 20.09.2023 13:49:41; 804.9798; 0.2818001; 240.9039; Sidewalk; 12.7651; null
3; Pedestrian; None; None; 20.09.2023 13:49:41; 804.9789; 0.2818001; 240.9039; Sidewalk; 12.78742; null
3; Pedestrian; None; None; 20.09.2023 13:49:41; 804.9785; 0.2818001; 240.9039; Sidewalk; 12.79857; null
3; Pedestrian; None; None; 20.09.2023 13:49:41; 804.9777; 0.2818001; 240.9039; Sidewalk; 12.82101; null
3; Pedestrian; None; None; 20.09.2023 13:49:41; 804.9768; 0.2818001; 240.904; Sidewalk; 12.84405; null
3; Pedestrian; None; None; 20.09.2023 13:49:41; 804.9761; 0.2818001; 240.9039; Sidewalk; 12.86662; null
3; Pedestrian; None; None; 20.09.2023 13:49:41; 804.9758; 0.2818001; 240.904; Sidewalk; 12.88965; null
3; Pedestrian; None; None; 20.09.2023 13:49:41; 804.9755; 0.2818001; 240.904; Sidewalk; 12.90118; null
3; Pedestrian; None; None; 20.09.2023 13:49:41; 804.9747; 0.2818001; 240.904; Sidewalk; 12.92409; null
3; Pedestrian; None; None; 20.09.2023 13:49:41; 804.9743; 0.2818001; 240.9041; Sidewalk; 12.94587; null
3; Pedestrian; None; None; 20.09.2023 13:49:41; 804.9736; 0.2818001; 240.9041; Sidewalk; 12.96782; null
3; Pedestrian; None; None; 20.09.2023 13:49:41; 804.9731; 0.2818001; 240.9041; Sidewalk; 12.99118; null
3; Pedestrian; None; None; 20.09.2023 13:49:41; 804.9733; 0.2818001; 240.9042; Sidewalk; 13.00142; null
3; Pedestrian; None; None; 20.09.2023 13:49:41; 804.9734; 0.2818001; 240.9043; Sidewalk; 13.02352; null
3; Pedestrian; None; None; 20.09.2023 13:49:41; 804.9734; 0.2818001; 240.9042; Sidewalk; 13.0461; null
3; Pedestrian; None; None; 20.09.2023 13:49:41; 804.9734; 0.2818001; 240.9043; Sidewalk; 13.06819; null
3; Pedestrian; None; None; 20.09.2023 13:49:41; 804.9736; 0.2818001; 240.9041; Sidewalk; 13.09037; null
3; Pedestrian; None; None; 20.09.2023 13:49:41; 804.9736; 0.2818001; 240.9041; Sidewalk; 13.1011; null
3; Pedestrian; None; None; 20.09.2023 13:49:41; 804.9742; 0.2818001; 240.9039; Sidewalk; 13.12348; null
3; Pedestrian; None; None; 20.09.2023 13:49:41; 804.9751; 0.2818001; 240.9039; Sidewalk; 13.14628; null
3; Pedestrian; None; None; 20.09.2023 13:49:41; 804.9755; 0.2818001; 240.9037; Sidewalk; 13.16768; null
3; Pedestrian; None; None; 20.09.2023 13:49:41; 804.9763; 0.2818001; 240.9035; Sidewalk; 13.19036; null
3; Pedestrian; None; None; 20.09.2023 13:49:41; 804.9767; 0.2818001; 240.9034; Sidewalk; 13.20112; null
3; Pedestrian; None; None; 20.09.2023 13:49:41; 804.9778; 0.2818001; 240.9033; Sidewalk; 13.22423; null
3; Pedestrian; None; None; 20.09.2023 13:49:41; 804.9786; 0.2818001; 240.9031; Sidewalk; 13.24585; null
3; Pedestrian; None; None; 20.09.2023 13:49:41; 804.9799; 0.2818001; 240.9028; Sidewalk; 13.26726; null
3; Pedestrian; None; None; 20.09.2023 13:49:41; 804.9808; 0.2818001; 240.9025; Sidewalk; 13.29026; null
3; Pedestrian; None; None; 20.09.2023 13:49:41; 804.9818; 0.2818001; 240.9024; Sidewalk; 13.30045; null
3; Pedestrian; None; None; 20.09.2023 13:49:41; 804.9828; 0.2818001; 240.9021; Sidewalk; 13.32286; null
3; Pedestrian; None; None; 20.09.2023 13:49:41; 804.984; 0.2818001; 240.9018; Sidewalk; 13.34477; null
3; Pedestrian; None; None; 20.09.2023 13:49:41; 804.9858; 0.2818001; 240.9015; Sidewalk; 13.3665; null
3; Pedestrian; None; None; 20.09.2023 13:49:41; 804.9873; 0.2818001; 240.9011; Sidewalk; 13.38988; null
3; Pedestrian; None; None; 20.09.2023 13:49:41; 804.988; 0.2818001; 240.901; Sidewalk; 13.40107; null
3; Pedestrian; None; None; 20.09.2023 13:49:41; 804.9892; 0.2818001; 240.9006; Sidewalk; 13.42278; null
3; Pedestrian; None; None; 20.09.2023 13:49:41; 804.9904; 0.2818001; 240.9003; Sidewalk; 13.44501; null
3; Pedestrian; None; None; 20.09.2023 13:49:41; 804.9921; 0.2818001; 240.9; Sidewalk; 13.46662; null
3; Pedestrian; None; None; 20.09.2023 13:49:41; 804.9932; 0.2818001; 240.8997; Sidewalk; 13.48978; null
3; Pedestrian; None; None; 20.09.2023 13:49:41; 804.9941; 0.2818001; 240.8996; Sidewalk; 13.50024; null
3; Pedestrian; None; None; 20.09.2023 13:49:41; 804.9952; 0.2818001; 240.8994; Sidewalk; 13.52246; null
3; Pedestrian; None; None; 20.09.2023 13:49:41; 804.9967; 0.2818001; 240.8992; Sidewalk; 13.54494; null
3; Pedestrian; None; None; 20.09.2023 13:49:41; 804.9982; 0.2818001; 240.8989; Sidewalk; 13.56675; null
3; Pedestrian; None; None; 20.09.2023 13:49:41; 804.9989; 0.2818001; 240.8987; Sidewalk; 13.589; null
3; Pedestrian; None; None; 20.09.2023 13:49:41; 804.9999; 0.2818001; 240.8987; Sidewalk; 13.60125; null
3; Pedestrian; None; None; 20.09.2023 13:49:41; 805.0009; 0.2818001; 240.8985; Sidewalk; 13.62305; null
3; Pedestrian; None; None; 20.09.2023 13:49:41; 805.0023; 0.2818001; 240.8984; Sidewalk; 13.64533; null
3; Pedestrian; None; None; 20.09.2023 13:49:41; 805.0027; 0.2818001; 240.8983; Sidewalk; 13.66737; null
3; Pedestrian; None; None; 20.09.2023 13:49:41; 805.0037; 0.2818001; 240.8983; Sidewalk; 13.6901; null
3; Pedestrian; None; None; 20.09.2023 13:49:42; 805.0041; 0.2818001; 240.8983; Sidewalk; 13.7009; null
3; Pedestrian; None; None; 20.09.2023 13:49:42; 805.0052; 0.2818001; 240.8984; Sidewalk; 13.72335; null
3; Pedestrian; None; None; 20.09.2023 13:49:42; 805.0057; 0.2818001; 240.8985; Sidewalk; 13.74537; null
3; Pedestrian; None; None; 20.09.2023 13:49:42; 805.0064; 0.2818001; 240.8985; Sidewalk; 13.76737; null
3; Pedestrian; None; None; 20.09.2023 13:49:42; 805.0064; 0.2818001; 240.8986; Sidewalk; 13.78989; null
3; Pedestrian; None; None; 20.09.2023 13:49:42; 805.0067; 0.2818001; 240.8987; Sidewalk; 13.80067; null
3; Pedestrian; None; None; 20.09.2023 13:49:42; 805.0074; 0.2818001; 240.8988; Sidewalk; 13.82358; null
3; Pedestrian; None; None; 20.09.2023 13:49:42; 805.0077; 0.2818001; 240.8988; Sidewalk; 13.84537; null
3; Pedestrian; None; None; 20.09.2023 13:49:42; 805.0079; 0.2818001; 240.8989; Sidewalk; 13.86708; null
3; Pedestrian; None; None; 20.09.2023 13:49:42; 805.0075; 0.2818001; 240.8989; Sidewalk; 13.88976; null
3; Pedestrian; None; None; 20.09.2023 13:49:42; 805.0078; 0.2818001; 240.899; Sidewalk; 13.90106; null
3; Pedestrian; None; None; 20.09.2023 13:49:42; 805.0077; 0.2818001; 240.899; Sidewalk; 13.92299; null
3; Pedestrian; None; None; 20.09.2023 13:49:42; 805.0074; 0.2818001; 240.8991; Sidewalk; 13.94513; null
3; Pedestrian; None; None; 20.09.2023 13:49:42; 805.0068; 0.2818001; 240.8991; Sidewalk; 13.96735; null
3; Pedestrian; None; None; 20.09.2023 13:49:42; 805.0068; 0.2818001; 240.8992; Sidewalk; 13.98942; null
3; Pedestrian; None; None; 20.09.2023 13:49:42; 805.0067; 0.2818001; 240.8992; Sidewalk; 14.00175; null
3; Pedestrian; None; None; 20.09.2023 13:49:42; 805.0064; 0.2818001; 240.8992; Sidewalk; 14.02682; null
3; Pedestrian; None; None; 20.09.2023 13:49:42; 805.0059; 0.2818001; 240.8993; Sidewalk; 14.04353; null
3; Pedestrian; None; None; 20.09.2023 13:49:42; 805.006; 0.2818001; 240.8993; Sidewalk; 14.06487; null
3; Pedestrian; None; None; 20.09.2023 13:49:42; 805.0052; 0.2818001; 240.8993; Sidewalk; 14.08759; null
3; Pedestrian; None; None; 20.09.2023 13:49:42; 805.0051; 0.2818001; 240.8993; Sidewalk; 14.09852; null
3; Pedestrian; None; None; 20.09.2023 13:49:42; 805.0046; 0.2818001; 240.8992; Sidewalk; 14.12095; null
3; Pedestrian; None; None; 20.09.2023 13:49:42; 805.0042; 0.2818001; 240.8991; Sidewalk; 14.1426; null
3; Pedestrian; None; None; 20.09.2023 13:49:42; 805.0041; 0.2818001; 240.899; Sidewalk; 14.16466; null
3; Pedestrian; None; None; 20.09.2023 13:49:42; 805.0038; 0.2818001; 240.899; Sidewalk; 14.18672; null
3; Pedestrian; None; None; 20.09.2023 13:49:42; 805.0037; 0.2818001; 240.899; Sidewalk; 14.19796; null
3; Pedestrian; None; None; 20.09.2023 13:49:42; 805.0033; 0.2818001; 240.8989; Sidewalk; 14.22106; null
3; Pedestrian; None; None; 20.09.2023 13:49:42; 805.0031; 0.2818001; 240.8989; Sidewalk; 14.24277; null
3; Pedestrian; None; None; 20.09.2023 13:49:42; 805.0029; 0.2818001; 240.899; Sidewalk; 14.26564; null
3; Pedestrian; None; None; 20.09.2023 13:49:42; 805.0032; 0.2818001; 240.899; Sidewalk; 14.29825; Checking Box Human Car
3; Pedestrian; None; None; 20.09.2023 13:49:42; 805.0032; 0.2818001; 240.899; Sidewalk; 14.30887; Checking Box Human Car
3; Pedestrian; None; None; 20.09.2023 13:49:42; 805.0037; 0.2818001; 240.8991; Sidewalk; 14.31987; Checking Box Human Car
3; Pedestrian; None; None; 20.09.2023 13:49:42; 805.004; 0.2818001; 240.899; Sidewalk; 14.35074; Checking Box Human Car
3; Pedestrian; None; None; 20.09.2023 13:49:42; 805.005; 0.2818001; 240.899; Sidewalk; 14.3772; Checking Box Human Car
3; Pedestrian; None; None; 20.09.2023 13:49:42; 805.0059; 0.2818001; 240.8991; Sidewalk; 14.39824; Checking Box Human Car
3; Pedestrian; None; None; 20.09.2023 13:49:42; 805.0059; 0.2818001; 240.8991; Sidewalk; 14.39824; Checking Box Human Car
3; Pedestrian; None; None; 20.09.2023 13:49:42; 805.0067; 0.2818001; 240.8992; Sidewalk; 14.4201; null
3; Pedestrian; None; None; 20.09.2023 13:49:42; 805.008; 0.2818001; 240.8993; Sidewalk; 14.44224; null
3; Pedestrian; None; None; 20.09.2023 13:49:42; 805.0091; 0.2818001; 240.8994; Sidewalk; 14.47584; null
3; Pedestrian; None; None; 20.09.2023 13:49:42; 805.0099; 0.2818001; 240.8994; Sidewalk; 14.49791; null
3; Pedestrian; None; None; 20.09.2023 13:49:42; 805.0104; 0.2818001; 240.8995; Sidewalk; 14.50851; null
3; Pedestrian; None; None; 20.09.2023 13:49:42; 805.011; 0.2818001; 240.8996; Sidewalk; 14.51991; null
3; Pedestrian; None; None; 20.09.2023 13:49:42; 805.0121; 0.2818001; 240.8997; Sidewalk; 14.54234; null
3; Pedestrian; None; None; 20.09.2023 13:49:42; 805.0134; 0.2818001; 240.9001; Sidewalk; 14.57532; null
3; Pedestrian; None; None; 20.09.2023 13:49:42; 805.0139; 0.2818001; 240.9002; Sidewalk; 14.5863; null
3; Pedestrian; None; None; 20.09.2023 13:49:42; 805.014; 0.2818001; 240.9003; Sidewalk; 14.59785; null
3; Pedestrian; None; None; 20.09.2023 13:49:42; 805.015; 0.2818001; 240.9005; Sidewalk; 14.62079; null
3; Pedestrian; None; None; 20.09.2023 13:49:42; 805.0161; 0.2818001; 240.9008; Sidewalk; 14.64269; null
3; Pedestrian; None; None; 20.09.2023 13:49:42; 805.0168; 0.2818001; 240.9011; Sidewalk; 14.6761; null
3; Pedestrian; None; None; 20.09.2023 13:49:42; 805.0176; 0.2818001; 240.9014; Sidewalk; 14.68634; null
3; Pedestrian; None; None; 20.09.2023 13:49:43; 805.0181; 0.2818001; 240.9015; Sidewalk; 14.6983; null
3; Pedestrian; None; None; 20.09.2023 13:49:43; 805.0193; 0.2818001; 240.902; Sidewalk; 14.73179; Checking Box AICar
3; Pedestrian; None; None; 20.09.2023 13:49:43; 805.02; 0.2818001; 240.9022; Sidewalk; 14.74207; Checking Box AICar
3; Pedestrian; None; None; 20.09.2023 13:49:43; 805.0208; 0.2818001; 240.9028; Sidewalk; 14.77569; Checking Box AICar
3; Pedestrian; None; None; 20.09.2023 13:49:43; 805.0216; 0.2818001; 240.9031; Sidewalk; 14.79856; Checking Box AICar
3; Pedestrian; None; None; 20.09.2023 13:49:43; 805.0216; 0.2818001; 240.9031; Sidewalk; 14.79856; Checking Box AICar
3; Pedestrian; None; None; 20.09.2023 13:49:43; 805.0219; 0.2818001; 240.9034; Sidewalk; 14.82; Checking Box AICar
3; Pedestrian; None; None; 20.09.2023 13:49:43; 805.0226; 0.2818001; 240.9038; Sidewalk; 14.84371; Checking Box AICar
3; Pedestrian; None; None; 20.09.2023 13:49:43; 805.0229; 0.2818001; 240.904; Sidewalk; 14.86573; Checking Box AICar
3; Pedestrian; None; None; 20.09.2023 13:49:43; 805.0234; 0.2818001; 240.9044; Sidewalk; 14.88843; Checking Box AICar
3; Pedestrian; None; None; 20.09.2023 13:49:43; 805.0235; 0.2818001; 240.9046; Sidewalk; 14.90015; Checking Box AICar
3; Pedestrian; None; None; 20.09.2023 13:49:43; 805.0241; 0.2818001; 240.9051; Sidewalk; 14.9223; Checking Box AICar
3; Pedestrian; None; None; 20.09.2023 13:49:43; 805.0242; 0.2818001; 240.9055; Sidewalk; 14.94492; Checking Box AICar
3; Pedestrian; None; None; 20.09.2023 13:49:43; 805.0245; 0.2818001; 240.9059; Sidewalk; 14.96644; Checking Box AICar
3; Pedestrian; None; None; 20.09.2023 13:49:43; 805.0245; 0.2818001; 240.9064; Sidewalk; 14.9889; Checking Box AICar
3; Pedestrian; None; None; 20.09.2023 13:49:43; 805.0246; 0.2818001; 240.9066; Sidewalk; 15.00053; Checking Box AICar
3; Pedestrian; None; None; 20.09.2023 13:49:43; 805.0245; 0.2818001; 240.9071; Sidewalk; 15.02226; Checking Box AICar
3; Pedestrian; None; None; 20.09.2023 13:49:43; 805.0244; 0.2818001; 240.9074; Sidewalk; 15.04469; Checking Box AICar
3; Pedestrian; None; None; 20.09.2023 13:49:43; 805.0244; 0.2818001; 240.9078; Sidewalk; 15.06656; Checking Box AICar
3; Pedestrian; None; None; 20.09.2023 13:49:43; 805.0238; 0.2818001; 240.9083; Sidewalk; 15.08915; Checking Box AICar
3; Pedestrian; None; None; 20.09.2023 13:49:43; 805.0238; 0.2818001; 240.9086; Sidewalk; 15.10251; Checking Box AICar
3; Pedestrian; None; None; 20.09.2023 13:49:43; 805.0233; 0.2818001; 240.909; Sidewalk; 15.12186; Checking Box AICar
3; Pedestrian; None; None; 20.09.2023 13:49:43; 805.023; 0.2818001; 240.9095; Sidewalk; 15.14228; Checking Box AICar
3; Pedestrian; None; None; 20.09.2023 13:49:43; 805.0226; 0.2818001; 240.9102; Sidewalk; 15.1765; Checking Box AICar
3; Pedestrian; None; None; 20.09.2023 13:49:43; 805.0225; 0.2818001; 240.9105; Sidewalk; 15.18665; Checking Box AICar
3; Pedestrian; None; None; 20.09.2023 13:49:43; 805.0223; 0.2818001; 240.9108; Sidewalk; 15.19784; Checking Box AICar
3; Pedestrian; None; None; 20.09.2023 13:49:43; 805.0222; 0.2818001; 240.9113; Sidewalk; 15.22032; Checking Box AICar
3; Pedestrian; None; None; 20.09.2023 13:49:43; 805.0218; 0.2818001; 240.9119; Sidewalk; 15.24297; Checking Box AICar
3; Pedestrian; None; None; 20.09.2023 13:49:43; 805.0208; 0.2818001; 240.9127; Sidewalk; 15.2761; Checking Box AICar
3; Pedestrian; None; None; 20.09.2023 13:49:43; 805.0204; 0.2818001; 240.9132; Sidewalk; 15.29823; Checking Box AICar
3; Pedestrian; None; None; 20.09.2023 13:49:43; 805.0203; 0.2818001; 240.9135; Sidewalk; 15.3086; Checking Box AICar
3; Pedestrian; None; None; 20.09.2023 13:49:43; 805.02; 0.2818001; 240.9137; Sidewalk; 15.31987; Checking Box AICar
3; Pedestrian; None; None; 20.09.2023 13:49:43; 805.0193; 0.2818001; 240.9142; Sidewalk; 15.34254; Checking Box AICar
3; Pedestrian; None; None; 20.09.2023 13:49:43; 805.0182; 0.2818001; 240.9148; Sidewalk; 15.3758; Checking Box AICar
3; Pedestrian; None; None; 20.09.2023 13:49:43; 805.0179; 0.2818001; 240.9152; Sidewalk; 15.3979; Checking Box AICar
3; Pedestrian; None; None; 20.09.2023 13:49:43; 805.0179; 0.2818001; 240.9152; Sidewalk; 15.3979; Checking Box AICar
3; Pedestrian; None; None; 20.09.2023 13:49:43; 805.0166; 0.2818001; 240.9157; Sidewalk; 15.43107; Checking Box AICar
3; Pedestrian; None; None; 20.09.2023 13:49:43; 805.0152; 0.2818001; 240.9162; Sidewalk; 15.45354; Checking Box AICar
3; Pedestrian; None; None; 20.09.2023 13:49:43; 805.0153; 0.2818001; 240.9164; Sidewalk; 15.4643; Checking Box AICar
3; Pedestrian; None; None; 20.09.2023 13:49:43; 805.0142; 0.2818001; 240.9169; Sidewalk; 15.48736; Checking Box AICar
3; Pedestrian; None; None; 20.09.2023 13:49:43; 805.0139; 0.2818001; 240.9171; Sidewalk; 15.49848; Checking Box AICar
3; Pedestrian; None; None; 20.09.2023 13:49:43; 805.0125; 0.2818001; 240.9175; Sidewalk; 15.52076; Checking Box AICar
3; Pedestrian; None; None; 20.09.2023 13:49:43; 805.0121; 0.2818001; 240.9179; Sidewalk; 15.54373; Checking Box AICar
3; Pedestrian; None; None; 20.09.2023 13:49:43; 805.0113; 0.2818001; 240.9183; Sidewalk; 15.56735; Checking Box AICar
3; Pedestrian; None; None; 20.09.2023 13:49:43; 805.0104; 0.2818001; 240.9187; Sidewalk; 15.58814; Checking Box AICar
3; Pedestrian; None; None; 20.09.2023 13:49:43; 805.01; 0.2818001; 240.9188; Sidewalk; 15.59977; Checking Box AICar
3; Pedestrian; None; None; 20.09.2023 13:49:43; 805.0092; 0.2818001; 240.9192; Sidewalk; 15.62215; Checking Box AICar
3; Pedestrian; None; None; 20.09.2023 13:49:43; 805.0082; 0.2818001; 240.9196; Sidewalk; 15.64427; Checking Box AICar
3; Pedestrian; None; None; 20.09.2023 13:49:43; 805.0071; 0.2818001; 240.9201; Sidewalk; 15.66634; Checking Box AICar
3; Pedestrian; None; None; 20.09.2023 13:49:43; 805.006; 0.2818001; 240.9204; Sidewalk; 15.68878; Checking Box AICar
3; Pedestrian; None; None; 20.09.2023 13:49:44; 805.0053; 0.2818001; 240.9206; Sidewalk; 15.70008; Checking Box AICar
3; Pedestrian; None; None; 20.09.2023 13:49:44; 805.0049; 0.2818001; 240.9209; Sidewalk; 15.72211; Checking Box AICar
3; Pedestrian; None; None; 20.09.2023 13:49:44; 805.0042; 0.2818001; 240.9213; Sidewalk; 15.74434; Checking Box AICar
3; Pedestrian; None; None; 20.09.2023 13:49:44; 805.0033; 0.2818001; 240.9216; Sidewalk; 15.76609; Checking Box AICar
3; Pedestrian; None; None; 20.09.2023 13:49:44; 805.0024; 0.2818001; 240.922; Sidewalk; 15.78891; Checking Box AICar
3; Pedestrian; None; None; 20.09.2023 13:49:44; 805.0021; 0.2818001; 240.9222; Sidewalk; 15.79988; Checking Box AICar
3; Pedestrian; None; None; 20.09.2023 13:49:44; 805.0014; 0.2818001; 240.9226; Sidewalk; 15.82221; Checking Box AICar
3; Pedestrian; None; None; 20.09.2023 13:49:44; 805.0009; 0.2818001; 240.9229; Sidewalk; 15.84442; Checking Box AICar
3; Pedestrian; None; None; 20.09.2023 13:49:44; 805; 0.2818001; 240.9232; Sidewalk; 15.86671; Checking Box AICar
3; Pedestrian; None; None; 20.09.2023 13:49:44; 804.9993; 0.2818001; 240.9234; Sidewalk; 15.88851; Checking Box AICar
3; Pedestrian; None; None; 20.09.2023 13:49:44; 804.999; 0.2818001; 240.9236; Sidewalk; 15.90002; Checking Box AICar
3; Pedestrian; None; None; 20.09.2023 13:49:44; 804.9984; 0.2818001; 240.9238; Sidewalk; 15.92178; Checking Box AICar
3; Pedestrian; None; None; 20.09.2023 13:49:44; 804.9981; 0.2818001; 240.9241; Sidewalk; 15.94448; Checking Box AICar
3; Pedestrian; None; None; 20.09.2023 13:49:44; 804.9977; 0.2818001; 240.9244; Sidewalk; 15.96695; null
3; Pedestrian; None; None; 20.09.2023 13:49:44; 804.9971; 0.2818001; 240.9248; Sidewalk; 15.98892; null
3; Pedestrian; None; None; 20.09.2023 13:49:44; 804.997; 0.2818001; 240.9249; Sidewalk; 15.99978; null
3; Pedestrian; None; None; 20.09.2023 13:49:44; 804.9963; 0.2818001; 240.9252; Sidewalk; 16.0225; null
3; Pedestrian; None; None; 20.09.2023 13:49:44; 804.9959; 0.2818001; 240.9254; Sidewalk; 16.04403; null
3; Pedestrian; None; None; 20.09.2023 13:49:44; 804.9955; 0.2818001; 240.9257; Sidewalk; 16.06622; null
3; Pedestrian; None; None; 20.09.2023 13:49:44; 804.9955; 0.2818001; 240.9259; Sidewalk; 16.08831; Checking Box AICar
3; Pedestrian; None; None; 20.09.2023 13:49:44; 804.9955; 0.2818001; 240.9261; Sidewalk; 16.09969; Checking Box AICar
3; Pedestrian; None; None; 20.09.2023 13:49:44; 804.9951; 0.2818001; 240.9263; Sidewalk; 16.12262; Checking Box AICar
3; Pedestrian; None; None; 20.09.2023 13:49:44; 804.9951; 0.2818001; 240.9264; Sidewalk; 16.14419; Checking Box AICar
3; Pedestrian; None; None; 20.09.2023 13:49:44; 804.9956; 0.2818001; 240.9267; Sidewalk; 16.16644; Checking Box AICar
3; Pedestrian; None; None; 20.09.2023 13:49:44; 804.9957; 0.2818001; 240.927; Sidewalk; 16.18854; Checking Box AICar
3; Pedestrian; None; None; 20.09.2023 13:49:44; 804.9958; 0.2818001; 240.9271; Sidewalk; 16.2003; Checking Box AICar
3; Pedestrian; None; None; 20.09.2023 13:49:44; 804.9957; 0.2818001; 240.9273; Sidewalk; 16.22258; Checking Box AICar
3; Pedestrian; None; None; 20.09.2023 13:49:44; 804.9954; 0.2818001; 240.9275; Sidewalk; 16.24443; Checking Box AICar
3; Pedestrian; None; None; 20.09.2023 13:49:44; 804.9955; 0.2818001; 240.9276; Sidewalk; 16.26638; Checking Box AICar
3; Pedestrian; None; None; 20.09.2023 13:49:44; 804.9965; 0.2818001; 240.9277; Sidewalk; 16.28802; Checking Box AICar
3; Pedestrian; None; None; 20.09.2023 13:49:44; 804.9966; 0.2818001; 240.9278; Sidewalk; 16.29951; Checking Box AICar
3; Pedestrian; None; None; 20.09.2023 13:49:44; 804.9972; 0.2818001; 240.9279; Sidewalk; 16.32173; Checking Box AICar
3; Pedestrian; None; None; 20.09.2023 13:49:44; 804.9972; 0.2818001; 240.928; Sidewalk; 16.34412; Checking Box AICar
3; Pedestrian; None; None; 20.09.2023 13:49:44; 804.997; 0.2818001; 240.9281; Sidewalk; 16.36602; Checking Box AICar
3; Pedestrian; None; None; 20.09.2023 13:49:44; 804.9974; 0.2818001; 240.9281; Sidewalk; 16.38849; Checking Box AICar
3; Pedestrian; None; None; 20.09.2023 13:49:44; 804.9976; 0.2818001; 240.9281; Sidewalk; 16.39997; Checking Box AICar
3; Pedestrian; None; None; 20.09.2023 13:49:44; 804.9977; 0.2818001; 240.9283; Sidewalk; 16.4218; Checking Box AICar
3; Pedestrian; None; None; 20.09.2023 13:49:44; 804.9977; 0.2818001; 240.9282; Sidewalk; 16.44399; Checking Box AICar
3; Pedestrian; None; None; 20.09.2023 13:49:44; 804.9978; 0.2818001; 240.9282; Sidewalk; 16.46573; Checking Box AICar
3; Pedestrian; None; None; 20.09.2023 13:49:44; 804.998; 0.2818001; 240.9282; Sidewalk; 16.4889; Checking Box AICar
3; Pedestrian; None; None; 20.09.2023 13:49:44; 804.9979; 0.2818001; 240.9281; Sidewalk; 16.50009; Checking Box AICar
3; Pedestrian; None; None; 20.09.2023 13:49:44; 804.9979; 0.2818001; 240.9281; Sidewalk; 16.52131; Checking Box AICar
3; Pedestrian; None; None; 20.09.2023 13:49:44; 804.9979; 0.2818001; 240.928; Sidewalk; 16.54407; Checking Box AICar
3; Pedestrian; None; None; 20.09.2023 13:49:44; 804.9982; 0.2818001; 240.9279; Sidewalk; 16.56649; Checking Box AICar
3; Pedestrian; None; None; 20.09.2023 13:49:44; 804.9979; 0.2818001; 240.9278; Sidewalk; 16.58814; Checking Box AICar
3; Pedestrian; None; None; 20.09.2023 13:49:44; 804.998; 0.2818001; 240.9278; Sidewalk; 16.59946; Checking Box AICar
3; Pedestrian; None; None; 20.09.2023 13:49:44; 804.9987; 0.2818001; 240.9276; Sidewalk; 16.62153; Checking Box AICar
3; Pedestrian; None; None; 20.09.2023 13:49:44; 804.9984; 0.2818001; 240.9275; Sidewalk; 16.64497; Checking Box AICar
3; Pedestrian; None; None; 20.09.2023 13:49:44; 804.9991; 0.2818001; 240.9274; Sidewalk; 16.66603; Checking Box AICar
3; Pedestrian; None; None; 20.09.2023 13:49:45; 804.9993; 0.2818001; 240.9272; Sidewalk; 16.68867; Checking Box AICar
3; Pedestrian; None; None; 20.09.2023 13:49:45; 804.9993; 0.2818001; 240.9272; Sidewalk; 16.69949; Checking Box AICar
3; Pedestrian; None; None; 20.09.2023 13:49:45; 804.9995; 0.2818001; 240.9271; Sidewalk; 16.72219; Checking Box AICar
3; Pedestrian; None; None; 20.09.2023 13:49:45; 804.9997; 0.2818001; 240.927; Sidewalk; 16.74409; Checking Box AICar
3; Pedestrian; None; None; 20.09.2023 13:49:45; 804.9997; 0.2818001; 240.927; Sidewalk; 16.766; Checking Box AICar
3; Pedestrian; None; None; 20.09.2023 13:49:45; 805.0001; 0.2818001; 240.927; Sidewalk; 16.78831; Checking Box AICar
3; Pedestrian; None; None; 20.09.2023 13:49:45; 805.0002; 0.2818001; 240.9269; Sidewalk; 16.79957; Checking Box AICar
3; Pedestrian; None; None; 20.09.2023 13:49:45; 805.0002; 0.2818001; 240.9268; Sidewalk; 16.822; Checking Box AICar
3; Pedestrian; None; None; 20.09.2023 13:49:45; 805.0004; 0.2818001; 240.9266; Sidewalk; 16.84394; Checking Box AICar
3; Pedestrian; None; None; 20.09.2023 13:49:45; 805.0003; 0.2818001; 240.9265; Sidewalk; 16.86607; Checking Box AICar
3; Pedestrian; None; None; 20.09.2023 13:49:45; 804.9999; 0.2818001; 240.9265; Sidewalk; 16.88817; Checking Box AICar
3; Pedestrian; None; None; 20.09.2023 13:49:45; 804.9999; 0.2818001; 240.9265; Sidewalk; 16.89932; Checking Box AICar
3; Pedestrian; None; None; 20.09.2023 13:49:45; 805.001; 0.2818001; 240.9267; Sidewalk; 16.92157; Checking Box AICar
3; Pedestrian; None; None; 20.09.2023 13:49:45; 805.0009; 0.2818001; 240.9268; Sidewalk; 16.94397; Checking Box AICar
3; Pedestrian; None; None; 20.09.2023 13:49:45; 805.0009; 0.2818001; 240.9269; Sidewalk; 16.96626; Checking Box AICar
3; Pedestrian; None; None; 20.09.2023 13:49:45; 805.0005; 0.2818001; 240.927; Sidewalk; 16.98861; Checking Box AICar
3; Pedestrian; None; None; 20.09.2023 13:49:45; 805.001; 0.2818001; 240.9271; Sidewalk; 16.99955; Checking Box AICar
3; Pedestrian; None; None; 20.09.2023 13:49:45; 805.0009; 0.2818001; 240.9272; Sidewalk; 17.02179; Checking Box AICar
3; Pedestrian; None; None; 20.09.2023 13:49:45; 805.0005; 0.2818001; 240.9274; Sidewalk; 17.04399; Checking Box AICar
3; Pedestrian; None; None; 20.09.2023 13:49:45; 805.0003; 0.2818001; 240.9276; Sidewalk; 17.06615; Checking Box AICar
3; Pedestrian; None; None; 20.09.2023 13:49:45; 804.9997; 0.2818001; 240.9279; Sidewalk; 17.08824; Checking Box AICar
3; Pedestrian; None; None; 20.09.2023 13:49:45; 804.9993; 0.2818001; 240.9281; Sidewalk; 17.09962; Checking Box AICar
3; Pedestrian; None; None; 20.09.2023 13:49:45; 804.9983; 0.2818001; 240.9283; Sidewalk; 17.1218; Checking Box AICar
3; Pedestrian; None; None; 20.09.2023 13:49:45; 804.9968; 0.2818001; 240.9286; Sidewalk; 17.14457; Checking Box AICar
3; Pedestrian; None; None; 20.09.2023 13:49:45; 804.9962; 0.2818001; 240.9291; Sidewalk; 17.16609; Checking Box AICar
3; Pedestrian; None; None; 20.09.2023 13:49:45; 804.9943; 0.2818001; 240.9295; Sidewalk; 17.18859; Checking Box AICar
3; Pedestrian; None; None; 20.09.2023 13:49:45; 804.9934; 0.2818001; 240.9297; Sidewalk; 17.19951; Checking Box AICar
3; Pedestrian; None; None; 20.09.2023 13:49:45; 804.9923; 0.2818001; 240.9302; Sidewalk; 17.22219; Checking Box AICar
3; Pedestrian; None; None; 20.09.2023 13:49:45; 804.9907; 0.2818001; 240.9307; Sidewalk; 17.24469; Checking Box AICar
3; Pedestrian; None; None; 20.09.2023 13:49:45; 804.989; 0.2818001; 240.9312; Sidewalk; 17.26721; Checking Box AICar
3; Pedestrian; None; None; 20.09.2023 13:49:45; 804.987; 0.2818001; 240.9318; Sidewalk; 17.28823; Checking Box AICar
3; Pedestrian; None; None; 20.09.2023 13:49:45; 804.9863; 0.2818001; 240.9321; Sidewalk; 17.29919; Checking Box AICar
3; Pedestrian; None; None; 20.09.2023 13:49:45; 804.985; 0.2818001; 240.9328; Sidewalk; 17.32162; Checking Box AICar
3; Pedestrian; None; None; 20.09.2023 13:49:45; 804.9839; 0.2818001; 240.9336; Sidewalk; 17.34385; Checking Box AICar
3; Pedestrian; None; None; 20.09.2023 13:49:45; 804.9826; 0.2818001; 240.9342; Sidewalk; 17.36545; Checking Box AICar
3; Pedestrian; None; None; 20.09.2023 13:49:45; 804.981; 0.2818001; 240.9349; Sidewalk; 17.3888; Checking Box AICar
3; Pedestrian; None; None; 20.09.2023 13:49:45; 804.9803; 0.2818001; 240.9352; Sidewalk; 17.39936; Checking Box AICar
3; Pedestrian; None; None; 20.09.2023 13:49:45; 804.9792; 0.2818001; 240.9359; Sidewalk; 17.42226; Checking Box AICar
3; Pedestrian; None; None; 20.09.2023 13:49:45; 804.9778; 0.2818001; 240.9366; Sidewalk; 17.44382; Checking Box AICar
3; Pedestrian; None; None; 20.09.2023 13:49:45; 804.9761; 0.2818001; 240.9373; Sidewalk; 17.46546; Checking Box AICar
3; Pedestrian; None; None; 20.09.2023 13:49:45; 804.9747; 0.2818001; 240.9382; Sidewalk; 17.48778; Checking Box AICar
3; Pedestrian; None; None; 20.09.2023 13:49:45; 804.9738; 0.2818001; 240.9385; Sidewalk; 17.49895; Checking Box AICar
3; Pedestrian; None; None; 20.09.2023 13:49:45; 804.9728; 0.2818001; 240.9395; Sidewalk; 17.52147; Checking Box AICar
3; Pedestrian; None; None; 20.09.2023 13:49:45; 804.9713; 0.2818001; 240.9403; Sidewalk; 17.54307; Checking Box AICar
3; Pedestrian; None; None; 20.09.2023 13:49:45; 804.9702; 0.2818001; 240.9411; Sidewalk; 17.56521; Checking Box AICar
3; Pedestrian; None; None; 20.09.2023 13:49:45; 804.9693; 0.2818001; 240.942; Sidewalk; 17.58777; Checking Box AICar
3; Pedestrian; None; None; 20.09.2023 13:49:45; 804.9689; 0.2818001; 240.9424; Sidewalk; 17.59868; Checking Box AICar
3; Pedestrian; None; None; 20.09.2023 13:49:45; 804.9683; 0.2818001; 240.9432; Sidewalk; 17.62107; Checking Box AICar
3; Pedestrian; None; None; 20.09.2023 13:49:45; 804.9673; 0.2818001; 240.9441; Sidewalk; 17.6431; Checking Box AICar
3; Pedestrian; None; None; 20.09.2023 13:49:45; 804.9665; 0.2818001; 240.9451; Sidewalk; 17.66542; Checking Box AICar
3; Pedestrian; None; None; 20.09.2023 13:49:46; 804.9659; 0.2818001; 240.946; Sidewalk; 17.68786; Checking Box AICar
3; Pedestrian; None; None; 20.09.2023 13:49:46; 804.9659; 0.2818001; 240.9465; Sidewalk; 17.6991; Checking Box AICar
3; Pedestrian; None; None; 20.09.2023 13:49:46; 804.9655; 0.2818001; 240.9476; Sidewalk; 17.72188; Checking Box AICar
3; Pedestrian; None; None; 20.09.2023 13:49:46; 804.9651; 0.2818001; 240.9486; Sidewalk; 17.74417; Checking Box AICar
3; Pedestrian; None; None; 20.09.2023 13:49:46; 804.9644; 0.2818001; 240.9495; Sidewalk; 17.76529; Checking Box AICar
3; Pedestrian; None; None; 20.09.2023 13:49:46; 804.9637; 0.2818001; 240.9506; Sidewalk; 17.78752; Checking Box AICar
3; Pedestrian; None; None; 20.09.2023 13:49:46; 804.9636; 0.2818001; 240.9512; Sidewalk; 17.7987; Checking Box AICar
3; Pedestrian; None; None; 20.09.2023 13:49:46; 804.9637; 0.2818001; 240.9523; Sidewalk; 17.82185; Checking Box AICar
3; Pedestrian; None; None; 20.09.2023 13:49:46; 804.9639; 0.2818001; 240.9536; Sidewalk; 17.84376; Checking Box AICar
3; Pedestrian; None; None; 20.09.2023 13:49:46; 804.9641; 0.2818001; 240.9549; Sidewalk; 17.86586; Checking Box AICar
3; Pedestrian; None; None; 20.09.2023 13:49:46; 804.9645; 0.2818001; 240.9562; Sidewalk; 17.88864; Checking Box AICar
3; Pedestrian; None; None; 20.09.2023 13:49:46; 804.9647; 0.2818001; 240.9569; Sidewalk; 17.90014; Checking Box AICar
3; Pedestrian; None; None; 20.09.2023 13:49:46; 804.9649; 0.2818001; 240.9584; Sidewalk; 17.92086; Checking Box AICar
3; Pedestrian; None; None; 20.09.2023 13:49:46; 804.9655; 0.2818001; 240.9599; Sidewalk; 17.94288; Checking Box AICar
3; Pedestrian; None; None; 20.09.2023 13:49:46; 804.9662; 0.2818001; 240.9614; Sidewalk; 17.96507; Checking Box AICar
3; Pedestrian; None; None; 20.09.2023 13:49:46; 804.9667; 0.2818001; 240.963; Sidewalk; 17.98725; Checking Box AICar
3; Pedestrian; None; None; 20.09.2023 13:49:46; 804.9667; 0.2818001; 240.9639; Sidewalk; 17.99915; Checking Box AICar
3; Pedestrian; None; None; 20.09.2023 13:49:46; 804.9677; 0.2818001; 240.9656; Sidewalk; 18.02046; Checking Box AICar
3; Pedestrian; None; None; 20.09.2023 13:49:46; 804.9685; 0.2818001; 240.9673; Sidewalk; 18.04305; Checking Box AICar
3; Pedestrian; None; None; 20.09.2023 13:49:46; 804.9694; 0.2818001; 240.9691; Sidewalk; 18.06643; null
3; Pedestrian; None; None; 20.09.2023 13:49:46; 804.9701; 0.2818001; 240.9707; Sidewalk; 18.08683; null
3; Pedestrian; None; None; 20.09.2023 13:49:46; 804.9706; 0.2818001; 240.9715; Sidewalk; 18.09828; null
3; Pedestrian; None; None; 20.09.2023 13:49:46; 804.9712; 0.2818001; 240.9733; Sidewalk; 18.12072; null
3; Pedestrian; None; None; 20.09.2023 13:49:46; 804.9719; 0.2818001; 240.9751; Sidewalk; 18.14269; null
3; Pedestrian; None; None; 20.09.2023 13:49:46; 804.9724; 0.2818001; 240.9768; Sidewalk; 18.1649; null
3; Pedestrian; None; None; 20.09.2023 13:49:46; 804.9728; 0.2818001; 240.9785; Sidewalk; 18.18714; null
3; Pedestrian; None; None; 20.09.2023 13:49:46; 804.9731; 0.2818001; 240.9794; Sidewalk; 18.19861; null
3; Pedestrian; None; None; 20.09.2023 13:49:46; 804.9735; 0.2818001; 240.9811; Sidewalk; 18.22184; null
3; Pedestrian; None; None; 20.09.2023 13:49:46; 804.9732; 0.2818001; 240.9826; Sidewalk; 18.24326; null
3; Pedestrian; None; None; 20.09.2023 13:49:46; 804.9731; 0.2818001; 240.9841; Sidewalk; 18.26519; null
3; Pedestrian; None; None; 20.09.2023 13:49:46; 804.9725; 0.2818001; 240.9856; Sidewalk; 18.28684; null
3; Pedestrian; None; None; 20.09.2023 13:49:46; 804.9722; 0.2818001; 240.9863; Sidewalk; 18.29852; null
3; Pedestrian; None; None; 20.09.2023 13:49:46; 804.9714; 0.2818001; 240.9877; Sidewalk; 18.32047; null
3; Pedestrian; None; None; 20.09.2023 13:49:46; 804.9704; 0.2818001; 240.9891; Sidewalk; 18.34309; null
3; Pedestrian; None; None; 20.09.2023 13:49:46; 804.9697; 0.2818001; 240.9905; Sidewalk; 18.36585; Checking Box AICar
3; Pedestrian; None; None; 20.09.2023 13:49:46; 804.9685; 0.2818001; 240.9918; Sidewalk; 18.38731; Checking Box AICar
3; Pedestrian; None; None; 20.09.2023 13:49:46; 804.968; 0.2818001; 240.9924; Sidewalk; 18.39845; Checking Box AICar
3; Pedestrian; None; None; 20.09.2023 13:49:46; 804.9669; 0.2818001; 240.9939; Sidewalk; 18.42054; Checking Box AICar
3; Pedestrian; None; None; 20.09.2023 13:49:46; 804.9655; 0.2818001; 240.9953; Sidewalk; 18.44296; Checking Box AICar
3; Pedestrian; None; None; 20.09.2023 13:49:46; 804.9636; 0.2818001; 240.9967; Sidewalk; 18.46521; Checking Box AICar
3; Pedestrian; None; None; 20.09.2023 13:49:46; 804.9613; 0.2818001; 240.9982; Sidewalk; 18.48714; Checking Box AICar
3; Pedestrian; None; None; 20.09.2023 13:49:46; 804.9604; 0.2818001; 240.9989; Sidewalk; 18.49926; Checking Box AICar
3; Pedestrian; None; None; 20.09.2023 13:49:46; 804.9583; 0.2818001; 241.0002; Sidewalk; 18.52064; Checking Box AICar
3; Pedestrian; None; None; 20.09.2023 13:49:46; 804.9557; 0.2818001; 241.0015; Sidewalk; 18.54273; Checking Box AICar
3; Pedestrian; None; None; 20.09.2023 13:49:46; 804.9534; 0.2818001; 241.0027; Sidewalk; 18.56515; Checking Box AICar
3; Pedestrian; None; None; 20.09.2023 13:49:46; 804.9506; 0.2818001; 241.0039; Sidewalk; 18.58739; Checking Box AICar
3; Pedestrian; None; None; 20.09.2023 13:49:46; 804.9493; 0.2818001; 241.0045; Sidewalk; 18.59857; Checking Box AICar
3; Pedestrian; None; None; 20.09.2023 13:49:46; 804.9472; 0.2818001; 241.0055; Sidewalk; 18.62097; Checking Box AICar
3; Pedestrian; None; None; 20.09.2023 13:49:46; 804.9446; 0.2818001; 241.0064; Sidewalk; 18.64277; Checking Box AICar
3; Pedestrian; None; None; 20.09.2023 13:49:46; 804.9418; 0.2818001; 241.0074; Sidewalk; 18.66566; Checking Box AICar
3; Pedestrian; None; None; 20.09.2023 13:49:47; 804.9389; 0.2818001; 241.0081; Sidewalk; 18.6874; Checking Box AICar
3; Pedestrian; None; None; 20.09.2023 13:49:47; 804.9372; 0.2818001; 241.0084; Sidewalk; 18.69902; Checking Box AICar
3; Pedestrian; None; None; 20.09.2023 13:49:47; 804.9341; 0.2818001; 241.0088; Sidewalk; 18.7213; Checking Box AICar
3; Pedestrian; None; None; 20.09.2023 13:49:47; 804.9311; 0.2818001; 241.0091; Sidewalk; 18.74294; Checking Box AICar
3; Pedestrian; None; None; 20.09.2023 13:49:47; 804.9287; 0.2818001; 241.0092; Sidewalk; 18.76526; Checking Box AICar
3; Pedestrian; None; None; 20.09.2023 13:49:47; 804.9257; 0.2818001; 241.0091; Sidewalk; 18.7875; Checking Box AICar
3; Pedestrian; None; None; 20.09.2023 13:49:47; 804.924; 0.2818001; 241.0089; Sidewalk; 18.79892; Checking Box AICar
3; Pedestrian; None; None; 20.09.2023 13:49:47; 804.9212; 0.2818001; 241.0084; Sidewalk; 18.82089; Checking Box AICar
3; Pedestrian; None; None; 20.09.2023 13:49:47; 804.9177; 0.2818001; 241.0075; Sidewalk; 18.84293; Checking Box AICar
3; Pedestrian; None; None; 20.09.2023 13:49:47; 804.9142; 0.2818001; 241.0064; Sidewalk; 18.86601; Checking Box AICar
3; Pedestrian; None; None; 20.09.2023 13:49:47; 804.9104; 0.2818001; 241.0049; Sidewalk; 18.88775; Checking Box AICar
3; Pedestrian; None; None; 20.09.2023 13:49:47; 804.909; 0.2818001; 241.0041; Sidewalk; 18.89889; Checking Box AICar
3; Pedestrian; None; None; 20.09.2023 13:49:47; 804.9058; 0.2818001; 241.0022; Sidewalk; 18.92087; Checking Box AICar
3; Pedestrian; None; None; 20.09.2023 13:49:47; 804.9016; 0.2818001; 241; Sidewalk; 18.94301; Checking Box AICar
3; Pedestrian; None; None; 20.09.2023 13:49:47; 804.8978; 0.2818001; 240.9975; Sidewalk; 18.96561; Checking Box AICar
3; Pedestrian; None; None; 20.09.2023 13:49:47; 804.8935; 0.2818001; 240.9945; Sidewalk; 18.9877; Checking Box AICar
3; Pedestrian; None; None; 20.09.2023 13:49:47; 804.8914; 0.2818001; 240.993; Sidewalk; 18.99888; Checking Box AICar
3; Pedestrian; None; None; 20.09.2023 13:49:47; 804.8867; 0.2818001; 240.9898; Sidewalk; 19.02097; Checking Box AICar
3; Pedestrian; None; None; 20.09.2023 13:49:47; 804.8822; 0.2818001; 240.9864; Sidewalk; 19.04422; Checking Box AICar
3; Pedestrian; None; None; 20.09.2023 13:49:47; 804.8774; 0.2818001; 240.983; Sidewalk; 19.0655; Checking Box AICar
3; Pedestrian; None; None; 20.09.2023 13:49:47; 804.8714; 0.2818001; 240.9794; Sidewalk; 19.08793; Checking Box AICar
3; Pedestrian; None; None; 20.09.2023 13:49:47; 804.869; 0.2818001; 240.9776; Sidewalk; 19.09926; Checking Box AICar
3; Pedestrian; None; None; 20.09.2023 13:49:47; 804.8629; 0.2818001; 240.9741; Sidewalk; 19.12111; Checking Box AICar
3; Pedestrian; None; None; 20.09.2023 13:49:47; 804.8568; 0.2818001; 240.9705; Sidewalk; 19.14337; Checking Box AICar
3; Pedestrian; None; None; 20.09.2023 13:49:47; 804.8467; 0.2818001; 240.9651; Sidewalk; 19.17562; Checking Box AICar
3; Pedestrian; None; None; 20.09.2023 13:49:47; 804.8406; 0.2818001; 240.9615; Sidewalk; 19.19663; Checking Box AICar
3; Pedestrian; None; None; 20.09.2023 13:49:47; 804.8406; 0.2818001; 240.9615; Sidewalk; 19.19663; Checking Box AICar
3; Pedestrian; None; None; 20.09.2023 13:49:47; 804.8312; 0.2818001; 240.9562; Sidewalk; 19.23045; Checking Box AICar
3; Pedestrian; None; None; 20.09.2023 13:49:47; 804.8252; 0.2818001; 240.9526; Sidewalk; 19.25221; Checking Box AICar
3; Pedestrian; None; None; 20.09.2023 13:49:47; 804.8189; 0.2818001; 240.9491; Sidewalk; 19.27446; Checking Box AICar
3; Pedestrian; None; None; 20.09.2023 13:49:47; 804.8133; 0.2818001; 240.9458; Sidewalk; 19.29665; Checking Box AICar
3; Pedestrian; None; None; 20.09.2023 13:49:47; 804.8101; 0.2818001; 240.9442; Sidewalk; 19.30738; Checking Box AICar
3; Pedestrian; None; None; 20.09.2023 13:49:47; 804.8043; 0.2818001; 240.9407; Sidewalk; 19.33025; Checking Box AICar
3; Pedestrian; None; None; 20.09.2023 13:49:47; 804.7982; 0.2818001; 240.9373; Sidewalk; 19.35172; Checking Box AICar
3; Pedestrian; None; None; 20.09.2023 13:49:47; 804.7925; 0.2818001; 240.9341; Sidewalk; 19.37403; Checking Box AICar
3; Pedestrian; None; None; 20.09.2023 13:49:47; 804.7877; 0.2818001; 240.931; Sidewalk; 19.39637; Checking Box AICar
3; Pedestrian; None; None; 20.09.2023 13:49:47; 804.785; 0.2818001; 240.9296; Sidewalk; 19.40723; Checking Box AICar
3; Pedestrian; None; None; 20.09.2023 13:49:47; 804.7803; 0.2818001; 240.9264; Sidewalk; 19.4299; Checking Box AICar
3; Pedestrian; None; None; 20.09.2023 13:49:47; 804.7757; 0.2818001; 240.9234; Sidewalk; 19.45195; Checking Box AICar
3; Pedestrian; None; None; 20.09.2023 13:49:47; 804.7711; 0.2818001; 240.9202; Sidewalk; 19.47407; Checking Box AICar
3; Pedestrian; None; None; 20.09.2023 13:49:47; 804.7679; 0.2818001; 240.9172; Sidewalk; 19.49682; Checking Box AICar
3; Pedestrian; None; None; 20.09.2023 13:49:47; 804.7658; 0.2818001; 240.9158; Sidewalk; 19.50716; Checking Box AICar
3; Pedestrian; None; None; 20.09.2023 13:49:47; 804.7626; 0.2818001; 240.9129; Sidewalk; 19.53004; Checking Box AICar
3; Pedestrian; None; None; 20.09.2023 13:49:47; 804.7596; 0.2818001; 240.9099; Sidewalk; 19.55295; Checking Box AICar
3; Pedestrian; None; None; 20.09.2023 13:49:47; 804.7584; 0.2818001; 240.9084; Sidewalk; 19.56432; Checking Box AICar
3; Pedestrian; None; None; 20.09.2023 13:49:47; 804.756; 0.2818001; 240.9054; Sidewalk; 19.58672; Checking Box AICar
3; Pedestrian; None; None; 20.09.2023 13:49:47; 804.7549; 0.2818001; 240.9039; Sidewalk; 19.59827; Checking Box AICar
3; Pedestrian; None; None; 20.09.2023 13:49:47; 804.7519; 0.2818001; 240.9009; Sidewalk; 19.59827; Checking Box AICar
3; Pedestrian; None; None; 20.09.2023 13:49:47; 804.7495; 0.2818001; 240.898; Sidewalk; 19.59827; Checking Box AICar
3; Pedestrian; None; None; 20.09.2023 13:49:47; 804.7478; 0.2818001; 240.8953; Sidewalk; 19.59827; Checking Box AICar
3; Pedestrian; None; None; 20.09.2023 13:49:47; 804.7446; 0.2818001; 240.8914; Road; 0.0223124; Checking Box AICar
3; Pedestrian; None; None; 20.09.2023 13:49:48; 804.7446; 0.2818001; 240.8914; Road; 0.0223124; Checking Box AICar
3; Pedestrian; None; None; 20.09.2023 13:49:48; 804.7432; 0.2818001; 240.889; Road; 0.0439205; Checking Box AICar
3; Pedestrian; None; None; 20.09.2023 13:49:48; 804.7415; 0.2818001; 240.8865; Road; 0.0662566; Checking Box AICar
3; Pedestrian; None; None; 20.09.2023 13:49:48; 804.7399; 0.2818001; 240.884; Road; 0.08855639; Checking Box AICar
3; Pedestrian; None; None; 20.09.2023 13:49:48; 804.7377; 0.2818001; 240.8802; Road; 0.1215683; Checking Box AICar
3; Pedestrian; None; None; 20.09.2023 13:49:48; 804.7369; 0.2818001; 240.879; Road; 0.1323936; Checking Box AICar
3; Pedestrian; None; None; 20.09.2023 13:49:48; 804.7358; 0.2818001; 240.8777; Road; 0.1435085; Checking Box AICar
3; Pedestrian; None; None; 20.09.2023 13:49:48; 804.7346; 0.2818001; 240.8752; Road; 0.1660345; Checking Box AICar
3; Pedestrian; None; None; 20.09.2023 13:49:48; 804.7332; 0.2818001; 240.8728; Road; 0.1882832; Checking Box AICar
3; Pedestrian; None; None; 20.09.2023 13:49:48; 804.7309; 0.2818001; 240.8692; Road; 0.2219087; Checking Box AICar
3; Pedestrian; None; None; 20.09.2023 13:49:48; 804.7309; 0.2818001; 240.8692; Road; 0.2219087; Checking Box AICar
3; Pedestrian; None; None; 20.09.2023 13:49:48; 804.7292; 0.2818001; 240.867; Road; 0.2437512; Checking Box AICar
3; Pedestrian; None; None; 20.09.2023 13:49:48; 804.7277; 0.2818001; 240.8647; Road; 0.2547839; Checking Box AICar
3; Pedestrian; None; None; 20.09.2023 13:49:48; 804.7261; 0.2818001; 240.8614; Road; 0.301408; Checking Box AICar
3; Pedestrian; None; None; 20.09.2023 13:49:48; 804.7244; 0.2818001; 240.8591; Road; 0.3194208; Checking Box AICar
3; Pedestrian; None; None; 20.09.2023 13:49:48; 804.7231; 0.2818001; 240.858; Road; 0.3299; Checking Box AICar
3; Pedestrian; None; None; 20.09.2023 13:49:48; 804.7216; 0.2818001; 240.8558; Road; 0.3533698; Checking Box AICar
3; Pedestrian; None; None; 20.09.2023 13:49:48; 804.7198; 0.2818001; 240.8535; Road; 0.3748544; Checking Box AICar
3; Pedestrian; None; None; 20.09.2023 13:49:48; 804.7178; 0.2818001; 240.8512; Road; 0.3981283; Checking Box AICar
3; Pedestrian; None; None; 20.09.2023 13:49:48; 804.7161; 0.2818001; 240.849; Road; 0.4192013; Checking Box AICar
3; Pedestrian; None; None; 20.09.2023 13:49:48; 804.715; 0.2818001; 240.8479; Road; 0.4300075; Checking Box AICar
3; Pedestrian; None; None; 20.09.2023 13:49:48; 804.7134; 0.2818001; 240.8458; Road; 0.4521849; Checking Box AICar
3; Pedestrian; None; None; 20.09.2023 13:49:48; 804.7107; 0.2818001; 240.8438; Road; 0.4748362; Checking Box AICar
3; Pedestrian; None; None; 20.09.2023 13:49:48; 804.7089; 0.2818001; 240.8417; Road; 0.4970876; Checking Box AICar
3; Pedestrian; None; None; 20.09.2023 13:49:48; 804.7069; 0.2818001; 240.8397; Road; 0.5193516; Checking Box AICar
3; Pedestrian; None; None; 20.09.2023 13:49:48; 804.7059; 0.2818001; 240.8387; Road; 0.5306158; Checking Box AICar
3; Pedestrian; None; None; 20.09.2023 13:49:48; 804.7037; 0.2818001; 240.8368; Road; 0.5537878; Checking Box AICar
3; Pedestrian; None; None; 20.09.2023 13:49:48; 804.7012; 0.2818001; 240.8349; Road; 0.5759088; Checking Box AICar
3; Pedestrian; None; None; 20.09.2023 13:49:48; 804.6991; 0.2818001; 240.8332; Road; 0.5973095; Checking Box AICar
3; Pedestrian; None; None; 20.09.2023 13:49:48; 804.6964; 0.2818001; 240.8316; Road; 0.6195998; Checking Box AICar
3; Pedestrian; None; None; 20.09.2023 13:49:48; 804.695; 0.2818001; 240.8308; Road; 0.6299359; Checking Box AICar
3; Pedestrian; None; None; 20.09.2023 13:49:48; 804.6924; 0.2818001; 240.8293; Road; 0.6520779; Checking Box AICar
3; Pedestrian; None; None; 20.09.2023 13:49:48; 804.6898; 0.2818001; 240.8279; Road; 0.6743634; Checking Box AICar
3; Pedestrian; None; None; 20.09.2023 13:49:48; 804.6866; 0.2818001; 240.8265; Road; 0.6971129; Checking Box AICar
3; Pedestrian; None; None; 20.09.2023 13:49:48; 804.6837; 0.2818001; 240.8252; Road; 0.7210011; Checking Box AICar
3; Pedestrian; None; None; 20.09.2023 13:49:48; 804.6823; 0.2818001; 240.8246; Road; 0.7305005; Checking Box AICar
3; Pedestrian; None; None; 20.09.2023 13:49:48; 804.6794; 0.2818001; 240.8234; Road; 0.7537051; Checking Box AICar
3; Pedestrian; None; None; 20.09.2023 13:49:48; 804.6769; 0.2818001; 240.8222; Road; 0.7763916; Checking Box AICar
3; Pedestrian; None; None; 20.09.2023 13:49:48; 804.6745; 0.2818001; 240.8212; Road; 0.7986351; Checking Box AICar
3; Pedestrian; None; None; 20.09.2023 13:49:48; 804.6718; 0.2818001; 240.8201; Road; 0.8210619; Checking Box AICar
3; Pedestrian; None; None; 20.09.2023 13:49:48; 804.671; 0.2818001; 240.8197; Road; 0.8313071; Checking Box AICar
3; Pedestrian; None; None; 20.09.2023 13:49:48; 804.6699; 0.2818001; 240.8193; Road; 0.8426378; Checking Box AICar
3; Pedestrian; None; None; 20.09.2023 13:49:48; 804.6671; 0.2818001; 240.8185; Road; 0.8661605; Checking Box AICar
3; Pedestrian; None; None; 20.09.2023 13:49:48; 804.6624; 0.2818001; 240.8173; Road; 0.8990951; Checking Box AICar
3; Pedestrian; None; None; 20.09.2023 13:49:48; 804.6599; 0.2818001; 240.8167; Road; 0.9190016; Checking Box AICar
3; Pedestrian; None; None; 20.09.2023 13:49:48; 804.6584; 0.2818001; 240.8164; Road; 0.9298913; Checking Box AICar
3; Pedestrian; None; None; 20.09.2023 13:49:48; 804.6552; 0.2818001; 240.8158; Road; 0.9530044; Checking Box AICar
3; Pedestrian; None; None; 20.09.2023 13:49:48; 804.6521; 0.2818001; 240.8152; Road; 0.9742092; Checking Box AICar
3; Pedestrian; None; None; 20.09.2023 13:49:48; 804.6487; 0.2818001; 240.8146; Road; 0.9967792; Checking Box AICar
3; Pedestrian; None; None; 20.09.2023 13:49:49; 804.6473; 0.2818001; 240.8144; Road; 1.007878; Checking Box AICar
3; Pedestrian; None; None; 20.09.2023 13:49:49; 804.6458; 0.2818001; 240.8141; Road; 1.022214; Checking Box AICar
3; Pedestrian; None; None; 20.09.2023 13:49:49; 804.6414; 0.2818001; 240.8133; Road; 1.053291; Checking Box AICar
3; Pedestrian; None; None; 20.09.2023 13:49:49; 804.6381; 0.2818001; 240.8126; Road; 1.074375; Checking Box AICar
3; Pedestrian; None; None; 20.09.2023 13:49:49; 804.6356; 0.2818001; 240.812; Road; 1.096456; Checking Box AICar
3; Pedestrian; None; None; 20.09.2023 13:49:49; 804.6335; 0.2818001; 240.8115; Road; 1.11877; Checking Box AICar
3; Pedestrian; None; None; 20.09.2023 13:49:49; 804.632; 0.2818001; 240.8113; Road; 1.129932; Checking Box AICar
3; Pedestrian; None; None; 20.09.2023 13:49:49; 804.6302; 0.2818001; 240.8109; Road; 1.152098; Checking Box AICar
3; Pedestrian; None; None; 20.09.2023 13:49:49; 804.6288; 0.2818001; 240.8107; Road; 1.164685; Checking Box AICar
3; Pedestrian; None; None; 20.09.2023 13:49:49; 804.6259; 0.2818001; 240.8103; Road; 1.199119; Checking Box AICar
3; Pedestrian; None; None; 20.09.2023 13:49:49; 804.6238; 0.2818001; 240.81; Road; 1.218822; Checking Box AICar
3; Pedestrian; None; None; 20.09.2023 13:49:49; 804.6229; 0.2818001; 240.8098; Road; 1.230095; Checking Box AICar
3; Pedestrian; None; None; 20.09.2023 13:49:49; 804.6212; 0.2818001; 240.8097; Road; 1.25202; Checking Box AICar
3; Pedestrian; None; None; 20.09.2023 13:49:49; 804.6193; 0.2818001; 240.8095; Road; 1.275123; Checking Box AICar
3; Pedestrian; None; None; 20.09.2023 13:49:49; 804.6176; 0.2818001; 240.8094; Road; 1.296626; Checking Box AICar
3; Pedestrian; None; None; 20.09.2023 13:49:49; 804.616; 0.2818001; 240.8096; Road; 1.318896; Checking Box AICar
3; Pedestrian; None; None; 20.09.2023 13:49:49; 804.616; 0.2818001; 240.8096; Road; 1.318896; Checking Box AICar
3; Pedestrian; None; None; 20.09.2023 13:49:49; 804.6141; 0.2818001; 240.8097; Road; 1.35427; Checking Box AICar
3; Pedestrian; None; None; 20.09.2023 13:49:49; 804.6124; 0.2818001; 240.81; Road; 1.374446; Checking Box AICar
3; Pedestrian; None; None; 20.09.2023 13:49:49; 804.6114; 0.2818001; 240.8104; Road; 1.396414; Checking Box AICar
3; Pedestrian; None; None; 20.09.2023 13:49:49; 804.6103; 0.2818001; 240.8108; Road; 1.419247; Checking Box AICar
3; Pedestrian; None; None; 20.09.2023 13:49:49; 804.6094; 0.2818001; 240.811; Road; 1.429563; Checking Box AICar
3; Pedestrian; None; None; 20.09.2023 13:49:49; 804.6086; 0.2818001; 240.8115; Road; 1.451902; Checking Box AICar
3; Pedestrian; None; None; 20.09.2023 13:49:49; 804.6072; 0.2818001; 240.812; Road; 1.474502; Checking Box AICar
3; Pedestrian; None; None; 20.09.2023 13:49:49; 804.6062; 0.2818001; 240.8124; Road; 1.500562; Checking Box AICar
3; Pedestrian; None; None; 20.09.2023 13:49:49; 804.6056; 0.2818001; 240.8128; Road; 1.518735; Checking Box AICar
3; Pedestrian; None; None; 20.09.2023 13:49:49; 804.6056; 0.2818001; 240.8131; Road; 1.529897; Checking Box AICar
3; Pedestrian; None; None; 20.09.2023 13:49:49; 804.605; 0.2818001; 240.8136; Road; 1.552003; Checking Box AICar
3; Pedestrian; None; None; 20.09.2023 13:49:49; 804.6046; 0.2818001; 240.814; Road; 1.575206; Checking Box AICar
3; Pedestrian; None; None; 20.09.2023 13:49:49; 804.6042; 0.2818001; 240.8146; Road; 1.596998; Checking Box AICar
3; Pedestrian; None; None; 20.09.2023 13:49:49; 804.6041; 0.2818001; 240.815; Road; 1.619337; Checking Box AICar
3; Pedestrian; None; None; 20.09.2023 13:49:49; 804.6038; 0.2818001; 240.8153; Road; 1.629604; Checking Box AICar
3; Pedestrian; None; None; 20.09.2023 13:49:49; 804.6041; 0.2818001; 240.8157; Road; 1.652628; Checking Box AICar
3; Pedestrian; None; None; 20.09.2023 13:49:49; 804.6041; 0.2818001; 240.8161; Road; 1.674414; Checking Box AICar
3; Pedestrian; None; None; 20.09.2023 13:49:49; 804.6042; 0.2818001; 240.8165; Road; 1.696178; Checking Box AICar
3; Pedestrian; None; None; 20.09.2023 13:49:49; 804.6039; 0.2818001; 240.8168; Road; 1.718604; Checking Box AICar
3; Pedestrian; None; None; 20.09.2023 13:49:49; 804.6039; 0.2818001; 240.8169; Road; 1.729442; Checking Box AICar
3; Pedestrian; None; None; 20.09.2023 13:49:49; 804.6042; 0.2818001; 240.8172; Road; 1.752717; Checking Box AICar
3; Pedestrian; None; None; 20.09.2023 13:49:49; 804.6038; 0.2818001; 240.8176; Road; 1.774585; Checking Box AICar
3; Pedestrian; None; None; 20.09.2023 13:49:49; 804.6038; 0.2818001; 240.8177; Road; 1.785899; Checking Box AICar
3; Pedestrian; None; None; 20.09.2023 13:49:49; 804.6035; 0.2818001; 240.818; Road; 1.82144; Checking Box AICar
3; Pedestrian; None; None; 20.09.2023 13:49:49; 804.6032; 0.2818001; 240.8181; Road; 1.829512; Checking Box AICar
3; Pedestrian; None; None; 20.09.2023 13:49:49; 804.603; 0.2818001; 240.8182; Road; 1.851724; Checking Box AICar
3; Pedestrian; None; None; 20.09.2023 13:49:49; 804.6024; 0.2818001; 240.8184; Road; 1.874182; Checking Box AICar
3; Pedestrian; None; None; 20.09.2023 13:49:49; 804.6017; 0.2818001; 240.8185; Road; 1.896614; Checking Box AICar
3; Pedestrian; None; None; 20.09.2023 13:49:49; 804.6007; 0.2818001; 240.8187; Road; 1.918458; Checking Box AICar
3; Pedestrian; None; None; 20.09.2023 13:49:49; 804.6003; 0.2818001; 240.8188; Road; 1.930095; Checking Box AICar
3; Pedestrian; None; None; 20.09.2023 13:49:49; 804.6002; 0.2818001; 240.8189; Road; 1.942011; Checking Box AICar
3; Pedestrian; None; None; 20.09.2023 13:49:49; 804.5991; 0.2818001; 240.819; Road; 1.976981; Checking Box AICar
3; Pedestrian; None; None; 20.09.2023 13:49:49; 804.598; 0.2818001; 240.8191; Road; 1.996366; Checking Box AICar
3; Pedestrian; None; None; 20.09.2023 13:49:49; 804.597; 0.2818001; 240.8192; Road; 2.018583; Checking Box AICar
3; Pedestrian; None; None; 20.09.2023 13:49:50; 804.5966; 0.2818001; 240.8192; Road; 2.029315; Checking Box AICar
3; Pedestrian; None; None; 20.09.2023 13:49:50; 804.5953; 0.2818001; 240.8192; Road; 2.051491; Checking Box AICar
3; Pedestrian; None; None; 20.09.2023 13:49:50; 804.5945; 0.2818001; 240.8191; Road; 2.073831; Checking Box AICar
3; Pedestrian; None; None; 20.09.2023 13:49:50; 804.5935; 0.2818001; 240.819; Road; 2.096471; Checking Box AICar
3; Pedestrian; None; None; 20.09.2023 13:49:50; 804.5923; 0.2818001; 240.819; Road; 2.120661; Checking Box AICar
3; Pedestrian; None; None; 20.09.2023 13:49:50; 804.5922; 0.2818001; 240.8189; Road; 2.128955; Checking Box AICar
3; Pedestrian; None; None; 20.09.2023 13:49:50; 804.5911; 0.2818001; 240.8188; Road; 2.151429; Checking Box AICar
3; Pedestrian; None; None; 20.09.2023 13:49:50; 804.59; 0.2818001; 240.8186; Road; 2.173903; Checking Box AICar
3; Pedestrian; None; None; 20.09.2023 13:49:50; 804.5888; 0.2818001; 240.8185; Road; 2.196763; Checking Box AICar
3; Pedestrian; None; None; 20.09.2023 13:49:50; 804.588; 0.2818001; 240.8184; Road; 2.218668; Checking Box AICar
3; Pedestrian; None; None; 20.09.2023 13:49:50; 804.5874; 0.2818001; 240.8184; Road; 2.229482; Checking Box AICar
3; Pedestrian; None; None; 20.09.2023 13:49:50; 804.5867; 0.2818001; 240.8182; Road; 2.251784; Checking Box AICar
3; Pedestrian; None; None; 20.09.2023 13:49:50; 804.5852; 0.2818001; 240.8181; Road; 2.277835; Checking Box AICar
3; Pedestrian; None; None; 20.09.2023 13:49:50; 804.5842; 0.2818001; 240.8179; Road; 2.296169; Checking Box AICar
3; Pedestrian; None; None; 20.09.2023 13:49:50; 804.583; 0.2818001; 240.8177; Road; 2.318549; Checking Box AICar
3; Pedestrian; None; None; 20.09.2023 13:49:50; 804.5823; 0.2818001; 240.8175; Road; 2.329278; Checking Box AICar
3; Pedestrian; None; None; 20.09.2023 13:49:50; 804.5805; 0.2818001; 240.8172; Road; 2.352322; Checking Box AICar
3; Pedestrian; None; None; 20.09.2023 13:49:50; 804.5793; 0.2818001; 240.817; Road; 2.373735; Checking Box AICar
3; Pedestrian; None; None; 20.09.2023 13:49:50; 804.5778; 0.2818001; 240.8166; Road; 2.396873; Checking Box AICar
3; Pedestrian; None; None; 20.09.2023 13:49:50; 804.576; 0.2818001; 240.8164; Road; 2.41994; Checking Box AICar
3; Pedestrian; None; None; 20.09.2023 13:49:50; 804.5753; 0.2818001; 240.8162; Road; 2.430842; Checking Box AICar
3; Pedestrian; None; None; 20.09.2023 13:49:50; 804.5739; 0.2818001; 240.816; Road; 2.451568; Checking Box AICar
3; Pedestrian; None; None; 20.09.2023 13:49:50; 804.5723; 0.2818001; 240.8158; Road; 2.474068; Checking Box AICar
3; Pedestrian; None; None; 20.09.2023 13:49:50; 804.5709; 0.2818001; 240.8156; Road; 2.496084; Checking Box AICar
3; Pedestrian; None; None; 20.09.2023 13:49:50; 804.5689; 0.2818001; 240.8153; Road; 2.518389; Checking Box AICar
3; Pedestrian; None; None; 20.09.2023 13:49:50; 804.5681; 0.2818001; 240.8151; Road; 2.529529; Checking Box AICar
3; Pedestrian; None; None; 20.09.2023 13:49:50; 804.5662; 0.2818001; 240.8148; Road; 2.551492; Checking Box AICar
3; Pedestrian; None; None; 20.09.2023 13:49:50; 804.5654; 0.2818001; 240.8146; Road; 2.562836; Checking Box AICar
3; Pedestrian; None; None; 20.09.2023 13:49:50; 804.5629; 0.2818001; 240.8141; Road; 2.598114; Checking Box AICar
3; Pedestrian; None; None; 20.09.2023 13:49:50; 804.562; 0.2818001; 240.8138; Road; 2.618112; Checking Box AICar
3; Pedestrian; None; None; 20.09.2023 13:49:50; 804.5607; 0.2818001; 240.8136; Road; 2.629309; Checking Box AICar
3; Pedestrian; None; None; 20.09.2023 13:49:50; 804.559; 0.2818001; 240.8131; Road; 2.652216; Checking Box AICar
3; Pedestrian; None; None; 20.09.2023 13:49:50; 804.5585; 0.2818001; 240.8128; Road; 2.673944; Checking Box AICar
3; Pedestrian; None; None; 20.09.2023 13:49:50; 804.5562; 0.2818001; 240.8126; Road; 2.695971; Checking Box AICar
3; Pedestrian; None; None; 20.09.2023 13:49:50; 804.5544; 0.2818001; 240.8124; Road; 2.719028; Checking Box AICar
3; Pedestrian; None; None; 20.09.2023 13:49:50; 804.5532; 0.2818001; 240.8122; Road; 2.730378; Checking Box AICar
3; Pedestrian; None; None; 20.09.2023 13:49:50; 804.5502; 0.2818001; 240.812; Road; 2.7522; Checking Box AICar
3; Pedestrian; None; None; 20.09.2023 13:49:50; 804.5468; 0.2818001; 240.8121; Road; 2.774153; Checking Box AICar
3; Pedestrian; None; None; 20.09.2023 13:49:50; 804.5428; 0.2818001; 240.8123; Road; 2.796218; Checking Box AICar
3; Pedestrian; None; None; 20.09.2023 13:49:50; 804.538; 0.2818001; 240.8125; Road; 2.818452; Checking Box AICar
3; Pedestrian; None; None; 20.09.2023 13:49:50; 804.5356; 0.2818001; 240.8125; Road; 2.830378; Checking Box AICar
3; Pedestrian; None; None; 20.09.2023 13:49:50; 804.5306; 0.2818001; 240.8129; Road; 2.851568; Checking Box AICar
3; Pedestrian; None; None; 20.09.2023 13:49:50; 804.5279; 0.2818001; 240.813; Road; 2.862856; Checking Box AICar
3; Pedestrian; None; None; 20.09.2023 13:49:50; 804.5219; 0.2818001; 240.8134; Road; 2.888996; Checking Box AICar
3; Pedestrian; None; None; 20.09.2023 13:49:50; 804.5128; 0.2818001; 240.8142; Road; 2.921983; Checking Box AICar
3; Pedestrian; None; None; 20.09.2023 13:49:50; 804.5093; 0.2818001; 240.8144; Road; 2.929888; Checking Box AICar
3; Pedestrian; None; None; 20.09.2023 13:49:50; 804.5025; 0.2818001; 240.8149; Road; 2.951091; Checking Box AICar
3; Pedestrian; None; None; 20.09.2023 13:49:50; 804.4955; 0.2818001; 240.8156; Road; 2.974726; Checking Box AICar
3; Pedestrian; None; None; 20.09.2023 13:49:50; 804.4895; 0.2818001; 240.8162; Road; 2.996394; Checking Box AICar
3; Pedestrian; None; None; 20.09.2023 13:49:50; 804.4827; 0.2818001; 240.8168; Road; 3.018386; Checking Box AICar
3; Pedestrian; None; None; 20.09.2023 13:49:51; 804.4788; 0.2818001; 240.817; Road; 3.029193; Checking Box AICar
3; Pedestrian; None; None; 20.09.2023 13:49:51; 804.4723; 0.2818001; 240.8177; Road; 3.053455; Checking Box AICar
3; Pedestrian; None; None; 20.09.2023 13:49:51; 804.4653; 0.2818001; 240.8184; Road; 3.074055; Checking Box AICar
3; Pedestrian; None; None; 20.09.2023 13:49:51; 804.4582; 0.2818001; 240.8191; Road; 3.09574; Checking Box AICar
3; Pedestrian; None; None; 20.09.2023 13:49:51; 804.4506; 0.2818001; 240.8199; Road; 3.118812; Checking Box AICar
3; Pedestrian; None; None; 20.09.2023 13:49:51; 804.4468; 0.2818001; 240.8202; Road; 3.128667; Checking Box AICar
3; Pedestrian; None; None; 20.09.2023 13:49:51; 804.4384; 0.2818001; 240.821; Road; 3.151623; Checking Box AICar
3; Pedestrian; None; None; 20.09.2023 13:49:51; 804.4302; 0.2818001; 240.8221; Road; 3.173474; Checking Box AICar
3; Pedestrian; None; None; 20.09.2023 13:49:51; 804.4199; 0.2818001; 240.8231; Road; 3.198781; Checking Box AICar
3; Pedestrian; None; None; 20.09.2023 13:49:51; 804.4094; 0.2818001; 240.8243; Road; 3.218594; Checking Box AICar
3; Pedestrian; None; None; 20.09.2023 13:49:51; 804.4036; 0.2818001; 240.8249; Road; 3.228642; Checking Box AICar
3; Pedestrian; None; None; 20.09.2023 13:49:51; 804.392; 0.2818001; 240.8263; Road; 3.250681; Checking Box AICar
3; Pedestrian; None; None; 20.09.2023 13:49:51; 804.3796; 0.2818001; 240.8278; Road; 3.273038; Checking Box AICar
3; Pedestrian; None; None; 20.09.2023 13:49:51; 804.3663; 0.2818001; 240.8294; Road; 3.295504; Checking Box AICar
3; Pedestrian; None; None; 20.09.2023 13:49:51; 804.3526; 0.2818001; 240.8311; Road; 3.317544; Checking Box AICar
3; Pedestrian; None; None; 20.09.2023 13:49:51; 804.3447; 0.2818001; 240.8319; Road; 3.32898; Checking Box AICar
3; Pedestrian; None; None; 20.09.2023 13:49:51; 804.3292; 0.2818001; 240.8337; Road; 3.351859; Checking Box AICar
3; Pedestrian; None; None; 20.09.2023 13:49:51; 804.3126; 0.2818001; 240.8357; Road; 3.373983; Checking Box AICar
3; Pedestrian; None; None; 20.09.2023 13:49:51; 804.2961; 0.2818001; 240.8379; Road; 3.396187; Checking Box AICar
3; Pedestrian; None; None; 20.09.2023 13:49:51; 804.278; 0.2818001; 240.8403; Road; 3.418072; Checking Box AICar
3; Pedestrian; None; None; 20.09.2023 13:49:51; 804.2686; 0.2818001; 240.8415; Road; 3.429206; Checking Box AICar
3; Pedestrian; None; None; 20.09.2023 13:49:51; 804.2508; 0.2818001; 240.8442; Road; 3.451251; Checking Box AICar
3; Pedestrian; None; None; 20.09.2023 13:49:51; 804.2321; 0.2818001; 240.847; Road; 3.473763; Checking Box AICar
3; Pedestrian; None; None; 20.09.2023 13:49:51; 804.2135; 0.2818001; 240.8502; Road; 3.496422; Checking Box AICar
3; Pedestrian; None; None; 20.09.2023 13:49:51; 804.2041; 0.2818001; 240.8518; Road; 3.509853; Checking Box AICar
3; Pedestrian; None; None; 20.09.2023 13:49:51; 804.1853; 0.2818001; 240.8551; Road; 3.534557; Checking Box AICar
3; Pedestrian; None; None; 20.09.2023 13:49:51; 804.1663; 0.2818001; 240.8586; Road; 3.551852; Checking Box AICar
3; Pedestrian; None; None; 20.09.2023 13:49:51; 804.1568; 0.2818001; 240.8604; Road; 3.562819; Checking Box AICar
3; Pedestrian; None; None; 20.09.2023 13:49:51; 804.138; 0.2818001; 240.8639; Road; 3.594524; Checking Box AICar
3; Pedestrian; None; None; 20.09.2023 13:49:51; 804.1099; 0.2818001; 240.8691; Road; 3.623248; Checking Box AICar
3; Pedestrian; None; None; 20.09.2023 13:49:51; 804.1002; 0.2818001; 240.8709; Road; 3.631072; Checking Box AICar
3; Pedestrian; None; None; 20.09.2023 13:49:51; 804.0814; 0.2818001; 240.8742; Road; 3.651219; Checking Box AICar
3; Pedestrian; None; None; 20.09.2023 13:49:51; 804.0625; 0.2818001; 240.8775; Road; 3.677266; Checking Box AICar
3; Pedestrian; None; None; 20.09.2023 13:49:51; 804.0437; 0.2818001; 240.8807; Road; 3.695235; Checking Box AICar
3; Pedestrian; None; None; 20.09.2023 13:49:51; 804.0249; 0.2818001; 240.884; Road; 3.717886; Checking Box AICar
3; Pedestrian; None; None; 20.09.2023 13:49:51; 804.0155; 0.2818001; 240.8855; Road; 3.728496; Checking Box AICar
3; Pedestrian; None; None; 20.09.2023 13:49:51; 803.9968; 0.2818001; 240.8888; Road; 3.750911; Checking Box AICar
3; Pedestrian; None; None; 20.09.2023 13:49:51; 803.9773; 0.2818001; 240.892; Road; 3.772917; Checking Box AICar
3; Pedestrian; None; None; 20.09.2023 13:49:51; 803.9586; 0.2818001; 240.8953; Road; 3.795524; Checking Box AICar
3; Pedestrian; None; None; 20.09.2023 13:49:51; 803.9406; 0.2818001; 240.8988; Road; 3.81898; Checking Box AICar
3; Pedestrian; None; None; 20.09.2023 13:49:51; 803.9316; 0.2818001; 240.9005; Road; 3.830844; Checking Box AICar
3; Pedestrian; None; None; 20.09.2023 13:49:51; 803.9139; 0.2818001; 240.9041; Road; 3.850644; Checking Box AICar
3; Pedestrian; None; None; 20.09.2023 13:49:51; 803.8968; 0.2818001; 240.9077; Road; 3.873283; Checking Box AICar
3; Pedestrian; None; None; 20.09.2023 13:49:51; 803.8802; 0.2818001; 240.9112; Road; 3.895754; Checking Box AICar
3; Pedestrian; None; None; 20.09.2023 13:49:51; 803.8633; 0.2818001; 240.9149; Road; 3.917486; Checking Box AICar
3; Pedestrian; None; None; 20.09.2023 13:49:51; 803.8552; 0.2818001; 240.9168; Road; 3.928551; Checking Box AICar
3; Pedestrian; None; None; 20.09.2023 13:49:51; 803.8384; 0.2818001; 240.9208; Road; 3.950547; Checking Box AICar
3; Pedestrian; None; None; 20.09.2023 13:49:51; 803.8214; 0.2818001; 240.9251; Road; 3.974934; Checking Box AICar
3; Pedestrian; None; None; 20.09.2023 13:49:51; 803.8035; 0.2818001; 240.93; Road; 3.998416; Checking Box AICar
3; Pedestrian; None; None; 20.09.2023 13:49:51; 803.7845; 0.2818001; 240.9354; Road; 4.018181; Checking Box AICar
3; Pedestrian; None; None; 20.09.2023 13:49:52; 803.7747; 0.2818001; 240.9383; Road; 4.02844; Checking Box AICar
3; Pedestrian; None; None; 20.09.2023 13:49:52; 803.7545; 0.2818001; 240.9446; Road; 4.050709; null
3; Pedestrian; None; None; 20.09.2023 13:49:52; 803.7336; 0.2818001; 240.9517; Road; 4.072796; null
3; Pedestrian; None; None; 20.09.2023 13:49:52; 803.7125; 0.2818001; 240.9593; Road; 4.095364; null
3; Pedestrian; None; None; 20.09.2023 13:49:52; 803.6925; 0.2818001; 240.968; Road; 4.118192; null
3; Pedestrian; None; None; 20.09.2023 13:49:52; 803.6826; 0.2818001; 240.9725; Road; 4.130061; null
3; Pedestrian; None; None; 20.09.2023 13:49:52; 803.6627; 0.2818001; 240.9817; Road; 4.151025; null
3; Pedestrian; None; None; 20.09.2023 13:49:52; 803.6442; 0.2818001; 240.9912; Road; 4.172873; null
3; Pedestrian; None; None; 20.09.2023 13:49:52; 803.6277; 0.2818001; 241.0013; Road; 4.196127; null
3; Pedestrian; None; None; 20.09.2023 13:49:52; 803.6114; 0.2818001; 241.0113; Road; 4.217591; null
3; Pedestrian; None; None; 20.09.2023 13:49:52; 803.6045; 0.2818001; 241.0163; Road; 4.228689; null
3; Pedestrian; None; None; 20.09.2023 13:49:52; 803.5912; 0.2818001; 241.026; Road; 4.250423; null
3; Pedestrian; None; None; 20.09.2023 13:49:52; 803.5808; 0.2818001; 241.0356; Road; 4.273019; null
3; Pedestrian; None; None; 20.09.2023 13:49:52; 803.5726; 0.2818001; 241.0451; Road; 4.295584; null
3; Pedestrian; None; None; 20.09.2023 13:49:52; 803.5664; 0.2818001; 241.0545; Road; 4.317201; null
3; Pedestrian; None; None; 20.09.2023 13:49:52; 803.5636; 0.2818001; 241.0591; Road; 4.327982; null
3; Pedestrian; None; None; 20.09.2023 13:49:52; 803.5576; 0.2818001; 241.068; Road; 4.350092; null
3; Pedestrian; None; None; 20.09.2023 13:49:52; 803.5521; 0.2818001; 241.0765; Road; 4.373173; null
3; Pedestrian; None; None; 20.09.2023 13:49:52; 803.5469; 0.2818001; 241.0843; Road; 4.395856; null
3; Pedestrian; None; None; 20.09.2023 13:49:52; 803.5429; 0.2818001; 241.0917; Road; 4.41823; null
3; Pedestrian; None; None; 20.09.2023 13:49:52; 803.5404; 0.2818001; 241.095; Road; 4.42905; null
3; Pedestrian; None; None; 20.09.2023 13:49:52; 803.5347; 0.2818001; 241.1011; Road; 4.451249; null
3; Pedestrian; None; None; 20.09.2023 13:49:52; 803.5282; 0.2818001; 241.1059; Road; 4.473632; null
3; Pedestrian; None; None; 20.09.2023 13:49:52; 803.5202; 0.2818001; 241.1098; Road; 4.496035; null
3; Pedestrian; None; None; 20.09.2023 13:49:52; 803.5094; 0.2818001; 241.1127; Road; 4.518637; null
3; Pedestrian; None; None; 20.09.2023 13:49:52; 803.5037; 0.2818001; 241.1141; Road; 4.529752; null
3; Pedestrian; None; None; 20.09.2023 13:49:52; 803.4888; 0.2818001; 241.1161; Road; 4.552514; null
3; Pedestrian; None; None; 20.09.2023 13:49:52; 803.4721; 0.2818001; 241.1175; Road; 4.575861; null
3; Pedestrian; None; None; 20.09.2023 13:49:52; 803.4535; 0.2818001; 241.1182; Road; 4.598241; null
3; Pedestrian; None; None; 20.09.2023 13:49:52; 803.4324; 0.2818001; 241.1182; Road; 4.620011; null
3; Pedestrian; None; None; 20.09.2023 13:49:52; 803.4199; 0.2818001; 241.1178; Road; 4.631189; null
3; Pedestrian; None; None; 20.09.2023 13:49:52; 803.3961; 0.2818001; 241.1172; Road; 4.652902; null
3; Pedestrian; None; None; 20.09.2023 13:49:52; 803.3707; 0.2818001; 241.1161; Road; 4.675687; null
3; Pedestrian; None; None; 20.09.2023 13:49:52; 803.3434; 0.2818001; 241.1143; Road; 4.698011; null
3; Pedestrian; None; None; 20.09.2023 13:49:52; 803.3159; 0.2818001; 241.1124; Road; 4.720026; null
3; Pedestrian; None; None; 20.09.2023 13:49:52; 803.3015; 0.2818001; 241.1112; Road; 4.730784; null
3; Pedestrian; None; None; 20.09.2023 13:49:52; 803.2719; 0.2818001; 241.1086; Road; 4.753916; null
3; Pedestrian; None; None; 20.09.2023 13:49:52; 803.2422; 0.2818001; 241.106; Road; 4.776381; null
3; Pedestrian; None; None; 20.09.2023 13:49:52; 803.2114; 0.2818001; 241.1033; Road; 4.797607; null
3; Pedestrian; None; None; 20.09.2023 13:49:52; 803.1778; 0.2818001; 241.1004; Road; 4.81953; null
3; Pedestrian; None; None; 20.09.2023 13:49:52; 803.1603; 0.2818001; 241.0988; Road; 4.830957; null
3; Pedestrian; None; None; 20.09.2023 13:49:52; 803.1256; 0.2818001; 241.0956; Road; 4.853103; null
3; Pedestrian; None; None; 20.09.2023 13:49:52; 803.0898; 0.2818001; 241.0923; Road; 4.875654; null
3; Pedestrian; None; None; 20.09.2023 13:49:52; 803.0539; 0.2818001; 241.0891; Road; 4.898084; null
3; Pedestrian; None; None; 20.09.2023 13:49:52; 803.0175; 0.2818001; 241.0858; Road; 4.923327; null
3; Pedestrian; None; None; 20.09.2023 13:49:52; 802.9994; 0.2818001; 241.0842; Road; 4.931508; null
3; Pedestrian; None; None; 20.09.2023 13:49:52; 802.9623; 0.2818001; 241.0807; Road; 4.950464; null
3; Pedestrian; None; None; 20.09.2023 13:49:52; 802.9257; 0.2818001; 241.0773; Road; 4.972577; null
3; Pedestrian; None; None; 20.09.2023 13:49:52; 802.8892; 0.2818001; 241.0738; Road; 4.995427; null
3; Pedestrian; None; None; 20.09.2023 13:49:52; 802.8535; 0.2818001; 241.0702; Road; 5.017813; null
3; Pedestrian; None; None; 20.09.2023 13:49:53; 802.8355; 0.2818001; 241.0684; Road; 5.028234; null
3; Pedestrian; None; None; 20.09.2023 13:49:53; 802.7988; 0.2818001; 241.0646; Road; 5.050761; null
3; Pedestrian; None; None; 20.09.2023 13:49:53; 802.7615; 0.2818001; 241.0604; Road; 5.075904; null
3; Pedestrian; None; None; 20.09.2023 13:49:53; 802.7244; 0.2818001; 241.0559; Road; 5.094845; null
3; Pedestrian; None; None; 20.09.2023 13:49:53; 802.6872; 0.2818001; 241.0509; Road; 5.117027; null
3; Pedestrian; None; None; 20.09.2023 13:49:53; 802.6689; 0.2818001; 241.0482; Road; 5.12847; null
3; Pedestrian; None; None; 20.09.2023 13:49:53; 802.633; 0.2818001; 241.0426; Road; 5.150397; null
3; Pedestrian; None; None; 20.09.2023 13:49:53; 802.5993; 0.2818001; 241.037; Road; 5.17273; null
3; Pedestrian; None; None; 20.09.2023 13:49:53; 802.5671; 0.2818001; 241.0317; Road; 5.194973; null
3; Pedestrian; None; None; 20.09.2023 13:49:53; 802.5371; 0.2818001; 241.0266; Road; 5.217782; null
3; Pedestrian; None; None; 20.09.2023 13:49:53; 802.5231; 0.2818001; 241.0242; Road; 5.229053; null
3; Pedestrian; None; None; 20.09.2023 13:49:53; 802.4957; 0.2818001; 241.0201; Road; 5.250791; null
3; Pedestrian; None; None; 20.09.2023 13:49:53; 802.4686; 0.2818001; 241.0165; Road; 5.273098; null
3; Pedestrian; None; None; 20.09.2023 13:49:53; 802.4413; 0.2818001; 241.0139; Road; 5.295415; null
3; Pedestrian; None; None; 20.09.2023 13:49:53; 802.4142; 0.2818001; 241.0119; Road; 5.317751; null
3; Pedestrian; None; None; 20.09.2023 13:49:53; 802.4; 0.2818001; 241.011; Road; 5.328768; null
3; Pedestrian; None; None; 20.09.2023 13:49:53; 802.3719; 0.2818001; 241.01; Road; 5.351374; null
3; Pedestrian; None; None; 20.09.2023 13:49:53; 802.3441; 0.2818001; 241.0094; Road; 5.373806; null
3; Pedestrian; None; None; 20.09.2023 13:49:53; 802.3155; 0.2818001; 241.0096; Road; 5.39642; null
3; Pedestrian; None; None; 20.09.2023 13:49:53; 802.2861; 0.2818001; 241.01; Road; 5.417997; null
3; Pedestrian; None; None; 20.09.2023 13:49:53; 802.2712; 0.2818001; 241.0104; Road; 5.428579; null
3; Pedestrian; None; None; 20.09.2023 13:49:53; 802.2401; 0.2818001; 241.0117; Road; 5.451032; null
3; Pedestrian; None; None; 20.09.2023 13:49:53; 802.209; 0.2818001; 241.0132; Road; 5.473141; null
3; Pedestrian; None; None; 20.09.2023 13:49:53; 802.1763; 0.2818001; 241.0151; Road; 5.49616; null
3; Pedestrian; None; None; 20.09.2023 13:49:53; 802.1431; 0.2818001; 241.0172; Road; 5.518205; null
3; Pedestrian; None; None; 20.09.2023 13:49:53; 802.1259; 0.2818001; 241.0183; Road; 5.529221; null
3; Pedestrian; None; None; 20.09.2023 13:49:53; 802.0907; 0.2818001; 241.0207; Road; 5.551356; null
3; Pedestrian; None; None; 20.09.2023 13:49:53; 802.0556; 0.2818001; 241.0234; Road; 5.574047; null
3; Pedestrian; None; None; 20.09.2023 13:49:53; 802.0193; 0.2818001; 241.0263; Road; 5.595997; null
3; Pedestrian; None; None; 20.09.2023 13:49:53; 801.9828; 0.2818001; 241.0294; Road; 5.61766; null
3; Pedestrian; None; None; 20.09.2023 13:49:53; 801.9651; 0.2818001; 241.0311; Road; 5.628752; null
3; Pedestrian; None; None; 20.09.2023 13:49:53; 801.9271; 0.2818001; 241.0345; Road; 5.65088; null
3; Pedestrian; None; None; 20.09.2023 13:49:53; 801.8881; 0.2818001; 241.0381; Road; 5.673373; null
3; Pedestrian; None; None; 20.09.2023 13:49:53; 801.8486; 0.2818001; 241.042; Road; 5.698373; null
3; Pedestrian; None; None; 20.09.2023 13:49:53; 801.8096; 0.2818001; 241.0459; Road; 5.718108; null
3; Pedestrian; None; None; 20.09.2023 13:49:53; 801.7899; 0.2818001; 241.0479; Road; 5.729782; null
3; Pedestrian; None; None; 20.09.2023 13:49:53; 801.7503; 0.2818001; 241.0517; Road; 5.751234; null
3; Pedestrian; None; None; 20.09.2023 13:49:53; 801.7109; 0.2818001; 241.0553; Road; 5.77401; null
3; Pedestrian; None; None; 20.09.2023 13:49:53; 801.672; 0.2818001; 241.0586; Road; 5.795972; null
3; Pedestrian; None; None; 20.09.2023 13:49:53; 801.6331; 0.2818001; 241.0612; Road; 5.818289; null
3; Pedestrian; None; None; 20.09.2023 13:49:53; 801.6142; 0.2818001; 241.0624; Road; 5.82931; null
3; Pedestrian; None; None; 20.09.2023 13:49:53; 801.5773; 0.2818001; 241.0643; Road; 5.853551; null
3; Pedestrian; None; None; 20.09.2023 13:49:53; 801.5408; 0.2818001; 241.0657; Road; 5.874174; null
3; Pedestrian; None; None; 20.09.2023 13:49:53; 801.5038; 0.2818001; 241.0667; Road; 5.895844; null
3; Pedestrian; None; None; 20.09.2023 13:49:53; 801.465; 0.2818001; 241.0671; Road; 5.917982; null
3; Pedestrian; None; None; 20.09.2023 13:49:53; 801.446; 0.2818001; 241.0672; Road; 5.928986; null
3; Pedestrian; None; None; 20.09.2023 13:49:53; 801.4086; 0.2818001; 241.0672; Road; 5.951905; null
3; Pedestrian; None; None; 20.09.2023 13:49:53; 801.3711; 0.2818001; 241.0666; Road; 5.973472; null
3; Pedestrian; None; None; 20.09.2023 13:49:53; 801.3531; 0.2818001; 241.0663; Road; 5.985042; null
3; Pedestrian; None; None; 20.09.2023 13:49:53; 801.2966; 0.2818001; 241.0651; Road; 6.020693; null
3; Pedestrian; None; None; 20.09.2023 13:49:54; 801.2776; 0.2818001; 241.0645; Road; 6.027752; null
3; Pedestrian; None; None; 20.09.2023 13:49:54; 801.2396; 0.2818001; 241.063; Road; 6.049988; null
3; Pedestrian; None; None; 20.09.2023 13:49:54; 801.201; 0.2818001; 241.0613; Road; 6.071476; null
3; Pedestrian; None; None; 20.09.2023 13:49:54; 801.1606; 0.2818001; 241.0592; Road; 6.093843; null
3; Pedestrian; None; None; 20.09.2023 13:49:54; 801.1221; 0.2818001; 241.0575; Road; 6.116402; null
3; Pedestrian; None; None; 20.09.2023 13:49:54; 801.1023; 0.2818001; 241.0566; Road; 6.127142; null
3; Pedestrian; None; None; 20.09.2023 13:49:54; 801.0629; 0.2818001; 241.0547; Road; 6.150102; null
3; Pedestrian; None; None; 20.09.2023 13:49:54; 801.0237; 0.2818001; 241.0528; Road; 6.171313; null
3; Pedestrian; None; None; 20.09.2023 13:49:54; 800.9837; 0.2818001; 241.0506; Road; 6.194045; null
3; Pedestrian; None; None; 20.09.2023 13:49:54; 800.9437; 0.2818001; 241.0484; Road; 6.216221; null
3; Pedestrian; None; None; 20.09.2023 13:49:54; 800.9234; 0.2818001; 241.0472; Road; 6.22702; null
3; Pedestrian; None; None; 20.09.2023 13:49:54; 800.8814; 0.2818001; 241.0446; Road; 6.249251; null
3; Pedestrian; None; None; 20.09.2023 13:49:54; 800.8404; 0.2818001; 241.0419; Road; 6.271524; null
3; Pedestrian; None; None; 20.09.2023 13:49:54; 800.7986; 0.2818001; 241.0389; Road; 6.294062; null
3; Pedestrian; None; None; 20.09.2023 13:49:54; 800.7571; 0.2818001; 241.0356; Road; 6.317146; null
3; Pedestrian; None; None; 20.09.2023 13:49:54; 800.7361; 0.2818001; 241.0338; Road; 6.327678; null
3; Pedestrian; None; None; 20.09.2023 13:49:54; 800.694; 0.2818001; 241.03; Road; 6.349149; null
3; Pedestrian; None; None; 20.09.2023 13:49:54; 800.6522; 0.2818001; 241.0258; Road; 6.371362; null
3; Pedestrian; None; None; 20.09.2023 13:49:54; 800.614; 0.2818001; 241.0217; Road; 6.393939; null
3; Pedestrian; None; None; 20.09.2023 13:49:54; 800.5746; 0.2818001; 241.0174; Road; 6.417634; null
3; Pedestrian; None; None; 20.09.2023 13:49:54; 800.5547; 0.2818001; 241.0154; Road; 6.4288; null
3; Pedestrian; None; None; 20.09.2023 13:49:54; 800.5146; 0.2818001; 241.0112; Road; 6.450952; null
3; Pedestrian; None; None; 20.09.2023 13:49:54; 800.4754; 0.2818001; 241.0072; Road; 6.474073; null
3; Pedestrian; None; None; 20.09.2023 13:49:54; 800.4373; 0.2818001; 241.0035; Road; 6.496448; null
3; Pedestrian; None; None; 20.09.2023 13:49:54; 800.4; 0.2818001; 241.0003; Road; 6.518526; null
3; Pedestrian; None; None; 20.09.2023 13:49:54; 800.3816; 0.2818001; 240.9987; Road; 6.530876; null
3; Pedestrian; None; None; 20.09.2023 13:49:54; 800.3455; 0.2818001; 240.996; Road; 6.552041; null
3; Pedestrian; None; None; 20.09.2023 13:49:54; 800.3099; 0.2818001; 240.9935; Road; 6.575048; null
3; Pedestrian; None; None; 20.09.2023 13:49:54; 800.2747; 0.2818001; 240.9914; Road; 6.597024; null
3; Pedestrian; None; None; 20.09.2023 13:49:54; 800.2574; 0.2818001; 240.9905; Road; 6.607789; null
3; Pedestrian; None; None; 20.09.2023 13:49:54; 800.2233; 0.2818001; 240.9889; Road; 6.633683; null
3; Pedestrian; None; None; 20.09.2023 13:49:54; 800.1901; 0.2818001; 240.9875; Road; 6.649637; null
3; Pedestrian; None; None; 20.09.2023 13:49:54; 800.1572; 0.2818001; 240.9864; Road; 6.671404; null
3; Pedestrian; None; None; 20.09.2023 13:49:54; 800.1229; 0.2818001; 240.9854; Road; 6.693699; null
3; Pedestrian; None; None; 20.09.2023 13:49:54; 800.0888; 0.2818001; 240.9846; Road; 6.715982; null
3; Pedestrian; None; None; 20.09.2023 13:49:54; 800.0718; 0.2818001; 240.9844; Road; 6.726869; null
3; Pedestrian; None; None; 20.09.2023 13:49:54; 800.0385; 0.2818001; 240.9843; Road; 6.748938; null
3; Pedestrian; None; None; 20.09.2023 13:49:54; 800.002; 0.2818001; 240.984; Road; 6.771072; null
3; Pedestrian; None; None; 20.09.2023 13:49:54; 799.9673; 0.2818001; 240.9843; Road; 6.793978; null
3; Pedestrian; None; None; 20.09.2023 13:49:54; 799.9322; 0.2818001; 240.985; Road; 6.816052; null
3; Pedestrian; None; None; 20.09.2023 13:49:54; 799.9147; 0.2818001; 240.9855; Road; 6.827151; null
3; Pedestrian; None; None; 20.09.2023 13:49:54; 799.88; 0.2818001; 240.9868; Road; 6.84895; null
3; Pedestrian; None; None; 20.09.2023 13:49:54; 799.8437; 0.2818001; 240.9883; Road; 6.871638; null
3; Pedestrian; None; None; 20.09.2023 13:49:54; 799.8085; 0.2818001; 240.9901; Road; 6.893771; null
3; Pedestrian; None; None; 20.09.2023 13:49:54; 799.771; 0.2818001; 240.9921; Road; 6.916036; null
3; Pedestrian; None; None; 20.09.2023 13:49:54; 799.7509; 0.2818001; 240.9929; Road; 6.927066; null
3; Pedestrian; None; None; 20.09.2023 13:49:54; 799.7129; 0.2818001; 240.9952; Road; 6.948802; null
3; Pedestrian; None; None; 20.09.2023 13:49:54; 799.6758; 0.2818001; 240.998; Road; 6.970908; null
3; Pedestrian; None; None; 20.09.2023 13:49:54; 799.6381; 0.2818001; 241.0009; Road; 6.993966; null
3; Pedestrian; None; None; 20.09.2023 13:49:54; 799.6003; 0.2818001; 241.0044; Road; 7.017137; null
3; Pedestrian; None; None; 20.09.2023 13:49:55; 799.5812; 0.2818001; 241.0062; Road; 7.02868; null
3; Pedestrian; None; None; 20.09.2023 13:49:55; 799.5428; 0.2818001; 241.0101; Road; 7.050202; null
3; Pedestrian; None; None; 20.09.2023 13:49:55; 799.5057; 0.2818001; 241.0145; Road; 7.073473; null
3; Pedestrian; None; None; 20.09.2023 13:49:55; 799.4687; 0.2818001; 241.0191; Road; 7.096914; null
3; Pedestrian; None; None; 20.09.2023 13:49:55; 799.4305; 0.2818001; 241.0239; Road; 7.118483; null
3; Pedestrian; None; None; 20.09.2023 13:49:55; 799.4109; 0.2818001; 241.0263; Road; 7.129516; null
3; Pedestrian; None; None; 20.09.2023 13:49:55; 799.373; 0.2818001; 241.0314; Road; 7.152078; null
3; Pedestrian; None; None; 20.09.2023 13:49:55; 799.3356; 0.2818001; 241.0364; Road; 7.174209; null
3; Pedestrian; None; None; 20.09.2023 13:49:55; 799.2981; 0.2818001; 241.0414; Road; 7.196813; null
3; Pedestrian; None; None; 20.09.2023 13:49:55; 799.2595; 0.2818001; 241.0459; Road; 7.218756; null
3; Pedestrian; None; None; 20.09.2023 13:49:55; 799.24; 0.2818001; 241.048; Road; 7.229792; null
3; Pedestrian; None; None; 20.09.2023 13:49:55; 799.2021; 0.2818001; 241.0522; Road; 7.252473; null
3; Pedestrian; None; None; 20.09.2023 13:49:55; 799.1642; 0.2818001; 241.0558; Road; 7.274361; null
3; Pedestrian; None; None; 20.09.2023 13:49:55; 799.1274; 0.2818001; 241.0594; Road; 7.296697; null
3; Pedestrian; None; None; 20.09.2023 13:49:55; 799.0891; 0.2818001; 241.0625; Road; 7.318768; null
3; Pedestrian; None; None; 20.09.2023 13:49:55; 799.0695; 0.2818001; 241.0638; Road; 7.329427; null
3; Pedestrian; None; None; 20.09.2023 13:49:55; 799.0313; 0.2818001; 241.0666; Road; 7.352015; null
3; Pedestrian; None; None; 20.09.2023 13:49:55; 798.9924; 0.2818001; 241.0687; Road; 7.37583; null
3; Pedestrian; None; None; 20.09.2023 13:49:55; 798.9544; 0.2818001; 241.0705; Road; 7.397039; null
3; Pedestrian; None; None; 20.09.2023 13:49:55; 798.9165; 0.2818001; 241.0718; Road; 7.418178; null
3; Pedestrian; None; None; 20.09.2023 13:49:55; 798.8974; 0.2818001; 241.0722; Road; 7.429234; null
3; Pedestrian; None; None; 20.09.2023 13:49:55; 798.8602; 0.2818001; 241.0728; Road; 7.451285; null
3; Pedestrian; None; None; 20.09.2023 13:49:55; 798.8235; 0.2818001; 241.073; Road; 7.473708; null
3; Pedestrian; None; None; 20.09.2023 13:49:55; 798.7861; 0.2818001; 241.0726; Road; 7.496082; null
3; Pedestrian; None; None; 20.09.2023 13:49:55; 798.749; 0.2818001; 241.0721; Road; 7.518482; null
3; Pedestrian; None; None; 20.09.2023 13:49:55; 798.7306; 0.2818001; 241.0717; Road; 7.529403; null
3; Pedestrian; None; None; 20.09.2023 13:49:55; 798.7117; 0.2818001; 241.0712; Road; 7.541187; null
3; Pedestrian; None; None; 20.09.2023 13:49:55; 798.6554; 0.2818001; 241.0693; Road; 7.57796; null
3; Pedestrian; None; None; 20.09.2023 13:49:55; 798.6172; 0.2818001; 241.0676; Road; 7.59551; null
3; Pedestrian; None; None; 20.09.2023 13:49:55; 798.578; 0.2818001; 241.0656; Road; 7.615203; null
3; Pedestrian; None; None; 20.09.2023 13:49:55; 798.5587; 0.2818001; 241.0646; Road; 7.626152; null
3; Pedestrian; None; None; 20.09.2023 13:49:55; 798.5192; 0.2818001; 241.0621; Road; 7.648553; null
3; Pedestrian; None; None; 20.09.2023 13:49:55; 798.4803; 0.2818001; 241.0596; Road; 7.670846; null
3; Pedestrian; None; None; 20.09.2023 13:49:55; 798.4417; 0.2818001; 241.0568; Road; 7.693732; null
3; Pedestrian; None; None; 20.09.2023 13:49:55; 798.4028; 0.2818001; 241.0537; Road; 7.718075; null
3; Pedestrian; None; None; 20.09.2023 13:49:55; 798.3836; 0.2818001; 241.052; Road; 7.726189; null
3; Pedestrian; None; None; 20.09.2023 13:49:55; 798.3446; 0.2818001; 241.0484; Road; 7.748757; null
3; Pedestrian; None; None; 20.09.2023 13:49:55; 798.3062; 0.2818001; 241.0446; Road; 7.771054; null
3; Pedestrian; None; None; 20.09.2023 13:49:55; 798.2675; 0.2818001; 241.0405; Road; 7.792822; null
3; Pedestrian; None; None; 20.09.2023 13:49:55; 798.2299; 0.2818001; 241.0363; Road; 7.81568; null
3; Pedestrian; None; None; 20.09.2023 13:49:55; 798.2105; 0.2818001; 241.034; Road; 7.826377; null
3; Pedestrian; None; None; 20.09.2023 13:49:55; 798.1718; 0.2818001; 241.0294; Road; 7.848792; null
3; Pedestrian; None; None; 20.09.2023 13:49:55; 798.1333; 0.2818001; 241.0248; Road; 7.871799; null
3; Pedestrian; None; None; 20.09.2023 13:49:55; 798.0957; 0.2818001; 241.0202; Road; 7.892908; null
3; Pedestrian; None; None; 20.09.2023 13:49:55; 798.0594; 0.2818001; 241.0159; Road; 7.9154; null
3; Pedestrian; None; None; 20.09.2023 13:49:55; 798.0414; 0.2818001; 241.0137; Road; 7.926063; null
3; Pedestrian; None; None; 20.09.2023 13:49:55; 798.0061; 0.2818001; 241.0097; Road; 7.948566; null
3; Pedestrian; None; None; 20.09.2023 13:49:55; 797.9719; 0.2818001; 241.0058; Road; 7.970373; null
3; Pedestrian; None; None; 20.09.2023 13:49:55; 797.9377; 0.2818001; 241.002; Road; 7.993192; null
3; Pedestrian; None; None; 20.09.2023 13:49:55; 797.9059; 0.2818001; 240.9987; Road; 8.016537; null
3; Pedestrian; None; None; 20.09.2023 13:49:56; 797.8904; 0.2818001; 240.9972; Road; 8.028075; null
3; Pedestrian; None; None; 20.09.2023 13:49:56; 797.8594; 0.2818001; 240.9943; Road; 8.05023; null
3; Pedestrian; None; None; 20.09.2023 13:49:56; 797.8296; 0.2818001; 240.9918; Road; 8.071957; null
3; Pedestrian; None; None; 20.09.2023 13:49:56; 797.8004; 0.2818001; 240.9894; Road; 8.094738; null
3; Pedestrian; None; None; 20.09.2023 13:49:56; 797.7722; 0.2818001; 240.9874; Road; 8.117291; null
3; Pedestrian; None; None; 20.09.2023 13:49:56; 797.7585; 0.2818001; 240.9866; Road; 8.128554; null
3; Pedestrian; None; None; 20.09.2023 13:49:56; 797.7313; 0.2818001; 240.985; Road; 8.151165; null
3; Pedestrian; None; None; 20.09.2023 13:49:56; 797.7047; 0.2818001; 240.9839; Road; 8.176036; null
3; Pedestrian; None; None; 20.09.2023 13:49:56; 797.6787; 0.2818001; 240.9828; Road; 8.196355; null
3; Pedestrian; None; None; 20.09.2023 13:49:56; 797.6537; 0.2818001; 240.9823; Road; 8.216961; null
3; Pedestrian; None; None; 20.09.2023 13:49:56; 797.6411; 0.2818001; 240.9821; Road; 8.228086; null
3; Pedestrian; None; None; 20.09.2023 13:49:56; 797.6157; 0.2818001; 240.9817; Road; 8.249869; null
3; Pedestrian; None; None; 20.09.2023 13:49:56; 797.5908; 0.2818001; 240.9817; Road; 8.27221; null
3; Pedestrian; None; None; 20.09.2023 13:49:56; 797.5651; 0.2818001; 240.9818; Road; 8.294761; null
3; Pedestrian; None; None; 20.09.2023 13:49:56; 797.5394; 0.2818001; 240.9821; Road; 8.317071; null
3; Pedestrian; None; None; 20.09.2023 13:49:56; 797.5267; 0.2818001; 240.9823; Road; 8.327967; null
3; Pedestrian; None; None; 20.09.2023 13:49:56; 797.5005; 0.2818001; 240.9829; Road; 8.350179; null
3; Pedestrian; None; None; 20.09.2023 13:49:56; 797.4738; 0.2818001; 240.9835; Road; 8.372011; null
3; Pedestrian; None; None; 20.09.2023 13:49:56; 797.4468; 0.2818001; 240.9844; Road; 8.394629; null
3; Pedestrian; None; None; 20.09.2023 13:49:56; 797.4188; 0.2818001; 240.9853; Road; 8.417006; null
3; Pedestrian; None; None; 20.09.2023 13:49:56; 797.4048; 0.2818001; 240.986; Road; 8.428396; null
3; Pedestrian; None; None; 20.09.2023 13:49:56; 797.3762; 0.2818001; 240.9874; Road; 8.450006; null
3; Pedestrian; None; None; 20.09.2023 13:49:56; 797.3473; 0.2818001; 240.989; Road; 8.472231; null
3; Pedestrian; None; None; 20.09.2023 13:49:56; 797.3167; 0.2818001; 240.9906; Road; 8.49616; null
3; Pedestrian; None; None; 20.09.2023 13:49:56; 797.2863; 0.2818001; 240.9925; Road; 8.516866; null
3; Pedestrian; None; None; 20.09.2023 13:49:56; 797.2708; 0.2818001; 240.9936; Road; 8.529012; null
3; Pedestrian; None; None; 20.09.2023 13:49:56; 797.2395; 0.2818001; 240.9958; Road; 8.550339; null
3; Pedestrian; None; None; 20.09.2023 13:49:56; 797.2059; 0.2818001; 240.9981; Road; 8.573039; null
3; Pedestrian; None; None; 20.09.2023 13:49:56; 797.1729; 0.2818001; 241.0007; Road; 8.596303; null
3; Pedestrian; None; None; 20.09.2023 13:49:56; 797.1388; 0.2818001; 241.0034; Road; 8.617996; null
3; Pedestrian; None; None; 20.09.2023 13:49:56; 797.1216; 0.2818001; 241.0049; Road; 8.629386; null
3; Pedestrian; None; None; 20.09.2023 13:49:56; 797.0874; 0.2818001; 241.0081; Road; 8.651616; null
3; Pedestrian; None; None; 20.09.2023 13:49:56; 797.0522; 0.2818001; 241.0112; Road; 8.673707; null
3; Pedestrian; None; None; 20.09.2023 13:49:56; 797.0158; 0.2818001; 241.0146; Road; 8.696851; null
3; Pedestrian; None; None; 20.09.2023 13:49:56; 796.9799; 0.2818001; 241.0182; Road; 8.717494; null
3; Pedestrian; None; None; 20.09.2023 13:49:56; 796.9615; 0.2818001; 241.02; Road; 8.728774; null
3; Pedestrian; None; None; 20.09.2023 13:49:56; 796.9255; 0.2818001; 241.0235; Road; 8.750821; null
3; Pedestrian; None; None; 20.09.2023 13:49:56; 796.8893; 0.2818001; 241.0271;  After Road; 0; null
3; Pedestrian; None; None; 20.09.2023 13:49:56; 796.8539; 0.2818001; 241.0305;  After Road; 0.0233812; null
3; Pedestrian; None; None; 20.09.2023 13:49:56; 796.8194; 0.2818001; 241.0339;  After Road; 0.0446146; null
3; Pedestrian; None; None; 20.09.2023 13:49:56; 796.8029; 0.2818001; 241.0356;  After Road; 0.0565278; null
3; Pedestrian; None; None; 20.09.2023 13:49:56; 796.771; 0.2818001; 241.0388;  After Road; 0.07742919; null
3; Pedestrian; None; None; 20.09.2023 13:49:56; 796.7398; 0.2818001; 241.0418;  After Road; 0.1003962; null
3; Pedestrian; None; None; 20.09.2023 13:49:56; 796.7103; 0.2818001; 241.0448;  After Road; 0.122576; null
