user_id; scenario; distraction; ehmi; timestamp; userPositionX; userPositionY; userPositionZ; playerPositon; time; focused object
13; Driver; None; None; 10.10.2023 16:35:49; 850; 0.0960815; 203; HI; null
13; Driver; None; None; 10.10.2023 16:35:50; 850; 0.09269609; 203; Before; 0.02; null
13; Driver; None; None; 10.10.2023 16:35:51; 850; 0.07529796; 203; Before; 0.02; null
13; Driver; None; None; 10.10.2023 16:35:51; 850; 0.05768705; 203; Before; 0.02; null
13; Driver; None; None; 10.10.2023 16:35:51; 850; 0.03527888; 203; Before; 0.02; null
13; Driver; None; None; 10.10.2023 16:35:51; 850; 0.02227915; 203; Before; 0.02; null
13; Driver; None; None; 10.10.2023 16:35:51; 850; -0.005056463; 203; Before; 0.02; null
13; Driver; None; None; 10.10.2023 16:35:51; 850; -0.02595098; 203; Before; 0.02; null
13; Driver; None; None; 10.10.2023 16:35:51; 850; -0.03948666; 203; Before; 0.02; null
13; Driver; None; None; 10.10.2023 16:35:51; 850; -0.04622336; 203; Before; 0.02; null
13; Driver; None; None; 10.10.2023 16:35:51; 850; -0.04738848; 203; Before; 0.02; null
13; Driver; None; None; 10.10.2023 16:35:51; 850; -0.04619898; 203; Before; 0.02; null
13; Driver; None; None; 10.10.2023 16:35:51; 850; -0.04158631; 203; Before; 0.02; null
13; Driver; None; None; 10.10.2023 16:35:51; 850; -0.03501777; 203; Before; 0.02; null
13; Driver; None; None; 10.10.2023 16:35:51; 850; -0.02776622; 203; Before; 0.02; null
13; Driver; None; None; 10.10.2023 16:35:51; 850; -0.02420648; 203; Before; 0.02; null
13; Driver; None; None; 10.10.2023 16:35:51; 850; -0.017693; 203; Before; 0.02; null
13; Driver; None; None; 10.10.2023 16:35:51; 850; -0.01239446; 203; Before; 0.02; null
13; Driver; None; None; 10.10.2023 16:35:51; 850; -0.008560622; 203; Before; 0.04; null
13; Driver; None; None; 10.10.2023 16:35:51; 850; -0.006200071; 203; Before; 0.04; null
13; Driver; None; None; 10.10.2023 16:35:51; 850; -0.005529827; 203; Before; 0.04; null
13; Driver; None; None; 10.10.2023 16:35:51; 850; -0.005060979; 203; Before; 0.04; null
13; Driver; None; None; 10.10.2023 16:35:51; 850; -0.005511247; 203; Before; 0.04; null
13; Driver; None; None; 10.10.2023 16:35:51; 850; -0.006574921; 203; Before; 0.3733333; null
13; Driver; None; None; 10.10.2023 16:35:51; 850; -0.007963671; 203; Before; 0.467265; null
13; Driver; None; None; 10.10.2023 16:35:51; 850; -0.008702394; 203; Before; 0.4999271; null
13; Driver; None; None; 10.10.2023 16:35:51; 850; -0.01014152; 203; Before; 0.5175282; null
13; Driver; None; None; 10.10.2023 16:35:51; 850; -0.0114098; 203; Before; 0.5314058; null
13; Driver; None; None; 10.10.2023 16:35:51; 850; -0.01194885; 203; Before; 0.565346; null
13; Driver; None; None; 10.10.2023 16:35:51; 850; -0.01312057; 203; Before; 0.5829325; null
13; Driver; None; None; 10.10.2023 16:35:51; 850; -0.01336108; 203; Before; 0.5973046; null
13; Driver; None; None; 10.10.2023 16:35:51; 850; -0.01363731; 203; Before; 0.6246708; null
13; Driver; None; None; 10.10.2023 16:35:51; 850; -0.01368157; 203; Before; 0.6246708; null
13; Driver; None; None; 10.10.2023 16:35:51; 850; -0.01355365; 203; Before; 0.6246708; null
13; Driver; None; None; 10.10.2023 16:35:51; 850; -0.01331559; 203; Before; 0.6246708; null
13; Driver; None; None; 10.10.2023 16:35:51; 850; -0.01317337; 203; Before; 0.6246708; null
13; Driver; None; None; 10.10.2023 16:35:51; 850; -0.0128736; 203; Before; 0.6246708; null
13; Driver; None; None; 10.10.2023 16:35:51; 850; -0.01258638; 203; Before; 0.6387247; null
13; Driver; None; None; 10.10.2023 16:35:51; 850; -0.01245674; 203; Before; 0.7686654; null
13; Driver; None; None; 10.10.2023 16:35:51; 850; -0.01214907; 203; Before; 0.7686654; null
13; Driver; None; None; 10.10.2023 16:35:51; 850; -0.01207674; 203; Before; 0.7833458; null
13; Driver; None; None; 10.10.2023 16:35:51; 850; -0.0119772; 203; Before; 0.8091257; null
13; Driver; None; None; 10.10.2023 16:35:51; 850; -0.01193226; 203; Before; 0.831425; null
13; Driver; None; None; 10.10.2023 16:35:51; 850; -0.01193149; 203; Before; 0.8508413; null
13; Driver; None; None; 10.10.2023 16:35:51; 850; -0.01196265; 203; Before; 0.872192; null
13; Driver; None; None; 10.10.2023 16:35:51; 850; -0.01198634; 203; Before; 0.8944749; null
13; Driver; None; None; 10.10.2023 16:35:51; 850; -0.01204278; 203; Before; 0.9158729; null
13; Driver; None; None; 10.10.2023 16:35:51; 850; -0.01210309; 203; Before; 0.9158729; null
13; Driver; None; None; 10.10.2023 16:35:51; 850; -0.01215961; 203; Before; 0.9158729; null
13; Driver; None; None; 10.10.2023 16:35:51; 850; -0.01220726; 203; Before; 0.9158729; null
13; Driver; None; None; 10.10.2023 16:35:51; 850; -0.01222684; 203; Before; 0.9158729; null
13; Driver; None; None; 10.10.2023 16:35:51; 850; -0.01225674; 203; Before; 0.9158729; null
13; Driver; None; None; 10.10.2023 16:35:51; 850; -0.01226709; 203; Before; 0.9392273; null
13; Driver; None; None; 10.10.2023 16:35:51; 850; -0.01227941; 203; Before; 1.060449; null
13; Driver; None; None; 10.10.2023 16:35:51; 850; -0.01228213; 203; Before; 1.086379; null
13; Driver; None; None; 10.10.2023 16:35:51; 850; -0.01227761; 203; Before; 1.086379; null
13; Driver; None; None; 10.10.2023 16:35:51; 850; -0.01226838; 203; Before; 1.122165; Checking Box Human Car
13; Driver; None; None; 10.10.2023 16:35:51; 850; -0.01226272; 203; Before; 1.139296; Checking Box Human Car
13; Driver; None; None; 10.10.2023 16:35:51; 850; -0.01225063; 203; Before; 1.161644; Checking Box Human Car
13; Driver; None; None; 10.10.2023 16:35:51; 850; -0.01223885; 203; Before; 1.184023; Checking Box Human Car
13; Driver; None; None; 10.10.2023 16:35:51; 850; -0.01222856; 203; Before; 1.184023; Checking Box Human Car
13; Driver; None; None; 10.10.2023 16:35:51; 850; -0.01222048; 203; Before; 1.205664; Checking Box Human Car
13; Driver; None; None; 10.10.2023 16:35:52; 850; -0.01221487; 203; Before; 1.227848; Checking Box Human Car
13; Driver; None; None; 10.10.2023 16:35:52; 850; -0.01221163; 203; Before; 1.249106; Checking Box Human Car
13; Driver; None; None; 10.10.2023 16:35:52; 850; -0.01221082; 203; Before; 1.271593; Checking Box Human Car
13; Driver; None; None; 10.10.2023 16:35:52; 850; -0.01221051; 203; Before; 1.271593; Checking Box Human Car
13; Driver; None; None; 10.10.2023 16:35:52; 850; -0.01221157; 203; Before; 1.321671; Checking Box Human Car
13; Driver; None; None; 10.10.2023 16:35:52; 850; -0.01221247; 203; Before; 1.337645; Checking Box Human Car
13; Driver; None; None; 10.10.2023 16:35:52; 850; -0.0122147; 203; Before; 1.360678; Checking Box Human Car
13; Driver; None; None; 10.10.2023 16:35:52; 850; -0.01221714; 203; Before; 1.382709; Checking Box Human Car
13; Driver; None; None; 10.10.2023 16:35:52; 850; -0.01221947; 203; Before; 1.382709; Checking Box Human Car
13; Driver; None; None; 10.10.2023 16:35:52; 850; -0.01222149; 203; Before; 1.423005; Checking Box Human Car
13; Driver; None; None; 10.10.2023 16:35:52; 850; -0.01222232; 203; Before; 1.450094; Checking Box Human Car
13; Driver; None; None; 10.10.2023 16:35:52; 850; -0.0122241; 203; Before; 1.464423; Checking Box Human Car
13; Driver; None; None; 10.10.2023 16:35:52; 850; -0.01222445; 203; Before; 1.49161; Checking Box Human Car
13; Driver; None; None; 10.10.2023 16:35:52; 850; -0.01222482; 203; Before; 1.505399; Checking Box Human Car
13; Driver; None; None; 10.10.2023 16:35:52; 850; -0.01222485; 203; Before; 1.519042; Checking Box Human Car
13; Driver; None; None; 10.10.2023 16:35:52; 850; -0.01222475; 203; Before; 1.547989; Checking Box Human Car
13; Driver; None; None; 10.10.2023 16:35:52; 850; -0.0122242; 203; Before; 1.564061; Checking Box Human Car
13; Driver; None; None; 10.10.2023 16:35:52; 850; -0.01222397; 203; Before; 1.592377; Checking Box Human Car
13; Driver; None; None; 10.10.2023 16:35:52; 850; -0.01222348; 203; Before; 1.592377; Checking Box Human Car
13; Driver; None; None; 10.10.2023 16:35:52; 850; -0.01222302; 203; Before; 1.620736; Checking Box Human Car
13; Driver; None; None; 10.10.2023 16:35:52; 850; -0.01222281; 203; Before; 1.648758; null
13; Driver; None; None; 10.10.2023 16:35:52; 850; -0.01222232; 203; Before; 1.662295; null
13; Driver; None; None; 10.10.2023 16:35:52; 850; -0.01222221; 203; Before; 1.690173; null
13; Driver; None; None; 10.10.2023 16:35:52; 850; -0.01222205; 203; Before; 1.70401; null
13; Driver; None; None; 10.10.2023 16:35:52; 850; -0.01222196; 203; Before; 1.717929; null
13; Driver; None; None; 10.10.2023 16:35:52; 850; -0.01222195; 203; Before; 1.730893; null
13; Driver; None; None; 10.10.2023 16:35:52; 850; -0.01222198; 203; Before; 1.765585; null
13; Driver; None; None; 10.10.2023 16:35:52; 850; -0.01222202; 203; Before; 1.792788; null
13; Driver; None; None; 10.10.2023 16:35:52; 850; -0.0122221; 203; Before; 1.806376; null
13; Driver; None; None; 10.10.2023 16:35:52; 850; -0.0122222; 203; Before; 1.819933; null
13; Driver; None; None; 10.10.2023 16:35:52; 850; -0.01222229; 203; Before; 1.846267; null
13; Driver; None; None; 10.10.2023 16:35:52; 850; -0.01222236; 203; Before; 1.85987; null
13; Driver; None; None; 10.10.2023 16:35:52; 850; -0.0122224; 203; Before; 1.888641; null
13; Driver; None; None; 10.10.2023 16:35:52; 850; -0.01222245; 203; Before; 1.903027; null
13; Driver; None; None; 10.10.2023 16:35:52; 850; -0.01222249; 203; Before; 1.915851; null
13; Driver; None; None; 10.10.2023 16:35:52; 850; -0.0122225; 203; Before; 1.942988; null
13; Driver; None; None; 10.10.2023 16:35:52; 850; -0.0122225; 203; Before; 1.970186; null
13; Driver; None; None; 10.10.2023 16:35:52; 850; -0.01222249; 203; Before; 1.983822; null
13; Driver; None; None; 10.10.2023 16:35:52; 850; -0.01222249; 203; Before; 1.997185; null
13; Driver; None; None; 10.10.2023 16:35:52; 850; -0.01222246; 203; Before; 2.025674; null
13; Driver; None; None; 10.10.2023 16:35:52; 850; -0.01222244; 203; Before; 2.038443; null
13; Driver; None; None; 10.10.2023 16:35:52; 850; -0.01222242; 203; Before; 2.064654; null
13; Driver; None; None; 10.10.2023 16:35:52; 850; -0.01222241; 203; Before; 2.091443; null
13; Driver; None; None; 10.10.2023 16:35:52; 850; -0.01222241; 203; Before; 2.104607; null
13; Driver; None; None; 10.10.2023 16:35:52; 850; -0.01222241; 203; Before; 2.117995; null
13; Driver; None; None; 10.10.2023 16:35:52; 850; -0.01222241; 203; Before; 2.145304; null
13; Driver; None; None; 10.10.2023 16:35:52; 850; -0.01222241; 203; Before; 2.158519; null
13; Driver; None; None; 10.10.2023 16:35:52; 850; -0.0122224; 203; Before; 2.186732; null
13; Driver; None; None; 10.10.2023 16:35:52; 850; -0.0122224; 203; Before; 2.200633; null
13; Driver; None; None; 10.10.2023 16:35:52; 850; -0.01222239; 203; Before; 2.213928; null
13; Driver; None; None; 10.10.2023 16:35:53; 850; -0.01222239; 203; Before; 2.245279; null
13; Driver; None; None; 10.10.2023 16:35:53; 850; -0.01222239; 203; Before; 2.272177; null
13; Driver; None; None; 10.10.2023 16:35:53; 850; -0.0122224; 203; Before; 2.286082; null
13; Driver; None; None; 10.10.2023 16:35:53; 850; -0.0122224; 203; Before; 2.298997; null
13; Driver; None; None; 10.10.2023 16:35:53; 850; -0.01222241; 203; Before; 2.325621; null
13; Driver; None; None; 10.10.2023 16:35:53; 850; -0.01222241; 203; Before; 2.339316; null
13; Driver; None; None; 10.10.2023 16:35:53; 850; -0.01222242; 203; Before; 2.36589; null
13; Driver; None; None; 10.10.2023 16:35:53; 850; -0.01222242; 203; Before; 2.383526; null
13; Driver; None; None; 10.10.2023 16:35:53; 850; -0.01222242; 203; Before; 2.40142; null
13; Driver; None; None; 10.10.2023 16:35:53; 850; -0.01222241; 203; Before; 2.427664; null
13; Driver; None; None; 10.10.2023 16:35:53; 850; -0.01222242; 203; Before; 2.441058; null
13; Driver; None; None; 10.10.2023 16:35:53; 850; -0.01222241; 203; Before; 2.467744; null
13; Driver; None; None; 10.10.2023 16:35:53; 850; -0.01222241; 203; Before; 2.493805; null
13; Driver; None; None; 10.10.2023 16:35:53; 850; -0.01222241; 203; Before; 2.506738; null
13; Driver; None; None; 10.10.2023 16:35:53; 850; -0.01222241; 203; Before; 2.519924; null
13; Driver; None; None; 10.10.2023 16:35:53; 850; -0.01222241; 203; Before; 2.546032; null
13; Driver; None; None; 10.10.2023 16:35:53; 850; -0.01222242; 203; Before; 2.571867; null
13; Driver; None; None; 10.10.2023 16:35:53; 850; -0.01222241; 203; Before; 2.58501; null
13; Driver; None; None; 10.10.2023 16:35:53; 850; -0.01222241; 203; Before; 2.598901; null
13; Driver; None; None; 10.10.2023 16:35:53; 850; -0.01222241; 203; Before; 2.624949; null
13; Driver; None; None; 10.10.2023 16:35:53; 850; -0.01222241; 203; Before; 2.650269; null
13; Driver; None; None; 10.10.2023 16:35:53; 850; -0.01222241; 203; Before; 2.663599; Checking Box AICar
13; Driver; None; None; 10.10.2023 16:35:53; 850; -0.01222241; 203; Before; 2.691763; Checking Box AICar
13; Driver; None; None; 10.10.2023 16:35:53; 850; -0.01222241; 203; Before; 2.705163; Checking Box AICar
13; Driver; None; None; 10.10.2023 16:35:53; 850; -0.01222241; 203; Before; 2.718364; Checking Box AICar
13; Driver; None; None; 10.10.2023 16:35:53; 850; -0.01222241; 203; Before; 2.745109; Checking Box AICar
13; Driver; None; None; 10.10.2023 16:35:53; 850; -0.01222241; 203; Before; 2.77034; Checking Box AICar
13; Driver; None; None; 10.10.2023 16:35:53; 850; -0.01222241; 203; Before; 2.783361; Checking Box AICar
13; Driver; None; None; 10.10.2023 16:35:53; 850; -0.01222241; 203; Before; 2.79615; Checking Box AICar
13; Driver; None; None; 10.10.2023 16:35:53; 850; -0.01222241; 203; Before; 2.824277; Checking Box AICar
13; Driver; None; None; 10.10.2023 16:35:53; 850; -0.0122224; 203; Before; 2.837114; Checking Box AICar
13; Driver; None; None; 10.10.2023 16:35:53; 850; -0.0122224; 203; Before; 2.870073; Checking Box AICar
13; Driver; None; None; 10.10.2023 16:35:53; 850; -0.0122224; 203; Before; 2.884195; Checking Box AICar
13; Driver; None; None; 10.10.2023 16:35:53; 850; -0.01222239; 203; Before; 2.89759; Checking Box AICar
13; Driver; None; None; 10.10.2023 16:35:53; 849.9999; -0.01222237; 203; Before; 2.922534; Checking Box AICar
13; Driver; None; None; 10.10.2023 16:35:53; 849.9997; -0.01222244; 203; Before; 2.935787; null
13; Driver; None; None; 10.10.2023 16:35:53; 849.9994; -0.01222245; 203; Before; 2.964556; null
13; Driver; None; None; 10.10.2023 16:35:53; 849.9988; -0.01222236; 203; Before; 2.978798; null
13; Driver; None; None; 10.10.2023 16:35:53; 849.9984; -0.01222238; 203; Before; 2.992415; null
13; Driver; None; None; 10.10.2023 16:35:53; 849.9972; -0.01222235; 203; Before; 3.01592; null
13; Driver; None; None; 10.10.2023 16:35:53; 849.9957; -0.01222288; 203; Before; 3.033359; null
13; Driver; None; None; 10.10.2023 16:35:53; 849.9947; -0.01222342; 203; Before; 3.06707; null
13; Driver; None; None; 10.10.2023 16:35:53; 849.9925; -0.012226; 203; Before; 3.095397; null
13; Driver; None; None; 10.10.2023 16:35:53; 849.9901; -0.01222879; 203; Before; 3.095397; null
13; Driver; None; None; 10.10.2023 16:35:53; 849.9869; -0.01223263; 203; Before; 3.123067; null
13; Driver; None; None; 10.10.2023 16:35:53; 849.9833; -0.01223658; 203; Before; 3.136835; null
13; Driver; None; None; 10.10.2023 16:35:53; 849.9813; -0.01223873; 203; Before; 3.167417; null
13; Driver; None; None; 10.10.2023 16:35:53; 849.9772; -0.01224258; 203; Before; 3.1855; null
13; Driver; None; None; 10.10.2023 16:35:53; 849.9725; -0.01224538; 203; Before; 3.1855; null
13; Driver; None; None; 10.10.2023 16:35:53; 849.9672; -0.0122505; 203; Before; 3.220005; null
13; Driver; None; None; 10.10.2023 16:35:54; 849.9614; -0.0122561; 203; Before; 3.237374; null
13; Driver; None; None; 10.10.2023 16:35:54; 849.9553; -0.01226008; 203; Before; 3.252949; null
13; Driver; None; None; 10.10.2023 16:35:54; 849.952; -0.01226278; 203; Before; 3.287357; null
13; Driver; None; None; 10.10.2023 16:35:54; 849.9448; -0.01226774; 203; Before; 3.287357; null
13; Driver; None; None; 10.10.2023 16:35:54; 849.9374; -0.01227516; 203; Before; 3.321151; null
13; Driver; None; None; 10.10.2023 16:35:54; 849.9294; -0.01227979; 203; Before; 3.337891; null
13; Driver; None; None; 10.10.2023 16:35:54; 849.921; -0.01228574; 203; Before; 3.35365; null
13; Driver; None; None; 10.10.2023 16:35:54; 849.9166; -0.01228917; 203; Before; 3.388599; null
13; Driver; None; None; 10.10.2023 16:35:54; 849.9075; -0.01229504; 203; Before; 3.388599; null
13; Driver; None; None; 10.10.2023 16:35:54; 849.8978; -0.01230341; 203; Before; 3.420869; null
13; Driver; None; None; 10.10.2023 16:35:54; 849.8878; -0.01231118; 203; Before; 3.436907; null
13; Driver; None; None; 10.10.2023 16:35:54; 849.8827; -0.01231507; 203; Before; 3.46476; null
13; Driver; None; None; 10.10.2023 16:35:54; 849.8665; -0.01232371; 203; Before; 3.483063; null
13; Driver; None; None; 10.10.2023 16:35:54; 849.8609; -0.01232833; 203; Before; 3.499025; null
13; Driver; None; None; 10.10.2023 16:35:54; 849.8494; -0.01233046; 203; Before; 3.515505; null
13; Driver; None; None; 10.10.2023 16:35:54; 849.8374; -0.01233373; 203; Before; 3.531871; null
13; Driver; None; None; 10.10.2023 16:35:54; 849.8312; -0.01233594; 203; Before; 3.565326; null
13; Driver; None; None; 10.10.2023 16:35:54; 849.812; -0.01234105; 203; Before; 3.582592; null
13; Driver; None; None; 10.10.2023 16:35:54; 849.8054; -0.01234525; 203; Before; 3.5996; null
13; Driver; None; None; 10.10.2023 16:35:54; 849.7917; -0.0123461; 203; Before; 3.615905; null
13; Driver; None; None; 10.10.2023 16:35:54; 849.7778; -0.01234933; 203; Before; 3.633438; null
13; Driver; None; None; 10.10.2023 16:35:54; 849.7634; -0.01234888; 202.9999; Before; 3.651462; null
13; Driver; None; None; 10.10.2023 16:35:54; 849.756; -0.01235023; 202.9999; Before; 3.686774; null
13; Driver; None; None; 10.10.2023 16:35:54; 849.7409; -0.01236085; 202.9999; Before; 3.705383; null
13; Driver; None; None; 10.10.2023 16:35:54; 849.7254; -0.0123649; 202.9999; Before; 3.719845; null
13; Driver; None; None; 10.10.2023 16:35:54; 849.7174; -0.0123713; 202.9998; Before; 3.74717; null
13; Driver; None; None; 10.10.2023 16:35:54; 849.6931; -0.01239136; 202.9998; Before; 3.760586; null
13; Driver; None; None; 10.10.2023 16:35:54; 849.6763; -0.01239429; 202.9998; Before; 3.774211; null
13; Driver; None; None; 10.10.2023 16:35:54; 849.6677; -0.01239614; 202.9998; Before; 3.79755; null
13; Driver; None; None; 10.10.2023 16:35:54; 849.6504; -0.01239071; 202.9997; Before; 3.819517; null
13; Driver; None; None; 10.10.2023 16:35:54; 849.6417; -0.01239365; 202.9997; Before; 3.8478; null
13; Driver; None; None; 10.10.2023 16:35:54; 849.6147; -0.01240669; 202.9997; Before; 3.861137; null
13; Driver; None; None; 10.10.2023 16:35:54; 849.6057; -0.01241057; 202.9996; Before; 3.888481; null
13; Driver; None; None; 10.10.2023 16:35:54; 849.5872; -0.012425; 202.9996; Before; 3.902862; null
13; Driver; None; None; 10.10.2023 16:35:54; 849.5684; -0.01242786; 202.9996; Before; 3.916687; null
13; Driver; None; None; 10.10.2023 16:35:54; 849.5588; -0.0124336; 202.9996; Before; 3.948179; null
13; Driver; None; None; 10.10.2023 16:35:54; 849.5298; -0.01244932; 202.9995; Before; 3.96185; null
13; Driver; None; None; 10.10.2023 16:35:54; 849.52; -0.01245235; 202.9995; Before; 3.987873; null
13; Driver; None; None; 10.10.2023 16:35:54; 849.5001; -0.01246399; 202.9995; Before; 4.001983; null
13; Driver; None; None; 10.10.2023 16:35:54; 849.4799; -0.01246938; 202.9995; Before; 4.016038; null
13; Driver; None; None; 10.10.2023 16:35:54; 849.4594; -0.01247432; 202.9994; Before; 4.04256; null
13; Driver; None; None; 10.10.2023 16:35:54; 849.4387; -0.01247452; 202.9994; Before; 4.059212; null
13; Driver; None; None; 10.10.2023 16:35:54; 849.4283; -0.01247399; 202.9994; Before; 4.087291; null
13; Driver; None; None; 10.10.2023 16:35:54; 849.4075; -0.01247994; 202.9993; Before; 4.101214; null
13; Driver; None; None; 10.10.2023 16:35:54; 849.3867; -0.01248109; 202.9993; Before; 4.115579; null
13; Driver; None; None; 10.10.2023 16:35:54; 849.3659; -0.01248308; 202.9993; Before; 4.143715; null
13; Driver; None; None; 10.10.2023 16:35:54; 849.3555; -0.01248723; 202.9993; Before; 4.170812; null
13; Driver; None; None; 10.10.2023 16:35:54; 849.3348; -0.01248825; 202.9992; Before; 4.185578; null
13; Driver; None; None; 10.10.2023 16:35:54; 849.3141; -0.01248963; 202.9992; Before; 4.200032; null
13; Driver; None; None; 10.10.2023 16:35:54; 849.3038; -0.01249327; 202.9992; Before; 4.22622; null
13; Driver; None; None; 10.10.2023 16:35:55; 849.2729; -0.01249193; 202.9991; Before; 4.240192; null
13; Driver; None; None; 10.10.2023 16:35:55; 849.2627; -0.01249296; 202.9991; Before; 4.26748; null
13; Driver; None; None; 10.10.2023 16:35:55; 849.2422; -0.01250001; 202.9991; Before; 4.29505; null
13; Driver; None; None; 10.10.2023 16:35:55; 849.2217; -0.0125; 202.9991; Before; 4.29505; null
13; Driver; None; None; 10.10.2023 16:35:55; 849.2013; -0.01249891; 202.999; Before; 4.320766; null
13; Driver; None; None; 10.10.2023 16:35:55; 849.1911; -0.01250092; 202.999; Before; 4.348026; null
13; Driver; None; None; 10.10.2023 16:35:55; 849.1606; -0.01250213; 202.999; Before; 4.361648; null
13; Driver; None; None; 10.10.2023 16:35:55; 849.1505; -0.01249958; 202.999; Before; 4.387815; null
13; Driver; None; None; 10.10.2023 16:35:55; 849.1302; -0.01250002; 202.9989; Before; 4.402324; null
13; Driver; None; None; 10.10.2023 16:35:55; 849.11; -0.01249466; 202.9989; Before; 4.416015; null
13; Driver; None; None; 10.10.2023 16:35:55; 849.0898; -0.01248974; 202.9989; Before; 4.442944; null
13; Driver; None; None; 10.10.2023 16:35:55; 849.0798; -0.0124904; 202.9989; Before; 4.470228; null
13; Driver; None; None; 10.10.2023 16:35:55; 849.0497; -0.01248978; 202.9988; Before; 4.483387; null
13; Driver; None; None; 10.10.2023 16:35:55; 849.0397; -0.01248729; 202.9988; Before; 4.496787; null
13; Driver; None; None; 10.10.2023 16:35:55; 849.0197; -0.0124885; 202.9988; Before; 4.522753; null
13; Driver; None; None; 10.10.2023 16:35:55; 849.0096; -0.01249153; 202.9987; Before; 4.549326; null
13; Driver; None; None; 10.10.2023 16:35:55; 848.9798; -0.01248767; 202.9987; Before; 4.56269; null
13; Driver; None; None; 10.10.2023 16:35:55; 848.9698; -0.01248762; 202.9987; Before; 4.590174; null
13; Driver; None; None; 10.10.2023 16:35:55; 848.95; -0.01249237; 202.9987; Before; 4.604901; null
13; Driver; None; None; 10.10.2023 16:35:55; 848.9302; -0.01249051; 202.9986; Before; 4.617768; null
13; Driver; None; None; 10.10.2023 16:35:55; 848.9105; -0.01248803; 202.9986; Before; 4.644036; null
13; Driver; None; None; 10.10.2023 16:35:55; 848.9006; -0.01248946; 202.9986; Before; 4.670844; null
13; Driver; None; None; 10.10.2023 16:35:55; 848.881; -0.01248522; 202.9986; Before; 4.685681; null
13; Driver; None; None; 10.10.2023 16:35:55; 848.8613; -0.01248146; 202.9985; Before; 4.700619; null
13; Driver; None; None; 10.10.2023 16:35:55; 848.8515; -0.01248258; 202.9985; Before; 4.728107; null
13; Driver; None; None; 10.10.2023 16:35:55; 848.8222; -0.01247562; 202.9985; Before; 4.741045; null
13; Driver; None; None; 10.10.2023 16:35:55; 848.8124; -0.01247521; 202.9984; Before; 4.767854; null
13; Driver; None; None; 10.10.2023 16:35:55; 848.793; -0.01247997; 202.9984; Before; 4.795348; null
13; Driver; None; None; 10.10.2023 16:35:55; 848.7736; -0.01247902; 202.9984; Before; 4.795348; null
13; Driver; None; None; 10.10.2023 16:35:55; 848.7542; -0.01247796; 202.9984; Before; 4.82098; null
13; Driver; None; None; 10.10.2023 16:35:55; 848.7444; -0.01248014; 202.9983; Before; 4.84724; null
13; Driver; None; None; 10.10.2023 16:35:55; 848.7155; -0.01248285; 202.9983; Before; 4.860884; null
13; Driver; None; None; 10.10.2023 16:35:55; 848.7059; -0.01248111; 202.9983; Before; 4.890025; null
13; Driver; None; None; 10.10.2023 16:35:55; 848.6866; -0.01248298; 202.9982; Before; 4.904335; null
13; Driver; None; None; 10.10.2023 16:35:55; 848.6675; -0.01247183; 202.9982; Before; 4.917926; null
13; Driver; None; None; 10.10.2023 16:35:55; 848.6483; -0.01247168; 202.9982; Before; 4.946258; null
13; Driver; None; None; 10.10.2023 16:35:55; 848.6387; -0.01247432; 202.9982; Before; 4.972186; null
13; Driver; None; None; 10.10.2023 16:35:55; 848.6102; -0.01247101; 202.9981; Before; 4.986176; null
13; Driver; None; None; 10.10.2023 16:35:55; 848.6006; -0.01247138; 202.9981; Before; 4.999877; null
13; Driver; None; None; 10.10.2023 16:35:55; 848.5911; -0.01247348; 202.9981; Before; 5.02652; null
13; Driver; None; None; 10.10.2023 16:35:55; 848.5627; -0.01246902; 202.998; Before; 5.040527; null
13; Driver; None; None; 10.10.2023 16:35:55; 848.5533; -0.01246912; 202.998; Before; 5.068297; null
13; Driver; None; None; 10.10.2023 16:35:55; 848.5344; -0.01247435; 202.998; Before; 5.09599; null
13; Driver; None; None; 10.10.2023 16:35:55; 848.5156; -0.01247365; 202.998; Before; 5.09599; null
13; Driver; None; None; 10.10.2023 16:35:55; 848.4968; -0.01247249; 202.9979; Before; 5.122454; null
13; Driver; None; None; 10.10.2023 16:35:55; 848.4874; -0.01247445; 202.9979; Before; 5.149532; null
13; Driver; None; None; 10.10.2023 16:35:55; 848.4593; -0.01246913; 202.9979; Before; 5.163537; null
13; Driver; None; None; 10.10.2023 16:35:55; 848.45; -0.01246881; 202.9979; Before; 5.189715; null
13; Driver; None; None; 10.10.2023 16:35:55; 848.4313; -0.01247312; 202.9978; Before; 5.20341; null
13; Driver; None; None; 10.10.2023 16:35:55; 848.4127; -0.01247159; 202.9978; Before; 5.216894; null
13; Driver; None; None; 10.10.2023 16:35:56; 848.3942; -0.01246971; 202.9978; Before; 5.243166; null
13; Driver; None; None; 10.10.2023 16:35:56; 848.3849; -0.01247135; 202.9978; Before; 5.270497; null
13; Driver; None; None; 10.10.2023 16:35:56; 848.3572; -0.01246544; 202.9977; Before; 5.283781; null
13; Driver; None; None; 10.10.2023 16:35:56; 848.348; -0.012465; 202.9977; Before; 5.29872; null
13; Driver; None; None; 10.10.2023 16:35:56; 848.3387; -0.01246634; 202.9977; Before; 5.328275; null
13; Driver; None; None; 10.10.2023 16:35:56; 848.3112; -0.01246044; 202.9976; Before; 5.341645; null
13; Driver; None; None; 10.10.2023 16:35:56; 848.302; -0.0124602; 202.9976; Before; 5.368159; null
13; Driver; None; None; 10.10.2023 16:35:56; 848.2745; -0.01245187; 202.9976; Before; 5.382471; null
13; Driver; None; None; 10.10.2023 16:35:56; 848.2654; -0.01245148; 202.9976; Before; 5.398443; null
13; Driver; None; None; 10.10.2023 16:35:56; 848.2472; -0.01244641; 202.9975; Before; 5.412513; null
13; Driver; None; None; 10.10.2023 16:35:56; 848.229; -0.01243414; 202.9975; Before; 5.428098; null
13; Driver; None; None; 10.10.2023 16:35:56; 848.2199; -0.01242944; 202.9975; Before; 5.466289; null
13; Driver; None; None; 10.10.2023 16:35:56; 848.2018; -0.01241953; 202.9975; Before; 5.485233; null
13; Driver; None; None; 10.10.2023 16:35:56; 848.1837; -0.01241669; 202.9974; Before; 5.502771; null
13; Driver; None; None; 10.10.2023 16:35:56; 848.1656; -0.01240851; 202.9974; Before; 5.519056; null
13; Driver; None; None; 10.10.2023 16:35:56; 848.1474; -0.01240531; 202.9974; Before; 5.53387; null
13; Driver; None; None; 10.10.2023 16:35:56; 848.1382; -0.01240542; 202.9973; Before; 5.568546; null
13; Driver; None; None; 10.10.2023 16:35:56; 848.1198; -0.01240478; 202.9973; Before; 5.586301; null
13; Driver; None; None; 10.10.2023 16:35:56; 848.101; -0.01241035; 202.9973; Before; 5.603332; null
13; Driver; None; None; 10.10.2023 16:35:56; 848.082; -0.01240876; 202.9973; Before; 5.619171; null
13; Driver; None; None; 10.10.2023 16:35:56; 848.0723; -0.01241373; 202.9972; Before; 5.649642; null
13; Driver; None; None; 10.10.2023 16:35:56; 848.0427; -0.01242369; 202.9972; Before; 5.663584; null
13; Driver; None; None; 10.10.2023 16:35:56; 848.0325; -0.01243002; 202.9971; Before; 5.6909; null
13; Driver; None; None; 10.10.2023 16:35:56; 848.0119; -0.01244891; 202.9971; Before; 5.705171; null
13; Driver; None; None; 10.10.2023 16:35:56; 847.9907; -0.01245333; 202.997; Before; 5.718447; null
13; Driver; None; None; 10.10.2023 16:35:56; 847.9688; -0.01246851; 202.9969; Before; 5.745817; null
13; Driver; None; None; 10.10.2023 16:35:56; 847.9576; -0.0124785; 202.9969; Before; 5.772534; null
13; Driver; None; None; 10.10.2023 16:35:56; 847.9348; -0.0124888; 202.9969; Before; 5.785715; null
13; Driver; None; None; 10.10.2023 16:35:56; 847.9111; -0.01249783; 202.9968; Before; 5.800167; null
13; Driver; None; None; 10.10.2023 16:35:56; 847.899; -0.01250523; 202.9968; Before; 5.827546; null
13; Driver; None; None; 10.10.2023 16:35:56; 847.8617; -0.01251202; 202.9967; Before; 5.84169; null
13; Driver; None; None; 10.10.2023 16:35:56; 847.8489; -0.01251615; 202.9966; Before; 5.868661; null
13; Driver; None; None; 10.10.2023 16:35:56; 847.8092; -0.01252665; 202.9966; Before; 5.882966; null
13; Driver; None; None; 10.10.2023 16:35:56; 847.7956; -0.01252781; 202.9965; Before; 5.897147; null
13; Driver; None; None; 10.10.2023 16:35:56; 847.7677; -0.01253945; 202.9965; Before; 5.924035; null
13; Driver; None; None; 10.10.2023 16:35:56; 847.7389; -0.01254476; 202.9964; Before; 5.939106; null
13; Driver; None; None; 10.10.2023 16:35:56; 847.7241; -0.01254671; 202.9964; Before; 5.966568; null
13; Driver; None; None; 10.10.2023 16:35:56; 847.6938; -0.0125609; 202.9963; Before; 5.995187; null
13; Driver; None; None; 10.10.2023 16:35:56; 847.6626; -0.01256826; 202.9962; Before; 5.995187; null
13; Driver; None; None; 10.10.2023 16:35:56; 847.6302; -0.01257794; 202.9962; Before; 6.021346; null
13; Driver; None; None; 10.10.2023 16:35:56; 847.6137; -0.01258803; 202.9962; Before; 6.048202; null
13; Driver; None; None; 10.10.2023 16:35:56; 847.5624; -0.01260086; 202.9961; Before; 6.06188; null
13; Driver; None; None; 10.10.2023 16:35:56; 847.5447; -0.0126086; 202.996; Before; 6.089407; null
13; Driver; None; None; 10.10.2023 16:35:56; 847.5086; -0.01263398; 202.996; Before; 6.102609; null
13; Driver; None; None; 10.10.2023 16:35:56; 847.4714; -0.01264806; 202.996; Before; 6.116568; null
13; Driver; None; None; 10.10.2023 16:35:56; 847.4332; -0.01264081; 202.9959; Before; 6.129784; null
13; Driver; None; None; 10.10.2023 16:35:56; 847.3938; -0.01264168; 202.9959; Before; 6.165062; null
13; Driver; None; None; 10.10.2023 16:35:56; 847.3737; -0.0126504; 202.9959; Before; 6.193003; null
13; Driver; None; None; 10.10.2023 16:35:56; 847.3327; -0.01268048; 202.9959; Before; 6.206515; null
13; Driver; None; None; 10.10.2023 16:35:56; 847.2905; -0.0126832; 202.9958; Before; 6.219945; null
13; Driver; None; None; 10.10.2023 16:35:57; 847.269; -0.01269407; 202.9958; Before; 6.247167; null
13; Driver; None; None; 10.10.2023 16:35:57; 847.2028; -0.01270762; 202.9958; Before; 6.261976; null
13; Driver; None; None; 10.10.2023 16:35:57; 847.1801; -0.01271744; 202.9958; Before; 6.292199; null
13; Driver; None; None; 10.10.2023 16:35:57; 847.1337; -0.01272507; 202.9957; Before; 6.292199; null
13; Driver; None; None; 10.10.2023 16:35:57; 847.0862; -0.01273874; 202.9957; Before; 6.320903; null
13; Driver; None; None; 10.10.2023 16:35:57; 847.062; -0.01275398; 202.9957; Before; 6.349218; null
13; Driver; None; None; 10.10.2023 16:35:57; 846.9877; -0.01277556; 202.9956; Before; 6.362611; null
13; Driver; None; None; 10.10.2023 16:35:57; 846.9623; -0.01278776; 202.9955; Before; 6.389372; null
13; Driver; None; None; 10.10.2023 16:35:57; 846.9106; -0.01282596; 202.9955; Before; 6.403791; null
13; Driver; None; None; 10.10.2023 16:35:57; 846.8577; -0.01282718; 202.9954; Before; 6.417789; null
13; Driver; None; None; 10.10.2023 16:35:57; 846.8034; -0.0128558; 202.9954; Before; 6.446084; null
13; Driver; None; None; 10.10.2023 16:35:57; 846.7479; -0.01286967; 202.9953; Before; 6.459961; null
13; Driver; None; None; 10.10.2023 16:35:57; 846.7197; -0.01287418; 202.9953; Before; 6.486778; null
13; Driver; None; None; 10.10.2023 16:35:57; 846.6622; -0.01290084; 202.9952; Before; 6.501252; null
13; Driver; None; None; 10.10.2023 16:35:57; 846.6033; -0.01291217; 202.9951; Before; 6.515341; null
13; Driver; None; None; 10.10.2023 16:35:57; 846.543; -0.01292549; 202.9951; Before; 6.542682; null
13; Driver; None; None; 10.10.2023 16:35:57; 846.5123; -0.01294125; 202.9951; Before; 6.570506; null
13; Driver; None; None; 10.10.2023 16:35:57; 846.4182; -0.0129544; 202.995; Before; 6.584754; null
13; Driver; None; None; 10.10.2023 16:35:57; 846.386; -0.01296458; 202.9949; Before; 6.598928; null
13; Driver; None; None; 10.10.2023 16:35:57; 846.3206; -0.01296653; 202.9949; Before; 6.613034; null
13; Driver; None; None; 10.10.2023 16:35:57; 846.2537; -0.01297604; 202.9949; Before; 6.642446; null
13; Driver; None; None; 10.10.2023 16:35:57; 846.2197; -0.01299263; 202.9948; Before; 6.67051; null
13; Driver; None; None; 10.10.2023 16:35:57; 846.1155; -0.01300978; 202.9948; Before; 6.684645; null
13; Driver; None; None; 10.10.2023 16:35:57; 846.08; -0.01302311; 202.9948; Before; 6.699145; null
13; Driver; None; None; 10.10.2023 16:35:57; 846.0441; -0.01304367; 202.9948; Before; 6.727976; null
13; Driver; None; None; 10.10.2023 16:35:57; 845.9343; -0.01306711; 202.9947; Before; 6.741862; null
13; Driver; None; None; 10.10.2023 16:35:57; 845.8969; -0.01308174; 202.9947; Before; 6.769787; null
13; Driver; None; None; 10.10.2023 16:35:57; 845.7827; -0.01309163; 202.9946; Before; 6.784007; null
13; Driver; None; None; 10.10.2023 16:35:57; 845.7438; -0.01310394; 202.9946; Before; 6.799733; null
13; Driver; None; None; 10.10.2023 16:35:57; 845.7047; -0.01312447; 202.9946; Before; 6.82733; null
13; Driver; None; None; 10.10.2023 16:35:57; 845.5848; -0.01314606; 202.9945; Before; 6.841405; null
13; Driver; None; None; 10.10.2023 16:35:57; 845.5441; -0.01316115; 202.9945; Before; 6.868843; null
13; Driver; None; None; 10.10.2023 16:35:57; 845.4198; -0.01320191; 202.9944; Before; 6.88287; null
13; Driver; None; None; 10.10.2023 16:35:57; 845.3776; -0.01320752; 202.9943; Before; 6.896701; null
13; Driver; None; None; 10.10.2023 16:35:57; 845.292; -0.01319822; 202.9942; Before; 6.91081; null
13; Driver; None; None; 10.10.2023 16:35:57; 845.2487; -0.01319446; 202.9942; Before; 6.945943; null
13; Driver; None; None; 10.10.2023 16:35:57; 845.1163; -0.0131676; 202.9941; Before; 6.962462; null
13; Driver; None; None; 10.10.2023 16:35:57; 845.0714; -0.01317615; 202.994; Before; 6.992435; null
13; Driver; None; None; 10.10.2023 16:35:57; 844.9803; -0.01322864; 202.9939; Before; 7.005902; null
13; Driver; None; None; 10.10.2023 16:35:57; 844.8878; -0.01322787; 202.9938; Before; 7.019663; null
13; Driver; None; None; 10.10.2023 16:35:57; 844.8409; -0.01325037; 202.9938; Before; 7.0485; null
13; Driver; None; None; 10.10.2023 16:35:57; 844.6978; -0.01328059; 202.9937; Before; 7.062603; null
13; Driver; None; None; 10.10.2023 16:35:57; 844.6493; -0.01330249; 202.9936; Before; 7.091426; null
13; Driver; None; None; 10.10.2023 16:35:57; 844.5511; -0.01332027; 202.9935; Before; 7.091426; null
13; Driver; None; None; 10.10.2023 16:35:57; 844.4512; -0.01334894; 202.9934; Before; 7.120165; null
13; Driver; None; None; 10.10.2023 16:35:57; 844.4007; -0.01338008; 202.9933; Before; 7.147468; null
13; Driver; None; None; 10.10.2023 16:35:57; 844.2465; -0.01341937; 202.9931; Before; 7.162071; null
13; Driver; None; None; 10.10.2023 16:35:57; 844.1943; -0.01344143; 202.9931; Before; 7.19359; null
13; Driver; None; None; 10.10.2023 16:35:57; 844.0885; -0.01345363; 202.993; Before; 7.19359; null
13; Driver; None; None; 10.10.2023 16:35:57; 844.035; -0.0134574; 202.9929; Before; 7.224406; null
13; Driver; None; None; 10.10.2023 16:35:58; 843.8721; -0.01343677; 202.9927; Before; 7.240829; null
13; Driver; None; None; 10.10.2023 16:35:58; 843.7615; -0.01341127; 202.9926; Before; 7.256516; null
13; Driver; None; None; 10.10.2023 16:35:58; 843.7056; -0.01340459; 202.9925; Before; 7.28668; null
13; Driver; None; None; 10.10.2023 16:35:58; 843.5928; -0.01326632; 202.9924; Before; 7.301594; null
13; Driver; None; None; 10.10.2023 16:35:58; 843.4786; -0.01316908; 202.9923; Before; 7.317219; null
13; Driver; None; None; 10.10.2023 16:35:58; 843.3632; -0.0131262; 202.9922; Before; 7.34491; null
13; Driver; None; None; 10.10.2023 16:35:58; 843.2466; -0.01306741; 202.992; Before; 7.359603; null
13; Driver; None; None; 10.10.2023 16:35:58; 843.1291; -0.01305839; 202.9919; Before; 7.37689; null
13; Driver; None; None; 10.10.2023 16:35:58; 843.0699; -0.01306505; 202.9918; Before; 7.396336; null
13; Driver; None; None; 10.10.2023 16:35:58; 843.0104; -0.01309858; 202.9917; Before; 7.426901; null
13; Driver; None; None; 10.10.2023 16:35:58; 842.8305; -0.01319024; 202.9915; Before; 7.440277; null
13; Driver; None; None; 10.10.2023 16:35:58; 842.77; -0.01324078; 202.9914; Before; 7.46733; null
13; Driver; None; None; 10.10.2023 16:35:58; 842.5868; -0.01340006; 202.9912; Before; 7.480803; null
13; Driver; None; None; 10.10.2023 16:35:58; 842.5252; -0.01343249; 202.9911; Before; 7.497464; null
13; Driver; None; None; 10.10.2023 16:35:58; 842.4012; -0.01346389; 202.9909; Before; 7.51079; null
13; Driver; None; None; 10.10.2023 16:35:58; 842.2761; -0.01349187; 202.9908; Before; 7.543617; null
13; Driver; None; None; 10.10.2023 16:35:58; 842.2131; -0.01352766; 202.9907; Before; 7.57129; null
13; Driver; None; None; 10.10.2023 16:35:58; 842.0228; -0.01355913; 202.9905; Before; 7.584734; null
13; Driver; None; None; 10.10.2023 16:35:58; 841.9589; -0.01357633; 202.9904; Before; 7.598687; null
13; Driver; None; None; 10.10.2023 16:35:58; 841.8948; -0.01360628; 202.9903; Before; 7.626338; null
13; Driver; None; None; 10.10.2023 16:35:58; 841.7012; -0.01361643; 202.99; Before; 7.640833; null
13; Driver; None; None; 10.10.2023 16:35:58; 841.6364; -0.01362674; 202.9899; Before; 7.670335; null
13; Driver; None; None; 10.10.2023 16:35:58; 841.4406; -0.0135966; 202.9897; Before; 7.68549; null
13; Driver; None; None; 10.10.2023 16:35:58; 841.375; -0.01359986; 202.9896; Before; 7.699686; null
13; Driver; None; None; 10.10.2023 16:35:58; 841.3093; -0.01361943; 202.9895; Before; 7.727327; null
13; Driver; None; None; 10.10.2023 16:35:58; 841.1115; -0.01361365; 202.9892; Before; 7.741132; null
13; Driver; None; None; 10.10.2023 16:35:58; 841.0453; -0.01362342; 202.9891; Before; 7.769267; null
13; Driver; None; None; 10.10.2023 16:35:58; 840.8462; -0.01365886; 202.9888; Before; 7.783324; null
13; Driver; None; None; 10.10.2023 16:35:58; 840.7796; -0.01365212; 202.9888; Before; 7.797324; null
13; Driver; None; None; 10.10.2023 16:35:58; 840.6461; -0.0136882; 202.9886; Before; 7.824516; null
13; Driver; None; None; 10.10.2023 16:35:58; 840.5123; -0.0136961; 202.9884; Before; 7.838317; null
13; Driver; None; None; 10.10.2023 16:35:58; 840.4453; -0.01368711; 202.9883; Before; 7.865639; null
13; Driver; None; None; 10.10.2023 16:35:58; 840.311; -0.01371782; 202.9881; Before; 7.893845; null
13; Driver; None; None; 10.10.2023 16:35:58; 840.1766; -0.01371948; 202.9879; Before; 7.893845; null
13; Driver; None; None; 10.10.2023 16:35:58; 840.0419; -0.01371243; 202.9877; Before; 7.921448; null
13; Driver; None; None; 10.10.2023 16:35:58; 839.9744; -0.01373213; 202.9876; Before; 7.949063; null
13; Driver; None; None; 10.10.2023 16:35:58; 839.7717; -0.0137144; 202.9873; Before; 7.963078; null
13; Driver; None; None; 10.10.2023 16:35:58; 839.704; -0.01371785; 202.9872; Before; 7.990375; null
13; Driver; None; None; 10.10.2023 16:35:58; 839.5685; -0.01376662; 202.987; Before; 8.004482; null
13; Driver; None; None; 10.10.2023 16:35:58; 839.4327; -0.01371603; 202.9868; Before; 8.018333; null
13; Driver; None; None; 10.10.2023 16:35:58; 839.2966; -0.01373767; 202.9865; Before; 8.045541; null
13; Driver; None; None; 10.10.2023 16:35:58; 839.2285; -0.01376838; 202.9864; Before; 8.072529; null
13; Driver; None; None; 10.10.2023 16:35:58; 839.0238; -0.01369308; 202.9861; Before; 8.072529; null
13; Driver; None; None; 10.10.2023 16:35:58; 838.9554; -0.01356143; 202.986; Before; 8.072529; null
13; Driver; None; None; 10.10.2023 16:35:58; 838.8185; -0.01320795; 202.9858; Before; 8.072529; null
13; Driver; None; None; 10.10.2023 16:35:58; 838.6813; -0.01294008; 202.9856; Before; 8.086184; null
13; Driver; None; None; 10.10.2023 16:35:58; 838.5438; -0.01276701; 202.9854; Before; 8.14925; null
13; Driver; None; None; 10.10.2023 16:35:58; 838.4749; -0.01273571; 202.9853; Before; 8.190426; null
13; Driver; None; None; 10.10.2023 16:35:58; 838.3369; -0.01275335; 202.985; Before; 8.190426; null
13; Driver; None; None; 10.10.2023 16:35:58; 838.1985; -0.01288416; 202.9848; Before; 8.220613; null
13; Driver; None; None; 10.10.2023 16:35:59; 838.1293; -0.01300261; 202.9847; Before; 8.248115; null
13; Driver; None; None; 10.10.2023 16:35:59; 837.9208; -0.01332491; 202.9843; Before; 8.262707; null
13; Driver; None; None; 10.10.2023 16:35:59; 837.8512; -0.01344125; 202.9842; Before; 8.292184; null
13; Driver; None; None; 10.10.2023 16:35:59; 837.7116; -0.01361737; 202.984; Before; 8.292184; null
13; Driver; None; None; 10.10.2023 16:35:59; 837.5717; -0.01367711; 202.9837; Before; 8.306965; null
13; Driver; None; None; 10.10.2023 16:35:59; 837.4315; -0.01372477; 202.9835; Before; 8.342227; null
13; Driver; None; None; 10.10.2023 16:35:59; 837.3612; -0.01376969; 202.9834; Before; 8.37058; null
13; Driver; None; None; 10.10.2023 16:35:59; 837.2204; -0.01380647; 202.9831; Before; 8.385098; null
13; Driver; None; None; 10.10.2023 16:35:59; 837.0792; -0.01382293; 202.9829; Before; 8.40038; null
13; Driver; None; None; 10.10.2023 16:35:59; 836.9377; -0.01381102; 202.9826; Before; 8.416482; null
13; Driver; None; None; 10.10.2023 16:35:59; 836.796; -0.01379334; 202.9824; Before; 8.443263; null
13; Driver; None; None; 10.10.2023 16:35:59; 836.725; -0.01381038; 202.9823; Before; 8.470937; null
13; Driver; None; None; 10.10.2023 16:35:59; 836.5827; -0.01380219; 202.982; Before; 8.484715; null
13; Driver; None; None; 10.10.2023 16:35:59; 836.4402; -0.01378953; 202.9818; Before; 8.501968; null
13; Driver; None; None; 10.10.2023 16:35:59; 836.2974; -0.01376319; 202.9815; Before; 8.516616; null
13; Driver; None; None; 10.10.2023 16:35:59; 836.1542; -0.01374344; 202.9813; Before; 8.543801; null
13; Driver; None; None; 10.10.2023 16:35:59; 836.0109; -0.01371874; 202.981; Before; 8.559147; null
13; Driver; None; None; 10.10.2023 16:35:59; 835.9391; -0.01370102; 202.9809; Before; 8.588107; null
13; Driver; None; None; 10.10.2023 16:35:59; 835.7952; -0.01373179; 202.9806; Before; 8.604043; null
13; Driver; None; None; 10.10.2023 16:35:59; 835.6511; -0.01368099; 202.9803; Before; 8.618548; null
13; Driver; None; None; 10.10.2023 16:35:59; 835.579; -0.01369258; 202.9802; Before; 8.647157; null
13; Driver; None; None; 10.10.2023 16:35:59; 835.3622; -0.01374757; 202.9798; Before; 8.661261; null
13; Driver; None; None; 10.10.2023 16:35:59; 835.2898; -0.01374823; 202.9796; Before; 8.688996; null
13; Driver; None; None; 10.10.2023 16:35:59; 835.1449; -0.01380436; 202.9793; Before; 8.705022; null
13; Driver; None; None; 10.10.2023 16:35:59; 834.9999; -0.01376378; 202.9791; Before; 8.719475; null
13; Driver; None; None; 10.10.2023 16:35:59; 834.9274; -0.01377608; 202.9789; Before; 8.748857; null
13; Driver; None; None; 10.10.2023 16:35:59; 834.7102; -0.01375491; 202.9785; Before; 8.762523; null
13; Driver; None; None; 10.10.2023 16:35:59; 834.6379; -0.01376389; 202.9784; Before; 8.79142; null
13; Driver; None; None; 10.10.2023 16:35:59; 834.4937; -0.01375178; 202.9781; Before; 8.79142; null
13; Driver; None; None; 10.10.2023 16:35:59; 834.3498; -0.01374754; 202.9778; Before; 8.822341; null
13; Driver; None; None; 10.10.2023 16:35:59; 834.2062; -0.01373688; 202.9776; Before; 8.83869; null
13; Driver; None; None; 10.10.2023 16:35:59; 834.1345; -0.01372484; 202.9774; Before; 8.867316; null
13; Driver; None; None; 10.10.2023 16:35:59; 833.92; -0.01372684; 202.977; Before; 8.882221; null
13; Driver; None; None; 10.10.2023 16:35:59; 833.8487; -0.01371594; 202.9769; Before; 8.896836; null
13; Driver; None; None; 10.10.2023 16:35:59; 833.7063; -0.01375601; 202.9766; Before; 8.924765; null
13; Driver; None; None; 10.10.2023 16:35:59; 833.5642; -0.01377364; 202.9763; Before; 8.939175; null
13; Driver; None; None; 10.10.2023 16:35:59; 833.4933; -0.01376993; 202.9761; Before; 8.966566; null
13; Driver; None; None; 10.10.2023 16:35:59; 833.3517; -0.01381422; 202.9758; Before; 8.994266; null
13; Driver; None; None; 10.10.2023 16:35:59; 833.2104; -0.01382596; 202.9755; Before; 8.994266; null
13; Driver; None; None; 10.10.2023 16:35:59; 833.0695; -0.01382463; 202.9752; Before; 9.021297; null
13; Driver; None; None; 10.10.2023 16:35:59; 832.9991; -0.01384661; 202.975; Before; 9.050088; null
13; Driver; None; None; 10.10.2023 16:35:59; 832.7885; -0.01382591; 202.9746; Before; 9.063924; null
13; Driver; None; None; 10.10.2023 16:35:59; 832.7184; -0.01382667; 202.9744; Before; 9.092111; null
13; Driver; None; None; 10.10.2023 16:35:59; 832.5786; -0.01379162; 202.9741; Before; 9.092111; null
13; Driver; None; None; 10.10.2023 16:35:59; 832.4391; -0.01375893; 202.9738; Before; 9.120667; null
13; Driver; None; None; 10.10.2023 16:35:59; 832.3694; -0.01377071; 202.9737; Before; 9.149001; null
13; Driver; None; None; 10.10.2023 16:35:59; 832.161; -0.0137401; 202.9732; Before; 9.163054; null
13; Driver; None; None; 10.10.2023 16:35:59; 832.0917; -0.01374285; 202.9731; Before; 9.192556; null
13; Driver; None; None; 10.10.2023 16:35:59; 831.9533; -0.01379442; 202.9727; Before; 9.205997; null
13; Driver; None; None; 10.10.2023 16:35:59; 831.8152; -0.01374683; 202.9724; Before; 9.219913; null
13; Driver; None; None; 10.10.2023 16:36:00; 831.6774; -0.01369643; 202.9721; Before; 9.233255; null
13; Driver; None; None; 10.10.2023 16:36:00; 831.6086; -0.01366735; 202.972; Before; 9.266701; null
13; Driver; None; None; 10.10.2023 16:36:00; 831.4028; -0.01356852; 202.9715; Before; 9.282811; null
13; Driver; None; None; 10.10.2023 16:36:00; 831.3344; -0.01356423; 202.9714; Before; 9.297894; null
13; Driver; None; None; 10.10.2023 16:36:00; 831.266; -0.0135827; 202.9712; Before; 9.326502; null
13; Driver; None; None; 10.10.2023 16:36:00; 831.0613; -0.01359503; 202.9708; Before; 9.341002; null
13; Driver; None; None; 10.10.2023 16:36:00; 830.9933; -0.01361573; 202.9706; Before; 9.368794; null
13; Driver; None; None; 10.10.2023 16:36:00; 830.7896; -0.01362545; 202.9702; Before; 9.383321; null
13; Driver; None; None; 10.10.2023 16:36:00; 830.7218; -0.0136429; 202.97; Before; 9.398908; null
13; Driver; None; None; 10.10.2023 16:36:00; 830.5865; -0.01364661; 202.9697; Before; 9.414219; null
13; Driver; None; None; 10.10.2023 16:36:00; 830.4516; -0.01365273; 202.9694; Before; 9.443552; null
13; Driver; None; None; 10.10.2023 16:36:00; 830.317; -0.01364776; 202.9691; Before; 9.45846; null
13; Driver; None; None; 10.10.2023 16:36:00; 830.2498; -0.01363727; 202.9689; Before; 9.489104; null
13; Driver; None; None; 10.10.2023 16:36:00; 830.1155; -0.01359779; 202.9686; Before; 9.489104; null
13; Driver; None; None; 10.10.2023 16:36:00; 829.9817; -0.01357766; 202.9683; Before; 9.520316; null
13; Driver; None; None; 10.10.2023 16:36:00; 829.9149; -0.01359899; 202.9682; Before; 9.548963; null
13; Driver; None; None; 10.10.2023 16:36:00; 829.7148; -0.01360834; 202.9677; Before; 9.56313; null
13; Driver; None; None; 10.10.2023 16:36:00; 829.6483; -0.01362462; 202.9676; Before; 9.591739; null
13; Driver; None; None; 10.10.2023 16:36:00; 829.5155; -0.01362583; 202.9672; Before; 9.591739; null
13; Driver; None; None; 10.10.2023 16:36:00; 829.383; -0.01362897; 202.9669; Before; 9.620644; null
13; Driver; None; None; 10.10.2023 16:36:00; 829.3168; -0.01365572; 202.9668; Before; 9.649189; null
13; Driver; None; None; 10.10.2023 16:36:00; 829.1189; -0.01366335; 202.9663; Before; 9.6634; null
13; Driver; None; None; 10.10.2023 16:36:00; 829.053; -0.01367432; 202.9662; Before; 9.692172; null
13; Driver; None; None; 10.10.2023 16:36:00; 828.9216; -0.01366127; 202.9659; Before; 9.692172; null
13; Driver; None; None; 10.10.2023 16:36:00; 828.7905; -0.01364768; 202.9656; Before; 9.720422; null
13; Driver; None; None; 10.10.2023 16:36:00; 828.725; -0.01366581; 202.9655; Before; 9.748711; null
13; Driver; None; None; 10.10.2023 16:36:00; 828.5291; -0.01365137; 202.9651; Before; 9.76283; null
13; Driver; None; None; 10.10.2023 16:36:00; 828.4639; -0.01365646; 202.965; Before; 9.790801; null
13; Driver; None; None; 10.10.2023 16:36:00; 828.3339; -0.01370704; 202.9648; Before; 9.805102; null
13; Driver; None; None; 10.10.2023 16:36:00; 828.204; -0.01366127; 202.9646; Before; 9.819997; null
13; Driver; None; None; 10.10.2023 16:36:00; 828.1393; -0.01366495; 202.9645; Before; 9.848403; null
13; Driver; None; None; 10.10.2023 16:36:00; 827.9454; -0.0136185; 202.9642; Before; 9.862435; null
13; Driver; None; None; 10.10.2023 16:36:00; 827.8809; -0.01361665; 202.9642; Before; 9.891674; null
13; Driver; None; None; 10.10.2023 16:36:00; 827.7521; -0.0135869; 202.964; Before; 9.891674; null
13; Driver; None; None; 10.10.2023 16:36:00; 827.6237; -0.01356658; 202.9639; Before; 9.921028; null
13; Driver; None; None; 10.10.2023 16:36:00; 827.4955; -0.01354411; 202.9637; Before; 9.936345; null
13; Driver; None; None; 10.10.2023 16:36:00; 827.3676; -0.01353342; 202.9636; Before; 9.964735; null
13; Driver; None; None; 10.10.2023 16:36:00; 827.3038; -0.0135558; 202.9636; Before; 9.993526; null
13; Driver; None; None; 10.10.2023 16:36:00; 827.1763; -0.01356755; 202.9635; Before; 9.993526; null
13; Driver; None; None; 10.10.2023 16:36:00; 827.0492; -0.01357713; 202.9634; Before; 10.02215; null
13; Driver; None; None; 10.10.2023 16:36:00; 826.9223; -0.01357262; 202.9633; Before; 10.03714; null
13; Driver; None; None; 10.10.2023 16:36:00; 826.859; -0.01356177; 202.9632; Before; 10.06571; null
13; Driver; None; None; 10.10.2023 16:36:00; 826.6695; -0.01355543; 202.9631; Before; 10.08049; null
13; Driver; None; None; 10.10.2023 16:36:00; 826.6064; -0.01354155; 202.9631; Before; 10.0961; null
13; Driver; None; None; 10.10.2023 16:36:00; 826.5435; -0.01354669; 202.9631; Before; 10.1263; null
13; Driver; None; None; 10.10.2023 16:36:00; 826.3551; -0.0135176; 202.963; Before; 10.14028; null
13; Driver; None; None; 10.10.2023 16:36:00; 826.2924; -0.01352342; 202.963; Before; 10.16913; null
13; Driver; None; None; 10.10.2023 16:36:00; 826.1049; -0.01349881; 202.963; Before; 10.18363; null
13; Driver; None; None; 10.10.2023 16:36:00; 826.0425; -0.01350646; 202.963; Before; 10.19916; null
13; Driver; None; None; 10.10.2023 16:36:00; 825.9179; -0.01349764; 202.963; Before; 10.21365; null
13; Driver; None; None; 10.10.2023 16:36:01; 825.8557; -0.0134876; 202.963; Before; 10.24322; null
13; Driver; None; None; 10.10.2023 16:36:01; 825.6697; -0.01349088; 202.963; Before; 10.26011; null
13; Driver; None; None; 10.10.2023 16:36:01; 825.6078; -0.01348199; 202.9631; Before; 10.28866; null
13; Driver; None; None; 10.10.2023 16:36:01; 825.4842; -0.01351788; 202.9631; Before; 10.30356; null
13; Driver; None; None; 10.10.2023 16:36:01; 825.361; -0.01347875; 202.9632; Before; 10.31802; null
13; Driver; None; None; 10.10.2023 16:36:01; 825.238; -0.01344624; 202.9633; Before; 10.33209; null
13; Driver; None; None; 10.10.2023 16:36:01; 825.1152; -0.0132412; 202.9634; Before; 10.33209; null
13; Driver; None; None; 10.10.2023 16:36:01; 824.9929; -0.01306228; 202.9635; Before; 10.34803; null
13; Driver; None; None; 10.10.2023 16:36:01; 824.9318; -0.01300617; 202.9635; Before; 10.39398; null
13; Driver; None; None; 10.10.2023 16:36:01; 824.8098; -0.01294586; 202.9637; Before; 10.41249; null
13; Driver; None; None; 10.10.2023 16:36:01; 824.7488; -0.01294201; 202.9637; Before; 10.44406; null
13; Driver; None; None; 10.10.2023 16:36:01; 824.5666; -0.01299569; 202.964; Before; 10.46074; null
13; Driver; None; None; 10.10.2023 16:36:01; 824.506; -0.01305273; 202.964; Before; 10.49088; null
13; Driver; None; None; 10.10.2023 16:36:01; 824.3849; -0.01315955; 202.9642; Before; 10.49088; null
13; Driver; None; None; 10.10.2023 16:36:01; 824.2642; -0.01321104; 202.9644; Before; 10.50666; null
13; Driver; None; None; 10.10.2023 16:36:01; 824.1437; -0.01328331; 202.9646; Before; 10.54303; null
13; Driver; None; None; 10.10.2023 16:36:01; 824.0236; -0.01335056; 202.9648; Before; 10.55921; null
13; Driver; None; None; 10.10.2023 16:36:01; 823.9636; -0.01337548; 202.9649; Before; 10.58934; null
13; Driver; None; None; 10.10.2023 16:36:01; 823.8438; -0.01340091; 202.9651; Before; 10.58934; null
13; Driver; None; None; 10.10.2023 16:36:01; 823.7242; -0.01342937; 202.9653; Before; 10.6201; null
13; Driver; None; None; 10.10.2023 16:36:01; 823.605; -0.01344574; 202.9656; Before; 10.63588; null
13; Driver; None; None; 10.10.2023 16:36:01; 823.5455; -0.01344532; 202.9657; Before; 10.66481; null
13; Driver; None; None; 10.10.2023 16:36:01; 823.4267; -0.01342438; 202.966; Before; 10.68379; null
13; Driver; None; None; 10.10.2023 16:36:01; 823.3081; -0.01334957; 202.9663; Before; 10.68379; null
13; Driver; None; None; 10.10.2023 16:36:01; 823.1899; -0.01331124; 202.9666; Before; 10.72124; null
13; Driver; None; None; 10.10.2023 16:36:01; 823.0719; -0.01329308; 202.9669; Before; 10.73637; null
13; Driver; None; None; 10.10.2023 16:36:01; 823.013; -0.0132861; 202.9671; Before; 10.76668; null
13; Driver; None; None; 10.10.2023 16:36:01; 822.8367; -0.01331665; 202.9677; Before; 10.78197; null
13; Driver; None; None; 10.10.2023 16:36:01; 822.778; -0.01332133; 202.9679; Before; 10.79722; null
13; Driver; None; None; 10.10.2023 16:36:01; 822.6609; -0.01331833; 202.9683; Before; 10.81088; null
13; Driver; None; None; 10.10.2023 16:36:01; 822.6025; -0.01331548; 202.9685; Before; 10.84459; null
13; Driver; None; None; 10.10.2023 16:36:01; 822.4277; -0.01329451; 202.9691; Before; 10.8623; null
13; Driver; None; None; 10.10.2023 16:36:01; 822.3695; -0.01330893; 202.9693; Before; 10.8921; null
13; Driver; None; None; 10.10.2023 16:36:01; 822.2534; -0.01332106; 202.9698; Before; 10.8921; null
13; Driver; None; None; 10.10.2023 16:36:01; 822.1375; -0.01334434; 202.9702; Before; 10.92243; null
13; Driver; None; None; 10.10.2023 16:36:01; 822.0219; -0.01336228; 202.9707; Before; 10.93782; null
13; Driver; None; None; 10.10.2023 16:36:01; 821.9642; -0.01336465; 202.971; Before; 10.96728; null
13; Driver; None; None; 10.10.2023 16:36:01; 821.849; -0.01335209; 202.9715; Before; 10.98256; null
13; Driver; None; None; 10.10.2023 16:36:01; 821.7341; -0.01335247; 202.972; Before; 11.00124; null
13; Driver; None; None; 10.10.2023 16:36:01; 821.6194; -0.01330012; 202.9725; Before; 11.01915; null
13; Driver; None; None; 10.10.2023 16:36:01; 821.5621; -0.01330717; 202.9728; Before; 11.04863; null
13; Driver; None; None; 10.10.2023 16:36:01; 821.3907; -0.01330346; 202.9736; Before; 11.0641; null
13; Driver; None; None; 10.10.2023 16:36:01; 821.2769; -0.01328744; 202.9742; Before; 11.07934; null
13; Driver; None; None; 10.10.2023 16:36:01; 821.2201; -0.01327928; 202.9745; Before; 11.09328; null
13; Driver; None; None; 10.10.2023 16:36:01; 821.1066; -0.01332022; 202.975; Before; 11.12397; null
13; Driver; None; None; 10.10.2023 16:36:01; 820.9934; -0.01329928; 202.9756; Before; 11.13896; null
13; Driver; None; None; 10.10.2023 16:36:01; 820.8804; -0.01323667; 202.9762; Before; 11.15698; null
13; Driver; None; None; 10.10.2023 16:36:01; 820.824; -0.0132415; 202.9766; Before; 11.19168; null
13; Driver; None; None; 10.10.2023 16:36:01; 820.7114; -0.01324196; 202.9772; Before; 11.19168; null
13; Driver; None; None; 10.10.2023 16:36:01; 820.5991; -0.01326136; 202.9778; Before; 11.22097; null
13; Driver; None; None; 10.10.2023 16:36:02; 820.4869; -0.01328179; 202.9785; Before; 11.23617; null
13; Driver; None; None; 10.10.2023 16:36:02; 820.431; -0.01328723; 202.9789; Before; 11.26545; null
13; Driver; None; None; 10.10.2023 16:36:02; 820.2637; -0.01332915; 202.9799; Before; 11.28005; null
13; Driver; None; None; 10.10.2023 16:36:02; 820.208; -0.01333158; 202.9802; Before; 11.29661; null
13; Driver; None; None; 10.10.2023 16:36:02; 820.0969; -0.01326822; 202.9809; Before; 11.31346; null
13; Driver; None; None; 10.10.2023 16:36:02; 820.0414; -0.0132697; 202.9813; Before; 11.34773; null
13; Driver; None; None; 10.10.2023 16:36:02; 819.8753; -0.01347745; 202.9824; Before; 11.36235; null
13; Driver; None; None; 10.10.2023 16:36:02; 819.8201; -0.01354688; 202.9827; Before; 11.39437; null
13; Driver; None; None; 10.10.2023 16:36:02; 819.7098; -0.01363239; 202.9835; Before; 11.39437; null
13; Driver; None; None; 10.10.2023 16:36:02; 819.5997; -0.01369684; 202.9843; Before; 11.42408; null
13; Driver; None; None; 10.10.2023 16:36:02; 819.4899; -0.01367358; 202.985; Before; 11.43898; null
13; Driver; None; None; 10.10.2023 16:36:02; 819.3804; -0.01363838; 202.9858; Before; 11.45403; null
13; Driver; None; None; 10.10.2023 16:36:02; 819.3257; -0.01361914; 202.9862; Before; 11.49117; null
13; Driver; None; None; 10.10.2023 16:36:02; 819.2165; -0.01356075; 202.987; Before; 11.49117; null
13; Driver; None; None; 10.10.2023 16:36:02; 819.1075; -0.01352791; 202.9878; Before; 11.52138; null
13; Driver; None; None; 10.10.2023 16:36:02; 818.9988; -0.01349472; 202.9887; Before; 11.53649; null
13; Driver; None; None; 10.10.2023 16:36:02; 818.9446; -0.01348218; 202.9891; Before; 11.5654; null
13; Driver; None; None; 10.10.2023 16:36:02; 818.7823; -0.01347516; 202.9904; Before; 11.58089; null
13; Driver; None; None; 10.10.2023 16:36:02; 818.7283; -0.01347184; 202.9908; Before; 11.59732; null
13; Driver; None; None; 10.10.2023 16:36:02; 818.6206; -0.01344942; 202.9916; Before; 11.61106; null
13; Driver; None; None; 10.10.2023 16:36:02; 818.5668; -0.01344269; 202.9921; Before; 11.64702; null
13; Driver; None; None; 10.10.2023 16:36:02; 818.4059; -0.01341045; 202.9934; Before; 11.66194; null
13; Driver; None; None; 10.10.2023 16:36:02; 818.2989; -0.01338737; 202.9943; Before; 11.67729; null
13; Driver; None; None; 10.10.2023 16:36:02; 818.2455; -0.01338276; 202.9948; Before; 11.69432; null
13; Driver; None; None; 10.10.2023 16:36:02; 818.1389; -0.01342421; 202.9957; Before; 11.72441; null
13; Driver; None; None; 10.10.2023 16:36:02; 818.0325; -0.01345322; 202.9966; Before; 11.73897; null
13; Driver; None; None; 10.10.2023 16:36:02; 817.9794; -0.01346599; 202.9971; Before; 11.76761; null
13; Driver; None; None; 10.10.2023 16:36:02; 817.8734; -0.01346747; 202.998; Before; 11.78655; null
13; Driver; None; None; 10.10.2023 16:36:02; 817.7676; -0.01342484; 202.999; Before; 11.78655; null
13; Driver; None; None; 10.10.2023 16:36:02; 817.662; -0.01341359; 203; Before; 11.82031; null
13; Driver; None; None; 10.10.2023 16:36:02; 817.5568; -0.01340448; 203.0009; Before; 11.83615; null
13; Driver; None; None; 10.10.2023 16:36:02; 817.5042; -0.01340374; 203.0014; Before; 11.86558; null
13; Driver; None; None; 10.10.2023 16:36:02; 817.3469; -0.0133862; 203.0029; Before; 11.88221; Checking Box Human Car
13; Driver; None; None; 10.10.2023 16:36:02; 817.2946; -0.01340019; 203.0034; Before; 11.89841; Checking Box Human Car
13; Driver; None; None; 10.10.2023 16:36:02; 817.1901; -0.01340787; 203.0044; Before; 11.91293; Checking Box Human Car
13; Driver; None; None; 10.10.2023 16:36:02; 817.0858; -0.01333426; 203.0055; Before; 11.93006; Checking Box Human Car
13; Driver; None; None; 10.10.2023 16:36:02; 816.9818; -0.01325263; 203.0065; Before; 11.95828; Checking Box Human Car
13; Driver; None; None; 10.10.2023 16:36:02; 816.9298; -0.0132525; 203.007; Before; 11.99187; Checking Box Human Car
13; Driver; None; None; 10.10.2023 16:36:02; 816.8261; -0.01325025; 203.0081; Before; 11.99187; Checking Box Human Car
13; Driver; None; None; 10.10.2023 16:36:02; 816.7227; -0.01328426; 203.0091; Before; 12.02296; Checking Box Human Car
13; Driver; None; None; 10.10.2023 16:36:02; 816.6194; -0.01331938; 203.0102; Before; 12.0385; Checking Box Human Car
13; Driver; None; None; 10.10.2023 16:36:02; 816.5679; -0.01333879; 203.0107; Before; 12.06794; Checking Box Human Car
13; Driver; None; None; 10.10.2023 16:36:02; 816.4651; -0.01335868; 203.0118; Before; 12.08325; Checking Box Human Car
13; Driver; None; None; 10.10.2023 16:36:02; 816.3625; -0.01339545; 203.0129; Before; 12.10147; Checking Box Human Car
13; Driver; None; None; 10.10.2023 16:36:02; 816.2601; -0.01337933; 203.014; Before; 12.11987; Checking Box Human Car
13; Driver; None; None; 10.10.2023 16:36:02; 816.158; -0.01337222; 203.0151; Before; 12.13375; Checking Box Human Car
13; Driver; None; None; 10.10.2023 16:36:02; 816.1071; -0.01337203; 203.0157; Before; 12.16632; Checking Box Human Car
13; Driver; None; None; 10.10.2023 16:36:02; 815.9545; -0.01335546; 203.0174; Before; 12.18243; Checking Box Human Car
13; Driver; None; None; 10.10.2023 16:36:02; 815.9038; -0.01336886; 203.0179; Before; 12.19823; Checking Box Human Car
13; Driver; None; None; 10.10.2023 16:36:02; 815.8026; -0.01337564; 203.0191; Before; 12.21275; Checking Box Human Car
13; Driver; None; None; 10.10.2023 16:36:03; 815.752; -0.01338037; 203.0197; Before; 12.24377; Checking Box Human Car
13; Driver; None; None; 10.10.2023 16:36:03; 815.651; -0.01337252; 203.0208; Before; 12.26273; Checking Box Human Car
13; Driver; None; None; 10.10.2023 16:36:03; 815.4999; -0.01335502; 203.0226; Before; 12.28063; Checking Box Human Car
13; Driver; None; None; 10.10.2023 16:36:03; 815.4497; -0.01335111; 203.0232; Before; 12.29733; Checking Box Human Car
13; Driver; None; None; 10.10.2023 16:36:03; 815.3995; -0.01336288; 203.0238; Before; 12.32591; Checking Box Human Car
13; Driver; None; None; 10.10.2023 16:36:03; 815.2494; -0.01337004; 203.0256; Before; 12.34045; Checking Box Human Car
13; Driver; None; None; 10.10.2023 16:36:03; 815.1995; -0.01338715; 203.0262; Before; 12.37031; Checking Box Human Car
13; Driver; None; None; 10.10.2023 16:36:03; 815.0998; -0.01339679; 203.0274; Before; 12.38519; Checking Box Human Car
13; Driver; None; None; 10.10.2023 16:36:03; 815.0004; -0.01341745; 203.0286; Before; 12.40048; Checking Box Human Car
13; Driver; None; None; 10.10.2023 16:36:03; 814.9012; -0.01338461; 203.0298; Before; 12.41908; Checking Box Human Car
13; Driver; None; None; 10.10.2023 16:36:03; 814.8021; -0.01336084; 203.031; Before; 12.43582; Checking Box Human Car
13; Driver; None; None; 10.10.2023 16:36:03; 814.7527; -0.01335291; 203.0317; Before; 12.46776; Checking Box Human Car
13; Driver; None; None; 10.10.2023 16:36:03; 814.654; -0.01332598; 203.0329; Before; 12.48361; Checking Box Human Car
13; Driver; None; None; 10.10.2023 16:36:03; 814.5555; -0.01332664; 203.0342; Before; 12.50004; Checking Box Human Car
13; Driver; None; None; 10.10.2023 16:36:03; 814.4573; -0.01332689; 203.0354; Before; 12.51672; Checking Box Human Car
13; Driver; None; None; 10.10.2023 16:36:03; 814.4083; -0.01332956; 203.0361; Before; 12.54615; Checking Box Human Car
13; Driver; None; None; 10.10.2023 16:36:03; 814.3105; -0.01332029; 203.0373; Before; 12.56189; Checking Box Human Car
13; Driver; None; None; 10.10.2023 16:36:03; 814.1641; -0.013267; 203.0393; Before; 12.58036; Checking Box Human Car
13; Driver; None; None; 10.10.2023 16:36:03; 814.1155; -0.01327302; 203.0399; Before; 12.59931; Checking Box Human Car
13; Driver; None; None; 10.10.2023 16:36:03; 814.0189; -0.01327341; 203.0412; Before; 12.61382; Checking Box Human Car
13; Driver; None; None; 10.10.2023 16:36:03; 813.9238; -0.01329716; 203.0425; Before; 12.64428; Checking Box Human Car
13; Driver; None; None; 10.10.2023 16:36:03; 813.8312; -0.01331593; 203.0437; Before; 12.65964; Checking Box Human Car
13; Driver; None; None; 10.10.2023 16:36:03; 813.7856; -0.01332493; 203.0443; Before; 12.69163; null
13; Driver; None; None; 10.10.2023 16:36:03; 813.6956; -0.01332402; 203.0456; Before; 12.69163; null
13; Driver; None; None; 10.10.2023 16:36:03; 813.6071; -0.01328646; 203.0468; Before; 12.70877; null
13; Driver; None; None; 10.10.2023 16:36:03; 813.5201; -0.01322549; 203.048; Before; 12.72487; null
13; Driver; None; None; 10.10.2023 16:36:03; 813.4772; -0.01320455; 203.0486; Before; 12.76953; null
13; Driver; None; None; 10.10.2023 16:36:03; 813.3925; -0.01316358; 203.0498; Before; 12.78613; null
13; Driver; None; None; 10.10.2023 16:36:03; 813.3093; -0.01315631; 203.0509; Before; 12.80106; null
13; Driver; None; None; 10.10.2023 16:36:03; 813.2277; -0.01312282; 203.0521; Before; 12.81824; null
13; Driver; None; None; 10.10.2023 16:36:03; 813.1475; -0.01310913; 203.0532; Before; 12.83279; null
13; Driver; None; None; 10.10.2023 16:36:03; 813.1079; -0.01310795; 203.0538; Before; 12.86468; null
13; Driver; None; None; 10.10.2023 16:36:03; 813.03; -0.01309894; 203.0549; Before; 12.8831; null
13; Driver; None; None; 10.10.2023 16:36:03; 812.9536; -0.01306801; 203.056; Before; 12.8831; null
13; Driver; None; None; 10.10.2023 16:36:03; 812.8787; -0.01306505; 203.0571; Before; 12.92067; null
13; Driver; None; None; 10.10.2023 16:36:03; 812.8052; -0.01306581; 203.0582; Before; 12.93628; null
13; Driver; None; None; 10.10.2023 16:36:03; 812.7691; -0.01306845; 203.0587; Before; 12.96598; null
13; Driver; None; None; 10.10.2023 16:36:03; 812.6629; -0.01306193; 203.0603; Before; 12.98243; null
13; Driver; None; None; 10.10.2023 16:36:03; 812.6282; -0.01307105; 203.0608; Before; 12.99891; null
13; Driver; None; None; 10.10.2023 16:36:03; 812.56; -0.01307283; 203.0618; Before; 13.01383; null
13; Driver; None; None; 10.10.2023 16:36:03; 812.5264; -0.01307292; 203.0623; Before; 13.0453; null
13; Driver; None; None; 10.10.2023 16:36:03; 812.4604; -0.01305886; 203.0633; Before; 13.06419; null
13; Driver; None; None; 10.10.2023 16:36:03; 812.3641; -0.01300205; 203.0648; Before; 13.08223; null
13; Driver; None; None; 10.10.2023 16:36:03; 812.3327; -0.01299685; 203.0652; Before; 13.09797; null
13; Driver; None; None; 10.10.2023 16:36:03; 812.2711; -0.0129776; 203.0662; Before; 13.11283; null
13; Driver; None; None; 10.10.2023 16:36:03; 812.2109; -0.01297199; 203.0671; Before; 13.1434; null
13; Driver; None; None; 10.10.2023 16:36:03; 812.1522; -0.01296325; 203.068; Before; 13.15848; null
13; Driver; None; None; 10.10.2023 16:36:03; 812.1234; -0.01295912; 203.0685; Before; 13.18753; null
13; Driver; None; None; 10.10.2023 16:36:03; 812.0668; -0.01294053; 203.0693; Before; 13.18753; null
13; Driver; None; None; 10.10.2023 16:36:03; 812.0391; -0.01293237; 203.0697; Before; 13.22249; null
13; Driver; None; None; 10.10.2023 16:36:04; 811.9582; -0.01289786; 203.071; Before; 13.24089; null
13; Driver; None; None; 10.10.2023 16:36:04; 811.9061; -0.01287155; 203.0718; Before; 13.25656; null
13; Driver; None; None; 10.10.2023 16:36:04; 811.8805; -0.0128611; 203.0722; Before; 13.28737; null
13; Driver; None; None; 10.10.2023 16:36:04; 811.8304; -0.01286363; 203.073; Before; 13.30328; null
13; Driver; None; None; 10.10.2023 16:36:04; 811.7819; -0.01284043; 203.0738; Before; 13.31779; null
13; Driver; None; None; 10.10.2023 16:36:04; 811.7581; -0.01284168; 203.0742; Before; 13.34796; null
13; Driver; None; None; 10.10.2023 16:36:04; 811.7117; -0.01283299; 203.0749; Before; 13.36313; null
13; Driver; None; None; 10.10.2023 16:36:04; 811.6447; -0.01276677; 203.076; Before; 13.36313; null
13; Driver; None; None; 10.10.2023 16:36:04; 811.623; -0.01271989; 203.0763; Before; 13.36313; null
13; Driver; None; None; 10.10.2023 16:36:04; 811.5808; -0.01264902; 203.077; Before; 13.38276; null
13; Driver; None; None; 10.10.2023 16:36:04; 811.5602; -0.01262552; 203.0773; Before; 13.44515; null
13; Driver; None; None; 10.10.2023 16:36:04; 811.5201; -0.01259176; 203.078; Before; 13.46362; null
13; Driver; None; None; 10.10.2023 16:36:04; 811.4626; -0.0125773; 203.0789; Before; 13.48035; null
13; Driver; None; None; 10.10.2023 16:36:04; 811.4441; -0.01258003; 203.0792; Before; 13.49599; null
13; Driver; None; None; 10.10.2023 16:36:04; 811.4082; -0.01258715; 203.0798; Before; 13.51059; null
13; Driver; None; None; 10.10.2023 16:36:04; 811.3737; -0.01258729; 203.0803; Before; 13.52788; null
13; Driver; None; None; 10.10.2023 16:36:04; 811.3569; -0.01259062; 203.0806; Before; 13.56697; Checking Box AICar
13; Driver; None; None; 10.10.2023 16:36:04; 811.3245; -0.01259492; 203.0811; Before; 13.58418; Checking Box AICar
13; Driver; None; None; 10.10.2023 16:36:04; 811.2934; -0.01260652; 203.0816; Before; 13.60056; null
13; Driver; None; None; 10.10.2023 16:36:04; 811.2637; -0.01260218; 203.0821; Before; 13.6179; null
13; Driver; None; None; 10.10.2023 16:36:04; 811.2494; -0.01260729; 203.0823; Before; 13.64865; Checking Box AICar
13; Driver; None; None; 10.10.2023 16:36:04; 811.2218; -0.01260896; 203.0828; Before; 13.66393; Checking Box AICar
13; Driver; None; None; 10.10.2023 16:36:04; 811.1956; -0.01259541; 203.0832; Before; 13.68049; null
13; Driver; None; None; 10.10.2023 16:36:04; 811.1707; -0.01257118; 203.0836; Before; 13.68049; null
13; Driver; None; None; 10.10.2023 16:36:04; 811.1472; -0.01254074; 203.084; Before; 13.70805; null
13; Driver; None; None; 10.10.2023 16:36:04; 811.1359; -0.01252826; 203.0842; Before; 13.74589; null
13; Driver; None; None; 10.10.2023 16:36:04; 811.1042; -0.01249506; 203.0847; Before; 13.76226; null
13; Driver; None; None; 10.10.2023 16:36:04; 811.0943; -0.01248992; 203.0849; Before; 13.79337; null
13; Driver; None; None; 10.10.2023 16:36:04; 811.0756; -0.01247844; 203.0852; Before; 13.79337; null
13; Driver; None; None; 10.10.2023 16:36:04; 811.0667; -0.01247373; 203.0853; Before; 13.82426; null
13; Driver; None; None; 10.10.2023 16:36:04; 811.0421; -0.01244854; 203.0857; Before; 13.82426; null
13; Driver; None; None; 10.10.2023 16:36:04; 811.0274; -0.01242544; 203.086; Before; 13.84158; null
13; Driver; None; None; 10.10.2023 16:36:04; 811.0206; -0.01241635; 203.0861; Before; 13.88827; null
13; Driver; None; None; 10.10.2023 16:36:04; 811.0079; -0.01240001; 203.0863; Before; 13.88827; null
13; Driver; None; None; 10.10.2023 16:36:04; 810.9965; -0.01238986; 203.0865; Before; 13.92005; null
13; Driver; None; None; 10.10.2023 16:36:04; 810.9864; -0.01238174; 203.0867; Before; 13.93527; null
13; Driver; None; None; 10.10.2023 16:36:04; 810.9819; -0.01237807; 203.0867; Before; 13.96622; null
13; Driver; None; None; 10.10.2023 16:36:04; 810.9703; -0.01236882; 203.0869; Before; 13.9815; null
13; Driver; None; None; 10.10.2023 16:36:04; 810.9671; -0.01236482; 203.087; Before; 13.99775; null
13; Driver; None; None; 10.10.2023 16:36:04; 810.9619; -0.01235188; 203.0871; Before; 14.01613; null
13; Driver; None; None; 10.10.2023 16:36:04; 810.9595; -0.01233656; 203.0871; Before; 14.03573; null
13; Driver; None; None; 10.10.2023 16:36:04; 810.9595; -0.01232225; 203.0871; Before; 14.05334; null
13; Driver; None; None; 10.10.2023 16:36:04; 810.9595; -0.01231447; 203.0871; Before; 14.087; null
13; Driver; None; None; 10.10.2023 16:36:04; 810.9595; -0.01229799; 203.0871; Before; 14.10313; null
13; Driver; None; None; 10.10.2023 16:36:04; 810.9595; -0.01228076; 203.0871; Before; 14.11819; null
13; Driver; None; None; 10.10.2023 16:36:04; 810.9595; -0.01226343; 203.0871; Before; 14.13283; null
13; Driver; None; None; 10.10.2023 16:36:04; 810.9595; -0.01225495; 203.0871; Before; 14.16686; null
13; Driver; None; None; 10.10.2023 16:36:04; 810.9595; -0.01223877; 203.0871; Before; 14.18501; null
13; Driver; None; None; 10.10.2023 16:36:04; 810.9595; -0.01222432; 203.0871; Before; 14.20078; null
13; Driver; None; None; 10.10.2023 16:36:04; 810.9595; -0.01221222; 203.0871; Before; 14.21652; null
13; Driver; None; None; 10.10.2023 16:36:05; 810.9595; -0.01220723; 203.0871; Before; 14.24721; null
13; Driver; None; None; 10.10.2023 16:36:05; 810.9595; -0.01219695; 203.0871; Before; 14.26221; null
13; Driver; None; None; 10.10.2023 16:36:05; 810.9595; -0.01219512; 203.0871; Before; 14.2931; null
13; Driver; None; None; 10.10.2023 16:36:05; 810.9595; -0.01219368; 203.0871; Before; 14.2931; null
13; Driver; None; None; 10.10.2023 16:36:05; 810.9595; -0.01219492; 203.0871; Before; 14.30883; null
13; Driver; None; None; 10.10.2023 16:36:05; 810.9595; -0.01219637; 203.0871; Before; 14.34526; null
13; Driver; None; None; 10.10.2023 16:36:05; 810.9595; -0.01220313; 203.0871; Before; 14.36133; null
13; Driver; None; None; 10.10.2023 16:36:05; 810.9595; -0.0122059; 203.0871; Before; 14.39236; null
13; Driver; None; None; 10.10.2023 16:36:05; 810.9595; -0.01221166; 203.0871; Before; 14.39236; null
13; Driver; None; None; 10.10.2023 16:36:05; 810.9595; -0.01221726; 203.0871; Before; 14.42362; null
13; Driver; None; None; 10.10.2023 16:36:05; 810.9595; -0.0122222; 203.0871; Before; 14.43979; Checking Box AICar
13; Driver; None; None; 10.10.2023 16:36:05; 810.9595; -0.01222614; 203.0871; Before; 14.45431; null
13; Driver; None; None; 10.10.2023 16:36:05; 810.9595; -0.01222768; 203.0871; Before; 14.47425; Checking Box AICar
13; Driver; None; None; 10.10.2023 16:36:05; 810.9595; -0.01222984; 203.0871; Before; 14.47425; Checking Box AICar
13; Driver; None; None; 10.10.2023 16:36:05; 810.9595; -0.01223083; 203.0871; Before; 14.52179; Checking Box AICar
13; Driver; None; None; 10.10.2023 16:36:05; 810.9595; -0.0122308; 203.0871; Before; 14.53747; null
13; Driver; None; None; 10.10.2023 16:36:05; 810.9595; -0.01223047; 203.0871; Before; 14.56778; null
13; Driver; None; None; 10.10.2023 16:36:05; 810.9595; -0.01222858; 203.0871; Before; 14.58411; null
13; Driver; None; None; 10.10.2023 16:36:05; 810.9595; -0.01222777; 203.0871; Before; 14.59933; null
13; Driver; None; None; 10.10.2023 16:36:05; 810.9595; -0.01222605; 203.0871; Before; 14.61484; null
13; Driver; None; None; 10.10.2023 16:36:05; 810.9595; -0.01222434; 203.0871; Before; 14.63099; null
13; Driver; None; None; 10.10.2023 16:36:05; 810.9595; -0.01222284; 203.0871; Before; 14.65755; null
13; Driver; None; None; 10.10.2023 16:36:05; 810.9595; -0.01222164; 203.0871; Before; 14.67777; null
13; Driver; None; None; 10.10.2023 16:36:05; 810.9595; -0.01222117; 203.0871; Before; 14.69418; Checking Box Human Car
13; Driver; None; None; 10.10.2023 16:36:05; 810.9595; -0.01222052; 203.0871; Before; 14.71025; Checking Box Human Car
13; Driver; None; None; 10.10.2023 16:36:05; 810.9595; -0.01222022; 203.0871; Before; 14.7278; Checking Box Human Car
13; Driver; None; None; 10.10.2023 16:36:05; 810.9595; -0.01222017; 203.0871; Before; 14.7694; Checking Box Human Car
13; Driver; None; None; 10.10.2023 16:36:05; 810.9595; -0.01222042; 203.0871; Before; 14.7694; Checking Box Human Car
13; Driver; None; None; 10.10.2023 16:36:05; 810.9595; -0.01222059; 203.0871; Before; 14.7854; Checking Box Human Car
13; Driver; None; None; 10.10.2023 16:36:05; 810.9595; -0.01222102; 203.0871; Before; 14.81431; Checking Box Human Car
13; Driver; None; None; 10.10.2023 16:36:05; 810.9595; -0.01222149; 203.0871; Before; 14.83384; Checking Box Human Car
13; Driver; None; None; 10.10.2023 16:36:05; 810.9595; -0.01222173; 203.0871; Before; 14.866; Checking Box Human Car
13; Driver; None; None; 10.10.2023 16:36:05; 810.9595; -0.01222236; 203.0871; Before; 14.88199; Checking Box Human Car
13; Driver; None; None; 10.10.2023 16:36:05; 810.9595; -0.01222253; 203.0871; Before; 14.89802; Checking Box Human Car
13; Driver; None; None; 10.10.2023 16:36:05; 810.9595; -0.0122228; 203.0871; Before; 14.91312; Checking Box Human Car
13; Driver; None; None; 10.10.2023 16:36:05; 810.9595; -0.01222297; 203.0871; Before; 14.93041; Checking Box Human Car
13; Driver; None; None; 10.10.2023 16:36:05; 810.9595; -0.01222302; 203.0871; Before; 14.96807; Checking Box Human Car
13; Driver; None; None; 10.10.2023 16:36:05; 810.9595; -0.01222306; 203.0871; Before; 14.98562; Checking Box Human Car
13; Driver; None; None; 10.10.2023 16:36:05; 810.9595; -0.01222302; 203.0871; Before; 15.00095; Checking Box Human Car
13; Driver; None; None; 10.10.2023 16:36:05; 810.9595; -0.01222293; 203.0871; Before; 15.01679; Checking Box Human Car
13; Driver; None; None; 10.10.2023 16:36:05; 810.9595; -0.01222288; 203.0871; Before; 15.04702; Checking Box Human Car
13; Driver; None; None; 10.10.2023 16:36:05; 810.9595; -0.01222269; 203.0871; Before; 15.06271; Checking Box Human Car
13; Driver; None; None; 10.10.2023 16:36:05; 810.9595; -0.01222263; 203.0871; Before; 15.09269; Checking Box Human Car
13; Driver; None; None; 10.10.2023 16:36:05; 810.9595; -0.01222252; 203.0871; Before; 15.09269; Checking Box Human Car
13; Driver; None; None; 10.10.2023 16:36:05; 810.9595; -0.01222244; 203.0871; Before; 15.10843; Checking Box Human Car
13; Driver; None; None; 10.10.2023 16:36:05; 810.9595; -0.0122224; 203.0871; Before; 15.14569; Checking Box Human Car
13; Driver; None; None; 10.10.2023 16:36:05; 810.9595; -0.01222232; 203.0871; Before; 15.16216; Checking Box Human Car
13; Driver; None; None; 10.10.2023 16:36:05; 810.9595; -0.01222231; 203.0871; Before; 15.17837; Checking Box Human Car
13; Driver; None; None; 10.10.2023 16:36:05; 810.9595; -0.01222231; 203.0871; Before; 15.19393; Checking Box Human Car
13; Driver; None; None; 10.10.2023 16:36:05; 810.9595; -0.01222231; 203.0871; Before; 15.22541; Checking Box Human Car
13; Driver; None; None; 10.10.2023 16:36:06; 810.9595; -0.01222235; 203.0871; Before; 15.24217; Checking Box Human Car
13; Driver; None; None; 10.10.2023 16:36:06; 810.9595; -0.01222237; 203.0871; Before; 15.25862; Checking Box Human Car
13; Driver; None; None; 10.10.2023 16:36:06; 810.9595; -0.01222241; 203.0871; Before; 15.27607; Checking Box Human Car
13; Driver; None; None; 10.10.2023 16:36:06; 810.9595; -0.01222242; 203.0871; Before; 15.29574; Checking Box Human Car
13; Driver; None; None; 10.10.2023 16:36:06; 810.9592; -0.01222238; 203.0871; Before; 15.31262; Checking Box Human Car
13; Driver; None; None; 10.10.2023 16:36:06; 810.9592; -0.01222241; 203.0871; Before; 15.34612; Checking Box Human Car
13; Driver; None; None; 10.10.2023 16:36:06; 810.9588; -0.01222223; 203.0871; Before; 15.36238; Checking Box Human Car
13; Driver; None; None; 10.10.2023 16:36:06; 810.9579; -0.01222205; 203.0871; Before; 15.37853; Checking Box Human Car
13; Driver; None; None; 10.10.2023 16:36:06; 810.9573; -0.01222215; 203.0871; Before; 15.39499; Checking Box Human Car
13; Driver; None; None; 10.10.2023 16:36:06; 810.9553; -0.01222238; 203.0872; Before; 15.41121; Checking Box Human Car
13; Driver; None; None; 10.10.2023 16:36:06; 810.9528; -0.01222267; 203.0872; Before; 15.42948; Checking Box Human Car
13; Driver; None; None; 10.10.2023 16:36:06; 810.9513; -0.01222335; 203.0872; Before; 15.46722; Checking Box Human Car
13; Driver; None; None; 10.10.2023 16:36:06; 810.9478; -0.01222516; 203.0873; Before; 15.48385; Checking Box Human Car
13; Driver; None; None; 10.10.2023 16:36:06; 810.9439; -0.01222905; 203.0874; Before; 15.50065; Checking Box Human Car
13; Driver; None; None; 10.10.2023 16:36:06; 810.9393; -0.01223244; 203.0874; Before; 15.51699; Checking Box Human Car
13; Driver; None; None; 10.10.2023 16:36:06; 810.9342; -0.01223758; 203.0875; Before; 15.53177; null
13; Driver; None; None; 10.10.2023 16:36:06; 810.9282; -0.01224226; 203.0876; Before; 15.55008; null
13; Driver; None; None; 10.10.2023 16:36:06; 810.9217; -0.01224671; 203.0877; Before; 15.56806; null
13; Driver; None; None; 10.10.2023 16:36:06; 810.9183; -0.01225; 203.0877; Before; 15.59501; null
13; Driver; None; None; 10.10.2023 16:36:06; 810.9108; -0.01225445; 203.0878; Before; 15.61362; null
13; Driver; None; None; 10.10.2023 16:36:06; 810.9025; -0.01225922; 203.088; Before; 15.63393; null
13; Driver; None; None; 10.10.2023 16:36:06; 810.8935; -0.01226723; 203.0881; Before; 15.65359; null
13; Driver; None; None; 10.10.2023 16:36:06; 810.8835; -0.01227393; 203.0883; Before; 15.67237; null
13; Driver; None; None; 10.10.2023 16:36:06; 810.8781; -0.01227869; 203.0883; Before; 15.6914; null
13; Driver; None; None; 10.10.2023 16:36:06; 810.8666; -0.01228405; 203.0885; Before; 15.71149; null
13; Driver; None; None; 10.10.2023 16:36:06; 810.8541; -0.01229324; 203.0887; Before; 15.73163; null
13; Driver; None; None; 10.10.2023 16:36:06; 810.8475; -0.01229928; 203.0888; Before; 15.76868; null
13; Driver; None; None; 10.10.2023 16:36:06; 810.8334; -0.01231044; 203.089; Before; 15.78563; null
13; Driver; None; None; 10.10.2023 16:36:06; 810.8182; -0.01232634; 203.0892; Before; 15.80189; null
13; Driver; None; None; 10.10.2023 16:36:06; 810.8017; -0.01233615; 203.0895; Before; 15.81797; null
13; Driver; None; None; 10.10.2023 16:36:06; 810.7839; -0.01234825; 203.0897; Before; 15.83392; null
13; Driver; None; None; 10.10.2023 16:36:06; 810.7745; -0.01235537; 203.0898; Before; 15.86622; null
13; Driver; None; None; 10.10.2023 16:36:06; 810.7548; -0.01236739; 203.0901; Before; 15.88309; null
13; Driver; None; None; 10.10.2023 16:36:06; 810.7338; -0.01237365; 203.0904; Before; 15.88309; null
13; Driver; None; None; 10.10.2023 16:36:06; 810.7228; -0.01237896; 203.0905; Before; 15.923; null
13; Driver; None; None; 10.10.2023 16:36:06; 810.6879; -0.01239581; 203.091; Before; 15.94219; null
13; Driver; None; None; 10.10.2023 16:36:06; 810.6628; -0.0124085; 203.0913; Before; 15.95819; null
13; Driver; None; None; 10.10.2023 16:36:06; 810.6498; -0.01241691; 203.0915; Before; 15.98952; null
13; Driver; None; None; 10.10.2023 16:36:06; 810.6227; -0.01243157; 203.0918; Before; 15.98952; null
13; Driver; None; None; 10.10.2023 16:36:06; 810.5943; -0.01245469; 203.0921; Before; 16.02247; Checking Box AICar
13; Driver; None; None; 10.10.2023 16:36:06; 810.5645; -0.01246605; 203.0925; Before; 16.03937; Checking Box AICar
13; Driver; None; None; 10.10.2023 16:36:06; 810.5333; -0.01247048; 203.0929; Before; 16.05778; Checking Box AICar
13; Driver; None; None; 10.10.2023 16:36:06; 810.5007; -0.01248257; 203.0932; Before; 16.07686; Checking Box AICar
13; Driver; None; None; 10.10.2023 16:36:06; 810.484; -0.01249144; 203.0934; Before; 16.09357; Checking Box AICar
13; Driver; None; None; 10.10.2023 16:36:06; 810.467; -0.01250617; 203.0936; Before; 16.12517; Checking Box AICar
13; Driver; None; None; 10.10.2023 16:36:06; 810.4143; -0.0125427; 203.0942; Before; 16.14082; null
13; Driver; None; None; 10.10.2023 16:36:06; 810.3781; -0.01256197; 203.0946; Before; 16.15693; null
13; Driver; None; None; 10.10.2023 16:36:06; 810.3596; -0.0125725; 203.0948; Before; 16.1882; null
13; Driver; None; None; 10.10.2023 16:36:06; 810.322; -0.01258727; 203.0952; Before; 16.1882; null
13; Driver; None; None; 10.10.2023 16:36:06; 810.2834; -0.01258849; 203.0957; Before; 16.20558; null
13; Driver; None; None; 10.10.2023 16:36:07; 810.2639; -0.01259208; 203.0959; Before; 16.24535; null
13; Driver; None; None; 10.10.2023 16:36:07; 810.2035; -0.01260187; 203.0965; Before; 16.26193; null
13; Driver; None; None; 10.10.2023 16:36:07; 810.162; -0.01260929; 203.097; Before; 16.27821; null
13; Driver; None; None; 10.10.2023 16:36:07; 810.1409; -0.0126159; 203.0972; Before; 16.29397; null
13; Driver; None; None; 10.10.2023 16:36:07; 810.0978; -0.01262526; 203.0976; Before; 16.30982; null
13; Driver; None; None; 10.10.2023 16:36:07; 810.0759; -0.01263264; 203.0979; Before; 16.34228; null
13; Driver; None; None; 10.10.2023 16:36:07; 810.0086; -0.01265054; 203.0985; Before; 16.36014; null
13; Driver; None; None; 10.10.2023 16:36:07; 809.9624; -0.0126435; 203.099; Before; 16.37928; Checking Box AICar
13; Driver; None; None; 10.10.2023 16:36:07; 809.9389; -0.01265534; 203.0992; Before; 16.39837; Checking Box AICar
13; Driver; None; None; 10.10.2023 16:36:07; 809.8911; -0.0126549; 203.0997; Before; 16.41563; Checking Box AICar
13; Driver; None; None; 10.10.2023 16:36:07; 809.8423; -0.01266519; 203.1001; Before; 16.43176; Checking Box AICar
13; Driver; None; None; 10.10.2023 16:36:07; 809.8175; -0.012674; 203.1003; Before; 16.46459; Checking Box AICar
13; Driver; None; None; 10.10.2023 16:36:07; 809.7418; -0.01271652; 203.101; Before; 16.4808; Checking Box AICar
13; Driver; None; None; 10.10.2023 16:36:07; 809.7161; -0.0127301; 203.1012; Before; 16.4969; Checking Box AICar
13; Driver; None; None; 10.10.2023 16:36:07; 809.6642; -0.01272816; 203.1016; Before; 16.51273; Checking Box AICar
13; Driver; None; None; 10.10.2023 16:36:07; 809.6117; -0.01271529; 203.1019; Before; 16.53918; Checking Box AICar
13; Driver; None; None; 10.10.2023 16:36:07; 809.5586; -0.0127172; 203.1023; Before; 16.55736; Checking Box AICar
13; Driver; None; None; 10.10.2023 16:36:07; 809.5319; -0.01272315; 203.1024; Before; 16.59132; Checking Box AICar
13; Driver; None; None; 10.10.2023 16:36:07; 809.478; -0.01273245; 203.1027; Before; 16.59132; Checking Box AICar
13; Driver; None; None; 10.10.2023 16:36:07; 809.4509; -0.01274122; 203.1029; Before; 16.62357; Checking Box AICar
13; Driver; None; None; 10.10.2023 16:36:07; 809.369; -0.012764; 203.1032; Before; 16.64053; Checking Box AICar
13; Driver; None; None; 10.10.2023 16:36:07; 809.3138; -0.01277733; 203.1034; Before; 16.6564; Checking Box AICar
13; Driver; None; None; 10.10.2023 16:36:07; 809.2584; -0.0127735; 203.1036; Before; 16.67285; Checking Box AICar
13; Driver; None; None; 10.10.2023 16:36:07; 809.2305; -0.01277632; 203.1037; Before; 16.69282; Checking Box AICar
13; Driver; None; None; 10.10.2023 16:36:07; 809.1745; -0.01275718; 203.1038; Before; 16.7126; Checking Box AICar
13; Driver; None; None; 10.10.2023 16:36:07; 809.1464; -0.01276746; 203.1039; Before; 16.74752; Checking Box AICar
13; Driver; None; None; 10.10.2023 16:36:07; 809.0899; -0.01278257; 203.1039; Before; 16.76355; Checking Box AICar
13; Driver; None; None; 10.10.2023 16:36:07; 809.0048; -0.01278458; 203.104; Before; 16.78006; Checking Box AICar
13; Driver; None; None; 10.10.2023 16:36:07; 808.9764; -0.01279849; 203.104; Before; 16.79798; Checking Box AICar
13; Driver; None; None; 10.10.2023 16:36:07; 808.9194; -0.01281721; 203.1039; Before; 16.81383; Checking Box AICar
13; Driver; None; None; 10.10.2023 16:36:07; 808.8624; -0.01281474; 203.1038; Before; 16.83027; Checking Box AICar
13; Driver; None; None; 10.10.2023 16:36:07; 808.8338; -0.0128172; 203.1038; Before; 16.86855; Checking Box AICar
13; Driver; None; None; 10.10.2023 16:36:07; 808.7766; -0.01281703; 203.1036; Before; 16.8862; Checking Box AICar
13; Driver; None; None; 10.10.2023 16:36:07; 808.7192; -0.01283314; 203.1034; Before; 16.90227; Checking Box AICar
13; Driver; None; None; 10.10.2023 16:36:07; 808.6617; -0.01282536; 203.1031; Before; 16.91887; Checking Box AICar
13; Driver; None; None; 10.10.2023 16:36:07; 808.604; -0.01282688; 203.1028; Before; 16.93419; Checking Box AICar
13; Driver; None; None; 10.10.2023 16:36:07; 808.5751; -0.0128307; 203.1026; Before; 16.96481; Checking Box AICar
13; Driver; None; None; 10.10.2023 16:36:07; 808.5172; -0.01283191; 203.1022; Before; 16.98093; null
13; Driver; None; None; 10.10.2023 16:36:07; 808.459; -0.01281596; 203.1018; Before; 16.98093; null
13; Driver; None; None; 10.10.2023 16:36:07; 808.4298; -0.01281352; 203.1015; Before; 17.02388; null
13; Driver; None; None; 10.10.2023 16:36:07; 808.3419; -0.01280853; 203.1006; Before; 17.04063; null
13; Driver; None; None; 10.10.2023 16:36:07; 808.283; -0.0128089; 203.0999; Before; 17.05691; null
13; Driver; None; None; 10.10.2023 16:36:07; 808.2535; -0.01281354; 203.0995; Before; 17.08848; null
13; Driver; None; None; 10.10.2023 16:36:07; 808.1942; -0.01281819; 203.0987; Before; 17.08848; null
13; Driver; None; None; 10.10.2023 16:36:07; 808.1347; -0.01284004; 203.0978; Before; 17.12182; null
13; Driver; None; None; 10.10.2023 16:36:07; 808.1049; -0.01283055; 203.0974; Before; 17.13899; null
13; Driver; None; None; 10.10.2023 16:36:07; 808.045; -0.01281957; 203.0963; Before; 17.16441; null
13; Driver; None; None; 10.10.2023 16:36:07; 807.985; -0.01279758; 203.0952; Before; 17.18535; null
13; Driver; None; None; 10.10.2023 16:36:07; 807.9247; -0.01280378; 203.094; Before; 17.20175; null
13; Driver; None; None; 10.10.2023 16:36:07; 807.8643; -0.0127942; 203.0927; Before; 17.21783; null
13; Driver; None; None; 10.10.2023 16:36:08; 807.8036; -0.01280132; 203.0913; Before; 17.23289; null
13; Driver; None; None; 10.10.2023 16:36:08; 807.7428; -0.01279532; 203.0897; Before; 17.25012; null
13; Driver; None; None; 10.10.2023 16:36:08; 807.7123; -0.01279914; 203.0889; Before; 17.28683; null
13; Driver; None; None; 10.10.2023 16:36:08; 807.6512; -0.01280558; 203.0872; Before; 17.28683; null
13; Driver; None; None; 10.10.2023 16:36:08; 807.6207; -0.01281402; 203.0862; Before; 17.32286; null
13; Driver; None; None; 10.10.2023 16:36:08; 807.5287; -0.01283663; 203.0832; Before; 17.34212; null
13; Driver; None; None; 10.10.2023 16:36:08; 807.4672; -0.01284996; 203.0811; Before; 17.35781; null
13; Driver; None; None; 10.10.2023 16:36:08; 807.4363; -0.01285945; 203.0799; Before; 17.39129; null
13; Driver; None; None; 10.10.2023 16:36:08; 807.3746; -0.01287013; 203.0775; Before; 17.39129; null
13; Driver; None; None; 10.10.2023 16:36:08; 807.3438; -0.0128778; 203.0762; Before; 17.42349; null
13; Driver; None; None; 10.10.2023 16:36:08; 807.2509; -0.01288978; 203.0721; Before; 17.44016; null
13; Driver; None; None; 10.10.2023 16:36:08; 807.1888; -0.01286799; 203.0691; Before; 17.45657; null
13; Driver; None; None; 10.10.2023 16:36:08; 807.1577; -0.01284249; 203.0676; Before; 17.47766; null
13; Driver; None; None; 10.10.2023 16:36:08; 807.0955; -0.01284312; 203.0644; Before; 17.50014; null
13; Driver; None; None; 10.10.2023 16:36:08; 807.0332; -0.01282723; 203.061; Before; 17.51855; null
13; Driver; None; None; 10.10.2023 16:36:08; 806.9708; -0.012829; 203.0573; Before; 17.53456; null
13; Driver; None; None; 10.10.2023 16:36:08; 806.9396; -0.01283537; 203.0554; Intersection; 0.016304; null
13; Driver; None; None; 10.10.2023 16:36:08; 806.8773; -0.01284414; 203.0515; Intersection; 0.0342479; null
13; Driver; None; None; 10.10.2023 16:36:08; 806.8149; -0.01287134; 203.0474; Intersection; 0.0509348; null
13; Driver; None; None; 10.10.2023 16:36:08; 806.7527; -0.01287193; 203.043; Intersection; 0.0680999; null
13; Driver; None; None; 10.10.2023 16:36:08; 806.6907; -0.01285682; 203.0385; Intersection; 0.085945; null
13; Driver; None; None; 10.10.2023 16:36:08; 806.6288; -0.01285629; 203.0337; Intersection; 0.1051578; null
13; Driver; None; None; 10.10.2023 16:36:08; 806.5979; -0.0128606; 203.0312; Intersection; 0.1380044; null
13; Driver; None; None; 10.10.2023 16:36:08; 806.5363; -0.01286417; 203.0261; Intersection; 0.1380044; null
13; Driver; None; None; 10.10.2023 16:36:08; 806.4748; -0.0128851; 203.0207; Intersection; 0.1716949; null
13; Driver; None; None; 10.10.2023 16:36:08; 806.4135; -0.01287953; 203.0151; Intersection; 0.1880557; null
13; Driver; None; None; 10.10.2023 16:36:08; 806.3523; -0.01288277; 203.0092; Intersection; 0.2036439; null
13; Driver; None; None; 10.10.2023 16:36:08; 806.2913; -0.01286674; 203.003; Intersection; 0.2196555; null
13; Driver; None; None; 10.10.2023 16:36:08; 806.2609; -0.01286404; 202.9998; Intersection; 0.2387092; null
13; Driver; None; None; 10.10.2023 16:36:08; 806.2305; -0.01287237; 202.9966; Intersection; 0.2746247; null
13; Driver; None; None; 10.10.2023 16:36:08; 806.1397; -0.01288643; 202.9865; Intersection; 0.2903465; null
13; Driver; None; None; 10.10.2023 16:36:08; 806.0793; -0.01288951; 202.9794; Intersection; 0.3064625; null
13; Driver; None; None; 10.10.2023 16:36:08; 806.0493; -0.01289306; 202.9758; Intersection; 0.3381467; null
13; Driver; None; None; 10.10.2023 16:36:08; 805.9892; -0.01289151; 202.9683; Intersection; 0.3381467; null
13; Driver; None; None; 10.10.2023 16:36:08; 805.9592; -0.01289301; 202.9645; Intersection; 0.3707673; null
13; Driver; None; None; 10.10.2023 16:36:08; 805.8995; -0.0128881; 202.9566; Intersection; 0.3900771; null
13; Driver; None; None; 10.10.2023 16:36:08; 805.8101; -0.01285818; 202.9443; Intersection; 0.4092877; null
13; Driver; None; None; 10.10.2023 16:36:08; 805.7805; -0.01286306; 202.94; Intersection; 0.4419509; null
13; Driver; None; None; 10.10.2023 16:36:08; 805.7213; -0.01286555; 202.9312; Intersection; 0.4419509; null
13; Driver; None; None; 10.10.2023 16:36:08; 805.6917; -0.01286945; 202.9268; Intersection; 0.4739871; null
13; Driver; None; None; 10.10.2023 16:36:08; 805.6034; -0.01287245; 202.9129; Intersection; 0.4905636; null
13; Driver; None; None; 10.10.2023 16:36:08; 805.5447; -0.01287046; 202.9033; Intersection; 0.5060618; null
13; Driver; None; None; 10.10.2023 16:36:08; 805.4863; -0.01285009; 202.8935; Intersection; 0.521647; null
13; Driver; None; None; 10.10.2023 16:36:08; 805.4571; -0.01284532; 202.8885; Intersection; 0.5413391; null
13; Driver; None; None; 10.10.2023 16:36:08; 805.3989; -0.01281075; 202.8783; Intersection; 0.5623172; null
13; Driver; None; None; 10.10.2023 16:36:08; 805.3699; -0.01281522; 202.8731; Intersection; 0.5970533; null
13; Driver; None; None; 10.10.2023 16:36:08; 805.2831; -0.01282675; 202.8572; Intersection; 0.6130894; null
13; Driver; None; None; 10.10.2023 16:36:08; 805.2255; -0.01283369; 202.8464; Intersection; 0.6289645; null
13; Driver; None; None; 10.10.2023 16:36:08; 805.1967; -0.01284012; 202.8409; Intersection; 0.6448068; null
13; Driver; None; None; 10.10.2023 16:36:08; 805.1393; -0.01284578; 202.8298; Intersection; 0.660667; null
13; Driver; None; None; 10.10.2023 16:36:09; 805.0822; -0.01283276; 202.8185; Intersection; 0.6769699; null
13; Driver; None; None; 10.10.2023 16:36:09; 805.0251; -0.01280759; 202.807; Intersection; 0.6980829; null
13; Driver; None; None; 10.10.2023 16:36:09; 804.9966; -0.01280221; 202.8012; Intersection; 0.7359802; null
13; Driver; None; None; 10.10.2023 16:36:09; 804.9399; -0.01279247; 202.7894; Intersection; 0.7359802; null
13; Driver; None; None; 10.10.2023 16:36:09; 804.8833; -0.01280593; 202.7775; Intersection; 0.7699516; null
13; Driver; None; None; 10.10.2023 16:36:09; 804.8269; -0.01282274; 202.7653; Intersection; 0.7868773; null
13; Driver; None; None; 10.10.2023 16:36:09; 804.7988; -0.01283307; 202.7592; Intersection; 0.8174078; null
13; Driver; None; None; 10.10.2023 16:36:09; 804.7426; -0.01284456; 202.7468; Intersection; 0.8348333; null
13; Driver; None; None; 10.10.2023 16:36:09; 804.6866; -0.01283503; 202.7342; Intersection; 0.8348333; null
13; Driver; None; None; 10.10.2023 16:36:09; 804.6309; -0.0128113; 202.7214; Intersection; 0.8551002; null
13; Driver; None; None; 10.10.2023 16:36:09; 804.5753; -0.01281156; 202.7084; Intersection; 0.8916421; null
13; Driver; None; None; 10.10.2023 16:36:09; 804.5198; -0.01281734; 202.6953; Intersection; 0.9078309; null
13; Driver; None; None; 10.10.2023 16:36:09; 804.4921; -0.01282316; 202.6886; Intersection; 0.9384429; null
13; Driver; None; None; 10.10.2023 16:36:09; 804.437; -0.01282794; 202.6752; Intersection; 0.9384429; null
13; Driver; None; None; 10.10.2023 16:36:09; 804.382; -0.01284623; 202.6616; Intersection; 0.9716775; null
13; Driver; None; None; 10.10.2023 16:36:09; 804.3271; -0.01283854; 202.6478; Intersection; 0.9887382; null
13; Driver; None; None; 10.10.2023 16:36:09; 804.2725; -0.01281605; 202.6338; Intersection; 1.006941; null
13; Driver; None; None; 10.10.2023 16:36:09; 804.2181; -0.01280718; 202.6196; Intersection; 1.027884; null
13; Driver; None; None; 10.10.2023 16:36:09; 804.1909; -0.01280727; 202.6125; Intersection; 1.044278; null
13; Driver; None; None; 10.10.2023 16:36:09; 804.1368; -0.01280397; 202.598; Intersection; 1.060703; null
13; Driver; None; None; 10.10.2023 16:36:09; 804.1098; -0.0128063; 202.5907; Intersection; 1.093712; null
13; Driver; None; None; 10.10.2023 16:36:09; 804.0291; -0.01280983; 202.5685; Intersection; 1.110317; null
13; Driver; None; None; 10.10.2023 16:36:09; 803.9755; -0.01281116; 202.5535; Intersection; 1.126184; null
13; Driver; None; None; 10.10.2023 16:36:09; 803.9487; -0.0128148; 202.546; Intersection; 1.142206; null
13; Driver; None; None; 10.10.2023 16:36:09; 803.8954; -0.01279422; 202.5307; Intersection; 1.161075; null
13; Driver; None; None; 10.10.2023 16:36:09; 803.8423; -0.01278796; 202.5152; Intersection; 1.181787; null
13; Driver; None; None; 10.10.2023 16:36:09; 803.8159; -0.01278945; 202.5073; Intersection; 1.216798; null
13; Driver; None; None; 10.10.2023 16:36:09; 803.7367; -0.01279273; 202.4836; Intersection; 1.233298; null
13; Driver; None; None; 10.10.2023 16:36:09; 803.7104; -0.01280556; 202.4756; Intersection; 1.248837; null
13; Driver; None; None; 10.10.2023 16:36:09; 803.658; -0.0127997; 202.4594; Intersection; 1.264178; null
13; Driver; None; None; 10.10.2023 16:36:09; 803.6057; -0.01280269; 202.4431; Intersection; 1.2809; null
13; Driver; None; None; 10.10.2023 16:36:09; 803.5536; -0.01278923; 202.4266; Intersection; 1.298256; null
13; Driver; None; None; 10.10.2023 16:36:09; 803.5277; -0.01278743; 202.4182; Intersection; 1.339706; null
13; Driver; None; None; 10.10.2023 16:36:09; 803.476; -0.01278157; 202.4014; Intersection; 1.339706; null
13; Driver; None; None; 10.10.2023 16:36:09; 803.4503; -0.01278303; 202.3928; Intersection; 1.373184; null
13; Driver; None; None; 10.10.2023 16:36:09; 803.3732; -0.01278578; 202.367; Intersection; 1.390202; null
13; Driver; None; None; 10.10.2023 16:36:09; 803.3221; -0.01278773; 202.3495; Intersection; 1.406293; null
13; Driver; None; None; 10.10.2023 16:36:09; 803.2966; -0.01279179; 202.3407; Intersection; 1.438935; null
13; Driver; None; None; 10.10.2023 16:36:09; 803.2458; -0.01279413; 202.3229; Intersection; 1.438935; null
13; Driver; None; None; 10.10.2023 16:36:09; 803.1953; -0.01278035; 202.3048; Intersection; 1.455907; null
13; Driver; None; None; 10.10.2023 16:36:09; 803.1449; -0.01275638; 202.2866; Intersection; 1.475832; null
13; Driver; None; None; 10.10.2023 16:36:09; 803.1198; -0.01275134; 202.2774; Intersection; 1.513689; null
13; Driver; None; None; 10.10.2023 16:36:09; 803.0449; -0.01274417; 202.2495; Intersection; 1.530426; null
13; Driver; None; None; 10.10.2023 16:36:09; 803.02; -0.01275579; 202.2401; Intersection; 1.547318; null
13; Driver; None; None; 10.10.2023 16:36:09; 802.9703; -0.01277225; 202.2212; Intersection; 1.563507; null
13; Driver; None; None; 10.10.2023 16:36:09; 802.921; -0.01277042; 202.202; Intersection; 1.579604; null
13; Driver; None; None; 10.10.2023 16:36:09; 802.8964; -0.01277321; 202.1923; Intersection; 1.613526; null
13; Driver; None; None; 10.10.2023 16:36:09; 802.8474; -0.0127743; 202.1728; Intersection; 1.633633; null
13; Driver; None; None; 10.10.2023 16:36:09; 802.7986; -0.01276091; 202.1531; Intersection; 1.633633; null
13; Driver; None; None; 10.10.2023 16:36:09; 802.7501; -0.01276759; 202.1331; Intersection; 1.671052; null
13; Driver; None; None; 10.10.2023 16:36:10; 802.7017; -0.0127568; 202.113; Intersection; 1.68795; null
13; Driver; None; None; 10.10.2023 16:36:10; 802.6536; -0.01275779; 202.0926; Intersection; 1.703637; null
13; Driver; None; None; 10.10.2023 16:36:10; 802.6297; -0.0127619; 202.0823; Intersection; 1.737527; null
13; Driver; None; None; 10.10.2023 16:36:10; 802.582; -0.01276537; 202.0615; Intersection; 1.737527; null
13; Driver; None; None; 10.10.2023 16:36:10; 802.5345; -0.01278291; 202.0405; Intersection; 1.769826; null
13; Driver; None; None; 10.10.2023 16:36:10; 802.4873; -0.01277773; 202.0193; Intersection; 1.788999; null
13; Driver; None; None; 10.10.2023 16:36:10; 802.4403; -0.01275954; 201.9979; Intersection; 1.806896; null
13; Driver; None; None; 10.10.2023 16:36:10; 802.3936; -0.01275399; 201.9762; Intersection; 1.824756; null
13; Driver; None; None; 10.10.2023 16:36:10; 802.3703; -0.01275528; 201.9653; Intersection; 1.84243; null
13; Driver; None; None; 10.10.2023 16:36:10; 802.324; -0.01275441; 201.9433; Intersection; 1.858695; null
13; Driver; None; None; 10.10.2023 16:36:10; 802.3009; -0.01275745; 201.9322; Intersection; 1.89214; null
13; Driver; None; None; 10.10.2023 16:36:10; 802.2321; -0.01276257; 201.8986; Intersection; 1.909263; null
13; Driver; None; None; 10.10.2023 16:36:10; 802.1865; -0.01276441; 201.8759; Intersection; 1.926582; null
13; Driver; None; None; 10.10.2023 16:36:10; 802.1638; -0.01276789; 201.8645; Intersection; 1.946752; null
13; Driver; None; None; 10.10.2023 16:36:10; 802.1185; -0.01274901; 201.8415; Intersection; 1.965687; null
13; Driver; None; None; 10.10.2023 16:36:10; 802.0735; -0.01274291; 201.8183; Intersection; 1.982733; null
13; Driver; None; None; 10.10.2023 16:36:10; 802.0511; -0.01274401; 201.8066; Intersection; 2.018212; null
13; Driver; None; None; 10.10.2023 16:36:10; 802.0065; -0.01274306; 201.783; Intersection; 2.03547; null
13; Driver; None; None; 10.10.2023 16:36:10; 801.9622; -0.01272957; 201.7593; Intersection; 2.03547; null
13; Driver; None; None; 10.10.2023 16:36:10; 801.9182; -0.0127363; 201.7352; Intersection; 2.069947; null
13; Driver; None; None; 10.10.2023 16:36:10; 801.8745; -0.01272702; 201.711; Intersection; 2.088697; null
13; Driver; None; None; 10.10.2023 16:36:10; 801.8527; -0.01271074; 201.6988; Intersection; 2.108544; null
13; Driver; None; None; 10.10.2023 16:36:10; 801.7878; -0.01268894; 201.6618; Intersection; 2.129775; null
13; Driver; None; None; 10.10.2023 16:36:10; 801.7664; -0.01269725; 201.6494; Intersection; 2.149011; null
13; Driver; None; None; 10.10.2023 16:36:10; 801.7236; -0.01269137; 201.6243; Intersection; 2.165156; null
13; Driver; None; None; 10.10.2023 16:36:10; 801.6811; -0.01269952; 201.5991; Intersection; 2.181992; null
13; Driver; None; None; 10.10.2023 16:36:10; 801.66; -0.01270757; 201.5863; Intersection; 2.216612; null
13; Driver; None; None; 10.10.2023 16:36:10; 801.6179; -0.01271948; 201.5608; Intersection; 2.233049; null
13; Driver; None; None; 10.10.2023 16:36:10; 801.5761; -0.01271685; 201.535; Intersection; 2.233049; null
13; Driver; None; None; 10.10.2023 16:36:10; 801.5347; -0.0127039; 201.5089; Intersection; 2.253458; null
13; Driver; None; None; 10.10.2023 16:36:10; 801.4935; -0.01268485; 201.4827; Intersection; 2.275631; null
13; Driver; None; None; 10.10.2023 16:36:10; 801.473; -0.01268246; 201.4696; Intersection; 2.314689; null
13; Driver; None; None; 10.10.2023 16:36:10; 801.4118; -0.01268418; 201.4298; Intersection; 2.331606; null
13; Driver; None; None; 10.10.2023 16:36:10; 801.3915; -0.01269764; 201.4164; Intersection; 2.34803; null
13; Driver; None; None; 10.10.2023 16:36:10; 801.3512; -0.01269915; 201.3896; Intersection; 2.364192; null
13; Driver; None; None; 10.10.2023 16:36:10; 801.3311; -0.01271489; 201.3761; Intersection; 2.396981; null
13; Driver; None; None; 10.10.2023 16:36:10; 801.2911; -0.01273715; 201.3491; Intersection; 2.412817; null
13; Driver; None; None; 10.10.2023 16:36:10; 801.2514; -0.01273909; 201.322; Intersection; 2.432145; null
13; Driver; None; None; 10.10.2023 16:36:10; 801.2119; -0.01272604; 201.2946; Intersection; 2.432145; null
13; Driver; None; None; 10.10.2023 16:36:10; 801.1727; -0.01273012; 201.2672; Intersection; 2.469368; null
13; Driver; None; None; 10.10.2023 16:36:10; 801.1337; -0.01273625; 201.2396; Intersection; 2.485675; null
13; Driver; None; None; 10.10.2023 16:36:10; 801.1143; -0.01274098; 201.2257; Intersection; 2.518429; null
13; Driver; None; None; 10.10.2023 16:36:10; 801.0756; -0.01274349; 201.1979; Intersection; 2.534929; null
13; Driver; None; None; 10.10.2023 16:36:10; 801.0372; -0.01272991; 201.17; Intersection; 2.534929; null
13; Driver; None; None; 10.10.2023 16:36:10; 801.0181; -0.01272695; 201.156; Intersection; 2.569045; null
13; Driver; None; None; 10.10.2023 16:36:10; 800.9801; -0.01271858; 201.1279; Intersection; 2.591152; null
13; Driver; None; None; 10.10.2023 16:36:10; 800.9235; -0.01269577; 201.0854; Intersection; 2.610561; null
13; Driver; None; None; 10.10.2023 16:36:10; 800.886; -0.01268831; 201.0569; Intersection; 2.627454; null
13; Driver; None; None; 10.10.2023 16:36:10; 800.8672; -0.01268941; 201.0425; Intersection; 2.645079; null
13; Driver; None; None; 10.10.2023 16:36:10; 800.8297; -0.01268998; 201.0135; Intersection; 2.661772; null
13; Driver; None; None; 10.10.2023 16:36:11; 800.7919; -0.01268005; 200.984; Intersection; 2.679213; null
13; Driver; None; None; 10.10.2023 16:36:11; 800.7729; -0.01268057; 200.969; Intersection; 2.714557; null
13; Driver; None; None; 10.10.2023 16:36:11; 800.7346; -0.01268092; 200.9386; Intersection; 2.73253; null
13; Driver; None; None; 10.10.2023 16:36:11; 800.6958; -0.0126718; 200.9075; Intersection; 2.73253; null
13; Driver; None; None; 10.10.2023 16:36:11; 800.6566; -0.01265712; 200.8757; Intersection; 2.755033; null
13; Driver; None; None; 10.10.2023 16:36:11; 800.6369; -0.01265746; 200.8595; Intersection; 2.794707; null
13; Driver; None; None; 10.10.2023 16:36:11; 800.5771; -0.01266846; 200.81; Intersection; 2.811748; null
13; Driver; None; None; 10.10.2023 16:36:11; 800.5367; -0.01268306; 200.7761; Intersection; 2.828275; null
13; Driver; None; None; 10.10.2023 16:36:11; 800.5164; -0.01269494; 200.7589; Intersection; 2.845543; null
13; Driver; None; None; 10.10.2023 16:36:11; 800.4753; -0.01269413; 200.7238; Intersection; 2.862552; null
13; Driver; None; None; 10.10.2023 16:36:11; 800.4338; -0.01270826; 200.688; Intersection; 2.880253; null
13; Driver; None; None; 10.10.2023 16:36:11; 800.3919; -0.01271049; 200.6513; Intersection; 2.897567; null
13; Driver; None; None; 10.10.2023 16:36:11; 800.3708; -0.01271788; 200.6326; Intersection; 2.937415; null
13; Driver; None; None; 10.10.2023 16:36:11; 800.3284; -0.01273137; 200.5948; Intersection; 2.937415; null
13; Driver; None; None; 10.10.2023 16:36:11; 800.307; -0.01274302; 200.5755; Intersection; 2.972416; null
13; Driver; None; None; 10.10.2023 16:36:11; 800.2422; -0.01277522; 200.5165; Intersection; 2.989827; null
13; Driver; None; None; 10.10.2023 16:36:11; 800.1986; -0.01277236; 200.4761; Intersection; 3.008944; null
13; Driver; None; None; 10.10.2023 16:36:11; 800.1545; -0.01278383; 200.4348; Intersection; 3.026322; null
13; Driver; None; None; 10.10.2023 16:36:11; 800.1323; -0.01279422; 200.4137; Intersection; 3.043486; null
13; Driver; None; None; 10.10.2023 16:36:11; 800.0875; -0.01278628; 200.3709; Intersection; 3.060132; null
13; Driver; None; None; 10.10.2023 16:36:11; 800.0421; -0.01279541; 200.3271; Intersection; 3.080442; null
13; Driver; None; None; 10.10.2023 16:36:11; 800.0193; -0.01280558; 200.3048; Intersection; 3.117473; null
13; Driver; None; None; 10.10.2023 16:36:11; 799.9732; -0.01282166; 200.2594; Intersection; 3.134567; null
13; Driver; None; None; 10.10.2023 16:36:11; 799.9266; -0.01282105; 200.2129; Intersection; 3.134567; null
13; Driver; None; None; 10.10.2023 16:36:11; 799.8796; -0.01284637; 200.1653; Intersection; 3.169174; null
13; Driver; None; None; 10.10.2023 16:36:11; 799.832; -0.01284908; 200.1165; Intersection; 3.186558; null
13; Driver; None; None; 10.10.2023 16:36:11; 799.7838; -0.01286613; 200.0665; Intersection; 3.202929; null
13; Driver; None; None; 10.10.2023 16:36:11; 799.735; -0.01286493; 200.0153; Intersection; 3.220454; null
13; Driver; None; None; 10.10.2023 16:36:11; 799.7104; -0.0128716; 199.9891; Intersection; 3.240782; null
13; Driver; None; None; 10.10.2023 16:36:11; 799.6608; -0.01288243; 199.9358; Intersection; 3.261266; null
13; Driver; None; None; 10.10.2023 16:36:11; 799.6104; -0.01287762; 199.8811; Intersection; 3.279855; null
13; Driver; None; None; 10.10.2023 16:36:11; 799.5851; -0.01288399; 199.8532; Intersection; 3.31431; null
13; Driver; None; None; 10.10.2023 16:36:11; 799.5081; -0.0129094; 199.7674; Intersection; 3.331552; null
13; Driver; None; None; 10.10.2023 16:36:11; 799.4822; -0.01293665; 199.738; Intersection; 3.34885; null
13; Driver; None; None; 10.10.2023 16:36:11; 799.4299; -0.01294875; 199.6783; Intersection; 3.366302; null
13; Driver; None; None; 10.10.2023 16:36:11; 799.377; -0.01294461; 199.617; Intersection; 3.384315; null
13; Driver; None; None; 10.10.2023 16:36:11; 799.3235; -0.01293057; 199.5542; Intersection; 3.405812; null
13; Driver; None; None; 10.10.2023 16:36:11; 799.2696; -0.01294407; 199.4898; Intersection; 3.428373; null
13; Driver; None; None; 10.10.2023 16:36:11; 799.2425; -0.01295974; 199.457; Intersection; 3.446687; null
13; Driver; None; None; 10.10.2023 16:36:11; 799.1878; -0.01295491; 199.3901; Intersection; 3.464745; null
13; Driver; None; None; 10.10.2023 16:36:11; 799.1326; -0.0129773; 199.3216; Intersection; 3.482459; null
13; Driver; None; None; 10.10.2023 16:36:11; 799.1049; -0.01299707; 199.2866; Intersection; 3.51699; null
13; Driver; None; None; 10.10.2023 16:36:11; 799.049; -0.01303127; 199.2154; Intersection; 3.534415; null
13; Driver; None; None; 10.10.2023 16:36:11; 798.9927; -0.0130418; 199.1425; Intersection; 3.534415; null
13; Driver; None; None; 10.10.2023 16:36:11; 798.9359; -0.01303552; 199.0676; Intersection; 3.554766; null
13; Driver; None; None; 10.10.2023 16:36:11; 798.9073; -0.01304435; 199.0295; Intersection; 3.592728; null
13; Driver; None; None; 10.10.2023 16:36:11; 798.8211; -0.0130808; 198.9121; Intersection; 3.610538; null
13; Driver; None; None; 10.10.2023 16:36:11; 798.763; -0.01311273; 198.8313; Intersection; 3.626822; null
13; Driver; None; None; 10.10.2023 16:36:11; 798.7339; -0.01313599; 198.79; Intersection; 3.644303; null
13; Driver; None; None; 10.10.2023 16:36:11; 798.6752; -0.01317265; 198.706; Intersection; 3.660733; null
13; Driver; None; None; 10.10.2023 16:36:12; 798.6162; -0.01317896; 198.6197; Intersection; 3.678063; null
13; Driver; None; None; 10.10.2023 16:36:12; 798.5569; -0.01316435; 198.5311; Intersection; 3.696493; null
13; Driver; None; None; 10.10.2023 16:36:12; 798.5272; -0.01317038; 198.486; Intersection; 3.738273; null
13; Driver; None; None; 10.10.2023 16:36:12; 798.4675; -0.01318305; 198.394; Intersection; 3.738273; null
13; Driver; None; None; 10.10.2023 16:36:12; 798.4076; -0.01317692; 198.2997; Intersection; 3.755946; null
13; Driver; None; None; 10.10.2023 16:36:12; 798.3477; -0.01304461; 198.2029; Intersection; 3.791492; null
13; Driver; None; None; 10.10.2023 16:36:12; 798.2874; -0.01292837; 198.1039; Intersection; 3.808683; null
13; Driver; None; None; 10.10.2023 16:36:12; 798.2271; -0.01289196; 198.0024; Intersection; 3.825099; null
13; Driver; None; None; 10.10.2023 16:36:12; 798.197; -0.01289523; 197.9507; Intersection; 3.84266; null
13; Driver; None; None; 10.10.2023 16:36:12; 798.1366; -0.0128745; 197.8455; Intersection; 3.859964; null
13; Driver; None; None; 10.10.2023 16:36:12; 798.0763; -0.01286644; 197.7379; Intersection; 3.882198; null
13; Driver; None; None; 10.10.2023 16:36:12; 798.0161; -0.01292566; 197.6279; Intersection; 3.903107; null
13; Driver; None; None; 10.10.2023 16:36:12; 797.9861; -0.01296893; 197.5719; Intersection; 3.937847; null
13; Driver; None; None; 10.10.2023 16:36:12; 797.926; -0.01306267; 197.4581; Intersection; 3.937847; null
13; Driver; None; None; 10.10.2023 16:36:12; 797.8962; -0.01311437; 197.4003; Intersection; 3.972635; null
13; Driver; None; None; 10.10.2023 16:36:12; 797.8364; -0.01321014; 197.2829; Intersection; 3.989876; null
13; Driver; None; None; 10.10.2023 16:36:12; 797.7475; -0.01327534; 197.1023; Intersection; 4.00915; null
13; Driver; None; None; 10.10.2023 16:36:12; 797.6887; -0.01325889; 196.9791; Intersection; 4.027715; null
13; Driver; None; None; 10.10.2023 16:36:12; 797.6593; -0.01322113; 196.9166; Intersection; 4.027715; null
13; Driver; None; None; 10.10.2023 16:36:12; 797.6011; -0.01317842; 196.7899; Intersection; 4.04848; null
13; Driver; None; None; 10.10.2023 16:36:12; 797.5435; -0.01313316; 196.6609; Intersection; 4.072376; null
13; Driver; None; None; 10.10.2023 16:36:12; 797.4864; -0.01309374; 196.5295; Intersection; 4.101617; null
13; Driver; None; None; 10.10.2023 16:36:12; 797.4581; -0.01309995; 196.4628; Intersection; 4.13788; null
13; Driver; None; None; 10.10.2023 16:36:12; 797.4018; -0.01314278; 196.3277; Intersection; 4.13788; null
13; Driver; None; None; 10.10.2023 16:36:12; 797.3461; -0.01316944; 196.1903; Intersection; 4.15745; null
13; Driver; None; None; 10.10.2023 16:36:12; 797.2911; -0.01318314; 196.0504; Intersection; 4.17508; null
13; Driver; None; None; 10.10.2023 16:36:12; 797.2369; -0.01318776; 195.9081; Intersection; 4.193752; null
13; Driver; None; None; 10.10.2023 16:36:12; 797.2102; -0.01321127; 195.836; Intersection; 4.238226; null
13; Driver; None; None; 10.10.2023 16:36:12; 797.1571; -0.01327834; 195.69; Intersection; 4.238226; null
13; Driver; None; None; 10.10.2023 16:36:12; 797.1048; -0.01331376; 195.5415; Intersection; 4.257318; null
13; Driver; None; None; 10.10.2023 16:36:12; 797.0533; -0.0133242; 195.3904; Intersection; 4.276103; null
13; Driver; None; None; 10.10.2023 16:36:12; 797.0018; -0.01315684; 195.2372; Intersection; 4.276103; null
13; Driver; None; None; 10.10.2023 16:36:12; 796.9525; -0.01304682; 195.081; Intersection; 4.294455; null
13; Driver; None; None; 10.10.2023 16:36:12; 796.9283; -0.01303852; 195.002; Intersection; 4.336002; null
13; Driver; None; None; 10.10.2023 16:36:12; 796.8804; -0.01301132; 194.842; Intersection; 4.358387; null
13; Driver; None; None; 10.10.2023 16:36:12; 796.8336; -0.01302779; 194.6799; Intersection; 4.380405; null
13; Driver; None; None; 10.10.2023 16:36:12; 796.7879; -0.01315089; 194.5156; Intersection; 4.402683; null
13; Driver; None; None; 10.10.2023 16:36:12; 796.7435; -0.01325783; 194.3491; Intersection; 4.421152; null
13; Driver; None; None; 10.10.2023 16:36:12; 796.7219; -0.01332933; 194.265; Intersection; 4.439338; null
13; Driver; None; None; 10.10.2023 16:36:12; 796.6793; -0.01347877; 194.0952; Intersection; 4.458766; null
13; Driver; None; None; 10.10.2023 16:36:12; 796.638; -0.01356829; 193.9232; Intersection; 4.476713; null
13; Driver; None; None; 10.10.2023 16:36:12; 796.5981; -0.01360588; 193.749; Intersection; 4.495001; null
13; Driver; None; None; 10.10.2023 16:36:12; 796.5598; -0.01360362; 193.5726; Intersection; 4.515253; null
13; Driver; None; None; 10.10.2023 16:36:12; 796.5413; -0.01361941; 193.4836; Intersection; 4.537714; null
13; Driver; None; None; 10.10.2023 16:36:12; 796.5051; -0.01358296; 193.3041; Intersection; 4.56349; null
13; Driver; None; None; 10.10.2023 16:36:12; 796.4704; -0.0135389; 193.1224; Intersection; 4.582347; null
13; Driver; None; None; 10.10.2023 16:36:12; 796.4373; -0.01357938; 192.9386; Intersection; 4.602798; null
13; Driver; None; None; 10.10.2023 16:36:12; 796.4059; -0.01359025; 192.7528; Intersection; 4.623092; null
13; Driver; None; None; 10.10.2023 16:36:12; 796.3909; -0.01361617; 192.6591; Intersection; 4.641416; null
13; Driver; None; None; 10.10.2023 16:36:12; 796.362; -0.01359961; 192.4701; Intersection; 4.661882; null
13; Driver; None; None; 10.10.2023 16:36:13; 796.3348; -0.01357537; 192.2791; Intersection; 4.680164; null
13; Driver; None; None; 10.10.2023 16:36:13; 796.3093; -0.01355046; 192.086; Intersection; 4.702388; null
13; Driver; None; None; 10.10.2023 16:36:13; 796.2855; -0.01361716; 191.891; Intersection; 4.725288; null
13; Driver; None; None; 10.10.2023 16:36:13; 796.2745; -0.01366804; 191.7927; Intersection; 4.744887; null
13; Driver; None; None; 10.10.2023 16:36:13; 796.2533; -0.01368889; 191.5947; Intersection; 4.762613; null
13; Driver; None; None; 10.10.2023 16:36:13; 796.2339; -0.01377721; 191.3947; Intersection; 4.78112; null
13; Driver; None; None; 10.10.2023 16:36:13; 796.2162; -0.01381127; 191.1931; Intersection; 4.799192; null
13; Driver; None; None; 10.10.2023 16:36:13; 796.2003; -0.01380428; 190.9898; Intersection; 4.817366; null
13; Driver; None; None; 10.10.2023 16:36:13; 796.1931; -0.01382109; 190.8876; Intersection; 4.836138; null
13; Driver; None; None; 10.10.2023 16:36:13; 796.1797; -0.01387149; 190.6825; Intersection; 4.858546; null
13; Driver; None; None; 10.10.2023 16:36:13; 796.1679; -0.01387312; 190.4763; Intersection; 4.8801; null
13; Driver; None; None; 10.10.2023 16:36:13; 796.1628; -0.01389195; 190.3729; Intersection; 4.916969; null
13; Driver; None; None; 10.10.2023 16:36:13; 796.1533; -0.0139424; 190.1656; Intersection; 4.934791; null
13; Driver; None; None; 10.10.2023 16:36:13; 796.1453; -0.01393903; 189.9576; Intersection; 4.934791; null
13; Driver; None; None; 10.10.2023 16:36:13; 796.1389; -0.01401476; 189.7489; Intersection; 4.970259; null
13; Driver; None; None; 10.10.2023 16:36:13; 796.1359; -0.0139957; 189.6443; Intersection; 4.98868; null
13; Driver; None; None; 10.10.2023 16:36:13; 796.1312; -0.01398172; 189.4345; Intersection; 5.009081; null
13; Driver; None; None; 10.10.2023 16:36:13; 796.1275; -0.01393064; 189.224; Intersection; 5.031321; null
13; Driver; None; None; 10.10.2023 16:36:13; 796.125; -0.01397717; 189.0128; Intersection; 5.050692; null
13; Driver; None; None; 10.10.2023 16:36:13; 796.1231; -0.01397467; 188.8009; After ; 0; null
13; Driver; None; None; 10.10.2023 16:36:13; 796.1219; -0.01403299; 188.5883; After ; 0.0155151; null
13; Driver; None; None; 10.10.2023 16:36:13; 796.1217; -0.01406986; 188.4816; After ; 0.0498946; null
13; Driver; None; None; 10.10.2023 16:36:13; 796.1215; -0.01413677; 188.2678; After ; 0.066193; null
13; Driver; None; None; 10.10.2023 16:36:13; 796.1217; -0.01412614; 188.0533; After ; 0.066193; null
13; Driver; None; None; 10.10.2023 16:36:13; 796.1221; -0.014132; 187.9457; After ; 0.1031056; null
13; Driver; None; None; 10.10.2023 16:36:13; 796.1234; -0.01416268; 187.6219; After ; 0.1221472; null
13; Driver; None; None; 10.10.2023 16:36:13; 796.124; -0.01422004; 187.5137; After ; 0.1523245; null
13; Driver; None; None; 10.10.2023 16:36:13; 796.1251; -0.01430677; 187.2965; After ; 0.1675488; null
13; Driver; None; None; 10.10.2023 16:36:13; 796.1264; -0.01429206; 187.0787; After ; 0.1675488; null
13; Driver; None; None; 10.10.2023 16:36:13; 796.1277; -0.014329; 186.8602; After ; 0.2025336; null
13; Driver; None; None; 10.10.2023 16:36:13; 796.129; -0.01437994; 186.6411; After ; 0.2186587; null
13; Driver; None; None; 10.10.2023 16:36:13; 796.1297; -0.01439988; 186.5313; After ; 0.2488574; null
13; Driver; None; None; 10.10.2023 16:36:13; 796.131; -0.01441565; 186.3113; After ; 0.2660326; null
13; Driver; None; None; 10.10.2023 16:36:13; 796.1323; -0.01446271; 186.0909; After ; 0.2823306; null
13; Driver; None; None; 10.10.2023 16:36:13; 796.1335; -0.01440877; 185.8701; After ; 0.2987396; null
13; Driver; None; None; 10.10.2023 16:36:13; 796.1342; -0.01444441; 185.7596; After ; 0.3297003; null
13; Driver; None; None; 10.10.2023 16:36:13; 796.1359; -0.01449347; 185.4277; After ; 0.345722; null
13; Driver; None; None; 10.10.2023 16:36:13; 796.137; -0.01449004; 185.2062; After ; 0.3607584; null
13; Driver; None; None; 10.10.2023 16:36:13; 796.1375; -0.01448508; 185.0954; After ; 0.3760785; null
13; Driver; None; None; 10.10.2023 16:36:13; 796.1384; -0.01445815; 184.8739; After ; 0.3920501; null
13; Driver; None; None; 10.10.2023 16:36:13; 796.1389; -0.01444574; 184.763; After ; 0.4250915; null
13; Driver; None; None; 10.10.2023 16:36:13; 796.1401; -0.01439883; 184.4305; After ; 0.4422028; null
13; Driver; None; None; 10.10.2023 16:36:13; 796.1404; -0.0144281; 184.3196; After ; 0.472823; null
13; Driver; None; None; 10.10.2023 16:36:13; 796.1411; -0.01445932; 184.0978; After ; 0.472823; null
13; Driver; None; None; 10.10.2023 16:36:13; 796.1413; -0.01446991; 183.9869; After ; 0.5052155; null
13; Driver; None; None; 10.10.2023 16:36:13; 796.142; -0.0144659; 183.6539; After ; 0.5217999; null
13; Driver; None; None; 10.10.2023 16:36:13; 796.1423; -0.01444469; 183.4317; After ; 0.5378839; null
13; Driver; None; None; 10.10.2023 16:36:13; 796.1424; -0.0144354; 183.3206; After ; 0.5691192; null
13; Driver; None; None; 10.10.2023 16:36:13; 796.1425; -0.0145304; 183.0983; After ; 0.5861438; null
13; Driver; None; None; 10.10.2023 16:36:13; 796.1425; -0.01450497; 182.8758; After ; 0.6013286; null
13; Driver; None; None; 10.10.2023 16:36:14; 796.1424; -0.01449691; 182.6532; After ; 0.6170367; null
13; Driver; None; None; 10.10.2023 16:36:14; 796.1423; -0.01449026; 182.5419; After ; 0.6501105; null
13; Driver; None; None; 10.10.2023 16:36:14; 796.1419; -0.01446095; 182.3193; After ; 0.6664923; null
13; Driver; None; None; 10.10.2023 16:36:14; 796.1414; -0.01447541; 182.0969; After ; 0.6831192; null
13; Driver; None; None; 10.10.2023 16:36:14; 796.1407; -0.01440017; 181.8748; After ; 0.7003791; null
13; Driver; None; None; 10.10.2023 16:36:14; 796.14; -0.01437054; 181.653; After ; 0.7154655; null
13; Driver; None; None; 10.10.2023 16:36:14; 796.1396; -0.01436193; 181.5421; After ; 0.7484994; null
13; Driver; None; None; 10.10.2023 16:36:14; 796.1381; -0.01433903; 181.21; After ; 0.7649021; null
13; Driver; None; None; 10.10.2023 16:36:14; 796.1375; -0.01437837; 181.0993; After ; 0.7806605; null
13; Driver; None; None; 10.10.2023 16:36:14; 796.1361; -0.01443; 180.878; After ; 0.7964325; null
13; Driver; None; None; 10.10.2023 16:36:14; 796.1354; -0.01445006; 180.7674; After ; 0.8280609; null
13; Driver; None; None; 10.10.2023 16:36:14; 796.133; -0.01446862; 180.4357; After ; 0.8440492; null
13; Driver; None; None; 10.10.2023 16:36:14; 796.1312; -0.01445636; 180.2148; After ; 0.8594046; null
13; Driver; None; None; 10.10.2023 16:36:14; 796.1302; -0.01444956; 180.1045; After ; 0.8747634; null
13; Driver; None; None; 10.10.2023 16:36:14; 796.1293; -0.01448162; 179.9943; After ; 0.9070821; null
13; Driver; None; None; 10.10.2023 16:36:14; 796.1261; -0.01451765; 179.6644; After ; 0.9235538; null
13; Driver; None; None; 10.10.2023 16:36:14; 796.1238; -0.01450441; 179.445; After ; 0.9383336; null
13; Driver; None; None; 10.10.2023 16:36:14; 796.1226; -0.01449433; 179.3356; After ; 0.9703544; null
13; Driver; None; None; 10.10.2023 16:36:14; 796.12; -0.01457887; 179.117; After ; 0.986342; null
13; Driver; None; None; 10.10.2023 16:36:14; 796.1172; -0.01453827; 178.899; After ; 1.001549; null
13; Driver; None; None; 10.10.2023 16:36:14; 796.1158; -0.01457166; 178.7901; After ; 1.031321; null
13; Driver; None; None; 10.10.2023 16:36:14; 796.1114; -0.01459065; 178.4643; After ; 1.046106; null
13; Driver; None; None; 10.10.2023 16:36:14; 796.1082; -0.01455505; 178.2478; After ; 1.061128; null
13; Driver; None; None; 10.10.2023 16:36:14; 796.1066; -0.01453227; 178.1397; After ; 1.075919; null
13; Driver; None; None; 10.10.2023 16:36:14; 796.1031; -0.01458959; 177.9239; After ; 1.10641; null
13; Driver; None; None; 10.10.2023 16:36:14; 796.0997; -0.0145254; 177.7086; After ; 1.121311; null
13; Driver; None; None; 10.10.2023 16:36:14; 796.0978; -0.01454787; 177.6011; After ; 1.152178; null
13; Driver; None; None; 10.10.2023 16:36:14; 796.0942; -0.01455145; 177.3866; After ; 1.167174; null
13; Driver; None; None; 10.10.2023 16:36:14; 796.0903; -0.0145672; 177.1725; After ; 1.183394; null
13; Driver; None; None; 10.10.2023 16:36:14; 796.0864; -0.01447427; 176.9589; After ; 1.199609; null
13; Driver; None; None; 10.10.2023 16:36:14; 796.0845; -0.01448651; 176.8523; After ; 1.230421; null
13; Driver; None; None; 10.10.2023 16:36:14; 796.0785; -0.01446835; 176.5332; After ; 1.245811; null
13; Driver; None; None; 10.10.2023 16:36:14; 796.0745; -0.01442717; 176.321; After ; 1.261008; null
13; Driver; None; None; 10.10.2023 16:36:14; 796.0726; -0.01440602; 176.2151; After ; 1.276538; null
13; Driver; None; None; 10.10.2023 16:36:14; 796.0706; -0.01442281; 176.1094; After ; 1.307711; null
13; Driver; None; None; 10.10.2023 16:36:14; 796.0649; -0.01442233; 175.7928; After ; 1.323497; null
13; Driver; None; None; 10.10.2023 16:36:14; 796.063; -0.01445245; 175.6876; After ; 1.353279; null
13; Driver; None; None; 10.10.2023 16:36:14; 796.0594; -0.01447252; 175.4774; After ; 1.368127; null
13; Driver; None; None; 10.10.2023 16:36:14; 796.056; -0.01450314; 175.2676; After ; 1.383735; null
13; Driver; None; None; 10.10.2023 16:36:14; 796.0526; -0.01442442; 175.0581; After ; 1.399828; null
13; Driver; None; None; 10.10.2023 16:36:14; 796.0494; -0.01437142; 174.8488; After ; 1.414377; null
13; Driver; None; None; 10.10.2023 16:36:14; 796.0478; -0.0143467; 174.7441; After ; 1.446969; null
13; Driver; None; None; 10.10.2023 16:36:14; 796.0433; -0.01436325; 174.4303; After ; 1.4634; null
13; Driver; None; None; 10.10.2023 16:36:14; 796.0419; -0.01436033; 174.3256; After ; 1.478988; null
13; Driver; None; None; 10.10.2023 16:36:14; 796.0392; -0.01433619; 174.1161; After ; 1.493434; null
13; Driver; None; None; 10.10.2023 16:36:14; 796.0366; -0.01434952; 173.9063; After ; 1.525153; null
13; Driver; None; None; 10.10.2023 16:36:14; 796.0341; -0.01436944; 173.6963; After ; 1.541238; null
13; Driver; None; None; 10.10.2023 16:36:14; 796.033; -0.014373; 173.5912; After ; 1.572584; null
13; Driver; None; None; 10.10.2023 16:36:14; 796.0307; -0.01435746; 173.3808; After ; 1.572584; null
13; Driver; None; None; 10.10.2023 16:36:14; 796.0286; -0.01437486; 173.1702; After ; 1.604401; null
13; Driver; None; None; 10.10.2023 16:36:15; 796.0267; -0.0143955; 172.9594; After ; 1.62069; null
13; Driver; None; None; 10.10.2023 16:36:15; 796.0258; -0.01439848; 172.8539; After ; 1.65057; null
13; Driver; None; None; 10.10.2023 16:36:15; 796.024; -0.01438071; 172.6428; After ; 1.665851; null
13; Driver; None; None; 10.10.2023 16:36:15; 796.0225; -0.01439524; 172.4316; After ; 1.682203; null
13; Driver; None; None; 10.10.2023 16:36:15; 796.0211; -0.01431811; 172.2203; After ; 1.698514; null
13; Driver; None; None; 10.10.2023 16:36:15; 796.0205; -0.01434184; 172.1147; After ; 1.730239; null
13; Driver; None; None; 10.10.2023 16:36:15; 796.0189; -0.01436762; 171.798; After ; 1.745829; null
13; Driver; None; None; 10.10.2023 16:36:15; 796.0181; -0.01435775; 171.5871; After ; 1.761573; null
13; Driver; None; None; 10.10.2023 16:36:15; 796.0177; -0.01435149; 171.4817; After ; 1.778144; null
13; Driver; None; None; 10.10.2023 16:36:15; 796.0171; -0.01432553; 171.2712; After ; 1.794063; null
13; Driver; None; None; 10.10.2023 16:36:15; 796.0168; -0.01431451; 171.1661; After ; 1.827616; null
13; Driver; None; None; 10.10.2023 16:36:15; 796.0164; -0.01427409; 170.8515; After ; 1.844771; null
13; Driver; None; None; 10.10.2023 16:36:15; 796.0162; -0.0142484; 170.6423; After ; 1.86066; null
13; Driver; None; None; 10.10.2023 16:36:15; 796.0162; -0.01424093; 170.5379; After ; 1.87595; null
13; Driver; None; None; 10.10.2023 16:36:15; 796.0163; -0.01422271; 170.3294; After ; 1.891585; null
13; Driver; None; None; 10.10.2023 16:36:15; 796.0165; -0.01425528; 170.1214; After ; 1.924078; null
13; Driver; None; None; 10.10.2023 16:36:15; 796.0168; -0.01430121; 169.9138; After ; 1.940247; null
13; Driver; None; None; 10.10.2023 16:36:15; 796.017; -0.0143183; 169.8102; After ; 1.971178; null
13; Driver; None; None; 10.10.2023 16:36:15; 796.0175; -0.01432827; 169.6033; After ; 1.971178; null
13; Driver; None; None; 10.10.2023 16:36:15; 796.0181; -0.01436476; 169.397; After ; 2.003449; null
13; Driver; None; None; 10.10.2023 16:36:15; 796.0187; -0.01439699; 169.1911; After ; 2.019747; null
13; Driver; None; None; 10.10.2023 16:36:15; 796.019; -0.01440282; 169.0883; After ; 2.04952; null
13; Driver; None; None; 10.10.2023 16:36:15; 796.0198; -0.01438556; 168.8831; After ; 2.06592; null
13; Driver; None; None; 10.10.2023 16:36:15; 796.0206; -0.01439269; 168.6783; After ; 2.081883; null
13; Driver; None; None; 10.10.2023 16:36:15; 796.0215; -0.01430598; 168.4741; After ; 2.098785; null
13; Driver; None; None; 10.10.2023 16:36:15; 796.0225; -0.0142547; 168.2703; After ; 2.114402; null
13; Driver; None; None; 10.10.2023 16:36:15; 796.023; -0.01423368; 168.1686; After ; 2.147969; null
13; Driver; None; None; 10.10.2023 16:36:15; 796.0245; -0.01417441; 167.8641; After ; 2.16523; null
13; Driver; None; None; 10.10.2023 16:36:15; 796.0251; -0.01419911; 167.7628; After ; 2.180925; null
13; Driver; None; None; 10.10.2023 16:36:15; 796.0262; -0.0142273; 167.5607; After ; 2.196555; null
13; Driver; None; None; 10.10.2023 16:36:15; 796.0267; -0.01423802; 167.4598; After ; 2.229195; null
13; Driver; None; None; 10.10.2023 16:36:15; 796.0278; -0.01424041; 167.2583; After ; 2.246088; null
13; Driver; None; None; 10.10.2023 16:36:15; 796.0294; -0.01422443; 166.957; After ; 2.26254; null
13; Driver; None; None; 10.10.2023 16:36:15; 796.0299; -0.01421734; 166.8567; After ; 2.279021; null
13; Driver; None; None; 10.10.2023 16:36:15; 796.0309; -0.01419322; 166.6566; After ; 2.293986; null
13; Driver; None; None; 10.10.2023 16:36:15; 796.0314; -0.01418397; 166.5568; After ; 2.325938; null
13; Driver; None; None; 10.10.2023 16:36:15; 796.0328; -0.01424052; 166.2578; After ; 2.34188; null
13; Driver; None; None; 10.10.2023 16:36:15; 796.0333; -0.01424913; 166.1584; After ; 2.371691; null
13; Driver; None; None; 10.10.2023 16:36:15; 796.0341; -0.0142443; 165.9599; After ; 2.371691; null
13; Driver; None; None; 10.10.2023 16:36:15; 796.035; -0.01426766; 165.7619; After ; 2.404589; null
13; Driver; None; None; 10.10.2023 16:36:15; 796.0358; -0.01420144; 165.5643; After ; 2.420828; null
13; Driver; None; None; 10.10.2023 16:36:15; 796.0366; -0.01416818; 165.3672; After ; 2.435596; null
13; Driver; None; None; 10.10.2023 16:36:15; 796.0369; -0.01415495; 165.2688; After ; 2.469908; null
13; Driver; None; None; 10.10.2023 16:36:15; 796.0377; -0.01412382; 165.0724; After ; 2.469908; null
13; Driver; None; None; 10.10.2023 16:36:15; 796.0383; -0.01414041; 164.8764; After ; 2.502443; null
13; Driver; None; None; 10.10.2023 16:36:15; 796.0389; -0.01408329; 164.6808; After ; 2.519769; null
13; Driver; None; None; 10.10.2023 16:36:15; 796.0396; -0.01406834; 164.4857; After ; 2.535264; null
13; Driver; None; None; 10.10.2023 16:36:15; 796.0399; -0.01406622; 164.3883; After ; 2.569125; null
13; Driver; None; None; 10.10.2023 16:36:15; 796.0404; -0.01405857; 164.1939; After ; 2.569125; null
13; Driver; None; None; 10.10.2023 16:36:15; 796.0409; -0.01409695; 163.9999; After ; 2.603008; null
13; Driver; None; None; 10.10.2023 16:36:16; 796.0414; -0.01405873; 163.8063; After ; 2.620937; null
13; Driver; None; None; 10.10.2023 16:36:16; 796.0416; -0.01409718; 163.7097; After ; 2.652588; null
13; Driver; None; None; 10.10.2023 16:36:16; 796.0419; -0.01414689; 163.5168; After ; 2.668184; null
13; Driver; None; None; 10.10.2023 16:36:16; 796.0423; -0.01421253; 163.3244; After ; 2.68441; null
13; Driver; None; None; 10.10.2023 16:36:16; 796.0426; -0.01417761; 163.1324; After ; 2.700963; null
13; Driver; None; None; 10.10.2023 16:36:16; 796.0428; -0.01416139; 162.9409; After ; 2.715689; null
13; Driver; None; None; 10.10.2023 16:36:16; 796.043; -0.01415213; 162.8452; After ; 2.748008; null
13; Driver; None; None; 10.10.2023 16:36:16; 796.0433; -0.0141085; 162.5591; After ; 2.765706; null
13; Driver; None; None; 10.10.2023 16:36:16; 796.0433; -0.01413048; 162.4639; After ; 2.781535; null
13; Driver; None; None; 10.10.2023 16:36:16; 796.0435; -0.01406341; 162.2739; After ; 2.797301; null
13; Driver; None; None; 10.10.2023 16:36:16; 796.0435; -0.01408742; 162.179; After ; 2.829646; null
13; Driver; None; None; 10.10.2023 16:36:16; 796.0435; -0.01412073; 161.8951; After ; 2.845807; null
13; Driver; None; None; 10.10.2023 16:36:16; 796.0435; -0.01411784; 161.7064; After ; 2.861639; null
13; Driver; None; None; 10.10.2023 16:36:16; 796.0435; -0.01411441; 161.6122; After ; 2.876747; null
13; Driver; None; None; 10.10.2023 16:36:16; 796.0434; -0.01409375; 161.4241; After ; 2.892403; null
13; Driver; None; None; 10.10.2023 16:36:16; 796.0433; -0.01408417; 161.3302; After ; 2.925753; null
13; Driver; None; None; 10.10.2023 16:36:16; 796.0431; -0.01404561; 161.0493; After ; 2.94261; null
13; Driver; None; None; 10.10.2023 16:36:16; 796.043; -0.01406985; 160.9558; After ; 2.97432; null
13; Driver; None; None; 10.10.2023 16:36:16; 796.0427; -0.0140942; 160.7693; After ; 2.97432; null
13; Driver; None; None; 10.10.2023 16:36:16; 796.0425; -0.01403523; 160.5831; After ; 2.990306; null
13; Driver; None; None; 10.10.2023 16:36:16; 796.0421; -0.01402712; 160.3974; After ; 3.024757; null
13; Driver; None; None; 10.10.2023 16:36:16; 796.0417; -0.01403963; 160.2121; After ; 3.041596; null
13; Driver; None; None; 10.10.2023 16:36:16; 796.0416; -0.01404429; 160.1196; After ; 3.072725; null
13; Driver; None; None; 10.10.2023 16:36:16; 796.0412; -0.01403932; 159.935; After ; 3.072725; null
13; Driver; None; None; 10.10.2023 16:36:16; 796.041; -0.01403679; 159.8428; After ; 3.105809; null
13; Driver; None; None; 10.10.2023 16:36:16; 796.0402; -0.01401466; 159.5669; After ; 3.121999; null
13; Driver; None; None; 10.10.2023 16:36:16; 796.0397; -0.01399462; 159.3835; After ; 3.138037; null
13; Driver; None; None; 10.10.2023 16:36:16; 796.0394; -0.01398771; 159.292; After ; 3.169895; null
13; Driver; None; None; 10.10.2023 16:36:16; 796.0388; -0.01396865; 159.1093; After ; 3.169895; null
13; Driver; None; None; 10.10.2023 16:36:16; 796.0382; -0.01399202; 158.9269; After ; 3.202859; null
13; Driver; None; None; 10.10.2023 16:36:16; 796.0375; -0.01394445; 158.745; After ; 3.220538; null
13; Driver; None; None; 10.10.2023 16:36:16; 796.0368; -0.01393372; 158.5635; After ; 3.23603; null
13; Driver; None; None; 10.10.2023 16:36:16; 796.0364; -0.01393251; 158.4729; After ; 3.268864; null
13; Driver; None; None; 10.10.2023 16:36:16; 796.0357; -0.01392556; 158.292; After ; 3.268864; null
13; Driver; None; None; 10.10.2023 16:36:16; 796.0349; -0.01396006; 158.1116; After ; 3.303258; null
13; Driver; None; None; 10.10.2023 16:36:16; 796.034; -0.01392251; 157.9315; After ; 3.319808; null
13; Driver; None; None; 10.10.2023 16:36:16; 796.0331; -0.01391892; 157.7519; After ; 3.336566; null
13; Driver; None; None; 10.10.2023 16:36:16; 796.0327; -0.01392023; 157.6622; After ; 3.369488; null
13; Driver; None; None; 10.10.2023 16:36:16; 796.0317; -0.01391644; 157.4832; After ; 3.369488; null
13; Driver; None; None; 10.10.2023 16:36:16; 796.0308; -0.01395148; 157.3046; After ; 3.403774; null
13; Driver; None; None; 10.10.2023 16:36:16; 796.0298; -0.01391347; 157.1264; After ; 3.420818; null
13; Driver; None; None; 10.10.2023 16:36:16; 796.0288; -0.01390799; 156.9486; After ; 3.435579; null
13; Driver; None; None; 10.10.2023 16:36:16; 796.0283; -0.01390809; 156.8598; After ; 3.469424; null
13; Driver; None; None; 10.10.2023 16:36:16; 796.0272; -0.0139018; 156.6826; After ; 3.469424; null
13; Driver; None; None; 10.10.2023 16:36:16; 796.0261; -0.013934; 156.5059; After ; 3.50211; null
13; Driver; None; None; 10.10.2023 16:36:16; 796.025; -0.01397377; 156.3295; After ; 3.51916; null
13; Driver; None; None; 10.10.2023 16:36:16; 796.0238; -0.01393073; 156.1535; After ; 3.534711; null
13; Driver; None; None; 10.10.2023 16:36:16; 796.0232; -0.01391389; 156.0657; After ; 3.569259; null
13; Driver; None; None; 10.10.2023 16:36:16; 796.022; -0.0138794; 155.8908; After ; 3.569259; null
13; Driver; None; None; 10.10.2023 16:36:16; 796.0214; -0.01386799; 155.804; After ; 3.604377; null
13; Driver; None; None; 10.10.2023 16:36:17; 796.0195; -0.01384066; 155.5474; After ; 3.622507; null
13; Driver; None; None; 10.10.2023 16:36:17; 796.0183; -0.0137524; 155.3785; After ; 3.641225; null
13; Driver; None; None; 10.10.2023 16:36:17; 796.0171; -0.01372336; 155.2114; After ; 3.659862; null
13; Driver; None; None; 10.10.2023 16:36:17; 796.0165; -0.01371996; 155.1284; After ; 3.677923; null
13; Driver; None; None; 10.10.2023 16:36:17; 796.0151; -0.01371986; 154.9639; After ; 3.694574; null
13; Driver; None; None; 10.10.2023 16:36:17; 796.0138; -0.01367461; 154.801; After ; 3.712675; null
13; Driver; None; None; 10.10.2023 16:36:17; 796.0125; -0.01360098; 154.6398; After ; 3.730456; null
13; Driver; None; None; 10.10.2023 16:36:17; 796.0118; -0.01358273; 154.5599; After ; 3.771991; null
13; Driver; None; None; 10.10.2023 16:36:17; 796.0104; -0.01356645; 154.4012; After ; 3.771991; null
13; Driver; None; None; 10.10.2023 16:36:17; 796.0091; -0.0135217; 154.2443; After ; 3.789852; null
13; Driver; None; None; 10.10.2023 16:36:17; 796.0084; -0.01351603; 154.1665; After ; 3.825063; null
13; Driver; None; None; 10.10.2023 16:36:17; 796.0064; -0.01353252; 153.9355; After ; 3.84219; null
13; Driver; None; None; 10.10.2023 16:36:17; 796.0051; -0.01355964; 153.7837; After ; 3.858698; null
13; Driver; None; None; 10.10.2023 16:36:17; 796.0044; -0.01357722; 153.7084; After ; 3.875158; null
13; Driver; None; None; 10.10.2023 16:36:17; 796.0031; -0.01360573; 153.5591; After ; 3.891711; null
13; Driver; None; None; 10.10.2023 16:36:17; 796.0024; -0.01362011; 153.4851; After ; 3.926313; null
13; Driver; None; None; 10.10.2023 16:36:17; 796.001; -0.01363714; 153.3383; After ; 3.945168; null
13; Driver; None; None; 10.10.2023 16:36:17; 795.9997; -0.01359444; 153.1932; After ; 3.963258; null
13; Driver; None; None; 10.10.2023 16:36:17; 795.9984; -0.01359287; 153.0498; After ; 3.982516; null
13; Driver; None; None; 10.10.2023 16:36:17; 795.997; -0.01354202; 152.9081; After ; 4.000044; null
13; Driver; None; None; 10.10.2023 16:36:17; 795.9957; -0.01352477; 152.768; After ; 4.01582; null
13; Driver; None; None; 10.10.2023 16:36:17; 795.995; -0.01352032; 152.6985; After ; 4.050854; null
13; Driver; None; None; 10.10.2023 16:36:17; 795.9937; -0.01350934; 152.561; After ; 4.068317; null
13; Driver; None; None; 10.10.2023 16:36:17; 795.9923; -0.01345398; 152.425; After ; 4.068317; null
13; Driver; None; None; 10.10.2023 16:36:17; 795.991; -0.01337232; 152.2907; After ; 4.086446; null
13; Driver; None; None; 10.10.2023 16:36:17; 795.9903; -0.01334705; 152.2242; After ; 4.124098; null
13; Driver; None; None; 10.10.2023 16:36:17; 795.9883; -0.01331114; 152.027; After ; 4.142319; null
13; Driver; None; None; 10.10.2023 16:36:17; 795.9869; -0.01331254; 151.8976; After ; 4.159047; null
13; Driver; None; None; 10.10.2023 16:36:17; 795.9863; -0.01332019; 151.8335; After ; 4.175957; null
13; Driver; None; None; 10.10.2023 16:36:17; 795.9849; -0.01333626; 151.7066; After ; 4.193324; null
