user_id; scenario; distraction; ehmi; timestamp; userPositionX; userPositionY; userPositionZ; playerPositon; time; focused object
13; Pedestrian; None; None; 10.10.2023 16:32:39; 805.1; -0.34; 241; HI; null
13; Pedestrian; None; None; 10.10.2023 16:32:39; 805.2721; -0.09819984; 241; Sidewalk; 0.02; null
13; Pedestrian; None; None; 10.10.2023 16:32:40; 805.2721; -0.09819984; 241; Sidewalk; 0.02; null
13; Pedestrian; None; None; 10.10.2023 16:32:40; 805.2721; -0.09819984; 241; Sidewalk; 0.02; null
13; Pedestrian; None; None; 10.10.2023 16:32:40; 805.2721; -0.09819984; 241; Sidewalk; 0.02; null
13; Pedestrian; None; None; 10.10.2023 16:32:40; 805.2721; -0.09819984; 241; Sidewalk; 0.02; null
13; Pedestrian; None; None; 10.10.2023 16:32:40; 805.2721; -0.09819984; 241; Sidewalk; 0.02; null
13; Pedestrian; None; None; 10.10.2023 16:32:40; 805.2721; -0.09819984; 241; Sidewalk; 0.02; null
13; Pedestrian; None; None; 10.10.2023 16:32:40; 805.2721; -0.09819984; 241; Sidewalk; 0.02; null
13; Pedestrian; None; None; 10.10.2023 16:32:40; 805.2721; -0.09819984; 241; Sidewalk; 0.02; null
13; Pedestrian; None; None; 10.10.2023 16:32:40; 805.2721; -0.09819984; 241; Sidewalk; 0.02; null
13; Pedestrian; None; None; 10.10.2023 16:32:40; 805.2721; -0.09819984; 241; Sidewalk; 0.02; null
13; Pedestrian; None; None; 10.10.2023 16:32:40; 805.2721; -0.09819984; 241; Sidewalk; 0.02; null
13; Pedestrian; None; None; 10.10.2023 16:32:40; 805.2721; -0.09819984; 241; Sidewalk; 0.02; null
13; Pedestrian; None; None; 10.10.2023 16:32:40; 805.2721; -0.09819984; 241; Sidewalk; 0.02; null
13; Pedestrian; None; None; 10.10.2023 16:32:40; 805.2721; -0.09819984; 241; Sidewalk; 0.02; null
13; Pedestrian; None; None; 10.10.2023 16:32:40; 805.2721; -0.09819984; 241; Sidewalk; 0.02; null
13; Pedestrian; None; None; 10.10.2023 16:32:40; 805.2721; -0.09819984; 241; Sidewalk; 0.02; null
13; Pedestrian; None; None; 10.10.2023 16:32:40; 805.407; -0.09819984; 240.9249; Sidewalk; 0.04; null
13; Pedestrian; None; None; 10.10.2023 16:32:40; 805.407; -0.09819984; 240.9249; Sidewalk; 0.04; null
13; Pedestrian; None; None; 10.10.2023 16:32:40; 805.407; -0.09819984; 240.9249; Sidewalk; 0.04; null
13; Pedestrian; None; None; 10.10.2023 16:32:40; 805.407; -0.09819984; 240.9249; Sidewalk; 0.04; null
13; Pedestrian; None; None; 10.10.2023 16:32:40; 805.4022; -0.09819984; 240.8957; Sidewalk; 0.3733333; null
13; Pedestrian; None; None; 10.10.2023 16:32:40; 805.4028; -0.09819984; 240.8923; Sidewalk; 0.4545335; null
13; Pedestrian; None; None; 10.10.2023 16:32:40; 805.4026; -0.09819984; 240.8912; Sidewalk; 0.4921318; null
13; Pedestrian; None; None; 10.10.2023 16:32:40; 805.4022; -0.09819984; 240.8902; Sidewalk; 0.5102812; null
13; Pedestrian; None; None; 10.10.2023 16:32:40; 805.4019; -0.09819984; 240.8894; Sidewalk; 0.5252059; null
13; Pedestrian; None; None; 10.10.2023 16:32:40; 805.4019; -0.09819984; 240.8889; Sidewalk; 0.546451; null
13; Pedestrian; None; None; 10.10.2023 16:32:40; 805.4017; -0.09819984; 240.8884; Sidewalk; 0.5684051; null
13; Pedestrian; None; None; 10.10.2023 16:32:40; 805.4017; -0.09819984; 240.8883; Sidewalk; 0.5905426; null
13; Pedestrian; None; None; 10.10.2023 16:32:40; 805.4014; -0.09819984; 240.8883; Sidewalk; 0.6022527; null
13; Pedestrian; None; None; 10.10.2023 16:32:40; 805.4014; -0.09819984; 240.8883; Sidewalk; 0.6132504; null
13; Pedestrian; None; None; 10.10.2023 16:32:40; 805.4013; -0.09819984; 240.8884; Sidewalk; 0.6476732; null
13; Pedestrian; None; None; 10.10.2023 16:32:40; 805.4012; -0.09819996; 240.8885; Sidewalk; 0.6681809; null
13; Pedestrian; None; None; 10.10.2023 16:32:40; 805.4009; -0.09819996; 240.8887; Sidewalk; 0.6910021; null
13; Pedestrian; None; None; 10.10.2023 16:32:41; 805.4006; -0.09819996; 240.8888; Sidewalk; 0.7020401; null
13; Pedestrian; None; None; 10.10.2023 16:32:41; 805.4002; -0.09819996; 240.8891; Sidewalk; 0.723897; null
13; Pedestrian; None; None; 10.10.2023 16:32:41; 805.3998; -0.09819996; 240.8895; Sidewalk; 0.7460185; null
13; Pedestrian; None; None; 10.10.2023 16:32:41; 805.3997; -0.09819996; 240.8899; Sidewalk; 0.7682704; null
13; Pedestrian; None; None; 10.10.2023 16:32:41; 805.3992; -0.09819996; 240.8903; Sidewalk; 0.7953834; null
13; Pedestrian; None; None; 10.10.2023 16:32:41; 805.3989; -0.09819996; 240.8905; Sidewalk; 0.803456; null
13; Pedestrian; None; None; 10.10.2023 16:32:41; 805.3987; -0.09819996; 240.8908; Sidewalk; 0.8238716; null
13; Pedestrian; None; None; 10.10.2023 16:32:41; 805.3984; -0.09819996; 240.8911; Sidewalk; 0.846039; null
13; Pedestrian; None; None; 10.10.2023 16:32:41; 805.3976; -0.09819996; 240.8914; Sidewalk; 0.868392; null
13; Pedestrian; None; None; 10.10.2023 16:32:41; 805.3969; -0.09819996; 240.8917; Sidewalk; 0.890865; null
13; Pedestrian; None; None; 10.10.2023 16:32:41; 805.3968; -0.09819996; 240.892; Sidewalk; 0.9015456; null
13; Pedestrian; None; None; 10.10.2023 16:32:41; 805.3967; -0.09819996; 240.8922; Sidewalk; 0.9128208; null
13; Pedestrian; None; None; 10.10.2023 16:32:41; 805.3962; -0.09819996; 240.8931; Sidewalk; 0.9530909; null
13; Pedestrian; None; None; 10.10.2023 16:32:41; 805.3954; -0.09819996; 240.8936; Sidewalk; 0.9679827; null
13; Pedestrian; None; None; 10.10.2023 16:32:41; 805.3948; -0.09819996; 240.8942; Sidewalk; 0.9908841; null
13; Pedestrian; None; None; 10.10.2023 16:32:41; 805.3943; -0.09819996; 240.8945; Sidewalk; 1.001245; null
13; Pedestrian; None; None; 10.10.2023 16:32:41; 805.3939; -0.09819996; 240.8952; Sidewalk; 1.023793; null
13; Pedestrian; None; None; 10.10.2023 16:32:41; 805.3939; -0.09819996; 240.8959; Sidewalk; 1.045856; null
13; Pedestrian; None; None; 10.10.2023 16:32:41; 805.3937; -0.09819996; 240.8966; Sidewalk; 1.067831; null
13; Pedestrian; None; None; 10.10.2023 16:32:41; 805.3936; -0.09819996; 240.8975; Sidewalk; 1.097244; null
13; Pedestrian; None; None; 10.10.2023 16:32:41; 805.3932; -0.09819996; 240.8979; Sidewalk; 1.106136; null
13; Pedestrian; None; None; 10.10.2023 16:32:41; 805.3931; -0.09819996; 240.8989; Sidewalk; 1.12329; null
13; Pedestrian; None; None; 10.10.2023 16:32:41; 805.3925; -0.09819996; 240.8997; Sidewalk; 1.14571; null
13; Pedestrian; None; None; 10.10.2023 16:32:41; 805.3915; -0.09819996; 240.9003; Sidewalk; 1.168403; null
13; Pedestrian; None; None; 10.10.2023 16:32:41; 805.3903; -0.09819996; 240.9008; Sidewalk; 1.190585; null
13; Pedestrian; None; None; 10.10.2023 16:32:41; 805.3904; -0.09819996; 240.9012; Sidewalk; 1.203987; null
13; Pedestrian; None; None; 10.10.2023 16:32:41; 805.3908; -0.09819996; 240.9017; Sidewalk; 1.223607; null
13; Pedestrian; None; None; 10.10.2023 16:32:41; 805.3907; -0.09819996; 240.9019; Sidewalk; 1.235079; null
13; Pedestrian; None; None; 10.10.2023 16:32:41; 805.3893; -0.09819996; 240.9024; Sidewalk; 1.277476; null
13; Pedestrian; None; None; 10.10.2023 16:32:41; 805.3896; -0.09819996; 240.9028; Sidewalk; 1.292047; null
13; Pedestrian; None; None; 10.10.2023 16:32:41; 805.3898; -0.09819996; 240.9029; Sidewalk; 1.301126; null
13; Pedestrian; None; None; 10.10.2023 16:32:41; 805.3895; -0.09819996; 240.9031; Sidewalk; 1.323606; null
13; Pedestrian; None; None; 10.10.2023 16:32:41; 805.3879; -0.09819996; 240.9032; Sidewalk; 1.345698; null
13; Pedestrian; None; None; 10.10.2023 16:32:41; 805.3864; -0.09819996; 240.9031; Sidewalk; 1.367922; null
13; Pedestrian; None; None; 10.10.2023 16:32:41; 805.3861; -0.09819996; 240.9032; Sidewalk; 1.378883; null
13; Pedestrian; None; None; 10.10.2023 16:32:41; 805.3857; -0.09819996; 240.9032; Sidewalk; 1.410374; null
13; Pedestrian; None; None; 10.10.2023 16:32:41; 805.3856; -0.09819996; 240.9032; Sidewalk; 1.426235; null
13; Pedestrian; None; None; 10.10.2023 16:32:41; 805.3851; -0.09819996; 240.9033; Sidewalk; 1.445573; null
13; Pedestrian; None; None; 10.10.2023 16:32:41; 805.3847; -0.09819996; 240.9032; Sidewalk; 1.467622; null
13; Pedestrian; None; None; 10.10.2023 16:32:41; 805.3837; -0.09819996; 240.9029; Sidewalk; 1.490153; null
13; Pedestrian; None; None; 10.10.2023 16:32:41; 805.3834; -0.09819996; 240.9028; Sidewalk; 1.501108; null
13; Pedestrian; None; None; 10.10.2023 16:32:41; 805.3828; -0.09819996; 240.9025; Sidewalk; 1.523275; null
13; Pedestrian; None; None; 10.10.2023 16:32:41; 805.3818; -0.09819996; 240.9023; Sidewalk; 1.54586; null
13; Pedestrian; None; None; 10.10.2023 16:32:41; 805.3809; -0.09819996; 240.902; Sidewalk; 1.572535; null
13; Pedestrian; None; None; 10.10.2023 16:32:41; 805.3792; -0.09819996; 240.9017; Sidewalk; 1.590679; null
13; Pedestrian; None; None; 10.10.2023 16:32:41; 805.3785; -0.09819996; 240.9016; Sidewalk; 1.601008; null
13; Pedestrian; None; None; 10.10.2023 16:32:41; 805.3767; -0.09819996; 240.9014; Sidewalk; 1.623589; null
13; Pedestrian; None; None; 10.10.2023 16:32:41; 805.3752; -0.09819996; 240.9012; Sidewalk; 1.645515; null
13; Pedestrian; None; None; 10.10.2023 16:32:41; 805.3737; -0.09819996; 240.9014; Sidewalk; 1.667743; null
13; Pedestrian; None; None; 10.10.2023 16:32:41; 805.3726; -0.09819996; 240.9018; Sidewalk; 1.690041; null
13; Pedestrian; None; None; 10.10.2023 16:32:42; 805.3717; -0.09819996; 240.9022; Sidewalk; 1.701168; null
13; Pedestrian; None; None; 10.10.2023 16:32:42; 805.37; -0.09819996; 240.9032; Sidewalk; 1.72692; null
13; Pedestrian; None; None; 10.10.2023 16:32:42; 805.3683; -0.09819996; 240.9044; Sidewalk; 1.745322; null
13; Pedestrian; None; None; 10.10.2023 16:32:42; 805.3665; -0.09819996; 240.9058; Sidewalk; 1.767795; null
13; Pedestrian; None; None; 10.10.2023 16:32:42; 805.3653; -0.09819996; 240.9077; Sidewalk; 1.790435; null
13; Pedestrian; None; None; 10.10.2023 16:32:42; 805.3649; -0.09819996; 240.9087; Sidewalk; 1.80098; null
13; Pedestrian; None; None; 10.10.2023 16:32:42; 805.3646; -0.09819996; 240.9108; Sidewalk; 1.823282; null
13; Pedestrian; None; None; 10.10.2023 16:32:42; 805.3643; -0.09819996; 240.9129; Sidewalk; 1.845534; null
13; Pedestrian; None; None; 10.10.2023 16:32:42; 805.3643; -0.09819996; 240.9151; Sidewalk; 1.874148; null
13; Pedestrian; None; None; 10.10.2023 16:32:42; 805.3644; -0.09819996; 240.9173; Sidewalk; 1.890423; null
13; Pedestrian; None; None; 10.10.2023 16:32:42; 805.365; -0.09819996; 240.9185; Sidewalk; 1.900922; null
13; Pedestrian; None; None; 10.10.2023 16:32:42; 805.3661; -0.09819996; 240.9208; Sidewalk; 1.923845; null
13; Pedestrian; None; None; 10.10.2023 16:32:42; 805.3674; -0.09819996; 240.9231; Sidewalk; 1.945346; null
13; Pedestrian; None; None; 10.10.2023 16:32:42; 805.3694; -0.09819996; 240.9253; Sidewalk; 1.967595; null
13; Pedestrian; None; None; 10.10.2023 16:32:42; 805.3712; -0.09819996; 240.9276; Sidewalk; 1.990193; null
13; Pedestrian; None; None; 10.10.2023 16:32:42; 805.3719; -0.09819996; 240.9287; Sidewalk; 2.00087; null
13; Pedestrian; None; None; 10.10.2023 16:32:42; 805.3732; -0.09819996; 240.9311; Sidewalk; 2.030964; null
13; Pedestrian; None; None; 10.10.2023 16:32:42; 805.3743; -0.09819996; 240.9336; Sidewalk; 2.048963; null
13; Pedestrian; None; None; 10.10.2023 16:32:42; 805.3755; -0.09819996; 240.9362; Sidewalk; 2.067105; null
13; Pedestrian; None; None; 10.10.2023 16:32:42; 805.3774; -0.09819996; 240.9388; Sidewalk; 2.089767; null
13; Pedestrian; None; None; 10.10.2023 16:32:42; 805.3784; -0.09819996; 240.9401; Sidewalk; 2.100759; null
13; Pedestrian; None; None; 10.10.2023 16:32:42; 805.3807; -0.09819996; 240.9429; Sidewalk; 2.123139; null
13; Pedestrian; None; None; 10.10.2023 16:32:42; 805.3831; -0.09819996; 240.9458; Sidewalk; 2.145336; null
13; Pedestrian; None; None; 10.10.2023 16:32:42; 805.3861; -0.09819996; 240.9488; Sidewalk; 2.167668; null
13; Pedestrian; None; None; 10.10.2023 16:32:42; 805.3895; -0.09819996; 240.9517; Sidewalk; 2.194103; null
13; Pedestrian; None; None; 10.10.2023 16:32:42; 805.3913; -0.09819996; 240.9531; Sidewalk; 2.201903; null
13; Pedestrian; None; None; 10.10.2023 16:32:42; 805.3947; -0.09819996; 240.956; Sidewalk; 2.222968; null
13; Pedestrian; None; None; 10.10.2023 16:32:42; 805.3979; -0.09819996; 240.9587; Sidewalk; 2.244967; null
13; Pedestrian; None; None; 10.10.2023 16:32:42; 805.4015; -0.09819996; 240.9615; Sidewalk; 2.267031; null
13; Pedestrian; None; None; 10.10.2023 16:32:42; 805.4052; -0.09819996; 240.9639; Sidewalk; 2.289768; null
13; Pedestrian; None; None; 10.10.2023 16:32:42; 805.407; -0.09819996; 240.965; Sidewalk; 2.300516; null
13; Pedestrian; None; None; 10.10.2023 16:32:42; 805.4115; -0.09819996; 240.9674; Sidewalk; 2.323251; null
13; Pedestrian; None; None; 10.10.2023 16:32:42; 805.4154; -0.09819996; 240.9695; Sidewalk; 2.35046; null
13; Pedestrian; None; None; 10.10.2023 16:32:42; 805.4192; -0.09819996; 240.9714; Sidewalk; 2.366706; null
13; Pedestrian; None; None; 10.10.2023 16:32:42; 805.4229; -0.09819996; 240.9731; Sidewalk; 2.389721; null
13; Pedestrian; None; None; 10.10.2023 16:32:42; 805.4249; -0.09819996; 240.974; Sidewalk; 2.400633; null
13; Pedestrian; None; None; 10.10.2023 16:32:42; 805.4279; -0.09819996; 240.9756; Sidewalk; 2.42281; null
13; Pedestrian; None; None; 10.10.2023 16:32:42; 805.4316; -0.09819996; 240.977; Sidewalk; 2.444986; null
13; Pedestrian; None; None; 10.10.2023 16:32:42; 805.4355; -0.09819996; 240.9784; Sidewalk; 2.466963; null
13; Pedestrian; None; None; 10.10.2023 16:32:42; 805.4391; -0.09819996; 240.9799; Sidewalk; 2.496564; null
13; Pedestrian; None; None; 10.10.2023 16:32:42; 805.4409; -0.09819996; 240.9805; Sidewalk; 2.505334; null
13; Pedestrian; None; None; 10.10.2023 16:32:42; 805.4445; -0.09819996; 240.9819; Sidewalk; 2.522558; null
13; Pedestrian; None; None; 10.10.2023 16:32:42; 805.4467; -0.09819996; 240.9829; Sidewalk; 2.545236; null
13; Pedestrian; None; None; 10.10.2023 16:32:42; 805.449; -0.09819996; 240.9839; Sidewalk; 2.56706; null
13; Pedestrian; None; None; 10.10.2023 16:32:42; 805.4504; -0.09819996; 240.9847; Sidewalk; 2.589751; null
13; Pedestrian; None; None; 10.10.2023 16:32:42; 805.4509; -0.09819996; 240.9851; Sidewalk; 2.600372; null
13; Pedestrian; None; None; 10.10.2023 16:32:42; 805.4519; -0.09819996; 240.9856; Sidewalk; 2.622708; null
13; Pedestrian; None; None; 10.10.2023 16:32:42; 805.4533; -0.09819996; 240.9863; Sidewalk; 2.651961; null
13; Pedestrian; None; None; 10.10.2023 16:32:42; 805.4541; -0.09819996; 240.9869; Sidewalk; 2.6686; null
13; Pedestrian; None; None; 10.10.2023 16:32:42; 805.453; -0.09819996; 240.987; Sidewalk; 2.689378; null
13; Pedestrian; None; None; 10.10.2023 16:32:43; 805.4534; -0.09819996; 240.9872; Sidewalk; 2.700627; null
13; Pedestrian; None; None; 10.10.2023 16:32:43; 805.4526; -0.09819996; 240.9872; Sidewalk; 2.722825; null
13; Pedestrian; None; None; 10.10.2023 16:32:43; 805.4512; -0.09819996; 240.9873; Sidewalk; 2.744724; null
13; Pedestrian; None; None; 10.10.2023 16:32:43; 805.4475; -0.09819996; 240.9869; Sidewalk; 2.766914; null
13; Pedestrian; None; None; 10.10.2023 16:32:43; 805.4432; -0.09819996; 240.9865; Sidewalk; 2.789601; null
13; Pedestrian; None; None; 10.10.2023 16:32:43; 805.4402; -0.09819996; 240.9861; Sidewalk; 2.807683; null
13; Pedestrian; None; None; 10.10.2023 16:32:43; 805.4351; -0.09819996; 240.9854; Sidewalk; 2.823449; null
13; Pedestrian; None; None; 10.10.2023 16:32:43; 805.4271; -0.09819996; 240.9844; Sidewalk; 2.84444; null
13; Pedestrian; None; None; 10.10.2023 16:32:43; 805.4181; -0.09819996; 240.9828; Sidewalk; 2.866999; null
13; Pedestrian; None; None; 10.10.2023 16:32:43; 805.4076; -0.09819996; 240.981; Sidewalk; 2.889703; null
13; Pedestrian; None; None; 10.10.2023 16:32:43; 805.4007; -0.09819996; 240.9796; Sidewalk; 2.900441; null
13; Pedestrian; None; None; 10.10.2023 16:32:43; 805.3878; -0.09819996; 240.9766; Sidewalk; 2.92259; null
13; Pedestrian; None; None; 10.10.2023 16:32:43; 805.3809; -0.09819996; 240.9747; Sidewalk; 2.933514; null
13; Pedestrian; None; None; 10.10.2023 16:32:43; 805.3607; -0.09819996; 240.968; Sidewalk; 2.974323; null
13; Pedestrian; None; None; 10.10.2023 16:32:43; 805.3475; -0.09819996; 240.9622; Sidewalk; 2.989316; null
13; Pedestrian; None; None; 10.10.2023 16:32:43; 805.3413; -0.09819996; 240.959; Sidewalk; 3.000148; null
13; Pedestrian; None; None; 10.10.2023 16:32:43; 805.33; -0.09819996; 240.9517; Sidewalk; 3.022251; null
13; Pedestrian; None; None; 10.10.2023 16:32:43; 805.3211; -0.09819996; 240.9437; Sidewalk; 3.044485; null
13; Pedestrian; None; None; 10.10.2023 16:32:43; 805.3142; -0.09819996; 240.9352; Sidewalk; 3.066722; null
13; Pedestrian; None; None; 10.10.2023 16:32:43; 805.3116; -0.09819996; 240.9267; Sidewalk; 3.089472; null
13; Pedestrian; None; None; 10.10.2023 16:32:43; 805.3106; -0.09819996; 240.9225; Sidewalk; 3.101748; null
13; Pedestrian; None; None; 10.10.2023 16:32:43; 805.312; -0.09819996; 240.9147; Sidewalk; 3.12637; null
13; Pedestrian; None; None; 10.10.2023 16:32:43; 805.3152; -0.09819996; 240.908; Sidewalk; 3.145019; null
13; Pedestrian; None; None; 10.10.2023 16:32:43; 805.3203; -0.09819996; 240.9024; Sidewalk; 3.16693; null
13; Pedestrian; None; None; 10.10.2023 16:32:43; 805.326; -0.09819996; 240.8977; Sidewalk; 3.189237; null
13; Pedestrian; None; None; 10.10.2023 16:32:43; 805.3287; -0.09819996; 240.8956; Sidewalk; 3.200661; Checking Box AICar
13; Pedestrian; None; None; 10.10.2023 16:32:43; 805.3343; -0.09819996; 240.8923; Sidewalk; 3.22287; Checking Box AICar
13; Pedestrian; None; None; 10.10.2023 16:32:43; 805.34; -0.09819996; 240.8896; Sidewalk; 3.244898; Checking Box AICar
13; Pedestrian; None; None; 10.10.2023 16:32:43; 805.3451; -0.09819996; 240.8875; Sidewalk; 3.27484; Checking Box AICar
13; Pedestrian; None; None; 10.10.2023 16:32:43; 805.3499; -0.09819996; 240.8858; Sidewalk; 3.293694; Checking Box AICar
13; Pedestrian; None; None; 10.10.2023 16:32:43; 805.3519; -0.09819996; 240.8849; Sidewalk; 3.301541; Checking Box AICar
13; Pedestrian; None; None; 10.10.2023 16:32:43; 805.3563; -0.09819996; 240.8832; Sidewalk; 3.323238; Checking Box AICar
13; Pedestrian; None; None; 10.10.2023 16:32:43; 805.3603; -0.09819996; 240.8819; Sidewalk; 3.34492; Checking Box AICar
13; Pedestrian; None; None; 10.10.2023 16:32:43; 805.3643; -0.09819996; 240.8811; Sidewalk; 3.367083; Checking Box AICar
13; Pedestrian; None; None; 10.10.2023 16:32:43; 805.3673; -0.09819996; 240.8809; Sidewalk; 3.389627; Checking Box AICar
13; Pedestrian; None; None; 10.10.2023 16:32:43; 805.3688; -0.09819996; 240.8809; Sidewalk; 3.400595; Checking Box AICar
13; Pedestrian; None; None; 10.10.2023 16:32:43; 805.3709; -0.09819996; 240.8812; Sidewalk; 3.430457; Checking Box AICar
13; Pedestrian; None; None; 10.10.2023 16:32:43; 805.3723; -0.09819996; 240.8815; Sidewalk; 3.44719; Checking Box AICar
13; Pedestrian; None; None; 10.10.2023 16:32:43; 805.3733; -0.09819996; 240.8819; Sidewalk; 3.466911; Checking Box AICar
13; Pedestrian; None; None; 10.10.2023 16:32:43; 805.374; -0.09819996; 240.8823; Sidewalk; 3.489455; Checking Box AICar
13; Pedestrian; None; None; 10.10.2023 16:32:43; 805.3745; -0.09819996; 240.8824; Sidewalk; 3.501497; Checking Box AICar
13; Pedestrian; None; None; 10.10.2023 16:32:43; 805.375; -0.09819996; 240.8825; Sidewalk; 3.522897; Checking Box AICar
13; Pedestrian; None; None; 10.10.2023 16:32:43; 805.375; -0.09819996; 240.8826; Sidewalk; 3.545758; Checking Box AICar
13; Pedestrian; None; None; 10.10.2023 16:32:43; 805.3752; -0.09819996; 240.8826; Sidewalk; 3.567295; Checking Box AICar
13; Pedestrian; None; None; 10.10.2023 16:32:43; 805.3752; -0.09819996; 240.8824; Sidewalk; 3.594346; Checking Box AICar
13; Pedestrian; None; None; 10.10.2023 16:32:43; 805.3749; -0.09819996; 240.8823; Sidewalk; 3.602852; null
13; Pedestrian; None; None; 10.10.2023 16:32:43; 805.3748; -0.09819996; 240.8821; Sidewalk; 3.622629; Checking Box AICar
13; Pedestrian; None; None; 10.10.2023 16:32:43; 805.3748; -0.09819996; 240.8818; Sidewalk; 3.644751; null
13; Pedestrian; None; None; 10.10.2023 16:32:43; 805.3749; -0.09819996; 240.8816; Sidewalk; 3.667286; null
13; Pedestrian; None; None; 10.10.2023 16:32:43; 805.3744; -0.09819996; 240.8815; Sidewalk; 3.689571; null
13; Pedestrian; None; None; 10.10.2023 16:32:44; 805.3741; -0.09819996; 240.8815; Sidewalk; 3.701019; null
13; Pedestrian; None; None; 10.10.2023 16:32:44; 805.3735; -0.09819996; 240.8815; Sidewalk; 3.723485; null
13; Pedestrian; None; None; 10.10.2023 16:32:44; 805.3726; -0.09819996; 240.8813; Sidewalk; 3.751179; null
13; Pedestrian; None; None; 10.10.2023 16:32:44; 805.3716; -0.09819996; 240.8814; Sidewalk; 3.767416; null
13; Pedestrian; None; None; 10.10.2023 16:32:44; 805.3703; -0.09819996; 240.8815; Sidewalk; 3.790431; null
13; Pedestrian; None; None; 10.10.2023 16:32:44; 805.3694; -0.09819996; 240.8815; Sidewalk; 3.800684; null
13; Pedestrian; None; None; 10.10.2023 16:32:44; 805.3681; -0.09819996; 240.8818; Sidewalk; 3.822549; null
13; Pedestrian; None; None; 10.10.2023 16:32:44; 805.3667; -0.09819996; 240.882; Sidewalk; 3.844851; null
13; Pedestrian; None; None; 10.10.2023 16:32:44; 805.3647; -0.09819996; 240.882; Sidewalk; 3.867018; null
13; Pedestrian; None; None; 10.10.2023 16:32:44; 805.3635; -0.09819996; 240.8819; Sidewalk; 3.87914; Checking Box AICar
13; Pedestrian; None; None; 10.10.2023 16:32:44; 805.3619; -0.09819996; 240.8817; Sidewalk; 3.899018; Checking Box AICar
13; Pedestrian; None; None; 10.10.2023 16:32:44; 805.3573; -0.09819996; 240.8808; Sidewalk; 3.929196; Checking Box AICar
13; Pedestrian; None; None; 10.10.2023 16:32:44; 805.3538; -0.09819996; 240.8799; Sidewalk; 3.944722; Checking Box AICar
13; Pedestrian; None; None; 10.10.2023 16:32:44; 805.3506; -0.09819996; 240.879; Sidewalk; 3.967209; Checking Box AICar
13; Pedestrian; None; None; 10.10.2023 16:32:44; 805.3488; -0.09819996; 240.8784; Sidewalk; 3.978117; Checking Box AICar
13; Pedestrian; None; None; 10.10.2023 16:32:44; 805.3488; -0.09819996; 240.8784; Sidewalk; 3.978117; Checking Box AICar
13; Pedestrian; None; None; 10.10.2023 16:32:44; 805.3488; -0.09819996; 240.8784; Sidewalk; 3.978117; Checking Box AICar
13; Pedestrian; None; None; 10.10.2023 16:32:44; 805.3404; -0.09819996; 240.8753; Sidewalk; 3.989149; Checking Box AICar
13; Pedestrian; None; None; 10.10.2023 16:32:44; 805.3328; -0.09819996; 240.8725; Sidewalk; 4.067542; Checking Box AICar
13; Pedestrian; None; None; 10.10.2023 16:32:44; 805.3246; -0.09819996; 240.8691; Sidewalk; 4.096418; Checking Box AICar
13; Pedestrian; None; None; 10.10.2023 16:32:44; 805.3218; -0.09819996; 240.8679; Sidewalk; 4.103623; Checking Box AICar
13; Pedestrian; None; None; 10.10.2023 16:32:44; 805.3161; -0.09819996; 240.8652; Sidewalk; 4.123053; Checking Box AICar
13; Pedestrian; None; None; 10.10.2023 16:32:44; 805.3105; -0.09819996; 240.8624; Sidewalk; 4.145019; Checking Box AICar
13; Pedestrian; None; None; 10.10.2023 16:32:44; 805.305; -0.09819996; 240.8591; Sidewalk; 4.167393; Checking Box AICar
13; Pedestrian; None; None; 10.10.2023 16:32:44; 805.2996; -0.09819996; 240.8555; Sidewalk; 4.189561; Checking Box AICar
13; Pedestrian; None; None; 10.10.2023 16:32:44; 805.2996; -0.09819996; 240.8555; Sidewalk; 4.189561; Checking Box AICar
13; Pedestrian; None; None; 10.10.2023 16:32:44; 805.2943; -0.09819996; 240.8514; Sidewalk; 4.221993; Checking Box AICar
13; Pedestrian; None; None; 10.10.2023 16:32:44; 805.2873; -0.09819996; 240.8448; Sidewalk; 4.251495; Checking Box AICar
13; Pedestrian; None; None; 10.10.2023 16:32:44; 805.2832; -0.09819996; 240.8402; Sidewalk; 4.266695; Checking Box AICar
13; Pedestrian; None; None; 10.10.2023 16:32:44; 805.2795; -0.09819996; 240.8356; Sidewalk; 4.290108; Checking Box AICar
13; Pedestrian; None; None; 10.10.2023 16:32:44; 805.2776; -0.09819996; 240.8332; Sidewalk; 4.301224; Checking Box AICar
13; Pedestrian; None; None; 10.10.2023 16:32:44; 805.2738; -0.09819996; 240.8286; Sidewalk; 4.322363; Checking Box AICar
13; Pedestrian; None; None; 10.10.2023 16:32:44; 805.27; -0.09819996; 240.8239; Sidewalk; 4.344732; Checking Box AICar
13; Pedestrian; None; None; 10.10.2023 16:32:44; 805.2661; -0.09819996; 240.8192; Sidewalk; 4.373682; Checking Box AICar
13; Pedestrian; None; None; 10.10.2023 16:32:44; 805.2623; -0.09819996; 240.8146; Sidewalk; 4.392578; Checking Box AICar
13; Pedestrian; None; None; 10.10.2023 16:32:44; 805.2606; -0.09819996; 240.8125; Sidewalk; 4.399927; Checking Box AICar
13; Pedestrian; None; None; 10.10.2023 16:32:44; 805.2571; -0.09819996; 240.8085; Sidewalk; 4.422891; Checking Box AICar
13; Pedestrian; None; None; 10.10.2023 16:32:44; 805.2533; -0.09819996; 240.8047; Sidewalk; 4.444502; Checking Box AICar
13; Pedestrian; None; None; 10.10.2023 16:32:44; 805.2493; -0.09819996; 240.8013; Sidewalk; 4.466741; Checking Box AICar
13; Pedestrian; None; None; 10.10.2023 16:32:44; 805.2451; -0.09819996; 240.7982; Sidewalk; 4.489451; Checking Box AICar
13; Pedestrian; None; None; 10.10.2023 16:32:44; 805.243; -0.09819996; 240.7968; Sidewalk; 4.500174; Checking Box AICar
13; Pedestrian; None; None; 10.10.2023 16:32:44; 805.2401; -0.09819996; 240.7941; Sidewalk; 4.529675; Checking Box AICar
13; Pedestrian; None; None; 10.10.2023 16:32:44; 805.2363; -0.09819996; 240.7919; Sidewalk; 4.547162; Checking Box AICar
13; Pedestrian; None; None; 10.10.2023 16:32:44; 805.2326; -0.09819996; 240.7902; Sidewalk; 4.567253; Checking Box AICar
13; Pedestrian; None; None; 10.10.2023 16:32:44; 805.2289; -0.09819996; 240.7889; Sidewalk; 4.589088; Checking Box AICar
13; Pedestrian; None; None; 10.10.2023 16:32:44; 805.227; -0.09819996; 240.7884; Sidewalk; 4.60001; Checking Box AICar
13; Pedestrian; None; None; 10.10.2023 16:32:44; 805.2233; -0.09819996; 240.7875; Sidewalk; 4.622479; Checking Box AICar
13; Pedestrian; None; None; 10.10.2023 16:32:44; 805.2201; -0.09819996; 240.7867; Sidewalk; 4.64444; Checking Box AICar
13; Pedestrian; None; None; 10.10.2023 16:32:44; 805.217; -0.09819996; 240.7863; Sidewalk; 4.666749; Checking Box AICar
13; Pedestrian; None; None; 10.10.2023 16:32:44; 805.2134; -0.09819996; 240.7864; Sidewalk; 4.694601; Checking Box AICar
13; Pedestrian; None; None; 10.10.2023 16:32:45; 805.2116; -0.09819996; 240.7865; Sidewalk; 4.701911; Checking Box AICar
13; Pedestrian; None; None; 10.10.2023 16:32:45; 805.2077; -0.09819996; 240.7868; Sidewalk; 4.722326; Checking Box AICar
13; Pedestrian; None; None; 10.10.2023 16:32:45; 805.2039; -0.09819996; 240.7873; Sidewalk; 4.74467; Checking Box AICar
13; Pedestrian; None; None; 10.10.2023 16:32:45; 805.2; -0.09819996; 240.788; Sidewalk; 4.766658; Checking Box AICar
13; Pedestrian; None; None; 10.10.2023 16:32:45; 805.1964; -0.09819996; 240.7888; Sidewalk; 4.789337; Checking Box AICar
13; Pedestrian; None; None; 10.10.2023 16:32:45; 805.1957; -0.09819996; 240.7894; Sidewalk; 4.800254; Checking Box AICar
13; Pedestrian; None; None; 10.10.2023 16:32:45; 805.1918; -0.09819996; 240.7907; Sidewalk; 4.822361; Checking Box AICar
13; Pedestrian; None; None; 10.10.2023 16:32:45; 805.1888; -0.09819996; 240.7921; Sidewalk; 4.849766; Checking Box AICar
13; Pedestrian; None; None; 10.10.2023 16:32:45; 805.1852; -0.09819996; 240.7939; Sidewalk; 4.866689; Checking Box AICar
13; Pedestrian; None; None; 10.10.2023 16:32:45; 805.1814; -0.09819996; 240.7959; Sidewalk; 4.889521; Checking Box AICar
13; Pedestrian; None; None; 10.10.2023 16:32:45; 805.1796; -0.09819996; 240.7971; Sidewalk; 4.899968; Checking Box AICar
13; Pedestrian; None; None; 10.10.2023 16:32:45; 805.1757; -0.09819996; 240.7996; Sidewalk; 4.922182; Checking Box AICar
13; Pedestrian; None; None; 10.10.2023 16:32:45; 805.172; -0.09819996; 240.8025; Sidewalk; 4.944263; Checking Box AICar
13; Pedestrian; None; None; 10.10.2023 16:32:45; 805.1678; -0.09819996; 240.8057; Sidewalk; 4.966731; Checking Box AICar
13; Pedestrian; None; None; 10.10.2023 16:32:45; 805.1658; -0.09819996; 240.8075; Sidewalk; 4.981451; Checking Box AICar
13; Pedestrian; None; None; 10.10.2023 16:32:45; 805.1612; -0.09819996; 240.8113; Sidewalk; 5.007765; Checking Box AICar
13; Pedestrian; None; None; 10.10.2023 16:32:45; 805.1573; -0.09819996; 240.8154; Sidewalk; 5.027255; Checking Box AICar
13; Pedestrian; None; None; 10.10.2023 16:32:45; 805.1521; -0.09819996; 240.8198; Sidewalk; 5.044103; Checking Box AICar
13; Pedestrian; None; None; 10.10.2023 16:32:45; 805.1461; -0.09819996; 240.8245; Sidewalk; 5.066562; Checking Box AICar
13; Pedestrian; None; None; 10.10.2023 16:32:45; 805.1402; -0.09819996; 240.8294; Sidewalk; 5.088599; Checking Box AICar
13; Pedestrian; None; None; 10.10.2023 16:32:45; 805.1373; -0.09819996; 240.8318; Sidewalk; 5.099785; Checking Box AICar
13; Pedestrian; None; None; 10.10.2023 16:32:45; 805.1315; -0.09819996; 240.8368; Sidewalk; 5.122351; Checking Box AICar
13; Pedestrian; None; None; 10.10.2023 16:32:45; 805.1248; -0.09819996; 240.8419; Sidewalk; 5.152107; Checking Box AICar
13; Pedestrian; None; None; 10.10.2023 16:32:45; 805.1188; -0.09819996; 240.8473; Sidewalk; 5.171031; Checking Box AICar
13; Pedestrian; None; None; 10.10.2023 16:32:45; 805.1133; -0.09819996; 240.8528; Sidewalk; 5.188809; Checking Box AICar
13; Pedestrian; None; None; 10.10.2023 16:32:45; 805.1101; -0.09819996; 240.8555; Sidewalk; 5.200132; Checking Box AICar
13; Pedestrian; None; None; 10.10.2023 16:32:45; 805.1038; -0.09819996; 240.8609; Sidewalk; 5.222363; Checking Box AICar
13; Pedestrian; None; None; 10.10.2023 16:32:45; 805.0975; -0.09819996; 240.8664; Sidewalk; 5.244219; Checking Box AICar
13; Pedestrian; None; None; 10.10.2023 16:32:45; 805.0909; -0.09819996; 240.8717; Sidewalk; 5.266971; Checking Box AICar
13; Pedestrian; None; None; 10.10.2023 16:32:45; 805.0847; -0.09819996; 240.8766; Sidewalk; 5.28927; Checking Box AICar
13; Pedestrian; None; None; 10.10.2023 16:32:45; 805.082; -0.09819996; 240.879; Sidewalk; 5.308802; Checking Box AICar
13; Pedestrian; None; None; 10.10.2023 16:32:45; 805.0762; -0.09819996; 240.8834; Sidewalk; 5.325572; Checking Box AICar
13; Pedestrian; None; None; 10.10.2023 16:32:45; 805.0709; -0.09819996; 240.8877; Sidewalk; 5.344421; Checking Box AICar
13; Pedestrian; None; None; 10.10.2023 16:32:45; 805.0659; -0.09819996; 240.8917; Sidewalk; 5.366447; Checking Box AICar
13; Pedestrian; None; None; 10.10.2023 16:32:45; 805.0612; -0.09819996; 240.8953; Sidewalk; 5.388566; Checking Box AICar
13; Pedestrian; None; None; 10.10.2023 16:32:45; 805.059; -0.09819996; 240.8969; Sidewalk; 5.399777; Checking Box AICar
13; Pedestrian; None; None; 10.10.2023 16:32:45; 805.0552; -0.09819996; 240.8995; Sidewalk; 5.421937; Checking Box AICar
13; Pedestrian; None; None; 10.10.2023 16:32:45; 805.0515; -0.09819996; 240.9018; Sidewalk; 5.444082; Checking Box AICar
13; Pedestrian; None; None; 10.10.2023 16:32:45; 805.0487; -0.09819996; 240.9035; Sidewalk; 5.471702; Checking Box AICar
13; Pedestrian; None; None; 10.10.2023 16:32:45; 805.0476; -0.09819996; 240.9048; Sidewalk; 5.48835; Checking Box AICar
13; Pedestrian; None; None; 10.10.2023 16:32:45; 805.0469; -0.09819996; 240.9052; Sidewalk; 5.499445; Checking Box AICar
13; Pedestrian; None; None; 10.10.2023 16:32:45; 805.0461; -0.09819996; 240.9058; Sidewalk; 5.521848; Checking Box AICar
13; Pedestrian; None; None; 10.10.2023 16:32:45; 805.0464; -0.09819996; 240.9059; Sidewalk; 5.544071; Checking Box AICar
13; Pedestrian; None; None; 10.10.2023 16:32:45; 805.0472; -0.09819996; 240.9055; Sidewalk; 5.566257; Checking Box AICar
13; Pedestrian; None; None; 10.10.2023 16:32:45; 805.0485; -0.09819996; 240.9047; Sidewalk; 5.590136; Checking Box AICar
13; Pedestrian; None; None; 10.10.2023 16:32:45; 805.0493; -0.09819996; 240.9043; Sidewalk; 5.599857; null
13; Pedestrian; None; None; 10.10.2023 16:32:45; 805.0517; -0.09819996; 240.9029; Sidewalk; 5.628275; null
13; Pedestrian; None; None; 10.10.2023 16:32:45; 805.0547; -0.09819996; 240.9012; Sidewalk; 5.644167; null
13; Pedestrian; None; None; 10.10.2023 16:32:45; 805.0585; -0.09819996; 240.8993; Sidewalk; 5.667949; null
13; Pedestrian; None; None; 10.10.2023 16:32:45; 805.063; -0.09819996; 240.8974; Sidewalk; 5.68928; null
13; Pedestrian; None; None; 10.10.2023 16:32:46; 805.0654; -0.09819996; 240.8963; Sidewalk; 5.700058; null
13; Pedestrian; None; None; 10.10.2023 16:32:46; 805.0697; -0.09819996; 240.8939; Sidewalk; 5.721781; null
13; Pedestrian; None; None; 10.10.2023 16:32:46; 805.0735; -0.09819996; 240.8914; Sidewalk; 5.744119; null
13; Pedestrian; None; None; 10.10.2023 16:32:46; 805.0766; -0.09819996; 240.8888; Sidewalk; 5.773425; null
13; Pedestrian; None; None; 10.10.2023 16:32:46; 805.0787; -0.09819996; 240.8862; Sidewalk; 5.791421; null
13; Pedestrian; None; None; 10.10.2023 16:32:46; 805.0796; -0.09819996; 240.8848; Sidewalk; 5.799579; null
13; Pedestrian; None; None; 10.10.2023 16:32:46; 805.0807; -0.09819996; 240.8822; Sidewalk; 5.822113; null
13; Pedestrian; None; None; 10.10.2023 16:32:46; 805.0811; -0.09819996; 240.8799; Sidewalk; 5.84429; null
13; Pedestrian; None; None; 10.10.2023 16:32:46; 805.0815; -0.09819996; 240.8775; Sidewalk; 5.866371; null
13; Pedestrian; None; None; 10.10.2023 16:32:46; 805.081; -0.09819996; 240.8751; Sidewalk; 5.888749; null
13; Pedestrian; None; None; 10.10.2023 16:32:46; 805.0804; -0.09819996; 240.8739; Sidewalk; 5.900616; Checking Box Human Car
13; Pedestrian; None; None; 10.10.2023 16:32:46; 805.0793; -0.09819996; 240.8726; Sidewalk; 5.911018; Checking Box Human Car
13; Pedestrian; None; None; 10.10.2023 16:32:46; 805.0754; -0.09819996; 240.8691; Sidewalk; 5.953173; Checking Box Human Car
13; Pedestrian; None; None; 10.10.2023 16:32:46; 805.0726; -0.09819996; 240.8669; Sidewalk; 5.96899; Checking Box Human Car
13; Pedestrian; None; None; 10.10.2023 16:32:46; 805.0699; -0.09819996; 240.8649; Sidewalk; 5.989058; Checking Box Human Car
13; Pedestrian; None; None; 10.10.2023 16:32:46; 805.069; -0.09819996; 240.864; Sidewalk; 5.999712; Checking Box Human Car
13; Pedestrian; None; None; 10.10.2023 16:32:46; 805.0662; -0.09819996; 240.8622; Sidewalk; 6.022743; Checking Box Human Car
13; Pedestrian; None; None; 10.10.2023 16:32:46; 805.0642; -0.09819996; 240.8605; Sidewalk; 6.044062; Checking Box Human Car
13; Pedestrian; None; None; 10.10.2023 16:32:46; 805.062; -0.09819996; 240.859; Sidewalk; 6.066151; Checking Box Human Car
13; Pedestrian; None; None; 10.10.2023 16:32:46; 805.0588; -0.09819996; 240.8575; Sidewalk; 6.093228; Checking Box Human Car
13; Pedestrian; None; None; 10.10.2023 16:32:46; 805.0574; -0.09819996; 240.8568; Sidewalk; 6.101333; Checking Box Human Car
13; Pedestrian; None; None; 10.10.2023 16:32:46; 805.0541; -0.09819996; 240.8557; Sidewalk; 6.122641; Checking Box Human Car
13; Pedestrian; None; None; 10.10.2023 16:32:46; 805.0511; -0.09819996; 240.8544; Sidewalk; 6.144764; Checking Box Human Car
13; Pedestrian; None; None; 10.10.2023 16:32:46; 805.0483; -0.09819996; 240.853; Sidewalk; 6.166569; Checking Box Human Car
13; Pedestrian; None; None; 10.10.2023 16:32:46; 805.0458; -0.09819996; 240.8517; Sidewalk; 6.188519; Checking Box Human Car
13; Pedestrian; None; None; 10.10.2023 16:32:46; 805.0451; -0.09819996; 240.8512; Sidewalk; 6.199508; Checking Box Human Car
13; Pedestrian; None; None; 10.10.2023 16:32:46; 805.0443; -0.09819996; 240.85; Sidewalk; 6.221955; Checking Box Human Car
13; Pedestrian; None; None; 10.10.2023 16:32:46; 805.0428; -0.09819996; 240.8487; Sidewalk; 6.250541; Checking Box Human Car
13; Pedestrian; None; None; 10.10.2023 16:32:46; 805.0413; -0.09819996; 240.8476; Sidewalk; 6.266434; Checking Box Human Car
13; Pedestrian; None; None; 10.10.2023 16:32:46; 805.0389; -0.09819996; 240.8465; Sidewalk; 6.288508; Checking Box Human Car
13; Pedestrian; None; None; 10.10.2023 16:32:46; 805.0384; -0.09819996; 240.8461; Sidewalk; 6.299452; Checking Box Human Car
13; Pedestrian; None; None; 10.10.2023 16:32:46; 805.036; -0.09819996; 240.8453; Sidewalk; 6.321729; Checking Box Human Car
13; Pedestrian; None; None; 10.10.2023 16:32:46; 805.0348; -0.09819996; 240.8447; Sidewalk; 6.343693; Checking Box Human Car
13; Pedestrian; None; None; 10.10.2023 16:32:46; 805.0335; -0.09819996; 240.8439; Sidewalk; 6.365909; Checking Box Human Car
13; Pedestrian; None; None; 10.10.2023 16:32:46; 805.0325; -0.09819996; 240.8433; Sidewalk; 6.395551; Checking Box Human Car
13; Pedestrian; None; None; 10.10.2023 16:32:46; 805.0325; -0.09819996; 240.843; Sidewalk; 6.404825; Checking Box Human Car
13; Pedestrian; None; None; 10.10.2023 16:32:46; 805.03; -0.09819996; 240.8422; Sidewalk; 6.422545; Checking Box Human Car
13; Pedestrian; None; None; 10.10.2023 16:32:46; 805.0278; -0.09819996; 240.8417; Sidewalk; 6.443483; Checking Box Human Car
13; Pedestrian; None; None; 10.10.2023 16:32:46; 805.0457; -0.09819996; 240.843; Sidewalk; 6.465713; Checking Box Human Car
13; Pedestrian; None; None; 10.10.2023 16:32:46; 805.046; -0.09819996; 240.8429; Sidewalk; 6.488405; Checking Box Human Car
13; Pedestrian; None; None; 10.10.2023 16:32:46; 805.046; -0.09819996; 240.8429; Sidewalk; 6.499309; Checking Box Human Car
13; Pedestrian; None; None; 10.10.2023 16:32:46; 805.0461; -0.09819996; 240.843; Sidewalk; 6.522714; Checking Box Human Car
13; Pedestrian; None; None; 10.10.2023 16:32:46; 805.0462; -0.09819996; 240.8433; Sidewalk; 6.551258; Checking Box Human Car
13; Pedestrian; None; None; 10.10.2023 16:32:46; 805.0462; -0.09819996; 240.8436; Sidewalk; 6.5687; Checking Box Human Car
13; Pedestrian; None; None; 10.10.2023 16:32:46; 805.0463; -0.09819996; 240.8441; Sidewalk; 6.588316; Checking Box Human Car
13; Pedestrian; None; None; 10.10.2023 16:32:46; 805.0463; -0.09819996; 240.8443; Sidewalk; 6.599287; Checking Box Human Car
13; Pedestrian; None; None; 10.10.2023 16:32:46; 805.0464; -0.09819996; 240.8448; Sidewalk; 6.622188; Checking Box Human Car
13; Pedestrian; None; None; 10.10.2023 16:32:46; 805.0466; -0.09819996; 240.8452; Sidewalk; 6.643828; Checking Box Human Car
13; Pedestrian; None; None; 10.10.2023 16:32:46; 805.0467; -0.09819996; 240.8457; Sidewalk; 6.667384; Checking Box Human Car
13; Pedestrian; None; None; 10.10.2023 16:32:46; 805.0471; -0.09819996; 240.8462; Sidewalk; 6.68861; Checking Box Human Car
13; Pedestrian; None; None; 10.10.2023 16:32:47; 805.0474; -0.09819996; 240.8464; Sidewalk; 6.706417; Checking Box Human Car
13; Pedestrian; None; None; 10.10.2023 16:32:47; 805.0477; -0.09819996; 240.8467; Sidewalk; 6.724183; Checking Box Human Car
13; Pedestrian; None; None; 10.10.2023 16:32:47; 805.0453; -0.09819996; 240.8468; Sidewalk; 6.744286; Checking Box Human Car
13; Pedestrian; None; None; 10.10.2023 16:32:47; 805.0453; -0.09819996; 240.8468; Sidewalk; 6.744286; Checking Box Human Car
13; Pedestrian; None; None; 10.10.2023 16:32:47; 805.0461; -0.09819996; 240.8477; Sidewalk; 6.793373; Checking Box Human Car
13; Pedestrian; None; None; 10.10.2023 16:32:47; 805.0465; -0.09819996; 240.8479; Sidewalk; 6.804955; Checking Box Human Car
13; Pedestrian; None; None; 10.10.2023 16:32:47; 805.0466; -0.09819996; 240.8483; Sidewalk; 6.821794; Checking Box Human Car
13; Pedestrian; None; None; 10.10.2023 16:32:47; 805.0469; -0.09819996; 240.8485; Sidewalk; 6.832772; Checking Box Human Car
13; Pedestrian; None; None; 10.10.2023 16:32:47; 805.0494; -0.09819996; 240.8492; Sidewalk; 6.869018; Checking Box Human Car
13; Pedestrian; None; None; 10.10.2023 16:32:47; 805.0502; -0.09819996; 240.8496; Sidewalk; 6.891703; Checking Box Human Car
13; Pedestrian; None; None; 10.10.2023 16:32:47; 805.0506; -0.09819996; 240.8498; Sidewalk; 6.899154; Checking Box Human Car
13; Pedestrian; None; None; 10.10.2023 16:32:47; 805.051; -0.09819996; 240.8502; Sidewalk; 6.92154; Checking Box Human Car
13; Pedestrian; None; None; 10.10.2023 16:32:47; 805.0522; -0.09819996; 240.8506; Sidewalk; 6.943773; Checking Box Human Car
13; Pedestrian; None; None; 10.10.2023 16:32:47; 805.053; -0.09819996; 240.851; Sidewalk; 6.965999; Checking Box Human Car
13; Pedestrian; None; None; 10.10.2023 16:32:47; 805.0538; -0.09819996; 240.8513; Sidewalk; 6.988486; Checking Box Human Car
13; Pedestrian; None; None; 10.10.2023 16:32:47; 805.0538; -0.09819996; 240.8513; Sidewalk; 6.988486; Checking Box Human Car
13; Pedestrian; None; None; 10.10.2023 16:32:47; 805.0547; -0.09819996; 240.8517; Sidewalk; 7.033634; Checking Box Human Car
13; Pedestrian; None; None; 10.10.2023 16:32:47; 805.0554; -0.09819996; 240.8518; Sidewalk; 7.049986; Checking Box Human Car
13; Pedestrian; None; None; 10.10.2023 16:32:47; 805.0562; -0.09819996; 240.852; Sidewalk; 7.065587; Checking Box Human Car
13; Pedestrian; None; None; 10.10.2023 16:32:47; 805.0569; -0.09819996; 240.8521; Sidewalk; 7.088693; null
13; Pedestrian; None; None; 10.10.2023 16:32:47; 805.0572; -0.09819996; 240.8521; Sidewalk; 7.099256; null
13; Pedestrian; None; None; 10.10.2023 16:32:47; 805.058; -0.09819996; 240.8523; Sidewalk; 7.12161; null
13; Pedestrian; None; None; 10.10.2023 16:32:47; 805.0587; -0.09819996; 240.8524; Sidewalk; 7.143929; null
13; Pedestrian; None; None; 10.10.2023 16:32:47; 805.0591; -0.09819996; 240.8524; Sidewalk; 7.155158; null
13; Pedestrian; None; None; 10.10.2023 16:32:47; 805.0602; -0.09819996; 240.8525; Sidewalk; 7.19734; null
13; Pedestrian; None; None; 10.10.2023 16:32:47; 805.0607; -0.09819996; 240.8526; Sidewalk; 7.204706; null
13; Pedestrian; None; None; 10.10.2023 16:32:47; 805.0611; -0.09819996; 240.8527; Sidewalk; 7.222131; null
13; Pedestrian; None; None; 10.10.2023 16:32:47; 805.0615; -0.09819996; 240.8528; Sidewalk; 7.243674; null
13; Pedestrian; None; None; 10.10.2023 16:32:47; 805.0621; -0.09819996; 240.853; Sidewalk; 7.266282; null
13; Pedestrian; None; None; 10.10.2023 16:32:47; 805.0626; -0.09819996; 240.853; Sidewalk; 7.288202; null
13; Pedestrian; None; None; 10.10.2023 16:32:47; 805.0632; -0.09819996; 240.853; Sidewalk; 7.299715; null
13; Pedestrian; None; None; 10.10.2023 16:32:47; 805.0639; -0.09819996; 240.853; Sidewalk; 7.328459; null
13; Pedestrian; None; None; 10.10.2023 16:32:47; 805.0648; -0.09819996; 240.8531; Sidewalk; 7.346507; null
13; Pedestrian; None; None; 10.10.2023 16:32:47; 805.0655; -0.09819996; 240.8531; Sidewalk; 7.36549; null
13; Pedestrian; None; None; 10.10.2023 16:32:47; 805.0662; -0.09819996; 240.8531; Sidewalk; 7.387961; null
13; Pedestrian; None; None; 10.10.2023 16:32:47; 805.0665; -0.09819996; 240.8532; Sidewalk; 7.399072; null
13; Pedestrian; None; None; 10.10.2023 16:32:47; 805.0671; -0.09819996; 240.8532; Sidewalk; 7.420929; null
13; Pedestrian; None; None; 10.10.2023 16:32:47; 805.0676; -0.09819996; 240.8531; Sidewalk; 7.443264; null
13; Pedestrian; None; None; 10.10.2023 16:32:47; 805.0682; -0.09819996; 240.853; Sidewalk; 7.465684; null
13; Pedestrian; None; None; 10.10.2023 16:32:47; 805.0688; -0.09819996; 240.8529; Sidewalk; 7.494886; null
13; Pedestrian; None; None; 10.10.2023 16:32:47; 805.0691; -0.09819996; 240.8529; Sidewalk; 7.50247; null
13; Pedestrian; None; None; 10.10.2023 16:32:47; 805.0697; -0.09819996; 240.853; Sidewalk; 7.520916; null
13; Pedestrian; None; None; 10.10.2023 16:32:47; 805.0699; -0.09819996; 240.8531; Sidewalk; 7.542962; null
13; Pedestrian; None; None; 10.10.2023 16:32:47; 805.0702; -0.09819996; 240.8532; Sidewalk; 7.565711; null
13; Pedestrian; None; None; 10.10.2023 16:32:47; 805.0702; -0.09819996; 240.8533; Sidewalk; 7.587586; null
13; Pedestrian; None; None; 10.10.2023 16:32:47; 805.0702; -0.09819996; 240.8533; Sidewalk; 7.599442; null
13; Pedestrian; None; None; 10.10.2023 16:32:47; 805.0705; -0.09819996; 240.8533; Sidewalk; 7.621201; null
13; Pedestrian; None; None; 10.10.2023 16:32:47; 805.0702; -0.09819996; 240.8533; Sidewalk; 7.647159; null
13; Pedestrian; None; None; 10.10.2023 16:32:47; 805.0704; -0.09819996; 240.8534; Sidewalk; 7.665473; null
13; Pedestrian; None; None; 10.10.2023 16:32:47; 805.0706; -0.09819996; 240.8535; Sidewalk; 7.687651; null
13; Pedestrian; None; None; 10.10.2023 16:32:48; 805.0707; -0.09819996; 240.8536; Sidewalk; 7.698868; null
13; Pedestrian; None; None; 10.10.2023 16:32:48; 805.0701; -0.09819996; 240.8537; Sidewalk; 7.720733; null
13; Pedestrian; None; None; 10.10.2023 16:32:48; 805.0698; -0.09819996; 240.8538; Sidewalk; 7.742929; null
13; Pedestrian; None; None; 10.10.2023 16:32:48; 805.0698; -0.09819996; 240.854; Sidewalk; 7.76528; null
13; Pedestrian; None; None; 10.10.2023 16:32:48; 805.0697; -0.09819996; 240.8542; Sidewalk; 7.795271; null
13; Pedestrian; None; None; 10.10.2023 16:32:48; 805.0694; -0.09819996; 240.8544; Sidewalk; 7.804559; null
13; Pedestrian; None; None; 10.10.2023 16:32:48; 805.069; -0.09819996; 240.8547; Sidewalk; 7.821636; null
13; Pedestrian; None; None; 10.10.2023 16:32:48; 805.0684; -0.09819996; 240.855; Sidewalk; 7.843005; null
13; Pedestrian; None; None; 10.10.2023 16:32:48; 805.0676; -0.09819996; 240.8553; Sidewalk; 7.866229; null
13; Pedestrian; None; None; 10.10.2023 16:32:48; 805.0669; -0.09819996; 240.8557; Sidewalk; 7.887379; null
13; Pedestrian; None; None; 10.10.2023 16:32:48; 805.0663; -0.09819996; 240.856; Sidewalk; 7.898913; null
13; Pedestrian; None; None; 10.10.2023 16:32:48; 805.0648; -0.09819996; 240.8564; Sidewalk; 7.921751; null
13; Pedestrian; None; None; 10.10.2023 16:32:48; 805.0638; -0.09819996; 240.8571; Sidewalk; 7.949899; null
13; Pedestrian; None; None; 10.10.2023 16:32:48; 805.062; -0.09819996; 240.8577; Sidewalk; 7.966965; null
13; Pedestrian; None; None; 10.10.2023 16:32:48; 805.0606; -0.09819996; 240.8584; Sidewalk; 7.988323; null
13; Pedestrian; None; None; 10.10.2023 16:32:48; 805.0603; -0.09819996; 240.8587; Sidewalk; 7.998596; null
13; Pedestrian; None; None; 10.10.2023 16:32:48; 805.0594; -0.09819996; 240.8593; Sidewalk; 8.020648; null
13; Pedestrian; None; None; 10.10.2023 16:32:48; 805.0587; -0.09819996; 240.8598; Sidewalk; 8.042804; null
13; Pedestrian; None; None; 10.10.2023 16:32:48; 805.0577; -0.09819996; 240.8605; Sidewalk; 8.064992; null
13; Pedestrian; None; None; 10.10.2023 16:32:48; 805.0569; -0.09819996; 240.861; Sidewalk; 8.087874; null
13; Pedestrian; None; None; 10.10.2023 16:32:48; 805.0566; -0.09819996; 240.8612; Sidewalk; 8.105814; null
13; Pedestrian; None; None; 10.10.2023 16:32:48; 805.0565; -0.09819996; 240.8614; Sidewalk; 8.123346; null
13; Pedestrian; None; None; 10.10.2023 16:32:48; 805.0574; -0.09819996; 240.8617; Sidewalk; 8.143397; null
13; Pedestrian; None; None; 10.10.2023 16:32:48; 805.0582; -0.09819996; 240.8618; Sidewalk; 8.16521; null
13; Pedestrian; None; None; 10.10.2023 16:32:48; 805.0591; -0.09819996; 240.8617; Sidewalk; 8.187509; null
13; Pedestrian; None; None; 10.10.2023 16:32:48; 805.0593; -0.09819996; 240.8616; Sidewalk; 8.199444; null
13; Pedestrian; None; None; 10.10.2023 16:32:48; 805.0604; -0.09819996; 240.8614; Sidewalk; 8.220877; null
13; Pedestrian; None; None; 10.10.2023 16:32:48; 805.0616; -0.09819996; 240.8613; Sidewalk; 8.243309; null
13; Pedestrian; None; None; 10.10.2023 16:32:48; 805.0629; -0.09819996; 240.8612; Sidewalk; 8.269414; null
13; Pedestrian; None; None; 10.10.2023 16:32:48; 805.0651; -0.09819996; 240.8612; Sidewalk; 8.287822; null
13; Pedestrian; None; None; 10.10.2023 16:32:48; 805.0658; -0.09819996; 240.8613; Sidewalk; 8.298729; null
13; Pedestrian; None; None; 10.10.2023 16:32:48; 805.0669; -0.09819996; 240.8615; Sidewalk; 8.320765; null
13; Pedestrian; None; None; 10.10.2023 16:32:48; 805.0679; -0.09819996; 240.8617; Sidewalk; 8.342957; null
13; Pedestrian; None; None; 10.10.2023 16:32:48; 805.069; -0.09819996; 240.8621; Sidewalk; 8.365117; null
13; Pedestrian; None; None; 10.10.2023 16:32:48; 805.0698; -0.09819996; 240.8627; Sidewalk; 8.387981; null
13; Pedestrian; None; None; 10.10.2023 16:32:48; 805.0698; -0.09819996; 240.8627; Sidewalk; 8.387981; null
13; Pedestrian; None; None; 10.10.2023 16:32:48; 805.0702; -0.09819996; 240.8636; Sidewalk; 8.433783; null
13; Pedestrian; None; None; 10.10.2023 16:32:48; 805.0707; -0.09819996; 240.8642; Sidewalk; 8.44966; null
13; Pedestrian; None; None; 10.10.2023 16:32:48; 805.071; -0.09819996; 240.8649; Sidewalk; 8.464806; null
13; Pedestrian; None; None; 10.10.2023 16:32:48; 805.0713; -0.09819996; 240.8656; Sidewalk; 8.487226; Checking Box AICar
13; Pedestrian; None; None; 10.10.2023 16:32:48; 805.0714; -0.09819996; 240.866; Sidewalk; 8.498572; Checking Box AICar
13; Pedestrian; None; None; 10.10.2023 16:32:48; 805.072; -0.09819996; 240.8667; Sidewalk; 8.520727; Checking Box AICar
13; Pedestrian; None; None; 10.10.2023 16:32:48; 805.0723; -0.09819996; 240.8673; Sidewalk; 8.542895; Checking Box AICar
13; Pedestrian; None; None; 10.10.2023 16:32:48; 805.0723; -0.09819996; 240.868; Sidewalk; 8.572145; Checking Box AICar
13; Pedestrian; None; None; 10.10.2023 16:32:48; 805.0724; -0.09819996; 240.8686; Sidewalk; 8.589653; Checking Box AICar
13; Pedestrian; None; None; 10.10.2023 16:32:48; 805.0721; -0.09819996; 240.869; Sidewalk; 8.598171; Checking Box AICar
13; Pedestrian; None; None; 10.10.2023 16:32:48; 805.0721; -0.09819996; 240.8697; Sidewalk; 8.621273; Checking Box AICar
13; Pedestrian; None; None; 10.10.2023 16:32:48; 805.0718; -0.09819996; 240.8703; Sidewalk; 8.642463; Checking Box AICar
13; Pedestrian; None; None; 10.10.2023 16:32:48; 805.0714; -0.09819996; 240.8709; Sidewalk; 8.664981; Checking Box AICar
13; Pedestrian; None; None; 10.10.2023 16:32:48; 805.0706; -0.09819996; 240.8716; Sidewalk; 8.687491; Checking Box AICar
13; Pedestrian; None; None; 10.10.2023 16:32:49; 805.0703; -0.09819996; 240.8719; Sidewalk; 8.698301; Checking Box AICar
13; Pedestrian; None; None; 10.10.2023 16:32:49; 805.0699; -0.09819996; 240.8725; Sidewalk; 8.727985; Checking Box AICar
13; Pedestrian; None; None; 10.10.2023 16:32:49; 805.0689; -0.09819996; 240.873; Sidewalk; 8.745829; Checking Box AICar
13; Pedestrian; None; None; 10.10.2023 16:32:49; 805.0681; -0.09819996; 240.8735; Sidewalk; 8.765028; Checking Box AICar
13; Pedestrian; None; None; 10.10.2023 16:32:49; 805.0672; -0.09819996; 240.8741; Sidewalk; 8.787024; Checking Box AICar
13; Pedestrian; None; None; 10.10.2023 16:32:49; 805.0668; -0.09819996; 240.8744; Sidewalk; 8.798489; Checking Box AICar
13; Pedestrian; None; None; 10.10.2023 16:32:49; 805.0657; -0.09819996; 240.875; Sidewalk; 8.820489; Checking Box AICar
13; Pedestrian; None; None; 10.10.2023 16:32:49; 805.0645; -0.09819996; 240.8756; Sidewalk; 8.842681; Checking Box AICar
13; Pedestrian; None; None; 10.10.2023 16:32:49; 805.063; -0.09819996; 240.8764; Sidewalk; 8.865399; Checking Box AICar
13; Pedestrian; None; None; 10.10.2023 16:32:49; 805.0609; -0.09819996; 240.8771; Sidewalk; 8.891633; Checking Box AICar
13; Pedestrian; None; None; 10.10.2023 16:32:49; 805.0598; -0.09819996; 240.8776; Sidewalk; 8.899425; Checking Box AICar
13; Pedestrian; None; None; 10.10.2023 16:32:49; 805.0573; -0.09819996; 240.8786; Sidewalk; 8.920471; Checking Box AICar
13; Pedestrian; None; None; 10.10.2023 16:32:49; 805.0544; -0.09819996; 240.8797; Sidewalk; 8.942453; Checking Box AICar
13; Pedestrian; None; None; 10.10.2023 16:32:49; 805.0516; -0.09819996; 240.8809; Sidewalk; 8.96522; Checking Box AICar
13; Pedestrian; None; None; 10.10.2023 16:32:49; 805.0482; -0.09819996; 240.8823; Sidewalk; 8.986936; Checking Box AICar
13; Pedestrian; None; None; 10.10.2023 16:32:49; 805.0465; -0.09819996; 240.883; Sidewalk; 8.998413; Checking Box AICar
13; Pedestrian; None; None; 10.10.2023 16:32:49; 805.0428; -0.09819996; 240.8846; Sidewalk; 9.020458; Checking Box AICar
13; Pedestrian; None; None; 10.10.2023 16:32:49; 805.0389; -0.09819996; 240.8863; Sidewalk; 9.048207; Checking Box AICar
13; Pedestrian; None; None; 10.10.2023 16:32:49; 805.035; -0.09819996; 240.8882; Sidewalk; 9.06445; Checking Box AICar
13; Pedestrian; None; None; 10.10.2023 16:32:49; 805.0309; -0.09819996; 240.8904; Sidewalk; 9.086836; Checking Box AICar
13; Pedestrian; None; None; 10.10.2023 16:32:49; 805.0286; -0.09819996; 240.8916; Sidewalk; 9.098408; Checking Box AICar
13; Pedestrian; None; None; 10.10.2023 16:32:49; 805.0237; -0.09819996; 240.8942; Sidewalk; 9.120503; Checking Box AICar
13; Pedestrian; None; None; 10.10.2023 16:32:49; 805.0184; -0.09819996; 240.8973; Sidewalk; 9.142338; Checking Box AICar
13; Pedestrian; None; None; 10.10.2023 16:32:49; 805.0131; -0.09819996; 240.9007; Sidewalk; 9.164956; Checking Box AICar
13; Pedestrian; None; None; 10.10.2023 16:32:49; 805.0079; -0.09819996; 240.9044; Sidewalk; 9.19398; null
13; Pedestrian; None; None; 10.10.2023 16:32:49; 805.0031; -0.09819996; 240.9083; Sidewalk; 9.210811; null
13; Pedestrian; None; None; 10.10.2023 16:32:49; 805.0007; -0.09819996; 240.9103; Sidewalk; 9.219898; null
13; Pedestrian; None; None; 10.10.2023 16:32:49; 804.9964; -0.09819996; 240.9142; Sidewalk; 9.242232; null
13; Pedestrian; None; None; 10.10.2023 16:32:49; 804.9936; -0.09819996; 240.9181; Sidewalk; 9.264668; null
13; Pedestrian; None; None; 10.10.2023 16:32:49; 804.9895; -0.09819996; 240.9236; Sidewalk; 9.297919; null
13; Pedestrian; None; None; 10.10.2023 16:32:49; 804.9882; -0.09819996; 240.9254; Sidewalk; 9.308556; null
13; Pedestrian; None; None; 10.10.2023 16:32:49; 804.9878; -0.09819996; 240.9272; Sidewalk; 9.319931; null
13; Pedestrian; None; None; 10.10.2023 16:32:49; 804.9839; -0.09819996; 240.9319; Sidewalk; 9.357256; null
13; Pedestrian; None; None; 10.10.2023 16:32:49; 804.9831; -0.09819996; 240.9351; Sidewalk; 9.375896; null
13; Pedestrian; None; None; 10.10.2023 16:32:49; 804.9825; -0.09819996; 240.9384; Sidewalk; 9.397894; null
13; Pedestrian; None; None; 10.10.2023 16:32:49; 804.9825; -0.09819996; 240.9384; Sidewalk; 9.397894; null
13; Pedestrian; None; None; 10.10.2023 16:32:49; 804.9824; -0.09819996; 240.9433; Sidewalk; 9.43117; null
13; Pedestrian; None; None; 10.10.2023 16:32:49; 804.9821; -0.09819996; 240.9465; Sidewalk; 9.453156; null
13; Pedestrian; None; None; 10.10.2023 16:32:49; 804.9818; -0.09819996; 240.9496; Sidewalk; 9.475526; null
13; Pedestrian; None; None; 10.10.2023 16:32:49; 804.9818; -0.09819996; 240.951; Sidewalk; 9.486291; null
13; Pedestrian; None; None; 10.10.2023 16:32:49; 804.9818; -0.09819996; 240.951; Sidewalk; 9.486291; null
13; Pedestrian; None; None; 10.10.2023 16:32:49; 804.9818; -0.09819996; 240.951; Sidewalk; 9.486291; null
13; Pedestrian; None; None; 10.10.2023 16:32:49; 804.9807; -0.09819996; 240.9572; Sidewalk; 9.543058; null
13; Pedestrian; None; None; 10.10.2023 16:32:49; 804.9801; -0.09819996; 240.9587; Sidewalk; 9.564724; null
13; Pedestrian; None; None; 10.10.2023 16:32:49; 804.9788; -0.09819996; 240.96; Sidewalk; 9.597746; null
13; Pedestrian; None; None; 10.10.2023 16:32:49; 804.9788; -0.09819996; 240.96; Sidewalk; 9.597746; null
13; Pedestrian; None; None; 10.10.2023 16:32:49; 804.9775; -0.09819996; 240.9602; Sidewalk; 9.620582; null
13; Pedestrian; None; None; 10.10.2023 16:32:49; 804.9761; -0.09819996; 240.9601; Sidewalk; 9.642503; null
13; Pedestrian; None; None; 10.10.2023 16:32:49; 804.9746; -0.09819996; 240.9595; Sidewalk; 9.675119; null
13; Pedestrian; None; None; 10.10.2023 16:32:49; 804.9719; -0.09819996; 240.958; Sidewalk; 9.699077; null
13; Pedestrian; None; None; 10.10.2023 16:32:50; 804.9719; -0.09819996; 240.958; Sidewalk; 9.699077; null
13; Pedestrian; None; None; 10.10.2023 16:32:50; 804.9688; -0.09819996; 240.9554; Sidewalk; 9.730746; null
13; Pedestrian; None; None; 10.10.2023 16:32:50; 804.9665; -0.09819996; 240.953; Sidewalk; 9.753519; null
13; Pedestrian; None; None; 10.10.2023 16:32:50; 804.9641; -0.09819996; 240.9503; Sidewalk; 9.775117; null
13; Pedestrian; None; None; 10.10.2023 16:32:50; 804.9633; -0.09819996; 240.9487; Sidewalk; 9.78591; null
13; Pedestrian; None; None; 10.10.2023 16:32:50; 804.9623; -0.09819996; 240.947; Sidewalk; 9.797463; Checking Box AICar
13; Pedestrian; None; None; 10.10.2023 16:32:50; 804.9605; -0.09819996; 240.9415; Sidewalk; 9.833007; Checking Box AICar
13; Pedestrian; None; None; 10.10.2023 16:32:50; 804.9599; -0.09819996; 240.9373; Sidewalk; 9.853093; Checking Box AICar
13; Pedestrian; None; None; 10.10.2023 16:32:50; 804.9595; -0.09819996; 240.9327; Sidewalk; 9.875245; Checking Box AICar
13; Pedestrian; None; None; 10.10.2023 16:32:50; 804.9607; -0.09819996; 240.9276; Sidewalk; 9.897882; Checking Box AICar
13; Pedestrian; None; None; 10.10.2023 16:32:50; 804.9617; -0.09819996; 240.925; Sidewalk; 9.908838; Checking Box AICar
13; Pedestrian; None; None; 10.10.2023 16:32:50; 804.9642; -0.09819996; 240.9194; Sidewalk; 9.931467; Checking Box AICar
13; Pedestrian; None; None; 10.10.2023 16:32:50; 804.9664; -0.09819996; 240.9166; Sidewalk; 9.942042; Checking Box AICar
13; Pedestrian; None; None; 10.10.2023 16:32:50; 804.9709; -0.09819996; 240.9106; Sidewalk; 9.97473; Checking Box AICar
13; Pedestrian; None; None; 10.10.2023 16:32:50; 804.9775; -0.09819996; 240.9047; Sidewalk; 9.995887; Checking Box AICar
13; Pedestrian; None; None; 10.10.2023 16:32:50; 804.9816; -0.09819996; 240.9019; Sidewalk; 10.00416; Checking Box AICar
13; Pedestrian; None; None; 10.10.2023 16:32:50; 804.991; -0.09819996; 240.8966; Sidewalk; 10.02073; Checking Box AICar
13; Pedestrian; None; None; 10.10.2023 16:32:50; 805.0067; -0.09819996; 240.8897; Sidewalk; 10.05406; Checking Box AICar
13; Pedestrian; None; None; 10.10.2023 16:32:50; 805.0122; -0.09819996; 240.8878; Sidewalk; 10.06442; Checking Box AICar
13; Pedestrian; None; None; 10.10.2023 16:32:50; 805.0273; -0.09819996; 240.8834; Sidewalk; 10.09788; null
13; Pedestrian; None; None; 10.10.2023 16:32:50; 805.0273; -0.09819996; 240.8834; Sidewalk; 10.09788; null
13; Pedestrian; None; None; 10.10.2023 16:32:50; 805.0363; -0.09819996; 240.8815; Sidewalk; 10.12761; null
13; Pedestrian; None; None; 10.10.2023 16:32:50; 805.0435; -0.09819996; 240.8803; Sidewalk; 10.14437; null
13; Pedestrian; None; None; 10.10.2023 16:32:50; 805.0506; -0.09819996; 240.8791; Sidewalk; 10.17556; null
13; Pedestrian; None; None; 10.10.2023 16:32:50; 805.053; -0.09819996; 240.8785; Sidewalk; 10.19797; Checking Box Human Car
13; Pedestrian; None; None; 10.10.2023 16:32:50; 805.053; -0.09819996; 240.8785; Sidewalk; 10.19797; Checking Box Human Car
13; Pedestrian; None; None; 10.10.2023 16:32:50; 805.0533; -0.09819996; 240.8779; Sidewalk; 10.23211; Checking Box Human Car
13; Pedestrian; None; None; 10.10.2023 16:32:50; 805.053; -0.09819996; 240.8778; Sidewalk; 10.24215; Checking Box Human Car
13; Pedestrian; None; None; 10.10.2023 16:32:50; 805.0519; -0.09819996; 240.8777; Sidewalk; 10.26449; Checking Box Human Car
13; Pedestrian; None; None; 10.10.2023 16:32:50; 805.0504; -0.09819996; 240.8777; Sidewalk; 10.29464; Checking Box Human Car
13; Pedestrian; None; None; 10.10.2023 16:32:50; 805.0496; -0.09819996; 240.8777; Sidewalk; 10.30401; Checking Box Human Car
13; Pedestrian; None; None; 10.10.2023 16:32:50; 805.0432; -0.09819996; 240.8775; Sidewalk; 10.33144; Checking Box Human Car
13; Pedestrian; None; None; 10.10.2023 16:32:50; 805.041; -0.09819996; 240.8775; Sidewalk; 10.35351; Checking Box Human Car
13; Pedestrian; None; None; 10.10.2023 16:32:50; 805.0393; -0.09819996; 240.8776; Sidewalk; 10.37551; Checking Box Human Car
13; Pedestrian; None; None; 10.10.2023 16:32:50; 805.0378; -0.09819996; 240.8775; Sidewalk; 10.3986; Checking Box Human Car
13; Pedestrian; None; None; 10.10.2023 16:32:50; 805.0378; -0.09819996; 240.8775; Sidewalk; 10.3986; Checking Box Human Car
13; Pedestrian; None; None; 10.10.2023 16:32:50; 805.0365; -0.09819996; 240.8775; Sidewalk; 10.42051; Checking Box Human Car
13; Pedestrian; None; None; 10.10.2023 16:32:50; 805.0355; -0.09819996; 240.8775; Sidewalk; 10.45596; Checking Box Human Car
13; Pedestrian; None; None; 10.10.2023 16:32:50; 805.0349; -0.09819996; 240.8773; Sidewalk; 10.47547; Checking Box Human Car
13; Pedestrian; None; None; 10.10.2023 16:32:50; 805.0349; -0.09819996; 240.8772; Sidewalk; 10.49808; Checking Box Human Car
13; Pedestrian; None; None; 10.10.2023 16:32:50; 805.0349; -0.09819996; 240.8772; Sidewalk; 10.49808; Checking Box Human Car
13; Pedestrian; None; None; 10.10.2023 16:32:50; 805.035; -0.09819996; 240.877; Sidewalk; 10.5314; Checking Box Human Car
13; Pedestrian; None; None; 10.10.2023 16:32:50; 805.0352; -0.09819996; 240.877; Sidewalk; 10.55362; Checking Box Human Car
13; Pedestrian; None; None; 10.10.2023 16:32:50; 805.0352; -0.09819996; 240.877; Sidewalk; 10.56434; Checking Box Human Car
13; Pedestrian; None; None; 10.10.2023 16:32:50; 805.0353; -0.09819996; 240.8769; Sidewalk; 10.59371; Checking Box Human Car
13; Pedestrian; None; None; 10.10.2023 16:32:50; 805.0352; -0.09819996; 240.8769; Sidewalk; 10.60392; Checking Box Human Car
13; Pedestrian; None; None; 10.10.2023 16:32:50; 805.0352; -0.09819996; 240.8768; Sidewalk; 10.62152; Checking Box Human Car
13; Pedestrian; None; None; 10.10.2023 16:32:50; 805.0351; -0.09819996; 240.8768; Sidewalk; 10.64264; Checking Box Human Car
13; Pedestrian; None; None; 10.10.2023 16:32:50; 805.0347; -0.09819996; 240.8768; Sidewalk; 10.67547; Checking Box Human Car
13; Pedestrian; None; None; 10.10.2023 16:32:50; 805.0338; -0.09819996; 240.8768; Sidewalk; 10.69816; Checking Box Human Car
13; Pedestrian; None; None; 10.10.2023 16:32:51; 805.0334; -0.09819996; 240.8767; Sidewalk; 10.70884; Checking Box Human Car
13; Pedestrian; None; None; 10.10.2023 16:32:51; 805.0333; -0.09819996; 240.8767; Sidewalk; 10.71971; Checking Box Human Car
13; Pedestrian; None; None; 10.10.2023 16:32:51; 805.0329; -0.09819996; 240.8766; Sidewalk; 10.74924; Checking Box Human Car
13; Pedestrian; None; None; 10.10.2023 16:32:51; 805.032; -0.09819996; 240.8767; Sidewalk; 10.77596; Checking Box Human Car
13; Pedestrian; None; None; 10.10.2023 16:32:51; 805.0309; -0.09819996; 240.8767; Sidewalk; 10.79798; Checking Box Human Car
13; Pedestrian; None; None; 10.10.2023 16:32:51; 805.0308; -0.09819996; 240.8767; Sidewalk; 10.80848; Checking Box Human Car
13; Pedestrian; None; None; 10.10.2023 16:32:51; 805.0305; -0.09819996; 240.8768; Sidewalk; 10.81995; Checking Box Human Car
13; Pedestrian; None; None; 10.10.2023 16:32:51; 805.0298; -0.09819996; 240.8768; Sidewalk; 10.84279; Checking Box Human Car
13; Pedestrian; None; None; 10.10.2023 16:32:51; 805.0291; -0.09819996; 240.877; Sidewalk; 10.87536; Checking Box Human Car
13; Pedestrian; None; None; 10.10.2023 16:32:51; 805.0286; -0.09819996; 240.877; Sidewalk; 10.88618; Checking Box Human Car
13; Pedestrian; None; None; 10.10.2023 16:32:51; 805.0283; -0.09819996; 240.877; Sidewalk; 10.90502; Checking Box Human Car
13; Pedestrian; None; None; 10.10.2023 16:32:51; 805.0278; -0.09819996; 240.877; Sidewalk; 10.93128; Checking Box Human Car
13; Pedestrian; None; None; 10.10.2023 16:32:51; 805.0291; -0.09819996; 240.8771; Sidewalk; 10.95365; Checking Box Human Car
13; Pedestrian; None; None; 10.10.2023 16:32:51; 805.0289; -0.09819996; 240.8772; Sidewalk; 10.9761; Checking Box Human Car
13; Pedestrian; None; None; 10.10.2023 16:32:51; 805.0287; -0.09819996; 240.8773; Sidewalk; 10.99774; Checking Box Human Car
13; Pedestrian; None; None; 10.10.2023 16:32:51; 805.0287; -0.09819996; 240.8773; Sidewalk; 10.99774; Checking Box Human Car
13; Pedestrian; None; None; 10.10.2023 16:32:51; 805.0284; -0.09819996; 240.8773; Sidewalk; 11.02127; Checking Box Human Car
13; Pedestrian; None; None; 10.10.2023 16:32:51; 805.0279; -0.09819996; 240.8773; Sidewalk; 11.04265; Checking Box Human Car
13; Pedestrian; None; None; 10.10.2023 16:32:51; 805.0279; -0.09819996; 240.8773; Sidewalk; 11.07908; Checking Box Human Car
13; Pedestrian; None; None; 10.10.2023 16:32:51; 805.0278; -0.09819996; 240.8774; Sidewalk; 11.09751; Checking Box Human Car
13; Pedestrian; None; None; 10.10.2023 16:32:51; 805.0276; -0.09819996; 240.8774; Sidewalk; 11.10823; Checking Box Human Car
13; Pedestrian; None; None; 10.10.2023 16:32:51; 805.0275; -0.09819996; 240.8773; Sidewalk; 11.1309; Checking Box Human Car
13; Pedestrian; None; None; 10.10.2023 16:32:51; 805.0275; -0.09819996; 240.8772; Sidewalk; 11.15281; Checking Box Human Car
13; Pedestrian; None; None; 10.10.2023 16:32:51; 805.0283; -0.09819996; 240.8772; Sidewalk; 11.17528; Checking Box Human Car
13; Pedestrian; None; None; 10.10.2023 16:32:51; 805.0284; -0.09819996; 240.8772; Sidewalk; 11.18587; Checking Box Human Car
13; Pedestrian; None; None; 10.10.2023 16:32:51; 805.0283; -0.09819996; 240.8772; Sidewalk; 11.1984; Checking Box Human Car
13; Pedestrian; None; None; 10.10.2023 16:32:51; 805.0286; -0.09819996; 240.8772; Sidewalk; 11.23292; Checking Box Human Car
13; Pedestrian; None; None; 10.10.2023 16:32:51; 805.0287; -0.09819996; 240.8773; Sidewalk; 11.25272; Checking Box Human Car
13; Pedestrian; None; None; 10.10.2023 16:32:51; 805.0287; -0.09819996; 240.8773; Sidewalk; 11.26383; Checking Box Human Car
13; Pedestrian; None; None; 10.10.2023 16:32:51; 805.0288; -0.09819996; 240.8774; Sidewalk; 11.29733; Checking Box Human Car
13; Pedestrian; None; None; 10.10.2023 16:32:51; 805.0289; -0.09819996; 240.8774; Sidewalk; 11.30803; Checking Box Human Car
13; Pedestrian; None; None; 10.10.2023 16:32:51; 805.0294; -0.09819996; 240.8774; Sidewalk; 11.33085; Checking Box Human Car
13; Pedestrian; None; None; 10.10.2023 16:32:51; 805.0302; -0.09819996; 240.8775; Sidewalk; 11.34157; Checking Box Human Car
13; Pedestrian; None; None; 10.10.2023 16:32:51; 805.0308; -0.09819996; 240.8775; Sidewalk; 11.37127; Checking Box Human Car
13; Pedestrian; None; None; 10.10.2023 16:32:51; 805.0312; -0.09819996; 240.8777; Sidewalk; 11.39735; Checking Box Human Car
13; Pedestrian; None; None; 10.10.2023 16:32:51; 805.0312; -0.09819996; 240.8777; Sidewalk; 11.40775; Checking Box Human Car
13; Pedestrian; None; None; 10.10.2023 16:32:51; 805.0323; -0.09819996; 240.8779; Sidewalk; 11.43059; Checking Box Human Car
13; Pedestrian; None; None; 10.10.2023 16:32:51; 805.0329; -0.09819996; 240.878; Sidewalk; 11.45279; Checking Box Human Car
13; Pedestrian; None; None; 10.10.2023 16:32:51; 805.0332; -0.09819996; 240.8781; Sidewalk; 11.47483; Checking Box Human Car
13; Pedestrian; None; None; 10.10.2023 16:32:51; 805.0338; -0.09819996; 240.8781; Sidewalk; 11.49722; Checking Box Human Car
13; Pedestrian; None; None; 10.10.2023 16:32:51; 805.0338; -0.09819996; 240.8781; Sidewalk; 11.49722; Checking Box Human Car
13; Pedestrian; None; None; 10.10.2023 16:32:51; 805.0345; -0.09819996; 240.8781; Sidewalk; 11.52692; Checking Box Human Car
13; Pedestrian; None; None; 10.10.2023 16:32:51; 805.0355; -0.09819996; 240.8781; Sidewalk; 11.55387; Checking Box Human Car
13; Pedestrian; None; None; 10.10.2023 16:32:51; 805.0362; -0.09819996; 240.8783; Sidewalk; 11.57581; Checking Box Human Car
13; Pedestrian; None; None; 10.10.2023 16:32:51; 805.0368; -0.09819996; 240.8782; Sidewalk; 11.59733; Checking Box Human Car
13; Pedestrian; None; None; 10.10.2023 16:32:51; 805.0368; -0.09819996; 240.8782; Sidewalk; 11.59733; Checking Box Human Car
13; Pedestrian; None; None; 10.10.2023 16:32:51; 805.038; -0.09819996; 240.8783; Sidewalk; 11.63066; Checking Box Human Car
13; Pedestrian; None; None; 10.10.2023 16:32:51; 805.0384; -0.09819996; 240.8784; Sidewalk; 11.64128; Checking Box Human Car
13; Pedestrian; None; None; 10.10.2023 16:32:51; 805.0389; -0.09819996; 240.8784; Sidewalk; 11.66455; Checking Box Human Car
13; Pedestrian; None; None; 10.10.2023 16:32:51; 805.0395; -0.09819996; 240.8786; Sidewalk; 11.69908; Checking Box Human Car
13; Pedestrian; None; None; 10.10.2023 16:32:52; 805.0395; -0.09819996; 240.8786; Sidewalk; 11.69908; Checking Box Human Car
13; Pedestrian; None; None; 10.10.2023 16:32:52; 805.0406; -0.09819996; 240.8788; Sidewalk; 11.73066; Checking Box Human Car
13; Pedestrian; None; None; 10.10.2023 16:32:52; 805.0414; -0.09819996; 240.8789; Sidewalk; 11.75304; Checking Box Human Car
13; Pedestrian; None; None; 10.10.2023 16:32:52; 805.042; -0.09819996; 240.8788; Sidewalk; 11.7753; Checking Box Human Car
13; Pedestrian; None; None; 10.10.2023 16:32:52; 805.0427; -0.09819996; 240.8789; Sidewalk; 11.79736; Checking Box Human Car
13; Pedestrian; None; None; 10.10.2023 16:32:52; 805.0432; -0.09819996; 240.8789; Sidewalk; 11.80824; Checking Box Human Car
13; Pedestrian; None; None; 10.10.2023 16:32:52; 805.0436; -0.09819996; 240.879; Sidewalk; 11.81989; Checking Box Human Car
13; Pedestrian; None; None; 10.10.2023 16:32:52; 805.0442; -0.09819996; 240.879; Sidewalk; 11.85347; Checking Box Human Car
13; Pedestrian; None; None; 10.10.2023 16:32:52; 805.0447; -0.09819996; 240.8792; Sidewalk; 11.8767; Checking Box Human Car
13; Pedestrian; None; None; 10.10.2023 16:32:52; 805.0447; -0.09819996; 240.8793; Sidewalk; 11.89676; Checking Box Human Car
13; Pedestrian; None; None; 10.10.2023 16:32:52; 805.0449; -0.09819996; 240.8793; Sidewalk; 11.90799; Checking Box Human Car
13; Pedestrian; None; None; 10.10.2023 16:32:52; 805.0451; -0.09819996; 240.8794; Sidewalk; 11.93019; Checking Box Human Car
13; Pedestrian; None; None; 10.10.2023 16:32:52; 805.045; -0.09819996; 240.8795; Sidewalk; 11.95296; Checking Box Human Car
13; Pedestrian; None; None; 10.10.2023 16:32:52; 805.0449; -0.09819996; 240.8795; Sidewalk; 11.96354; Checking Box Human Car
13; Pedestrian; None; None; 10.10.2023 16:32:52; 805.0447; -0.09819996; 240.8797; Sidewalk; 11.99321; Checking Box Human Car
13; Pedestrian; None; None; 10.10.2023 16:32:52; 805.0444; -0.09819996; 240.8798; Sidewalk; 12.01127; Checking Box Human Car
13; Pedestrian; None; None; 10.10.2023 16:32:52; 805.0442; -0.09819996; 240.8799; Sidewalk; 12.03017; Checking Box Human Car
13; Pedestrian; None; None; 10.10.2023 16:32:52; 805.0438; -0.09819996; 240.8799; Sidewalk; 12.05255; Checking Box Human Car
13; Pedestrian; None; None; 10.10.2023 16:32:52; 805.0433; -0.09819996; 240.8799; Sidewalk; 12.07444; Checking Box Human Car
13; Pedestrian; None; None; 10.10.2023 16:32:52; 805.0429; -0.09819996; 240.8801; Sidewalk; 12.0968; Checking Box Human Car
13; Pedestrian; None; None; 10.10.2023 16:32:52; 805.0428; -0.09819996; 240.8802; Sidewalk; 12.10805; Checking Box Human Car
13; Pedestrian; None; None; 10.10.2023 16:32:52; 805.0424; -0.09819996; 240.8802; Sidewalk; 12.11945; Checking Box Human Car
13; Pedestrian; None; None; 10.10.2023 16:32:52; 805.0419; -0.09819996; 240.8803; Sidewalk; 12.14878; Checking Box Human Car
13; Pedestrian; None; None; 10.10.2023 16:32:52; 805.0419; -0.09819996; 240.8804; Sidewalk; 12.16902; Checking Box Human Car
13; Pedestrian; None; None; 10.10.2023 16:32:52; 805.0419; -0.09819996; 240.8804; Sidewalk; 12.19757; Checking Box Human Car
13; Pedestrian; None; None; 10.10.2023 16:32:52; 805.0419; -0.09819996; 240.8804; Sidewalk; 12.19757; Checking Box Human Car
13; Pedestrian; None; None; 10.10.2023 16:32:52; 805.0424; -0.09819996; 240.8803; Sidewalk; 12.23025; Checking Box Human Car
13; Pedestrian; None; None; 10.10.2023 16:32:52; 805.0428; -0.09819996; 240.8803; Sidewalk; 12.25222; Checking Box Human Car
13; Pedestrian; None; None; 10.10.2023 16:32:52; 805.0431; -0.09819996; 240.8803; Sidewalk; 12.26349; Checking Box Human Car
13; Pedestrian; None; None; 10.10.2023 16:32:52; 805.0431; -0.09819996; 240.8803; Sidewalk; 12.26349; Checking Box Human Car
13; Pedestrian; None; None; 10.10.2023 16:32:52; 805.0431; -0.09819996; 240.8803; Sidewalk; 12.26349; Checking Box Human Car
13; Pedestrian; None; None; 10.10.2023 16:32:52; 805.0438; -0.09819996; 240.88; Sidewalk; 12.27465; Checking Box Human Car
13; Pedestrian; None; None; 10.10.2023 16:32:52; 805.0439; -0.09819996; 240.8799; Sidewalk; 12.35536; Checking Box Human Car
13; Pedestrian; None; None; 10.10.2023 16:32:52; 805.0441; -0.09819996; 240.88; Sidewalk; 12.37497; Checking Box Human Car
13; Pedestrian; None; None; 10.10.2023 16:32:52; 805.0441; -0.09819996; 240.8802; Sidewalk; 12.39703; Checking Box Human Car
13; Pedestrian; None; None; 10.10.2023 16:32:52; 805.044; -0.09819996; 240.8804; Sidewalk; 12.40784; Checking Box Human Car
13; Pedestrian; None; None; 10.10.2023 16:32:52; 805.0436; -0.09819996; 240.8808; Sidewalk; 12.43053; Checking Box Human Car
13; Pedestrian; None; None; 10.10.2023 16:32:52; 805.0432; -0.09819996; 240.8813; Sidewalk; 12.45232; Checking Box Human Car
13; Pedestrian; None; None; 10.10.2023 16:32:52; 805.043; -0.09819996; 240.8815; Sidewalk; 12.46377; Checking Box Human Car
13; Pedestrian; None; None; 10.10.2023 16:32:52; 805.0426; -0.09819996; 240.882; Sidewalk; 12.49611; Checking Box Human Car
13; Pedestrian; None; None; 10.10.2023 16:32:52; 805.0423; -0.09819996; 240.8823; Sidewalk; 12.50765; Checking Box Human Car
13; Pedestrian; None; None; 10.10.2023 16:32:52; 805.0421; -0.09819996; 240.8828; Sidewalk; 12.52436; Checking Box Human Car
13; Pedestrian; None; None; 10.10.2023 16:32:52; 805.0419; -0.09819996; 240.8834; Sidewalk; 12.55257; Checking Box Human Car
13; Pedestrian; None; None; 10.10.2023 16:32:52; 805.0419; -0.09819996; 240.8836; Sidewalk; 12.5757; Checking Box Human Car
13; Pedestrian; None; None; 10.10.2023 16:32:52; 805.0419; -0.09819996; 240.8839; Sidewalk; 12.59671; Checking Box Human Car
13; Pedestrian; None; None; 10.10.2023 16:32:52; 805.0419; -0.09819996; 240.8839; Sidewalk; 12.59671; Checking Box Human Car
13; Pedestrian; None; None; 10.10.2023 16:32:52; 805.0419; -0.09819996; 240.8842; Sidewalk; 12.6201; Checking Box Human Car
13; Pedestrian; None; None; 10.10.2023 16:32:52; 805.0397; -0.09819996; 240.8843; Sidewalk; 12.64817; Checking Box Human Car
13; Pedestrian; None; None; 10.10.2023 16:32:52; 805.0397; -0.09819996; 240.8849; Sidewalk; 12.67456; Checking Box Human Car
13; Pedestrian; None; None; 10.10.2023 16:32:52; 805.0397; -0.09819996; 240.885; Sidewalk; 12.6965; Checking Box Human Car
13; Pedestrian; None; None; 10.10.2023 16:32:53; 805.0398; -0.09819996; 240.8851; Sidewalk; 12.70754; Checking Box Human Car
13; Pedestrian; None; None; 10.10.2023 16:32:53; 805.0402; -0.09819996; 240.8852; Sidewalk; 12.72999; Checking Box Human Car
13; Pedestrian; None; None; 10.10.2023 16:32:53; 805.0405; -0.09819996; 240.8853; Sidewalk; 12.75273; Checking Box Human Car
13; Pedestrian; None; None; 10.10.2023 16:32:53; 805.0407; -0.09819996; 240.8855; Sidewalk; 12.77482; Checking Box Human Car
13; Pedestrian; None; None; 10.10.2023 16:32:53; 805.0408; -0.09819996; 240.8856; Sidewalk; 12.78567; Checking Box Human Car
13; Pedestrian; None; None; 10.10.2023 16:32:53; 805.0411; -0.09819996; 240.8857; Sidewalk; 12.80397; Checking Box Human Car
13; Pedestrian; None; None; 10.10.2023 16:32:53; 805.0415; -0.09819996; 240.8858; Sidewalk; 12.8311; null
13; Pedestrian; None; None; 10.10.2023 16:32:53; 805.0417; -0.09819996; 240.8859; Sidewalk; 12.85284; null
13; Pedestrian; None; None; 10.10.2023 16:32:53; 805.042; -0.09819996; 240.8859; Sidewalk; 12.87444; null
13; Pedestrian; None; None; 10.10.2023 16:32:53; 805.0421; -0.09819996; 240.8858; Sidewalk; 12.89739; null
13; Pedestrian; None; None; 10.10.2023 16:32:53; 805.0421; -0.09819996; 240.8858; Sidewalk; 12.9075; null
13; Pedestrian; None; None; 10.10.2023 16:32:53; 805.0421; -0.09819996; 240.8859; Sidewalk; 12.93032; null
13; Pedestrian; None; None; 10.10.2023 16:32:53; 805.042; -0.09819996; 240.8859; Sidewalk; 12.94133; null
13; Pedestrian; None; None; 10.10.2023 16:32:53; 805.0417; -0.09819996; 240.8858; Sidewalk; 12.97654; null
13; Pedestrian; None; None; 10.10.2023 16:32:53; 805.0416; -0.09819996; 240.8858; Sidewalk; 12.9965; null
13; Pedestrian; None; None; 10.10.2023 16:32:53; 805.0416; -0.09819996; 240.8858; Sidewalk; 13.00792; null
13; Pedestrian; None; None; 10.10.2023 16:32:53; 805.0411; -0.09819996; 240.8857; Sidewalk; 13.02971; null
13; Pedestrian; None; None; 10.10.2023 16:32:53; 805.0407; -0.09819996; 240.8857; Sidewalk; 13.05218; null
13; Pedestrian; None; None; 10.10.2023 16:32:53; 805.0399; -0.09819996; 240.8855; Sidewalk; 13.07464; null
13; Pedestrian; None; None; 10.10.2023 16:32:53; 805.0397; -0.09819996; 240.8854; Sidewalk; 13.08511; null
13; Pedestrian; None; None; 10.10.2023 16:32:53; 805.0394; -0.09819996; 240.8853; Sidewalk; 13.09655; null
13; Pedestrian; None; None; 10.10.2023 16:32:53; 805.0385; -0.09819996; 240.8849; Sidewalk; 13.13233; null
13; Pedestrian; None; None; 10.10.2023 16:32:53; 805.0376; -0.09819996; 240.8847; Sidewalk; 13.15236; null
13; Pedestrian; None; None; 10.10.2023 16:32:53; 805.0364; -0.09819996; 240.8844; Sidewalk; 13.1751; null
13; Pedestrian; None; None; 10.10.2023 16:32:53; 805.0352; -0.09819996; 240.8842; Sidewalk; 13.19671; null
13; Pedestrian; None; None; 10.10.2023 16:32:53; 805.0349; -0.09819996; 240.8841; Sidewalk; 13.2076; null
13; Pedestrian; None; None; 10.10.2023 16:32:53; 805.0339; -0.09819996; 240.8839; Sidewalk; 13.23071; null
13; Pedestrian; None; None; 10.10.2023 16:32:53; 805.0328; -0.09819996; 240.8838; Sidewalk; 13.24088; null
13; Pedestrian; None; None; 10.10.2023 16:32:53; 805.0317; -0.09819996; 240.8835; Sidewalk; 13.27041; null
13; Pedestrian; None; None; 10.10.2023 16:32:53; 805.0294; -0.09819996; 240.883; Sidewalk; 13.29862; null
13; Pedestrian; None; None; 10.10.2023 16:32:53; 805.0288; -0.09819996; 240.8829; Sidewalk; 13.30827; null
13; Pedestrian; None; None; 10.10.2023 16:32:53; 805.0275; -0.09819996; 240.8827; Sidewalk; 13.31931; null
13; Pedestrian; None; None; 10.10.2023 16:32:53; 805.0257; -0.09819996; 240.8822; Sidewalk; 13.35283; null
13; Pedestrian; None; None; 10.10.2023 16:32:53; 805.0242; -0.09819996; 240.882; Sidewalk; 13.37419; null
13; Pedestrian; None; None; 10.10.2023 16:32:53; 805.0229; -0.09819996; 240.8818; Sidewalk; 13.39635; null
13; Pedestrian; None; None; 10.10.2023 16:32:53; 805.0229; -0.09819996; 240.8818; Sidewalk; 13.39635; null
13; Pedestrian; None; None; 10.10.2023 16:32:53; 805.0211; -0.09819996; 240.8815; Sidewalk; 13.42604; null
13; Pedestrian; None; None; 10.10.2023 16:32:53; 805.0195; -0.09819996; 240.881; Sidewalk; 13.45208; null
13; Pedestrian; None; None; 10.10.2023 16:32:53; 805.0168; -0.09819996; 240.8804; Sidewalk; 13.47422; null
13; Pedestrian; None; None; 10.10.2023 16:32:53; 805.0143; -0.09819996; 240.88; Sidewalk; 13.49632; null
13; Pedestrian; None; None; 10.10.2023 16:32:53; 805.0138; -0.09819996; 240.8799; Sidewalk; 13.50814; null
13; Pedestrian; None; None; 10.10.2023 16:32:53; 805.0117; -0.09819996; 240.8794; Sidewalk; 13.52942; null
13; Pedestrian; None; None; 10.10.2023 16:32:53; 805.0101; -0.09819996; 240.879; Sidewalk; 13.55197; null
13; Pedestrian; None; None; 10.10.2023 16:32:53; 805.009; -0.09819996; 240.8787; Sidewalk; 13.56302; null
13; Pedestrian; None; None; 10.10.2023 16:32:53; 805.0053; -0.09819996; 240.8778; Sidewalk; 13.59894; null
13; Pedestrian; None; None; 10.10.2023 16:32:53; 805.0048; -0.09819996; 240.8777; Sidewalk; 13.60712; null
13; Pedestrian; None; None; 10.10.2023 16:32:53; 805.0032; -0.09819996; 240.8773; Sidewalk; 13.62965; null
13; Pedestrian; None; None; 10.10.2023 16:32:53; 804.9979; -0.09819996; 240.8766; Sidewalk; 13.65216; null
13; Pedestrian; None; None; 10.10.2023 16:32:53; 804.9967; -0.09819996; 240.8763; Sidewalk; 13.6741; null
13; Pedestrian; None; None; 10.10.2023 16:32:53; 804.9946; -0.09819996; 240.876; Sidewalk; 13.69651; null
13; Pedestrian; None; None; 10.10.2023 16:32:54; 804.9941; -0.09819996; 240.8759; Sidewalk; 13.70744; null
13; Pedestrian; None; None; 10.10.2023 16:32:54; 804.9922; -0.09819996; 240.8757; Sidewalk; 13.71877; Checking Box Human Car
13; Pedestrian; None; None; 10.10.2023 16:32:54; 804.9871; -0.09819996; 240.8748; Sidewalk; 13.75505; Checking Box Human Car
13; Pedestrian; None; None; 10.10.2023 16:32:54; 804.9861; -0.09819996; 240.8746; Sidewalk; 13.7741; Checking Box Human Car
13; Pedestrian; None; None; 10.10.2023 16:32:54; 804.9839; -0.09819996; 240.8743; Sidewalk; 13.79593; Checking Box Human Car
13; Pedestrian; None; None; 10.10.2023 16:32:54; 804.9831; -0.09819996; 240.8741; Sidewalk; 13.80749; Checking Box Human Car
13; Pedestrian; None; None; 10.10.2023 16:32:54; 804.9794; -0.09819996; 240.8737; Sidewalk; 13.82918; Checking Box Human Car
13; Pedestrian; None; None; 10.10.2023 16:32:54; 804.9761; -0.09819996; 240.8733; Sidewalk; 13.85246; Checking Box Human Car
13; Pedestrian; None; None; 10.10.2023 16:32:54; 804.9758; -0.09819996; 240.8733; Sidewalk; 13.86292; Checking Box Human Car
13; Pedestrian; None; None; 10.10.2023 16:32:54; 804.9738; -0.09819996; 240.8731; Sidewalk; 13.89178; Checking Box Human Car
13; Pedestrian; None; None; 10.10.2023 16:32:54; 804.97; -0.09819996; 240.8728; Sidewalk; 13.90596; Checking Box Human Car
13; Pedestrian; None; None; 10.10.2023 16:32:54; 804.9672; -0.09819996; 240.8726; Sidewalk; 13.92792; Checking Box Human Car
13; Pedestrian; None; None; 10.10.2023 16:32:54; 804.9655; -0.09819996; 240.8726; Sidewalk; 13.94845; Checking Box Human Car
13; Pedestrian; None; None; 10.10.2023 16:32:54; 804.9633; -0.09819996; 240.8727; Sidewalk; 13.97019; Checking Box Human Car
13; Pedestrian; None; None; 10.10.2023 16:32:54; 804.9612; -0.09819996; 240.8726; Sidewalk; 13.99253; Checking Box Human Car
13; Pedestrian; None; None; 10.10.2023 16:32:54; 804.9588; -0.09819996; 240.8725; Sidewalk; 14.00957; Checking Box Human Car
13; Pedestrian; None; None; 10.10.2023 16:32:54; 804.9616; -0.09819996; 240.8729; Sidewalk; 14.01895; Checking Box Human Car
13; Pedestrian; None; None; 10.10.2023 16:32:54; 804.9606; -0.09819996; 240.8731; Sidewalk; 14.05082; Checking Box Human Car
13; Pedestrian; None; None; 10.10.2023 16:32:54; 804.9614; -0.09819996; 240.8735; Sidewalk; 14.07348; Checking Box Human Car
13; Pedestrian; None; None; 10.10.2023 16:32:54; 804.9621; -0.09819996; 240.8739; Sidewalk; 14.09187; Checking Box Human Car
13; Pedestrian; None; None; 10.10.2023 16:32:54; 804.9627; -0.09819996; 240.8742; Sidewalk; 14.11105; Checking Box Human Car
13; Pedestrian; None; None; 10.10.2023 16:32:54; 804.9616; -0.09819996; 240.8745; Sidewalk; 14.12984; Checking Box Human Car
13; Pedestrian; None; None; 10.10.2023 16:32:54; 804.9614; -0.09819996; 240.8747; Sidewalk; 14.15226; Checking Box Human Car
13; Pedestrian; None; None; 10.10.2023 16:32:54; 804.9647; -0.09819996; 240.8753; Sidewalk; 14.17436; Checking Box Human Car
13; Pedestrian; None; None; 10.10.2023 16:32:54; 804.9637; -0.09819996; 240.8753; Sidewalk; 14.18491; Checking Box Human Car
13; Pedestrian; None; None; 10.10.2023 16:32:54; 804.9658; -0.09819996; 240.8756; Sidewalk; 14.20407; Checking Box Human Car
13; Pedestrian; None; None; 10.10.2023 16:32:54; 804.965; -0.09819996; 240.8758; Sidewalk; 14.23239; Checking Box Human Car
13; Pedestrian; None; None; 10.10.2023 16:32:54; 804.9668; -0.09819996; 240.8761; Sidewalk; 14.2516; Checking Box Human Car
13; Pedestrian; None; None; 10.10.2023 16:32:54; 804.9677; -0.09819996; 240.8762; Sidewalk; 14.27404; Checking Box Human Car
13; Pedestrian; None; None; 10.10.2023 16:32:54; 804.9693; -0.09819996; 240.8764; Sidewalk; 14.29649; Checking Box Human Car
13; Pedestrian; None; None; 10.10.2023 16:32:54; 804.9686; -0.09819996; 240.8764; Sidewalk; 14.30747; Checking Box Human Car
13; Pedestrian; None; None; 10.10.2023 16:32:54; 804.9697; -0.09819996; 240.8767; Sidewalk; 14.33088; Checking Box Human Car
13; Pedestrian; None; None; 10.10.2023 16:32:54; 804.9712; -0.09819996; 240.877; Sidewalk; 14.34137; Checking Box Human Car
13; Pedestrian; None; None; 10.10.2023 16:32:54; 804.9713; -0.09819996; 240.8771; Sidewalk; 14.37042; Checking Box Human Car
13; Pedestrian; None; None; 10.10.2023 16:32:54; 804.9725; -0.09819996; 240.8775; Sidewalk; 14.39777; Checking Box Human Car
13; Pedestrian; None; None; 10.10.2023 16:32:54; 804.9718; -0.09819996; 240.8775; Sidewalk; 14.40666; Checking Box Human Car
13; Pedestrian; None; None; 10.10.2023 16:32:54; 804.9702; -0.09819996; 240.8777; Sidewalk; 14.42899; Checking Box Human Car
13; Pedestrian; None; None; 10.10.2023 16:32:54; 804.9703; -0.09819996; 240.878; Sidewalk; 14.45184; Checking Box Human Car
13; Pedestrian; None; None; 10.10.2023 16:32:54; 804.9717; -0.09819996; 240.8784; Sidewalk; 14.47376; Checking Box Human Car
13; Pedestrian; None; None; 10.10.2023 16:32:54; 804.971; -0.09819996; 240.8785; Sidewalk; 14.48485; Checking Box Human Car
13; Pedestrian; None; None; 10.10.2023 16:32:54; 804.9737; -0.09819996; 240.8789; Sidewalk; 14.49629; Checking Box Human Car
13; Pedestrian; None; None; 10.10.2023 16:32:54; 804.9722; -0.09819996; 240.8792; Sidewalk; 14.53295; Checking Box Human Car
13; Pedestrian; None; None; 10.10.2023 16:32:54; 804.9724; -0.09819996; 240.8795; Sidewalk; 14.55137; Checking Box Human Car
13; Pedestrian; None; None; 10.10.2023 16:32:54; 804.9751; -0.09819996; 240.8799; Sidewalk; 14.57358; Checking Box Human Car
13; Pedestrian; None; None; 10.10.2023 16:32:54; 804.974; -0.09819996; 240.8799; Sidewalk; 14.59576; Checking Box Human Car
13; Pedestrian; None; None; 10.10.2023 16:32:54; 804.9734; -0.09819996; 240.8799; Sidewalk; 14.60679; Checking Box Human Car
13; Pedestrian; None; None; 10.10.2023 16:32:54; 804.9712; -0.09819996; 240.8798; Sidewalk; 14.6287; Checking Box Human Car
13; Pedestrian; None; None; 10.10.2023 16:32:54; 804.9701; -0.09819996; 240.8798; Sidewalk; 14.64116; Checking Box Human Car
13; Pedestrian; None; None; 10.10.2023 16:32:54; 804.9709; -0.09819996; 240.8798; Sidewalk; 14.66946; Checking Box Human Car
13; Pedestrian; None; None; 10.10.2023 16:32:54; 804.9728; -0.09819996; 240.8798; Sidewalk; 14.69556; Checking Box Human Car
13; Pedestrian; None; None; 10.10.2023 16:32:55; 804.9725; -0.09819996; 240.8797; Sidewalk; 14.70734; Checking Box Human Car
13; Pedestrian; None; None; 10.10.2023 16:32:55; 804.9734; -0.09819996; 240.8795; Sidewalk; 14.72886; Checking Box Human Car
13; Pedestrian; None; None; 10.10.2023 16:32:55; 804.9742; -0.09819996; 240.8793; Sidewalk; 14.75148; Checking Box Human Car
13; Pedestrian; None; None; 10.10.2023 16:32:55; 804.9745; -0.09819996; 240.8788; Sidewalk; 14.7735; Checking Box Human Car
13; Pedestrian; None; None; 10.10.2023 16:32:55; 804.9713; -0.09819996; 240.8781; Sidewalk; 14.79561; Checking Box Human Car
13; Pedestrian; None; None; 10.10.2023 16:32:55; 804.9713; -0.09819996; 240.8781; Sidewalk; 14.79561; Checking Box Human Car
13; Pedestrian; None; None; 10.10.2023 16:32:55; 804.9681; -0.09819996; 240.8775; Sidewalk; 14.82696; Checking Box Human Car
13; Pedestrian; None; None; 10.10.2023 16:32:55; 804.9666; -0.09819996; 240.8769; Sidewalk; 14.85595; Checking Box Human Car
13; Pedestrian; None; None; 10.10.2023 16:32:55; 804.9681; -0.09819996; 240.8767; Sidewalk; 14.87396; Checking Box Human Car
13; Pedestrian; None; None; 10.10.2023 16:32:55; 804.9642; -0.09819996; 240.8762; Sidewalk; 14.89594; Checking Box Human Car
13; Pedestrian; None; None; 10.10.2023 16:32:55; 804.9638; -0.09819996; 240.876; Sidewalk; 14.907; Checking Box Human Car
13; Pedestrian; None; None; 10.10.2023 16:32:55; 804.9615; -0.09819996; 240.8755; Sidewalk; 14.92915; Checking Box Human Car
13; Pedestrian; None; None; 10.10.2023 16:32:55; 804.9609; -0.09819996; 240.875; Sidewalk; 14.95172; Checking Box Human Car
13; Pedestrian; None; None; 10.10.2023 16:32:55; 804.9613; -0.09819996; 240.8749; Sidewalk; 14.96341; Checking Box Human Car
13; Pedestrian; None; None; 10.10.2023 16:32:55; 804.952; -0.09819996; 240.8737; Sidewalk; 14.99913; Checking Box Human Car
13; Pedestrian; None; None; 10.10.2023 16:32:55; 804.9511; -0.09819996; 240.8735; Sidewalk; 15.00756; Checking Box Human Car
13; Pedestrian; None; None; 10.10.2023 16:32:55; 805.0348; -0.09819996; 240.8815; Sidewalk; 15.01906; Checking Box Human Car
13; Pedestrian; None; None; 10.10.2023 16:32:55; 805.0299; -0.09819996; 240.8808; Sidewalk; 15.02889; Checking Box Human Car
13; Pedestrian; None; None; 10.10.2023 16:32:55; 805.0291; -0.09819996; 240.8806; Sidewalk; 15.0742; Checking Box Human Car
13; Pedestrian; None; None; 10.10.2023 16:32:55; 805.0283; -0.09819996; 240.8804; Sidewalk; 15.09595; Checking Box Human Car
13; Pedestrian; None; None; 10.10.2023 16:32:55; 805.0276; -0.09819996; 240.8803; Sidewalk; 15.10682; Checking Box Human Car
13; Pedestrian; None; None; 10.10.2023 16:32:55; 805.027; -0.09819996; 240.8802; Sidewalk; 15.11879; null
13; Pedestrian; None; None; 10.10.2023 16:32:55; 805.0259; -0.09819996; 240.8801; Sidewalk; 15.15102; null
13; Pedestrian; None; None; 10.10.2023 16:32:55; 805.0242; -0.09819996; 240.88; Sidewalk; 15.17862; null
13; Pedestrian; None; None; 10.10.2023 16:32:55; 805.0231; -0.09819996; 240.8799; Sidewalk; 15.19592; null
13; Pedestrian; None; None; 10.10.2023 16:32:55; 805.0226; -0.09819996; 240.8799; Sidewalk; 15.20701; null
13; Pedestrian; None; None; 10.10.2023 16:32:55; 805.0214; -0.09819996; 240.8798; Sidewalk; 15.22891; null
13; Pedestrian; None; None; 10.10.2023 16:32:55; 805.0201; -0.09819996; 240.8798; Sidewalk; 15.25136; null
13; Pedestrian; None; None; 10.10.2023 16:32:55; 805.0197; -0.09819996; 240.8798; Sidewalk; 15.26234; null
13; Pedestrian; None; None; 10.10.2023 16:32:55; 805.0185; -0.09819996; 240.8799; Sidewalk; 15.29679; null
13; Pedestrian; None; None; 10.10.2023 16:32:55; 805.0178; -0.09819996; 240.88; Sidewalk; 15.30862; null
13; Pedestrian; None; None; 10.10.2023 16:32:55; 805.0166; -0.09819996; 240.8801; Sidewalk; 15.3254; null
13; Pedestrian; None; None; 10.10.2023 16:32:55; 805.0146; -0.09819996; 240.8806; Sidewalk; 15.35229; null
13; Pedestrian; None; None; 10.10.2023 16:32:55; 805.0126; -0.09819996; 240.8808; Sidewalk; 15.3742; null
13; Pedestrian; None; None; 10.10.2023 16:32:55; 805.0114; -0.09819996; 240.881; Sidewalk; 15.39591; null
13; Pedestrian; None; None; 10.10.2023 16:32:55; 805.0107; -0.09819996; 240.8811; Sidewalk; 15.40648; null
13; Pedestrian; None; None; 10.10.2023 16:32:55; 805.0101; -0.09819996; 240.8813; Sidewalk; 15.41825; null
13; Pedestrian; None; None; 10.10.2023 16:32:55; 805.0073; -0.09819996; 240.8815; Sidewalk; 15.45662; null
13; Pedestrian; None; None; 10.10.2023 16:32:55; 805.0052; -0.09819996; 240.8818; Sidewalk; 15.47321; null
13; Pedestrian; None; None; 10.10.2023 16:32:55; 805.0038; -0.09819996; 240.882; Sidewalk; 15.4956; null
13; Pedestrian; None; None; 10.10.2023 16:32:55; 805.0032; -0.09819996; 240.8821; Sidewalk; 15.50643; null
13; Pedestrian; None; None; 10.10.2023 16:32:55; 805.002; -0.09819996; 240.8825; Sidewalk; 15.5284; null
13; Pedestrian; None; None; 10.10.2023 16:32:55; 805.0004; -0.09819996; 240.8827; Sidewalk; 15.55216; null
13; Pedestrian; None; None; 10.10.2023 16:32:55; 804.9992; -0.09819996; 240.8829; Sidewalk; 15.57325; null
13; Pedestrian; None; None; 10.10.2023 16:32:55; 804.9985; -0.09819996; 240.8829; Sidewalk; 15.58514; null
13; Pedestrian; None; None; 10.10.2023 16:32:55; 804.9979; -0.09819996; 240.883; Sidewalk; 15.60282; null
13; Pedestrian; None; None; 10.10.2023 16:32:55; 804.9957; -0.09819996; 240.8832; Sidewalk; 15.63017; null
13; Pedestrian; None; None; 10.10.2023 16:32:55; 804.9941; -0.09819996; 240.8833; Sidewalk; 15.65104; null
13; Pedestrian; None; None; 10.10.2023 16:32:55; 804.9927; -0.09819996; 240.8833; Sidewalk; 15.67337; null
13; Pedestrian; None; None; 10.10.2023 16:32:55; 804.9916; -0.09819996; 240.8835; Sidewalk; 15.69653; null
13; Pedestrian; None; None; 10.10.2023 16:32:56; 804.9905; -0.09819996; 240.8834; Sidewalk; 15.70708; null
13; Pedestrian; None; None; 10.10.2023 16:32:56; 804.9889; -0.09819996; 240.8835; Sidewalk; 15.72848; null
13; Pedestrian; None; None; 10.10.2023 16:32:56; 804.9882; -0.09819996; 240.8835; Sidewalk; 15.73985; null
13; Pedestrian; None; None; 10.10.2023 16:32:56; 804.9863; -0.09819996; 240.8835; Sidewalk; 15.77829; null
13; Pedestrian; None; None; 10.10.2023 16:32:56; 804.9852; -0.09819996; 240.8836; Sidewalk; 15.79522; null
13; Pedestrian; None; None; 10.10.2023 16:32:56; 804.9848; -0.09819996; 240.8836; Sidewalk; 15.80652; null
13; Pedestrian; None; None; 10.10.2023 16:32:56; 804.9837; -0.09819996; 240.8837; Sidewalk; 15.82868; null
13; Pedestrian; None; None; 10.10.2023 16:32:56; 804.9826; -0.09819996; 240.8836; Sidewalk; 15.85135; null
13; Pedestrian; None; None; 10.10.2023 16:32:56; 804.9815; -0.09819996; 240.8837; Sidewalk; 15.87345; null
13; Pedestrian; None; None; 10.10.2023 16:32:56; 804.9811; -0.09819996; 240.8837; Sidewalk; 15.88408; null
13; Pedestrian; None; None; 10.10.2023 16:32:56; 804.9805; -0.09819996; 240.8836; Sidewalk; 15.89545; null
13; Pedestrian; None; None; 10.10.2023 16:32:56; 804.9791; -0.09819996; 240.8834; Sidewalk; 15.93289; null
13; Pedestrian; None; None; 10.10.2023 16:32:56; 804.9781; -0.09819996; 240.8834; Sidewalk; 15.95088; null
13; Pedestrian; None; None; 10.10.2023 16:32:56; 804.9772; -0.09819996; 240.8833; Sidewalk; 15.97295; null
13; Pedestrian; None; None; 10.10.2023 16:32:56; 804.9763; -0.09819996; 240.8833; Sidewalk; 15.99548; null
13; Pedestrian; None; None; 10.10.2023 16:32:56; 804.9759; -0.09819996; 240.8833; Sidewalk; 16.00656; null
13; Pedestrian; None; None; 10.10.2023 16:32:56; 804.975; -0.09819996; 240.8832; Sidewalk; 16.02927; null
13; Pedestrian; None; None; 10.10.2023 16:32:56; 804.9746; -0.09819996; 240.8832; Sidewalk; 16.03971; null
13; Pedestrian; None; None; 10.10.2023 16:32:56; 804.9738; -0.09819996; 240.8831; Sidewalk; 16.06909; null
13; Pedestrian; None; None; 10.10.2023 16:32:56; 804.9726; -0.09819996; 240.8831; Sidewalk; 16.0953; null
13; Pedestrian; None; None; 10.10.2023 16:32:56; 804.9722; -0.09819996; 240.8831; Sidewalk; 16.10613; null
13; Pedestrian; None; None; 10.10.2023 16:32:56; 804.9716; -0.09819996; 240.8829; Sidewalk; 16.1291; null
13; Pedestrian; None; None; 10.10.2023 16:32:56; 804.9705; -0.09819996; 240.8828; Sidewalk; 16.15067; null
13; Pedestrian; None; None; 10.10.2023 16:32:56; 804.9697; -0.09819996; 240.8827; Sidewalk; 16.17349; null
13; Pedestrian; None; None; 10.10.2023 16:32:56; 804.9689; -0.09819996; 240.8827; Sidewalk; 16.19574; null
13; Pedestrian; None; None; 10.10.2023 16:32:56; 804.9689; -0.09819996; 240.8827; Sidewalk; 16.19574; null
13; Pedestrian; None; None; 10.10.2023 16:32:56; 804.9676; -0.09819996; 240.8826; Sidewalk; 16.23467; null
13; Pedestrian; None; None; 10.10.2023 16:32:56; 804.967; -0.09819996; 240.8826; Sidewalk; 16.25102; null
13; Pedestrian; None; None; 10.10.2023 16:32:56; 804.9662; -0.09819996; 240.8827; Sidewalk; 16.2729; null
13; Pedestrian; None; None; 10.10.2023 16:32:56; 804.9658; -0.09819996; 240.8828; Sidewalk; 16.29499; null
13; Pedestrian; None; None; 10.10.2023 16:32:56; 804.9657; -0.09819996; 240.8828; Sidewalk; 16.3062; null
13; Pedestrian; None; None; 10.10.2023 16:32:56; 804.9653; -0.09819996; 240.8829; Sidewalk; 16.32843; null
13; Pedestrian; None; None; 10.10.2023 16:32:56; 804.9645; -0.09819996; 240.883; Sidewalk; 16.35111; null
13; Pedestrian; None; None; 10.10.2023 16:32:56; 804.9645; -0.09819996; 240.883; Sidewalk; 16.36193; null
13; Pedestrian; None; None; 10.10.2023 16:32:56; 804.9636; -0.09819996; 240.8832; Sidewalk; 16.39832; null
13; Pedestrian; None; None; 10.10.2023 16:32:56; 804.9631; -0.09819996; 240.8833; Sidewalk; 16.40632; null
13; Pedestrian; None; None; 10.10.2023 16:32:56; 804.9651; -0.09819996; 240.8839; Sidewalk; 16.42833; null
13; Pedestrian; None; None; 10.10.2023 16:32:56; 804.9645; -0.09819996; 240.8844; Sidewalk; 16.45036; null
13; Pedestrian; None; None; 10.10.2023 16:32:56; 804.9637; -0.09819996; 240.8851; Sidewalk; 16.4729; null
13; Pedestrian; None; None; 10.10.2023 16:32:56; 804.9626; -0.09819996; 240.8858; Sidewalk; 16.49565; null
13; Pedestrian; None; None; 10.10.2023 16:32:56; 804.962; -0.09819996; 240.8863; Sidewalk; 16.50835; null
13; Pedestrian; None; None; 10.10.2023 16:32:56; 804.9613; -0.09819996; 240.8867; Sidewalk; 16.51829; null
13; Pedestrian; None; None; 10.10.2023 16:32:56; 804.9595; -0.09819996; 240.8879; Sidewalk; 16.54783; null
13; Pedestrian; None; None; 10.10.2023 16:32:56; 804.9556; -0.09819996; 240.8904; Sidewalk; 16.57346; null
13; Pedestrian; None; None; 10.10.2023 16:32:56; 804.9518; -0.09819996; 240.8925; Sidewalk; 16.59519; null
13; Pedestrian; None; None; 10.10.2023 16:32:56; 804.9495; -0.09819996; 240.8937; Sidewalk; 16.60608; null
13; Pedestrian; None; None; 10.10.2023 16:32:56; 804.9445; -0.09819996; 240.8966; Sidewalk; 16.62781; null
13; Pedestrian; None; None; 10.10.2023 16:32:56; 804.9379; -0.09819996; 240.9; Sidewalk; 16.6504; null
13; Pedestrian; None; None; 10.10.2023 16:32:56; 804.9345; -0.09819996; 240.9019; Sidewalk; 16.66147; null
13; Pedestrian; None; None; 10.10.2023 16:32:56; 804.9271; -0.09819996; 240.9062; Sidewalk; 16.69099; null
13; Pedestrian; None; None; 10.10.2023 16:32:57; 804.9195; -0.09819996; 240.9108; Sidewalk; 16.70912; null
13; Pedestrian; None; None; 10.10.2023 16:32:57; 804.9119; -0.09819996; 240.9159; Sidewalk; 16.7281; null
13; Pedestrian; None; None; 10.10.2023 16:32:57; 804.9044; -0.09819996; 240.9211; Sidewalk; 16.75075; null
13; Pedestrian; None; None; 10.10.2023 16:32:57; 804.8973; -0.09819996; 240.9268; Sidewalk; 16.77286; null
13; Pedestrian; None; None; 10.10.2023 16:32:57; 804.8903; -0.09819996; 240.9328; Sidewalk; 16.79483; null
13; Pedestrian; None; None; 10.10.2023 16:32:57; 804.8874; -0.09819996; 240.9359; Sidewalk; 16.80641; null
13; Pedestrian; None; None; 10.10.2023 16:32:57; 804.8813; -0.09819996; 240.9387; Sidewalk; 16.8171; null
13; Pedestrian; None; None; 10.10.2023 16:32:57; 804.874; -0.09819996; 240.9484; Sidewalk; 16.85618; null
13; Pedestrian; None; None; 10.10.2023 16:32:57; 804.8698; -0.09819996; 240.9543; Sidewalk; 16.87257; null
13; Pedestrian; None; None; 10.10.2023 16:32:57; 804.8666; -0.09819996; 240.9606; Sidewalk; 16.89514; null
13; Pedestrian; None; None; 10.10.2023 16:32:57; 804.8604; -0.09819996; 240.9634; Sidewalk; 16.90577; null
13; Pedestrian; None; None; 10.10.2023 16:32:57; 804.8652; -0.09819996; 240.9705; Sidewalk; 16.92775; null
13; Pedestrian; None; None; 10.10.2023 16:32:57; 804.8655; -0.09819996; 240.9773; Sidewalk; 16.95089; null
13; Pedestrian; None; None; 10.10.2023 16:32:57; 804.8672; -0.09819996; 240.9844; Sidewalk; 16.97242; null
13; Pedestrian; None; None; 10.10.2023 16:32:57; 804.869; -0.09819996; 240.9881; Sidewalk; 16.98322; null
13; Pedestrian; None; None; 10.10.2023 16:32:57; 804.8729; -0.09819996; 240.9954; Sidewalk; 17.01067; null
13; Pedestrian; None; None; 10.10.2023 16:32:57; 804.8753; -0.09819996; 241.0025; Sidewalk; 17.02731; null
13; Pedestrian; None; None; 10.10.2023 16:32:57; 804.8816; -0.09819996; 241.0097; Sidewalk; 17.04982; null
13; Pedestrian; None; None; 10.10.2023 16:32:57; 804.8872; -0.09819996; 241.0163; Sidewalk; 17.0722; null
13; Pedestrian; None; None; 10.10.2023 16:32:57; 804.8938; -0.09819996; 241.0225; Sidewalk; 17.09434; null
13; Pedestrian; None; None; 10.10.2023 16:32:57; 804.8976; -0.09819996; 241.0254; Sidewalk; 17.10519; null
13; Pedestrian; None; None; 10.10.2023 16:32:57; 804.9066; -0.09819996; 241.0309; Sidewalk; 17.12718; null
13; Pedestrian; None; None; 10.10.2023 16:32:57; 804.9116; -0.09819996; 241.0335; Sidewalk; 17.13873; null
13; Pedestrian; None; None; 10.10.2023 16:32:57; 804.9268; -0.09819996; 241.0399; Sidewalk; 17.17628; null
13; Pedestrian; None; None; 10.10.2023 16:32:57; 804.9371; -0.09819996; 241.0432; Sidewalk; 17.19392; null
13; Pedestrian; None; None; 10.10.2023 16:32:57; 804.942; -0.09819996; 241.0444; Sidewalk; 17.2051; null
13; Pedestrian; None; None; 10.10.2023 16:32:57; 804.9525; -0.09819996; 241.0466; Sidewalk; 17.2273; null
13; Pedestrian; None; None; 10.10.2023 16:32:57; 804.9617; -0.09819996; 241.0484; Sidewalk; 17.24921; null
13; Pedestrian; None; None; 10.10.2023 16:32:57; 804.9703; -0.09819996; 241.0498; Sidewalk; 17.27189; null
13; Pedestrian; None; None; 10.10.2023 16:32:57; 804.975; -0.09819996; 241.0504; Sidewalk; 17.28285; null
13; Pedestrian; None; None; 10.10.2023 16:32:57; 804.9802; -0.09819996; 241.0509; Sidewalk; 17.29396; null
13; Pedestrian; None; None; 10.10.2023 16:32:57; 804.996; -0.09819996; 241.052; Sidewalk; 17.3289; null
13; Pedestrian; None; None; 10.10.2023 16:32:57; 805.005; -0.09819996; 241.0522; Sidewalk; 17.34969; null
13; Pedestrian; None; None; 10.10.2023 16:32:57; 805.0143; -0.09819996; 241.0521; Sidewalk; 17.37244; null
13; Pedestrian; None; None; 10.10.2023 16:32:57; 805.0219; -0.09819996; 241.0518; Sidewalk; 17.39421; null
13; Pedestrian; None; None; 10.10.2023 16:32:57; 805.0253; -0.09819996; 241.0515; Sidewalk; 17.40523; null
13; Pedestrian; None; None; 10.10.2023 16:32:57; 805.0308; -0.09819996; 241.0506; Sidewalk; 17.427; null
13; Pedestrian; None; None; 10.10.2023 16:32:57; 805.0332; -0.09819996; 241.0502; Sidewalk; 17.43827; null
13; Pedestrian; None; None; 10.10.2023 16:32:57; 805.0382; -0.09819996; 241.0486; Sidewalk; 17.47723; null
13; Pedestrian; None; None; 10.10.2023 16:32:57; 805.0404; -0.09819996; 241.0476; Sidewalk; 17.49386; null
13; Pedestrian; None; None; 10.10.2023 16:32:57; 805.0408; -0.09819996; 241.0471; Sidewalk; 17.50518; null
13; Pedestrian; None; None; 10.10.2023 16:32:57; 805.0405; -0.09819996; 241.046; Sidewalk; 17.52728; null
13; Pedestrian; None; None; 10.10.2023 16:32:57; 805.0396; -0.09819996; 241.045; Sidewalk; 17.54939; null
13; Pedestrian; None; None; 10.10.2023 16:32:57; 805.0374; -0.09819996; 241.0442; Sidewalk; 17.57186; null
13; Pedestrian; None; None; 10.10.2023 16:32:57; 805.0343; -0.09819996; 241.0433; Sidewalk; 17.59388; null
13; Pedestrian; None; None; 10.10.2023 16:32:57; 805.0343; -0.09819996; 241.0433; Sidewalk; 17.59388; null
13; Pedestrian; None; None; 10.10.2023 16:32:57; 805.0305; -0.09819996; 241.0426; Sidewalk; 17.62596; null
13; Pedestrian; None; None; 10.10.2023 16:32:57; 805.0237; -0.09819996; 241.0414; Sidewalk; 17.65401; null
13; Pedestrian; None; None; 10.10.2023 16:32:57; 805.0182; -0.09819996; 241.0407; Sidewalk; 17.67211; null
13; Pedestrian; None; None; 10.10.2023 16:32:57; 805.0117; -0.09819996; 241.0398; Sidewalk; 17.69369; null
13; Pedestrian; None; None; 10.10.2023 16:32:58; 805.0081; -0.09819996; 241.0393; Sidewalk; 17.70467; null
13; Pedestrian; None; None; 10.10.2023 16:32:58; 805.0004; -0.09819996; 241.0382; Sidewalk; 17.72707; null
13; Pedestrian; None; None; 10.10.2023 16:32:58; 804.9967; -0.09819996; 241.0376; Sidewalk; 17.73812; null
13; Pedestrian; None; None; 10.10.2023 16:32:58; 804.9839; -0.09819996; 241.0354; Sidewalk; 17.7493; null
13; Pedestrian; None; None; 10.10.2023 16:32:58; 804.9792; -0.09819996; 241.0344; Sidewalk; 17.78386; null
13; Pedestrian; None; None; 10.10.2023 16:32:58; 804.974; -0.09819996; 241.0333; Sidewalk; 17.80443; null
13; Pedestrian; None; None; 10.10.2023 16:32:58; 804.958; -0.09819996; 241.029; Sidewalk; 17.83239; null
13; Pedestrian; None; None; 10.10.2023 16:32:58; 804.9479; -0.09819996; 241.026; Sidewalk; 17.849; null
13; Pedestrian; None; None; 10.10.2023 16:32:58; 804.9381; -0.09819996; 241.0223; Sidewalk; 17.87208; null
13; Pedestrian; None; None; 10.10.2023 16:32:58; 804.9301; -0.09819996; 241.0185; Sidewalk; 17.89399; null
13; Pedestrian; None; None; 10.10.2023 16:32:58; 804.927; -0.09819996; 241.0166; Sidewalk; 17.90506; null
13; Pedestrian; None; None; 10.10.2023 16:32:58; 804.9203; -0.09819996; 241.0129; Sidewalk; 17.92736; null
13; Pedestrian; None; None; 10.10.2023 16:32:58; 804.9169; -0.09819996; 241.0109; Sidewalk; 17.93824; null
13; Pedestrian; None; None; 10.10.2023 16:32:58; 804.9119; -0.09819996; 241.0068; Sidewalk; 17.97102; null
13; Pedestrian; None; None; 10.10.2023 16:32:58; 804.9042; -0.09819996; 240.9998; Sidewalk; 17.99545; null
13; Pedestrian; None; None; 10.10.2023 16:32:58; 804.9019; -0.09819996; 240.997; Sidewalk; 18.0045; null
13; Pedestrian; None; None; 10.10.2023 16:32:58; 804.8967; -0.09819996; 240.991; Sidewalk; 18.02721; null
13; Pedestrian; None; None; 10.10.2023 16:32:58; 804.8929; -0.09819996; 240.984; Sidewalk; 18.04917; null
13; Pedestrian; None; None; 10.10.2023 16:32:58; 804.8911; -0.09819996; 240.9767; Sidewalk; 18.07195; null
13; Pedestrian; None; None; 10.10.2023 16:32:58; 804.8903; -0.09819996; 240.9728; Sidewalk; 18.08257; null
13; Pedestrian; None; None; 10.10.2023 16:32:58; 804.8903; -0.09819996; 240.9688; Sidewalk; 18.09431; null
13; Pedestrian; None; None; 10.10.2023 16:32:58; 804.8926; -0.09819996; 240.9604; Sidewalk; 18.12677; null
13; Pedestrian; None; None; 10.10.2023 16:32:58; 804.8995; -0.09819996; 240.9473; Sidewalk; 18.15099; Checking Box AICar
13; Pedestrian; None; None; 10.10.2023 16:32:58; 804.9073; -0.09819996; 240.9384; Sidewalk; 18.17196; Checking Box AICar
13; Pedestrian; None; None; 10.10.2023 16:32:58; 804.917; -0.09819996; 240.9298; Sidewalk; 18.19403; Checking Box AICar
13; Pedestrian; None; None; 10.10.2023 16:32:58; 804.9229; -0.09819996; 240.9258; Sidewalk; 18.20486; Checking Box AICar
13; Pedestrian; None; None; 10.10.2023 16:32:58; 804.935; -0.09819996; 240.9185; Sidewalk; 18.22751; Checking Box AICar
13; Pedestrian; None; None; 10.10.2023 16:32:58; 804.9415; -0.09819996; 240.9153; Sidewalk; 18.23874; Checking Box AICar
13; Pedestrian; None; None; 10.10.2023 16:32:58; 804.962; -0.09819996; 240.9074; Sidewalk; 18.27781; Checking Box AICar
13; Pedestrian; None; None; 10.10.2023 16:32:58; 804.9744; -0.09819996; 240.9031; Sidewalk; 18.29395; Checking Box AICar
13; Pedestrian; None; None; 10.10.2023 16:32:58; 804.9805; -0.09819996; 240.9013; Sidewalk; 18.30524; Checking Box AICar
13; Pedestrian; None; None; 10.10.2023 16:32:58; 804.9915; -0.09819996; 240.8982; Sidewalk; 18.32763; Checking Box AICar
13; Pedestrian; None; None; 10.10.2023 16:32:58; 805.0004; -0.09819996; 240.8955; Sidewalk; 18.35004; Checking Box AICar
13; Pedestrian; None; None; 10.10.2023 16:32:58; 805.0074; -0.09819996; 240.8936; Sidewalk; 18.37217; Checking Box AICar
13; Pedestrian; None; None; 10.10.2023 16:32:58; 805.0122; -0.09819996; 240.8923; Sidewalk; 18.39442; Checking Box AICar
13; Pedestrian; None; None; 10.10.2023 16:32:58; 805.0143; -0.09819996; 240.8919; Sidewalk; 18.40558; null
13; Pedestrian; None; None; 10.10.2023 16:32:58; 805.0172; -0.09819996; 240.8911; Sidewalk; 18.42734; null
13; Pedestrian; None; None; 10.10.2023 16:32:58; 805.0203; -0.09819996; 240.8909; Sidewalk; 18.44972; null
13; Pedestrian; None; None; 10.10.2023 16:32:58; 805.0213; -0.09819996; 240.8908; Sidewalk; 18.47196; null
13; Pedestrian; None; None; 10.10.2023 16:32:58; 805.0215; -0.09819996; 240.8908; Sidewalk; 18.49402; null
13; Pedestrian; None; None; 10.10.2023 16:32:58; 805.0214; -0.09819996; 240.8907; Sidewalk; 18.50521; null
13; Pedestrian; None; None; 10.10.2023 16:32:58; 805.0212; -0.09819996; 240.8907; Sidewalk; 18.52744; null
13; Pedestrian; None; None; 10.10.2023 16:32:58; 805.0201; -0.09819996; 240.8909; Sidewalk; 18.54965; null
13; Pedestrian; None; None; 10.10.2023 16:32:58; 805.0197; -0.09819996; 240.8911; Sidewalk; 18.56086; null
13; Pedestrian; None; None; 10.10.2023 16:32:58; 805.0184; -0.09819996; 240.8918; Sidewalk; 18.59792; null
13; Pedestrian; None; None; 10.10.2023 16:32:58; 805.0179; -0.09819996; 240.892; Sidewalk; 18.60533; null
13; Pedestrian; None; None; 10.10.2023 16:32:58; 805.0166; -0.09819996; 240.8924; Sidewalk; 18.62737; null
13; Pedestrian; None; None; 10.10.2023 16:32:58; 805.0153; -0.09819996; 240.8927; Sidewalk; 18.6495; null
13; Pedestrian; None; None; 10.10.2023 16:32:58; 805.0143; -0.09819996; 240.8929; Sidewalk; 18.67285; null
13; Pedestrian; None; None; 10.10.2023 16:32:58; 805.0134; -0.09819996; 240.893; Sidewalk; 18.69435; null
13; Pedestrian; None; None; 10.10.2023 16:32:59; 805.013; -0.09819996; 240.893; Sidewalk; 18.70534; null
13; Pedestrian; None; None; 10.10.2023 16:32:59; 805.0119; -0.09819996; 240.8931; Sidewalk; 18.72714; null
13; Pedestrian; None; None; 10.10.2023 16:32:59; 805.0104; -0.09819996; 240.8933; Sidewalk; 18.75003; null
13; Pedestrian; None; None; 10.10.2023 16:32:59; 805.0092; -0.09819996; 240.8934; Sidewalk; 18.7719; null
13; Pedestrian; None; None; 10.10.2023 16:32:59; 805.0081; -0.09819996; 240.8934; Sidewalk; 18.79406; null
13; Pedestrian; None; None; 10.10.2023 16:32:59; 805.0075; -0.09819996; 240.8935; Sidewalk; 18.80514; null
13; Pedestrian; None; None; 10.10.2023 16:32:59; 805.0062; -0.09819996; 240.8936; Sidewalk; 18.82731; null
13; Pedestrian; None; None; 10.10.2023 16:32:59; 805.0043; -0.09819996; 240.8937; Sidewalk; 18.8492; null
13; Pedestrian; None; None; 10.10.2023 16:32:59; 805.0028; -0.09819996; 240.8939; Sidewalk; 18.87254; null
13; Pedestrian; None; None; 10.10.2023 16:32:59; 805.001; -0.09819996; 240.8941; Sidewalk; 18.89402; null
13; Pedestrian; None; None; 10.10.2023 16:32:59; 805.0002; -0.09819996; 240.8941; Sidewalk; 18.90564; null
13; Pedestrian; None; None; 10.10.2023 16:32:59; 804.9982; -0.09819996; 240.8943; Sidewalk; 18.92753; null
13; Pedestrian; None; None; 10.10.2023 16:32:59; 804.9962; -0.09819996; 240.8946; Sidewalk; 18.94964; null
13; Pedestrian; None; None; 10.10.2023 16:32:59; 804.9942; -0.09819996; 240.8948; Sidewalk; 18.97167; null
13; Pedestrian; None; None; 10.10.2023 16:32:59; 804.9921; -0.09819996; 240.895; Sidewalk; 18.99467; null
13; Pedestrian; None; None; 10.10.2023 16:32:59; 804.991; -0.09819996; 240.8951; Sidewalk; 19.0051; null
13; Pedestrian; None; None; 10.10.2023 16:32:59; 804.989; -0.09819996; 240.8954; Sidewalk; 19.02734; null
13; Pedestrian; None; None; 10.10.2023 16:32:59; 804.9872; -0.09819996; 240.8956; Sidewalk; 19.04998; null
13; Pedestrian; None; None; 10.10.2023 16:32:59; 804.9851; -0.09819996; 240.8958; Sidewalk; 19.07308; null
13; Pedestrian; None; None; 10.10.2023 16:32:59; 804.9836; -0.09819996; 240.8961; Sidewalk; 19.09622; null
13; Pedestrian; None; None; 10.10.2023 16:32:59; 804.9829; -0.09819996; 240.8962; Sidewalk; 19.10691; null
13; Pedestrian; None; None; 10.10.2023 16:32:59; 804.9818; -0.09819996; 240.8964; Sidewalk; 19.1298; null
13; Pedestrian; None; None; 10.10.2023 16:32:59; 804.9803; -0.09819996; 240.8965; Sidewalk; 19.1524; null
13; Pedestrian; None; None; 10.10.2023 16:32:59; 804.9789; -0.09819996; 240.8966; Sidewalk; 19.17428; null
13; Pedestrian; None; None; 10.10.2023 16:32:59; 804.9785; -0.09819996; 240.8966; Sidewalk; 19.18576; null
13; Pedestrian; None; None; 10.10.2023 16:32:59; 804.9771; -0.09819996; 240.8966; Sidewalk; 19.19986; null
13; Pedestrian; None; None; 10.10.2023 16:32:59; 804.9767; -0.09819996; 240.8967; Sidewalk; 19.21768; null
13; Pedestrian; None; None; 10.10.2023 16:32:59; 804.9722; -0.09819996; 240.8964; Sidewalk; 19.24235; null
13; Pedestrian; None; None; 10.10.2023 16:32:59; 804.9691; -0.09819996; 240.8963; Sidewalk; 19.27257; null
13; Pedestrian; None; None; 10.10.2023 16:32:59; 804.9669; -0.09819996; 240.8962; Sidewalk; 19.29478; null
13; Pedestrian; None; None; 10.10.2023 16:32:59; 804.9667; -0.09819996; 240.8962; Sidewalk; 19.30564; null
13; Pedestrian; None; None; 10.10.2023 16:32:59; 804.9635; -0.09819996; 240.8958; Sidewalk; 19.32717; null
13; Pedestrian; None; None; 10.10.2023 16:32:59; 804.9607; -0.09819996; 240.8957; Sidewalk; 19.34958; null
13; Pedestrian; None; None; 10.10.2023 16:32:59; 804.9582; -0.09819996; 240.8956; Sidewalk; 19.37202; null
13; Pedestrian; None; None; 10.10.2023 16:32:59; 804.9568; -0.09819996; 240.8954; Sidewalk; 19.39454; null
13; Pedestrian; None; None; 10.10.2023 16:32:59; 804.9568; -0.09819996; 240.8954; Sidewalk; 19.40572; null
13; Pedestrian; None; None; 10.10.2023 16:32:59; 804.9539; -0.09819996; 240.8949; Sidewalk; 19.4272; null
13; Pedestrian; None; None; 10.10.2023 16:32:59; 804.9501; -0.09819996; 240.8945; Sidewalk; 19.45038; null
13; Pedestrian; None; None; 10.10.2023 16:32:59; 804.9475; -0.09819996; 240.8943; Sidewalk; 19.47249; Checking Box AICar
13; Pedestrian; None; None; 10.10.2023 16:32:59; 804.9475; -0.09819996; 240.8944; Sidewalk; 19.48276; Checking Box AICar
13; Pedestrian; None; None; 10.10.2023 16:32:59; 804.9458; -0.09819996; 240.8942; Sidewalk; 19.49427; Checking Box AICar
13; Pedestrian; None; None; 10.10.2023 16:32:59; 804.9435; -0.09819996; 240.8939; Sidewalk; 19.53105; Checking Box AICar
13; Pedestrian; None; None; 10.10.2023 16:32:59; 804.9438; -0.09819996; 240.8939; Sidewalk; 19.54948; Checking Box AICar
13; Pedestrian; None; None; 10.10.2023 16:32:59; 804.9446; -0.09819996; 240.894; Sidewalk; 19.57296; Checking Box AICar
13; Pedestrian; None; None; 10.10.2023 16:32:59; 804.9418; -0.09819996; 240.8938; Sidewalk; 19.59571; Checking Box AICar
13; Pedestrian; None; None; 10.10.2023 16:32:59; 804.942; -0.09819996; 240.8938; Sidewalk; 19.60572; Checking Box AICar
13; Pedestrian; None; None; 10.10.2023 16:32:59; 804.9373; -0.09819996; 240.8936; Sidewalk; 19.62741; Checking Box AICar
13; Pedestrian; None; None; 10.10.2023 16:32:59; 804.9312; -0.09819996; 240.8931; Sidewalk; 19.64948; Checking Box AICar
13; Pedestrian; None; None; 10.10.2023 16:32:59; 804.9706; -0.09819996; 240.8971; Sidewalk; 19.67271; Checking Box AICar
13; Pedestrian; None; None; 10.10.2023 16:32:59; 804.9716; -0.09819996; 240.8972; Sidewalk; 19.69407; Checking Box AICar
13; Pedestrian; None; None; 10.10.2023 16:33:00; 804.9721; -0.09819996; 240.8974; Sidewalk; 19.70553; Checking Box AICar
13; Pedestrian; None; None; 10.10.2023 16:33:00; 804.9739; -0.09819996; 240.8976; Sidewalk; 19.72869; Checking Box AICar
13; Pedestrian; None; None; 10.10.2023 16:33:00; 804.975; -0.09819996; 240.8978; Sidewalk; 19.74955; Checking Box AICar
13; Pedestrian; None; None; 10.10.2023 16:33:00; 804.9763; -0.09819996; 240.898; Sidewalk; 19.77253; Checking Box AICar
13; Pedestrian; None; None; 10.10.2023 16:33:00; 804.9771; -0.09819996; 240.8983; Sidewalk; 19.7937; Checking Box AICar
13; Pedestrian; None; None; 10.10.2023 16:33:00; 804.9777; -0.09819996; 240.8984; Sidewalk; 19.8056; Checking Box AICar
13; Pedestrian; None; None; 10.10.2023 16:33:00; 804.9784; -0.09819996; 240.8985; Sidewalk; 19.8307; Checking Box AICar
13; Pedestrian; None; None; 10.10.2023 16:33:00; 804.979; -0.09819996; 240.8988; Sidewalk; 19.8491; Checking Box AICar
13; Pedestrian; None; None; 10.10.2023 16:33:00; 804.9807; -0.09819996; 240.8992; Sidewalk; 19.87206; Checking Box AICar
13; Pedestrian; None; None; 10.10.2023 16:33:00; 804.9815; -0.09819996; 240.8994; Sidewalk; 19.89441; Checking Box AICar
13; Pedestrian; None; None; 10.10.2023 16:33:00; 804.9822; -0.09819996; 240.8996; Sidewalk; 19.90488; Checking Box AICar
13; Pedestrian; None; None; 10.10.2023 16:33:00; 804.9826; -0.09819996; 240.8999; Sidewalk; 19.92675; Checking Box AICar
13; Pedestrian; None; None; 10.10.2023 16:33:00; 804.9827; -0.09819996; 240.9001; Sidewalk; 19.94967; Checking Box AICar
13; Pedestrian; None; None; 10.10.2023 16:33:00; 804.9828; -0.09819996; 240.9002; Sidewalk; 19.97184; Checking Box AICar
13; Pedestrian; None; None; 10.10.2023 16:33:00; 804.9827; -0.09819996; 240.9003; Sidewalk; 19.99424; Checking Box AICar
13; Pedestrian; None; None; 10.10.2023 16:33:00; 804.9828; -0.09819996; 240.9004; Sidewalk; 20.00591; Checking Box AICar
13; Pedestrian; None; None; 10.10.2023 16:33:00; 804.9826; -0.09819996; 240.9003; Sidewalk; 20.02849; Checking Box AICar
13; Pedestrian; None; None; 10.10.2023 16:33:00; 804.9825; -0.09819996; 240.9005; Sidewalk; 20.0508; Checking Box AICar
13; Pedestrian; None; None; 10.10.2023 16:33:00; 804.9822; -0.09819996; 240.9005; Sidewalk; 20.07312; Checking Box AICar
13; Pedestrian; None; None; 10.10.2023 16:33:00; 804.9832; -0.09819996; 240.9007; Sidewalk; 20.09525; Checking Box AICar
13; Pedestrian; None; None; 10.10.2023 16:33:00; 804.9836; -0.09819996; 240.9007; Sidewalk; 20.10599; Checking Box AICar
13; Pedestrian; None; None; 10.10.2023 16:33:00; 804.9835; -0.09819996; 240.9007; Sidewalk; 20.11757; Checking Box AICar
13; Pedestrian; None; None; 10.10.2023 16:33:00; 804.9835; -0.09819996; 240.9007; Sidewalk; 20.11757; Checking Box AICar
13; Pedestrian; None; None; 10.10.2023 16:33:00; 804.9827; -0.09819996; 240.9006; Sidewalk; 20.16465; Checking Box AICar
13; Pedestrian; None; None; 10.10.2023 16:33:00; 804.9819; -0.09819996; 240.9005; Sidewalk; 20.19532; Checking Box AICar
13; Pedestrian; None; None; 10.10.2023 16:33:00; 804.9818; -0.09819996; 240.9005; Sidewalk; 20.20572; Checking Box AICar
13; Pedestrian; None; None; 10.10.2023 16:33:00; 804.9812; -0.09819996; 240.9004; Sidewalk; 20.22818; Checking Box AICar
13; Pedestrian; None; None; 10.10.2023 16:33:00; 804.9813; -0.09819996; 240.9004; Sidewalk; 20.24963; Checking Box AICar
13; Pedestrian; None; None; 10.10.2023 16:33:00; 804.9809; -0.09819996; 240.9003; Sidewalk; 20.26122; Checking Box AICar
13; Pedestrian; None; None; 10.10.2023 16:33:00; 804.9798; -0.09819996; 240.9004; Sidewalk; 20.28718; Checking Box AICar
13; Pedestrian; None; None; 10.10.2023 16:33:00; 804.9787; -0.09819996; 240.9006; Sidewalk; 20.30967; Checking Box AICar
13; Pedestrian; None; None; 10.10.2023 16:33:00; 804.9775; -0.09819996; 240.9008; Sidewalk; 20.32704; Checking Box AICar
13; Pedestrian; None; None; 10.10.2023 16:33:00; 804.9764; -0.09819996; 240.9011; Sidewalk; 20.34897; Checking Box AICar
13; Pedestrian; None; None; 10.10.2023 16:33:00; 804.975; -0.09819996; 240.9015; Sidewalk; 20.37226; Checking Box AICar
13; Pedestrian; None; None; 10.10.2023 16:33:00; 804.9736; -0.09819996; 240.9018; Sidewalk; 20.39382; Checking Box AICar
13; Pedestrian; None; None; 10.10.2023 16:33:00; 804.973; -0.09819996; 240.902; Sidewalk; 20.40468; Checking Box AICar
13; Pedestrian; None; None; 10.10.2023 16:33:00; 804.9713; -0.09819996; 240.9024; Sidewalk; 20.42697; Checking Box AICar
13; Pedestrian; None; None; 10.10.2023 16:33:00; 804.9691; -0.09819996; 240.9028; Sidewalk; 20.45337; Checking Box AICar
13; Pedestrian; None; None; 10.10.2023 16:33:00; 804.9669; -0.09819996; 240.9034; Sidewalk; 20.47223; Checking Box AICar
13; Pedestrian; None; None; 10.10.2023 16:33:00; 804.9669; -0.09819996; 240.9034; Sidewalk; 20.47223; Checking Box AICar
13; Pedestrian; None; None; 10.10.2023 16:33:00; 804.9669; -0.09819996; 240.9034; Sidewalk; 20.47223; Checking Box AICar
13; Pedestrian; None; None; 10.10.2023 16:33:00; 804.9614; -0.09819996; 240.9047; Sidewalk; 20.52627; Checking Box AICar
13; Pedestrian; None; None; 10.10.2023 16:33:00; 804.9581; -0.09819996; 240.9056; Sidewalk; 20.54765; Checking Box AICar
13; Pedestrian; None; None; 10.10.2023 16:33:00; 804.9514; -0.09819996; 240.9077; Sidewalk; 20.57471; Checking Box AICar
13; Pedestrian; None; None; 10.10.2023 16:33:00; 804.9487; -0.09819996; 240.9085; Sidewalk; 20.58251; Checking Box AICar
13; Pedestrian; None; None; 10.10.2023 16:33:00; 804.9458; -0.09819996; 240.9095; Sidewalk; 20.59704; Checking Box AICar
13; Pedestrian; None; None; 10.10.2023 16:33:00; 804.9359; -0.09819996; 240.9128; Sidewalk; 20.63116; Checking Box AICar
13; Pedestrian; None; None; 10.10.2023 16:33:00; 804.9287; -0.09819996; 240.9152; Sidewalk; 20.6498; Checking Box AICar
13; Pedestrian; None; None; 10.10.2023 16:33:00; 804.9214; -0.09819996; 240.9178; Sidewalk; 20.67126; Checking Box AICar
13; Pedestrian; None; None; 10.10.2023 16:33:00; 804.9146; -0.09819996; 240.9203; Sidewalk; 20.69354; Checking Box AICar
13; Pedestrian; None; None; 10.10.2023 16:33:01; 804.9113; -0.09819996; 240.9215; Sidewalk; 20.70446; Checking Box AICar
13; Pedestrian; None; None; 10.10.2023 16:33:01; 804.9044; -0.09819996; 240.9233; Sidewalk; 20.72646; Checking Box AICar
13; Pedestrian; None; None; 10.10.2023 16:33:01; 804.9012; -0.09819996; 240.9243; Sidewalk; 20.73793; Checking Box AICar
13; Pedestrian; None; None; 10.10.2023 16:33:01; 804.8931; -0.09819996; 240.9269; Sidewalk; 20.77618; Checking Box AICar
13; Pedestrian; None; None; 10.10.2023 16:33:01; 804.8889; -0.09819996; 240.9288; Sidewalk; 20.79302; Checking Box AICar
13; Pedestrian; None; None; 10.10.2023 16:33:01; 804.8868; -0.09819996; 240.9297; Sidewalk; 20.80457; Checking Box AICar
13; Pedestrian; None; None; 10.10.2023 16:33:01; 804.8829; -0.09819996; 240.9315; Sidewalk; 20.8268; Checking Box AICar
13; Pedestrian; None; None; 10.10.2023 16:33:01; 804.8795; -0.09819996; 240.933; Sidewalk; 20.8486; Checking Box AICar
13; Pedestrian; None; None; 10.10.2023 16:33:01; 804.8766; -0.09819996; 240.9345; Sidewalk; 20.8717; Checking Box AICar
13; Pedestrian; None; None; 10.10.2023 16:33:01; 804.8734; -0.09819996; 240.9357; Sidewalk; 20.89358; Checking Box AICar
13; Pedestrian; None; None; 10.10.2023 16:33:01; 804.8734; -0.09819996; 240.9357; Sidewalk; 20.89358; Checking Box AICar
13; Pedestrian; None; None; 10.10.2023 16:33:01; 804.8692; -0.09819996; 240.9374; Sidewalk; 20.9314; Checking Box AICar
13; Pedestrian; None; None; 10.10.2023 16:33:01; 804.867; -0.09819996; 240.9384; Sidewalk; 20.94969; Checking Box AICar
13; Pedestrian; None; None; 10.10.2023 16:33:01; 804.8647; -0.09819996; 240.9393; Sidewalk; 20.97057; Checking Box AICar
13; Pedestrian; None; None; 10.10.2023 16:33:01; 804.8621; -0.09819996; 240.94; Sidewalk; 20.99323; Checking Box AICar
13; Pedestrian; None; None; 10.10.2023 16:33:01; 804.8607; -0.09819996; 240.9404; Sidewalk; 21.00395; Checking Box AICar
13; Pedestrian; None; None; 10.10.2023 16:33:01; 804.8585; -0.09819996; 240.9411; Sidewalk; 21.02651; Checking Box AICar
13; Pedestrian; None; None; 10.10.2023 16:33:01; 804.8574; -0.09819996; 240.9415; Sidewalk; 21.03791; Checking Box AICar
13; Pedestrian; None; None; 10.10.2023 16:33:01; 804.8574; -0.09819996; 240.9425; Sidewalk; 21.06447; Checking Box AICar
13; Pedestrian; None; None; 10.10.2023 16:33:01; 804.856; -0.09819996; 240.9435; Sidewalk; 21.0966; Checking Box AICar
13; Pedestrian; None; None; 10.10.2023 16:33:01; 804.8571; -0.09819996; 240.9439; Sidewalk; 21.10408; Checking Box AICar
13; Pedestrian; None; None; 10.10.2023 16:33:01; 804.8561; -0.09819996; 240.9444; Sidewalk; 21.12638; Checking Box AICar
13; Pedestrian; None; None; 10.10.2023 16:33:01; 804.855; -0.09819996; 240.9451; Sidewalk; 21.14856; Checking Box AICar
13; Pedestrian; None; None; 10.10.2023 16:33:01; 804.8552; -0.09819996; 240.9457; Sidewalk; 21.17109; Checking Box AICar
13; Pedestrian; None; None; 10.10.2023 16:33:01; 804.8549; -0.09819996; 240.9463; Sidewalk; 21.19308; Checking Box AICar
13; Pedestrian; None; None; 10.10.2023 16:33:01; 804.8542; -0.09819996; 240.9465; Sidewalk; 21.20439; Checking Box AICar
13; Pedestrian; None; None; 10.10.2023 16:33:01; 804.8542; -0.09819996; 240.9471; Sidewalk; 21.22957; Checking Box AICar
13; Pedestrian; None; None; 10.10.2023 16:33:01; 804.8521; -0.09819996; 240.9473; Sidewalk; 21.25009; Checking Box AICar
13; Pedestrian; None; None; 10.10.2023 16:33:01; 804.8516; -0.09819996; 240.9476; Sidewalk; 21.27116; Checking Box AICar
13; Pedestrian; None; None; 10.10.2023 16:33:01; 804.8499; -0.09819996; 240.9477; Sidewalk; 21.29337; Checking Box AICar
13; Pedestrian; None; None; 10.10.2023 16:33:01; 804.8494; -0.09819996; 240.9478; Sidewalk; 21.3038; Checking Box AICar
13; Pedestrian; None; None; 10.10.2023 16:33:01; 804.8481; -0.09819996; 240.9479; Sidewalk; 21.32626; Checking Box AICar
13; Pedestrian; None; None; 10.10.2023 16:33:01; 804.8462; -0.09819996; 240.9477; Sidewalk; 21.34863; Checking Box AICar
13; Pedestrian; None; None; 10.10.2023 16:33:01; 804.8444; -0.09819996; 240.9474; Sidewalk; 21.37364; Checking Box AICar
13; Pedestrian; None; None; 10.10.2023 16:33:01; 804.8423; -0.09819996; 240.947; Sidewalk; 21.39584; Checking Box AICar
13; Pedestrian; None; None; 10.10.2023 16:33:01; 804.8412; -0.09819996; 240.9467; Sidewalk; 21.40433; Checking Box AICar
13; Pedestrian; None; None; 10.10.2023 16:33:01; 804.8386; -0.09819996; 240.946; Sidewalk; 21.42636; Checking Box AICar
13; Pedestrian; None; None; 10.10.2023 16:33:01; 804.8347; -0.09819996; 240.9451; Sidewalk; 21.44813; Checking Box AICar
13; Pedestrian; None; None; 10.10.2023 16:33:01; 804.8309; -0.09819996; 240.944; Sidewalk; 21.47055; Checking Box AICar
13; Pedestrian; None; None; 10.10.2023 16:33:01; 804.8268; -0.09819996; 240.9427; Sidewalk; 21.49319; Checking Box AICar
13; Pedestrian; None; None; 10.10.2023 16:33:01; 804.8243; -0.09819996; 240.9418; Sidewalk; 21.50408; Checking Box AICar
13; Pedestrian; None; None; 10.10.2023 16:33:01; 804.8188; -0.09819996; 240.9401; Sidewalk; 21.52951; Checking Box AICar
13; Pedestrian; None; None; 10.10.2023 16:33:01; 804.8132; -0.09819996; 240.9382; Sidewalk; 21.55151; Checking Box AICar
13; Pedestrian; None; None; 10.10.2023 16:33:01; 804.8072; -0.09819996; 240.936; Sidewalk; 21.57088; Checking Box AICar
13; Pedestrian; None; None; 10.10.2023 16:33:01; 804.8007; -0.09819996; 240.9337; Sidewalk; 21.5932; Checking Box AICar
13; Pedestrian; None; None; 10.10.2023 16:33:01; 804.7975; -0.09819996; 240.9324; Sidewalk; 21.60515; Checking Box AICar
13; Pedestrian; None; None; 10.10.2023 16:33:01; 804.7908; -0.09819996; 240.9297; Sidewalk; 21.62703; Checking Box AICar
13; Pedestrian; None; None; 10.10.2023 16:33:01; 804.7841; -0.09819996; 240.9268; Sidewalk; 21.64889; Checking Box AICar
13; Pedestrian; None; None; 10.10.2023 16:33:01; 804.7768; -0.09819996; 240.9238; Sidewalk; 21.67185; Checking Box AICar
13; Pedestrian; None; None; 10.10.2023 16:33:01; 804.7697; -0.09819996; 240.9207; Sidewalk; 21.69713; Checking Box AICar
13; Pedestrian; None; None; 10.10.2023 16:33:02; 804.7662; -0.09819996; 240.9192; Sidewalk; 21.70633; Checking Box AICar
13; Pedestrian; None; None; 10.10.2023 16:33:02; 804.7586; -0.09819996; 240.9162; Sidewalk; 21.72666; Checking Box AICar
13; Pedestrian; None; None; 10.10.2023 16:33:02; 804.7506; -0.09819996; 240.9134; Sidewalk; 21.73788; Checking Box AICar
13; Pedestrian; None; None; 10.10.2023 16:33:02; 804.7418; -0.09819996; 240.911; Road; 0; Checking Box AICar
13; Pedestrian; None; None; 10.10.2023 16:33:02; 804.7327; -0.09819996; 240.9095; Road; 0.0224549; Checking Box AICar
13; Pedestrian; None; None; 10.10.2023 16:33:02; 804.7284; -0.09819996; 240.9089; Road; 0.0332252; Checking Box AICar
13; Pedestrian; None; None; 10.10.2023 16:33:02; 804.7198; -0.09819996; 240.9081; Road; 0.0555332; null
13; Pedestrian; None; None; 10.10.2023 16:33:02; 804.7099; -0.09819996; 240.9075; Road; 0.0808227; Checking Box Human Car
13; Pedestrian; None; None; 10.10.2023 16:33:02; 804.7018; -0.09819996; 240.9073; Road; 0.1001552; Checking Box Human Car
13; Pedestrian; None; None; 10.10.2023 16:33:02; 804.6945; -0.09819996; 240.9072; Road; 0.1218887; Checking Box Human Car
13; Pedestrian; None; None; 10.10.2023 16:33:02; 804.6913; -0.09819996; 240.9073; Road; 0.1331315; Checking Box Human Car
13; Pedestrian; None; None; 10.10.2023 16:33:02; 804.6847; -0.09819996; 240.9071; Road; 0.1558914; Checking Box Human Car
13; Pedestrian; None; None; 10.10.2023 16:33:02; 804.6798; -0.09819996; 240.9067; Road; 0.1784592; Checking Box Human Car
13; Pedestrian; None; None; 10.10.2023 16:33:02; 804.6753; -0.09819996; 240.9061; Road; 0.2012236; Checking Box Human Car
13; Pedestrian; None; None; 10.10.2023 16:33:02; 804.6732; -0.09819996; 240.9057; Road; 0.2119674; Checking Box Human Car
13; Pedestrian; None; None; 10.10.2023 16:33:02; 804.6722; -0.09819996; 240.9055; Road; 0.2337063; Checking Box Human Car
13; Pedestrian; None; None; 10.10.2023 16:33:02; 804.6678; -0.09819996; 240.9048; Road; 0.254903; Checking Box Human Car
13; Pedestrian; None; None; 10.10.2023 16:33:02; 804.6655; -0.09819996; 240.9043; Road; 0.2765149; Checking Box Human Car
13; Pedestrian; None; None; 10.10.2023 16:33:02; 804.6639; -0.09819996; 240.9037; Road; 0.2987719; Checking Box Human Car
13; Pedestrian; None; None; 10.10.2023 16:33:02; 804.6609; -0.09819996; 240.9027; Road; 0.3216226; null
13; Pedestrian; None; None; 10.10.2023 16:33:02; 804.6601; -0.09819996; 240.9023; Road; 0.3323224; null
13; Pedestrian; None; None; 10.10.2023 16:33:02; 804.6589; -0.09819996; 240.9011; Road; 0.3548209; null
13; Pedestrian; None; None; 10.10.2023 16:33:02; 804.6578; -0.09819996; 240.9002; Road; 0.3664316; null
13; Pedestrian; None; None; 10.10.2023 16:33:02; 804.6563; -0.09819996; 240.8982; Road; 0.4001891; null
13; Pedestrian; None; None; 10.10.2023 16:33:02; 804.6519; -0.09819996; 240.8935; Road; 0.4269776; null
13; Pedestrian; None; None; 10.10.2023 16:33:02; 804.6505; -0.09819996; 240.8916; Road; 0.4351884; null
13; Pedestrian; None; None; 10.10.2023 16:33:02; 804.6476; -0.09819996; 240.8871; Road; 0.454332; null
13; Pedestrian; None; None; 10.10.2023 16:33:02; 804.6438; -0.09819996; 240.882; Road; 0.4766154; null
13; Pedestrian; None; None; 10.10.2023 16:33:02; 804.6403; -0.09819996; 240.8766; Road; 0.49879; null
13; Pedestrian; None; None; 10.10.2023 16:33:02; 804.637; -0.09819996; 240.8707; Road; 0.5217011; null
13; Pedestrian; None; None; 10.10.2023 16:33:02; 804.6355; -0.09819996; 240.8677; Road; 0.5352428; null
13; Pedestrian; None; None; 10.10.2023 16:33:02; 804.6331; -0.09819996; 240.8613; Road; 0.5563813; null
13; Pedestrian; None; None; 10.10.2023 16:33:02; 804.6309; -0.09819996; 240.8545; Road; 0.576667; null
13; Pedestrian; None; None; 10.10.2023 16:33:02; 804.6298; -0.09819996; 240.8478; Road; 0.5990275; null
13; Pedestrian; None; None; 10.10.2023 16:33:02; 804.6293; -0.09819996; 240.8416; Road; 0.6213371; Checking Box Human Car
13; Pedestrian; None; None; 10.10.2023 16:33:02; 804.6289; -0.09819996; 240.8386; Road; 0.6328532; Checking Box Human Car
13; Pedestrian; None; None; 10.10.2023 16:33:02; 804.6287; -0.09819996; 240.8337; Road; 0.6556585; Checking Box Human Car
13; Pedestrian; None; None; 10.10.2023 16:33:02; 804.6292; -0.09819996; 240.8316; Road; 0.667132; Checking Box Human Car
13; Pedestrian; None; None; 10.10.2023 16:33:02; 804.6277; -0.09819996; 240.828; Road; 0.7007448; Checking Box AICar
13; Pedestrian; None; None; 10.10.2023 16:33:02; 804.6215; -0.09819996; 240.8246; Road; 0.7232233; Checking Box AICar
13; Pedestrian; None; None; 10.10.2023 16:33:02; 804.6187; -0.09819996; 240.8239; Road; 0.7329289; Checking Box AICar
13; Pedestrian; None; None; 10.10.2023 16:33:02; 804.6117; -0.09819996; 240.8231; Road; 0.7548531; Checking Box AICar
13; Pedestrian; None; None; 10.10.2023 16:33:02; 804.6027; -0.09819996; 240.8232; Road; 0.7769789; Checking Box AICar
13; Pedestrian; None; None; 10.10.2023 16:33:02; 804.5917; -0.09819996; 240.8238; Road; 0.7989758; Checking Box AICar
13; Pedestrian; None; None; 10.10.2023 16:33:02; 804.5787; -0.09819996; 240.8251; Road; 0.8219789; Checking Box AICar
13; Pedestrian; None; None; 10.10.2023 16:33:02; 804.5787; -0.09819996; 240.8251; Road; 0.8219789; Checking Box AICar
13; Pedestrian; None; None; 10.10.2023 16:33:02; 804.5643; -0.09819996; 240.8269; Road; 0.8539151; Checking Box AICar
13; Pedestrian; None; None; 10.10.2023 16:33:02; 804.5488; -0.09819996; 240.8292; Road; 0.8757144; Checking Box AICar
13; Pedestrian; None; None; 10.10.2023 16:33:02; 804.5234; -0.09819996; 240.8338; Road; 0.9047702; Checking Box AICar
13; Pedestrian; None; None; 10.10.2023 16:33:02; 804.5065; -0.09819996; 240.8374; Road; 0.9223556; Checking Box AICar
13; Pedestrian; None; None; 10.10.2023 16:33:03; 804.4981; -0.09819996; 240.8394; Road; 0.9323709; Checking Box AICar
13; Pedestrian; None; None; 10.10.2023 16:33:03; 804.4811; -0.09819996; 240.8434; Road; 0.9546778; Checking Box AICar
13; Pedestrian; None; None; 10.10.2023 16:33:03; 804.4637; -0.09819996; 240.8479; Road; 0.9780657; Checking Box AICar
13; Pedestrian; None; None; 10.10.2023 16:33:03; 804.4466; -0.09819996; 240.8526; Road; 1.003092; Checking Box AICar
13; Pedestrian; None; None; 10.10.2023 16:33:03; 804.4292; -0.09819996; 240.8574; Road; 1.024484; Checking Box AICar
13; Pedestrian; None; None; 10.10.2023 16:33:03; 804.4203; -0.09819996; 240.86; Road; 1.034681; Checking Box AICar
13; Pedestrian; None; None; 10.10.2023 16:33:03; 804.4026; -0.09819996; 240.865; Road; 1.055015; Checking Box AICar
13; Pedestrian; None; None; 10.10.2023 16:33:03; 804.3853; -0.09819996; 240.8699; Road; 1.076417; Checking Box AICar
13; Pedestrian; None; None; 10.10.2023 16:33:03; 804.3676; -0.09819996; 240.8744; Road; 1.09896; Checking Box AICar
13; Pedestrian; None; None; 10.10.2023 16:33:03; 804.3492; -0.09819996; 240.8785; Road; 1.121765; Checking Box AICar
13; Pedestrian; None; None; 10.10.2023 16:33:03; 804.3401; -0.09819996; 240.8806; Road; 1.132448; Checking Box AICar
13; Pedestrian; None; None; 10.10.2023 16:33:03; 804.3221; -0.09819996; 240.8848; Road; 1.157742; Checking Box AICar
13; Pedestrian; None; None; 10.10.2023 16:33:03; 804.3045; -0.09819996; 240.8888; Road; 1.181246; Checking Box AICar
13; Pedestrian; None; None; 10.10.2023 16:33:03; 804.2881; -0.09819996; 240.8928; Road; 1.200609; Checking Box AICar
13; Pedestrian; None; None; 10.10.2023 16:33:03; 804.2721; -0.09819996; 240.8965; Road; 1.22148; Checking Box AICar
13; Pedestrian; None; None; 10.10.2023 16:33:03; 804.2644; -0.09819996; 240.8983; Road; 1.232245; Checking Box AICar
13; Pedestrian; None; None; 10.10.2023 16:33:03; 804.2481; -0.09819996; 240.9014; Road; 1.254875; Checking Box AICar
13; Pedestrian; None; None; 10.10.2023 16:33:03; 804.233; -0.09819996; 240.9044; Road; 1.276551; Checking Box AICar
13; Pedestrian; None; None; 10.10.2023 16:33:03; 804.2178; -0.09819996; 240.9069; Road; 1.299111; Checking Box AICar
13; Pedestrian; None; None; 10.10.2023 16:33:03; 804.2038; -0.09819996; 240.9091; Road; 1.327317; Checking Box AICar
13; Pedestrian; None; None; 10.10.2023 16:33:03; 804.1957; -0.09819996; 240.9098; Road; 1.336943; Checking Box AICar
13; Pedestrian; None; None; 10.10.2023 16:33:03; 804.1799; -0.09819996; 240.9112; Road; 1.354898; Checking Box AICar
13; Pedestrian; None; None; 10.10.2023 16:33:03; 804.1648; -0.09819996; 240.9124; Road; 1.376558; Checking Box AICar
13; Pedestrian; None; None; 10.10.2023 16:33:03; 804.1496; -0.09819996; 240.9131; Road; 1.400591; Checking Box AICar
13; Pedestrian; None; None; 10.10.2023 16:33:03; 804.1339; -0.09819996; 240.9133; Road; 1.421561; Checking Box AICar
13; Pedestrian; None; None; 10.10.2023 16:33:03; 804.1263; -0.09819996; 240.9134; Road; 1.432102; Checking Box AICar
13; Pedestrian; None; None; 10.10.2023 16:33:03; 804.1103; -0.09819996; 240.9134; Road; 1.454816; Checking Box AICar
13; Pedestrian; None; None; 10.10.2023 16:33:03; 804.0955; -0.09819996; 240.9132; Road; 1.482276; Checking Box AICar
13; Pedestrian; None; None; 10.10.2023 16:33:03; 804.0802; -0.09819996; 240.9126; Road; 1.50079; Checking Box AICar
13; Pedestrian; None; None; 10.10.2023 16:33:03; 804.0645; -0.09819996; 240.9116; Road; 1.521434; Checking Box AICar
13; Pedestrian; None; None; 10.10.2023 16:33:03; 804.0565; -0.09819996; 240.911; Road; 1.533032; Checking Box AICar
13; Pedestrian; None; None; 10.10.2023 16:33:03; 804.039; -0.09819996; 240.9092; Road; 1.555141; Checking Box AICar
13; Pedestrian; None; None; 10.10.2023 16:33:03; 804.0215; -0.09819996; 240.9073; Road; 1.576489; Checking Box AICar
13; Pedestrian; None; None; 10.10.2023 16:33:03; 804.0031; -0.09819996; 240.9052; Road; 1.598647; Checking Box AICar
13; Pedestrian; None; None; 10.10.2023 16:33:03; 803.9847; -0.09819996; 240.9029; Road; 1.624736; Checking Box AICar
13; Pedestrian; None; None; 10.10.2023 16:33:03; 803.9756; -0.09819996; 240.9017; Road; 1.63678; Checking Box AICar
13; Pedestrian; None; None; 10.10.2023 16:33:03; 803.9546; -0.09819996; 240.8989; Road; 1.655107; Checking Box AICar
13; Pedestrian; None; None; 10.10.2023 16:33:03; 803.9355; -0.09819996; 240.8964; Road; 1.676597; Checking Box AICar
13; Pedestrian; None; None; 10.10.2023 16:33:03; 803.9172; -0.09819996; 240.8941; Road; 1.698588; Checking Box AICar
13; Pedestrian; None; None; 10.10.2023 16:33:03; 803.8966; -0.09819996; 240.8919; Road; 1.721328; null
13; Pedestrian; None; None; 10.10.2023 16:33:03; 803.8865; -0.09819996; 240.891; Road; 1.732817; null
13; Pedestrian; None; None; 10.10.2023 16:33:03; 803.8658; -0.09819996; 240.8898; Road; 1.755138; null
13; Pedestrian; None; None; 10.10.2023 16:33:03; 803.8545; -0.09819996; 240.8894; Road; 1.766602; null
13; Pedestrian; None; None; 10.10.2023 16:33:03; 803.8163; -0.09819996; 240.8885; Road; 1.800953; null
13; Pedestrian; None; None; 10.10.2023 16:33:03; 803.7952; -0.09819996; 240.8892; Road; 1.821115; null
13; Pedestrian; None; None; 10.10.2023 16:33:03; 803.7838; -0.09819996; 240.8897; Road; 1.831696; null
13; Pedestrian; None; None; 10.10.2023 16:33:03; 803.7611; -0.09819996; 240.8912; Road; 1.854704; null
13; Pedestrian; None; None; 10.10.2023 16:33:03; 803.7294; -0.09819996; 240.8918; Road; 1.8759; null
13; Pedestrian; None; None; 10.10.2023 16:33:03; 803.7058; -0.09819996; 240.8938; Road; 1.899031; null
13; Pedestrian; None; None; 10.10.2023 16:33:03; 803.6894; -0.09819996; 240.897; Road; 1.921441; null
13; Pedestrian; None; None; 10.10.2023 16:33:04; 803.6842; -0.09819996; 240.8989; Road; 1.935043; null
13; Pedestrian; None; None; 10.10.2023 16:33:04; 803.669; -0.09819996; 240.9023; Road; 1.955141; null
13; Pedestrian; None; None; 10.10.2023 16:33:04; 803.6547; -0.09819996; 240.906; Road; 1.975906; null
13; Pedestrian; None; None; 10.10.2023 16:33:04; 803.6402; -0.09819996; 240.91; Road; 1.998095; null
13; Pedestrian; None; None; 10.10.2023 16:33:04; 803.6284; -0.09819996; 240.9147; Road; 2.021086; null
13; Pedestrian; None; None; 10.10.2023 16:33:04; 803.6234; -0.09819996; 240.9176; Road; 2.031399; null
13; Pedestrian; None; None; 10.10.2023 16:33:04; 803.6058; -0.09819996; 240.923; Road; 2.05369; null
13; Pedestrian; None; None; 10.10.2023 16:33:04; 803.5992; -0.09819996; 240.9304; Road; 2.075991; null
13; Pedestrian; None; None; 10.10.2023 16:33:04; 803.5951; -0.09819996; 240.938; Road; 2.102561; null
13; Pedestrian; None; None; 10.10.2023 16:33:04; 803.5923; -0.09819996; 240.9454; Road; 2.120744; null
13; Pedestrian; None; None; 10.10.2023 16:33:04; 803.5922; -0.09819996; 240.9489; Road; 2.131178; null
13; Pedestrian; None; None; 10.10.2023 16:33:04; 803.5913; -0.09819996; 240.9553; Road; 2.153424; null
13; Pedestrian; None; None; 10.10.2023 16:33:04; 803.5905; -0.09819996; 240.961; Road; 2.175668; null
13; Pedestrian; None; None; 10.10.2023 16:33:04; 803.5898; -0.09819996; 240.9661; Road; 2.197647; null
13; Pedestrian; None; None; 10.10.2023 16:33:04; 803.5895; -0.09819996; 240.9709; Road; 2.220397; null
13; Pedestrian; None; None; 10.10.2023 16:33:04; 803.59; -0.09819996; 240.9731; Road; 2.230977; null
13; Pedestrian; None; None; 10.10.2023 16:33:04; 803.5894; -0.09819996; 240.9772; Road; 2.255958; null
13; Pedestrian; None; None; 10.10.2023 16:33:04; 803.5897; -0.09819996; 240.9811; Road; 2.275608; null
13; Pedestrian; None; None; 10.10.2023 16:33:04; 803.5894; -0.09819996; 240.9849; Road; 2.297775; null
13; Pedestrian; None; None; 10.10.2023 16:33:04; 803.5859; -0.09819996; 240.9882; Road; 2.320597; null
13; Pedestrian; None; None; 10.10.2023 16:33:04; 803.5838; -0.09819996; 240.9898; Road; 2.331968; null
13; Pedestrian; None; None; 10.10.2023 16:33:04; 803.58; -0.09819996; 240.9932; Road; 2.355158; null
13; Pedestrian; None; None; 10.10.2023 16:33:04; 803.5744; -0.09819996; 240.9966; Road; 2.377873; null
13; Pedestrian; None; None; 10.10.2023 16:33:04; 803.5707; -0.09819996; 240.9983; Road; 2.389426; null
13; Pedestrian; None; None; 10.10.2023 16:33:04; 803.5571; -0.09819996; 241.0039; Road; 2.426118; null
13; Pedestrian; None; None; 10.10.2023 16:33:04; 803.5524; -0.09819996; 241.0058; Road; 2.433226; null
13; Pedestrian; None; None; 10.10.2023 16:33:04; 803.5427; -0.09819996; 241.0097; Road; 2.454185; null
13; Pedestrian; None; None; 10.10.2023 16:33:04; 803.5323; -0.09819996; 241.0134; Road; 2.476179; null
13; Pedestrian; None; None; 10.10.2023 16:33:04; 803.5209; -0.09819996; 241.017; Road; 2.498355; null
13; Pedestrian; None; None; 10.10.2023 16:33:04; 803.5095; -0.09819996; 241.0207; Road; 2.521106; null
13; Pedestrian; None; None; 10.10.2023 16:33:04; 803.5034; -0.09819996; 241.0225; Road; 2.531736; null
13; Pedestrian; None; None; 10.10.2023 16:33:04; 803.491; -0.09819996; 241.0261; Road; 2.557065; null
13; Pedestrian; None; None; 10.10.2023 16:33:04; 803.4777; -0.09819996; 241.0296; Road; 2.576189; null
13; Pedestrian; None; None; 10.10.2023 16:33:04; 803.4645; -0.09819996; 241.0326; Road; 2.598364; null
13; Pedestrian; None; None; 10.10.2023 16:33:04; 803.4517; -0.09819996; 241.0351; Road; 2.621034; null
13; Pedestrian; None; None; 10.10.2023 16:33:04; 803.4454; -0.09819996; 241.0363; Road; 2.63196; null
13; Pedestrian; None; None; 10.10.2023 16:33:04; 803.4319; -0.09819996; 241.0385; Road; 2.653952; null
13; Pedestrian; None; None; 10.10.2023 16:33:04; 803.4177; -0.09819996; 241.0404; Road; 2.675852; null
13; Pedestrian; None; None; 10.10.2023 16:33:04; 803.4017; -0.09819996; 241.0417; Road; 2.698429; null
13; Pedestrian; None; None; 10.10.2023 16:33:04; 803.3847; -0.09819996; 241.0424; Road; 2.723762; null
13; Pedestrian; None; None; 10.10.2023 16:33:04; 803.3759; -0.09819996; 241.0425; Road; 2.733505; null
13; Pedestrian; None; None; 10.10.2023 16:33:04; 803.3555; -0.09819996; 241.0419; Road; 2.753965; null
13; Pedestrian; None; None; 10.10.2023 16:33:04; 803.333; -0.09819996; 241.0404; Road; 2.775807; null
13; Pedestrian; None; None; 10.10.2023 16:33:04; 803.3085; -0.09819996; 241.0379; Road; 2.798781; null
13; Pedestrian; None; None; 10.10.2023 16:33:04; 803.2808; -0.09819996; 241.0341; Road; 2.821434; null
13; Pedestrian; None; None; 10.10.2023 16:33:04; 803.2664; -0.09819996; 241.0316; Road; 2.832756; null
13; Pedestrian; None; None; 10.10.2023 16:33:04; 803.2369; -0.09819996; 241.0255; Road; 2.855314; null
13; Pedestrian; None; None; 10.10.2023 16:33:04; 803.2072; -0.09819996; 241.0182; Road; 2.881092; null
13; Pedestrian; None; None; 10.10.2023 16:33:04; 803.177; -0.09819996; 241.0091; Road; 2.902305; null
13; Pedestrian; None; None; 10.10.2023 16:33:04; 803.1495; -0.09819996; 240.9983; Road; 2.92194; null
13; Pedestrian; None; None; 10.10.2023 16:33:05; 803.1357; -0.09819996; 240.9924; Road; 2.932186; null
13; Pedestrian; None; None; 10.10.2023 16:33:05; 803.1115; -0.09819996; 240.9796; Road; 2.954706; null
13; Pedestrian; None; None; 10.10.2023 16:33:05; 803.0908; -0.09819996; 240.9656; Road; 2.977242; null
13; Pedestrian; None; None; 10.10.2023 16:33:05; 803.0737; -0.09819996; 240.9515; Road; 2.999005; null
13; Pedestrian; None; None; 10.10.2023 16:33:05; 803.0626; -0.09819996; 240.9375; Road; 3.025864; null
13; Pedestrian; None; None; 10.10.2023 16:33:05; 803.0571; -0.09819996; 240.9307; Road; 3.036335; null
13; Pedestrian; None; None; 10.10.2023 16:33:05; 803.0492; -0.09819996; 240.9178; Road; 3.055112; null
13; Pedestrian; None; None; 10.10.2023 16:33:05; 803.0424; -0.09819996; 240.9059; Road; 3.077008; null
13; Pedestrian; None; None; 10.10.2023 16:33:05; 803.0369; -0.09819996; 240.8951; Road; 3.099325; null
13; Pedestrian; None; None; 10.10.2023 16:33:05; 803.0316; -0.09819996; 240.8853; Road; 3.122096; null
13; Pedestrian; None; None; 10.10.2023 16:33:05; 803.0297; -0.09819996; 240.8809; Road; 3.132959; null
13; Pedestrian; None; None; 10.10.2023 16:33:05; 803.0234; -0.09819996; 240.8725; Road; 3.155631; null
13; Pedestrian; None; None; 10.10.2023 16:33:05; 803.0161; -0.09819996; 240.8652; Road; 3.180307; null
13; Pedestrian; None; None; 10.10.2023 16:33:05; 803.0061; -0.09819996; 240.8588; Road; 3.202798; Checking Box AICar
13; Pedestrian; None; None; 10.10.2023 16:33:05; 802.9946; -0.09819996; 240.8534; Road; 3.220916; Checking Box AICar
13; Pedestrian; None; None; 10.10.2023 16:33:05; 802.9883; -0.09819996; 240.8512; Road; 3.231686; Checking Box AICar
13; Pedestrian; None; None; 10.10.2023 16:33:05; 802.9754; -0.09819996; 240.8472; Road; 3.254623; Checking Box AICar
13; Pedestrian; None; None; 10.10.2023 16:33:05; 802.9731; -0.09819996; 240.8444; Road; 3.277163; Checking Box AICar
13; Pedestrian; None; None; 10.10.2023 16:33:05; 802.9569; -0.09819996; 240.8413; Road; 3.298437; Checking Box AICar
13; Pedestrian; None; None; 10.10.2023 16:33:05; 802.9482; -0.09819996; 240.8403; Road; 3.310047; Checking Box AICar
13; Pedestrian; None; None; 10.10.2023 16:33:05; 802.9392; -0.09819996; 240.8397; Road; 3.321902; Checking Box AICar
13; Pedestrian; None; None; 10.10.2023 16:33:05; 802.9199; -0.09819996; 240.8388; Road; 3.354807; Checking Box AICar
13; Pedestrian; None; None; 10.10.2023 16:33:05; 802.8865; -0.09819996; 240.8389; Road; 3.384426; Checking Box AICar
13; Pedestrian; None; None; 10.10.2023 16:33:05; 802.863; -0.09819996; 240.8397; Road; 3.402601; Checking Box AICar
13; Pedestrian; None; None; 10.10.2023 16:33:05; 802.8387; -0.09819996; 240.8411; Road; 3.422952; Checking Box AICar
13; Pedestrian; None; None; 10.10.2023 16:33:05; 802.8264; -0.09819996; 240.8421; Road; 3.431281; Checking Box AICar
13; Pedestrian; None; None; 10.10.2023 16:33:05; 802.8005; -0.09819996; 240.8447; Road; 3.453404; Checking Box AICar
13; Pedestrian; None; None; 10.10.2023 16:33:05; 802.7735; -0.09819996; 240.8478; Road; 3.475747; Checking Box AICar
13; Pedestrian; None; None; 10.10.2023 16:33:05; 802.7448; -0.09819996; 240.8514; Road; 3.503293; Checking Box AICar
13; Pedestrian; None; None; 10.10.2023 16:33:05; 802.7155; -0.09819996; 240.856; Road; 3.522501; Checking Box AICar
13; Pedestrian; None; None; 10.10.2023 16:33:05; 802.7004; -0.09819996; 240.8585; Road; 3.531155; null
13; Pedestrian; None; None; 10.10.2023 16:33:05; 802.67; -0.09819996; 240.8645; Road; 3.554043; null
13; Pedestrian; None; None; 10.10.2023 16:33:05; 802.639; -0.09819996; 240.8706; Road; 3.576139; null
13; Pedestrian; None; None; 10.10.2023 16:33:05; 802.6093; -0.09819996; 240.8775; Road; 3.597834; null
13; Pedestrian; None; None; 10.10.2023 16:33:05; 802.5815; -0.09819996; 240.885; Road; 3.62026; null
13; Pedestrian; None; None; 10.10.2023 16:33:05; 802.5815; -0.09819996; 240.885; Road; 3.62026; null
13; Pedestrian; None; None; 10.10.2023 16:33:05; 802.5555; -0.09819996; 240.8926; Road; 3.652521; null
13; Pedestrian; None; None; 10.10.2023 16:33:05; 802.519; -0.09819996; 240.9039; Road; 3.683671; null
13; Pedestrian; None; None; 10.10.2023 16:33:05; 802.4955; -0.09819996; 240.9111; Road; 3.699987; null
13; Pedestrian; None; None; 10.10.2023 16:33:05; 802.4715; -0.09819996; 240.9181; Road; 3.720336; null
13; Pedestrian; None; None; 10.10.2023 16:33:05; 802.4598; -0.09819996; 240.9216; Road; 3.73181; null
13; Pedestrian; None; None; 10.10.2023 16:33:05; 802.4354; -0.09819996; 240.9283; Road; 3.75317; null
13; Pedestrian; None; None; 10.10.2023 16:33:05; 802.411; -0.09819996; 240.9349; Road; 3.775316; null
13; Pedestrian; None; None; 10.10.2023 16:33:05; 802.3989; -0.09819996; 240.9381; Road; 3.786817; null
13; Pedestrian; None; None; 10.10.2023 16:33:05; 802.3654; -0.09819996; 240.9478; Road; 3.824391; null
13; Pedestrian; None; None; 10.10.2023 16:33:05; 802.3549; -0.09819996; 240.9509; Road; 3.833413; null
13; Pedestrian; None; None; 10.10.2023 16:33:05; 802.3346; -0.09819996; 240.9568; Road; 3.853039; null
13; Pedestrian; None; None; 10.10.2023 16:33:05; 802.3145; -0.09819996; 240.962; Road; 3.875173; null
13; Pedestrian; None; None; 10.10.2023 16:33:05; 802.2946; -0.09819996; 240.9669; Road; 3.898031; null
13; Pedestrian; None; None; 10.10.2023 16:33:05; 802.275; -0.09819996; 240.9711; Road; 3.922084; null
13; Pedestrian; None; None; 10.10.2023 16:33:06; 802.2653; -0.09819996; 240.973; Road; 3.931976; null
13; Pedestrian; None; None; 10.10.2023 16:33:06; 802.247; -0.09819996; 240.9764; Road; 3.956892; null
13; Pedestrian; None; None; 10.10.2023 16:33:06; 802.2199; -0.09819996; 240.9781; Road; 3.977446; null
13; Pedestrian; None; None; 10.10.2023 16:33:06; 802.1952; -0.09819996; 240.9798; Road; 3.997765; null
13; Pedestrian; None; None; 10.10.2023 16:33:06; 802.1715; -0.09819996; 240.9814; Road; 4.020275; null
13; Pedestrian; None; None; 10.10.2023 16:33:06; 802.1616; -0.09819996; 240.9824; Road; 4.031033; null
13; Pedestrian; None; None; 10.10.2023 16:33:06; 802.1412; -0.09819996; 240.984; Road; 4.052843; null
13; Pedestrian; None; None; 10.10.2023 16:33:06; 802.1185; -0.09819996; 240.9852; Road; 4.075119; null
13; Pedestrian; None; None; 10.10.2023 16:33:06; 802.0967; -0.09819996; 240.9859; Road; 4.097623; null
13; Pedestrian; None; None; 10.10.2023 16:33:06; 802.0729; -0.09819996; 240.986; Road; 4.123034; null
13; Pedestrian; None; None; 10.10.2023 16:33:06; 802.0621; -0.09819996; 240.986; Road; 4.131239; null
13; Pedestrian; None; None; 10.10.2023 16:33:06; 802.0386; -0.09819996; 240.9852; Road; 4.152485; null
13; Pedestrian; None; None; 10.10.2023 16:33:06; 802.0154; -0.09819996; 240.9838; Road; 4.174947; null
13; Pedestrian; None; None; 10.10.2023 16:33:06; 801.9918; -0.09819996; 240.9818; Road; 4.197223; null
13; Pedestrian; None; None; 10.10.2023 16:33:06; 801.9673; -0.09819996; 240.9791; Road; 4.220781; null
13; Pedestrian; None; None; 10.10.2023 16:33:06; 801.9554; -0.09819996; 240.9776; Road; 4.232413; null
13; Pedestrian; None; None; 10.10.2023 16:33:06; 801.9424; -0.09819996; 240.9759; Road; 4.243606; null
13; Pedestrian; None; None; 10.10.2023 16:33:06; 801.9424; -0.09819996; 240.9759; Road; 4.243606; null
13; Pedestrian; None; None; 10.10.2023 16:33:06; 801.8929; -0.09819996; 240.9681; Road; 4.293532; null
13; Pedestrian; None; None; 10.10.2023 16:33:06; 801.855; -0.09819996; 240.9619; Road; 4.32211; null
13; Pedestrian; None; None; 10.10.2023 16:33:06; 801.8428; -0.09819996; 240.9597; Road; 4.332788; null
13; Pedestrian; None; None; 10.10.2023 16:33:06; 801.8179; -0.09819996; 240.9551; Road; 4.354983; null
13; Pedestrian; None; None; 10.10.2023 16:33:06; 801.7933; -0.09819996; 240.9505; Road; 4.376767; null
13; Pedestrian; None; None; 10.10.2023 16:33:06; 801.7678; -0.09819996; 240.9461; Road; 4.39947; null
13; Pedestrian; None; None; 10.10.2023 16:33:06; 801.7413; -0.09819996; 240.9421; Road; 4.424806; null
13; Pedestrian; None; None; 10.10.2023 16:33:06; 801.7281; -0.09819996; 240.9403; Road; 4.43609; null
13; Pedestrian; None; None; 10.10.2023 16:33:06; 801.7015; -0.09819996; 240.937; Road; 4.456357; null
13; Pedestrian; None; None; 10.10.2023 16:33:06; 801.6758; -0.09819996; 240.9342; Road; 4.47527; null
13; Pedestrian; None; None; 10.10.2023 16:33:06; 801.6511; -0.09819996; 240.932; Road; 4.49793; null
13; Pedestrian; None; None; 10.10.2023 16:33:06; 801.6259; -0.09819996; 240.9303; Road; 4.519682; null
13; Pedestrian; None; None; 10.10.2023 16:33:06; 801.6134; -0.09819996; 240.9298; Road; 4.530668; null
13; Pedestrian; None; None; 10.10.2023 16:33:06; 801.5659; -0.09819996; 240.926; Road; 4.552866; null
13; Pedestrian; None; None; 10.10.2023 16:33:06; 801.5397; -0.09819996; 240.9257; Road; 4.577618; null
13; Pedestrian; None; None; 10.10.2023 16:33:06; 801.5101; -0.09819996; 240.9252; Road; 4.599411; null
13; Pedestrian; None; None; 10.10.2023 16:33:06; 801.4828; -0.09819996; 240.9251; Road; 4.619874; null
13; Pedestrian; None; None; 10.10.2023 16:33:06; 801.4688; -0.09819996; 240.9251; Road; 4.630697; null
13; Pedestrian; None; None; 10.10.2023 16:33:06; 801.4406; -0.09819996; 240.9255; Road; 4.653242; null
13; Pedestrian; None; None; 10.10.2023 16:33:06; 801.4124; -0.09819996; 240.9262; Road; 4.675159; null
13; Pedestrian; None; None; 10.10.2023 16:33:06; 801.3848; -0.09819996; 240.9278; Road; 4.69646; null
13; Pedestrian; None; None; 10.10.2023 16:33:06; 801.3572; -0.09819996; 240.9301; Road; 4.719648; null
13; Pedestrian; None; None; 10.10.2023 16:33:06; 801.3431; -0.09819996; 240.9315; Road; 4.733205; null
13; Pedestrian; None; None; 10.10.2023 16:33:06; 801.3147; -0.09819996; 240.935; Road; 4.752522; null
13; Pedestrian; None; None; 10.10.2023 16:33:06; 801.2866; -0.09819996; 240.9393; Road; 4.774394; null
13; Pedestrian; None; None; 10.10.2023 16:33:06; 801.2581; -0.09819996; 240.9445; Road; 4.796576; null
13; Pedestrian; None; None; 10.10.2023 16:33:06; 801.2305; -0.09819996; 240.9502; Road; 4.81972; null
13; Pedestrian; None; None; 10.10.2023 16:33:06; 801.2141; -0.09819996; 240.953; Road; 4.830736; null
13; Pedestrian; None; None; 10.10.2023 16:33:06; 801.1876; -0.09819996; 240.9595; Road; 4.853062; null
13; Pedestrian; None; None; 10.10.2023 16:33:06; 801.1608; -0.09819996; 240.966; Road; 4.875815; null
13; Pedestrian; None; None; 10.10.2023 16:33:06; 801.1343; -0.09819996; 240.9722; Road; 4.90181; null
13; Pedestrian; None; None; 10.10.2023 16:33:06; 801.1077; -0.09819996; 240.9783; Road; 4.920641; null
13; Pedestrian; None; None; 10.10.2023 16:33:07; 801.0934; -0.09819996; 240.9811; Road; 4.93205; null
13; Pedestrian; None; None; 10.10.2023 16:33:07; 801.0648; -0.09819996; 240.9869; Road; 4.953764; null
13; Pedestrian; None; None; 10.10.2023 16:33:07; 801.0372; -0.09819996; 240.9928; Road; 4.976822; null
13; Pedestrian; None; None; 10.10.2023 16:33:07; 801.0099; -0.09819996; 240.9985; Road; 4.999185; null
13; Pedestrian; None; None; 10.10.2023 16:33:07; 800.9825; -0.09819996; 241.0041; Road; 5.022182; null
13; Pedestrian; None; None; 10.10.2023 16:33:07; 800.9694; -0.09819996; 241.007; Road; 5.03298; null
13; Pedestrian; None; None; 10.10.2023 16:33:07; 800.9418; -0.09819996; 241.0125; Road; 5.059268; null
13; Pedestrian; None; None; 10.10.2023 16:33:07; 800.9149; -0.09819996; 241.0179; Road; 5.078184; null
13; Pedestrian; None; None; 10.10.2023 16:33:07; 800.8887; -0.09819996; 241.0231; Road; 5.100419; null
13; Pedestrian; None; None; 10.10.2023 16:33:07; 800.8643; -0.09819996; 241.0279; Road; 5.122909; null
13; Pedestrian; None; None; 10.10.2023 16:33:07; 800.8524; -0.09819996; 241.0301; Road; 5.133424; null
13; Pedestrian; None; None; 10.10.2023 16:33:07; 800.8273; -0.09819996; 241.034; Road; 5.155901; null
13; Pedestrian; None; None; 10.10.2023 16:33:07; 800.8038; -0.09819996; 241.0376; Road; 5.177891; null
13; Pedestrian; None; None; 10.10.2023 16:33:07; 800.7797; -0.09819996; 241.0404; Road; 5.203691; null
13; Pedestrian; None; None; 10.10.2023 16:33:07; 800.7547; -0.09819996; 241.0425; Road; 5.223631; null
13; Pedestrian; None; None; 10.10.2023 16:33:07; 800.7415; -0.09819996; 241.0433; Road; 5.233356; null
13; Pedestrian; None; None; 10.10.2023 16:33:07; 800.7172; -0.09819996; 241.0448; Road; 5.255389; null
13; Pedestrian; None; None; 10.10.2023 16:33:07; 800.6906; -0.09819996; 241.0457; Road; 5.277499; null
13; Pedestrian; None; None; 10.10.2023 16:33:07; 800.6625; -0.09819996; 241.0456; Road; 5.300253; null
13; Pedestrian; None; None; 10.10.2023 16:33:07; 800.6328; -0.09819996; 241.0448; Road; 5.322155; null
13; Pedestrian; None; None; 10.10.2023 16:33:07; 800.6177; -0.09819996; 241.0443; Road; 5.332801; null
13; Pedestrian; None; None; 10.10.2023 16:33:07; 800.5848; -0.09819996; 241.0423; Road; 5.358611; null
13; Pedestrian; None; None; 10.10.2023 16:33:07; 800.5506; -0.09819996; 241.0393; Road; 5.377966; null
13; Pedestrian; None; None; 10.10.2023 16:33:07; 800.5166; -0.09819996; 241.0356; Road; 5.400209; null
13; Pedestrian; None; None; 10.10.2023 16:33:07; 800.481; -0.09819996; 241.0303; Road; 5.421916; null
13; Pedestrian; None; None; 10.10.2023 16:33:07; 800.4626; -0.09819996; 241.027; Road; 5.433069; null
13; Pedestrian; None; None; 10.10.2023 16:33:07; 800.426; -0.09819996; 241.0196; Road; 5.455777; null
13; Pedestrian; None; None; 10.10.2023 16:33:07; 800.3889; -0.09819996; 241.0112; Road; 5.477509; null
13; Pedestrian; None; None; 10.10.2023 16:33:07; 800.3506; -0.09819996; 241.0014; Road; 5.500261; null
13; Pedestrian; None; None; 10.10.2023 16:33:07; 800.3126; -0.09819996; 240.9904; Road; 5.524966; null
13; Pedestrian; None; None; 10.10.2023 16:33:07; 800.2934; -0.09819996; 240.9843; Road; 5.533376; null
13; Pedestrian; None; None; 10.10.2023 16:33:07; 800.2582; -0.09819996; 240.9721; Road; 5.555804; null
13; Pedestrian; None; None; 10.10.2023 16:33:07; 800.2246; -0.09819996; 240.96; Road; 5.578222; null
13; Pedestrian; None; None; 10.10.2023 16:33:07; 800.1924; -0.09819996; 240.9483; Road; 5.600533; null
13; Pedestrian; None; None; 10.10.2023 16:33:07; 800.1613; -0.09819996; 240.9369; Road; 5.623089; null
13; Pedestrian; None; None; 10.10.2023 16:33:07; 800.1474; -0.09819996; 240.9318; Road; 5.634193; null
13; Pedestrian; None; None; 10.10.2023 16:33:07; 800.1202; -0.09819996; 240.922; Road; 5.656066; null
13; Pedestrian; None; None; 10.10.2023 16:33:07; 800.0964; -0.09819996; 240.9133; Road; 5.681892; null
13; Pedestrian; None; None; 10.10.2023 16:33:07; 800.0716; -0.09819996; 240.9051; Road; 5.699129; null
13; Pedestrian; None; None; 10.10.2023 16:33:07; 800.0465; -0.09819996; 240.8979; Road; 5.721327; null
13; Pedestrian; None; None; 10.10.2023 16:33:07; 800.0356; -0.09819996; 240.8948; Road; 5.732354; null
13; Pedestrian; None; None; 10.10.2023 16:33:07; 800.0134; -0.09819996; 240.8894; Road; 5.755032; null
13; Pedestrian; None; None; 10.10.2023 16:33:07; 799.9914; -0.09819996; 240.8851; Road; 5.777642; null
13; Pedestrian; None; None; 10.10.2023 16:33:07; 799.9701; -0.09819996; 240.8819; Road; 5.798872; null
13; Pedestrian; None; None; 10.10.2023 16:33:07; 799.9487; -0.09819996; 240.8793; Road; 5.8243; null
13; Pedestrian; None; None; 10.10.2023 16:33:07; 799.9396; -0.09819996; 240.8786; Road; 5.8361; null
13; Pedestrian; None; None; 10.10.2023 16:33:07; 799.9166; -0.09819996; 240.8768; Road; 5.854747; null
13; Pedestrian; None; None; 10.10.2023 16:33:07; 799.8942; -0.09819996; 240.8759; Road; 5.875165; null
13; Pedestrian; None; None; 10.10.2023 16:33:07; 799.8708; -0.09819996; 240.8757; Road; 5.897769; null
13; Pedestrian; None; None; 10.10.2023 16:33:07; 799.8474; -0.09819996; 240.8758; Road; 5.919686; null
13; Pedestrian; None; None; 10.10.2023 16:33:08; 799.8362; -0.09819996; 240.8762; Road; 5.931104; null
13; Pedestrian; None; None; 10.10.2023 16:33:08; 799.8122; -0.09819996; 240.8772; Road; 5.953914; null
13; Pedestrian; None; None; 10.10.2023 16:33:08; 799.7876; -0.09819996; 240.8786; Road; 5.978492; null
13; Pedestrian; None; None; 10.10.2023 16:33:08; 799.7623; -0.09819996; 240.8805; Road; 5.998245; null
13; Pedestrian; None; None; 10.10.2023 16:33:08; 799.7364; -0.09819996; 240.8829; Road; 6.019427; null
13; Pedestrian; None; None; 10.10.2023 16:33:08; 799.7232; -0.09819996; 240.8843; Road; 6.030567; null
13; Pedestrian; None; None; 10.10.2023 16:33:08; 799.6963; -0.09819996; 240.8873; Road; 6.052836; null
13; Pedestrian; None; None; 10.10.2023 16:33:08; 799.6686; -0.09819996; 240.8905; Road; 6.075437; null
13; Pedestrian; None; None; 10.10.2023 16:33:08; 799.6399; -0.09819996; 240.894; Road; 6.098055; null
13; Pedestrian; None; None; 10.10.2023 16:33:08; 799.6113; -0.09819996; 240.8981; Road; 6.119935; null
13; Pedestrian; None; None; 10.10.2023 16:33:08; 799.5968; -0.09819996; 240.9003; Road; 6.13363; null
13; Pedestrian; None; None; 10.10.2023 16:33:08; 799.5671; -0.09819996; 240.9048; Road; 6.152408; null
13; Pedestrian; None; None; 10.10.2023 16:33:08; 799.5372; -0.09819996; 240.9097; Road; 6.174903; null
13; Pedestrian; None; None; 10.10.2023 16:33:08; 799.5065; -0.09819996; 240.9147; Road; 6.19701; null
13; Pedestrian; None; None; 10.10.2023 16:33:08; 799.4758; -0.09819996; 240.9198; Road; 6.219662; null
13; Pedestrian; None; None; 10.10.2023 16:33:08; 799.4603; -0.09819996; 240.9224; Road; 6.230913; null
13; Pedestrian; None; None; 10.10.2023 16:33:08; 799.4294; -0.09819996; 240.9278; Road; 6.253421; null
13; Pedestrian; None; None; 10.10.2023 16:33:08; 799.3982; -0.09819996; 240.933; Road; 6.276584; null
13; Pedestrian; None; None; 10.10.2023 16:33:08; 799.3665; -0.09819996; 240.9379; Road; 6.302994; null
13; Pedestrian; None; None; 10.10.2023 16:33:08; 799.3336; -0.09819996; 240.9424; Road; 6.322004; null
13; Pedestrian; None; None; 10.10.2023 16:33:08; 799.3171; -0.09819996; 240.9447; Road; 6.332586; null
13; Pedestrian; None; None; 10.10.2023 16:33:08; 799.2839; -0.09819996; 240.9489; Road; 6.354677; null
13; Pedestrian; None; None; 10.10.2023 16:33:08; 799.251; -0.09819996; 240.9527; Road; 6.377296; null
13; Pedestrian; None; None; 10.10.2023 16:33:08; 799.2183; -0.09819996; 240.9561; Road; 6.399338; null
13; Pedestrian; None; None; 10.10.2023 16:33:08; 799.1855; -0.09819996; 240.9591; Road; 6.42286; null
13; Pedestrian; None; None; 10.10.2023 16:33:08; 799.1689; -0.09819996; 240.9603; Road; 6.432761; null
13; Pedestrian; None; None; 10.10.2023 16:33:08; 799.1371; -0.09819996; 240.9628; Road; 6.458313; null
13; Pedestrian; None; None; 10.10.2023 16:33:08; 799.1057; -0.09819996; 240.9648; Road; 6.480109; null
13; Pedestrian; None; None; 10.10.2023 16:33:08; 799.0735; -0.09819996; 240.9662; Road; 6.497683; null
13; Pedestrian; None; None; 10.10.2023 16:33:08; 799.0363; -0.09819996; 240.966; Road; 6.518358; null
13; Pedestrian; None; None; 10.10.2023 16:33:08; 799.0206; -0.09819996; 240.9662; Road; 6.529538; null
13; Pedestrian; None; None; 10.10.2023 16:33:08; 798.9905; -0.09819996; 240.9662; Road; 6.551589; null
13; Pedestrian; None; None; 10.10.2023 16:33:08; 798.9601; -0.09819996; 240.9654; Road; 6.574393; null
13; Pedestrian; None; None; 10.10.2023 16:33:08; 798.9298; -0.09819996; 240.9636; Road; 6.600223; null
13; Pedestrian; None; None; 10.10.2023 16:33:08; 798.9016; -0.09819996; 240.9609; Road; 6.623341; null
13; Pedestrian; None; None; 10.10.2023 16:33:08; 798.8876; -0.09819996; 240.9592; Road; 6.631573; null
13; Pedestrian; None; None; 10.10.2023 16:33:08; 798.8597; -0.09819996; 240.9551; Road; 6.651776; null
13; Pedestrian; None; None; 10.10.2023 16:33:08; 798.8337; -0.09819996; 240.9503; Road; 6.675199; null
13; Pedestrian; None; None; 10.10.2023 16:33:08; 798.8074; -0.09819996; 240.9451; Road; 6.696707; null
13; Pedestrian; None; None; 10.10.2023 16:33:08; 798.783; -0.09819996; 240.9399; Road; 6.719075; null
13; Pedestrian; None; None; 10.10.2023 16:33:08; 798.7717; -0.09819996; 240.9376; Road; 6.730686; null
13; Pedestrian; None; None; 10.10.2023 16:33:08; 798.7458; -0.09819996; 240.9327; Road; 6.755326; null
13; Pedestrian; None; None; 10.10.2023 16:33:08; 798.7216; -0.09819996; 240.9284; Road; 6.778044; null
13; Pedestrian; None; None; 10.10.2023 16:33:08; 798.6954; -0.09819996; 240.9243; Road; 6.796096; null
13; Pedestrian; None; None; 10.10.2023 16:33:08; 798.6678; -0.09819996; 240.9202; Road; 6.818678; null
13; Pedestrian; None; None; 10.10.2023 16:33:08; 798.6532; -0.09819996; 240.9181; Road; 6.829962; null
13; Pedestrian; None; None; 10.10.2023 16:33:08; 798.623; -0.09819996; 240.9144; Road; 6.851764; null
13; Pedestrian; None; None; 10.10.2023 16:33:08; 798.5888; -0.09819996; 240.9108; Road; 6.874514; null
13; Pedestrian; None; None; 10.10.2023 16:33:08; 798.5547; -0.09819996; 240.908; Road; 6.896609; null
13; Pedestrian; None; None; 10.10.2023 16:33:08; 798.5195; -0.09819996; 240.9055; Road; 6.923387; null
13; Pedestrian; None; None; 10.10.2023 16:33:09; 798.5009; -0.09819996; 240.9044; Road; 6.932011; null
13; Pedestrian; None; None; 10.10.2023 16:33:09; 798.4643; -0.09819996; 240.9024; Road; 6.95264; null
13; Pedestrian; None; None; 10.10.2023 16:33:09; 798.4271; -0.09819996; 240.9008; Road; 6.975876; null
13; Pedestrian; None; None; 10.10.2023 16:33:09; 798.3902; -0.09819996; 240.8998; Road; 6.995958; null
13; Pedestrian; None; None; 10.10.2023 16:33:09; 798.3533; -0.09819996; 240.8995; Road; 7.01862; null
13; Pedestrian; None; None; 10.10.2023 16:33:09; 798.3342; -0.09819996; 240.8995; Road; 7.029517; null
13; Pedestrian; None; None; 10.10.2023 16:33:09; 798.2966; -0.09819996; 240.9004; Road; 7.052668; null
13; Pedestrian; None; None; 10.10.2023 16:33:09; 798.2594; -0.09819996; 240.9026; Road; 7.077532; null
13; Pedestrian; None; None; 10.10.2023 16:33:09; 798.2224; -0.09819996; 240.9057; Road; 7.096424; null
13; Pedestrian; None; None; 10.10.2023 16:33:09; 798.1864; -0.09819996; 240.9099; Road; 7.11836; null
13; Pedestrian; None; None; 10.10.2023 16:33:09; 798.1697; -0.09819996; 240.9125; Road; 7.12979; null
13; Pedestrian; None; None; 10.10.2023 16:33:09; 798.1359; -0.09819996; 240.9177; Road; 7.15209; null
13; Pedestrian; None; None; 10.10.2023 16:33:09; 798.1025; -0.09819996; 240.9229; Road; 7.174686; null
13; Pedestrian; None; None; 10.10.2023 16:33:09; 798.0706; -0.09819996; 240.928; Road; 7.197487; null
13; Pedestrian; None; None; 10.10.2023 16:33:09; 798.0393; -0.09819996; 240.933; Road; 7.223673; null
13; Pedestrian; None; None; 10.10.2023 16:33:09; 798.025; -0.09819996; 240.9357; Road; 7.234584; null
13; Pedestrian; None; None; 10.10.2023 16:33:09; 797.993; -0.09819996; 240.9404; Road; 7.253413; null
13; Pedestrian; None; None; 10.10.2023 16:33:09; 797.9619; -0.09819996; 240.9451; Road; 7.275541; null
13; Pedestrian; None; None; 10.10.2023 16:33:09; 797.9307; -0.09819996; 240.9498; Road; 7.297529; null
13; Pedestrian; None; None; 10.10.2023 16:33:09; 797.8995; -0.09819996; 240.9542; Road; 7.319709; null
13; Pedestrian; None; None; 10.10.2023 16:33:09; 797.8836; -0.09819996; 240.9563; Road; 7.331021; null
13; Pedestrian; None; None; 10.10.2023 16:33:09; 797.8444; -0.09819996; 240.9589; Road; 7.352708; null
13; Pedestrian; None; None; 10.10.2023 16:33:09; 797.8117; -0.09819996; 240.9632; Road; 7.378695; null
13; Pedestrian; None; None; 10.10.2023 16:33:09; 797.7793; -0.09819996; 240.9678; Road; 7.401151; null
13; Pedestrian; None; None; 10.10.2023 16:33:09; 797.7458; -0.09819996; 240.9726; Road; 7.418653; null
13; Pedestrian; None; None; 10.10.2023 16:33:09; 797.7294; -0.09819996; 240.9752; Road; 7.429622; null
13; Pedestrian; None; None; 10.10.2023 16:33:09; 797.6959; -0.09819996; 240.9803; Road; 7.451751; null
13; Pedestrian; None; None; 10.10.2023 16:33:09; 797.662; -0.09819996; 240.9855; Road; 7.473988; null
13; Pedestrian; None; None; 10.10.2023 16:33:09; 797.6278; -0.09819996; 240.9908; Road; 7.496563; null
13; Pedestrian; None; None; 10.10.2023 16:33:09; 797.5938; -0.09819996; 240.9963; Road; 7.518731; null
13; Pedestrian; None; None; 10.10.2023 16:33:09; 797.5767; -0.09819996; 240.999; Road; 7.534614; null
13; Pedestrian; None; None; 10.10.2023 16:33:09; 797.5425; -0.09819996; 241.0044; Road; 7.553987; null
13; Pedestrian; None; None; 10.10.2023 16:33:09; 797.5087; -0.09819996; 241.0096; Road; 7.573955; null
13; Pedestrian; None; None; 10.10.2023 16:33:09; 797.4741; -0.09819996; 241.0148; Road; 7.595981; null
13; Pedestrian; None; None; 10.10.2023 16:33:09; 797.44; -0.09819996; 241.0195; Road; 7.619492; null
13; Pedestrian; None; None; 10.10.2023 16:33:09; 797.4235; -0.09819996; 241.0217; Road; 7.629685; null
13; Pedestrian; None; None; 10.10.2023 16:33:09; 797.3898; -0.09819996; 241.0254; Road; 7.651378; null
13; Pedestrian; None; None; 10.10.2023 16:33:09; 797.3564; -0.09819996; 241.0289; Road; 7.673875; null
13; Pedestrian; None; None; 10.10.2023 16:33:09; 797.3234; -0.09819996; 241.0321; Road; 7.698411; null
13; Pedestrian; None; None; 10.10.2023 16:33:09; 797.29; -0.09819996; 241.035; Road; 7.718661; null
13; Pedestrian; None; None; 10.10.2023 16:33:09; 797.2739; -0.09819996; 241.0363; Road; 7.729416; null
13; Pedestrian; None; None; 10.10.2023 16:33:09; 797.2418; -0.09819996; 241.0387; Road; 7.75166; null
13; Pedestrian; None; None; 10.10.2023 16:33:09; 797.2096; -0.09819996; 241.0407; Road; 7.774601; null
13; Pedestrian; None; None; 10.10.2023 16:33:09; 797.1772; -0.09819996; 241.0424; Road; 7.797256; null
13; Pedestrian; None; None; 10.10.2023 16:33:09; 797.1453; -0.09819996; 241.044; Road; 7.819261; null
13; Pedestrian; None; None; 10.10.2023 16:33:09; 797.1302; -0.09819996; 241.0449; Road; 7.831091; null
13; Pedestrian; None; None; 10.10.2023 16:33:09; 797.0995; -0.09819996; 241.0465; Road; 7.858781; null
13; Pedestrian; None; None; 10.10.2023 16:33:09; 797.0698; -0.09819996; 241.0481; Road; 7.877337; null
13; Pedestrian; None; None; 10.10.2023 16:33:09; 797.0399; -0.09819996; 241.0492; Road; 7.89592; null
13; Pedestrian; None; None; 10.10.2023 16:33:09; 797.0097; -0.09819996; 241.0501; Road; 7.917974; null
13; Pedestrian; None; None; 10.10.2023 16:33:10; 796.9944; -0.09819996; 241.0504; Road; 7.928828; null
13; Pedestrian; None; None; 10.10.2023 16:33:10; 796.9642; -0.09819996; 241.051; Road; 7.951096; null
13; Pedestrian; None; None; 10.10.2023 16:33:10; 796.9214; -0.09819996; 241.0479; Road; 7.973701; null
13; Pedestrian; None; None; 10.10.2023 16:33:10; 796.8929; -0.09819996; 241.048;  After Road; 0; null
13; Pedestrian; None; None; 10.10.2023 16:33:10; 796.8641; -0.09819996; 241.0474;  After Road; 0.0208632; null
13; Pedestrian; None; None; 10.10.2023 16:33:10; 796.8497; -0.09819996; 241.0469;  After Road; 0.0304428; null
